/*--------------------------------*- C++ -*----------------------------------*\
  =========                 |
  \\      /  F ield         | OpenFOAM: The Open Source CFD Toolbox
   \\    /   O peration     | Website:  https://openfoam.org
    \\  /    A nd           | Version:  10
     \\/     M anipulation  |
\*---------------------------------------------------------------------------*/
FoamFile
{
    format      ascii;
    class       volScalarField;
    location    "2871741600";
    object      rho;
}
// * * * * * * * * * * * * * * * * * * * * * * * * * * * * * * * * * * * * * //

dimensions      [1 -3 0 0 0 0 0];

internalField   nonuniform List<scalar> 
80000
(
121.054
121.054
121.054
121.054
121.054
121.054
121.054
121.054
121.054
121.054
121.054
121.054
121.054
121.054
121.054
121.054
121.054
121.054
121.054
121.054
121.054
121.054
121.054
121.054
121.054
121.054
121.054
121.054
121.054
121.054
121.054
121.054
121.054
121.054
121.054
121.054
121.054
121.054
121.054
121.054
121.054
121.054
121.054
121.054
121.054
121.054
121.054
121.054
121.054
121.054
121.054
121.054
121.054
121.054
121.054
121.054
121.054
121.054
121.054
121.054
121.054
121.054
121.054
121.054
121.054
121.054
121.054
121.054
121.054
121.054
121.054
121.054
121.054
121.054
121.054
121.054
121.054
121.054
121.054
121.054
121.054
121.054
121.054
121.054
121.054
121.054
121.054
121.054
121.054
121.054
121.054
121.054
121.054
121.054
121.054
121.054
121.054
121.054
121.054
121.054
121.054
121.054
121.054
121.054
121.054
121.054
121.054
121.054
121.054
121.054
121.054
121.054
121.054
121.054
121.054
121.054
121.054
121.054
121.054
121.054
121.054
121.054
121.054
121.054
121.054
121.054
121.054
121.054
121.054
121.054
121.054
121.054
121.054
121.054
121.054
121.054
121.054
121.054
121.054
121.054
121.054
121.054
121.054
121.054
121.054
121.054
121.054
121.054
121.054
121.054
121.054
121.054
121.054
121.054
121.054
121.054
121.054
121.054
121.054
121.054
121.054
121.054
121.054
121.054
121.054
121.054
121.054
121.054
121.054
121.054
121.054
121.054
121.054
121.054
121.054
121.054
121.054
121.054
121.054
121.054
121.054
121.054
121.054
121.054
121.054
121.054
121.054
121.054
121.054
121.054
121.054
121.054
121.054
121.054
121.054
121.054
121.054
121.054
121.054
121.054
123.022
123.022
123.022
123.022
123.022
123.022
123.022
123.022
123.022
123.022
123.022
123.022
123.022
123.022
123.022
123.022
123.022
123.022
123.022
123.022
123.022
123.022
123.022
123.022
123.022
123.022
123.022
123.022
123.022
123.022
123.022
123.022
123.022
123.022
123.022
123.022
123.022
123.022
123.022
123.022
123.022
123.022
123.022
123.022
123.022
123.022
123.022
123.022
123.022
123.022
123.022
123.022
123.022
123.022
123.022
123.022
123.022
123.022
123.022
123.022
123.022
123.022
123.022
123.022
123.022
123.022
123.022
123.022
123.022
123.022
123.022
123.022
123.022
123.022
123.022
123.022
123.022
123.022
123.022
123.022
123.022
123.022
123.022
123.022
123.022
123.022
123.022
123.022
123.022
123.022
123.022
123.022
123.022
123.022
123.022
123.022
123.022
123.022
123.022
123.022
123.022
123.022
123.022
123.022
123.022
123.022
123.022
123.022
123.022
123.022
123.022
123.022
123.022
123.022
123.022
123.022
123.022
123.022
123.022
123.022
123.022
123.022
123.022
123.022
123.022
123.022
123.022
123.022
123.022
123.022
123.022
123.022
123.022
123.022
123.022
123.022
123.022
123.022
123.022
123.022
123.022
123.022
123.022
123.022
123.022
123.022
123.022
123.022
123.022
123.022
123.022
123.022
123.022
123.022
123.022
123.022
123.022
123.022
123.022
123.022
123.022
123.022
123.022
123.022
123.022
123.022
123.022
123.022
123.022
123.022
123.022
123.022
123.022
123.022
123.022
123.022
123.022
123.022
123.022
123.022
123.022
123.022
123.022
123.022
123.022
123.022
123.022
123.022
123.022
123.022
123.022
123.022
123.022
123.022
123.022
123.022
123.022
123.022
123.022
123.022
125.006
125.006
125.006
125.006
125.006
125.006
125.006
125.006
125.006
125.006
125.006
125.006
125.006
125.006
125.006
125.006
125.006
125.006
125.006
125.006
125.006
125.006
125.006
125.006
125.006
125.006
125.006
125.006
125.006
125.006
125.006
125.006
125.006
125.006
125.006
125.006
125.006
125.006
125.006
125.006
125.006
125.006
125.006
125.006
125.006
125.006
125.006
125.006
125.006
125.006
125.006
125.006
125.006
125.006
125.006
125.006
125.006
125.006
125.006
125.006
125.006
125.006
125.006
125.006
125.006
125.006
125.006
125.006
125.006
125.006
125.006
125.006
125.006
125.006
125.006
125.006
125.006
125.006
125.006
125.006
125.006
125.006
125.006
125.006
125.006
125.006
125.006
125.006
125.006
125.006
125.006
125.006
125.006
125.006
125.006
125.006
125.006
125.006
125.006
125.006
125.006
125.006
125.006
125.006
125.006
125.006
125.006
125.006
125.006
125.006
125.006
125.006
125.006
125.006
125.006
125.006
125.006
125.006
125.006
125.006
125.006
125.006
125.006
125.006
125.006
125.006
125.006
125.006
125.006
125.006
125.006
125.006
125.006
125.006
125.006
125.006
125.006
125.006
125.006
125.006
125.006
125.006
125.006
125.006
125.006
125.006
125.006
125.006
125.006
125.006
125.006
125.006
125.006
125.006
125.006
125.006
125.006
125.006
125.006
125.006
125.006
125.006
125.006
125.006
125.006
125.006
125.006
125.006
125.006
125.006
125.006
125.006
125.006
125.006
125.006
125.006
125.006
125.006
125.006
125.006
125.006
125.006
125.006
125.006
125.006
125.006
125.006
125.006
125.006
125.006
125.006
125.006
125.006
125.006
125.006
125.006
125.006
125.006
125.006
125.006
126.943
126.943
126.943
126.943
126.943
126.943
126.943
126.943
126.943
126.943
126.943
126.943
126.943
126.943
126.943
126.943
126.943
126.943
126.943
126.943
126.943
126.943
126.943
126.943
126.943
126.943
126.943
126.943
126.943
126.943
126.943
126.943
126.943
126.943
126.943
126.943
126.943
126.943
126.943
126.943
126.943
126.943
126.943
126.943
126.943
126.943
126.943
126.943
126.943
126.943
126.943
126.943
126.943
126.943
126.943
126.943
126.943
126.943
126.943
126.943
126.943
126.943
126.943
126.943
126.943
126.943
126.943
126.943
126.943
126.943
126.943
126.943
126.943
126.943
126.943
126.943
126.943
126.943
126.943
126.943
126.943
126.943
126.943
126.943
126.943
126.943
126.943
126.943
126.943
126.943
126.943
126.943
126.943
126.943
126.943
126.943
126.943
126.943
126.943
126.943
126.943
126.943
126.943
126.943
126.943
126.943
126.943
126.943
126.943
126.943
126.943
126.943
126.943
126.943
126.943
126.943
126.943
126.943
126.943
126.943
126.943
126.943
126.943
126.943
126.943
126.943
126.943
126.943
126.943
126.943
126.943
126.943
126.943
126.943
126.943
126.943
126.943
126.943
126.943
126.943
126.943
126.943
126.943
126.943
126.943
126.943
126.943
126.943
126.943
126.943
126.943
126.943
126.943
126.943
126.943
126.943
126.943
126.943
126.943
126.943
126.943
126.943
126.943
126.943
126.943
126.943
126.943
126.943
126.943
126.943
126.943
126.943
126.943
126.943
126.943
126.943
126.943
126.943
126.943
126.943
126.943
126.943
126.943
126.943
126.943
126.943
126.943
126.943
126.943
126.943
126.943
126.943
126.943
126.943
126.943
126.943
126.943
126.943
126.943
126.943
128.765
128.765
128.765
128.765
128.765
128.765
128.765
128.765
128.765
128.765
128.765
128.765
128.765
128.765
128.765
128.765
128.765
128.765
128.765
128.765
128.765
128.765
128.765
128.765
128.765
128.765
128.765
128.765
128.765
128.765
128.765
128.765
128.765
128.765
128.765
128.765
128.765
128.765
128.765
128.765
128.765
128.765
128.765
128.765
128.765
128.765
128.765
128.765
128.765
128.765
128.765
128.765
128.765
128.765
128.765
128.765
128.765
128.765
128.765
128.765
128.765
128.765
128.765
128.765
128.765
128.765
128.765
128.765
128.765
128.765
128.765
128.765
128.765
128.765
128.765
128.765
128.765
128.765
128.765
128.765
128.765
128.765
128.765
128.765
128.765
128.765
128.765
128.765
128.765
128.765
128.765
128.765
128.765
128.765
128.765
128.765
128.765
128.765
128.765
128.765
128.765
128.765
128.765
128.765
128.765
128.765
128.765
128.765
128.765
128.765
128.765
128.765
128.765
128.765
128.765
128.765
128.765
128.765
128.765
128.765
128.765
128.765
128.765
128.765
128.765
128.765
128.765
128.765
128.765
128.765
128.765
128.765
128.765
128.765
128.765
128.765
128.765
128.765
128.765
128.765
128.765
128.765
128.765
128.765
128.765
128.765
128.765
128.765
128.765
128.765
128.765
128.765
128.765
128.765
128.765
128.765
128.765
128.765
128.765
128.765
128.765
128.765
128.765
128.765
128.765
128.765
128.765
128.765
128.765
128.765
128.765
128.765
128.765
128.765
128.765
128.765
128.765
128.765
128.765
128.765
128.765
128.765
128.765
128.765
128.765
128.765
128.765
128.765
128.765
128.765
128.765
128.765
128.765
128.765
128.765
128.765
128.765
128.765
128.765
128.765
130.416
130.416
130.416
130.416
130.416
130.416
130.416
130.416
130.416
130.416
130.416
130.416
130.416
130.416
130.416
130.416
130.416
130.416
130.416
130.416
130.416
130.416
130.416
130.416
130.416
130.416
130.416
130.416
130.416
130.416
130.416
130.416
130.416
130.416
130.416
130.416
130.416
130.416
130.416
130.416
130.416
130.416
130.416
130.416
130.416
130.416
130.416
130.416
130.416
130.416
130.416
130.416
130.416
130.416
130.416
130.416
130.416
130.416
130.416
130.416
130.416
130.416
130.416
130.416
130.416
130.416
130.416
130.416
130.416
130.416
130.416
130.416
130.416
130.416
130.416
130.416
130.416
130.416
130.416
130.416
130.416
130.416
130.416
130.416
130.416
130.416
130.416
130.416
130.416
130.416
130.416
130.416
130.416
130.416
130.416
130.416
130.416
130.416
130.416
130.416
130.416
130.416
130.416
130.416
130.416
130.416
130.416
130.416
130.416
130.416
130.416
130.416
130.416
130.416
130.416
130.416
130.416
130.416
130.416
130.416
130.416
130.416
130.416
130.416
130.416
130.416
130.416
130.416
130.416
130.416
130.416
130.416
130.416
130.416
130.416
130.416
130.416
130.416
130.416
130.416
130.416
130.416
130.416
130.416
130.416
130.416
130.416
130.416
130.416
130.416
130.416
130.416
130.416
130.416
130.416
130.416
130.416
130.416
130.416
130.416
130.416
130.416
130.416
130.416
130.416
130.416
130.416
130.416
130.416
130.416
130.416
130.416
130.416
130.416
130.416
130.416
130.416
130.416
130.416
130.416
130.416
130.416
130.416
130.416
130.416
130.416
130.416
130.416
130.416
130.416
130.416
130.416
130.416
130.416
130.416
130.416
130.416
130.416
130.416
130.416
131.852
131.852
131.852
131.852
131.852
131.852
131.852
131.852
131.852
131.852
131.852
131.852
131.852
131.852
131.852
131.852
131.852
131.852
131.852
131.852
131.852
131.852
131.852
131.852
131.852
131.852
131.852
131.852
131.852
131.852
131.852
131.852
131.852
131.852
131.852
131.852
131.852
131.852
131.852
131.852
131.852
131.852
131.852
131.852
131.852
131.852
131.852
131.852
131.852
131.852
131.852
131.852
131.852
131.852
131.852
131.852
131.852
131.852
131.852
131.852
131.852
131.852
131.852
131.852
131.852
131.852
131.852
131.852
131.852
131.852
131.852
131.852
131.852
131.852
131.852
131.852
131.852
131.852
131.852
131.852
131.852
131.852
131.852
131.852
131.852
131.852
131.852
131.852
131.852
131.852
131.852
131.852
131.852
131.852
131.852
131.852
131.852
131.852
131.852
131.852
131.852
131.852
131.852
131.852
131.852
131.852
131.852
131.852
131.852
131.852
131.852
131.852
131.852
131.852
131.852
131.852
131.852
131.852
131.852
131.852
131.852
131.852
131.852
131.852
131.852
131.852
131.852
131.852
131.852
131.852
131.852
131.852
131.852
131.852
131.852
131.852
131.852
131.852
131.852
131.852
131.852
131.852
131.852
131.852
131.852
131.852
131.852
131.852
131.852
131.852
131.852
131.852
131.852
131.852
131.852
131.852
131.852
131.852
131.852
131.852
131.852
131.852
131.852
131.852
131.852
131.852
131.852
131.852
131.852
131.852
131.852
131.852
131.852
131.852
131.852
131.852
131.852
131.852
131.852
131.852
131.852
131.852
131.852
131.852
131.852
131.852
131.852
131.852
131.852
131.852
131.852
131.852
131.852
131.852
131.852
131.852
131.852
131.852
131.852
131.852
133.044
133.044
133.044
133.044
133.044
133.044
133.044
133.044
133.044
133.044
133.044
133.044
133.044
133.044
133.044
133.044
133.044
133.044
133.044
133.044
133.044
133.044
133.044
133.044
133.044
133.044
133.044
133.044
133.044
133.044
133.044
133.044
133.044
133.044
133.044
133.044
133.044
133.044
133.044
133.044
133.044
133.044
133.044
133.044
133.044
133.044
133.044
133.044
133.044
133.044
133.044
133.044
133.044
133.044
133.044
133.044
133.044
133.044
133.044
133.044
133.044
133.044
133.044
133.044
133.044
133.044
133.044
133.044
133.044
133.044
133.044
133.044
133.044
133.044
133.044
133.044
133.044
133.044
133.044
133.044
133.044
133.044
133.044
133.044
133.044
133.044
133.044
133.044
133.044
133.044
133.044
133.044
133.044
133.044
133.044
133.044
133.044
133.044
133.044
133.044
133.044
133.044
133.044
133.044
133.044
133.044
133.044
133.044
133.044
133.044
133.044
133.044
133.044
133.044
133.044
133.044
133.044
133.044
133.044
133.044
133.044
133.044
133.044
133.044
133.044
133.044
133.044
133.044
133.044
133.044
133.044
133.044
133.044
133.044
133.044
133.044
133.044
133.044
133.044
133.044
133.044
133.044
133.044
133.044
133.044
133.044
133.044
133.044
133.044
133.044
133.044
133.044
133.044
133.044
133.044
133.044
133.044
133.044
133.044
133.044
133.044
133.044
133.044
133.044
133.044
133.044
133.044
133.044
133.044
133.044
133.044
133.044
133.044
133.044
133.044
133.044
133.044
133.044
133.044
133.044
133.044
133.044
133.044
133.044
133.044
133.044
133.044
133.044
133.044
133.044
133.044
133.044
133.044
133.044
133.044
133.044
133.044
133.044
133.044
133.044
133.987
133.987
133.987
133.987
133.987
133.987
133.987
133.987
133.987
133.987
133.987
133.987
133.987
133.987
133.987
133.987
133.987
133.987
133.987
133.987
133.987
133.987
133.987
133.987
133.987
133.987
133.987
133.987
133.987
133.987
133.987
133.987
133.987
133.987
133.987
133.987
133.987
133.987
133.987
133.987
133.987
133.987
133.987
133.987
133.987
133.987
133.987
133.987
133.987
133.987
133.987
133.987
133.987
133.987
133.987
133.987
133.987
133.987
133.987
133.987
133.987
133.987
133.987
133.987
133.987
133.987
133.987
133.987
133.987
133.987
133.987
133.987
133.987
133.987
133.987
133.987
133.987
133.987
133.987
133.987
133.987
133.987
133.987
133.987
133.987
133.987
133.987
133.987
133.987
133.987
133.987
133.987
133.987
133.987
133.987
133.987
133.987
133.987
133.987
133.987
133.987
133.987
133.987
133.987
133.987
133.987
133.987
133.987
133.987
133.987
133.987
133.987
133.987
133.987
133.987
133.987
133.987
133.987
133.987
133.987
133.987
133.987
133.987
133.987
133.987
133.987
133.987
133.987
133.987
133.987
133.987
133.987
133.987
133.987
133.987
133.987
133.987
133.987
133.987
133.987
133.987
133.987
133.987
133.987
133.987
133.987
133.987
133.987
133.987
133.987
133.987
133.987
133.987
133.987
133.987
133.987
133.987
133.987
133.987
133.987
133.987
133.987
133.987
133.987
133.987
133.987
133.987
133.987
133.987
133.987
133.987
133.987
133.987
133.987
133.987
133.987
133.987
133.987
133.987
133.987
133.987
133.987
133.987
133.987
133.987
133.987
133.987
133.987
133.987
133.987
133.987
133.987
133.987
133.987
133.987
133.987
133.987
133.987
133.987
133.987
134.689
134.689
134.689
134.689
134.689
134.689
134.689
134.689
134.689
134.689
134.689
134.689
134.689
134.689
134.689
134.689
134.689
134.689
134.689
134.689
134.689
134.689
134.689
134.689
134.689
134.689
134.689
134.689
134.689
134.689
134.689
134.689
134.689
134.689
134.689
134.689
134.689
134.689
134.689
134.689
134.689
134.689
134.689
134.689
134.689
134.689
134.689
134.689
134.689
134.689
134.689
134.689
134.689
134.689
134.689
134.689
134.689
134.689
134.689
134.689
134.689
134.689
134.689
134.689
134.689
134.689
134.689
134.689
134.689
134.689
134.689
134.689
134.689
134.689
134.689
134.689
134.689
134.689
134.689
134.689
134.689
134.689
134.689
134.689
134.689
134.689
134.689
134.689
134.689
134.689
134.689
134.689
134.689
134.689
134.689
134.689
134.689
134.689
134.689
134.689
134.689
134.689
134.689
134.689
134.689
134.689
134.689
134.689
134.689
134.689
134.689
134.689
134.689
134.689
134.689
134.689
134.689
134.689
134.689
134.689
134.689
134.689
134.689
134.689
134.689
134.689
134.689
134.689
134.689
134.689
134.689
134.689
134.689
134.689
134.689
134.689
134.689
134.689
134.689
134.689
134.689
134.689
134.689
134.689
134.689
134.689
134.689
134.689
134.689
134.689
134.689
134.689
134.689
134.689
134.689
134.689
134.689
134.689
134.689
134.689
134.689
134.689
134.689
134.689
134.689
134.689
134.689
134.689
134.689
134.689
134.689
134.689
134.689
134.689
134.689
134.689
134.689
134.689
134.689
134.689
134.689
134.689
134.689
134.689
134.689
134.689
134.689
134.689
134.689
134.689
134.689
134.689
134.689
134.689
134.689
134.689
134.689
134.689
134.689
134.689
135.176
135.176
135.176
135.176
135.176
135.176
135.176
135.176
135.176
135.176
135.176
135.176
135.176
135.176
135.176
135.176
135.176
135.176
135.176
135.176
135.176
135.176
135.176
135.176
135.176
135.176
135.176
135.176
135.176
135.176
135.176
135.176
135.176
135.176
135.176
135.176
135.176
135.176
135.176
135.176
135.176
135.176
135.176
135.176
135.176
135.176
135.176
135.176
135.176
135.176
135.176
135.176
135.176
135.176
135.176
135.176
135.176
135.176
135.176
135.176
135.176
135.176
135.176
135.176
135.176
135.176
135.176
135.176
135.176
135.176
135.176
135.176
135.176
135.176
135.176
135.176
135.176
135.176
135.176
135.176
135.176
135.176
135.176
135.176
135.176
135.176
135.176
135.176
135.176
135.176
135.176
135.176
135.176
135.176
135.176
135.176
135.176
135.176
135.176
135.176
135.176
135.176
135.176
135.176
135.176
135.176
135.176
135.176
135.176
135.176
135.176
135.176
135.176
135.176
135.176
135.176
135.176
135.176
135.176
135.176
135.176
135.176
135.176
135.176
135.176
135.176
135.176
135.176
135.176
135.176
135.176
135.176
135.176
135.176
135.176
135.176
135.176
135.176
135.176
135.176
135.176
135.176
135.176
135.176
135.176
135.176
135.176
135.176
135.176
135.176
135.176
135.176
135.176
135.176
135.176
135.176
135.176
135.176
135.176
135.176
135.176
135.176
135.176
135.176
135.176
135.176
135.176
135.176
135.176
135.176
135.176
135.176
135.176
135.176
135.176
135.176
135.176
135.176
135.176
135.176
135.176
135.176
135.176
135.176
135.176
135.176
135.176
135.176
135.176
135.176
135.176
135.176
135.176
135.176
135.176
135.176
135.176
135.176
135.176
135.176
135.48
135.48
135.48
135.48
135.48
135.48
135.48
135.48
135.48
135.48
135.48
135.48
135.48
135.48
135.48
135.48
135.48
135.48
135.48
135.48
135.48
135.48
135.48
135.48
135.48
135.48
135.48
135.48
135.48
135.48
135.48
135.48
135.48
135.48
135.48
135.48
135.48
135.48
135.48
135.48
135.48
135.48
135.48
135.48
135.48
135.48
135.48
135.48
135.48
135.48
135.48
135.48
135.48
135.48
135.48
135.48
135.48
135.48
135.48
135.48
135.48
135.48
135.48
135.48
135.48
135.48
135.48
135.48
135.48
135.48
135.48
135.48
135.48
135.48
135.48
135.48
135.48
135.48
135.48
135.48
135.48
135.48
135.48
135.48
135.48
135.48
135.48
135.48
135.48
135.48
135.48
135.48
135.48
135.48
135.48
135.48
135.48
135.48
135.48
135.48
135.48
135.48
135.48
135.48
135.48
135.48
135.48
135.48
135.48
135.48
135.48
135.48
135.48
135.48
135.48
135.48
135.48
135.48
135.48
135.48
135.48
135.48
135.48
135.48
135.48
135.48
135.48
135.48
135.48
135.48
135.48
135.48
135.48
135.48
135.48
135.48
135.48
135.48
135.48
135.48
135.48
135.48
135.48
135.48
135.48
135.48
135.48
135.48
135.48
135.48
135.48
135.48
135.48
135.48
135.48
135.48
135.48
135.48
135.48
135.48
135.48
135.48
135.48
135.48
135.48
135.48
135.48
135.48
135.48
135.48
135.48
135.48
135.48
135.48
135.48
135.48
135.48
135.48
135.48
135.48
135.48
135.48
135.48
135.48
135.48
135.48
135.48
135.48
135.48
135.48
135.48
135.48
135.48
135.48
135.48
135.48
135.48
135.48
135.48
135.48
135.636
135.636
135.636
135.636
135.636
135.636
135.636
135.636
135.636
135.636
135.636
135.636
135.636
135.636
135.636
135.636
135.636
135.636
135.636
135.636
135.636
135.636
135.636
135.636
135.636
135.636
135.636
135.636
135.636
135.636
135.636
135.636
135.636
135.636
135.636
135.636
135.636
135.636
135.636
135.636
135.636
135.636
135.636
135.636
135.636
135.636
135.636
135.636
135.636
135.636
135.636
135.636
135.636
135.636
135.636
135.636
135.636
135.636
135.636
135.636
135.636
135.636
135.636
135.636
135.636
135.636
135.636
135.636
135.636
135.636
135.636
135.636
135.636
135.636
135.636
135.636
135.636
135.636
135.636
135.636
135.636
135.636
135.636
135.636
135.636
135.636
135.636
135.636
135.636
135.636
135.636
135.636
135.636
135.636
135.636
135.636
135.636
135.636
135.636
135.636
135.636
135.636
135.636
135.636
135.636
135.636
135.636
135.636
135.636
135.636
135.636
135.636
135.636
135.636
135.636
135.636
135.636
135.636
135.636
135.636
135.636
135.636
135.636
135.636
135.636
135.636
135.636
135.636
135.636
135.636
135.636
135.636
135.636
135.636
135.636
135.636
135.636
135.636
135.636
135.636
135.636
135.636
135.636
135.636
135.636
135.636
135.636
135.636
135.636
135.636
135.636
135.636
135.636
135.636
135.636
135.636
135.636
135.636
135.636
135.636
135.636
135.636
135.636
135.636
135.636
135.636
135.636
135.636
135.636
135.636
135.636
135.636
135.636
135.636
135.636
135.636
135.636
135.636
135.636
135.636
135.636
135.636
135.636
135.636
135.636
135.636
135.636
135.636
135.636
135.636
135.636
135.636
135.636
135.636
135.636
135.636
135.636
135.636
135.636
135.636
135.681
135.681
135.681
135.681
135.681
135.681
135.681
135.681
135.681
135.681
135.681
135.681
135.681
135.681
135.681
135.681
135.681
135.681
135.681
135.681
135.681
135.681
135.681
135.681
135.681
135.681
135.681
135.681
135.681
135.681
135.681
135.681
135.681
135.681
135.681
135.681
135.681
135.681
135.681
135.681
135.681
135.681
135.681
135.681
135.681
135.681
135.681
135.681
135.681
135.681
135.681
135.681
135.681
135.681
135.681
135.681
135.681
135.681
135.681
135.681
135.681
135.681
135.681
135.681
135.681
135.681
135.681
135.681
135.681
135.681
135.681
135.681
135.681
135.681
135.681
135.681
135.681
135.681
135.681
135.681
135.681
135.681
135.681
135.681
135.681
135.681
135.681
135.681
135.681
135.681
135.681
135.681
135.681
135.681
135.681
135.681
135.681
135.681
135.681
135.681
135.681
135.681
135.681
135.681
135.681
135.681
135.681
135.681
135.681
135.681
135.681
135.681
135.681
135.681
135.681
135.681
135.681
135.681
135.681
135.681
135.681
135.681
135.681
135.681
135.681
135.681
135.681
135.681
135.681
135.681
135.681
135.681
135.681
135.681
135.681
135.681
135.681
135.681
135.681
135.681
135.681
135.681
135.681
135.681
135.681
135.681
135.681
135.681
135.681
135.681
135.681
135.681
135.681
135.681
135.681
135.681
135.681
135.681
135.681
135.681
135.681
135.681
135.681
135.681
135.681
135.681
135.681
135.681
135.681
135.681
135.681
135.681
135.681
135.681
135.681
135.681
135.681
135.681
135.681
135.681
135.681
135.681
135.681
135.681
135.681
135.681
135.681
135.681
135.681
135.681
135.681
135.681
135.681
135.681
135.681
135.681
135.681
135.681
135.681
135.681
135.645
135.645
135.645
135.645
135.645
135.645
135.645
135.645
135.645
135.645
135.645
135.645
135.645
135.645
135.645
135.645
135.645
135.645
135.645
135.645
135.645
135.645
135.645
135.645
135.645
135.645
135.645
135.645
135.645
135.645
135.645
135.645
135.645
135.645
135.645
135.645
135.645
135.645
135.645
135.645
135.645
135.645
135.645
135.645
135.645
135.645
135.645
135.645
135.645
135.645
135.645
135.645
135.645
135.645
135.645
135.645
135.645
135.645
135.645
135.645
135.645
135.645
135.645
135.645
135.645
135.645
135.645
135.645
135.645
135.645
135.645
135.645
135.645
135.645
135.645
135.645
135.645
135.645
135.645
135.645
135.645
135.645
135.645
135.645
135.645
135.645
135.645
135.645
135.645
135.645
135.645
135.645
135.645
135.645
135.645
135.645
135.645
135.645
135.645
135.645
135.645
135.645
135.645
135.645
135.645
135.645
135.645
135.645
135.645
135.645
135.645
135.645
135.645
135.645
135.645
135.645
135.645
135.645
135.645
135.645
135.645
135.645
135.645
135.645
135.645
135.645
135.645
135.645
135.645
135.645
135.645
135.645
135.645
135.645
135.645
135.645
135.645
135.645
135.645
135.645
135.645
135.645
135.645
135.645
135.645
135.645
135.645
135.645
135.645
135.645
135.645
135.645
135.645
135.645
135.645
135.645
135.645
135.645
135.645
135.645
135.645
135.645
135.645
135.645
135.645
135.645
135.645
135.645
135.645
135.645
135.645
135.645
135.645
135.645
135.645
135.645
135.645
135.645
135.645
135.645
135.645
135.645
135.645
135.645
135.645
135.645
135.645
135.645
135.645
135.645
135.645
135.645
135.645
135.645
135.645
135.645
135.645
135.645
135.645
135.645
135.556
135.556
135.556
135.556
135.556
135.556
135.556
135.556
135.556
135.556
135.556
135.556
135.556
135.556
135.556
135.556
135.556
135.556
135.556
135.556
135.556
135.556
135.556
135.556
135.556
135.556
135.556
135.556
135.556
135.556
135.556
135.556
135.556
135.556
135.556
135.556
135.556
135.556
135.556
135.556
135.556
135.556
135.556
135.556
135.556
135.556
135.556
135.556
135.556
135.556
135.556
135.556
135.556
135.556
135.556
135.556
135.556
135.556
135.556
135.556
135.556
135.556
135.556
135.556
135.556
135.556
135.556
135.556
135.556
135.556
135.556
135.556
135.556
135.556
135.556
135.556
135.556
135.556
135.556
135.556
135.556
135.556
135.556
135.556
135.556
135.556
135.556
135.556
135.556
135.556
135.556
135.556
135.556
135.556
135.556
135.556
135.556
135.556
135.556
135.556
135.556
135.556
135.556
135.556
135.556
135.556
135.556
135.556
135.556
135.556
135.556
135.556
135.556
135.556
135.556
135.556
135.556
135.556
135.556
135.556
135.556
135.556
135.556
135.556
135.556
135.556
135.556
135.556
135.556
135.556
135.556
135.556
135.556
135.556
135.556
135.556
135.556
135.556
135.556
135.556
135.556
135.556
135.556
135.556
135.556
135.556
135.556
135.556
135.556
135.556
135.556
135.556
135.556
135.556
135.556
135.556
135.556
135.556
135.556
135.556
135.556
135.556
135.556
135.556
135.556
135.556
135.556
135.556
135.556
135.556
135.556
135.556
135.556
135.556
135.556
135.556
135.556
135.556
135.556
135.556
135.556
135.556
135.556
135.556
135.556
135.556
135.556
135.556
135.556
135.556
135.556
135.556
135.556
135.556
135.556
135.556
135.556
135.556
135.556
135.556
135.435
135.435
135.435
135.435
135.435
135.435
135.435
135.435
135.435
135.435
135.435
135.435
135.435
135.435
135.435
135.435
135.435
135.435
135.435
135.435
135.435
135.435
135.435
135.435
135.435
135.435
135.435
135.435
135.435
135.435
135.435
135.435
135.435
135.435
135.435
135.435
135.435
135.435
135.435
135.435
135.435
135.435
135.435
135.435
135.435
135.435
135.435
135.435
135.435
135.435
135.435
135.435
135.435
135.435
135.435
135.435
135.435
135.435
135.435
135.435
135.435
135.435
135.435
135.435
135.435
135.435
135.435
135.435
135.435
135.435
135.435
135.435
135.435
135.435
135.435
135.435
135.435
135.435
135.435
135.435
135.435
135.435
135.435
135.435
135.435
135.435
135.435
135.435
135.435
135.435
135.435
135.435
135.435
135.435
135.435
135.435
135.435
135.435
135.435
135.435
135.435
135.435
135.435
135.435
135.435
135.435
135.435
135.435
135.435
135.435
135.435
135.435
135.435
135.435
135.435
135.435
135.435
135.435
135.435
135.435
135.435
135.435
135.435
135.435
135.435
135.435
135.435
135.435
135.435
135.435
135.435
135.435
135.435
135.435
135.435
135.435
135.435
135.435
135.435
135.435
135.435
135.435
135.435
135.435
135.435
135.435
135.435
135.435
135.435
135.435
135.435
135.435
135.435
135.435
135.435
135.435
135.435
135.435
135.435
135.435
135.435
135.435
135.435
135.435
135.435
135.435
135.435
135.435
135.435
135.435
135.435
135.435
135.435
135.435
135.435
135.435
135.435
135.435
135.435
135.435
135.435
135.435
135.435
135.435
135.435
135.435
135.435
135.435
135.435
135.435
135.435
135.435
135.435
135.435
135.435
135.435
135.435
135.435
135.435
135.435
135.297
135.297
135.297
135.297
135.297
135.297
135.297
135.297
135.297
135.297
135.297
135.297
135.297
135.297
135.297
135.297
135.297
135.297
135.297
135.297
135.297
135.297
135.297
135.297
135.297
135.297
135.297
135.297
135.297
135.297
135.297
135.297
135.297
135.297
135.297
135.297
135.297
135.297
135.297
135.297
135.297
135.297
135.297
135.297
135.297
135.297
135.297
135.297
135.297
135.297
135.297
135.297
135.297
135.297
135.297
135.297
135.297
135.297
135.297
135.297
135.297
135.297
135.297
135.297
135.297
135.297
135.297
135.297
135.297
135.297
135.297
135.297
135.297
135.297
135.297
135.297
135.297
135.297
135.297
135.297
135.297
135.297
135.297
135.297
135.297
135.297
135.297
135.297
135.297
135.297
135.297
135.297
135.297
135.297
135.297
135.297
135.297
135.297
135.297
135.297
135.297
135.297
135.297
135.297
135.297
135.297
135.297
135.297
135.297
135.297
135.297
135.297
135.297
135.297
135.297
135.297
135.297
135.297
135.297
135.297
135.297
135.297
135.297
135.297
135.297
135.297
135.297
135.297
135.297
135.297
135.297
135.297
135.297
135.297
135.297
135.297
135.297
135.297
135.297
135.297
135.297
135.297
135.297
135.297
135.297
135.297
135.297
135.297
135.297
135.297
135.297
135.297
135.297
135.297
135.297
135.297
135.297
135.297
135.297
135.297
135.297
135.297
135.297
135.297
135.297
135.297
135.297
135.297
135.297
135.297
135.297
135.297
135.297
135.297
135.297
135.297
135.297
135.297
135.297
135.297
135.297
135.297
135.297
135.297
135.297
135.297
135.297
135.297
135.297
135.297
135.297
135.297
135.297
135.297
135.297
135.297
135.297
135.297
135.297
135.297
135.154
135.154
135.154
135.154
135.154
135.154
135.154
135.154
135.154
135.154
135.154
135.154
135.154
135.154
135.154
135.154
135.154
135.154
135.154
135.154
135.154
135.154
135.154
135.154
135.154
135.154
135.154
135.154
135.154
135.154
135.154
135.154
135.154
135.154
135.154
135.154
135.154
135.154
135.154
135.154
135.154
135.154
135.154
135.154
135.154
135.154
135.154
135.154
135.154
135.154
135.154
135.154
135.154
135.154
135.154
135.154
135.154
135.154
135.154
135.154
135.154
135.154
135.154
135.154
135.154
135.154
135.154
135.154
135.154
135.154
135.154
135.154
135.154
135.154
135.154
135.154
135.154
135.154
135.154
135.154
135.154
135.154
135.154
135.154
135.154
135.154
135.154
135.154
135.154
135.154
135.154
135.154
135.154
135.154
135.154
135.154
135.154
135.154
135.154
135.154
135.154
135.154
135.154
135.154
135.154
135.154
135.154
135.154
135.154
135.154
135.154
135.154
135.154
135.154
135.154
135.154
135.154
135.154
135.154
135.154
135.154
135.154
135.154
135.154
135.154
135.154
135.154
135.154
135.154
135.154
135.154
135.154
135.154
135.154
135.154
135.154
135.154
135.154
135.154
135.154
135.154
135.154
135.154
135.154
135.154
135.154
135.154
135.154
135.154
135.154
135.154
135.154
135.154
135.154
135.154
135.154
135.154
135.154
135.154
135.154
135.154
135.154
135.154
135.154
135.154
135.154
135.154
135.154
135.154
135.154
135.154
135.154
135.154
135.154
135.154
135.154
135.154
135.154
135.154
135.154
135.154
135.154
135.154
135.154
135.154
135.154
135.154
135.154
135.154
135.154
135.154
135.154
135.154
135.154
135.154
135.154
135.154
135.154
135.154
135.154
135.014
135.014
135.014
135.014
135.014
135.014
135.014
135.014
135.014
135.014
135.014
135.014
135.014
135.014
135.014
135.014
135.014
135.014
135.014
135.014
135.014
135.014
135.014
135.014
135.014
135.014
135.014
135.014
135.014
135.014
135.014
135.014
135.014
135.014
135.014
135.014
135.014
135.014
135.014
135.014
135.014
135.014
135.014
135.014
135.014
135.014
135.014
135.014
135.014
135.014
135.014
135.014
135.014
135.014
135.014
135.014
135.014
135.014
135.014
135.014
135.014
135.014
135.014
135.014
135.014
135.014
135.014
135.014
135.014
135.014
135.014
135.014
135.014
135.014
135.014
135.014
135.014
135.014
135.014
135.014
135.014
135.014
135.014
135.014
135.014
135.014
135.014
135.014
135.014
135.014
135.014
135.014
135.014
135.014
135.014
135.014
135.014
135.014
135.014
135.014
135.014
135.014
135.014
135.014
135.014
135.014
135.014
135.014
135.014
135.014
135.014
135.014
135.014
135.014
135.014
135.014
135.014
135.014
135.014
135.014
135.014
135.014
135.014
135.014
135.014
135.014
135.014
135.014
135.014
135.014
135.014
135.014
135.014
135.014
135.014
135.014
135.014
135.014
135.014
135.014
135.014
135.014
135.014
135.014
135.014
135.014
135.014
135.014
135.014
135.014
135.014
135.014
135.014
135.014
135.014
135.014
135.014
135.014
135.014
135.014
135.014
135.014
135.014
135.014
135.014
135.014
135.014
135.014
135.014
135.014
135.014
135.014
135.014
135.014
135.014
135.014
135.014
135.014
135.014
135.014
135.014
135.014
135.014
135.014
135.014
135.014
135.014
135.014
135.014
135.014
135.014
135.014
135.014
135.014
135.014
135.014
135.014
135.014
135.014
135.014
134.883
134.883
134.883
134.883
134.883
134.883
134.883
134.883
134.883
134.883
134.883
134.883
134.883
134.883
134.883
134.883
134.883
134.883
134.883
134.883
134.883
134.883
134.883
134.883
134.883
134.883
134.883
134.883
134.883
134.883
134.883
134.883
134.883
134.883
134.883
134.883
134.883
134.883
134.883
134.883
134.883
134.883
134.883
134.883
134.883
134.883
134.883
134.883
134.883
134.883
134.883
134.883
134.883
134.883
134.883
134.883
134.883
134.883
134.883
134.883
134.883
134.883
134.883
134.883
134.883
134.883
134.883
134.883
134.883
134.883
134.883
134.883
134.883
134.883
134.883
134.883
134.883
134.883
134.883
134.883
134.883
134.883
134.883
134.883
134.883
134.883
134.883
134.883
134.883
134.883
134.883
134.883
134.883
134.883
134.883
134.883
134.883
134.883
134.883
134.883
134.883
134.883
134.883
134.883
134.883
134.883
134.883
134.883
134.883
134.883
134.883
134.883
134.883
134.883
134.883
134.883
134.883
134.883
134.883
134.883
134.883
134.883
134.883
134.883
134.883
134.883
134.883
134.883
134.883
134.883
134.883
134.883
134.883
134.883
134.883
134.883
134.883
134.883
134.883
134.883
134.883
134.883
134.883
134.883
134.883
134.883
134.883
134.883
134.883
134.883
134.883
134.883
134.883
134.883
134.883
134.883
134.883
134.883
134.883
134.883
134.883
134.883
134.883
134.883
134.883
134.883
134.883
134.883
134.883
134.883
134.883
134.883
134.883
134.883
134.883
134.883
134.883
134.883
134.883
134.883
134.883
134.883
134.883
134.883
134.883
134.883
134.883
134.883
134.883
134.883
134.883
134.883
134.883
134.883
134.883
134.883
134.883
134.883
134.883
134.883
134.764
134.764
134.764
134.764
134.764
134.764
134.764
134.764
134.764
134.764
134.764
134.764
134.764
134.764
134.764
134.764
134.764
134.764
134.764
134.764
134.764
134.764
134.764
134.764
134.764
134.764
134.764
134.764
134.764
134.764
134.764
134.764
134.764
134.764
134.764
134.764
134.764
134.764
134.764
134.764
134.764
134.764
134.764
134.764
134.764
134.764
134.764
134.764
134.764
134.764
134.764
134.764
134.764
134.764
134.764
134.764
134.764
134.764
134.764
134.764
134.764
134.764
134.764
134.764
134.764
134.764
134.764
134.764
134.764
134.764
134.764
134.764
134.764
134.764
134.764
134.764
134.764
134.764
134.764
134.764
134.764
134.764
134.764
134.764
134.764
134.764
134.764
134.764
134.764
134.764
134.764
134.764
134.764
134.764
134.764
134.764
134.764
134.764
134.764
134.764
134.764
134.764
134.764
134.764
134.764
134.764
134.764
134.764
134.764
134.764
134.764
134.764
134.764
134.764
134.764
134.764
134.764
134.764
134.764
134.764
134.764
134.764
134.764
134.764
134.764
134.764
134.764
134.764
134.764
134.764
134.764
134.764
134.764
134.764
134.764
134.764
134.764
134.764
134.764
134.764
134.764
134.764
134.764
134.764
134.764
134.764
134.764
134.764
134.764
134.764
134.764
134.764
134.764
134.764
134.764
134.764
134.764
134.764
134.764
134.764
134.764
134.764
134.764
134.764
134.764
134.764
134.764
134.764
134.764
134.764
134.764
134.764
134.764
134.764
134.764
134.764
134.764
134.764
134.764
134.764
134.764
134.764
134.764
134.764
134.764
134.764
134.764
134.764
134.764
134.764
134.764
134.764
134.764
134.764
134.764
134.764
134.764
134.764
134.764
134.764
134.658
134.658
134.658
134.658
134.658
134.658
134.658
134.658
134.658
134.658
134.658
134.658
134.658
134.658
134.658
134.658
134.658
134.658
134.658
134.658
134.658
134.658
134.658
134.658
134.658
134.658
134.658
134.658
134.658
134.658
134.658
134.658
134.658
134.658
134.658
134.658
134.658
134.658
134.658
134.658
134.658
134.658
134.658
134.658
134.658
134.658
134.658
134.658
134.658
134.658
134.658
134.658
134.658
134.658
134.658
134.658
134.658
134.658
134.658
134.658
134.658
134.658
134.658
134.658
134.658
134.658
134.658
134.658
134.658
134.658
134.658
134.658
134.658
134.658
134.658
134.658
134.658
134.658
134.658
134.658
134.658
134.658
134.658
134.658
134.658
134.658
134.658
134.658
134.658
134.658
134.658
134.658
134.658
134.658
134.658
134.658
134.658
134.658
134.658
134.658
134.658
134.658
134.658
134.658
134.658
134.658
134.658
134.658
134.658
134.658
134.658
134.658
134.658
134.658
134.658
134.658
134.658
134.658
134.658
134.658
134.658
134.658
134.658
134.658
134.658
134.658
134.658
134.658
134.658
134.658
134.658
134.658
134.658
134.658
134.658
134.658
134.658
134.658
134.658
134.658
134.658
134.658
134.658
134.658
134.658
134.658
134.658
134.658
134.658
134.658
134.658
134.658
134.658
134.658
134.658
134.658
134.658
134.658
134.658
134.658
134.658
134.658
134.658
134.658
134.658
134.658
134.658
134.658
134.658
134.658
134.658
134.658
134.658
134.658
134.658
134.658
134.658
134.658
134.658
134.658
134.658
134.658
134.658
134.658
134.658
134.658
134.658
134.658
134.658
134.658
134.658
134.658
134.658
134.658
134.658
134.658
134.658
134.658
134.658
134.658
134.569
134.569
134.569
134.569
134.569
134.569
134.569
134.569
134.569
134.569
134.569
134.569
134.569
134.569
134.569
134.569
134.569
134.569
134.569
134.569
134.569
134.569
134.569
134.569
134.569
134.569
134.569
134.569
134.569
134.569
134.569
134.569
134.569
134.569
134.569
134.569
134.569
134.569
134.569
134.569
134.569
134.569
134.569
134.569
134.569
134.569
134.569
134.569
134.569
134.569
134.569
134.569
134.569
134.569
134.569
134.569
134.569
134.569
134.569
134.569
134.569
134.569
134.569
134.569
134.569
134.569
134.569
134.569
134.569
134.569
134.569
134.569
134.569
134.569
134.569
134.569
134.569
134.569
134.569
134.569
134.569
134.569
134.569
134.569
134.569
134.569
134.569
134.569
134.569
134.569
134.569
134.569
134.569
134.569
134.569
134.569
134.569
134.569
134.569
134.569
134.569
134.569
134.569
134.569
134.569
134.569
134.569
134.569
134.569
134.569
134.569
134.569
134.569
134.569
134.569
134.569
134.569
134.569
134.569
134.569
134.569
134.569
134.569
134.569
134.569
134.569
134.569
134.569
134.569
134.569
134.569
134.569
134.569
134.569
134.569
134.569
134.569
134.569
134.569
134.569
134.569
134.569
134.569
134.569
134.569
134.569
134.569
134.569
134.569
134.569
134.569
134.569
134.569
134.569
134.569
134.569
134.569
134.569
134.569
134.569
134.569
134.569
134.569
134.569
134.569
134.569
134.569
134.569
134.569
134.569
134.569
134.569
134.569
134.569
134.569
134.569
134.569
134.569
134.569
134.569
134.569
134.569
134.569
134.569
134.569
134.569
134.569
134.569
134.569
134.569
134.569
134.569
134.569
134.569
134.569
134.569
134.569
134.569
134.569
134.569
134.495
134.495
134.495
134.495
134.495
134.495
134.495
134.495
134.495
134.495
134.495
134.495
134.495
134.495
134.495
134.495
134.495
134.495
134.495
134.495
134.495
134.495
134.495
134.495
134.495
134.495
134.495
134.495
134.495
134.495
134.495
134.495
134.495
134.495
134.495
134.495
134.495
134.495
134.495
134.495
134.495
134.495
134.495
134.495
134.495
134.495
134.495
134.495
134.495
134.495
134.495
134.495
134.495
134.495
134.495
134.495
134.495
134.495
134.495
134.495
134.495
134.495
134.495
134.495
134.495
134.495
134.495
134.495
134.495
134.495
134.495
134.495
134.495
134.495
134.495
134.495
134.495
134.495
134.495
134.495
134.495
134.495
134.495
134.495
134.495
134.495
134.495
134.495
134.495
134.495
134.495
134.495
134.495
134.495
134.495
134.495
134.495
134.495
134.495
134.495
134.495
134.495
134.495
134.495
134.495
134.495
134.495
134.495
134.495
134.495
134.495
134.495
134.495
134.495
134.495
134.495
134.495
134.495
134.495
134.495
134.495
134.495
134.495
134.495
134.495
134.495
134.495
134.495
134.495
134.495
134.495
134.495
134.495
134.495
134.495
134.495
134.495
134.495
134.495
134.495
134.495
134.495
134.495
134.495
134.495
134.495
134.495
134.495
134.495
134.495
134.495
134.495
134.495
134.495
134.495
134.495
134.495
134.495
134.495
134.495
134.495
134.495
134.495
134.495
134.495
134.495
134.495
134.495
134.495
134.495
134.495
134.495
134.495
134.495
134.495
134.495
134.495
134.495
134.495
134.495
134.495
134.495
134.495
134.495
134.495
134.495
134.495
134.495
134.495
134.495
134.495
134.495
134.495
134.495
134.495
134.495
134.495
134.495
134.495
134.495
134.439
134.439
134.439
134.439
134.439
134.439
134.439
134.439
134.439
134.439
134.439
134.439
134.439
134.439
134.439
134.439
134.439
134.439
134.439
134.439
134.439
134.439
134.439
134.439
134.439
134.439
134.439
134.439
134.439
134.439
134.439
134.439
134.439
134.439
134.439
134.439
134.439
134.439
134.439
134.439
134.439
134.439
134.439
134.439
134.439
134.439
134.439
134.439
134.439
134.439
134.439
134.439
134.439
134.439
134.439
134.439
134.439
134.439
134.439
134.439
134.439
134.439
134.439
134.439
134.439
134.439
134.439
134.439
134.439
134.439
134.439
134.439
134.439
134.439
134.439
134.439
134.439
134.439
134.439
134.439
134.439
134.439
134.439
134.439
134.439
134.439
134.439
134.439
134.439
134.439
134.439
134.439
134.439
134.439
134.439
134.439
134.439
134.439
134.439
134.439
134.439
134.439
134.439
134.439
134.439
134.439
134.439
134.439
134.439
134.439
134.439
134.439
134.439
134.439
134.439
134.439
134.439
134.439
134.439
134.439
134.439
134.439
134.439
134.439
134.439
134.439
134.439
134.439
134.439
134.439
134.439
134.439
134.439
134.439
134.439
134.439
134.439
134.439
134.439
134.439
134.439
134.439
134.439
134.439
134.439
134.439
134.439
134.439
134.439
134.439
134.439
134.439
134.439
134.439
134.439
134.439
134.439
134.439
134.439
134.439
134.439
134.439
134.439
134.439
134.439
134.439
134.439
134.439
134.439
134.439
134.439
134.439
134.439
134.439
134.439
134.439
134.439
134.439
134.439
134.439
134.439
134.439
134.439
134.439
134.439
134.439
134.439
134.439
134.439
134.439
134.439
134.439
134.439
134.439
134.439
134.439
134.439
134.439
134.439
134.439
134.399
134.399
134.399
134.399
134.399
134.399
134.399
134.399
134.399
134.399
134.399
134.399
134.399
134.399
134.399
134.399
134.399
134.399
134.399
134.399
134.399
134.399
134.399
134.399
134.399
134.399
134.399
134.399
134.399
134.399
134.399
134.399
134.399
134.399
134.399
134.399
134.399
134.399
134.399
134.399
134.399
134.399
134.399
134.399
134.399
134.399
134.399
134.399
134.399
134.399
134.399
134.399
134.399
134.399
134.399
134.399
134.399
134.399
134.399
134.399
134.399
134.399
134.399
134.399
134.399
134.399
134.399
134.399
134.399
134.399
134.399
134.399
134.399
134.399
134.399
134.399
134.399
134.399
134.399
134.399
134.399
134.399
134.399
134.399
134.399
134.399
134.399
134.399
134.399
134.399
134.399
134.399
134.399
134.399
134.399
134.399
134.399
134.399
134.399
134.399
134.399
134.399
134.399
134.399
134.399
134.399
134.399
134.399
134.399
134.399
134.399
134.399
134.399
134.399
134.399
134.399
134.399
134.399
134.399
134.399
134.399
134.399
134.399
134.399
134.399
134.399
134.399
134.399
134.399
134.399
134.399
134.399
134.399
134.399
134.399
134.399
134.399
134.399
134.399
134.399
134.399
134.399
134.399
134.399
134.399
134.399
134.399
134.399
134.399
134.399
134.399
134.399
134.399
134.399
134.399
134.399
134.399
134.399
134.399
134.399
134.399
134.399
134.399
134.399
134.399
134.399
134.399
134.399
134.399
134.399
134.399
134.399
134.399
134.399
134.399
134.399
134.399
134.399
134.399
134.399
134.399
134.399
134.399
134.399
134.399
134.399
134.399
134.399
134.399
134.399
134.399
134.399
134.399
134.399
134.399
134.399
134.399
134.399
134.399
134.399
134.376
134.376
134.376
134.376
134.376
134.376
134.376
134.376
134.376
134.376
134.376
134.376
134.376
134.376
134.376
134.376
134.376
134.376
134.376
134.376
134.376
134.376
134.376
134.376
134.376
134.376
134.376
134.376
134.376
134.376
134.376
134.376
134.376
134.376
134.376
134.376
134.376
134.376
134.376
134.376
134.376
134.376
134.376
134.376
134.376
134.376
134.376
134.376
134.376
134.376
134.376
134.376
134.376
134.376
134.376
134.376
134.376
134.376
134.376
134.376
134.376
134.376
134.376
134.376
134.376
134.376
134.376
134.376
134.376
134.376
134.376
134.376
134.376
134.376
134.376
134.376
134.376
134.376
134.376
134.376
134.376
134.376
134.376
134.376
134.376
134.376
134.376
134.376
134.376
134.376
134.376
134.376
134.376
134.376
134.376
134.376
134.376
134.376
134.376
134.376
134.376
134.376
134.376
134.376
134.376
134.376
134.376
134.376
134.376
134.376
134.376
134.376
134.376
134.376
134.376
134.376
134.376
134.376
134.376
134.376
134.376
134.376
134.376
134.376
134.376
134.376
134.376
134.376
134.376
134.376
134.376
134.376
134.376
134.376
134.376
134.376
134.376
134.376
134.376
134.376
134.376
134.376
134.376
134.376
134.376
134.376
134.376
134.376
134.376
134.376
134.376
134.376
134.376
134.376
134.376
134.376
134.376
134.376
134.376
134.376
134.376
134.376
134.376
134.376
134.376
134.376
134.376
134.376
134.376
134.376
134.376
134.376
134.376
134.376
134.376
134.376
134.376
134.376
134.376
134.376
134.376
134.376
134.376
134.376
134.376
134.376
134.376
134.376
134.376
134.376
134.376
134.376
134.376
134.376
134.376
134.376
134.376
134.376
134.376
134.376
134.372
134.372
134.372
134.372
134.372
134.372
134.372
134.372
134.372
134.372
134.372
134.372
134.372
134.372
134.372
134.372
134.372
134.372
134.372
134.372
134.372
134.372
134.372
134.372
134.372
134.372
134.372
134.372
134.372
134.372
134.372
134.372
134.372
134.372
134.372
134.372
134.372
134.372
134.372
134.372
134.372
134.372
134.372
134.372
134.372
134.372
134.372
134.372
134.372
134.372
134.372
134.372
134.372
134.372
134.372
134.372
134.372
134.372
134.372
134.372
134.372
134.372
134.372
134.372
134.372
134.372
134.372
134.372
134.372
134.372
134.372
134.372
134.372
134.372
134.372
134.372
134.372
134.372
134.372
134.372
134.372
134.372
134.372
134.372
134.372
134.372
134.372
134.372
134.372
134.372
134.372
134.372
134.372
134.372
134.372
134.372
134.372
134.372
134.372
134.372
134.372
134.372
134.372
134.372
134.372
134.372
134.372
134.372
134.372
134.372
134.372
134.372
134.372
134.372
134.372
134.372
134.372
134.372
134.372
134.372
134.372
134.372
134.372
134.372
134.372
134.372
134.372
134.372
134.372
134.372
134.372
134.372
134.372
134.372
134.372
134.372
134.372
134.372
134.372
134.372
134.372
134.372
134.372
134.372
134.372
134.372
134.372
134.372
134.372
134.372
134.372
134.372
134.372
134.372
134.372
134.372
134.372
134.372
134.372
134.372
134.372
134.372
134.372
134.372
134.372
134.372
134.372
134.372
134.372
134.372
134.372
134.372
134.372
134.372
134.372
134.372
134.372
134.372
134.372
134.372
134.372
134.372
134.372
134.372
134.372
134.372
134.372
134.372
134.372
134.372
134.372
134.372
134.372
134.372
134.372
134.372
134.372
134.372
134.372
134.372
134.386
134.386
134.386
134.386
134.386
134.386
134.386
134.386
134.386
134.386
134.386
134.386
134.386
134.386
134.386
134.386
134.386
134.386
134.386
134.386
134.386
134.386
134.386
134.386
134.386
134.386
134.386
134.386
134.386
134.386
134.386
134.386
134.386
134.386
134.386
134.386
134.386
134.386
134.386
134.386
134.386
134.386
134.386
134.386
134.386
134.386
134.386
134.386
134.386
134.386
134.386
134.386
134.386
134.386
134.386
134.386
134.386
134.386
134.386
134.386
134.386
134.386
134.386
134.386
134.386
134.386
134.386
134.386
134.386
134.386
134.386
134.386
134.386
134.386
134.386
134.386
134.386
134.386
134.386
134.386
134.386
134.386
134.386
134.386
134.386
134.386
134.386
134.386
134.386
134.386
134.386
134.386
134.386
134.386
134.386
134.386
134.386
134.386
134.386
134.386
134.386
134.386
134.386
134.386
134.386
134.386
134.386
134.386
134.386
134.386
134.386
134.386
134.386
134.386
134.386
134.386
134.386
134.386
134.386
134.386
134.386
134.386
134.386
134.386
134.386
134.386
134.386
134.386
134.386
134.386
134.386
134.386
134.386
134.386
134.386
134.386
134.386
134.386
134.386
134.386
134.386
134.386
134.386
134.386
134.386
134.386
134.386
134.386
134.386
134.386
134.386
134.386
134.386
134.386
134.386
134.386
134.386
134.386
134.386
134.386
134.386
134.386
134.386
134.386
134.386
134.386
134.386
134.386
134.386
134.386
134.386
134.386
134.386
134.386
134.386
134.386
134.386
134.386
134.386
134.386
134.386
134.386
134.386
134.386
134.386
134.386
134.386
134.386
134.386
134.386
134.386
134.386
134.386
134.386
134.386
134.386
134.386
134.386
134.386
134.386
134.422
134.422
134.422
134.422
134.422
134.422
134.422
134.422
134.422
134.422
134.422
134.422
134.422
134.422
134.422
134.422
134.422
134.422
134.422
134.422
134.422
134.422
134.422
134.422
134.422
134.422
134.422
134.422
134.422
134.422
134.422
134.422
134.422
134.422
134.422
134.422
134.422
134.422
134.422
134.422
134.422
134.422
134.422
134.422
134.422
134.422
134.422
134.422
134.422
134.422
134.422
134.422
134.422
134.422
134.422
134.422
134.422
134.422
134.422
134.422
134.422
134.422
134.422
134.422
134.422
134.422
134.422
134.422
134.422
134.422
134.422
134.422
134.422
134.422
134.422
134.422
134.422
134.422
134.422
134.422
134.422
134.422
134.422
134.422
134.422
134.422
134.422
134.422
134.422
134.422
134.422
134.422
134.422
134.422
134.422
134.422
134.422
134.422
134.422
134.422
134.422
134.422
134.422
134.422
134.422
134.422
134.422
134.422
134.422
134.422
134.422
134.422
134.422
134.422
134.422
134.422
134.422
134.422
134.422
134.422
134.422
134.422
134.422
134.422
134.422
134.422
134.422
134.422
134.422
134.422
134.422
134.422
134.422
134.422
134.422
134.422
134.422
134.422
134.422
134.422
134.422
134.422
134.422
134.422
134.422
134.422
134.422
134.422
134.422
134.422
134.422
134.422
134.422
134.422
134.422
134.422
134.422
134.422
134.422
134.422
134.422
134.422
134.422
134.422
134.422
134.422
134.422
134.422
134.422
134.422
134.422
134.422
134.422
134.422
134.422
134.422
134.422
134.422
134.422
134.422
134.422
134.422
134.422
134.422
134.422
134.422
134.422
134.422
134.422
134.422
134.422
134.422
134.422
134.422
134.422
134.422
134.422
134.422
134.422
134.422
134.481
134.481
134.481
134.481
134.481
134.481
134.481
134.481
134.481
134.481
134.481
134.481
134.481
134.481
134.481
134.481
134.481
134.481
134.481
134.481
134.481
134.481
134.481
134.481
134.481
134.481
134.481
134.481
134.481
134.481
134.481
134.481
134.481
134.481
134.481
134.481
134.481
134.481
134.481
134.481
134.481
134.481
134.481
134.481
134.481
134.481
134.481
134.481
134.481
134.481
134.481
134.481
134.481
134.481
134.481
134.481
134.481
134.481
134.481
134.481
134.481
134.481
134.481
134.481
134.481
134.481
134.481
134.481
134.481
134.481
134.481
134.481
134.481
134.481
134.481
134.481
134.481
134.481
134.481
134.481
134.481
134.481
134.481
134.481
134.481
134.481
134.481
134.481
134.481
134.481
134.481
134.481
134.481
134.481
134.481
134.481
134.481
134.481
134.481
134.481
134.481
134.481
134.481
134.481
134.481
134.481
134.481
134.481
134.481
134.481
134.481
134.481
134.481
134.481
134.481
134.481
134.481
134.481
134.481
134.481
134.481
134.481
134.481
134.481
134.481
134.481
134.481
134.481
134.481
134.481
134.481
134.481
134.481
134.481
134.481
134.481
134.481
134.481
134.481
134.481
134.481
134.481
134.481
134.481
134.481
134.481
134.481
134.481
134.481
134.481
134.481
134.481
134.481
134.481
134.481
134.481
134.481
134.481
134.481
134.481
134.481
134.481
134.481
134.481
134.481
134.481
134.481
134.481
134.481
134.481
134.481
134.481
134.481
134.481
134.481
134.481
134.481
134.481
134.481
134.481
134.481
134.481
134.481
134.481
134.481
134.481
134.481
134.481
134.481
134.481
134.481
134.481
134.481
134.481
134.481
134.481
134.481
134.481
134.481
134.481
134.57
134.57
134.57
134.57
134.57
134.57
134.57
134.57
134.57
134.57
134.57
134.57
134.57
134.57
134.57
134.57
134.57
134.57
134.57
134.57
134.57
134.57
134.57
134.57
134.57
134.57
134.57
134.57
134.57
134.57
134.57
134.57
134.57
134.57
134.57
134.57
134.57
134.57
134.57
134.57
134.57
134.57
134.57
134.57
134.57
134.57
134.57
134.57
134.57
134.57
134.57
134.57
134.57
134.57
134.57
134.57
134.57
134.57
134.57
134.57
134.57
134.57
134.57
134.57
134.57
134.57
134.57
134.57
134.57
134.57
134.57
134.57
134.57
134.57
134.57
134.57
134.57
134.57
134.57
134.57
134.57
134.57
134.57
134.57
134.57
134.57
134.57
134.57
134.57
134.57
134.57
134.57
134.57
134.57
134.57
134.57
134.57
134.57
134.57
134.57
134.57
134.57
134.57
134.57
134.57
134.57
134.57
134.57
134.57
134.57
134.57
134.57
134.57
134.57
134.57
134.57
134.57
134.57
134.57
134.57
134.57
134.57
134.57
134.57
134.57
134.57
134.57
134.57
134.57
134.57
134.57
134.57
134.57
134.57
134.57
134.57
134.57
134.57
134.57
134.57
134.57
134.57
134.57
134.57
134.57
134.57
134.57
134.57
134.57
134.57
134.57
134.57
134.57
134.57
134.57
134.57
134.57
134.57
134.57
134.57
134.57
134.57
134.57
134.57
134.57
134.57
134.57
134.57
134.57
134.57
134.57
134.57
134.57
134.57
134.57
134.57
134.57
134.57
134.57
134.57
134.57
134.57
134.57
134.57
134.57
134.57
134.57
134.57
134.57
134.57
134.57
134.57
134.57
134.57
134.57
134.57
134.57
134.57
134.57
134.57
134.695
134.695
134.695
134.695
134.695
134.695
134.695
134.695
134.695
134.695
134.695
134.695
134.695
134.695
134.695
134.695
134.695
134.695
134.695
134.695
134.695
134.695
134.695
134.695
134.695
134.695
134.695
134.695
134.695
134.695
134.695
134.695
134.695
134.695
134.695
134.695
134.695
134.695
134.695
134.695
134.695
134.695
134.695
134.695
134.695
134.695
134.695
134.695
134.695
134.695
134.695
134.695
134.695
134.695
134.695
134.695
134.695
134.695
134.695
134.695
134.695
134.695
134.695
134.695
134.695
134.695
134.695
134.695
134.695
134.695
134.695
134.695
134.695
134.695
134.695
134.695
134.695
134.695
134.695
134.695
134.695
134.695
134.695
134.695
134.695
134.695
134.695
134.695
134.695
134.695
134.695
134.695
134.695
134.695
134.695
134.695
134.695
134.695
134.695
134.695
134.695
134.695
134.695
134.695
134.695
134.695
134.695
134.695
134.695
134.695
134.695
134.695
134.695
134.695
134.695
134.695
134.695
134.695
134.695
134.695
134.695
134.695
134.695
134.695
134.695
134.695
134.695
134.695
134.695
134.695
134.695
134.695
134.695
134.695
134.695
134.695
134.695
134.695
134.695
134.695
134.695
134.695
134.695
134.695
134.695
134.695
134.695
134.695
134.695
134.695
134.695
134.695
134.695
134.695
134.695
134.695
134.695
134.695
134.695
134.695
134.695
134.695
134.695
134.695
134.695
134.695
134.695
134.695
134.695
134.695
134.695
134.695
134.695
134.695
134.695
134.695
134.695
134.695
134.695
134.695
134.695
134.695
134.695
134.695
134.695
134.695
134.695
134.695
134.695
134.695
134.695
134.695
134.695
134.695
134.695
134.695
134.695
134.695
134.695
134.695
134.868
134.868
134.868
134.868
134.868
134.868
134.868
134.868
134.868
134.868
134.868
134.868
134.868
134.868
134.868
134.868
134.868
134.868
134.868
134.868
134.868
134.868
134.868
134.868
134.868
134.868
134.868
134.868
134.868
134.868
134.868
134.868
134.868
134.868
134.868
134.868
134.868
134.868
134.868
134.868
134.868
134.868
134.868
134.868
134.868
134.868
134.868
134.868
134.868
134.868
134.868
134.868
134.868
134.868
134.868
134.868
134.868
134.868
134.868
134.868
134.868
134.868
134.868
134.868
134.868
134.868
134.868
134.868
134.868
134.868
134.868
134.868
134.868
134.868
134.868
134.868
134.868
134.868
134.868
134.868
134.868
134.868
134.868
134.868
134.868
134.868
134.868
134.868
134.868
134.868
134.868
134.868
134.868
134.868
134.868
134.868
134.868
134.868
134.868
134.868
134.868
134.868
134.868
134.868
134.868
134.868
134.868
134.868
134.868
134.868
134.868
134.868
134.868
134.868
134.868
134.868
134.868
134.868
134.868
134.868
134.868
134.868
134.868
134.868
134.868
134.868
134.868
134.868
134.868
134.868
134.868
134.868
134.868
134.868
134.868
134.868
134.868
134.868
134.868
134.868
134.868
134.868
134.868
134.868
134.868
134.868
134.868
134.868
134.868
134.868
134.868
134.868
134.868
134.868
134.868
134.868
134.868
134.868
134.868
134.868
134.868
134.868
134.868
134.868
134.868
134.868
134.868
134.868
134.868
134.868
134.868
134.868
134.868
134.868
134.868
134.868
134.868
134.868
134.868
134.868
134.868
134.868
134.868
134.868
134.868
134.868
134.868
134.868
134.868
134.868
134.868
134.868
134.868
134.868
134.868
134.868
134.868
134.868
134.868
134.868
135.105
135.105
135.105
135.105
135.105
135.105
135.105
135.105
135.105
135.105
135.105
135.105
135.105
135.105
135.105
135.105
135.105
135.105
135.105
135.105
135.105
135.105
135.105
135.105
135.105
135.105
135.105
135.105
135.105
135.105
135.105
135.105
135.105
135.105
135.105
135.105
135.105
135.105
135.105
135.105
135.105
135.105
135.105
135.105
135.105
135.105
135.105
135.105
135.105
135.105
135.105
135.105
135.105
135.105
135.105
135.105
135.105
135.105
135.105
135.105
135.105
135.105
135.105
135.105
135.105
135.105
135.105
135.105
135.105
135.105
135.105
135.105
135.105
135.105
135.105
135.105
135.105
135.105
135.105
135.105
135.105
135.105
135.105
135.105
135.105
135.105
135.105
135.105
135.105
135.105
135.105
135.105
135.105
135.105
135.105
135.105
135.105
135.105
135.105
135.105
135.105
135.105
135.105
135.105
135.105
135.105
135.105
135.105
135.105
135.105
135.105
135.105
135.105
135.105
135.105
135.105
135.105
135.105
135.105
135.105
135.105
135.105
135.105
135.105
135.105
135.105
135.105
135.105
135.105
135.105
135.105
135.105
135.105
135.105
135.105
135.105
135.105
135.105
135.105
135.105
135.105
135.105
135.105
135.105
135.105
135.105
135.105
135.105
135.105
135.105
135.105
135.105
135.105
135.105
135.105
135.105
135.105
135.105
135.105
135.105
135.105
135.105
135.105
135.105
135.105
135.105
135.105
135.105
135.105
135.105
135.105
135.105
135.105
135.105
135.105
135.105
135.105
135.105
135.105
135.105
135.105
135.105
135.105
135.105
135.105
135.105
135.105
135.105
135.105
135.105
135.105
135.105
135.105
135.105
135.105
135.105
135.105
135.105
135.105
135.105
135.427
135.427
135.427
135.427
135.427
135.427
135.427
135.427
135.427
135.427
135.427
135.427
135.427
135.427
135.427
135.427
135.427
135.427
135.427
135.427
135.427
135.427
135.427
135.427
135.427
135.427
135.427
135.427
135.427
135.427
135.427
135.427
135.427
135.427
135.427
135.427
135.427
135.427
135.427
135.427
135.427
135.427
135.427
135.427
135.427
135.427
135.427
135.427
135.427
135.427
135.427
135.427
135.427
135.427
135.427
135.427
135.427
135.427
135.427
135.427
135.427
135.427
135.427
135.427
135.427
135.427
135.427
135.427
135.427
135.427
135.427
135.427
135.427
135.427
135.427
135.427
135.427
135.427
135.427
135.427
135.427
135.427
135.427
135.427
135.427
135.427
135.427
135.427
135.427
135.427
135.427
135.427
135.427
135.427
135.427
135.427
135.427
135.427
135.427
135.427
135.427
135.427
135.427
135.427
135.427
135.427
135.427
135.427
135.427
135.427
135.427
135.427
135.427
135.427
135.427
135.427
135.427
135.427
135.427
135.427
135.427
135.427
135.427
135.427
135.427
135.427
135.427
135.427
135.427
135.427
135.427
135.427
135.427
135.427
135.427
135.427
135.427
135.427
135.427
135.427
135.427
135.427
135.427
135.427
135.427
135.427
135.427
135.427
135.427
135.427
135.427
135.427
135.427
135.427
135.427
135.427
135.427
135.427
135.427
135.427
135.427
135.427
135.427
135.427
135.427
135.427
135.427
135.427
135.427
135.427
135.427
135.427
135.427
135.427
135.427
135.427
135.427
135.427
135.427
135.427
135.427
135.427
135.427
135.427
135.427
135.427
135.427
135.427
135.427
135.427
135.427
135.427
135.427
135.427
135.427
135.427
135.427
135.427
135.427
135.427
135.864
135.864
135.864
135.864
135.864
135.864
135.864
135.864
135.864
135.864
135.864
135.864
135.864
135.864
135.864
135.864
135.864
135.864
135.864
135.864
135.864
135.864
135.864
135.864
135.864
135.864
135.864
135.864
135.864
135.864
135.864
135.864
135.864
135.864
135.864
135.864
135.864
135.864
135.864
135.864
135.864
135.864
135.864
135.864
135.864
135.864
135.864
135.864
135.864
135.864
135.864
135.864
135.864
135.864
135.864
135.864
135.864
135.864
135.864
135.864
135.864
135.864
135.864
135.864
135.864
135.864
135.864
135.864
135.864
135.864
135.864
135.864
135.864
135.864
135.864
135.864
135.864
135.864
135.864
135.864
135.864
135.864
135.864
135.864
135.864
135.864
135.864
135.864
135.864
135.864
135.864
135.864
135.864
135.864
135.864
135.864
135.864
135.864
135.864
135.864
135.864
135.864
135.864
135.864
135.864
135.864
135.864
135.864
135.864
135.864
135.864
135.864
135.864
135.864
135.864
135.864
135.864
135.864
135.864
135.864
135.864
135.864
135.864
135.864
135.864
135.864
135.864
135.864
135.864
135.864
135.864
135.864
135.864
135.864
135.864
135.864
135.864
135.864
135.864
135.864
135.864
135.864
135.864
135.864
135.864
135.864
135.864
135.864
135.864
135.864
135.864
135.864
135.864
135.864
135.864
135.864
135.864
135.864
135.864
135.864
135.864
135.864
135.864
135.864
135.864
135.864
135.864
135.864
135.864
135.864
135.864
135.864
135.864
135.864
135.864
135.864
135.864
135.864
135.864
135.864
135.864
135.864
135.864
135.864
135.864
135.864
135.864
135.864
135.864
135.864
135.864
135.864
135.864
135.864
135.864
135.864
135.864
135.864
135.864
135.864
136.45
136.45
136.45
136.45
136.45
136.45
136.45
136.45
136.45
136.45
136.45
136.45
136.45
136.45
136.45
136.45
136.45
136.45
136.45
136.45
136.45
136.45
136.45
136.45
136.45
136.45
136.45
136.45
136.45
136.45
136.45
136.45
136.45
136.45
136.45
136.45
136.45
136.45
136.45
136.45
136.45
136.45
136.45
136.45
136.45
136.45
136.45
136.45
136.45
136.45
136.45
136.45
136.45
136.45
136.45
136.45
136.45
136.45
136.45
136.45
136.45
136.45
136.45
136.45
136.45
136.45
136.45
136.45
136.45
136.45
136.45
136.45
136.45
136.45
136.45
136.45
136.45
136.45
136.451
136.451
136.451
136.451
136.451
136.451
136.451
136.451
136.451
136.451
136.451
136.451
136.451
136.451
136.451
136.451
136.451
136.451
136.451
136.451
136.451
136.451
136.451
136.451
136.451
136.451
136.451
136.451
136.451
136.451
136.451
136.451
136.451
136.451
136.451
136.451
136.451
136.451
136.451
136.451
136.451
136.451
136.451
136.451
136.45
136.45
136.45
136.45
136.45
136.45
136.45
136.45
136.45
136.45
136.45
136.45
136.45
136.45
136.45
136.45
136.45
136.45
136.45
136.45
136.45
136.45
136.45
136.45
136.45
136.45
136.45
136.45
136.45
136.45
136.45
136.45
136.45
136.45
136.45
136.45
136.45
136.45
136.45
136.45
136.45
136.45
136.45
136.45
136.45
136.45
136.45
136.45
136.45
136.45
136.45
136.45
136.45
136.45
136.45
136.45
136.45
136.45
136.45
136.45
136.45
136.45
136.45
136.45
136.45
136.45
136.45
136.45
136.45
136.45
136.45
136.45
136.45
136.45
136.45
136.45
136.45
136.45
137.234
137.234
137.234
137.234
137.234
137.234
137.234
137.234
137.234
137.234
137.234
137.234
137.234
137.234
137.234
137.234
137.234
137.234
137.234
137.234
137.234
137.234
137.234
137.234
137.234
137.234
137.234
137.234
137.234
137.234
137.234
137.234
137.234
137.234
137.234
137.234
137.234
137.234
137.234
137.234
137.234
137.234
137.234
137.234
137.234
137.234
137.234
137.234
137.234
137.234
137.234
137.234
137.234
137.234
137.234
137.234
137.234
137.234
137.234
137.234
137.234
137.234
137.234
137.234
137.234
137.234
137.234
137.234
137.234
137.234
137.234
137.234
137.234
137.234
137.234
137.234
137.234
137.234
137.234
137.234
137.234
137.234
137.234
137.234
137.234
137.234
137.234
137.234
137.234
137.234
137.234
137.234
137.234
137.234
137.234
137.234
137.234
137.234
137.234
137.234
137.234
137.234
137.234
137.234
137.234
137.234
137.234
137.234
137.234
137.234
137.234
137.234
137.234
137.234
137.234
137.234
137.234
137.234
137.234
137.234
137.234
137.234
137.234
137.234
137.234
137.234
137.234
137.234
137.234
137.234
137.234
137.234
137.234
137.234
137.234
137.234
137.234
137.234
137.234
137.234
137.234
137.234
137.234
137.234
137.234
137.234
137.234
137.234
137.234
137.234
137.234
137.234
137.234
137.234
137.234
137.234
137.234
137.234
137.234
137.234
137.234
137.234
137.234
137.234
137.234
137.234
137.234
137.234
137.234
137.234
137.234
137.234
137.234
137.234
137.234
137.234
137.234
137.234
137.234
137.234
137.234
137.234
137.234
137.234
137.234
137.234
137.234
137.234
137.234
137.234
137.234
137.234
137.234
137.234
137.234
137.234
137.234
137.234
137.234
137.234
138.268
138.268
138.268
138.268
138.268
138.268
138.268
138.268
138.268
138.268
138.268
138.268
138.268
138.268
138.268
138.268
138.268
138.268
138.268
138.268
138.268
138.268
138.268
138.268
138.268
138.268
138.268
138.268
138.268
138.268
138.268
138.268
138.268
138.268
138.268
138.268
138.268
138.268
138.268
138.268
138.268
138.268
138.268
138.268
138.268
138.268
138.268
138.268
138.268
138.268
138.268
138.268
138.268
138.268
138.268
138.268
138.268
138.268
138.268
138.268
138.268
138.268
138.268
138.268
138.268
138.268
138.268
138.268
138.268
138.268
138.268
138.268
138.268
138.268
138.268
138.268
138.268
138.268
138.268
138.268
138.268
138.268
138.268
138.268
138.268
138.268
138.268
138.268
138.268
138.268
138.268
138.268
138.268
138.268
138.268
138.268
138.268
138.268
138.268
138.268
138.268
138.268
138.268
138.268
138.268
138.268
138.268
138.268
138.268
138.268
138.268
138.268
138.268
138.268
138.268
138.268
138.268
138.268
138.268
138.268
138.268
138.268
138.268
138.268
138.268
138.268
138.268
138.268
138.268
138.268
138.268
138.268
138.268
138.268
138.268
138.268
138.268
138.268
138.268
138.268
138.268
138.268
138.268
138.268
138.268
138.268
138.268
138.268
138.268
138.268
138.268
138.268
138.268
138.268
138.268
138.268
138.268
138.268
138.268
138.268
138.268
138.268
138.268
138.268
138.268
138.268
138.268
138.268
138.268
138.268
138.268
138.268
138.268
138.268
138.268
138.268
138.268
138.268
138.268
138.268
138.268
138.268
138.268
138.268
138.268
138.268
138.268
138.268
138.268
138.268
138.268
138.268
138.268
138.268
138.268
138.268
138.268
138.268
138.268
138.268
139.617
139.617
139.617
139.617
139.617
139.617
139.617
139.617
139.617
139.617
139.617
139.617
139.617
139.617
139.617
139.617
139.617
139.617
139.617
139.617
139.617
139.617
139.617
139.617
139.617
139.617
139.617
139.617
139.617
139.617
139.617
139.617
139.617
139.617
139.617
139.617
139.617
139.617
139.617
139.617
139.617
139.617
139.617
139.617
139.617
139.617
139.617
139.617
139.617
139.617
139.617
139.617
139.617
139.617
139.617
139.617
139.617
139.617
139.617
139.617
139.617
139.617
139.617
139.617
139.617
139.617
139.617
139.617
139.617
139.617
139.617
139.617
139.617
139.617
139.617
139.617
139.617
139.617
139.617
139.617
139.617
139.617
139.617
139.617
139.617
139.617
139.618
139.618
139.618
139.618
139.618
139.618
139.618
139.618
139.618
139.618
139.618
139.618
139.618
139.618
139.618
139.618
139.618
139.618
139.618
139.618
139.618
139.618
139.618
139.618
139.618
139.618
139.618
139.618
139.617
139.617
139.617
139.617
139.617
139.617
139.617
139.617
139.617
139.617
139.617
139.617
139.617
139.617
139.617
139.617
139.617
139.617
139.617
139.617
139.617
139.617
139.617
139.617
139.617
139.617
139.617
139.617
139.617
139.617
139.617
139.617
139.617
139.617
139.617
139.617
139.617
139.617
139.617
139.617
139.617
139.617
139.617
139.617
139.617
139.617
139.617
139.617
139.617
139.617
139.617
139.617
139.617
139.617
139.617
139.617
139.617
139.617
139.617
139.617
139.617
139.617
139.617
139.617
139.617
139.617
139.617
139.617
139.617
139.617
139.617
139.617
139.617
139.617
139.617
139.617
139.617
139.617
139.617
139.617
139.617
139.617
139.617
139.617
139.617
139.617
141.356
141.356
141.356
141.356
141.356
141.356
141.356
141.356
141.356
141.356
141.356
141.356
141.356
141.356
141.356
141.356
141.356
141.356
141.356
141.356
141.356
141.356
141.356
141.356
141.356
141.356
141.356
141.356
141.356
141.356
141.356
141.356
141.356
141.356
141.356
141.356
141.356
141.356
141.356
141.356
141.356
141.356
141.356
141.356
141.356
141.356
141.356
141.356
141.356
141.356
141.356
141.356
141.356
141.356
141.356
141.356
141.356
141.356
141.356
141.356
141.356
141.356
141.356
141.356
141.356
141.356
141.356
141.356
141.356
141.356
141.356
141.356
141.356
141.356
141.356
141.356
141.356
141.356
141.356
141.356
141.356
141.356
141.356
141.356
141.356
141.356
141.356
141.356
141.356
141.356
141.356
141.356
141.356
141.356
141.356
141.356
141.356
141.356
141.356
141.356
141.356
141.356
141.356
141.356
141.356
141.356
141.356
141.356
141.356
141.356
141.356
141.356
141.356
141.356
141.356
141.356
141.356
141.356
141.356
141.356
141.356
141.356
141.356
141.356
141.356
141.356
141.356
141.356
141.356
141.356
141.356
141.356
141.356
141.356
141.356
141.356
141.356
141.356
141.356
141.356
141.356
141.356
141.356
141.356
141.356
141.356
141.356
141.356
141.356
141.356
141.356
141.356
141.356
141.356
141.356
141.356
141.356
141.356
141.356
141.356
141.356
141.356
141.356
141.356
141.356
141.356
141.356
141.356
141.356
141.356
141.356
141.356
141.356
141.356
141.356
141.356
141.356
141.356
141.356
141.356
141.356
141.356
141.356
141.356
141.356
141.356
141.356
141.356
141.356
141.356
141.356
141.356
141.356
141.356
141.356
141.356
141.356
141.356
141.356
141.356
143.567
143.567
143.567
143.567
143.567
143.567
143.567
143.567
143.567
143.567
143.567
143.567
143.567
143.567
143.567
143.567
143.567
143.567
143.567
143.567
143.567
143.567
143.567
143.567
143.567
143.567
143.567
143.567
143.567
143.567
143.567
143.567
143.567
143.567
143.567
143.567
143.567
143.567
143.567
143.567
143.567
143.567
143.567
143.567
143.567
143.567
143.567
143.567
143.567
143.567
143.567
143.567
143.567
143.567
143.567
143.567
143.567
143.567
143.567
143.567
143.567
143.567
143.567
143.567
143.567
143.567
143.567
143.567
143.567
143.567
143.567
143.567
143.567
143.567
143.567
143.567
143.567
143.567
143.567
143.567
143.567
143.567
143.567
143.567
143.568
143.568
143.568
143.568
143.568
143.568
143.568
143.568
143.568
143.568
143.568
143.568
143.568
143.568
143.568
143.568
143.568
143.568
143.568
143.568
143.568
143.568
143.568
143.568
143.568
143.568
143.568
143.568
143.568
143.568
143.568
143.568
143.567
143.567
143.567
143.567
143.567
143.567
143.567
143.567
143.567
143.567
143.567
143.567
143.567
143.567
143.567
143.567
143.567
143.567
143.567
143.567
143.567
143.567
143.567
143.567
143.567
143.567
143.567
143.567
143.567
143.567
143.567
143.567
143.567
143.567
143.567
143.567
143.567
143.567
143.567
143.567
143.567
143.567
143.567
143.567
143.567
143.567
143.567
143.567
143.567
143.567
143.567
143.567
143.567
143.567
143.567
143.567
143.567
143.567
143.567
143.567
143.567
143.567
143.567
143.567
143.567
143.567
143.567
143.567
143.567
143.567
143.567
143.567
143.567
143.567
143.567
143.567
143.567
143.567
143.567
143.567
143.567
143.567
143.567
143.567
146.344
146.344
146.344
146.344
146.344
146.344
146.344
146.344
146.344
146.344
146.344
146.344
146.344
146.344
146.344
146.344
146.344
146.344
146.344
146.344
146.344
146.344
146.344
146.344
146.344
146.344
146.344
146.344
146.344
146.344
146.344
146.344
146.344
146.344
146.344
146.344
146.344
146.344
146.344
146.344
146.344
146.344
146.344
146.344
146.344
146.344
146.344
146.344
146.344
146.344
146.344
146.344
146.344
146.344
146.344
146.344
146.344
146.344
146.344
146.344
146.344
146.344
146.344
146.344
146.344
146.344
146.344
146.344
146.344
146.344
146.344
146.344
146.344
146.344
146.344
146.344
146.344
146.344
146.344
146.344
146.344
146.344
146.344
146.344
146.344
146.344
146.344
146.344
146.344
146.344
146.344
146.344
146.344
146.344
146.344
146.344
146.344
146.344
146.344
146.344
146.344
146.344
146.344
146.344
146.344
146.344
146.344
146.344
146.344
146.344
146.344
146.344
146.344
146.344
146.344
146.344
146.344
146.344
146.344
146.344
146.344
146.344
146.344
146.344
146.344
146.344
146.344
146.344
146.344
146.344
146.344
146.344
146.344
146.344
146.344
146.344
146.344
146.344
146.344
146.344
146.344
146.344
146.344
146.344
146.344
146.344
146.344
146.344
146.344
146.344
146.344
146.344
146.344
146.344
146.344
146.344
146.344
146.344
146.344
146.344
146.344
146.344
146.344
146.344
146.344
146.344
146.344
146.344
146.344
146.344
146.344
146.344
146.344
146.344
146.344
146.344
146.344
146.344
146.344
146.344
146.344
146.344
146.344
146.344
146.344
146.344
146.344
146.344
146.344
146.344
146.344
146.344
146.344
146.344
146.344
146.344
146.344
146.344
146.344
146.344
149.787
149.787
149.787
149.787
149.787
149.787
149.787
149.787
149.787
149.787
149.787
149.787
149.787
149.787
149.787
149.787
149.787
149.787
149.787
149.787
149.787
149.787
149.787
149.787
149.787
149.787
149.787
149.787
149.787
149.787
149.787
149.787
149.787
149.787
149.787
149.787
149.787
149.787
149.787
149.787
149.787
149.787
149.787
149.787
149.787
149.787
149.787
149.787
149.787
149.787
149.787
149.787
149.787
149.787
149.787
149.787
149.787
149.787
149.787
149.787
149.787
149.787
149.787
149.787
149.787
149.787
149.787
149.787
149.787
149.787
149.787
149.787
149.787
149.787
149.787
149.787
149.787
149.787
149.787
149.787
149.787
149.787
149.787
149.787
149.787
149.787
149.787
149.787
149.787
149.787
149.787
149.787
149.787
149.787
149.787
149.787
149.787
149.787
149.787
149.787
149.787
149.787
149.787
149.787
149.787
149.787
149.787
149.787
149.787
149.787
149.787
149.787
149.787
149.787
149.787
149.787
149.787
149.787
149.787
149.787
149.787
149.787
149.787
149.787
149.787
149.787
149.787
149.787
149.787
149.787
149.787
149.787
149.787
149.787
149.787
149.787
149.787
149.787
149.787
149.787
149.787
149.787
149.787
149.787
149.787
149.787
149.787
149.787
149.787
149.787
149.787
149.787
149.787
149.787
149.787
149.787
149.787
149.787
149.787
149.787
149.787
149.787
149.787
149.787
149.787
149.787
149.787
149.787
149.787
149.787
149.787
149.787
149.787
149.787
149.787
149.787
149.787
149.787
149.787
149.787
149.787
149.787
149.787
149.787
149.787
149.787
149.787
149.787
149.787
149.787
149.787
149.787
149.787
149.787
149.787
149.787
149.787
149.787
149.787
149.787
154.008
154.008
154.008
154.008
154.008
154.008
154.008
154.008
154.008
154.008
154.008
154.008
154.008
154.008
154.008
154.008
154.008
154.008
154.008
154.008
154.008
154.008
154.008
154.008
154.008
154.008
154.008
154.008
154.008
154.008
154.008
154.008
154.008
154.008
154.008
154.008
154.008
154.008
154.008
154.008
154.008
154.008
154.008
154.008
154.008
154.008
154.008
154.008
154.008
154.008
154.008
154.008
154.008
154.008
154.008
154.008
154.008
154.008
154.008
154.008
154.008
154.008
154.008
154.008
154.008
154.008
154.008
154.008
154.008
154.008
154.008
154.008
154.008
154.008
154.008
154.008
154.008
154.008
154.008
154.008
154.009
154.009
154.009
154.009
154.009
154.009
154.009
154.009
154.009
154.009
154.009
154.009
154.009
154.009
154.009
154.009
154.009
154.009
154.009
154.009
154.009
154.009
154.009
154.009
154.009
154.009
154.009
154.009
154.009
154.009
154.009
154.009
154.009
154.009
154.009
154.009
154.009
154.009
154.009
154.009
154.008
154.008
154.008
154.008
154.008
154.008
154.008
154.008
154.008
154.008
154.008
154.008
154.008
154.008
154.008
154.008
154.008
154.008
154.008
154.008
154.008
154.008
154.008
154.008
154.008
154.008
154.008
154.008
154.008
154.008
154.008
154.008
154.008
154.008
154.008
154.008
154.008
154.008
154.008
154.008
154.008
154.008
154.008
154.008
154.008
154.008
154.008
154.008
154.008
154.008
154.008
154.008
154.008
154.008
154.008
154.008
154.008
154.008
154.008
154.008
154.008
154.008
154.008
154.008
154.008
154.008
154.008
154.008
154.008
154.008
154.008
154.008
154.008
154.008
154.008
154.008
154.008
154.008
154.008
154.008
159.129
159.129
159.129
159.129
159.129
159.129
159.129
159.129
159.129
159.129
159.129
159.129
159.129
159.129
159.129
159.129
159.129
159.129
159.129
159.129
159.129
159.129
159.129
159.129
159.129
159.129
159.129
159.129
159.129
159.129
159.129
159.129
159.129
159.129
159.129
159.129
159.129
159.129
159.129
159.129
159.129
159.129
159.129
159.129
159.129
159.129
159.129
159.129
159.129
159.129
159.129
159.129
159.129
159.129
159.129
159.129
159.129
159.129
159.129
159.129
159.129
159.129
159.129
159.129
159.129
159.129
159.129
159.129
159.129
159.129
159.129
159.129
159.129
159.129
159.129
159.129
159.129
159.129
159.129
159.129
159.129
159.129
159.129
159.129
159.13
159.13
159.13
159.13
159.13
159.13
159.13
159.13
159.13
159.13
159.13
159.13
159.13
159.13
159.13
159.13
159.13
159.13
159.13
159.13
159.13
159.13
159.13
159.13
159.13
159.13
159.13
159.13
159.13
159.13
159.13
159.13
159.129
159.129
159.129
159.129
159.129
159.129
159.129
159.129
159.129
159.129
159.129
159.129
159.129
159.129
159.129
159.129
159.129
159.129
159.129
159.129
159.129
159.129
159.129
159.129
159.129
159.129
159.129
159.129
159.129
159.129
159.129
159.129
159.129
159.129
159.129
159.129
159.129
159.129
159.129
159.129
159.129
159.129
159.129
159.129
159.129
159.129
159.129
159.129
159.129
159.129
159.129
159.129
159.129
159.129
159.129
159.129
159.129
159.129
159.129
159.129
159.129
159.129
159.129
159.129
159.129
159.129
159.129
159.129
159.129
159.129
159.129
159.129
159.129
159.129
159.129
159.129
159.129
159.129
159.129
159.129
159.129
159.129
159.129
159.129
165.279
165.279
165.279
165.279
165.279
165.279
165.279
165.279
165.279
165.279
165.279
165.279
165.279
165.279
165.279
165.279
165.279
165.279
165.279
165.279
165.279
165.279
165.279
165.278
165.278
165.278
165.278
165.278
165.278
165.278
165.278
165.278
165.278
165.278
165.278
165.278
165.278
165.278
165.278
165.278
165.278
165.278
165.278
165.278
165.278
165.278
165.278
165.278
165.278
165.278
165.278
165.278
165.278
165.278
165.278
165.278
165.278
165.278
165.278
165.278
165.278
165.278
165.278
165.278
165.278
165.278
165.278
165.278
165.278
165.278
165.278
165.278
165.278
165.279
165.279
165.279
165.279
165.279
165.279
165.279
165.279
165.279
165.279
165.279
165.279
165.279
165.279
165.279
165.28
165.28
165.28
165.28
165.28
165.28
165.28
165.28
165.28
165.28
165.28
165.28
165.28
165.28
165.28
165.28
165.28
165.28
165.28
165.28
165.28
165.28
165.28
165.28
165.279
165.279
165.279
165.279
165.279
165.279
165.279
165.279
165.279
165.279
165.279
165.279
165.279
165.279
165.279
165.278
165.278
165.278
165.278
165.278
165.278
165.278
165.278
165.278
165.278
165.278
165.278
165.278
165.278
165.278
165.278
165.278
165.278
165.278
165.278
165.278
165.278
165.278
165.278
165.278
165.278
165.278
165.278
165.278
165.278
165.278
165.278
165.278
165.278
165.278
165.278
165.278
165.278
165.278
165.278
165.278
165.278
165.278
165.278
165.278
165.278
165.278
165.278
165.278
165.278
165.278
165.278
165.278
165.278
165.278
165.278
165.278
165.278
165.278
165.278
165.278
165.278
165.278
165.278
165.278
165.278
165.278
165.278
165.278
165.278
165.278
165.278
165.278
172.592
172.592
172.592
172.592
172.592
172.592
172.592
172.592
172.592
172.592
172.592
172.592
172.592
172.592
172.592
172.592
172.592
172.592
172.592
172.592
172.592
172.592
172.592
172.592
172.592
172.592
172.592
172.592
172.592
172.592
172.592
172.592
172.592
172.592
172.592
172.592
172.592
172.592
172.592
172.592
172.592
172.592
172.592
172.592
172.592
172.592
172.592
172.592
172.592
172.592
172.592
172.592
172.592
172.592
172.592
172.592
172.592
172.592
172.592
172.592
172.592
172.592
172.592
172.592
172.592
172.592
172.592
172.592
172.592
172.592
172.592
172.592
172.592
172.592
172.592
172.592
172.592
172.592
172.592
172.592
172.593
172.593
172.593
172.593
172.593
172.593
172.593
172.593
172.593
172.594
172.594
172.594
172.594
172.594
172.594
172.594
172.594
172.594
172.594
172.594
172.594
172.594
172.594
172.594
172.594
172.594
172.594
172.594
172.594
172.594
172.594
172.593
172.593
172.593
172.593
172.593
172.593
172.593
172.593
172.593
172.592
172.592
172.592
172.592
172.592
172.592
172.592
172.592
172.592
172.592
172.592
172.592
172.592
172.592
172.592
172.592
172.592
172.592
172.592
172.592
172.592
172.592
172.592
172.592
172.592
172.592
172.592
172.592
172.592
172.592
172.592
172.592
172.592
172.592
172.592
172.592
172.592
172.592
172.592
172.592
172.592
172.592
172.592
172.592
172.592
172.592
172.592
172.592
172.592
172.592
172.592
172.592
172.592
172.592
172.592
172.592
172.592
172.592
172.592
172.592
172.592
172.592
172.592
172.592
172.592
172.592
172.592
172.592
172.592
172.592
172.592
172.592
172.592
172.592
172.592
172.592
172.592
172.592
172.592
172.592
181.202
181.202
181.202
181.202
181.202
181.202
181.202
181.202
181.202
181.202
181.202
181.202
181.202
181.202
181.202
181.202
181.202
181.202
181.202
181.202
181.202
181.202
181.202
181.202
181.202
181.202
181.202
181.202
181.202
181.202
181.202
181.202
181.202
181.202
181.202
181.202
181.202
181.202
181.202
181.202
181.202
181.202
181.202
181.202
181.202
181.202
181.202
181.202
181.202
181.202
181.202
181.202
181.202
181.202
181.202
181.202
181.202
181.202
181.202
181.202
181.202
181.202
181.202
181.202
181.202
181.202
181.202
181.202
181.202
181.202
181.202
181.202
181.202
181.202
181.202
181.203
181.203
181.203
181.203
181.203
181.203
181.203
181.203
181.203
181.204
181.204
181.204
181.204
181.204
181.204
181.205
181.205
181.205
181.205
181.205
181.205
181.205
181.205
181.205
181.205
181.205
181.205
181.205
181.205
181.205
181.205
181.205
181.205
181.205
181.205
181.204
181.204
181.204
181.204
181.204
181.204
181.203
181.203
181.203
181.203
181.203
181.203
181.203
181.203
181.202
181.202
181.202
181.202
181.202
181.202
181.202
181.202
181.202
181.202
181.202
181.202
181.202
181.202
181.202
181.202
181.202
181.202
181.202
181.202
181.202
181.202
181.202
181.202
181.202
181.202
181.202
181.202
181.202
181.202
181.202
181.202
181.202
181.202
181.202
181.202
181.202
181.202
181.202
181.202
181.202
181.202
181.202
181.202
181.202
181.202
181.202
181.202
181.202
181.202
181.202
181.202
181.202
181.202
181.202
181.202
181.202
181.202
181.202
181.202
181.202
181.202
181.202
181.202
181.202
181.202
181.202
181.202
181.202
181.202
181.202
181.202
181.202
181.202
181.202
181.202
191.22
191.22
191.22
191.22
191.22
191.22
191.22
191.22
191.22
191.22
191.22
191.22
191.22
191.22
191.22
191.22
191.22
191.22
191.22
191.22
191.22
191.22
191.22
191.22
191.22
191.22
191.22
191.22
191.22
191.22
191.22
191.22
191.22
191.22
191.22
191.22
191.22
191.22
191.22
191.22
191.22
191.22
191.22
191.22
191.22
191.22
191.22
191.22
191.22
191.22
191.22
191.22
191.22
191.22
191.22
191.22
191.22
191.22
191.22
191.22
191.22
191.22
191.22
191.22
191.22
191.22
191.22
191.22
191.22
191.22
191.22
191.22
191.22
191.22
191.221
191.221
191.221
191.221
191.221
191.221
191.221
191.222
191.222
191.222
191.222
191.222
191.223
191.223
191.223
191.223
191.224
191.224
191.224
191.224
191.224
191.225
191.225
191.225
191.225
191.225
191.225
191.225
191.225
191.225
191.225
191.224
191.224
191.224
191.224
191.224
191.223
191.223
191.223
191.223
191.222
191.222
191.222
191.222
191.221
191.221
191.221
191.221
191.221
191.221
191.221
191.22
191.22
191.22
191.22
191.22
191.22
191.22
191.22
191.22
191.22
191.22
191.22
191.22
191.22
191.22
191.22
191.22
191.22
191.22
191.22
191.22
191.22
191.22
191.22
191.22
191.22
191.22
191.22
191.22
191.22
191.22
191.22
191.22
191.22
191.22
191.22
191.22
191.22
191.22
191.22
191.22
191.22
191.22
191.22
191.22
191.22
191.22
191.22
191.22
191.22
191.22
191.22
191.22
191.22
191.22
191.22
191.22
191.22
191.22
191.22
191.22
191.22
191.22
191.22
191.22
191.22
191.22
191.22
191.22
191.22
191.22
191.22
191.22
191.22
191.22
202.698
202.698
202.698
202.698
202.698
202.698
202.698
202.698
202.698
202.698
202.698
202.698
202.698
202.698
202.698
202.698
202.698
202.698
202.698
202.698
202.698
202.698
202.698
202.698
202.698
202.698
202.698
202.698
202.698
202.698
202.698
202.698
202.698
202.698
202.698
202.697
202.697
202.697
202.697
202.697
202.697
202.697
202.697
202.697
202.697
202.697
202.697
202.697
202.697
202.697
202.697
202.697
202.697
202.697
202.697
202.697
202.697
202.697
202.697
202.697
202.697
202.697
202.697
202.697
202.697
202.697
202.697
202.697
202.697
202.697
202.697
202.697
202.697
202.698
202.698
202.698
202.698
202.698
202.698
202.699
202.699
202.699
202.699
202.7
202.7
202.7
202.701
202.701
202.701
202.702
202.702
202.702
202.703
202.703
202.703
202.703
202.704
202.704
202.704
202.704
202.704
202.704
202.704
202.704
202.703
202.703
202.703
202.703
202.702
202.702
202.702
202.701
202.701
202.701
202.7
202.7
202.7
202.699
202.699
202.699
202.699
202.698
202.698
202.698
202.698
202.698
202.698
202.697
202.697
202.697
202.697
202.697
202.697
202.697
202.697
202.697
202.697
202.697
202.697
202.697
202.697
202.697
202.697
202.697
202.697
202.697
202.697
202.697
202.697
202.697
202.697
202.697
202.697
202.697
202.697
202.697
202.697
202.697
202.697
202.697
202.697
202.697
202.697
202.697
202.697
202.697
202.697
202.697
202.697
202.697
202.697
202.697
202.697
202.697
202.697
202.697
202.697
202.697
202.697
202.697
202.697
202.697
202.697
202.697
202.698
202.698
202.698
202.698
202.698
202.698
202.698
202.698
202.698
202.698
202.698
202.698
202.698
202.698
202.698
202.698
215.558
215.558
215.558
215.558
215.558
215.558
215.558
215.558
215.558
215.558
215.558
215.558
215.558
215.558
215.558
215.558
215.558
215.558
215.558
215.558
215.558
215.558
215.558
215.558
215.558
215.558
215.558
215.558
215.558
215.558
215.558
215.558
215.558
215.558
215.558
215.558
215.558
215.558
215.558
215.558
215.558
215.558
215.558
215.558
215.558
215.558
215.558
215.558
215.557
215.557
215.557
215.557
215.557
215.557
215.557
215.557
215.557
215.557
215.557
215.557
215.557
215.557
215.557
215.557
215.557
215.557
215.557
215.557
215.557
215.557
215.558
215.558
215.558
215.558
215.558
215.558
215.558
215.559
215.559
215.559
215.56
215.56
215.561
215.561
215.561
215.562
215.562
215.563
215.563
215.564
215.564
215.565
215.565
215.566
215.566
215.566
215.567
215.567
215.567
215.567
215.567
215.567
215.567
215.567
215.566
215.566
215.566
215.565
215.565
215.564
215.564
215.563
215.563
215.562
215.562
215.561
215.561
215.56
215.56
215.56
215.559
215.559
215.559
215.558
215.558
215.558
215.558
215.558
215.557
215.557
215.557
215.557
215.557
215.557
215.557
215.557
215.557
215.557
215.557
215.557
215.557
215.557
215.557
215.557
215.557
215.557
215.557
215.557
215.557
215.557
215.557
215.557
215.557
215.557
215.557
215.557
215.557
215.557
215.557
215.557
215.558
215.558
215.558
215.558
215.558
215.558
215.558
215.558
215.558
215.558
215.558
215.558
215.558
215.558
215.558
215.558
215.558
215.558
215.558
215.558
215.558
215.558
215.558
215.558
215.558
215.558
215.558
215.558
215.558
215.558
215.558
215.558
215.558
215.558
215.558
215.558
215.558
215.558
215.558
215.558
229.501
229.501
229.501
229.501
229.501
229.501
229.501
229.501
229.501
229.501
229.501
229.501
229.501
229.501
229.501
229.501
229.501
229.501
229.501
229.501
229.501
229.501
229.501
229.501
229.501
229.501
229.501
229.501
229.501
229.501
229.501
229.5
229.5
229.5
229.5
229.5
229.5
229.5
229.5
229.5
229.5
229.5
229.5
229.5
229.5
229.5
229.5
229.5
229.5
229.5
229.5
229.5
229.5
229.5
229.5
229.5
229.5
229.5
229.5
229.5
229.5
229.5
229.5
229.5
229.5
229.5
229.5
229.5
229.5
229.5
229.5
229.5
229.5
229.5
229.501
229.501
229.501
229.502
229.502
229.503
229.503
229.504
229.504
229.505
229.506
229.506
229.507
229.508
229.508
229.509
229.51
229.51
229.511
229.512
229.512
229.513
229.513
229.513
229.513
229.514
229.514
229.513
229.513
229.513
229.513
229.512
229.512
229.511
229.51
229.51
229.509
229.508
229.508
229.507
229.506
229.505
229.505
229.504
229.504
229.503
229.502
229.502
229.502
229.501
229.501
229.501
229.5
229.5
229.5
229.5
229.5
229.5
229.499
229.499
229.499
229.499
229.499
229.499
229.499
229.499
229.499
229.499
229.499
229.499
229.499
229.5
229.5
229.5
229.5
229.5
229.5
229.5
229.5
229.5
229.5
229.5
229.5
229.5
229.5
229.5
229.5
229.5
229.5
229.5
229.5
229.5
229.5
229.5
229.5
229.5
229.5
229.5
229.5
229.5
229.5
229.5
229.5
229.5
229.5
229.5
229.5
229.5
229.5
229.5
229.5
229.5
229.5
229.5
229.5
229.5
229.5
229.5
229.5
229.5
229.5
229.5
229.5
229.5
229.5
229.5
243.909
243.909
243.909
243.909
243.909
243.909
243.909
243.909
243.909
243.909
243.909
243.909
243.909
243.909
243.909
243.909
243.909
243.909
243.909
243.909
243.909
243.909
243.909
243.909
243.909
243.909
243.909
243.909
243.909
243.909
243.909
243.909
243.909
243.909
243.909
243.909
243.909
243.909
243.909
243.909
243.908
243.908
243.908
243.908
243.908
243.908
243.908
243.908
243.908
243.908
243.908
243.908
243.908
243.908
243.908
243.908
243.908
243.908
243.908
243.908
243.907
243.907
243.907
243.907
243.907
243.907
243.908
243.908
243.908
243.908
243.908
243.908
243.908
243.909
243.909
243.91
243.91
243.911
243.911
243.912
243.912
243.913
243.914
243.915
243.916
243.917
243.918
243.919
243.92
243.921
243.922
243.923
243.924
243.925
243.925
243.926
243.927
243.927
243.927
243.927
243.927
243.927
243.927
243.927
243.926
243.925
243.925
243.924
243.923
243.922
243.921
243.92
243.919
243.918
243.917
243.916
243.915
243.914
243.913
243.912
243.912
243.911
243.91
243.91
243.909
243.909
243.909
243.908
243.908
243.908
243.908
243.907
243.907
243.907
243.907
243.907
243.907
243.907
243.907
243.907
243.907
243.907
243.907
243.907
243.907
243.907
243.907
243.908
243.908
243.908
243.908
243.908
243.908
243.908
243.908
243.908
243.908
243.908
243.908
243.908
243.908
243.908
243.908
243.908
243.908
243.908
243.908
243.908
243.908
243.908
243.908
243.908
243.908
243.909
243.909
243.909
243.909
243.909
243.909
243.909
243.909
243.909
243.909
243.909
243.909
243.909
243.909
243.909
243.909
243.909
243.909
243.909
243.909
243.909
243.909
243.909
243.909
243.909
243.909
243.909
257.86
257.86
257.86
257.86
257.86
257.86
257.86
257.86
257.86
257.86
257.86
257.86
257.86
257.86
257.86
257.86
257.86
257.86
257.86
257.86
257.86
257.86
257.86
257.86
257.86
257.86
257.86
257.86
257.86
257.86
257.86
257.86
257.86
257.86
257.86
257.86
257.859
257.859
257.859
257.859
257.859
257.859
257.859
257.859
257.859
257.859
257.859
257.859
257.859
257.859
257.858
257.858
257.858
257.858
257.858
257.858
257.858
257.858
257.858
257.858
257.858
257.858
257.858
257.858
257.858
257.858
257.858
257.858
257.858
257.858
257.858
257.859
257.859
257.86
257.86
257.861
257.861
257.862
257.863
257.864
257.865
257.866
257.867
257.868
257.87
257.871
257.872
257.874
257.875
257.877
257.878
257.879
257.881
257.882
257.883
257.884
257.884
257.885
257.885
257.886
257.886
257.885
257.885
257.884
257.884
257.883
257.882
257.88
257.879
257.878
257.876
257.875
257.874
257.872
257.871
257.869
257.868
257.867
257.866
257.864
257.863
257.863
257.862
257.861
257.86
257.86
257.859
257.859
257.858
257.858
257.858
257.858
257.858
257.857
257.857
257.857
257.857
257.857
257.857
257.857
257.857
257.857
257.858
257.858
257.858
257.858
257.858
257.858
257.858
257.858
257.858
257.858
257.858
257.858
257.858
257.858
257.858
257.859
257.859
257.859
257.859
257.859
257.859
257.859
257.859
257.859
257.859
257.859
257.859
257.859
257.859
257.859
257.859
257.859
257.859
257.859
257.859
257.859
257.859
257.859
257.86
257.86
257.86
257.86
257.86
257.86
257.86
257.86
257.86
257.86
257.86
257.86
257.86
257.86
257.86
257.86
257.86
257.86
257.86
257.86
270.325
270.325
270.325
270.325
270.325
270.325
270.325
270.325
270.325
270.325
270.325
270.325
270.325
270.325
270.325
270.325
270.325
270.325
270.325
270.325
270.325
270.325
270.325
270.324
270.324
270.324
270.324
270.324
270.324
270.324
270.324
270.324
270.324
270.324
270.324
270.324
270.324
270.324
270.323
270.323
270.323
270.323
270.323
270.323
270.323
270.323
270.323
270.323
270.323
270.322
270.322
270.322
270.322
270.322
270.322
270.322
270.322
270.322
270.321
270.321
270.321
270.321
270.321
270.321
270.321
270.321
270.321
270.321
270.322
270.322
270.322
270.323
270.323
270.324
270.324
270.325
270.326
270.327
270.328
270.329
270.331
270.332
270.334
270.335
270.337
270.339
270.341
270.343
270.345
270.347
270.349
270.351
270.352
270.354
270.355
270.357
270.358
270.358
270.359
270.359
270.359
270.359
270.358
270.358
270.357
270.355
270.354
270.352
270.351
270.349
270.347
270.345
270.343
270.341
270.339
270.337
270.335
270.333
270.332
270.33
270.329
270.328
270.327
270.326
270.325
270.324
270.323
270.323
270.322
270.322
270.321
270.321
270.321
270.321
270.321
270.321
270.321
270.321
270.321
270.321
270.321
270.321
270.321
270.321
270.321
270.321
270.321
270.321
270.322
270.322
270.322
270.322
270.322
270.322
270.322
270.322
270.322
270.322
270.322
270.323
270.323
270.323
270.323
270.323
270.323
270.323
270.323
270.323
270.323
270.323
270.323
270.323
270.323
270.323
270.323
270.324
270.324
270.324
270.324
270.324
270.324
270.324
270.324
270.324
270.324
270.324
270.324
270.324
270.324
270.324
270.324
270.324
270.324
270.324
270.324
270.324
270.324
270.324
270.324
270.324
280.497
280.497
280.497
280.496
280.496
280.496
280.496
280.496
280.496
280.496
280.496
280.496
280.496
280.496
280.496
280.496
280.496
280.496
280.496
280.496
280.496
280.496
280.496
280.496
280.496
280.496
280.495
280.495
280.495
280.495
280.495
280.495
280.495
280.495
280.495
280.495
280.495
280.494
280.494
280.494
280.494
280.494
280.494
280.494
280.494
280.493
280.493
280.493
280.493
280.493
280.493
280.493
280.492
280.492
280.492
280.492
280.492
280.492
280.491
280.491
280.491
280.491
280.491
280.491
280.491
280.491
280.491
280.491
280.492
280.492
280.492
280.493
280.494
280.494
280.495
280.496
280.497
280.499
280.5
280.502
280.504
280.506
280.508
280.51
280.513
280.515
280.518
280.52
280.523
280.526
280.528
280.531
280.533
280.535
280.537
280.539
280.54
280.541
280.542
280.542
280.542
280.542
280.541
280.54
280.539
280.537
280.535
280.533
280.531
280.528
280.526
280.523
280.52
280.517
280.515
280.512
280.51
280.508
280.505
280.503
280.501
280.5
280.498
280.497
280.496
280.495
280.494
280.493
280.492
280.492
280.491
280.491
280.491
280.491
280.49
280.49
280.49
280.49
280.49
280.49
280.491
280.491
280.491
280.491
280.491
280.491
280.491
280.491
280.492
280.492
280.492
280.492
280.492
280.492
280.492
280.493
280.493
280.493
280.493
280.493
280.493
280.493
280.493
280.493
280.494
280.494
280.494
280.494
280.494
280.494
280.494
280.494
280.494
280.494
280.494
280.494
280.494
280.495
280.495
280.495
280.495
280.495
280.495
280.495
280.495
280.495
280.495
280.495
280.495
280.495
280.495
280.495
280.495
280.495
280.495
280.495
280.495
280.495
280.495
280.495
288.028
288.028
288.028
288.028
288.028
288.028
288.028
288.028
288.028
288.028
288.028
288.028
288.028
288.028
288.028
288.028
288.028
288.028
288.028
288.028
288.028
288.028
288.027
288.027
288.027
288.027
288.027
288.027
288.027
288.027
288.027
288.026
288.026
288.026
288.026
288.026
288.026
288.026
288.025
288.025
288.025
288.025
288.025
288.025
288.024
288.024
288.024
288.024
288.024
288.023
288.023
288.023
288.023
288.023
288.022
288.022
288.022
288.022
288.022
288.021
288.021
288.021
288.021
288.021
288.021
288.021
288.021
288.021
288.022
288.022
288.023
288.023
288.024
288.025
288.026
288.028
288.029
288.031
288.033
288.035
288.038
288.04
288.043
288.046
288.05
288.053
288.056
288.06
288.063
288.067
288.07
288.074
288.077
288.08
288.082
288.084
288.086
288.088
288.088
288.089
288.089
288.088
288.087
288.086
288.084
288.082
288.079
288.076
288.073
288.07
288.067
288.063
288.059
288.056
288.052
288.049
288.046
288.043
288.04
288.037
288.035
288.032
288.03
288.029
288.027
288.026
288.024
288.023
288.023
288.022
288.021
288.021
288.02
288.02
288.02
288.02
288.02
288.02
288.02
288.02
288.02
288.02
288.021
288.021
288.021
288.021
288.021
288.022
288.022
288.022
288.022
288.022
288.023
288.023
288.023
288.023
288.023
288.023
288.024
288.024
288.024
288.024
288.024
288.024
288.024
288.025
288.025
288.025
288.025
288.025
288.025
288.025
288.025
288.025
288.026
288.026
288.026
288.026
288.026
288.026
288.026
288.026
288.026
288.026
288.026
288.026
288.026
288.026
288.026
288.027
288.027
288.027
288.027
288.027
288.027
288.027
288.027
288.027
288.027
288.027
293.044
293.044
293.044
293.044
293.044
293.044
293.044
293.044
293.044
293.044
293.044
293.044
293.044
293.044
293.044
293.044
293.043
293.043
293.043
293.043
293.043
293.043
293.043
293.043
293.043
293.042
293.042
293.042
293.042
293.042
293.042
293.041
293.041
293.041
293.041
293.041
293.041
293.04
293.04
293.04
293.04
293.039
293.039
293.039
293.039
293.038
293.038
293.038
293.038
293.037
293.037
293.037
293.036
293.036
293.036
293.036
293.035
293.035
293.035
293.035
293.034
293.034
293.034
293.034
293.034
293.034
293.034
293.034
293.035
293.035
293.036
293.037
293.038
293.039
293.041
293.043
293.045
293.047
293.05
293.053
293.056
293.059
293.063
293.067
293.071
293.076
293.08
293.085
293.09
293.094
293.099
293.103
293.107
293.111
293.114
293.117
293.12
293.121
293.123
293.123
293.123
293.123
293.121
293.119
293.117
293.114
293.111
293.107
293.103
293.098
293.094
293.089
293.084
293.08
293.075
293.071
293.066
293.062
293.059
293.055
293.052
293.049
293.046
293.044
293.042
293.04
293.038
293.037
293.036
293.035
293.034
293.034
293.033
293.033
293.033
293.033
293.033
293.033
293.033
293.033
293.033
293.033
293.033
293.034
293.034
293.034
293.035
293.035
293.035
293.035
293.036
293.036
293.036
293.036
293.037
293.037
293.037
293.037
293.038
293.038
293.038
293.038
293.038
293.039
293.039
293.039
293.039
293.039
293.039
293.04
293.04
293.04
293.04
293.04
293.04
293.04
293.041
293.041
293.041
293.041
293.041
293.041
293.041
293.041
293.041
293.041
293.041
293.041
293.042
293.042
293.042
293.042
293.042
293.042
293.042
293.042
293.042
293.042
293.042
293.042
295.984
295.984
295.984
295.984
295.984
295.984
295.984
295.983
295.983
295.983
295.983
295.983
295.983
295.983
295.983
295.983
295.983
295.983
295.982
295.982
295.982
295.982
295.982
295.982
295.981
295.981
295.981
295.981
295.981
295.98
295.98
295.98
295.98
295.98
295.979
295.979
295.979
295.978
295.978
295.978
295.978
295.977
295.977
295.977
295.976
295.976
295.975
295.975
295.975
295.974
295.974
295.974
295.973
295.973
295.972
295.972
295.972
295.971
295.971
295.971
295.97
295.97
295.97
295.97
295.97
295.97
295.97
295.97
295.971
295.972
295.973
295.974
295.975
295.977
295.979
295.981
295.984
295.987
295.99
295.994
295.998
296.003
296.008
296.013
296.018
296.024
296.03
296.036
296.042
296.048
296.054
296.06
296.065
296.07
296.075
296.078
296.082
296.084
296.086
296.086
296.086
296.086
296.084
296.081
296.078
296.074
296.07
296.065
296.06
296.054
296.048
296.042
296.036
296.03
296.024
296.018
296.012
296.007
296.002
295.997
295.993
295.989
295.986
295.983
295.98
295.977
295.975
295.974
295.972
295.971
295.97
295.969
295.969
295.968
295.968
295.968
295.968
295.968
295.968
295.968
295.969
295.969
295.969
295.97
295.97
295.97
295.971
295.971
295.971
295.972
295.972
295.972
295.973
295.973
295.973
295.974
295.974
295.974
295.975
295.975
295.975
295.976
295.976
295.976
295.976
295.977
295.977
295.977
295.977
295.977
295.978
295.978
295.978
295.978
295.978
295.979
295.979
295.979
295.979
295.979
295.979
295.979
295.98
295.98
295.98
295.98
295.98
295.98
295.98
295.98
295.98
295.98
295.98
295.98
295.98
295.981
295.981
295.981
295.981
295.981
297.423
297.423
297.423
297.423
297.422
297.422
297.422
297.422
297.422
297.422
297.422
297.422
297.422
297.422
297.422
297.421
297.421
297.421
297.421
297.421
297.421
297.42
297.42
297.42
297.42
297.419
297.419
297.419
297.419
297.418
297.418
297.418
297.417
297.417
297.417
297.416
297.416
297.416
297.415
297.415
297.414
297.414
297.413
297.413
297.412
297.412
297.412
297.411
297.41
297.41
297.409
297.409
297.408
297.408
297.407
297.407
297.406
297.406
297.405
297.405
297.404
297.404
297.404
297.404
297.404
297.404
297.404
297.405
297.405
297.406
297.407
297.409
297.411
297.413
297.415
297.418
297.422
297.426
297.43
297.435
297.441
297.446
297.453
297.46
297.467
297.474
297.482
297.49
297.498
297.506
297.513
297.521
297.528
297.534
297.54
297.545
297.549
297.552
297.554
297.555
297.555
297.554
297.552
297.549
297.545
297.54
297.534
297.527
297.52
297.513
297.505
297.497
297.489
297.481
297.473
297.466
297.459
297.452
297.445
297.439
297.434
297.429
297.424
297.42
297.417
297.414
297.411
297.409
297.407
297.405
297.404
297.403
297.402
297.402
297.402
297.401
297.401
297.401
297.402
297.402
297.402
297.403
297.403
297.404
297.404
297.404
297.405
297.405
297.406
297.406
297.407
297.407
297.408
297.408
297.409
297.409
297.41
297.41
297.411
297.411
297.411
297.412
297.412
297.412
297.413
297.413
297.413
297.414
297.414
297.414
297.415
297.415
297.415
297.415
297.416
297.416
297.416
297.416
297.416
297.417
297.417
297.417
297.417
297.417
297.417
297.418
297.418
297.418
297.418
297.418
297.418
297.418
297.418
297.418
297.418
297.418
297.418
297.418
297.418
297.418
297.939
297.939
297.939
297.939
297.939
297.938
297.938
297.938
297.938
297.938
297.938
297.938
297.938
297.937
297.937
297.937
297.937
297.937
297.936
297.936
297.936
297.936
297.935
297.935
297.935
297.934
297.934
297.934
297.933
297.933
297.932
297.932
297.932
297.931
297.931
297.93
297.93
297.929
297.929
297.928
297.928
297.927
297.926
297.926
297.925
297.924
297.924
297.923
297.922
297.922
297.921
297.92
297.92
297.919
297.918
297.917
297.917
297.916
297.915
297.915
297.914
297.914
297.914
297.913
297.913
297.913
297.914
297.914
297.915
297.916
297.918
297.92
297.922
297.925
297.928
297.932
297.936
297.941
297.947
297.954
297.961
297.968
297.977
297.985
297.995
298.004
298.014
298.025
298.035
298.045
298.055
298.064
298.074
298.082
298.089
298.096
298.101
298.105
298.108
298.109
298.109
298.108
298.105
298.101
298.095
298.089
298.081
298.073
298.064
298.054
298.044
298.034
298.023
298.013
298.003
297.993
297.984
297.975
297.967
297.959
297.952
297.945
297.939
297.934
297.93
297.926
297.922
297.919
297.917
297.915
297.913
297.912
297.911
297.911
297.91
297.91
297.91
297.91
297.911
297.911
297.911
297.912
297.913
297.913
297.914
297.914
297.915
297.916
297.916
297.917
297.918
297.918
297.919
297.92
297.92
297.921
297.921
297.922
297.923
297.923
297.924
297.924
297.925
297.925
297.926
297.926
297.926
297.927
297.927
297.928
297.928
297.928
297.929
297.929
297.929
297.93
297.93
297.93
297.93
297.931
297.931
297.931
297.931
297.932
297.932
297.932
297.932
297.932
297.932
297.933
297.933
297.933
297.933
297.933
297.933
297.933
297.933
297.933
297.933
297.933
298.04
298.04
298.04
298.04
298.04
298.04
298.04
298.039
298.039
298.039
298.039
298.039
298.039
298.038
298.038
298.038
298.037
298.037
298.037
298.037
298.036
298.036
298.035
298.035
298.035
298.034
298.034
298.033
298.033
298.032
298.032
298.031
298.03
298.03
298.029
298.029
298.028
298.027
298.026
298.026
298.025
298.024
298.023
298.023
298.022
298.021
298.02
298.019
298.018
298.017
298.016
298.015
298.014
298.013
298.012
298.012
298.011
298.01
298.009
298.008
298.007
298.007
298.006
298.006
298.006
298.006
298.006
298.007
298.008
298.009
298.011
298.014
298.017
298.02
298.025
298.029
298.035
298.042
298.049
298.057
298.066
298.076
298.087
298.098
298.11
298.122
298.135
298.148
298.162
298.175
298.188
298.2
298.211
298.222
298.232
298.24
298.247
298.252
298.256
298.257
298.257
298.256
298.252
298.247
298.24
298.231
298.221
298.211
298.199
298.186
298.174
298.16
298.147
298.134
298.121
298.108
298.096
298.085
298.074
298.064
298.055
298.047
298.039
298.032
298.027
298.022
298.017
298.013
298.01
298.008
298.006
298.004
298.003
298.003
298.002
298.002
298.002
298.002
298.002
298.003
298.004
298.004
298.005
298.006
298.007
298.008
298.008
298.009
298.01
298.011
298.012
298.013
298.014
298.015
298.015
298.016
298.017
298.018
298.018
298.019
298.02
298.021
298.021
298.022
298.022
298.023
298.024
298.024
298.025
298.025
298.026
298.026
298.027
298.027
298.027
298.028
298.028
298.029
298.029
298.029
298.03
298.03
298.03
298.031
298.031
298.031
298.031
298.031
298.032
298.032
298.032
298.032
298.032
298.032
298.032
298.033
298.033
298.033
298.033
298.033
298.14
298.14
298.14
298.14
298.14
298.14
298.14
298.139
298.139
298.139
298.139
298.139
298.138
298.138
298.138
298.137
298.137
298.137
298.136
298.136
298.135
298.135
298.134
298.134
298.133
298.132
298.132
298.131
298.131
298.13
298.129
298.128
298.128
298.127
298.126
298.125
298.124
298.123
298.122
298.121
298.12
298.119
298.118
298.117
298.116
298.115
298.114
298.113
298.111
298.11
298.109
298.108
298.106
298.105
298.104
298.102
298.101
298.1
298.099
298.098
298.097
298.096
298.095
298.095
298.095
298.095
298.095
298.096
298.097
298.099
298.102
298.105
298.108
298.113
298.118
298.125
298.132
298.14
298.149
298.16
298.171
298.184
298.197
298.212
298.227
298.243
298.259
298.276
298.293
298.31
298.326
298.342
298.357
298.37
298.383
298.393
298.402
298.409
298.413
298.416
298.416
298.413
298.408
298.402
298.393
298.382
298.37
298.356
298.341
298.325
298.308
298.291
298.274
298.257
298.241
298.225
298.209
298.195
298.181
298.168
298.157
298.146
298.137
298.128
298.121
298.114
298.109
298.104
298.1
298.097
298.095
298.093
298.091
298.09
298.09
298.09
298.09
298.09
298.09
298.091
298.092
298.093
298.094
298.095
298.096
298.097
298.098
298.1
298.101
298.102
298.103
298.104
298.105
298.107
298.108
298.109
298.11
298.111
298.112
298.113
298.114
298.114
298.115
298.116
298.117
298.118
298.119
298.119
298.12
298.121
298.121
298.122
298.123
298.123
298.124
298.124
298.125
298.125
298.126
298.126
298.127
298.127
298.127
298.128
298.128
298.128
298.129
298.129
298.129
298.13
298.13
298.13
298.13
298.13
298.13
298.131
298.131
298.131
298.131
298.131
298.564
298.564
298.564
298.564
298.564
298.563
298.563
298.563
298.563
298.562
298.562
298.562
298.561
298.561
298.561
298.56
298.56
298.559
298.559
298.558
298.557
298.557
298.556
298.555
298.555
298.554
298.553
298.552
298.551
298.55
298.549
298.548
298.547
298.546
298.545
298.544
298.543
298.542
298.54
298.539
298.538
298.536
298.535
298.534
298.532
298.531
298.529
298.527
298.526
298.524
298.523
298.521
298.519
298.518
298.516
298.514
298.513
298.511
298.51
298.508
298.507
298.506
298.505
298.504
298.504
298.504
298.505
298.506
298.507
298.509
298.512
298.516
298.521
298.526
298.533
298.541
298.55
298.561
298.573
298.586
298.6
298.616
298.633
298.651
298.671
298.691
298.712
298.733
298.754
298.776
298.796
298.816
298.835
298.853
298.868
298.882
298.893
298.901
298.907
298.91
298.91
298.907
298.901
298.892
298.881
298.867
298.851
298.834
298.815
298.795
298.774
298.752
298.731
298.709
298.688
298.668
298.648
298.63
298.612
298.596
298.582
298.568
298.556
298.546
298.536
298.528
298.521
298.515
298.51
298.506
298.503
298.501
298.499
298.498
298.497
298.497
298.497
298.498
298.499
298.499
298.501
298.502
298.503
298.505
298.506
298.508
298.509
298.511
298.512
298.514
298.515
298.517
298.518
298.52
298.521
298.523
298.524
298.525
298.527
298.528
298.529
298.53
298.531
298.533
298.534
298.535
298.536
298.537
298.538
298.538
298.539
298.54
298.541
298.542
298.543
298.543
298.544
298.545
298.545
298.546
298.546
298.547
298.547
298.548
298.548
298.549
298.549
298.55
298.55
298.55
298.55
298.551
298.551
298.551
298.551
298.551
298.552
298.552
298.552
298.552
299.567
299.567
299.566
299.566
299.566
299.566
299.566
299.565
299.565
299.565
299.564
299.564
299.563
299.563
299.562
299.562
299.561
299.56
299.56
299.559
299.558
299.557
299.556
299.555
299.554
299.553
299.552
299.551
299.55
299.549
299.548
299.546
299.545
299.544
299.542
299.541
299.539
299.537
299.536
299.534
299.532
299.531
299.529
299.527
299.525
299.523
299.521
299.519
299.517
299.515
299.512
299.51
299.508
299.506
299.504
299.501
299.499
299.497
299.495
299.494
299.492
299.49
299.489
299.488
299.488
299.488
299.488
299.49
299.492
299.494
299.498
299.503
299.508
299.515
299.524
299.534
299.545
299.558
299.573
299.59
299.608
299.628
299.649
299.672
299.696
299.722
299.748
299.775
299.802
299.828
299.855
299.88
299.904
299.926
299.945
299.962
299.976
299.987
299.994
299.998
299.998
299.994
299.987
299.976
299.961
299.944
299.924
299.902
299.878
299.852
299.826
299.799
299.772
299.745
299.718
299.692
299.668
299.645
299.623
299.603
299.584
299.568
299.553
299.539
299.528
299.517
299.509
299.501
299.495
299.49
299.487
299.484
299.481
299.48
299.479
299.479
299.479
299.48
299.481
299.482
299.484
299.485
299.487
299.489
299.491
299.493
299.495
299.497
299.499
299.501
299.503
299.505
299.507
299.509
299.511
299.513
299.515
299.516
299.518
299.52
299.521
299.523
299.524
299.526
299.527
299.528
299.53
299.531
299.532
299.534
299.535
299.536
299.537
299.538
299.539
299.54
299.541
299.542
299.542
299.543
299.544
299.545
299.545
299.546
299.546
299.547
299.548
299.548
299.548
299.549
299.549
299.55
299.55
299.55
299.55
299.551
299.551
299.551
299.551
299.551
301.354
301.354
301.354
301.354
301.354
301.353
301.353
301.353
301.352
301.352
301.351
301.351
301.35
301.349
301.349
301.348
301.347
301.346
301.345
301.344
301.343
301.342
301.341
301.34
301.338
301.337
301.336
301.334
301.333
301.331
301.329
301.328
301.326
301.324
301.322
301.32
301.318
301.316
301.314
301.312
301.31
301.307
301.305
301.303
301.3
301.298
301.295
301.292
301.289
301.287
301.284
301.281
301.278
301.275
301.272
301.27
301.267
301.264
301.262
301.259
301.257
301.255
301.254
301.252
301.252
301.252
301.252
301.253
301.256
301.259
301.263
301.269
301.276
301.285
301.296
301.308
301.322
301.338
301.357
301.377
301.4
301.424
301.451
301.48
301.51
301.541
301.574
301.607
301.641
301.674
301.707
301.739
301.769
301.796
301.821
301.842
301.86
301.873
301.882
301.887
301.887
301.882
301.873
301.859
301.841
301.819
301.794
301.766
301.736
301.704
301.671
301.637
301.603
301.57
301.537
301.505
301.474
301.445
301.418
301.393
301.37
301.35
301.331
301.314
301.3
301.287
301.276
301.267
301.26
301.254
301.249
301.246
301.243
301.241
301.241
301.24
301.241
301.242
301.243
301.245
301.247
301.249
301.251
301.254
301.256
301.259
301.261
301.264
301.267
301.269
301.272
301.275
301.277
301.28
301.282
301.284
301.287
301.289
301.291
301.293
301.295
301.297
301.299
301.301
301.303
301.305
301.307
301.308
301.31
301.311
301.313
301.314
301.316
301.317
301.318
301.32
301.321
301.322
301.323
301.324
301.325
301.326
301.327
301.328
301.328
301.329
301.33
301.33
301.331
301.331
301.332
301.332
301.333
301.333
301.333
301.334
301.334
301.334
301.334
301.334
304.103
304.103
304.103
304.103
304.103
304.102
304.102
304.102
304.101
304.1
304.1
304.099
304.098
304.097
304.096
304.095
304.094
304.093
304.092
304.091
304.089
304.088
304.086
304.085
304.083
304.081
304.08
304.078
304.076
304.074
304.072
304.069
304.067
304.065
304.062
304.06
304.057
304.055
304.052
304.049
304.046
304.043
304.04
304.037
304.034
304.03
304.027
304.024
304.02
304.016
304.013
304.009
304.005
304.002
303.998
303.994
303.991
303.987
303.984
303.981
303.978
303.976
303.974
303.972
303.971
303.971
303.971
303.973
303.976
303.979
303.985
303.992
304.001
304.011
304.024
304.039
304.056
304.076
304.099
304.124
304.152
304.182
304.215
304.25
304.288
304.327
304.367
304.408
304.45
304.491
304.532
304.571
304.608
304.642
304.673
304.699
304.721
304.738
304.749
304.755
304.755
304.749
304.737
304.72
304.697
304.671
304.64
304.605
304.568
304.528
304.487
304.445
304.403
304.361
304.321
304.281
304.244
304.208
304.175
304.144
304.116
304.09
304.067
304.047
304.029
304.013
304
303.989
303.98
303.973
303.967
303.963
303.96
303.958
303.957
303.957
303.958
303.959
303.961
303.963
303.965
303.968
303.971
303.974
303.977
303.981
303.984
303.988
303.991
303.995
303.998
304.001
304.004
304.008
304.011
304.014
304.017
304.02
304.023
304.025
304.028
304.031
304.033
304.036
304.038
304.04
304.043
304.045
304.047
304.049
304.051
304.053
304.054
304.056
304.058
304.059
304.061
304.062
304.064
304.065
304.066
304.067
304.069
304.07
304.071
304.072
304.072
304.073
304.074
304.075
304.075
304.076
304.076
304.077
304.077
304.077
304.078
304.078
304.078
304.078
307.973
307.973
307.973
307.973
307.972
307.972
307.971
307.971
307.97
307.969
307.969
307.968
307.967
307.965
307.964
307.963
307.962
307.96
307.959
307.957
307.955
307.953
307.951
307.949
307.947
307.945
307.943
307.94
307.938
307.935
307.933
307.93
307.927
307.924
307.921
307.918
307.914
307.911
307.908
307.904
307.9
307.896
307.893
307.888
307.884
307.88
307.876
307.871
307.867
307.862
307.858
307.853
307.848
307.844
307.839
307.834
307.83
307.825
307.821
307.817
307.813
307.81
307.807
307.805
307.804
307.803
307.804
307.806
307.809
307.813
307.82
307.828
307.839
307.851
307.867
307.885
307.906
307.93
307.958
307.988
308.022
308.059
308.099
308.142
308.187
308.235
308.284
308.335
308.386
308.437
308.486
308.534
308.58
308.622
308.659
308.692
308.719
308.74
308.754
308.761
308.761
308.753
308.739
308.718
308.69
308.657
308.619
308.576
308.53
308.482
308.431
308.38
308.329
308.278
308.228
308.18
308.134
308.09
308.049
308.012
307.978
307.946
307.919
307.894
307.872
307.854
307.838
307.824
307.813
307.805
307.798
307.793
307.789
307.787
307.786
307.786
307.787
307.789
307.791
307.794
307.797
307.801
307.805
307.809
307.813
307.817
307.822
307.826
307.83
307.835
307.839
307.843
307.847
307.852
307.856
307.859
307.863
307.867
307.871
307.874
307.878
307.881
307.884
307.887
307.89
307.893
307.896
307.899
307.902
307.904
307.907
307.909
307.911
307.913
307.916
307.918
307.92
307.921
307.923
307.925
307.926
307.928
307.929
307.931
307.932
307.933
307.934
307.935
307.936
307.937
307.938
307.939
307.939
307.94
307.94
307.941
307.941
307.941
307.941
307.941
313.107
313.107
313.107
313.107
313.106
313.106
313.105
313.104
313.104
313.103
313.101
313.1
313.099
313.098
313.096
313.094
313.093
313.091
313.089
313.087
313.085
313.082
313.08
313.077
313.075
313.072
313.069
313.066
313.063
313.06
313.056
313.053
313.049
313.045
313.041
313.037
313.033
313.029
313.025
313.02
313.015
313.01
313.006
313
312.995
312.99
312.984
312.979
312.973
312.967
312.962
312.956
312.95
312.944
312.938
312.932
312.926
312.921
312.915
312.91
312.906
312.901
312.898
312.895
312.893
312.892
312.893
312.895
312.898
312.903
312.911
312.921
312.933
312.948
312.967
312.988
313.014
313.043
313.075
313.112
313.153
313.197
313.245
313.297
313.352
313.409
313.469
313.53
313.591
313.653
313.713
313.772
313.827
313.878
313.924
313.964
313.996
314.022
314.039
314.047
314.047
314.038
314.02
313.995
313.961
313.921
313.874
313.822
313.767
313.708
313.647
313.584
313.522
313.46
313.4
313.342
313.286
313.234
313.185
313.14
313.099
313.061
313.028
312.998
312.973
312.95
312.931
312.915
312.902
312.892
312.884
312.878
312.874
312.872
312.871
312.871
312.873
312.875
312.878
312.882
312.886
312.89
312.895
312.9
312.906
312.911
312.917
312.922
312.928
312.933
312.939
312.944
312.949
312.954
312.959
312.964
312.969
312.974
312.979
312.983
312.987
312.992
312.996
313
313.003
313.007
313.011
313.014
313.018
313.021
313.024
313.027
313.03
313.033
313.035
313.038
313.04
313.043
313.045
313.047
313.049
313.051
313.053
313.054
313.056
313.057
313.059
313.06
313.061
313.062
313.063
313.064
313.065
313.066
313.066
313.067
313.067
313.068
313.068
313.068
319.627
319.627
319.627
319.626
319.626
319.625
319.624
319.624
319.622
319.621
319.62
319.618
319.617
319.615
319.613
319.611
319.609
319.607
319.604
319.602
319.599
319.596
319.593
319.59
319.587
319.583
319.579
319.576
319.572
319.568
319.564
319.559
319.555
319.55
319.545
319.54
319.535
319.53
319.524
319.519
319.513
319.507
319.501
319.494
319.488
319.481
319.474
319.468
319.46
319.453
319.446
319.439
319.431
319.424
319.417
319.409
319.402
319.395
319.388
319.382
319.376
319.371
319.366
319.363
319.36
319.359
319.359
319.361
319.365
319.371
319.379
319.391
319.405
319.423
319.444
319.47
319.499
319.533
319.572
319.615
319.663
319.716
319.773
319.834
319.899
319.967
320.038
320.111
320.185
320.258
320.33
320.4
320.466
320.528
320.583
320.631
320.67
320.701
320.721
320.731
320.731
320.72
320.699
320.668
320.628
320.579
320.523
320.461
320.394
320.324
320.251
320.176
320.102
320.028
319.956
319.887
319.821
319.759
319.701
319.648
319.599
319.555
319.516
319.481
319.45
319.424
319.402
319.384
319.368
319.356
319.347
319.34
319.336
319.333
319.333
319.333
319.335
319.338
319.342
319.347
319.352
319.358
319.364
319.37
319.377
319.384
319.391
319.398
319.404
319.411
319.418
319.425
319.431
319.438
319.444
319.45
319.456
319.462
319.468
319.473
319.479
319.484
319.489
319.494
319.499
319.503
319.508
319.512
319.516
319.52
319.524
319.528
319.532
319.535
319.538
319.542
319.545
319.548
319.55
319.553
319.556
319.558
319.56
319.562
319.564
319.566
319.568
319.569
319.571
319.572
319.574
319.575
319.576
319.577
319.577
319.578
319.578
319.579
319.579
319.579
327.614
327.614
327.613
327.613
327.612
327.611
327.61
327.609
327.608
327.606
327.605
327.603
327.601
327.599
327.597
327.594
327.591
327.589
327.586
327.582
327.579
327.576
327.572
327.568
327.564
327.56
327.555
327.551
327.546
327.541
327.536
327.531
327.525
327.519
327.513
327.507
327.501
327.495
327.488
327.481
327.474
327.467
327.459
327.451
327.443
327.435
327.427
327.419
327.41
327.401
327.392
327.383
327.374
327.365
327.356
327.347
327.339
327.33
327.322
327.314
327.307
327.3
327.295
327.29
327.287
327.285
327.284
327.286
327.29
327.297
327.306
327.319
327.335
327.356
327.38
327.41
327.444
327.483
327.527
327.577
327.633
327.694
327.76
327.832
327.907
327.987
328.07
328.155
328.242
328.328
328.413
328.495
328.573
328.645
328.71
328.767
328.813
328.849
328.874
328.886
328.885
328.872
328.847
328.811
328.763
328.706
328.64
328.567
328.488
328.405
328.319
328.232
328.144
328.058
327.974
327.893
327.817
327.744
327.677
327.615
327.558
327.507
327.462
327.422
327.387
327.356
327.331
327.31
327.293
327.279
327.269
327.261
327.256
327.254
327.253
327.254
327.257
327.261
327.266
327.272
327.278
327.285
327.293
327.301
327.309
327.317
327.326
327.334
327.342
327.351
327.359
327.367
327.375
327.383
327.391
327.398
327.406
327.413
327.42
327.427
327.433
327.44
327.446
327.452
327.458
327.464
327.469
327.474
327.479
327.484
327.489
327.494
327.498
327.502
327.506
327.51
327.514
327.518
327.521
327.524
327.527
327.53
327.533
327.536
327.538
327.54
327.542
327.544
327.546
327.548
327.549
327.551
327.552
327.553
327.554
327.555
327.555
327.556
327.556
327.556
337.08
337.08
337.079
337.079
337.078
337.077
337.076
337.074
337.073
337.071
337.069
337.067
337.064
337.062
337.059
337.056
337.053
337.05
337.046
337.042
337.038
337.034
337.03
337.025
337.02
337.015
337.01
337.004
336.999
336.993
336.987
336.98
336.974
336.967
336.96
336.953
336.945
336.937
336.929
336.921
336.912
336.904
336.895
336.885
336.876
336.866
336.856
336.846
336.836
336.826
336.815
336.804
336.794
336.783
336.772
336.761
336.751
336.741
336.731
336.721
336.713
336.705
336.698
336.692
336.687
336.685
336.684
336.685
336.689
336.696
336.707
336.721
336.739
336.761
336.789
336.821
336.86
336.904
336.954
337.011
337.073
337.143
337.218
337.299
337.385
337.477
337.571
337.669
337.768
337.867
337.965
338.06
338.149
338.233
338.308
338.373
338.426
338.468
338.496
338.51
338.509
338.495
338.466
338.423
338.369
338.303
338.227
338.142
338.052
337.956
337.857
337.757
337.656
337.558
337.461
337.369
337.281
337.199
337.123
337.052
336.988
336.93
336.879
336.834
336.794
336.761
336.732
336.709
336.69
336.675
336.663
336.655
336.65
336.648
336.648
336.65
336.653
336.658
336.664
336.671
336.679
336.688
336.697
336.707
336.716
336.726
336.736
336.746
336.756
336.766
336.776
336.786
336.796
336.805
336.814
336.823
336.832
336.841
336.849
336.857
336.865
336.873
336.88
336.888
336.895
336.901
336.908
336.914
336.92
336.926
336.932
336.937
336.943
336.948
336.953
336.957
336.962
336.966
336.97
336.974
336.978
336.981
336.984
336.988
336.991
336.993
336.996
336.998
337
337.002
337.004
337.006
337.007
337.008
337.01
337.01
337.011
337.012
337.012
337.012
347.94
347.939
347.939
347.938
347.937
347.936
347.935
347.933
347.931
347.929
347.927
347.925
347.922
347.919
347.916
347.912
347.909
347.905
347.9
347.896
347.891
347.887
347.881
347.876
347.87
347.865
347.858
347.852
347.845
347.838
347.831
347.824
347.816
347.808
347.8
347.791
347.783
347.774
347.764
347.755
347.745
347.735
347.724
347.713
347.702
347.691
347.68
347.668
347.656
347.644
347.631
347.619
347.606
347.594
347.581
347.569
347.557
347.545
347.533
347.522
347.512
347.502
347.494
347.487
347.481
347.477
347.476
347.477
347.481
347.488
347.498
347.513
347.533
347.557
347.587
347.622
347.664
347.712
347.767
347.829
347.898
347.975
348.058
348.148
348.244
348.345
348.451
348.56
348.67
348.781
348.89
348.996
349.097
349.19
349.274
349.347
349.407
349.453
349.484
349.5
349.499
349.483
349.45
349.403
349.342
349.268
349.183
349.089
348.987
348.88
348.77
348.657
348.545
348.435
348.328
348.225
348.128
348.037
347.952
347.874
347.804
347.74
347.684
347.634
347.591
347.555
347.524
347.498
347.478
347.462
347.45
347.442
347.437
347.435
347.435
347.438
347.443
347.449
347.456
347.465
347.474
347.484
347.495
347.506
347.517
347.529
347.541
347.552
347.564
347.576
347.587
347.599
347.61
347.621
347.632
347.642
347.652
347.663
347.672
347.682
347.691
347.7
347.709
347.717
347.725
347.733
347.741
347.748
347.756
347.762
347.769
347.776
347.782
347.788
347.793
347.799
347.804
347.809
347.814
347.818
347.823
347.827
347.83
347.834
347.837
347.841
347.844
347.846
347.849
347.851
347.853
347.855
347.857
347.858
347.86
347.861
347.862
347.862
347.863
347.863
359.992
359.992
359.991
359.99
359.989
359.988
359.986
359.985
359.982
359.98
359.978
359.975
359.972
359.968
359.965
359.961
359.957
359.952
359.947
359.942
359.937
359.932
359.926
359.92
359.913
359.907
359.9
359.893
359.885
359.877
359.869
359.861
359.852
359.843
359.834
359.824
359.814
359.804
359.793
359.782
359.771
359.76
359.748
359.736
359.723
359.71
359.697
359.684
359.671
359.657
359.643
359.629
359.615
359.6
359.586
359.572
359.558
359.544
359.531
359.519
359.507
359.496
359.486
359.478
359.471
359.466
359.464
359.464
359.467
359.474
359.485
359.5
359.52
359.545
359.576
359.613
359.657
359.708
359.766
359.833
359.906
359.988
360.077
360.174
360.277
360.387
360.501
360.618
360.738
360.858
360.977
361.091
361.199
361.3
361.39
361.467
361.532
361.581
361.614
361.63
361.63
361.612
361.578
361.528
361.463
361.384
361.292
361.191
361.081
360.965
360.846
360.724
360.603
360.484
360.368
360.257
360.152
360.054
359.963
359.88
359.804
359.737
359.677
359.625
359.579
359.541
359.508
359.482
359.46
359.444
359.432
359.424
359.42
359.418
359.42
359.423
359.429
359.436
359.445
359.455
359.466
359.477
359.489
359.502
359.515
359.528
359.542
359.555
359.568
359.581
359.594
359.607
359.62
359.632
359.645
359.657
359.668
359.68
359.691
359.702
359.712
359.722
359.732
359.742
359.751
359.76
359.769
359.777
359.785
359.793
359.801
359.808
359.815
359.822
359.828
359.834
359.84
359.846
359.851
359.856
359.861
359.866
359.87
359.874
359.878
359.882
359.885
359.888
359.891
359.894
359.896
359.898
359.9
359.902
359.903
359.904
359.905
359.906
359.907
359.907
372.927
372.927
372.926
372.925
372.924
372.923
372.921
372.919
372.917
372.914
372.911
372.908
372.905
372.901
372.897
372.893
372.888
372.883
372.878
372.873
372.867
372.861
372.854
372.848
372.841
372.833
372.826
372.818
372.81
372.801
372.792
372.783
372.773
372.763
372.753
372.743
372.732
372.72
372.709
372.697
372.685
372.672
372.659
372.646
372.632
372.618
372.604
372.589
372.574
372.559
372.544
372.528
372.513
372.497
372.481
372.466
372.45
372.435
372.421
372.407
372.394
372.381
372.37
372.361
372.353
372.347
372.343
372.343
372.345
372.351
372.361
372.376
372.396
372.421
372.452
372.49
372.534
372.587
372.646
372.714
372.791
372.875
372.968
373.068
373.176
373.29
373.409
373.532
373.657
373.782
373.905
374.023
374.135
374.237
374.328
374.407
374.471
374.52
374.552
374.568
374.568
374.551
374.517
374.467
374.402
374.322
374.23
374.126
374.013
373.893
373.769
373.642
373.516
373.391
373.27
373.154
373.045
372.943
372.848
372.762
372.684
372.615
372.553
372.5
372.453
372.414
372.381
372.355
372.334
372.318
372.306
372.299
372.295
372.295
372.297
372.302
372.308
372.317
372.327
372.338
372.35
372.363
372.377
372.391
372.405
372.419
372.434
372.449
372.463
372.478
372.492
372.506
372.52
372.534
372.547
372.561
372.573
372.586
372.598
372.61
372.621
372.633
372.644
372.654
372.664
372.674
372.684
372.693
372.702
372.711
372.719
372.727
372.735
372.742
372.749
372.756
372.762
372.769
372.775
372.78
372.786
372.791
372.795
372.8
372.804
372.808
372.812
372.815
372.818
372.821
372.824
372.826
372.828
372.83
372.832
372.833
372.834
372.835
372.836
372.836
386.372
386.372
386.371
386.37
386.369
386.368
386.366
386.364
386.361
386.359
386.356
386.352
386.349
386.345
386.34
386.336
386.331
386.326
386.32
386.314
386.308
386.302
386.295
386.288
386.281
386.273
386.265
386.256
386.247
386.238
386.229
386.219
386.209
386.198
386.187
386.176
386.164
386.152
386.14
386.127
386.114
386.101
386.087
386.072
386.058
386.043
386.028
386.012
385.996
385.98
385.964
385.947
385.931
385.914
385.897
385.881
385.864
385.848
385.832
385.817
385.803
385.79
385.777
385.767
385.758
385.751
385.746
385.744
385.746
385.751
385.76
385.773
385.792
385.816
385.846
385.883
385.927
385.978
386.038
386.106
386.182
386.266
386.359
386.461
386.569
386.684
386.804
386.927
387.052
387.177
387.298
387.413
387.52
387.617
387.702
387.773
387.831
387.874
387.902
387.916
387.916
387.901
387.871
387.827
387.768
387.695
387.609
387.511
387.402
387.286
387.163
387.037
386.91
386.785
386.663
386.547
386.436
386.334
386.239
386.152
386.074
386.005
385.944
385.891
385.845
385.807
385.775
385.749
385.729
385.714
385.704
385.698
385.695
385.696
385.699
385.705
385.712
385.722
385.733
385.745
385.758
385.772
385.787
385.802
385.817
385.833
385.849
385.864
385.88
385.895
385.911
385.926
385.941
385.955
385.97
385.984
385.997
386.011
386.024
386.037
386.049
386.061
386.072
386.084
386.095
386.105
386.115
386.125
386.135
386.144
386.153
386.161
386.17
386.178
386.185
386.192
386.199
386.206
386.212
386.218
386.224
386.229
386.235
386.239
386.244
386.248
386.252
386.256
386.259
386.262
386.265
386.268
386.27
386.272
386.274
386.275
386.276
386.277
386.278
386.278
399.958
399.958
399.957
399.956
399.955
399.953
399.951
399.949
399.947
399.944
399.941
399.937
399.934
399.929
399.925
399.92
399.915
399.91
399.904
399.898
399.892
399.885
399.878
399.871
399.863
399.855
399.846
399.837
399.828
399.819
399.809
399.799
399.788
399.777
399.766
399.754
399.742
399.73
399.717
399.704
399.69
399.676
399.662
399.647
399.632
399.616
399.6
399.584
399.568
399.551
399.534
399.517
399.5
399.482
399.465
399.448
399.43
399.414
399.397
399.381
399.366
399.352
399.339
399.327
399.317
399.309
399.303
399.3
399.3
399.304
399.311
399.323
399.34
399.362
399.391
399.425
399.467
399.516
399.573
399.639
399.712
399.795
399.885
399.984
400.089
400.201
400.317
400.435
400.554
400.67
400.781
400.883
400.976
401.056
401.123
401.177
401.218
401.247
401.266
401.274
401.274
401.264
401.245
401.214
401.172
401.117
401.048
400.967
400.873
400.769
400.656
400.539
400.418
400.298
400.18
400.067
399.959
399.859
399.767
399.683
399.607
399.54
399.481
399.43
399.387
399.351
399.321
399.297
399.279
399.265
399.257
399.252
399.25
399.252
399.256
399.263
399.272
399.282
399.294
399.307
399.321
399.336
399.352
399.367
399.383
399.4
399.416
399.432
399.449
399.465
399.481
399.496
399.512
399.527
399.542
399.557
399.571
399.585
399.598
399.612
399.624
399.637
399.649
399.661
399.672
399.683
399.694
399.704
399.714
399.723
399.733
399.741
399.75
399.758
399.766
399.774
399.781
399.788
399.794
399.801
399.807
399.812
399.818
399.823
399.827
399.832
399.836
399.84
399.843
399.846
399.849
399.852
399.854
399.856
399.858
399.86
399.861
399.862
399.862
399.863
413.377
413.377
413.377
413.376
413.374
413.373
413.371
413.369
413.366
413.363
413.36
413.356
413.353
413.348
413.344
413.339
413.334
413.329
413.323
413.317
413.31
413.303
413.296
413.289
413.281
413.273
413.264
413.255
413.246
413.236
413.226
413.216
413.205
413.194
413.182
413.17
413.158
413.145
413.132
413.119
413.105
413.091
413.076
413.061
413.046
413.03
413.014
412.998
412.981
412.964
412.947
412.929
412.912
412.894
412.876
412.859
412.841
412.824
412.807
412.79
412.775
412.76
412.746
412.734
412.723
412.714
412.707
412.703
412.701
412.703
412.709
412.719
412.733
412.753
412.779
412.81
412.849
412.895
412.948
413.009
413.079
413.156
413.242
413.335
413.434
413.538
413.644
413.751
413.856
413.954
414.043
414.12
414.184
414.232
414.265
414.285
414.295
414.298
414.297
414.296
414.296
414.296
414.295
414.291
414.28
414.259
414.224
414.175
414.11
414.031
413.941
413.841
413.735
413.626
413.517
413.412
413.311
413.216
413.129
413.049
412.978
412.915
412.86
412.813
412.773
412.739
412.712
412.691
412.675
412.664
412.656
412.653
412.653
412.656
412.662
412.67
412.679
412.69
412.703
412.717
412.731
412.747
412.762
412.779
412.795
412.812
412.828
412.845
412.862
412.878
412.894
412.91
412.926
412.942
412.957
412.972
412.986
413
413.014
413.028
413.041
413.053
413.066
413.077
413.089
413.1
413.111
413.122
413.132
413.141
413.151
413.16
413.169
413.177
413.185
413.193
413.2
413.207
413.214
413.22
413.226
413.232
413.237
413.243
413.247
413.252
413.256
413.26
413.263
413.267
413.27
413.272
413.275
413.277
413.279
413.28
413.281
413.282
413.283
413.283
426.423
426.423
426.422
426.421
426.42
426.419
426.417
426.414
426.412
426.409
426.406
426.402
426.398
426.394
426.39
426.385
426.38
426.374
426.369
426.362
426.356
426.349
426.342
426.334
426.327
426.318
426.31
426.301
426.292
426.282
426.272
426.262
426.251
426.24
426.228
426.216
426.204
426.191
426.178
426.165
426.151
426.137
426.122
426.107
426.092
426.076
426.06
426.044
426.027
426.01
425.993
425.975
425.958
425.94
425.922
425.904
425.887
425.869
425.852
425.835
425.819
425.804
425.79
425.777
425.765
425.755
425.747
425.742
425.739
425.739
425.743
425.751
425.763
425.779
425.802
425.83
425.864
425.906
425.954
426.01
426.074
426.145
426.223
426.308
426.397
426.489
426.58
426.668
426.748
426.816
426.869
426.902
426.916
426.909
426.885
426.849
426.806
426.765
426.733
426.715
426.715
426.731
426.763
426.802
426.844
426.879
426.902
426.907
426.892
426.857
426.803
426.733
426.652
426.562
426.469
426.375
426.285
426.198
426.118
426.045
425.98
425.922
425.872
425.829
425.793
425.763
425.74
425.721
425.708
425.699
425.694
425.692
425.694
425.698
425.705
425.713
425.724
425.736
425.749
425.763
425.778
425.793
425.809
425.826
425.842
425.859
425.876
425.893
425.909
425.926
425.942
425.958
425.974
425.99
426.005
426.02
426.034
426.048
426.062
426.075
426.089
426.101
426.114
426.126
426.137
426.148
426.159
426.17
426.18
426.19
426.199
426.208
426.217
426.225
426.233
426.241
426.248
426.255
426.262
426.268
426.274
426.28
426.286
426.291
426.296
426.3
426.304
426.308
426.312
426.315
426.318
426.321
426.323
426.325
426.327
426.329
426.33
426.331
426.331
426.331
438.994
438.994
438.993
438.992
438.991
438.989
438.987
438.985
438.983
438.98
438.977
438.973
438.97
438.965
438.961
438.956
438.951
438.946
438.94
438.934
438.928
438.921
438.914
438.906
438.899
438.89
438.882
438.873
438.864
438.854
438.845
438.834
438.824
438.813
438.801
438.79
438.777
438.765
438.752
438.739
438.725
438.711
438.697
438.682
438.667
438.651
438.635
438.619
438.602
438.586
438.568
438.551
438.534
438.516
438.498
438.481
438.463
438.446
438.429
438.412
438.396
438.38
438.365
438.352
438.34
438.329
438.32
438.313
438.309
438.308
438.309
438.315
438.324
438.338
438.356
438.381
438.411
438.447
438.49
438.54
438.597
438.66
438.729
438.803
438.878
438.952
439.021
439.079
439.121
439.143
439.138
439.103
439.038
438.945
438.831
438.704
438.579
438.468
438.386
438.341
438.341
438.384
438.465
438.575
438.699
438.824
438.938
439.03
439.093
439.127
439.13
439.107
439.063
439.003
438.933
438.857
438.78
438.705
438.635
438.569
438.511
438.459
438.415
438.377
438.345
438.319
438.299
438.284
438.273
438.267
438.264
438.264
438.267
438.273
438.28
438.29
438.301
438.313
438.327
438.341
438.356
438.372
438.388
438.405
438.421
438.438
438.455
438.471
438.488
438.504
438.52
438.536
438.552
438.567
438.582
438.597
438.611
438.625
438.639
438.652
438.665
438.678
438.69
438.702
438.713
438.724
438.735
438.746
438.756
438.765
438.775
438.784
438.792
438.801
438.808
438.816
438.823
438.83
438.837
438.843
438.849
438.855
438.86
438.866
438.87
438.875
438.879
438.883
438.886
438.89
438.893
438.895
438.898
438.9
438.901
438.903
438.904
438.905
438.906
438.906
451.073
451.073
451.072
451.072
451.07
451.069
451.067
451.065
451.062
451.06
451.056
451.053
451.049
451.045
451.041
451.036
451.031
451.026
451.02
451.014
451.008
451.002
450.995
450.987
450.98
450.972
450.964
450.955
450.946
450.937
450.927
450.917
450.906
450.896
450.884
450.873
450.861
450.849
450.836
450.823
450.81
450.796
450.782
450.767
450.752
450.737
450.722
450.706
450.689
450.673
450.656
450.639
450.622
450.605
450.587
450.57
450.552
450.535
450.518
450.501
450.485
450.469
450.455
450.441
450.428
450.416
450.407
450.399
450.393
450.39
450.39
450.392
450.399
450.41
450.425
450.445
450.471
450.502
450.539
450.582
450.632
450.686
450.744
450.804
450.861
450.912
450.949
450.967
450.955
450.906
450.814
450.677
450.494
450.27
450.018
449.755
449.503
449.287
449.127
449.042
449.041
449.125
449.283
449.498
449.749
450.011
450.262
450.485
450.667
450.803
450.894
450.942
450.952
450.933
450.894
450.841
450.782
450.721
450.661
450.605
450.555
450.51
450.471
450.438
450.411
450.389
450.373
450.361
450.353
450.349
450.348
450.35
450.354
450.361
450.37
450.38
450.392
450.405
450.419
450.433
450.448
450.464
450.48
450.496
450.513
450.529
450.546
450.562
450.579
450.595
450.611
450.626
450.642
450.657
450.672
450.686
450.7
450.714
450.727
450.74
450.753
450.765
450.777
450.789
450.8
450.811
450.822
450.832
450.842
450.851
450.86
450.869
450.878
450.886
450.894
450.901
450.908
450.915
450.922
450.928
450.934
450.939
450.945
450.95
450.954
450.959
450.963
450.967
450.97
450.973
450.976
450.979
450.981
450.983
450.985
450.986
450.988
450.988
450.989
450.989
462.717
462.717
462.716
462.715
462.714
462.713
462.711
462.709
462.706
462.704
462.701
462.697
462.694
462.69
462.686
462.681
462.676
462.671
462.666
462.66
462.654
462.647
462.64
462.633
462.626
462.618
462.61
462.602
462.593
462.584
462.574
462.564
462.554
462.544
462.533
462.522
462.51
462.498
462.486
462.473
462.46
462.447
462.433
462.419
462.404
462.389
462.374
462.359
462.343
462.327
462.31
462.294
462.277
462.26
462.243
462.226
462.209
462.191
462.175
462.158
462.142
462.126
462.111
462.097
462.083
462.071
462.061
462.052
462.045
462.04
462.038
462.038
462.042
462.05
462.061
462.077
462.098
462.124
462.156
462.192
462.233
462.276
462.321
462.363
462.397
462.415
462.41
462.369
462.282
462.137
461.925
461.639
461.283
460.869
460.415
459.951
459.513
459.14
458.866
458.722
458.721
458.863
459.135
459.507
459.944
460.406
460.859
461.273
461.628
461.913
462.124
462.268
462.354
462.394
462.398
462.378
462.342
462.299
462.253
462.207
462.165
462.127
462.095
462.067
462.045
462.028
462.015
462.006
462.001
461.999
462
462.004
462.01
462.017
462.027
462.038
462.05
462.064
462.078
462.092
462.108
462.123
462.139
462.155
462.172
462.188
462.204
462.22
462.236
462.252
462.268
462.283
462.298
462.313
462.327
462.341
462.355
462.368
462.382
462.394
462.407
462.419
462.43
462.442
462.453
462.463
462.474
462.484
462.493
462.503
462.511
462.52
462.528
462.536
462.544
462.551
462.558
462.565
462.571
462.577
462.583
462.589
462.594
462.599
462.603
462.608
462.612
462.615
462.619
462.622
462.625
462.627
462.629
462.631
462.633
462.634
462.636
462.636
462.637
462.637
474.043
474.042
474.042
474.041
474.04
474.038
474.037
474.034
474.032
474.03
474.027
474.023
474.02
474.016
474.012
474.008
474.003
473.998
473.992
473.987
473.981
473.975
473.968
473.961
473.954
473.946
473.939
473.93
473.922
473.913
473.904
473.894
473.885
473.874
473.864
473.853
473.842
473.83
473.818
473.806
473.793
473.78
473.767
473.753
473.739
473.724
473.71
473.695
473.679
473.664
473.648
473.631
473.615
473.598
473.582
473.565
473.548
473.531
473.515
473.498
473.482
473.466
473.451
473.437
473.423
473.41
473.399
473.389
473.381
473.374
473.37
473.368
473.37
473.374
473.383
473.395
473.411
473.432
473.457
473.485
473.517
473.549
473.577
473.597
473.601
473.577
473.513
473.394
473.201
472.92
472.536
472.045
471.447
470.763
470.024
469.273
468.569
467.97
467.533
467.301
467.3
467.528
467.963
468.56
469.263
470.012
470.751
471.435
472.032
472.523
472.906
473.187
473.379
473.498
473.56
473.583
473.578
473.556
473.526
473.493
473.46
473.43
473.404
473.381
473.364
473.35
473.341
473.335
473.333
473.333
473.336
473.342
473.349
473.358
473.368
473.38
473.393
473.406
473.42
473.435
473.45
473.466
473.482
473.498
473.514
473.53
473.546
473.561
473.577
473.592
473.608
473.622
473.637
473.651
473.665
473.679
473.693
473.706
473.718
473.731
473.743
473.755
473.766
473.777
473.788
473.798
473.808
473.818
473.827
473.836
473.845
473.853
473.861
473.869
473.876
473.883
473.89
473.897
473.903
473.909
473.914
473.92
473.925
473.929
473.934
473.938
473.942
473.946
473.949
473.952
473.955
473.957
473.959
473.961
473.963
473.964
473.965
473.966
473.967
473.967
485.195
485.195
485.194
485.193
485.192
485.191
485.189
485.187
485.185
485.182
485.179
485.176
485.173
485.169
485.165
485.161
485.156
485.152
485.146
485.141
485.135
485.129
485.123
485.116
485.109
485.102
485.094
485.086
485.078
485.07
485.061
485.052
485.042
485.032
485.022
485.011
485
484.989
484.978
484.966
484.953
484.941
484.928
484.915
484.901
484.887
484.873
484.858
484.843
484.828
484.813
484.797
484.781
484.765
484.748
484.732
484.716
484.699
484.683
484.666
484.65
484.635
484.62
484.605
484.591
484.578
484.566
484.555
484.545
484.537
484.532
484.528
484.527
484.529
484.533
484.542
484.554
484.569
484.588
484.608
484.629
484.647
484.657
484.65
484.615
484.537
484.397
484.173
483.84
483.375
482.76
481.986
481.061
480.006
478.871
477.724
476.648
475.734
475.067
474.714
474.711
475.06
475.723
476.635
477.709
478.855
479.989
481.045
481.971
482.745
483.36
483.825
484.158
484.381
484.521
484.597
484.631
484.637
484.626
484.607
484.584
484.562
484.542
484.526
484.513
484.503
484.497
484.494
484.494
484.497
484.502
484.508
484.517
484.527
484.538
484.55
484.563
484.577
484.591
484.606
484.621
484.637
484.652
484.668
484.684
484.699
484.715
484.73
484.745
484.76
484.775
484.79
484.804
484.818
484.831
484.845
484.858
484.87
484.883
484.895
484.906
484.918
484.929
484.939
484.95
484.96
484.969
484.979
484.988
484.997
485.005
485.013
485.021
485.028
485.036
485.042
485.049
485.055
485.061
485.067
485.073
485.078
485.083
485.087
485.091
485.096
485.099
485.103
485.106
485.109
485.112
485.114
485.116
485.118
485.12
485.121
485.122
485.123
485.123
485.124
496.339
496.339
496.338
496.337
496.336
496.335
496.333
496.332
496.329
496.327
496.324
496.321
496.318
496.314
496.31
496.306
496.302
496.297
496.292
496.287
496.281
496.276
496.27
496.263
496.256
496.249
496.242
496.234
496.226
496.218
496.21
496.201
496.192
496.182
496.172
496.162
496.152
496.141
496.13
496.118
496.106
496.094
496.082
496.069
496.056
496.042
496.028
496.014
496
495.985
495.97
495.955
495.94
495.924
495.908
495.892
495.876
495.86
495.844
495.828
495.812
495.797
495.781
495.766
495.752
495.739
495.726
495.714
495.704
495.695
495.687
495.682
495.679
495.678
495.68
495.684
495.692
495.702
495.714
495.726
495.736
495.738
495.725
495.685
495.603
495.456
495.22
494.861
494.346
493.643
492.726
491.582
490.219
488.673
487.011
485.33
483.751
482.408
481.428
480.908
480.904
481.417
482.392
483.731
485.307
486.987
488.65
490.197
491.562
492.707
493.626
494.329
494.845
495.203
495.44
495.586
495.667
495.706
495.718
495.714
495.703
495.69
495.676
495.665
495.656
495.651
495.648
495.648
495.65
495.655
495.661
495.669
495.679
495.689
495.701
495.714
495.727
495.741
495.756
495.77
495.785
495.801
495.816
495.831
495.846
495.862
495.877
495.892
495.906
495.921
495.935
495.949
495.963
495.976
495.99
496.002
496.015
496.027
496.039
496.051
496.062
496.073
496.084
496.094
496.104
496.114
496.123
496.132
496.141
496.149
496.157
496.165
496.173
496.18
496.187
496.193
496.2
496.206
496.212
496.217
496.222
496.227
496.232
496.237
496.241
496.245
496.248
496.252
496.255
496.258
496.26
496.263
496.265
496.266
496.268
496.269
496.27
496.271
496.272
496.272
507.644
507.644
507.644
507.643
507.642
507.641
507.639
507.637
507.635
507.633
507.63
507.627
507.624
507.621
507.617
507.613
507.609
507.604
507.599
507.594
507.589
507.583
507.578
507.571
507.565
507.558
507.551
507.544
507.536
507.528
507.52
507.511
507.503
507.493
507.484
507.474
507.464
507.454
507.443
507.432
507.421
507.409
507.397
507.385
507.372
507.359
507.346
507.332
507.318
507.304
507.29
507.275
507.26
507.245
507.23
507.214
507.199
507.183
507.168
507.152
507.136
507.121
507.106
507.091
507.077
507.063
507.05
507.038
507.026
507.016
507.008
507
506.995
506.992
506.991
506.992
506.996
507.001
507.006
507.01
507.007
506.991
506.952
506.873
506.734
506.505
506.149
505.624
504.884
503.883
502.585
500.972
499.053
496.874
494.528
492.15
489.911
488.002
486.605
485.863
485.857
486.589
487.977
489.88
492.116
494.493
496.84
499.021
500.944
502.56
503.861
504.864
505.606
506.132
506.488
506.717
506.856
506.933
506.972
506.986
506.988
506.983
506.977
506.97
506.966
506.964
506.964
506.966
506.97
506.976
506.984
506.993
507.004
507.015
507.027
507.04
507.054
507.068
507.082
507.097
507.112
507.127
507.142
507.157
507.171
507.186
507.201
507.215
507.229
507.243
507.257
507.271
507.284
507.297
507.31
507.322
507.334
507.346
507.357
507.368
507.379
507.39
507.4
507.41
507.419
507.429
507.438
507.446
507.455
507.463
507.471
507.478
507.486
507.493
507.499
507.506
507.512
507.518
507.523
507.529
507.534
507.538
507.543
507.547
507.551
507.555
507.558
507.562
507.565
507.567
507.57
507.572
507.574
507.576
507.577
507.579
507.58
507.58
507.581
507.581
519.268
519.268
519.267
519.266
519.265
519.264
519.263
519.261
519.259
519.257
519.254
519.251
519.248
519.245
519.242
519.238
519.234
519.229
519.225
519.22
519.215
519.209
519.204
519.198
519.192
519.185
519.179
519.171
519.164
519.157
519.149
519.141
519.132
519.123
519.114
519.105
519.095
519.085
519.075
519.065
519.054
519.043
519.031
519.019
519.007
518.995
518.982
518.969
518.956
518.942
518.929
518.915
518.9
518.886
518.871
518.856
518.841
518.826
518.811
518.796
518.781
518.766
518.751
518.736
518.722
518.708
518.695
518.682
518.67
518.659
518.65
518.641
518.634
518.629
518.626
518.624
518.624
518.624
518.623
518.617
518.601
518.566
518.498
518.375
518.17
517.843
517.348
516.626
515.616
514.258
512.5
510.316
507.713
504.753
501.55
498.292
495.213
492.578
490.642
489.612
489.604
490.617
492.539
495.166
498.24
501.498
504.703
507.668
510.276
512.466
514.229
515.592
516.605
517.328
517.825
518.152
518.358
518.48
518.548
518.582
518.597
518.601
518.601
518.6
518.599
518.6
518.602
518.607
518.613
518.62
518.629
518.639
518.65
518.662
518.674
518.688
518.701
518.715
518.729
518.744
518.758
518.772
518.787
518.801
518.816
518.83
518.844
518.858
518.872
518.885
518.898
518.911
518.924
518.936
518.948
518.96
518.972
518.983
518.994
519.005
519.015
519.025
519.035
519.044
519.053
519.062
519.071
519.079
519.087
519.095
519.103
519.11
519.117
519.123
519.13
519.136
519.142
519.147
519.153
519.158
519.163
519.167
519.172
519.176
519.18
519.183
519.187
519.19
519.193
519.195
519.198
519.2
519.202
519.203
519.205
519.206
519.207
519.208
519.208
519.208
531.336
531.336
531.336
531.335
531.334
531.333
531.331
531.33
531.328
531.326
531.323
531.321
531.318
531.315
531.311
531.308
531.304
531.3
531.295
531.291
531.286
531.281
531.275
531.27
531.264
531.258
531.251
531.244
531.238
531.23
531.223
531.215
531.207
531.199
531.19
531.181
531.172
531.163
531.153
531.143
531.132
531.122
531.111
531.1
531.088
531.077
531.064
531.052
531.04
531.027
531.014
531
530.987
530.973
530.959
530.945
530.93
530.916
530.901
530.887
530.872
530.857
530.843
530.829
530.815
530.801
530.788
530.775
530.763
530.752
530.741
530.732
530.724
530.717
530.712
530.708
530.704
530.7
530.693
530.679
530.65
530.594
530.494
530.324
530.045
529.611
528.958
528.014
526.697
524.928
522.639
519.787
516.38
512.485
508.255
503.927
499.815
496.277
493.669
492.277
492.263
493.63
496.219
499.743
503.849
508.177
512.413
516.315
519.732
522.593
524.891
526.666
527.988
528.936
529.591
530.027
530.306
530.476
530.576
530.631
530.659
530.673
530.679
530.682
530.684
530.688
530.692
530.698
530.705
530.714
530.723
530.734
530.745
530.757
530.769
530.782
530.796
530.809
530.823
530.837
530.851
530.865
530.879
530.893
530.906
530.92
530.933
530.947
530.96
530.973
530.985
530.997
531.009
531.021
531.033
531.044
531.055
531.066
531.076
531.086
531.096
531.106
531.115
531.124
531.133
531.141
531.149
531.157
531.165
531.172
531.18
531.186
531.193
531.199
531.206
531.211
531.217
531.222
531.227
531.232
531.237
531.241
531.245
531.249
531.253
531.257
531.26
531.263
531.265
531.268
531.27
531.272
531.274
531.276
531.277
531.278
531.279
531.28
531.28
531.28
543.93
543.93
543.929
543.929
543.928
543.927
543.925
543.924
543.922
543.92
543.917
543.915
543.912
543.909
543.906
543.903
543.899
543.895
543.891
543.887
543.882
543.877
543.872
543.867
543.861
543.855
543.849
543.843
543.836
543.829
543.822
543.815
543.807
543.799
543.791
543.783
543.774
543.765
543.756
543.747
543.737
543.727
543.717
543.706
543.695
543.684
543.673
543.661
543.649
543.637
543.625
543.612
543.599
543.586
543.573
543.56
543.546
543.532
543.519
543.505
543.491
543.477
543.463
543.449
543.436
543.423
543.41
543.397
543.385
543.374
543.363
543.354
543.345
543.338
543.331
543.325
543.32
543.312
543.3
543.277
543.235
543.159
543.028
542.807
542.453
541.904
541.084
539.901
538.254
536.038
533.163
529.571
525.258
520.302
514.888
509.304
503.967
499.348
495.926
494.092
494.072
495.867
499.26
503.859
509.189
514.774
520.198
525.166
529.494
533.1
535.987
538.214
539.869
541.058
541.882
542.433
542.789
543.01
543.142
543.217
543.258
543.28
543.292
543.298
543.303
543.308
543.314
543.321
543.329
543.337
543.347
543.358
543.369
543.381
543.393
543.406
543.419
543.432
543.445
543.458
543.471
543.485
543.498
543.511
543.524
543.537
543.549
543.562
543.574
543.586
543.598
543.61
543.621
543.632
543.643
543.654
543.664
543.674
543.684
543.693
543.703
543.712
543.721
543.729
543.737
543.745
543.753
543.761
543.768
543.775
543.782
543.788
543.794
543.8
543.806
543.812
543.817
543.822
543.827
543.832
543.836
543.84
543.844
543.848
543.851
543.855
543.858
543.861
543.863
543.866
543.868
543.87
543.871
543.873
543.874
543.875
543.876
543.877
543.877
543.877
557.068
557.068
557.067
557.067
557.066
557.065
557.063
557.062
557.06
557.058
557.056
557.054
557.051
557.048
557.045
557.042
557.039
557.035
557.031
557.027
557.023
557.018
557.013
557.008
557.003
556.997
556.992
556.986
556.98
556.973
556.966
556.96
556.952
556.945
556.937
556.929
556.921
556.913
556.904
556.896
556.886
556.877
556.867
556.858
556.847
556.837
556.826
556.816
556.805
556.793
556.782
556.77
556.758
556.746
556.734
556.721
556.708
556.696
556.683
556.67
556.657
556.644
556.631
556.618
556.606
556.593
556.581
556.569
556.558
556.547
556.537
556.527
556.519
556.511
556.504
556.498
556.491
556.481
556.464
556.435
556.382
556.287
556.125
555.857
555.428
554.767
553.78
552.357
550.372
547.697
544.214
539.843
534.564
528.459
521.736
514.752
508.021
502.155
497.783
495.431
495.401
497.696
502.024
507.863
514.584
521.573
528.31
534.436
539.736
544.129
547.63
550.32
552.317
553.749
554.742
555.407
555.838
556.108
556.27
556.364
556.417
556.446
556.461
556.47
556.477
556.483
556.489
556.496
556.503
556.512
556.522
556.532
556.542
556.554
556.565
556.577
556.589
556.601
556.614
556.626
556.638
556.651
556.663
556.675
556.687
556.699
556.711
556.723
556.734
556.745
556.757
556.767
556.778
556.788
556.798
556.808
556.818
556.827
556.837
556.846
556.854
556.863
556.871
556.879
556.887
556.894
556.902
556.909
556.915
556.922
556.928
556.934
556.94
556.946
556.952
556.957
556.962
556.967
556.971
556.975
556.98
556.984
556.987
556.991
556.994
556.997
557
557.003
557.005
557.007
557.009
557.011
557.013
557.014
557.016
557.017
557.017
557.018
557.018
557.019
570.702
570.701
570.701
570.7
570.7
570.699
570.697
570.696
570.694
570.693
570.691
570.688
570.686
570.683
570.68
570.677
570.674
570.671
570.667
570.663
570.659
570.655
570.65
570.646
570.641
570.636
570.63
570.625
570.619
570.613
570.607
570.6
570.594
570.587
570.58
570.572
570.565
570.557
570.549
570.541
570.532
570.524
570.515
570.506
570.496
570.487
570.477
570.467
570.457
570.446
570.436
570.425
570.414
570.403
570.392
570.38
570.369
570.357
570.345
570.333
570.322
570.31
570.298
570.286
570.275
570.264
570.252
570.242
570.232
570.222
570.213
570.204
570.197
570.19
570.184
570.178
570.17
570.159
570.141
570.106
570.045
569.935
569.747
569.437
568.941
568.177
567.036
565.388
563.085
559.97
555.898
550.757
544.509
537.227
529.14
520.672
512.421
505.174
499.736
496.794
496.749
499.608
504.982
512.192
520.433
528.91
537.02
544.333
550.613
555.784
559.883
563.019
565.338
566.998
568.148
568.918
569.417
569.729
569.918
570.027
570.089
570.123
570.141
570.151
570.158
570.163
570.169
570.175
570.182
570.19
570.198
570.207
570.217
570.227
570.237
570.248
570.259
570.27
570.281
570.292
570.304
570.315
570.326
570.337
570.348
570.359
570.37
570.381
570.391
570.402
570.412
570.422
570.431
570.441
570.45
570.459
570.468
570.477
570.486
570.494
570.502
570.51
570.517
570.525
570.532
570.539
570.546
570.552
570.559
570.565
570.571
570.576
570.582
570.587
570.592
570.597
570.602
570.606
570.611
570.615
570.619
570.622
570.626
570.629
570.632
570.635
570.638
570.64
570.643
570.645
570.647
570.648
570.65
570.651
570.652
570.653
570.654
570.655
570.655
570.655
584.714
584.714
584.714
584.713
584.712
584.711
584.71
584.709
584.708
584.706
584.704
584.702
584.7
584.697
584.695
584.692
584.689
584.685
584.682
584.678
584.675
584.671
584.666
584.662
584.658
584.653
584.648
584.643
584.637
584.632
584.626
584.62
584.614
584.608
584.601
584.594
584.587
584.58
584.573
584.565
584.558
584.55
584.542
584.533
584.525
584.516
584.507
584.498
584.489
584.479
584.47
584.46
584.45
584.44
584.43
584.42
584.41
584.399
584.389
584.379
584.368
584.358
584.348
584.338
584.328
584.318
584.308
584.299
584.291
584.283
584.276
584.269
584.263
584.258
584.254
584.249
584.243
584.233
584.214
584.178
584.111
583.991
583.784
583.442
582.893
582.045
580.777
578.94
576.363
572.864
568.265
562.424
555.272
546.865
537.438
527.46
517.658
508.944
502.354
498.766
498.701
502.169
508.67
517.334
527.126
537.121
546.584
555.037
562.234
568.117
572.752
576.28
578.878
580.731
582.011
582.867
583.42
583.765
583.974
584.094
584.161
584.197
584.216
584.225
584.23
584.234
584.238
584.243
584.248
584.254
584.26
584.268
584.276
584.284
584.293
584.302
584.312
584.321
584.331
584.341
584.351
584.361
584.37
584.38
584.39
584.4
584.409
584.419
584.428
584.438
584.447
584.456
584.465
584.473
584.482
584.49
584.498
584.506
584.514
584.521
584.529
584.536
584.543
584.55
584.556
584.563
584.569
584.575
584.581
584.586
584.592
584.597
584.602
584.607
584.612
584.616
584.621
584.625
584.629
584.633
584.636
584.64
584.643
584.646
584.649
584.652
584.654
584.656
584.659
584.661
584.662
584.664
584.665
584.667
584.668
584.669
584.669
584.67
584.67
584.67
598.93
598.93
598.929
598.929
598.928
598.927
598.926
598.925
598.924
598.922
598.92
598.918
598.916
598.914
598.912
598.909
598.906
598.903
598.9
598.897
598.893
598.89
598.886
598.882
598.878
598.873
598.869
598.864
598.859
598.854
598.849
598.843
598.838
598.832
598.826
598.82
598.814
598.807
598.8
598.794
598.787
598.78
598.772
598.765
598.757
598.749
598.742
598.734
598.725
598.717
598.709
598.7
598.692
598.683
598.674
598.665
598.657
598.648
598.639
598.63
598.621
598.613
598.604
598.596
598.588
598.581
598.573
598.566
598.56
598.555
598.55
598.546
598.543
598.541
598.539
598.538
598.535
598.527
598.511
598.476
598.408
598.284
598.068
597.706
597.124
596.221
594.864
592.891
590.112
586.318
581.303
574.889
566.971
557.576
546.927
535.523
524.179
514
506.203
501.926
501.833
505.942
513.615
523.733
535.068
546.503
557.205
566.664
574.644
581.114
586.177
590.008
592.816
594.81
596.181
597.095
597.683
598.048
598.267
598.392
598.46
598.495
598.511
598.518
598.52
598.521
598.522
598.523
598.526
598.529
598.533
598.538
598.544
598.55
598.557
598.564
598.572
598.579
598.587
598.595
598.604
598.612
598.62
598.628
598.637
598.645
598.653
598.662
598.67
598.678
598.686
598.694
598.702
598.709
598.717
598.724
598.731
598.738
598.745
598.752
598.759
598.765
598.771
598.778
598.784
598.789
598.795
598.801
598.806
598.811
598.816
598.821
598.825
598.83
598.834
598.838
598.842
598.846
598.85
598.853
598.857
598.86
598.863
598.866
598.868
598.871
598.873
598.875
598.877
598.879
598.881
598.882
598.884
598.885
598.886
598.886
598.887
598.888
598.888
598.888
613.129
613.129
613.129
613.128
613.128
613.127
613.126
613.125
613.124
613.122
613.12
613.119
613.117
613.115
613.113
613.11
613.108
613.105
613.102
613.099
613.096
613.092
613.089
613.085
613.081
613.077
613.073
613.069
613.065
613.06
613.055
613.05
613.045
613.04
613.035
613.03
613.024
613.018
613.012
613.006
613
612.994
612.987
612.981
612.974
612.968
612.961
612.954
612.947
612.94
612.933
612.926
612.918
612.911
612.904
612.897
612.89
612.883
612.876
612.869
612.862
612.856
612.849
612.843
612.838
612.833
612.828
612.824
612.821
612.818
612.817
612.816
612.817
612.819
612.821
612.824
612.826
612.824
612.812
612.782
612.719
612.598
612.383
612.018
611.427
610.502
609.106
607.065
604.174
600.206
594.924
588.117
579.639
569.472
557.807
545.143
532.361
520.723
511.725
506.726
506.596
511.364
520.199
531.758
544.538
557.252
568.994
579.249
587.81
594.69
600.032
604.048
606.975
609.042
610.457
611.394
611.993
612.362
612.581
612.703
612.767
612.797
612.808
612.81
612.808
612.804
612.801
612.798
612.797
612.797
612.798
612.8
612.803
612.806
612.81
612.815
612.82
612.825
612.831
612.837
612.843
612.85
612.856
612.863
612.869
612.876
612.883
612.89
612.897
612.903
612.91
612.917
612.923
612.93
612.936
612.943
612.949
612.955
612.961
612.967
612.973
612.978
612.984
612.989
612.995
613
613.005
613.01
613.014
613.019
613.024
613.028
613.032
613.036
613.04
613.044
613.047
613.051
613.054
613.057
613.06
613.063
613.066
613.069
613.071
613.073
613.075
613.077
613.079
613.081
613.082
613.084
613.085
613.086
613.087
613.088
613.088
613.089
613.089
613.089
627.07
627.07
627.069
627.069
627.068
627.068
627.067
627.066
627.065
627.063
627.062
627.06
627.059
627.057
627.055
627.052
627.05
627.048
627.045
627.042
627.04
627.037
627.033
627.03
627.027
627.023
627.02
627.016
627.012
627.008
627.004
626.999
626.995
626.99
626.986
626.981
626.976
626.971
626.966
626.961
626.956
626.95
626.945
626.94
626.934
626.928
626.923
626.917
626.911
626.906
626.9
626.894
626.889
626.883
626.878
626.872
626.867
626.862
626.857
626.852
626.848
626.844
626.84
626.837
626.834
626.832
626.831
626.83
626.83
626.832
626.834
626.838
626.844
626.85
626.858
626.867
626.875
626.879
626.875
626.854
626.8
626.69
626.488
626.138
625.562
624.655
623.274
621.242
618.346
614.341
608.972
601.991
593.207
582.544
570.138
556.449
542.382
529.339
519.076
513.311
513.134
518.582
528.632
541.585
555.664
569.431
581.947
592.725
601.616
608.689
614.134
618.196
621.137
623.2
624.603
625.526
626.111
626.467
626.673
626.785
626.839
626.861
626.864
626.86
626.851
626.842
626.833
626.826
626.82
626.815
626.812
626.81
626.809
626.809
626.81
626.812
626.814
626.817
626.82
626.824
626.827
626.832
626.836
626.841
626.846
626.851
626.856
626.861
626.866
626.871
626.877
626.882
626.887
626.892
626.898
626.903
626.908
626.913
626.918
626.923
626.928
626.933
626.938
626.942
626.947
626.952
626.956
626.96
626.964
626.968
626.972
626.976
626.98
626.983
626.987
626.99
626.993
626.996
626.999
627.002
627.005
627.007
627.01
627.012
627.014
627.016
627.018
627.02
627.022
627.023
627.025
627.026
627.027
627.028
627.029
627.029
627.03
627.03
627.031
627.031
640.508
640.508
640.507
640.507
640.506
640.506
640.505
640.504
640.503
640.502
640.501
640.499
640.498
640.496
640.494
640.492
640.49
640.488
640.486
640.483
640.481
640.478
640.476
640.473
640.47
640.467
640.463
640.46
640.457
640.453
640.45
640.446
640.442
640.439
640.435
640.431
640.427
640.422
640.418
640.414
640.41
640.405
640.401
640.397
640.392
640.388
640.384
640.379
640.375
640.371
640.367
640.363
640.359
640.355
640.352
640.348
640.345
640.342
640.34
640.338
640.336
640.335
640.334
640.334
640.334
640.336
640.338
640.341
640.346
640.352
640.359
640.368
640.379
640.391
640.406
640.421
640.437
640.45
640.456
640.446
640.407
640.315
640.137
639.818
639.285
638.433
637.123
635.18
632.387
628.494
623.227
616.31
607.502
596.658
583.826
569.382
554.198
539.773
528.162
521.512
521.269
527.494
538.836
553.165
568.389
582.951
595.931
606.923
615.866
622.895
628.252
632.214
635.059
637.04
638.375
639.245
639.79
640.115
640.298
640.392
640.432
640.442
640.436
640.422
640.406
640.39
640.375
640.362
640.35
640.341
640.333
640.326
640.321
640.317
640.314
640.312
640.311
640.311
640.311
640.312
640.313
640.315
640.317
640.319
640.322
640.325
640.328
640.331
640.335
640.339
640.342
640.346
640.35
640.354
640.358
640.362
640.366
640.37
640.374
640.378
640.382
640.386
640.39
640.393
640.397
640.401
640.404
640.408
640.412
640.415
640.418
640.422
640.425
640.428
640.431
640.434
640.436
640.439
640.442
640.444
640.446
640.449
640.451
640.453
640.455
640.456
640.458
640.46
640.461
640.462
640.464
640.465
640.466
640.467
640.467
640.468
640.468
640.469
640.469
640.469
653.219
653.219
653.219
653.218
653.218
653.217
653.217
653.216
653.215
653.214
653.213
653.211
653.21
653.209
653.207
653.206
653.204
653.202
653.2
653.198
653.196
653.194
653.191
653.189
653.186
653.184
653.181
653.178
653.176
653.173
653.17
653.167
653.164
653.161
653.158
653.154
653.151
653.148
653.145
653.142
653.138
653.135
653.132
653.129
653.126
653.123
653.12
653.117
653.115
653.112
653.11
653.107
653.105
653.104
653.102
653.101
653.1
653.1
653.1
653.101
653.102
653.104
653.106
653.11
653.114
653.119
653.126
653.134
653.143
653.154
653.166
653.181
653.198
653.217
653.239
653.262
653.287
653.31
653.328
653.332
653.311
653.244
653.098
652.827
652.359
651.597
650.41
648.63
646.044
642.405
637.427
630.811
622.266
611.566
598.638
583.715
567.552
551.682
538.484
530.721
530.388
537.582
550.45
566.236
582.486
597.581
610.705
621.592
630.299
637.049
642.131
645.851
648.495
650.318
651.534
652.316
652.797
653.077
653.227
653.297
653.319
653.314
653.296
653.273
653.248
653.223
653.201
653.181
653.164
653.148
653.135
653.123
653.114
653.105
653.098
653.092
653.088
653.084
653.081
653.078
653.077
653.075
653.075
653.075
653.075
653.076
653.077
653.078
653.08
653.081
653.083
653.085
653.088
653.09
653.093
653.095
653.098
653.101
653.104
653.106
653.109
653.112
653.115
653.118
653.121
653.124
653.127
653.129
653.132
653.135
653.138
653.14
653.143
653.145
653.148
653.15
653.152
653.155
653.157
653.159
653.161
653.163
653.165
653.166
653.168
653.169
653.171
653.172
653.173
653.175
653.176
653.177
653.177
653.178
653.179
653.179
653.18
653.18
653.18
653.18
662.223
662.223
662.223
662.222
662.222
662.222
662.221
662.22
662.22
662.219
662.218
662.217
662.216
662.215
662.213
662.212
662.211
662.209
662.208
662.206
662.204
662.203
662.201
662.199
662.197
662.195
662.193
662.191
662.189
662.187
662.184
662.182
662.18
662.178
662.176
662.173
662.171
662.169
662.167
662.165
662.163
662.161
662.16
662.158
662.156
662.155
662.154
662.153
662.152
662.151
662.151
662.151
662.151
662.152
662.153
662.155
662.157
662.16
662.163
662.167
662.172
662.178
662.185
662.192
662.201
662.212
662.223
662.237
662.252
662.27
662.289
662.311
662.337
662.365
662.396
662.43
662.466
662.503
662.537
662.562
662.565
662.529
662.428
662.217
661.832
661.185
660.152
658.575
656.25
652.93
648.321
642.095
633.901
623.407
610.369
594.785
577.171
559.006
543.123
533.394
532.919
541.851
557.338
575.469
593.256
609.096
622.395
633.123
641.512
647.894
652.624
656.036
658.428
660.052
661.118
661.788
662.187
662.407
662.513
662.551
662.549
662.524
662.49
662.453
662.416
662.381
662.349
662.32
662.294
662.271
662.251
662.233
662.217
662.203
662.19
662.179
662.17
662.161
662.154
662.148
662.143
662.138
662.134
662.131
662.128
662.126
662.125
662.123
662.123
662.122
662.122
662.122
662.123
662.123
662.124
662.125
662.126
662.128
662.129
662.131
662.132
662.134
662.136
662.137
662.139
662.141
662.143
662.145
662.147
662.149
662.151
662.153
662.154
662.156
662.158
662.16
662.162
662.163
662.165
662.167
662.168
662.17
662.171
662.172
662.174
662.175
662.176
662.177
662.178
662.179
662.18
662.181
662.181
662.182
662.182
662.183
662.183
662.183
662.183
662.184
670.53
670.53
670.53
670.53
670.529
670.529
670.529
670.528
670.528
670.527
670.526
670.525
670.525
670.524
670.523
670.522
670.521
670.52
670.518
670.517
670.516
670.515
670.513
670.512
670.511
670.509
670.508
670.506
670.505
670.503
670.502
670.501
670.499
670.498
670.497
670.496
670.495
670.494
670.493
670.492
670.491
670.491
670.49
670.49
670.49
670.49
670.491
670.491
670.493
670.494
670.496
670.498
670.501
670.504
670.508
670.512
670.517
670.523
670.529
670.537
670.545
670.555
670.566
670.578
670.591
670.607
670.624
670.643
670.664
670.688
670.715
670.744
670.777
670.814
670.855
670.899
670.946
670.995
671.043
671.083
671.105
671.089
671.013
670.832
670.483
669.877
668.892
667.365
665.087
661.798
657.186
650.891
642.517
631.669
618.023
601.497
582.57
562.8
545.337
534.55
533.985
543.829
560.83
580.566
599.708
616.538
630.494
641.617
650.219
656.695
661.448
664.842
667.198
668.78
669.803
670.434
670.8
670.991
671.072
671.091
671.071
671.031
670.983
670.933
670.885
670.84
670.799
670.761
670.727
670.697
670.669
670.645
670.623
670.603
670.585
670.569
670.555
670.542
670.531
670.521
670.512
670.504
670.497
670.49
670.485
670.48
670.476
670.472
670.469
670.466
670.464
670.462
670.461
670.46
670.459
670.458
670.458
670.457
670.457
670.458
670.458
670.459
670.459
670.46
670.461
670.462
670.462
670.464
670.465
670.466
670.467
670.468
670.469
670.47
670.472
670.473
670.474
670.475
670.476
670.477
670.478
670.479
670.48
670.481
670.482
670.483
670.484
670.485
670.486
670.486
670.487
670.487
670.488
670.488
670.489
670.489
670.489
670.49
670.49
670.49
677.962
677.962
677.961
677.961
677.961
677.961
677.96
677.96
677.96
677.959
677.959
677.958
677.957
677.957
677.956
677.955
677.954
677.954
677.953
677.952
677.951
677.95
677.949
677.948
677.947
677.946
677.946
677.945
677.944
677.943
677.942
677.942
677.941
677.94
677.94
677.94
677.939
677.939
677.939
677.939
677.94
677.94
677.941
677.942
677.943
677.945
677.947
677.949
677.951
677.954
677.958
677.962
677.966
677.972
677.977
677.984
677.991
677.999
678.009
678.019
678.03
678.043
678.057
678.072
678.089
678.108
678.13
678.153
678.179
678.208
678.239
678.275
678.314
678.357
678.404
678.456
678.511
678.568
678.624
678.673
678.703
678.695
678.624
678.444
678.088
677.461
676.435
674.835
672.437
668.963
664.077
657.393
648.484
636.926
622.378
604.76
584.598
563.577
545.072
533.716
533.099
543.414
561.379
582.347
602.739
620.692
635.584
647.452
656.62
663.512
668.559
672.155
674.642
676.306
677.377
678.032
678.408
678.6
678.677
678.69
678.661
678.613
678.556
678.498
678.442
678.39
678.342
678.298
678.258
678.222
678.189
678.159
678.133
678.109
678.087
678.067
678.049
678.033
678.019
678.005
677.993
677.983
677.973
677.964
677.956
677.949
677.943
677.938
677.933
677.928
677.924
677.921
677.918
677.915
677.913
677.911
677.909
677.908
677.907
677.906
677.905
677.905
677.904
677.904
677.904
677.904
677.904
677.905
677.905
677.905
677.906
677.906
677.907
677.908
677.908
677.909
677.91
677.91
677.911
677.912
677.913
677.913
677.914
677.915
677.915
677.916
677.917
677.917
677.918
677.918
677.919
677.919
677.919
677.92
677.92
677.92
677.92
677.921
677.921
677.921
684.41
684.41
684.41
684.41
684.41
684.41
684.409
684.409
684.409
684.408
684.408
684.407
684.407
684.406
684.406
684.405
684.405
684.404
684.403
684.403
684.402
684.402
684.401
684.4
684.4
684.399
684.399
684.398
684.398
684.397
684.397
684.397
684.396
684.396
684.396
684.397
684.397
684.397
684.398
684.399
684.4
684.401
684.402
684.404
684.406
684.409
684.411
684.414
684.418
684.422
684.426
684.431
684.437
684.443
684.45
684.458
684.467
684.477
684.487
684.499
684.512
684.526
684.542
684.559
684.579
684.6
684.623
684.649
684.677
684.708
684.743
684.781
684.823
684.869
684.919
684.974
685.032
685.093
685.151
685.2
685.228
685.213
685.129
684.923
684.523
683.825
682.687
680.918
678.275
674.456
669.103
661.804
652.119
639.618
623.975
605.153
583.806
561.794
542.598
530.849
530.191
540.822
559.432
581.356
602.918
622.094
638.108
650.948
660.921
668.453
673.99
677.948
680.694
682.537
683.727
684.459
684.882
685.102
685.194
685.214
685.188
685.139
685.081
685.02
684.961
684.905
684.854
684.807
684.764
684.725
684.69
684.658
684.629
684.602
684.578
684.557
684.537
684.519
684.502
684.487
684.474
684.462
684.45
684.44
684.431
684.423
684.415
684.408
684.402
684.397
684.392
684.387
684.383
684.38
684.377
684.374
684.372
684.369
684.368
684.366
684.365
684.364
684.363
684.362
684.361
684.361
684.36
684.36
684.36
684.36
684.36
684.36
684.361
684.361
684.361
684.362
684.362
684.362
684.363
684.363
684.364
684.364
684.365
684.365
684.366
684.366
684.366
684.367
684.367
684.368
684.368
684.368
684.368
684.369
684.369
684.369
684.369
684.369
684.369
684.369
689.839
689.839
689.839
689.839
689.839
689.839
689.838
689.838
689.838
689.837
689.837
689.837
689.836
689.836
689.835
689.835
689.834
689.834
689.833
689.833
689.832
689.832
689.831
689.831
689.831
689.83
689.83
689.829
689.829
689.829
689.829
689.829
689.829
689.829
689.829
689.83
689.83
689.831
689.832
689.833
689.834
689.835
689.837
689.839
689.841
689.844
689.847
689.85
689.854
689.859
689.863
689.869
689.875
689.881
689.889
689.897
689.906
689.916
689.927
689.939
689.952
689.966
689.982
690
690.019
690.041
690.064
690.09
690.118
690.15
690.184
690.222
690.263
690.309
690.359
690.412
690.468
690.526
690.579
690.621
690.637
690.604
690.49
690.237
689.763
688.953
687.648
685.638
682.656
678.375
672.413
664.338
653.705
640.097
623.223
603.149
580.618
557.616
537.764
525.714
525.025
535.894
555.101
577.979
600.722
621.154
638.418
652.392
663.339
671.673
677.841
682.279
685.379
687.474
688.839
689.689
690.189
690.459
690.583
690.622
690.608
690.567
690.514
690.456
690.399
690.345
690.294
690.248
690.206
690.167
690.132
690.1
690.071
690.044
690.02
689.998
689.978
689.96
689.943
689.928
689.914
689.902
689.89
689.88
689.87
689.862
689.854
689.847
689.84
689.834
689.829
689.824
689.82
689.816
689.813
689.81
689.807
689.805
689.803
689.801
689.799
689.798
689.797
689.796
689.795
689.794
689.794
689.793
689.793
689.793
689.793
689.793
689.793
689.793
689.793
689.793
689.794
689.794
689.794
689.794
689.795
689.795
689.795
689.796
689.796
689.796
689.797
689.797
689.797
689.798
689.798
689.798
689.799
689.799
689.799
689.799
689.799
689.799
689.799
689.799
694.273
694.273
694.273
694.272
694.272
694.272
694.272
694.272
694.271
694.271
694.271
694.27
694.27
694.27
694.269
694.269
694.268
694.268
694.267
694.267
694.266
694.266
694.265
694.265
694.264
694.264
694.264
694.263
694.263
694.263
694.263
694.262
694.262
694.263
694.263
694.263
694.263
694.264
694.265
694.266
694.267
694.268
694.27
694.272
694.274
694.276
694.279
694.282
694.286
694.29
694.294
694.299
694.305
694.311
694.317
694.325
694.333
694.342
694.353
694.364
694.376
694.39
694.404
694.421
694.439
694.458
694.48
694.504
694.53
694.559
694.591
694.626
694.664
694.706
694.751
694.8
694.85
694.899
694.943
694.971
694.967
694.907
694.749
694.431
693.861
692.908
691.395
689.089
685.698
680.868
674.19
665.224
653.517
638.664
620.435
598.967
575.143
551.107
530.591
518.243
517.525
528.634
548.447
572.321
596.341
618.172
636.811
652.053
664.103
673.353
680.26
685.267
688.791
691.194
692.775
693.775
694.376
694.714
694.883
694.949
694.957
694.931
694.888
694.838
694.787
694.738
694.692
694.649
694.61
694.575
694.542
694.513
694.486
694.461
694.439
694.418
694.4
694.383
694.367
694.353
694.34
694.329
694.318
694.308
694.3
694.292
694.284
694.278
694.272
694.266
694.261
694.257
694.253
694.25
694.246
694.244
694.241
694.239
694.237
694.235
694.234
694.233
694.232
694.231
694.23
694.229
694.229
694.229
694.228
694.228
694.228
694.228
694.228
694.228
694.228
694.229
694.229
694.229
694.229
694.23
694.23
694.23
694.231
694.231
694.231
694.232
694.232
694.232
694.233
694.233
694.233
694.234
694.234
694.234
694.234
694.234
694.234
694.235
694.235
694.235
697.783
697.783
697.783
697.783
697.783
697.783
697.782
697.782
697.782
697.781
697.781
697.781
697.78
697.78
697.779
697.779
697.778
697.778
697.777
697.776
697.776
697.775
697.775
697.774
697.774
697.773
697.773
697.772
697.772
697.771
697.771
697.77
697.77
697.77
697.77
697.77
697.77
697.77
697.771
697.771
697.772
697.773
697.774
697.775
697.777
697.779
697.781
697.783
697.786
697.789
697.793
697.797
697.801
697.806
697.812
697.818
697.825
697.833
697.841
697.851
697.861
697.873
697.885
697.899
697.914
697.931
697.95
697.97
697.993
698.018
698.045
698.075
698.108
698.143
698.182
698.222
698.263
698.301
698.33
698.34
698.31
698.215
698.006
697.611
696.927
695.808
694.057
691.415
687.562
682.115
674.646
664.689
651.783
635.551
615.811
592.795
567.528
542.325
521.052
508.359
507.614
519.007
539.516
564.514
589.961
613.347
633.515
650.162
663.438
673.707
681.426
687.073
691.075
693.826
695.656
696.828
697.547
697.965
698.188
698.291
698.325
698.318
698.289
698.251
698.21
698.169
698.13
698.093
698.06
698.029
698.001
697.976
697.953
697.932
697.912
697.895
697.879
697.865
697.851
697.84
697.829
697.819
697.81
697.802
697.794
697.788
697.781
697.776
697.771
697.767
697.763
697.759
697.756
697.753
697.751
697.749
697.747
697.745
697.744
697.742
697.741
697.741
697.74
697.739
697.739
697.739
697.738
697.738
697.738
697.738
697.739
697.739
697.739
697.739
697.74
697.74
697.74
697.741
697.741
697.742
697.742
697.742
697.743
697.743
697.744
697.744
697.744
697.745
697.745
697.745
697.746
697.746
697.746
697.747
697.747
697.747
697.747
697.747
697.747
697.747
700.475
700.475
700.475
700.475
700.475
700.474
700.474
700.474
700.473
700.473
700.473
700.472
700.472
700.471
700.471
700.47
700.469
700.469
700.468
700.467
700.466
700.466
700.465
700.464
700.463
700.463
700.462
700.461
700.46
700.46
700.459
700.458
700.458
700.457
700.457
700.456
700.456
700.456
700.456
700.456
700.456
700.456
700.456
700.457
700.458
700.459
700.46
700.461
700.463
700.465
700.467
700.47
700.473
700.477
700.481
700.485
700.49
700.496
700.502
700.509
700.517
700.526
700.536
700.547
700.558
700.572
700.586
700.602
700.62
700.64
700.661
700.685
700.711
700.739
700.769
700.8
700.83
700.855
700.868
700.855
700.799
700.663
700.395
699.915
699.107
697.806
695.794
692.785
688.428
682.319
673.986
662.942
648.724
630.969
609.542
584.772
557.838
531.257
509.071
495.952
495.177
506.929
528.285
554.613
581.711
606.858
628.735
646.934
661.552
672.937
681.548
687.875
692.4
695.532
697.632
698.993
699.842
700.348
700.632
700.777
700.839
700.855
700.843
700.818
700.788
700.757
700.727
700.698
700.671
700.647
700.625
700.604
700.586
700.569
700.554
700.54
700.528
700.517
700.506
700.497
700.489
700.481
700.474
700.468
700.463
700.458
700.454
700.45
700.446
700.443
700.44
700.438
700.436
700.434
700.433
700.431
700.43
700.429
700.429
700.428
700.428
700.427
700.427
700.427
700.427
700.428
700.428
700.428
700.428
700.429
700.429
700.43
700.43
700.431
700.432
700.432
700.433
700.433
700.434
700.434
700.435
700.436
700.436
700.437
700.437
700.438
700.438
700.439
700.439
700.44
700.44
700.44
700.441
700.441
700.441
700.441
700.441
700.442
700.442
700.442
702.471
702.471
702.471
702.471
702.471
702.47
702.47
702.47
702.469
702.469
702.468
702.468
702.467
702.466
702.466
702.465
702.464
702.463
702.463
702.462
702.461
702.46
702.459
702.458
702.457
702.456
702.455
702.454
702.453
702.452
702.451
702.45
702.449
702.448
702.447
702.446
702.445
702.444
702.443
702.442
702.442
702.441
702.441
702.441
702.44
702.44
702.441
702.441
702.441
702.442
702.443
702.444
702.446
702.448
702.45
702.453
702.456
702.459
702.463
702.468
702.473
702.479
702.485
702.493
702.501
702.51
702.52
702.532
702.544
702.559
702.574
702.591
702.61
702.63
702.651
702.672
702.69
702.701
702.697
702.663
702.576
702.398
702.069
701.499
700.559
699.065
696.775
693.375
688.491
681.667
672.402
660.185
644.535
625.094
601.766
574.975
546.071
517.826
494.513
480.861
480.052
492.26
514.663
542.605
571.656
598.838
622.643
642.561
658.646
671.235
680.806
687.873
692.941
696.479
698.868
700.43
701.417
702.016
702.364
702.553
702.646
702.683
702.689
702.679
702.661
702.64
702.618
702.597
702.578
702.56
702.544
702.53
702.516
702.504
702.494
702.484
702.475
702.467
702.46
702.454
702.449
702.444
702.439
702.435
702.432
702.429
702.426
702.424
702.422
702.421
702.419
702.418
702.417
702.417
702.416
702.416
702.416
702.416
702.416
702.416
702.417
702.417
702.418
702.418
702.419
702.42
702.42
702.421
702.422
702.423
702.424
702.424
702.425
702.426
702.427
702.428
702.429
702.43
702.43
702.431
702.432
702.433
702.434
702.434
702.435
702.436
702.436
702.437
702.437
702.438
702.438
702.439
702.439
702.439
702.44
702.44
702.44
702.44
702.44
702.44
703.898
703.898
703.898
703.898
703.898
703.897
703.897
703.897
703.896
703.896
703.895
703.894
703.894
703.893
703.892
703.891
703.89
703.889
703.888
703.887
703.886
703.885
703.884
703.882
703.881
703.88
703.879
703.877
703.876
703.874
703.873
703.872
703.87
703.869
703.867
703.866
703.864
703.863
703.861
703.86
703.859
703.858
703.856
703.855
703.854
703.853
703.852
703.851
703.851
703.85
703.85
703.85
703.85
703.85
703.85
703.851
703.852
703.853
703.855
703.857
703.859
703.862
703.866
703.87
703.874
703.88
703.886
703.893
703.9
703.909
703.919
703.93
703.942
703.954
703.967
703.978
703.985
703.983
703.962
703.907
703.79
703.57
703.178
702.516
701.438
699.744
697.164
693.363
687.916
680.334
670.079
656.6
639.388
618.074
592.585
563.431
532.167
501.888
477.186
462.876
462.027
474.802
498.5
528.414
559.813
589.377
615.381
637.214
654.899
668.786
679.378
687.227
692.88
696.832
699.523
701.294
702.423
703.119
703.531
703.764
703.888
703.948
703.971
703.974
703.967
703.956
703.943
703.93
703.917
703.906
703.896
703.887
703.878
703.871
703.864
703.859
703.854
703.849
703.845
703.842
703.839
703.837
703.835
703.833
703.832
703.831
703.83
703.829
703.829
703.829
703.829
703.829
703.83
703.83
703.831
703.832
703.832
703.833
703.834
703.835
703.836
703.838
703.839
703.84
703.841
703.842
703.844
703.845
703.846
703.847
703.849
703.85
703.851
703.852
703.853
703.855
703.856
703.857
703.858
703.859
703.86
703.861
703.862
703.863
703.863
703.864
703.865
703.866
703.866
703.867
703.867
703.868
703.868
703.869
703.869
703.869
703.87
703.87
703.87
703.87
704.877
704.877
704.877
704.877
704.877
704.876
704.876
704.876
704.875
704.874
704.874
704.873
704.872
704.871
704.87
704.869
704.868
704.867
704.866
704.865
704.864
704.862
704.861
704.859
704.858
704.856
704.855
704.853
704.851
704.85
704.848
704.846
704.844
704.842
704.84
704.838
704.836
704.834
704.832
704.83
704.829
704.827
704.825
704.823
704.821
704.819
704.817
704.815
704.813
704.812
704.81
704.808
704.807
704.806
704.804
704.803
704.803
704.802
704.801
704.801
704.801
704.802
704.802
704.803
704.805
704.806
704.809
704.812
704.815
704.819
704.824
704.829
704.835
704.841
704.846
704.849
704.846
704.831
704.795
704.719
704.574
704.312
703.859
703.103
701.887
699.986
697.114
692.89
686.856
678.48
667.178
652.347
633.433
610.031
582.066
550.129
516.013
483.25
456.865
441.772
440.879
454.332
479.597
511.918
546.156
578.536
607.065
631.037
650.471
665.751
677.423
686.093
692.354
696.747
699.74
701.725
703
703.793
704.27
704.546
704.7
704.78
704.819
704.834
704.838
704.835
704.83
704.823
704.817
704.812
704.806
704.802
704.798
704.795
704.792
704.79
704.788
704.787
704.786
704.785
704.785
704.785
704.785
704.785
704.786
704.786
704.787
704.788
704.79
704.791
704.792
704.794
704.795
704.797
704.798
704.8
704.802
704.803
704.805
704.807
704.809
704.81
704.812
704.814
704.816
704.817
704.819
704.821
704.822
704.824
704.826
704.827
704.829
704.83
704.832
704.833
704.835
704.836
704.837
704.838
704.84
704.841
704.842
704.843
704.844
704.845
704.846
704.846
704.847
704.848
704.848
704.849
704.85
704.85
704.85
704.851
704.851
704.851
704.851
704.851
705.517
705.517
705.517
705.516
705.516
705.516
705.515
705.515
705.514
705.514
705.513
705.512
705.511
705.51
705.509
705.508
705.507
705.506
705.504
705.503
705.501
705.5
705.498
705.497
705.495
705.493
705.491
705.489
705.487
705.485
705.483
705.481
705.479
705.477
705.474
705.472
705.47
705.467
705.465
705.462
705.46
705.457
705.454
705.452
705.449
705.446
705.444
705.441
705.438
705.436
705.433
705.43
705.428
705.425
705.422
705.42
705.418
705.415
705.413
705.411
705.409
705.407
705.405
705.404
705.402
705.401
705.4
705.4
705.4
705.4
705.4
705.401
705.402
705.402
705.401
705.396
705.385
705.36
705.311
705.216
705.044
704.742
704.227
703.379
702.021
699.917
696.74
692.081
685.442
676.241
663.837
647.563
626.797
601.067
570.259
535.029
497.473
461.728
433.389
417.433
416.495
430.693
457.768
492.971
530.634
566.353
597.791
624.156
645.499
662.266
675.078
684.602
691.49
696.334
699.645
701.843
703.264
704.154
704.695
705.014
705.195
705.295
705.347
705.373
705.386
705.39
705.391
705.391
705.39
705.389
705.388
705.387
705.387
705.387
705.388
705.389
705.39
705.391
705.392
705.394
705.395
705.397
705.399
705.401
705.403
705.406
705.408
705.41
705.413
705.415
705.417
705.42
705.422
705.425
705.427
705.43
705.432
705.435
705.437
705.439
705.442
705.444
705.446
705.449
705.451
705.453
705.455
705.457
705.459
705.461
705.463
705.465
705.467
705.469
705.47
705.472
705.474
705.475
705.477
705.478
705.479
705.481
705.482
705.483
705.484
705.485
705.486
705.487
705.488
705.489
705.489
705.49
705.491
705.491
705.491
705.492
705.492
705.492
705.492
705.493
705.907
705.907
705.907
705.907
705.907
705.906
705.906
705.905
705.904
705.904
705.903
705.902
705.901
705.9
705.899
705.898
705.897
705.895
705.894
705.892
705.891
705.889
705.887
705.885
705.884
705.882
705.88
705.877
705.875
705.873
705.871
705.868
705.866
705.863
705.861
705.858
705.855
705.852
705.849
705.846
705.843
705.84
705.837
705.834
705.831
705.827
705.824
705.821
705.817
705.814
705.81
705.807
705.803
705.799
705.796
705.792
705.788
705.785
705.781
705.777
705.774
705.77
705.767
705.763
705.76
705.756
705.753
705.75
705.747
705.744
705.741
705.738
705.734
705.73
705.724
705.714
705.696
705.662
705.601
705.49
705.292
704.951
704.377
703.437
701.942
699.627
696.141
691.041
683.782
673.728
660.172
642.368
619.596
591.274
557.205
518.093
476.454
437.279
406.876
390.119
389.144
404.029
432.99
471.479
513.2
552.862
587.648
616.684
640.099
658.45
672.453
682.862
690.393
695.697
699.329
701.747
703.311
704.297
704.901
705.259
705.467
705.585
705.649
705.684
705.703
705.714
705.72
705.724
705.727
705.729
705.732
705.735
705.737
705.74
705.743
705.746
705.75
705.753
705.756
705.759
705.763
705.766
705.77
705.773
705.776
705.78
705.783
705.787
705.79
705.793
705.797
705.8
705.803
705.806
705.809
705.813
705.816
705.819
705.822
705.824
705.827
705.83
705.833
705.835
705.838
705.841
705.843
705.845
705.848
705.85
705.852
705.854
705.856
705.858
705.86
705.862
705.864
705.866
705.867
705.869
705.87
705.872
705.873
705.874
705.875
705.877
705.878
705.879
705.88
705.88
705.881
705.882
705.882
705.883
705.883
705.884
705.884
705.884
705.884
705.884
706.122
706.122
706.122
706.121
706.121
706.121
706.12
706.12
706.119
706.118
706.117
706.116
706.115
706.114
706.113
706.112
706.11
706.109
706.107
706.106
706.104
706.102
706.101
706.099
706.097
706.095
706.092
706.09
706.088
706.085
706.083
706.08
706.077
706.075
706.072
706.069
706.066
706.063
706.059
706.056
706.053
706.049
706.046
706.042
706.038
706.035
706.031
706.027
706.023
706.019
706.015
706.01
706.006
706.002
705.997
705.993
705.988
705.983
705.978
705.974
705.969
705.964
705.959
705.954
705.949
705.944
705.939
705.933
705.928
705.923
705.917
705.912
705.906
705.898
705.888
705.874
705.85
705.809
705.738
705.611
705.391
705.013
704.38
703.351
701.716
699.19
695.394
689.848
681.958
671.031
656.281
636.865
611.934
580.748
542.964
499.343
453.032
410.26
378.088
360.864
359.879
375.148
405.67
447.545
493.875
538.117
576.727
608.727
634.378
654.399
669.64
680.955
689.142
694.91
698.865
701.503
703.214
704.293
704.958
705.355
705.588
705.721
705.796
705.839
705.863
705.878
705.888
705.895
705.901
705.907
705.912
705.917
705.922
705.927
705.931
705.936
705.941
705.946
705.95
705.955
705.96
705.964
705.969
705.973
705.978
705.982
705.986
705.99
705.994
705.999
706.002
706.006
706.01
706.014
706.018
706.021
706.025
706.028
706.031
706.035
706.038
706.041
706.044
706.047
706.05
706.053
706.055
706.058
706.061
706.063
706.065
706.068
706.07
706.072
706.074
706.076
706.078
706.08
706.082
706.083
706.085
706.087
706.088
706.089
706.091
706.092
706.093
706.094
706.095
706.096
706.097
706.097
706.098
706.098
706.099
706.099
706.1
706.1
706.1
706.1
706.216
706.216
706.216
706.216
706.215
706.215
706.214
706.214
706.213
706.212
706.211
706.21
706.209
706.208
706.207
706.206
706.204
706.203
706.201
706.2
706.198
706.196
706.194
706.192
706.19
706.188
706.185
706.183
706.18
706.178
706.175
706.172
706.17
706.167
706.164
706.16
706.157
706.154
706.15
706.147
706.143
706.14
706.136
706.132
706.128
706.124
706.119
706.115
706.111
706.106
706.102
706.097
706.092
706.087
706.082
706.077
706.071
706.066
706.06
706.055
706.049
706.043
706.037
706.031
706.025
706.019
706.012
706.006
705.999
705.992
705.985
705.977
705.969
705.959
705.947
705.929
705.901
705.854
705.774
705.633
705.391
704.977
704.289
703.169
701.396
698.661
694.556
688.561
680.036
668.221
652.246
631.149
603.919
569.601
527.649
478.941
427.66
381.736
348.701
331.654
330.7
345.782
376.96
421.682
472.842
522.233
565.142
600.39
628.429
650.196
666.711
678.949
687.796
694.031
698.309
701.165
703.021
704.195
704.918
705.353
705.608
705.756
705.841
705.889
705.918
705.936
705.949
705.959
705.967
705.974
705.981
705.988
705.994
706
706.007
706.013
706.019
706.025
706.03
706.036
706.041
706.047
706.052
706.057
706.062
706.067
706.072
706.077
706.082
706.086
706.09
706.095
706.099
706.103
706.107
706.111
706.115
706.119
706.122
706.126
706.129
706.133
706.136
706.139
706.142
706.145
706.148
706.151
706.154
706.156
706.159
706.161
706.164
706.166
706.168
706.17
706.172
706.174
706.176
706.178
706.179
706.181
706.183
706.184
706.185
706.187
706.188
706.189
706.19
706.191
706.191
706.192
706.193
706.193
706.194
706.194
706.195
706.195
706.195
706.195
706.231
706.231
706.231
706.23
706.23
706.23
706.229
706.228
706.228
706.227
706.226
706.225
706.224
706.223
706.222
706.22
706.219
706.217
706.216
706.214
706.212
706.21
706.208
706.206
706.204
706.202
706.199
706.197
706.194
706.192
706.189
706.186
706.183
706.18
706.177
706.174
706.17
706.167
706.163
706.159
706.156
706.152
706.148
706.144
706.139
706.135
706.13
706.126
706.121
706.116
706.111
706.106
706.101
706.096
706.09
706.085
706.079
706.073
706.067
706.061
706.054
706.048
706.041
706.035
706.028
706.02
706.013
706.006
705.998
705.99
705.982
705.973
705.963
705.952
705.937
705.917
705.886
705.834
705.746
705.593
705.329
704.882
704.138
702.93
701.02
698.078
693.666
687.226
678.065
665.357
648.137
625.309
595.663
557.976
511.458
457.292
401.337
353.541
321.028
304.891
304.01
318.262
348.773
394.991
450.554
505.421
553.038
591.792
622.346
645.916
663.725
676.892
686.401
693.1
697.698
700.771
702.771
704.037
704.818
705.288
705.566
705.727
705.82
705.874
705.906
705.927
705.942
705.953
705.962
705.971
705.979
705.987
705.994
706.002
706.009
706.016
706.022
706.029
706.035
706.042
706.048
706.054
706.059
706.065
706.071
706.076
706.081
706.086
706.091
706.096
706.101
706.106
706.11
706.115
706.119
706.123
706.127
706.131
706.135
706.139
706.142
706.146
706.149
706.153
706.156
706.159
706.162
706.165
706.168
706.17
706.173
706.176
706.178
706.18
706.183
706.185
706.187
706.189
706.191
706.193
706.194
706.196
706.198
706.199
706.2
706.202
706.203
706.204
706.205
706.206
706.207
706.208
706.208
706.209
706.209
706.21
706.21
706.21
706.211
706.211
706.195
706.195
706.195
706.194
706.194
706.194
706.193
706.192
706.192
706.191
706.19
706.189
706.188
706.187
706.185
706.184
706.183
706.181
706.179
706.178
706.176
706.174
706.172
706.17
706.168
706.165
706.163
706.16
706.158
706.155
706.152
706.149
706.146
706.143
706.14
706.136
706.133
706.129
706.126
706.122
706.118
706.114
706.11
706.106
706.101
706.097
706.092
706.087
706.082
706.077
706.072
706.067
706.061
706.056
706.05
706.044
706.038
706.032
706.026
706.019
706.012
706.006
705.999
705.991
705.984
705.976
705.968
705.96
705.952
705.943
705.934
705.925
705.914
705.902
705.886
705.864
705.83
705.774
705.679
705.514
705.23
704.75
703.952
702.658
700.613
697.467
692.753
685.873
676.084
662.488
644.019
619.433
587.291
546.052
494.701
435.1
375.564
327.749
297.062
282.332
281.544
294.544
323.199
369.068
427.792
488.017
540.605
583.058
616.219
641.622
660.732
674.824
684.988
692.146
697.06
700.347
702.487
703.843
704.682
705.187
705.486
705.659
705.759
705.818
705.853
705.876
705.892
705.904
705.914
705.924
705.933
705.941
705.949
705.957
705.965
705.972
705.979
705.986
705.993
706
706.006
706.013
706.019
706.025
706.03
706.036
706.042
706.047
706.052
706.057
706.062
706.067
706.072
706.076
706.081
706.085
706.089
706.094
706.098
706.101
706.105
706.109
706.112
706.116
706.119
706.122
706.125
706.128
706.131
706.134
706.137
706.139
706.142
706.144
706.147
706.149
706.151
706.153
706.155
706.157
706.158
706.16
706.162
706.163
706.165
706.166
706.167
706.168
706.169
706.17
706.171
706.172
706.173
706.173
706.174
706.174
706.174
706.175
706.175
706.175
706.128
706.127
706.127
706.127
706.127
706.126
706.126
706.125
706.124
706.123
706.122
706.121
706.12
706.119
706.118
706.117
706.115
706.113
706.112
706.11
706.108
706.106
706.104
706.102
706.1
706.097
706.095
706.092
706.09
706.087
706.084
706.081
706.078
706.075
706.072
706.068
706.065
706.061
706.057
706.054
706.05
706.046
706.041
706.037
706.033
706.028
706.023
706.018
706.013
706.008
706.003
705.998
705.992
705.986
705.98
705.974
705.968
705.962
705.955
705.948
705.942
705.934
705.927
705.92
705.912
705.904
705.896
705.888
705.879
705.87
705.86
705.85
705.839
705.826
705.81
705.786
705.75
705.69
705.588
705.412
705.109
704.597
703.746
702.368
700.192
696.846
691.836
684.526
674.121
659.652
639.948
613.603
578.93
534.046
477.799
413.309
351.917
305.831
277.693
264.496
263.803
275.451
301.635
345.52
405.586
470.485
528.074
574.326
610.133
637.373
657.772
672.775
683.582
691.189
696.412
699.908
702.185
703.631
704.525
705.064
705.383
705.568
705.675
705.738
705.775
705.799
705.816
705.829
705.84
705.85
705.859
705.868
705.877
705.885
705.893
705.9
705.908
705.915
705.922
705.929
705.936
705.942
705.948
705.955
705.961
705.966
705.972
705.978
705.983
705.988
705.993
705.998
706.003
706.008
706.012
706.017
706.021
706.025
706.029
706.033
706.037
706.041
706.044
706.048
706.051
706.054
706.058
706.061
706.064
706.066
706.069
706.072
706.074
706.077
706.079
706.081
706.083
706.086
706.087
706.089
706.091
706.093
706.094
706.096
706.097
706.099
706.1
706.101
706.102
706.103
706.104
706.105
706.105
706.106
706.106
706.107
706.107
706.108
706.108
706.108
706.041
706.041
706.041
706.041
706.04
706.04
706.039
706.039
706.038
706.037
706.036
706.035
706.034
706.033
706.032
706.03
706.029
706.027
706.025
706.024
706.022
706.02
706.018
706.016
706.013
706.011
706.009
706.006
706.003
706.001
705.998
705.995
705.992
705.988
705.985
705.982
705.978
705.975
705.971
705.967
705.963
705.959
705.955
705.95
705.946
705.941
705.936
705.931
705.926
705.921
705.916
705.91
705.905
705.899
705.893
705.887
705.881
705.874
705.867
705.861
705.854
705.846
705.839
705.831
705.824
705.816
705.807
705.799
705.79
705.781
705.771
705.761
705.749
705.736
705.719
705.694
705.656
705.593
705.485
705.298
704.977
704.433
703.531
702.071
699.767
696.228
690.93
683.203
672.2
656.882
635.972
607.898
570.711
522.192
461.239
392.898
331.501
288.224
262.735
250.936
250.325
260.745
284.419
325.392
384.964
453.358
515.696
565.733
604.173
633.222
654.881
670.769
682.2
690.243
695.767
699.465
701.877
703.409
704.356
704.929
705.267
705.464
705.578
705.644
705.683
705.708
705.726
705.739
705.751
705.761
705.77
705.779
705.788
705.796
705.804
705.812
705.82
705.827
705.834
705.841
705.848
705.854
705.861
705.867
705.873
705.879
705.885
705.89
705.896
705.901
705.906
705.911
705.916
705.921
705.926
705.93
705.934
705.939
705.943
705.947
705.95
705.954
705.958
705.961
705.965
705.968
705.971
705.974
705.977
705.98
705.983
705.985
705.988
705.99
705.993
705.995
705.997
705.999
706.001
706.003
706.005
706.007
706.008
706.01
706.011
706.012
706.014
706.015
706.016
706.017
706.018
706.018
706.019
706.02
706.02
706.021
706.021
706.021
706.022
706.022
705.944
705.944
705.944
705.943
705.943
705.943
705.942
705.941
705.941
705.94
705.939
705.938
705.937
705.936
705.934
705.933
705.931
705.93
705.928
705.926
705.925
705.923
705.921
705.918
705.916
705.914
705.911
705.909
705.906
705.903
705.9
705.897
705.894
705.891
705.888
705.884
705.881
705.877
705.873
705.87
705.866
705.861
705.857
705.853
705.848
705.844
705.839
705.834
705.829
705.824
705.818
705.813
705.807
705.801
705.795
705.789
705.783
705.776
705.77
705.763
705.756
705.749
705.741
705.734
705.726
705.718
705.709
705.701
705.692
705.683
705.673
705.663
705.651
705.637
705.62
705.594
705.555
705.489
705.375
705.178
704.839
704.264
703.312
701.772
699.345
695.619
690.045
681.916
670.339
654.205
632.133
602.387
562.755
510.719
445.497
374.619
314.684
274.555
251.442
240.807
240.261
249.662
271.114
308.957
366.673
437.15
503.721
557.41
598.41
629.211
652.084
668.825
680.856
689.318
695.132
699.026
701.568
703.183
704.183
704.788
705.145
705.353
705.473
705.542
705.583
705.61
705.627
705.641
705.653
705.663
705.672
705.681
705.69
705.698
705.706
705.714
705.722
705.729
705.736
705.743
705.75
705.757
705.763
705.77
705.776
705.782
705.787
705.793
705.798
705.804
705.809
705.814
705.819
705.824
705.828
705.833
705.837
705.841
705.845
705.849
705.853
705.857
705.861
705.864
705.867
705.871
705.874
705.877
705.88
705.883
705.886
705.888
705.891
705.893
705.896
705.898
705.9
705.902
705.904
705.906
705.908
705.909
705.911
705.912
705.914
705.915
705.916
705.918
705.919
705.92
705.921
705.921
705.922
705.923
705.923
705.924
705.924
705.924
705.924
705.924
705.841
705.841
705.84
705.84
705.84
705.839
705.839
705.838
705.837
705.836
705.836
705.835
705.833
705.832
705.831
705.83
705.828
705.827
705.825
705.823
705.821
705.819
705.817
705.815
705.813
705.81
705.808
705.805
705.803
705.8
705.797
705.794
705.791
705.788
705.785
705.781
705.778
705.774
705.77
705.766
705.762
705.758
705.754
705.75
705.745
705.74
705.736
705.731
705.726
705.72
705.715
705.71
705.704
705.698
705.692
705.686
705.68
705.673
705.667
705.66
705.653
705.646
705.638
705.631
705.623
705.615
705.606
705.598
705.589
705.58
705.57
705.56
705.548
705.535
705.517
705.491
705.449
705.38
705.261
705.054
704.698
704.094
703.094
701.477
698.931
695.025
689.186
680.674
668.551
651.641
628.466
597.127
555.166
499.827
430.956
358.846
301.24
264.103
242.967
233.256
232.761
241.353
260.968
295.908
351.04
422.264
492.365
549.466
592.907
625.377
649.406
666.957
679.559
688.422
694.512
698.595
701.261
702.958
704.009
704.645
705.02
705.239
705.364
705.437
705.479
705.506
705.525
705.539
705.55
705.56
705.569
705.578
705.587
705.595
705.603
705.611
705.619
705.626
705.633
705.64
705.647
705.654
705.66
705.666
705.673
705.678
705.684
705.69
705.695
705.701
705.706
705.711
705.716
705.72
705.725
705.729
705.734
705.738
705.742
705.746
705.75
705.754
705.757
705.761
705.764
705.767
705.771
705.774
705.777
705.779
705.782
705.785
705.787
705.79
705.792
705.794
705.797
705.799
705.801
705.803
705.804
705.806
705.808
705.809
705.811
705.812
705.813
705.814
705.815
705.816
705.817
705.818
705.819
705.819
705.82
705.82
705.821
705.821
705.821
705.821
705.734
705.734
705.734
705.733
705.733
705.733
705.732
705.731
705.731
705.73
705.729
705.728
705.727
705.726
705.724
705.723
705.721
705.72
705.718
705.716
705.715
705.713
705.711
705.708
705.706
705.704
705.701
705.699
705.696
705.693
705.691
705.688
705.685
705.681
705.678
705.675
705.671
705.667
705.664
705.66
705.656
705.652
705.648
705.643
705.639
705.634
705.629
705.624
705.619
705.614
705.609
705.603
705.598
705.592
705.586
705.58
705.574
705.567
705.561
705.554
705.547
705.54
705.533
705.525
705.517
705.509
705.501
705.493
705.484
705.475
705.465
705.455
705.444
705.43
705.412
705.385
705.342
705.27
705.146
704.929
704.556
703.924
702.878
701.188
698.528
694.451
688.36
679.486
666.846
649.207
624.994
592.16
548.02
489.665
417.853
345.593
290.646
256.122
236.575
227.586
227.13
235.088
253.233
285.674
338.016
408.934
481.787
541.983
587.707
621.746
646.861
665.176
678.317
687.559
693.913
698.175
700.961
702.735
703.835
704.501
704.894
705.123
705.254
705.329
705.374
705.401
705.42
705.434
705.445
705.455
705.464
705.473
705.482
705.49
705.498
705.506
705.513
705.52
705.528
705.535
705.541
705.548
705.554
705.56
705.566
705.572
705.578
705.584
705.589
705.594
705.599
705.604
705.609
705.614
705.619
705.623
705.627
705.632
705.636
705.64
705.643
705.647
705.651
705.654
705.658
705.661
705.664
705.667
705.67
705.673
705.676
705.678
705.681
705.683
705.686
705.688
705.69
705.692
705.694
705.696
705.698
705.699
705.701
705.702
705.704
705.705
705.706
705.708
705.709
705.71
705.71
705.711
705.712
705.713
705.713
705.713
705.714
705.714
705.714
705.714
705.626
705.626
705.625
705.625
705.625
705.624
705.624
705.623
705.622
705.622
705.621
705.62
705.619
705.617
705.616
705.615
705.613
705.612
705.61
705.608
705.606
705.604
705.602
705.6
705.598
705.596
705.593
705.591
705.588
705.585
705.582
705.579
705.576
705.573
705.57
705.567
705.563
705.559
705.556
705.552
705.548
705.544
705.54
705.535
705.531
705.526
705.522
705.517
705.512
705.507
705.501
705.496
705.49
705.485
705.479
705.473
705.466
705.46
705.454
705.447
705.44
705.433
705.426
705.418
705.411
705.403
705.395
705.386
705.378
705.369
705.359
705.349
705.338
705.324
705.306
705.278
705.234
705.16
705.03
704.805
704.415
703.756
702.666
700.905
698.137
693.898
687.57
678.354
665.232
646.912
621.735
587.514
541.367
480.323
406.271
334.634
282.317
249.981
231.695
223.269
222.842
230.306
247.287
277.653
327.321
397.226
472.081
535.016
582.841
618.334
644.46
663.488
677.134
686.733
693.336
697.768
700.668
702.516
703.663
704.358
704.768
705.006
705.143
705.221
705.267
705.295
705.314
705.328
705.339
705.349
705.358
705.367
705.375
705.383
705.391
705.399
705.406
705.414
705.421
705.427
705.434
705.441
705.447
705.453
705.459
705.465
705.471
705.476
705.481
705.487
705.492
705.497
705.502
705.506
705.511
705.515
705.519
705.524
705.528
705.532
705.535
705.539
705.543
705.546
705.55
705.553
705.556
705.559
705.562
705.565
705.567
705.57
705.573
705.575
705.577
705.58
705.582
705.584
705.586
705.588
705.589
705.591
705.593
705.594
705.596
705.597
705.598
705.599
705.6
705.601
705.602
705.603
705.604
705.604
705.605
705.605
705.605
705.606
705.606
705.606
705.517
705.517
705.516
705.516
705.516
705.515
705.515
705.514
705.513
705.513
705.512
705.511
705.51
705.508
705.507
705.506
705.504
705.503
705.501
705.499
705.498
705.496
705.494
705.491
705.489
705.487
705.485
705.482
705.479
705.477
705.474
705.471
705.468
705.465
705.461
705.458
705.455
705.451
705.447
705.443
705.439
705.435
705.431
705.427
705.423
705.418
705.413
705.408
705.404
705.398
705.393
705.388
705.382
705.377
705.371
705.365
705.359
705.353
705.346
705.339
705.333
705.326
705.319
705.311
705.304
705.296
705.288
705.28
705.271
705.263
705.253
705.243
705.232
705.218
705.2
705.172
705.127
705.05
704.916
704.681
704.276
703.591
702.458
700.631
697.761
693.368
686.818
677.284
663.713
644.762
618.696
583.202
535.228
471.833
396.17
325.629
275.731
245.194
227.908
219.924
219.52
226.595
242.651
271.321
318.581
387.077
463.28
528.587
578.321
615.151
642.21
661.898
676.014
685.947
692.783
697.376
700.384
702.303
703.494
704.216
704.643
704.891
705.032
705.113
705.161
705.189
705.208
705.222
705.233
705.243
705.252
705.261
705.269
705.277
705.284
705.292
705.299
705.306
705.313
705.32
705.327
705.333
705.339
705.345
705.351
705.357
705.363
705.368
705.373
705.379
705.384
705.389
705.393
705.398
705.402
705.407
705.411
705.415
705.419
705.423
705.427
705.431
705.434
705.438
705.441
705.444
705.447
705.45
705.453
705.456
705.459
705.461
705.464
705.466
705.469
705.471
705.473
705.475
705.477
705.479
705.481
705.482
705.484
705.485
705.487
705.488
705.489
705.49
705.491
705.492
705.493
705.494
705.495
705.495
705.496
705.496
705.497
705.497
705.497
705.497
705.408
705.408
705.408
705.408
705.407
705.407
705.406
705.406
705.405
705.404
705.403
705.402
705.401
705.4
705.399
705.397
705.396
705.394
705.393
705.391
705.389
705.387
705.385
705.383
705.381
705.378
705.376
705.374
705.371
705.368
705.365
705.362
705.359
705.356
705.353
705.35
705.346
705.343
705.339
705.335
705.331
705.327
705.323
705.319
705.315
705.31
705.305
705.301
705.296
705.291
705.286
705.28
705.275
705.269
705.263
705.258
705.252
705.245
705.239
705.232
705.226
705.219
705.212
705.205
705.197
705.19
705.182
705.174
705.166
705.157
705.148
705.138
705.127
705.114
705.095
705.067
705.02
704.941
704.802
704.559
704.14
703.43
702.257
700.367
697.4
692.864
686.106
676.276
662.29
642.76
615.879
579.225
529.605
464.183
387.431
318.228
270.466
241.401
224.915
217.282
216.895
223.66
238.978
266.264
311.424
378.343
455.368
522.698
574.149
612.199
640.113
660.408
674.96
685.202
692.257
697.001
700.11
702.095
703.329
704.077
704.52
704.776
704.923
705.007
705.055
705.084
705.103
705.117
705.128
705.138
705.147
705.155
705.163
705.171
705.178
705.186
705.193
705.2
705.207
705.213
705.22
705.226
705.232
705.238
705.244
705.25
705.255
705.26
705.266
705.271
705.276
705.281
705.285
705.29
705.294
705.299
705.303
705.307
705.311
705.315
705.319
705.322
705.326
705.329
705.333
705.336
705.339
705.342
705.345
705.348
705.35
705.353
705.355
705.358
705.36
705.362
705.364
705.366
705.368
705.37
705.372
705.374
705.375
705.377
705.378
705.379
705.38
705.382
705.383
705.384
705.384
705.385
705.386
705.387
705.387
705.387
705.388
705.388
705.388
705.388
705.301
705.3
705.3
705.3
705.3
705.299
705.299
705.298
705.297
705.297
705.296
705.295
705.294
705.292
705.291
705.29
705.288
705.287
705.285
705.283
705.282
705.28
705.278
705.276
705.273
705.271
705.269
705.266
705.264
705.261
705.258
705.255
705.252
705.249
705.246
705.243
705.239
705.236
705.232
705.228
705.224
705.22
705.216
705.212
705.208
705.203
705.199
705.194
705.189
705.184
705.179
705.174
705.169
705.163
705.157
705.152
705.146
705.14
705.133
705.127
705.12
705.114
705.107
705.1
705.092
705.085
705.077
705.07
705.062
705.053
705.045
705.035
705.024
705.01
704.992
704.963
704.916
704.834
704.691
704.44
704.007
703.274
702.063
700.113
697.056
692.387
685.436
675.333
660.965
640.905
613.282
575.577
524.484
457.331
379.896
312.112
266.201
238.342
222.502
215.15
214.776
221.293
236.013
262.166
305.524
370.845
448.293
517.332
570.32
609.474
638.168
659.021
673.972
684.501
691.758
696.643
699.847
701.895
703.169
703.942
704.399
704.664
704.816
704.902
704.951
704.981
705
705.014
705.025
705.034
705.043
705.051
705.059
705.066
705.073
705.081
705.088
705.094
705.101
705.108
705.114
705.12
705.126
705.132
705.138
705.143
705.149
705.154
705.159
705.164
705.169
705.174
705.179
705.183
705.188
705.192
705.196
705.2
705.204
705.208
705.211
705.215
705.219
705.222
705.225
705.228
705.232
705.234
705.237
705.24
705.243
705.245
705.248
705.25
705.253
705.255
705.257
705.259
705.261
705.263
705.264
705.266
705.268
705.269
705.27
705.272
705.273
705.274
705.275
705.276
705.277
705.278
705.278
705.279
705.279
705.28
705.28
705.28
705.281
705.281
705.195
705.195
705.195
705.195
705.195
705.194
705.194
705.193
705.192
705.191
705.191
705.19
705.189
705.187
705.186
705.185
705.183
705.182
705.18
705.178
705.177
705.175
705.173
705.171
705.169
705.166
705.164
705.161
705.159
705.156
705.153
705.15
705.148
705.144
705.141
705.138
705.135
705.131
705.127
705.124
705.12
705.116
705.112
705.108
705.104
705.099
705.095
705.09
705.085
705.08
705.075
705.07
705.065
705.06
705.054
705.048
705.042
705.037
705.03
705.024
705.018
705.011
705.004
704.998
704.991
704.983
704.976
704.968
704.961
704.953
704.944
704.935
704.924
704.911
704.892
704.863
704.815
704.731
704.584
704.325
703.879
703.124
701.878
699.873
696.731
691.938
684.809
674.456
659.739
639.195
610.899
572.247
519.839
451.215
373.401
307.016
262.692
235.83
220.518
213.395
213.031
219.344
233.575
258.794
300.615
364.404
441.99
512.463
566.82
606.972
636.375
657.735
673.052
683.845
691.29
696.304
699.597
701.704
703.016
703.812
704.283
704.556
704.712
704.8
704.851
704.881
704.9
704.914
704.924
704.933
704.942
704.95
704.957
704.964
704.972
704.979
704.985
704.992
704.998
705.005
705.011
705.017
705.023
705.029
705.034
705.04
705.045
705.05
705.055
705.06
705.065
705.07
705.074
705.079
705.083
705.087
705.091
705.095
705.099
705.103
705.107
705.11
705.114
705.117
705.12
705.124
705.127
705.13
705.132
705.135
705.138
705.14
705.143
705.145
705.147
705.15
705.152
705.154
705.156
705.157
705.159
705.161
705.162
705.164
705.165
705.166
705.168
705.169
705.17
705.171
705.171
705.172
705.173
705.174
705.174
705.174
705.175
705.175
705.175
705.175
705.095
705.095
705.095
705.095
705.094
705.094
705.093
705.093
705.092
705.091
705.09
705.089
705.088
705.087
705.086
705.084
705.083
705.081
705.08
705.078
705.076
705.074
705.072
705.07
705.068
705.066
705.064
705.061
705.059
705.056
705.053
705.05
705.047
705.044
705.041
705.038
705.035
705.031
705.028
705.024
705.02
705.016
705.012
705.008
705.004
705
704.995
704.991
704.986
704.981
704.976
704.971
704.966
704.961
704.956
704.95
704.944
704.939
704.933
704.927
704.92
704.914
704.907
704.901
704.894
704.887
704.88
704.873
704.865
704.858
704.849
704.84
704.83
704.817
704.798
704.769
704.72
704.635
704.483
704.218
703.76
702.984
701.705
699.648
696.429
691.522
684.229
673.646
658.612
637.63
608.726
569.22
515.643
445.771
367.792
302.731
259.765
233.731
218.854
211.919
211.564
217.708
231.535
255.976
296.489
358.855
436.385
508.061
563.635
604.687
634.73
656.551
672.203
683.237
690.854
695.989
699.364
701.525
702.872
703.691
704.175
704.455
704.615
704.705
704.757
704.787
704.806
704.82
704.83
704.839
704.847
704.854
704.861
704.868
704.875
704.882
704.888
704.895
704.901
704.907
704.913
704.919
704.925
704.93
704.936
704.941
704.946
704.951
704.956
704.961
704.966
704.97
704.975
704.979
704.983
704.988
704.992
704.996
704.999
705.003
705.007
705.01
705.014
705.017
705.02
705.023
705.026
705.029
705.032
705.035
705.037
705.04
705.042
705.045
705.047
705.049
705.051
705.053
705.055
705.057
705.058
705.06
705.062
705.063
705.064
705.066
705.067
705.068
705.069
705.07
705.071
705.071
705.072
705.073
705.073
705.074
705.074
705.074
705.074
705.074
705.003
705.003
705.003
705.002
705.002
705.002
705.001
705.001
705
704.999
704.998
704.997
704.996
704.995
704.994
704.992
704.991
704.99
704.988
704.986
704.984
704.983
704.981
704.979
704.976
704.974
704.972
704.969
704.967
704.964
704.962
704.959
704.956
704.953
704.95
704.947
704.943
704.94
704.936
704.933
704.929
704.925
704.921
704.917
704.913
704.909
704.905
704.9
704.896
704.891
704.886
704.881
704.876
704.871
704.866
704.861
704.855
704.85
704.844
704.838
704.832
704.826
704.82
704.814
704.807
704.801
704.794
704.787
704.78
704.773
704.765
704.756
704.746
704.734
704.715
704.686
704.637
704.549
704.395
704.123
703.653
702.859
701.549
699.445
696.154
691.142
683.7
672.908
657.586
636.208
606.757
566.485
511.867
440.935
362.936
299.094
257.288
231.948
217.435
210.658
210.309
216.311
229.8
253.588
292.985
354.06
431.409
504.095
560.751
602.612
633.233
655.471
671.427
682.681
690.455
695.701
699.152
701.364
702.744
703.582
704.078
704.366
704.529
704.621
704.673
704.704
704.723
704.736
704.745
704.754
704.761
704.768
704.775
704.782
704.788
704.794
704.801
704.807
704.813
704.819
704.824
704.83
704.835
704.841
704.846
704.851
704.856
704.861
704.866
704.87
704.875
704.879
704.884
704.888
704.892
704.896
704.9
704.904
704.908
704.911
704.915
704.918
704.922
704.925
704.928
704.931
704.934
704.937
704.94
704.942
704.945
704.947
704.95
704.952
704.954
704.956
704.958
704.96
704.962
704.964
704.966
704.967
704.969
704.97
704.972
704.973
704.974
704.975
704.976
704.977
704.978
704.979
704.979
704.98
704.98
704.981
704.981
704.981
704.982
704.982
704.926
704.926
704.925
704.925
704.925
704.924
704.924
704.923
704.922
704.922
704.921
704.92
704.919
704.918
704.916
704.915
704.914
704.912
704.911
704.909
704.907
704.905
704.903
704.901
704.899
704.897
704.895
704.892
704.89
704.887
704.885
704.882
704.879
704.876
704.873
704.87
704.867
704.863
704.86
704.856
704.853
704.849
704.845
704.841
704.837
704.833
704.829
704.825
704.82
704.816
704.811
704.807
704.802
704.797
704.792
704.787
704.782
704.777
704.771
704.766
704.76
704.754
704.749
704.743
704.737
704.731
704.724
704.718
704.712
704.705
704.698
704.69
704.681
704.668
704.65
704.621
704.572
704.483
704.326
704.048
703.568
702.756
701.418
699.271
695.914
690.806
683.228
672.247
656.665
634.931
604.988
564.029
508.487
436.65
358.724
295.983
255.169
230.414
216.206
209.561
209.218
215.1
228.303
251.541
289.985
349.902
427.001
500.539
558.156
600.743
631.885
654.499
670.729
682.183
690.101
695.448
698.97
701.228
702.637
703.494
704.002
704.295
704.462
704.556
704.608
704.638
704.657
704.669
704.678
704.686
704.693
704.699
704.705
704.711
704.717
704.723
704.729
704.735
704.74
704.746
704.751
704.756
704.761
704.766
704.771
704.776
704.781
704.786
704.79
704.795
704.799
704.803
704.807
704.812
704.816
704.819
704.823
704.827
704.831
704.834
704.837
704.841
704.844
704.847
704.85
704.853
704.856
704.859
704.862
704.864
704.867
704.869
704.872
704.874
704.876
704.878
704.88
704.882
704.884
704.886
704.887
704.889
704.89
704.892
704.893
704.894
704.896
704.897
704.898
704.899
704.899
704.9
704.901
704.901
704.902
704.902
704.903
704.903
704.903
704.903
704.873
704.873
704.873
704.873
704.872
704.872
704.871
704.871
704.87
704.869
704.868
704.867
704.866
704.865
704.864
704.863
704.861
704.86
704.858
704.856
704.855
704.853
704.851
704.849
704.847
704.845
704.842
704.84
704.838
704.835
704.832
704.83
704.827
704.824
704.821
704.818
704.815
704.812
704.808
704.805
704.802
704.798
704.794
704.791
704.787
704.783
704.779
704.775
704.771
704.766
704.762
704.758
704.753
704.749
704.744
704.739
704.735
704.73
704.725
704.72
704.715
704.71
704.704
704.699
704.694
704.688
704.683
704.677
704.671
704.666
704.659
704.652
704.644
704.633
704.616
704.587
704.537
704.448
704.288
704.005
703.516
702.688
701.324
699.137
695.721
690.525
682.823
671.672
655.856
633.803
603.42
561.848
505.485
432.871
355.067
293.306
253.339
229.079
215.129
208.596
208.257
214.038
226.998
249.769
287.399
346.292
423.108
497.372
555.844
599.081
630.69
653.642
670.119
681.754
689.803
695.243
698.828
701.128
702.565
703.439
703.957
704.256
704.426
704.52
704.573
704.602
704.62
704.631
704.64
704.646
704.652
704.658
704.663
704.669
704.674
704.679
704.684
704.689
704.694
704.699
704.704
704.708
704.713
704.718
704.722
704.727
704.731
704.735
704.74
704.744
704.748
704.752
704.756
704.76
704.764
704.767
704.771
704.774
704.778
704.781
704.784
704.788
704.791
704.794
704.797
704.8
704.803
704.805
704.808
704.81
704.813
704.815
704.818
704.82
704.822
704.824
704.826
704.828
704.83
704.831
704.833
704.835
704.836
704.838
704.839
704.84
704.841
704.842
704.843
704.844
704.845
704.846
704.846
704.847
704.847
704.848
704.848
704.848
704.849
704.849
704.861
704.861
704.861
704.861
704.86
704.86
704.859
704.859
704.858
704.857
704.856
704.855
704.854
704.853
704.852
704.851
704.849
704.848
704.846
704.845
704.843
704.841
704.839
704.837
704.835
704.833
704.831
704.828
704.826
704.824
704.821
704.818
704.816
704.813
704.81
704.807
704.804
704.801
704.798
704.795
704.791
704.788
704.785
704.781
704.777
704.774
704.77
704.766
704.762
704.759
704.755
704.751
704.747
704.743
704.738
704.734
704.73
704.726
704.721
704.717
704.713
704.708
704.704
704.7
704.695
704.691
704.686
704.682
704.677
704.673
704.668
704.662
704.655
704.645
704.629
704.601
704.552
704.462
704.301
704.014
703.516
702.674
701.286
699.062
695.591
690.318
682.504
671.198
655.172
632.833
602.058
559.94
502.847
429.56
351.899
290.995
251.749
227.907
214.176
207.738
207.402
213.096
225.851
248.225
285.16
343.159
419.692
494.58
553.812
597.63
629.657
652.913
669.612
681.411
689.579
695.102
698.744
701.084
702.547
703.436
703.963
704.267
704.438
704.533
704.585
704.614
704.63
704.641
704.647
704.653
704.658
704.662
704.666
704.67
704.674
704.679
704.683
704.687
704.691
704.695
704.699
704.703
704.707
704.711
704.715
704.719
704.723
704.726
704.73
704.734
704.738
704.741
704.745
704.748
704.752
704.755
704.759
704.762
704.765
704.768
704.771
704.774
704.777
704.78
704.783
704.786
704.789
704.791
704.794
704.796
704.799
704.801
704.803
704.805
704.807
704.809
704.811
704.813
704.815
704.817
704.818
704.82
704.821
704.823
704.824
704.825
704.826
704.827
704.828
704.829
704.83
704.831
704.831
704.832
704.832
704.833
704.833
704.833
704.834
704.834
704.914
704.914
704.913
704.913
704.913
704.912
704.912
704.911
704.911
704.91
704.909
704.908
704.907
704.906
704.905
704.903
704.902
704.9
704.899
704.897
704.896
704.894
704.892
704.89
704.888
704.886
704.884
704.881
704.879
704.877
704.874
704.872
704.869
704.866
704.864
704.861
704.858
704.855
704.852
704.849
704.846
704.843
704.84
704.837
704.833
704.83
704.827
704.823
704.82
704.817
704.813
704.81
704.806
704.803
704.8
704.796
704.793
704.789
704.786
704.783
704.779
704.776
704.773
704.77
704.767
704.764
704.76
704.758
704.755
704.752
704.748
704.745
704.739
704.731
704.717
704.691
704.643
704.554
704.391
704.101
703.596
702.74
701.331
699.073
695.551
690.205
682.292
670.848
654.632
632.038
600.913
558.309
500.569
426.692
349.168
289.001
250.363
226.875
213.329
206.97
206.636
212.257
224.836
246.875
283.222
340.452
416.723
492.156
552.065
596.402
628.801
652.329
669.23
681.176
689.449
695.05
698.747
701.123
702.609
703.512
704.047
704.355
704.527
704.622
704.673
704.7
704.714
704.722
704.728
704.731
704.734
704.737
704.739
704.742
704.744
704.747
704.75
704.752
704.755
704.758
704.761
704.764
704.767
704.77
704.773
704.776
704.78
704.783
704.786
704.789
704.792
704.795
704.798
704.801
704.804
704.807
704.81
704.813
704.816
704.819
704.822
704.825
704.827
704.83
704.833
704.835
704.838
704.84
704.843
704.845
704.847
704.849
704.852
704.854
704.856
704.858
704.859
704.861
704.863
704.865
704.866
704.868
704.869
704.871
704.872
704.873
704.874
704.875
704.876
704.877
704.878
704.879
704.879
704.88
704.88
704.881
704.881
704.881
704.881
704.882
705.065
705.065
705.065
705.065
705.065
705.064
705.064
705.063
705.062
705.061
705.061
705.06
705.059
705.057
705.056
705.055
705.054
705.052
705.051
705.049
705.047
705.045
705.044
705.042
705.04
705.038
705.036
705.033
705.031
705.029
705.026
705.024
705.022
705.019
705.017
705.014
705.011
705.009
705.006
705.003
705.001
704.998
704.995
704.992
704.989
704.987
704.984
704.981
704.978
704.976
704.973
704.97
704.968
704.965
704.963
704.961
704.958
704.956
704.954
704.952
704.95
704.948
704.947
704.945
704.944
704.943
704.942
704.941
704.941
704.94
704.939
704.938
704.935
704.93
704.918
704.895
704.848
704.761
704.598
704.305
703.794
702.927
701.498
699.208
695.64
690.226
682.219
670.649
654.266
631.442
600.006
556.971
498.655
424.254
346.838
287.289
249.158
225.964
212.572
206.28
205.948
211.506
223.939
245.695
281.551
338.134
414.186
490.104
550.616
595.415
628.147
651.92
669.001
681.08
689.453
695.126
698.873
701.282
702.789
703.706
704.247
704.557
704.73
704.824
704.873
704.897
704.909
704.914
704.917
704.918
704.918
704.918
704.918
704.919
704.919
704.92
704.921
704.922
704.923
704.924
704.926
704.927
704.929
704.931
704.932
704.934
704.936
704.939
704.941
704.943
704.945
704.948
704.95
704.952
704.955
704.957
704.96
704.962
704.965
704.967
704.97
704.972
704.974
704.977
704.979
704.982
704.984
704.986
704.988
704.99
704.993
704.995
704.997
704.999
705.001
705.002
705.004
705.006
705.008
705.009
705.011
705.012
705.014
705.015
705.016
705.017
705.019
705.02
705.021
705.021
705.022
705.023
705.024
705.024
705.025
705.025
705.025
705.026
705.026
705.026
705.364
705.364
705.364
705.364
705.363
705.363
705.362
705.362
705.361
705.36
705.359
705.358
705.357
705.356
705.355
705.354
705.352
705.351
705.349
705.347
705.346
705.344
705.342
705.34
705.338
705.336
705.334
705.332
705.33
705.328
705.326
705.323
705.321
705.319
705.317
705.314
705.312
705.309
705.307
705.305
705.302
705.3
705.298
705.296
705.294
705.292
705.289
705.288
705.286
705.284
705.282
705.281
705.279
705.278
705.277
705.276
705.275
705.275
705.275
705.274
705.275
705.275
705.276
705.276
705.278
705.279
705.281
705.283
705.285
705.288
705.29
705.292
705.293
705.291
705.283
705.263
705.22
705.134
704.973
704.678
704.162
703.285
701.838
699.518
695.906
690.429
682.334
670.645
654.106
631.078
599.365
555.948
497.12
422.241
344.888
285.834
248.115
225.162
211.898
205.661
205.33
210.835
223.145
244.67
280.123
336.18
412.072
488.436
549.488
594.698
627.728
651.72
668.966
681.171
689.639
695.379
699.173
701.614
703.141
704.068
704.615
704.927
705.099
705.19
705.236
705.257
705.265
705.267
705.266
705.263
705.26
705.257
705.254
705.251
705.249
705.247
705.245
705.243
705.242
705.241
705.241
705.24
705.24
705.24
705.24
705.241
705.241
705.242
705.243
705.244
705.245
705.246
705.248
705.249
705.251
705.253
705.254
705.256
705.258
705.26
705.262
705.264
705.266
705.268
705.27
705.272
705.274
705.276
705.278
705.28
705.282
705.284
705.286
705.287
705.289
705.291
705.293
705.294
705.296
705.297
705.299
705.3
705.302
705.303
705.304
705.305
705.307
705.308
705.309
705.309
705.31
705.311
705.312
705.312
705.313
705.313
705.313
705.314
705.314
705.314
705.873
705.873
705.873
705.873
705.872
705.872
705.871
705.871
705.87
705.869
705.868
705.867
705.866
705.865
705.864
705.862
705.861
705.859
705.858
705.856
705.855
705.853
705.851
705.849
705.847
705.845
705.843
705.841
705.839
705.837
705.835
705.833
705.831
705.829
705.827
705.825
705.823
705.821
705.819
705.817
705.815
705.814
705.812
705.811
705.809
705.808
705.807
705.806
705.805
705.805
705.805
705.804
705.805
705.805
705.806
705.807
705.808
705.81
705.812
705.814
705.817
705.82
705.823
705.827
705.832
705.837
705.842
705.848
705.854
705.861
705.868
705.874
705.88
705.883
705.879
705.864
705.825
705.743
705.583
705.289
704.769
703.882
702.417
700.069
696.414
690.875
682.696
670.896
654.211
630.995
599.035
555.276
495.99
420.662
343.304
284.622
247.224
224.463
211.299
205.106
204.775
210.238
222.45
243.788
278.923
334.577
410.388
487.176
548.714
594.294
627.591
651.784
669.186
681.51
690.066
695.872
699.712
702.183
703.729
704.667
705.218
705.53
705.7
705.788
705.829
705.846
705.849
705.846
705.84
705.832
705.825
705.817
705.81
705.803
705.797
705.791
705.786
705.781
705.777
705.773
705.77
705.767
705.764
705.762
705.76
705.758
705.757
705.756
705.755
705.754
705.754
705.754
705.754
705.755
705.755
705.756
705.757
705.757
705.759
705.76
705.761
705.762
705.764
705.765
705.767
705.768
705.77
705.772
705.773
705.775
705.777
705.779
705.78
705.782
705.784
705.785
705.787
705.788
705.79
705.791
705.793
705.794
705.796
705.797
705.798
705.799
705.8
705.801
705.802
705.803
705.804
705.805
705.805
705.806
705.806
705.807
705.807
705.807
705.808
705.808
706.673
706.673
706.672
706.672
706.672
706.671
706.671
706.67
706.669
706.668
706.667
706.666
706.665
706.664
706.662
706.661
706.659
706.658
706.656
706.655
706.653
706.651
706.649
706.648
706.646
706.644
706.642
706.64
706.638
706.636
706.634
706.632
706.63
706.629
706.627
706.625
706.624
706.622
706.621
706.62
706.619
706.618
706.617
706.616
706.616
706.616
706.616
706.616
706.617
706.618
706.619
706.621
706.623
706.626
706.629
706.632
706.636
706.64
706.645
706.651
706.657
706.663
706.671
706.679
706.687
706.696
706.706
706.717
706.728
706.74
706.752
706.765
706.776
706.785
706.787
706.778
706.744
706.667
706.51
706.217
705.694
704.798
703.316
700.94
697.242
691.642
683.379
671.468
654.643
631.249
599.061
555.014
495.318
419.538
342.088
283.648
246.482
223.861
210.774
204.614
204.283
209.712
221.848
243.045
277.946
333.324
409.15
486.372
548.357
594.251
627.791
652.175
669.726
682.167
690.813
696.684
700.569
703.071
704.635
705.583
706.137
706.449
706.615
706.698
706.734
706.744
706.741
706.731
706.719
706.706
706.692
706.679
706.667
706.655
706.644
706.634
706.624
706.615
706.607
706.599
706.592
706.586
706.58
706.575
706.57
706.566
706.562
706.559
706.556
706.553
706.551
706.549
706.548
706.547
706.546
706.545
706.545
706.545
706.545
706.545
706.545
706.546
706.547
706.548
706.549
706.55
706.551
706.552
706.553
706.555
706.556
706.558
706.559
706.561
706.562
706.564
706.565
706.567
706.568
706.57
706.571
706.572
706.574
706.575
706.576
706.577
706.578
706.579
706.58
706.581
706.582
706.583
706.584
706.584
706.585
706.585
706.585
706.586
706.586
706.586
707.856
707.856
707.856
707.856
707.855
707.855
707.854
707.853
707.852
707.851
707.85
707.849
707.848
707.846
707.845
707.844
707.842
707.84
707.839
707.837
707.835
707.833
707.831
707.83
707.828
707.826
707.824
707.822
707.82
707.818
707.817
707.815
707.813
707.812
707.81
707.809
707.808
707.807
707.806
707.806
707.806
707.806
707.806
707.806
707.807
707.808
707.81
707.812
707.814
707.817
707.821
707.825
707.829
707.834
707.84
707.846
707.853
707.861
707.869
707.878
707.888
707.899
707.911
707.924
707.937
707.952
707.967
707.984
708.001
708.019
708.038
708.057
708.076
708.092
708.102
708.099
708.073
708.001
707.849
707.557
707.032
706.128
704.629
702.224
698.481
692.817
684.467
672.445
655.478
631.909
599.503
555.171
495.127
418.976
341.305
282.934
245.893
223.359
210.322
204.184
203.852
209.257
221.339
242.443
277.201
332.463
408.457
486.073
548.424
594.623
628.398
652.968
670.669
683.228
691.966
697.904
701.837
704.37
705.953
706.909
707.466
707.776
707.938
708.014
708.042
708.045
708.035
708.017
707.998
707.977
707.957
707.937
707.918
707.9
707.883
707.867
707.852
707.838
707.825
707.813
707.802
707.791
707.781
707.772
707.764
707.757
707.75
707.744
707.738
707.733
707.729
707.725
707.721
707.719
707.716
707.714
707.712
707.711
707.709
707.709
707.708
707.708
707.708
707.708
707.708
707.709
707.709
707.71
707.711
707.712
707.713
707.714
707.716
707.717
707.718
707.72
707.721
707.722
707.724
707.725
707.726
707.728
707.729
707.73
707.732
707.733
707.734
707.735
707.736
707.737
707.738
707.739
707.739
707.74
707.74
707.741
707.741
707.741
707.742
707.742
709.528
709.528
709.527
709.527
709.527
709.526
709.525
709.524
709.523
709.522
709.521
709.52
709.518
709.517
709.515
709.514
709.512
709.51
709.508
709.507
709.505
709.503
709.501
709.499
709.497
709.495
709.493
709.491
709.489
709.488
709.486
709.485
709.483
709.482
709.481
709.48
709.48
709.479
709.479
709.479
709.48
709.481
709.482
709.484
709.486
709.489
709.492
709.496
709.5
709.505
709.511
709.517
709.524
709.532
709.541
709.551
709.561
709.573
709.586
709.599
709.614
709.63
709.647
709.665
709.684
709.705
709.727
709.75
709.774
709.8
709.826
709.853
709.88
709.904
709.922
709.928
709.909
709.845
709.699
709.41
708.883
707.971
706.454
704.018
700.227
694.496
686.055
673.915
656.802
633.057
600.439
555.842
495.437
418.825
340.871
282.462
245.461
222.967
209.953
203.824
203.49
208.883
220.939
242
276.704
331.968
408.193
486.259
549.003
595.49
629.492
654.248
672.103
684.787
693.62
699.63
703.613
706.179
707.78
708.745
709.304
709.611
709.767
709.836
709.856
709.85
709.83
709.804
709.776
709.747
709.718
709.691
709.664
709.639
709.616
709.593
709.572
709.552
709.533
709.516
709.499
709.484
709.47
709.457
709.444
709.433
709.423
709.413
709.405
709.397
709.39
709.384
709.378
709.373
709.368
709.364
709.361
709.358
709.356
709.353
709.352
709.35
709.349
709.349
709.348
709.348
709.348
709.349
709.349
709.35
709.35
709.351
709.352
709.353
709.355
709.356
709.357
709.359
709.36
709.361
709.363
709.364
709.365
709.367
709.368
709.369
709.37
709.371
709.372
709.373
709.374
709.375
709.376
709.377
709.377
709.378
709.378
709.378
709.378
709.379
711.792
711.792
711.792
711.791
711.791
711.79
711.789
711.788
711.787
711.786
711.785
711.783
711.782
711.78
711.778
711.776
711.774
711.772
711.77
711.768
711.766
711.764
711.762
711.76
711.758
711.756
711.754
711.752
711.75
711.748
711.747
711.745
711.744
711.743
711.743
711.742
711.742
711.742
711.743
711.744
711.745
711.747
711.75
711.753
711.756
711.761
711.766
711.771
711.778
711.785
711.793
711.802
711.812
711.823
711.836
711.849
711.863
711.879
711.896
711.915
711.934
711.956
711.978
712.002
712.028
712.056
712.084
712.115
712.147
712.181
712.215
712.251
712.287
712.32
712.348
712.363
712.352
712.296
712.156
711.871
711.342
710.422
708.886
706.418
702.577
696.773
688.235
675.969
658.703
634.776
601.946
557.096
496.349
419.24
340.811
282.199
245.152
222.653
209.642
203.517
203.182
208.567
220.612
241.664
276.391
331.805
408.457
487.046
550.168
596.929
631.156
656.104
674.121
686.936
695.872
701.957
705.994
708.593
710.214
711.188
711.748
712.052
712.201
712.261
712.272
712.256
712.227
712.191
712.153
712.115
712.077
712.041
712.006
711.973
711.942
711.912
711.884
711.857
711.832
711.809
711.787
711.766
711.747
711.729
711.713
711.698
711.683
711.67
711.658
711.647
711.637
711.628
711.62
711.613
711.606
711.6
711.595
711.591
711.587
711.583
711.58
711.578
711.576
711.575
711.573
711.573
711.572
711.572
711.572
711.572
711.573
711.573
711.574
711.575
711.576
711.577
711.578
711.58
711.581
711.583
711.584
711.585
711.587
711.588
711.589
711.591
711.592
711.593
711.594
711.596
711.596
711.597
711.598
711.599
711.6
711.6
711.601
711.601
711.601
711.601
714.742
714.742
714.742
714.741
714.741
714.74
714.739
714.738
714.737
714.735
714.734
714.732
714.73
714.728
714.726
714.724
714.722
714.72
714.717
714.715
714.713
714.71
714.708
714.705
714.703
714.701
714.699
714.697
714.695
714.693
714.692
714.69
714.689
714.688
714.688
714.688
714.688
714.689
714.69
714.692
714.694
714.697
714.7
714.705
714.71
714.715
714.722
714.73
714.738
714.748
714.758
714.77
714.783
714.798
714.813
714.83
714.849
714.869
714.89
714.914
714.939
714.966
714.994
715.024
715.057
715.091
715.127
715.165
715.205
715.247
715.29
715.335
715.38
715.423
715.46
715.484
715.483
715.435
715.302
715.02
714.49
713.561
712.006
709.504
705.611
699.731
691.089
678.691
661.263
637.147
604.103
559.006
497.928
420.278
341.2
282.201
245.001
222.445
209.411
203.276
202.938
208.327
220.385
241.478
276.321
332.057
409.326
488.499
551.99
599.018
633.472
658.618
676.804
689.758
698.801
704.967
709.058
711.693
713.334
714.317
714.879
715.178
715.321
715.372
715.373
715.347
715.307
715.261
715.213
715.165
715.119
715.073
715.03
714.989
714.949
714.912
714.877
714.843
714.812
714.782
714.755
714.729
714.704
714.681
714.66
714.641
714.623
714.606
714.59
714.576
714.563
714.552
714.541
714.531
714.522
714.515
714.508
714.502
714.496
714.491
714.487
714.484
714.481
714.479
714.477
714.475
714.474
714.474
714.473
714.473
714.473
714.474
714.475
714.475
714.476
714.478
714.479
714.48
714.482
714.483
714.485
714.486
714.488
714.489
714.491
714.492
714.493
714.495
714.496
714.497
714.498
714.499
714.5
714.501
714.502
714.503
714.503
714.503
714.504
714.504
718.445
718.445
718.444
718.444
718.443
718.442
718.441
718.44
718.438
718.437
718.435
718.433
718.431
718.428
718.426
718.424
718.421
718.419
718.416
718.413
718.41
718.408
718.405
718.402
718.4
718.397
718.395
718.392
718.39
718.388
718.387
718.385
718.384
718.383
718.383
718.383
718.384
718.385
718.386
718.388
718.391
718.395
718.399
718.405
718.411
718.418
718.426
718.435
718.446
718.458
718.471
718.485
718.501
718.518
718.537
718.558
718.58
718.604
718.63
718.658
718.688
718.72
718.754
718.79
718.829
718.87
718.913
718.958
719.006
719.056
719.107
719.16
719.214
719.266
719.312
719.346
719.354
719.314
719.186
718.908
718.377
717.439
715.865
713.329
709.381
703.423
694.676
682.141
664.546
640.236
606.977
561.64
500.241
421.996
342.074
282.49
245.022
222.352
209.267
203.11
202.769
208.171
220.268
241.453
276.517
332.764
410.855
490.685
554.539
601.826
636.506
661.855
680.215
693.311
702.466
708.713
712.86
715.531
717.193
718.185
718.748
719.043
719.179
719.222
719.213
719.177
719.127
719.071
719.013
718.956
718.9
718.846
718.795
718.745
718.699
718.654
718.612
718.572
718.534
718.498
718.465
718.434
718.404
718.377
718.351
718.328
718.306
718.285
718.267
718.249
718.234
718.219
718.206
718.194
718.184
718.174
718.165
718.158
718.151
718.145
718.14
718.136
718.132
718.129
718.126
718.124
718.123
718.122
718.121
718.121
718.121
718.122
718.122
718.123
718.124
718.125
718.127
718.128
718.13
718.131
718.133
718.135
718.136
718.138
718.14
718.141
718.143
718.145
718.146
718.147
718.149
718.15
718.151
718.152
718.153
718.153
718.154
718.154
718.155
718.155
722.925
722.925
722.924
722.924
722.923
722.922
722.92
722.919
722.917
722.915
722.913
722.911
722.909
722.906
722.903
722.9
722.897
722.894
722.891
722.888
722.885
722.882
722.879
722.876
722.872
722.869
722.867
722.864
722.861
722.859
722.857
722.856
722.854
722.853
722.853
722.853
722.853
722.855
722.856
722.859
722.862
722.866
722.872
722.878
722.885
722.893
722.902
722.913
722.925
722.938
722.953
722.969
722.988
723.007
723.029
723.053
723.078
723.106
723.136
723.168
723.202
723.238
723.277
723.319
723.363
723.409
723.459
723.51
723.565
723.621
723.68
723.741
723.802
723.862
723.917
723.959
723.974
723.941
723.819
723.543
723.011
722.064
720.471
717.901
713.901
707.868
699.016
686.347
668.586
644.085
610.616
565.052
503.345
424.453
343.475
283.086
245.227
222.382
209.217
203.026
202.681
208.106
220.269
241.6
276.997
333.961
413.101
493.663
557.868
605.4
640.301
665.85
684.383
697.619
706.882
713.209
717.411
720.117
721.798
722.799
723.363
723.656
723.785
723.821
723.803
723.758
723.699
723.635
723.568
723.503
723.439
723.377
723.318
723.262
723.208
723.157
723.109
723.063
723.019
722.979
722.94
722.904
722.87
722.839
722.81
722.782
722.757
722.734
722.712
722.692
722.674
722.657
722.642
722.628
722.616
722.605
722.595
722.586
722.578
722.572
722.566
722.561
722.556
722.553
722.55
722.548
722.546
722.545
722.544
722.544
722.544
722.544
722.545
722.546
722.547
722.549
722.55
722.552
722.554
722.556
722.558
722.56
722.562
722.564
722.565
722.567
722.569
722.571
722.573
722.574
722.576
722.577
722.578
722.579
722.58
722.581
722.582
722.582
722.583
722.583
728.155
728.155
728.154
728.153
728.152
728.151
728.15
728.148
728.146
728.144
728.141
728.139
728.136
728.133
728.13
728.127
728.123
728.12
728.116
728.113
728.109
728.105
728.101
728.098
728.094
728.091
728.087
728.084
728.081
728.079
728.076
728.074
728.072
728.071
728.07
728.07
728.07
728.071
728.073
728.076
728.079
728.083
728.089
728.095
728.103
728.111
728.121
728.133
728.146
728.16
728.176
728.194
728.214
728.236
728.259
728.285
728.313
728.343
728.376
728.411
728.448
728.488
728.531
728.576
728.624
728.675
728.729
728.786
728.845
728.907
728.971
729.038
729.105
729.171
729.232
729.28
729.302
729.274
729.156
728.882
728.347
727.392
725.781
723.181
719.134
713.031
704.083
691.289
673.375
648.695
615.034
569.268
507.283
427.701
345.446
284.013
245.63
222.545
209.269
203.031
202.681
208.141
220.396
241.932
277.782
335.687
416.118
497.477
562.009
609.76
644.863
670.598
689.291
702.658
712.021
718.42
722.672
725.409
727.109
728.118
728.684
728.975
729.099
729.129
729.105
729.052
728.986
728.915
728.842
728.77
728.699
728.632
728.567
728.505
728.446
728.39
728.336
728.286
728.238
728.193
728.151
728.111
728.074
728.04
728.007
727.977
727.95
727.924
727.9
727.878
727.858
727.84
727.824
727.809
727.795
727.783
727.772
727.762
727.754
727.747
727.74
727.735
727.73
727.727
727.724
727.721
727.72
727.718
727.718
727.718
727.718
727.719
727.72
727.721
727.722
727.724
727.726
727.728
727.73
727.732
727.734
727.737
727.739
727.741
727.744
727.746
727.748
727.75
727.752
727.754
727.755
727.757
727.758
727.76
727.761
727.762
727.762
727.763
727.763
727.764
734.048
734.048
734.048
734.047
734.046
734.044
734.042
734.041
734.038
734.036
734.033
734.03
734.027
734.024
734.02
734.016
734.013
734.009
734.005
734
733.996
733.992
733.988
733.984
733.979
733.975
733.971
733.968
733.964
733.961
733.958
733.955
733.953
733.951
733.95
733.949
733.949
733.95
733.951
733.953
733.956
733.96
733.966
733.972
733.979
733.988
733.998
734.01
734.023
734.038
734.055
734.073
734.094
734.116
734.141
734.168
734.197
734.228
734.262
734.299
734.338
734.38
734.425
734.473
734.523
734.577
734.633
734.693
734.755
734.82
734.888
734.958
735.029
735.099
735.164
735.216
735.241
735.216
735.1
734.826
734.289
733.326
731.7
729.075
724.988
718.827
709.8
696.901
678.857
654.027
620.207
574.282
512.068
431.785
348.032
285.298
246.247
222.853
209.433
203.135
202.778
208.284
220.661
242.463
278.896
337.986
419.951
502.146
566.957
614.883
650.153
676.045
694.874
708.35
717.797
724.257
728.55
731.313
733.028
734.045
734.614
734.904
735.025
735.051
735.023
734.966
734.895
734.819
734.742
734.666
734.591
734.52
734.451
734.386
734.323
734.264
734.208
734.154
734.104
734.056
734.012
733.97
733.931
733.894
733.86
733.829
733.799
733.772
733.747
733.724
733.704
733.685
733.667
733.652
733.638
733.625
733.614
733.604
733.595
733.588
733.582
733.576
733.572
733.568
733.565
733.563
733.562
733.561
733.56
733.561
733.561
733.562
733.564
733.565
733.567
733.569
733.571
733.574
733.576
733.579
733.582
733.584
733.587
733.59
733.592
733.595
733.597
733.6
733.602
733.604
733.606
733.608
733.609
733.611
733.612
733.613
733.614
733.614
733.615
733.615
740.463
740.463
740.462
740.462
740.46
740.459
740.457
740.455
740.452
740.449
740.447
740.443
740.44
740.436
740.432
740.428
740.424
740.419
740.415
740.41
740.405
740.401
740.396
740.391
740.386
740.382
740.377
740.373
740.369
740.365
740.361
740.358
740.355
740.352
740.35
740.349
740.348
740.348
740.349
740.351
740.353
740.357
740.361
740.367
740.374
740.382
740.392
740.403
740.416
740.43
740.447
740.465
740.485
740.508
740.532
740.559
740.588
740.62
740.654
740.691
740.73
740.772
740.818
740.866
740.917
740.971
741.028
741.088
741.151
741.217
741.286
741.357
741.429
741.5
741.565
741.618
741.645
741.62
741.504
741.229
740.689
739.719
738.083
735.439
731.324
725.122
716.037
703.062
684.925
659.988
626.062
580.044
517.682
436.728
351.276
286.968
247.094
223.318
209.719
203.346
202.982
208.547
221.075
243.209
280.365
340.898
424.631
507.656
572.666
620.699
656.082
682.087
701.014
714.57
724.077
730.579
734.902
737.685
739.411
740.434
741.006
741.297
741.418
741.443
741.413
741.354
741.282
741.205
741.126
741.048
740.972
740.899
740.83
740.763
740.699
740.639
740.582
740.527
740.476
740.428
740.383
740.34
740.301
740.264
740.229
740.197
740.168
740.141
740.115
740.093
740.072
740.053
740.035
740.02
740.006
739.994
739.983
739.973
739.965
739.958
739.952
739.947
739.943
739.939
739.937
739.935
739.934
739.934
739.934
739.935
739.936
739.937
739.939
739.941
739.944
739.946
739.949
739.952
739.955
739.958
739.961
739.964
739.967
739.97
739.973
739.976
739.979
739.981
739.984
739.986
739.988
739.99
739.992
739.994
739.995
739.996
739.997
739.998
739.998
739.999
747.213
747.213
747.212
747.211
747.21
747.208
747.206
747.204
747.201
747.198
747.195
747.191
747.188
747.184
747.179
747.175
747.17
747.166
747.161
747.156
747.15
747.145
747.14
747.134
747.129
747.124
747.119
747.114
747.109
747.104
747.1
747.096
747.093
747.089
747.087
747.084
747.083
747.082
747.082
747.083
747.084
747.087
747.09
747.095
747.101
747.109
747.117
747.127
747.139
747.153
747.168
747.185
747.204
747.225
747.249
747.274
747.302
747.333
747.366
747.401
747.439
747.48
747.524
747.571
747.62
747.673
747.729
747.787
747.849
747.913
747.98
748.049
748.12
748.189
748.253
748.304
748.328
748.302
748.184
747.906
747.362
746.388
744.744
742.09
737.961
731.738
722.625
709.612
691.429
666.444
632.482
586.458
524.06
442.524
355.213
289.052
248.189
223.953
210.139
203.676
203.304
208.939
221.652
244.187
282.213
344.458
430.16
513.95
579.046
627.094
662.518
688.575
707.552
721.148
730.686
737.21
741.548
744.34
746.073
747.102
747.677
747.97
748.093
748.119
748.091
748.034
747.964
747.887
747.81
747.733
747.659
747.588
747.519
747.454
747.391
747.332
747.276
747.223
747.173
747.126
747.082
747.04
747.001
746.965
746.932
746.901
746.872
746.846
746.822
746.8
746.78
746.762
746.745
746.731
746.718
746.706
746.696
746.687
746.68
746.673
746.668
746.664
746.66
746.658
746.656
746.655
746.655
746.655
746.656
746.657
746.659
746.661
746.663
746.666
746.669
746.672
746.675
746.678
746.682
746.685
746.689
746.692
746.696
746.699
746.702
746.705
746.708
746.711
746.714
746.717
746.719
746.721
746.723
746.725
746.726
746.728
746.729
746.729
746.73
746.73
754.083
754.082
754.082
754.081
754.079
754.077
754.075
754.073
754.07
754.067
754.064
754.06
754.056
754.052
754.048
754.043
754.038
754.033
754.028
754.022
754.017
754.011
754.006
754
753.994
753.988
753.983
753.977
753.972
753.967
753.962
753.957
753.953
753.949
753.945
753.942
753.94
753.938
753.937
753.937
753.937
753.939
753.941
753.945
753.95
753.956
753.963
753.972
753.982
753.994
754.007
754.022
754.04
754.059
754.08
754.104
754.129
754.157
754.188
754.221
754.256
754.294
754.335
754.379
754.425
754.474
754.527
754.582
754.639
754.7
754.763
754.828
754.894
754.959
755.019
755.066
755.086
755.055
754.932
754.65
754.102
753.126
751.48
748.826
744.697
738.476
729.367
716.36
698.186
673.223
639.31
593.387
531.096
449.131
359.868
291.574
249.548
224.77
210.703
204.135
203.753
209.472
222.403
245.411
284.463
348.692
436.507
520.928
585.961
633.914
669.291
695.328
714.297
727.889
737.423
743.946
748.283
751.076
752.811
753.842
754.421
754.717
754.845
754.876
754.852
754.799
754.733
754.661
754.587
754.515
754.445
754.377
754.312
754.25
754.191
754.135
754.082
754.032
753.985
753.94
753.899
753.86
753.824
753.79
753.759
753.73
753.703
753.679
753.656
753.636
753.618
753.601
753.586
753.573
753.562
753.551
753.543
753.535
753.529
753.523
753.519
753.516
753.514
753.512
753.511
753.511
753.511
753.512
753.514
753.516
753.518
753.521
753.524
753.527
753.53
753.534
753.537
753.541
753.545
753.549
753.552
753.556
753.56
753.564
753.567
753.57
753.574
753.577
753.58
753.582
753.585
753.587
753.589
753.591
753.593
753.594
753.595
753.596
753.596
753.597
760.852
760.851
760.851
760.85
760.848
760.846
760.844
760.842
760.839
760.836
760.832
760.829
760.825
760.82
760.816
760.811
760.806
760.801
760.796
760.79
760.784
760.778
760.773
760.767
760.761
760.755
760.749
760.743
760.737
760.731
760.726
760.721
760.716
760.711
760.707
760.703
760.7
760.697
760.695
760.694
760.693
760.694
760.695
760.697
760.7
760.705
760.71
760.717
760.725
760.735
760.746
760.76
760.774
760.791
760.809
760.83
760.853
760.877
760.904
760.934
760.965
761
761.036
761.075
761.117
761.162
761.209
761.259
761.311
761.366
761.423
761.482
761.542
761.601
761.654
761.694
761.707
761.67
761.542
761.255
760.704
759.727
758.084
755.439
751.326
745.131
736.058
723.102
704.997
680.131
646.363
600.661
538.643
456.463
365.244
294.556
251.187
225.781
211.423
204.732
204.34
210.155
223.338
246.895
287.134
353.608
443.602
528.448
593.243
640.976
676.207
702.147
721.046
734.587
744.084
750.581
754.902
757.686
759.417
760.448
761.03
761.332
761.466
761.503
761.486
761.44
761.38
761.315
761.248
761.181
761.117
761.055
760.995
760.939
760.885
760.834
760.786
760.74
760.697
760.657
760.619
760.584
760.551
760.521
760.493
760.467
760.443
760.422
760.402
760.384
760.368
760.354
760.341
760.329
760.32
760.311
760.304
760.298
760.293
760.289
760.286
760.284
760.282
760.282
760.282
760.282
760.284
760.285
760.288
760.29
760.293
760.296
760.3
760.303
760.307
760.311
760.315
760.319
760.323
760.327
760.331
760.335
760.339
760.343
760.347
760.35
760.354
760.357
760.36
760.363
760.365
760.368
760.37
760.372
760.373
760.375
760.376
760.377
760.377
760.377
767.313
767.313
767.312
767.311
767.31
767.308
767.306
767.303
767.301
767.298
767.294
767.291
767.287
767.282
767.278
767.273
767.268
767.263
767.257
767.252
767.246
767.24
767.234
767.228
767.222
767.216
767.21
767.204
767.198
767.192
767.186
767.18
767.175
767.17
767.165
767.161
767.157
767.153
767.151
767.148
767.147
767.146
767.146
767.146
767.148
767.151
767.155
767.16
767.166
767.173
767.182
767.193
767.205
767.218
767.234
767.251
767.27
767.291
767.314
767.339
767.366
767.396
767.427
767.461
767.498
767.537
767.578
767.621
767.667
767.715
767.765
767.817
767.869
767.92
767.965
767.997
768.002
767.957
767.822
767.53
766.976
766
764.366
761.738
757.656
751.507
742.503
729.641
711.665
686.973
653.446
608.09
546.523
464.393
371.321
298.009
253.116
226.997
212.306
205.476
205.073
210.998
224.467
248.65
290.237
359.197
451.331
536.334
600.703
648.084
683.07
708.834
727.603
741.047
750.474
756.922
761.212
763.978
765.7
766.73
767.314
767.622
767.763
767.808
767.799
767.762
767.71
767.653
767.594
767.536
767.479
767.424
767.371
767.321
767.274
767.229
767.186
767.146
767.109
767.074
767.041
767.01
766.982
766.955
766.931
766.909
766.889
766.87
766.854
766.839
766.825
766.813
766.803
766.794
766.786
766.779
766.774
766.769
766.766
766.763
766.761
766.76
766.76
766.76
766.761
766.763
766.765
766.767
766.77
766.773
766.776
766.78
766.784
766.788
766.792
766.796
766.8
766.805
766.809
766.813
766.817
766.821
766.825
766.829
766.833
766.837
766.84
766.843
766.846
766.849
766.852
766.854
766.856
766.858
766.86
766.861
766.862
766.863
766.864
766.864
773.292
773.292
773.291
773.29
773.289
773.287
773.285
773.283
773.28
773.277
773.274
773.27
773.267
773.262
773.258
773.254
773.249
773.244
773.238
773.233
773.227
773.222
773.216
773.21
773.204
773.198
773.192
773.185
773.179
773.173
773.167
773.162
773.156
773.151
773.145
773.141
773.136
773.132
773.128
773.125
773.123
773.121
773.12
773.119
773.119
773.121
773.123
773.126
773.13
773.135
773.142
773.15
773.159
773.17
773.182
773.195
773.211
773.228
773.246
773.267
773.289
773.314
773.34
773.368
773.399
773.431
773.466
773.502
773.541
773.582
773.624
773.668
773.711
773.753
773.79
773.813
773.809
773.756
773.614
773.316
772.76
771.788
770.167
767.564
763.524
757.441
748.532
735.805
718.01
693.562
660.369
615.481
554.539
472.759
378.05
301.938
255.344
228.422
213.359
206.374
205.957
212.006
225.797
250.681
293.777
365.42
459.542
544.391
608.145
655.049
689.693
715.207
733.79
747.098
756.426
762.807
767.052
769.792
771.502
772.527
773.114
773.427
773.576
773.629
773.63
773.602
773.56
773.512
773.462
773.412
773.364
773.317
773.272
773.23
773.189
773.151
773.115
773.081
773.049
773.02
772.992
772.966
772.943
772.921
772.901
772.882
772.866
772.851
772.837
772.825
772.814
772.805
772.797
772.79
772.784
772.78
772.776
772.773
772.771
772.77
772.769
772.769
772.77
772.771
772.773
772.775
772.778
772.781
772.784
772.787
772.791
772.795
772.799
772.803
772.807
772.812
772.816
772.82
772.825
772.829
772.833
772.837
772.841
772.845
772.849
772.852
772.856
772.859
772.862
772.865
772.867
772.87
772.872
772.873
772.875
772.876
772.877
772.878
772.879
772.879
778.657
778.657
778.656
778.655
778.654
778.653
778.651
778.649
778.646
778.643
778.64
778.637
778.633
778.63
778.626
778.621
778.617
778.612
778.607
778.602
778.597
778.591
778.586
778.58
778.574
778.568
778.562
778.556
778.55
778.544
778.539
778.533
778.527
778.522
778.516
778.511
778.507
778.502
778.498
778.494
778.491
778.488
778.486
778.485
778.484
778.483
778.484
778.485
778.488
778.491
778.495
778.501
778.507
778.515
778.524
778.534
778.546
778.559
778.573
778.59
778.607
778.627
778.648
778.67
778.695
778.721
778.749
778.778
778.81
778.843
778.877
778.913
778.948
778.981
779.008
779.022
779.01
778.949
778.799
778.497
777.94
776.974
775.368
772.796
768.808
762.805
754.014
741.452
723.883
699.741
666.962
622.65
562.497
481.368
385.348
306.332
257.871
230.061
214.585
207.429
206.998
213.183
227.33
252.99
297.747
372.212
468.053
552.419
615.384
661.696
695.915
721.117
739.468
752.605
761.813
768.11
772.302
775.01
776.703
777.723
778.31
778.629
778.785
778.848
778.858
778.84
778.808
778.77
778.729
778.688
778.648
778.609
778.572
778.537
778.504
778.473
778.443
778.416
778.39
778.366
778.343
778.323
778.304
778.286
778.27
778.256
778.243
778.231
778.221
778.212
778.204
778.197
778.191
778.186
778.182
778.179
778.177
778.176
778.175
778.175
778.175
778.176
778.178
778.18
778.182
778.185
778.188
778.191
778.195
778.199
778.203
778.207
778.211
778.215
778.219
778.223
778.228
778.232
778.236
778.24
778.244
778.248
778.252
778.256
778.26
778.263
778.266
778.269
778.272
778.275
778.277
778.279
778.281
778.283
778.284
778.286
778.287
778.288
778.288
778.288
783.328
783.327
783.327
783.326
783.325
783.323
783.322
783.32
783.318
783.315
783.312
783.309
783.306
783.303
783.299
783.295
783.291
783.286
783.282
783.277
783.272
783.267
783.262
783.257
783.251
783.246
783.24
783.235
783.229
783.223
783.218
783.212
783.207
783.201
783.196
783.191
783.186
783.182
783.177
783.173
783.169
783.166
783.163
783.161
783.159
783.158
783.157
783.157
783.158
783.159
783.162
783.165
783.169
783.174
783.18
783.187
783.196
783.205
783.216
783.228
783.241
783.256
783.272
783.289
783.308
783.328
783.35
783.373
783.398
783.424
783.45
783.478
783.505
783.53
783.549
783.554
783.533
783.464
783.307
783.001
782.445
781.486
779.898
777.361
773.431
767.519
758.86
746.486
729.176
705.386
673.087
629.441
570.213
490.02
393.102
311.17
260.692
231.912
215.985
208.641
208.193
214.528
229.063
255.571
302.124
379.475
476.665
560.233
622.258
667.884
701.61
726.45
744.536
757.48
766.55
772.755
776.886
779.559
781.233
782.245
782.833
783.156
783.319
783.391
783.41
783.402
783.379
783.349
783.317
783.285
783.253
783.223
783.193
783.165
783.139
783.114
783.091
783.07
783.049
783.031
783.013
782.997
782.983
782.97
782.957
782.947
782.937
782.929
782.921
782.915
782.909
782.904
782.901
782.898
782.896
782.894
782.893
782.893
782.893
782.894
782.896
782.897
782.899
782.902
782.905
782.908
782.911
782.915
782.918
782.922
782.926
782.93
782.934
782.938
782.942
782.946
782.951
782.955
782.959
782.963
782.966
782.97
782.974
782.977
782.98
782.984
782.987
782.989
782.992
782.994
782.997
782.999
783.001
783.002
783.004
783.005
783.006
783.006
783.007
783.007
787.272
787.271
787.271
787.27
787.269
787.268
787.266
787.265
787.263
787.26
787.258
787.255
787.252
787.249
787.246
787.242
787.239
787.235
787.231
787.227
787.222
787.218
787.213
787.208
787.203
787.198
787.193
787.188
787.183
787.178
787.172
787.167
787.162
787.157
787.152
787.147
787.142
787.138
787.133
787.129
787.125
787.122
787.118
787.116
787.113
787.111
787.109
787.108
787.108
787.108
787.109
787.11
787.112
787.115
787.119
787.123
787.129
787.135
787.143
787.151
787.16
787.171
787.182
787.195
787.209
787.224
787.24
787.257
787.276
787.295
787.315
787.336
787.356
787.373
787.384
787.381
787.353
787.277
787.115
786.805
786.25
785.299
783.732
781.231
777.362
771.544
763.026
750.853
733.823
710.415
678.641
635.729
577.533
498.521
401.17
316.408
263.792
233.966
217.552
210.006
209.54
216.035
230.989
258.411
306.875
387.087
485.179
567.669
628.637
673.507
706.693
731.139
748.937
761.674
770.6
776.707
780.776
783.41
785.064
786.068
786.655
786.981
787.152
787.231
787.258
787.258
787.244
787.223
787.199
787.175
787.15
787.127
787.105
787.083
787.063
787.045
787.027
787.011
786.996
786.982
786.969
786.957
786.946
786.937
786.928
786.921
786.914
786.908
786.903
786.899
786.896
786.893
786.891
786.89
786.889
786.889
786.889
786.889
786.891
786.892
786.894
786.896
786.899
786.902
786.905
786.908
786.911
786.915
786.918
786.922
786.926
786.93
786.934
786.938
786.941
786.945
786.949
786.953
786.957
786.96
786.964
786.967
786.97
786.973
786.977
786.979
786.982
786.985
786.987
786.989
786.991
786.993
786.995
786.996
786.997
786.998
786.999
787
787
787
790.502
790.502
790.501
790.5
790.5
790.499
790.497
790.496
790.494
790.492
790.49
790.488
790.485
790.482
790.48
790.477
790.473
790.47
790.466
790.463
790.459
790.455
790.451
790.446
790.442
790.438
790.433
790.429
790.424
790.419
790.415
790.41
790.405
790.4
790.396
790.391
790.387
790.382
790.378
790.374
790.37
790.366
790.363
790.36
790.357
790.354
790.352
790.35
790.349
790.348
790.347
790.348
790.348
790.349
790.351
790.354
790.357
790.361
790.365
790.371
790.377
790.384
790.392
790.4
790.41
790.42
790.432
790.444
790.457
790.471
790.486
790.5
790.513
790.524
790.528
790.519
790.484
790.402
790.236
789.924
789.371
788.429
786.881
784.417
780.608
774.885
766.509
754.539
737.797
714.788
683.565
641.426
584.335
506.695
409.389
321.99
267.149
236.21
219.276
211.513
211.029
217.695
233.094
261.486
311.947
394.899
493.413
574.597
634.43
678.501
711.119
735.155
752.657
765.185
773.965
779.974
783.98
786.577
788.211
789.207
789.791
790.121
790.296
790.382
790.417
790.424
790.417
790.404
790.387
790.369
790.351
790.334
790.318
790.302
790.288
790.274
790.261
790.25
790.239
790.229
790.22
790.212
790.205
790.198
790.192
790.187
790.183
790.18
790.177
790.174
790.173
790.172
790.171
790.171
790.171
790.172
790.173
790.174
790.176
790.178
790.18
790.183
790.185
790.188
790.191
790.194
790.198
790.201
790.205
790.208
790.212
790.215
790.219
790.222
790.226
790.229
790.233
790.236
790.24
790.243
790.246
790.249
790.252
790.255
790.257
790.26
790.262
790.265
790.267
790.269
790.27
790.272
790.273
790.275
790.276
790.277
790.277
790.278
790.278
790.278
793.067
793.066
793.066
793.066
793.065
793.064
793.063
793.062
793.06
793.058
793.057
793.055
793.053
793.05
793.048
793.045
793.042
793.04
793.036
793.033
793.03
793.027
793.023
793.019
793.016
793.012
793.008
793.004
793
792.996
792.991
792.987
792.983
792.979
792.975
792.971
792.967
792.962
792.959
792.955
792.951
792.947
792.944
792.941
792.938
792.935
792.932
792.93
792.928
792.926
792.925
792.924
792.924
792.923
792.924
792.925
792.926
792.928
792.93
792.933
792.937
792.941
792.946
792.952
792.958
792.965
792.972
792.981
792.989
792.999
793.008
793.018
793.026
793.032
793.03
793.016
792.976
792.889
792.719
792.406
791.855
790.922
789.394
786.964
783.212
777.58
769.34
757.569
741.11
718.499
687.832
646.482
590.532
514.399
417.588
327.838
270.729
238.622
221.14
213.148
212.644
219.489
235.358
264.765
317.273
402.753
501.212
580.926
639.58
682.836
714.88
738.507
755.718
768.041
776.681
782.597
786.544
789.106
790.72
791.707
792.289
792.621
792.8
792.891
792.932
792.946
792.945
792.937
792.927
792.914
792.902
792.89
792.879
792.868
792.858
792.848
792.84
792.832
792.824
792.818
792.812
792.807
792.802
792.798
792.795
792.792
792.79
792.788
792.786
792.786
792.785
792.785
792.785
792.786
792.787
792.788
792.79
792.792
792.794
792.796
792.799
792.801
792.804
792.807
792.81
792.813
792.816
792.819
792.822
792.825
792.829
792.832
792.835
792.838
792.842
792.845
792.848
792.851
792.854
792.856
792.859
792.862
792.864
792.867
792.869
792.871
792.873
792.875
792.877
792.879
792.88
792.882
792.883
792.884
792.885
792.886
792.886
792.887
792.887
792.887
795.039
795.039
795.039
795.038
795.038
795.037
795.036
795.035
795.034
795.033
795.031
795.029
795.028
795.026
795.024
795.021
795.019
795.017
795.014
795.011
795.009
795.006
795.003
795
794.996
794.993
794.99
794.986
794.983
794.979
794.976
794.972
794.969
794.965
794.961
794.957
794.954
794.95
794.947
794.943
794.94
794.936
794.933
794.93
794.927
794.924
794.921
794.919
794.916
794.914
794.913
794.911
794.91
794.909
794.908
794.908
794.908
794.908
794.909
794.911
794.912
794.915
794.917
794.92
794.924
794.928
794.932
794.938
794.943
794.949
794.955
794.96
794.965
794.966
794.96
794.941
794.897
794.807
794.634
794.32
793.773
792.848
791.337
788.938
785.239
779.69
771.576
759.991
743.801
721.573
691.451
650.882
596.075
521.522
425.598
333.86
274.486
241.173
223.12
214.89
214.364
221.395
237.75
268.207
322.771
410.484
508.455
586.599
644.069
686.517
718
741.233
758.167
770.298
778.809
784.639
788.533
791.063
792.66
793.638
794.218
794.551
794.733
794.829
794.874
794.893
794.897
794.894
794.888
794.88
794.872
794.864
794.857
794.85
794.843
794.837
794.832
794.827
794.822
794.818
794.815
794.812
794.809
794.807
794.806
794.804
794.803
794.803
794.803
794.803
794.803
794.804
794.805
794.806
794.808
794.809
794.811
794.813
794.815
794.818
794.82
794.823
794.825
794.828
794.831
794.834
794.837
794.84
794.842
794.845
794.848
794.851
794.854
794.857
794.859
794.862
794.865
794.867
794.87
794.872
794.875
794.877
794.879
794.881
794.883
794.885
794.887
794.888
794.89
794.891
794.893
794.894
794.895
794.896
794.896
794.897
794.898
794.898
794.898
794.898
796.507
796.507
796.507
796.506
796.506
796.505
796.504
796.504
796.503
796.501
796.5
796.499
796.497
796.496
796.494
796.492
796.49
796.488
796.486
796.484
796.482
796.479
796.477
796.474
796.472
796.469
796.466
796.463
796.46
796.457
796.454
796.451
796.448
796.445
796.441
796.438
796.435
796.432
796.429
796.426
796.422
796.419
796.416
796.413
796.41
796.408
796.405
796.403
796.4
796.398
796.396
796.394
796.392
796.391
796.389
796.388
796.388
796.387
796.387
796.387
796.387
796.388
796.389
796.39
796.392
796.394
796.396
796.399
796.402
796.405
796.408
796.411
796.412
796.41
796.402
796.38
796.332
796.239
796.065
795.751
795.206
794.289
792.793
790.421
786.768
781.292
773.29
761.874
745.931
724.061
694.455
654.636
600.946
527.992
433.263
339.948
278.367
243.826
225.187
216.711
216.162
223.384
240.237
271.76
328.344
417.937
515.056
591.591
647.904
689.574
720.526
743.391
760.071
772.029
780.425
786.181
790.028
792.53
794.112
795.083
795.661
795.994
796.179
796.277
796.326
796.349
796.357
796.358
796.355
796.351
796.346
796.341
796.337
796.332
796.328
796.325
796.322
796.319
796.317
796.315
796.313
796.311
796.31
796.31
796.309
796.309
796.309
796.31
796.31
796.311
796.312
796.313
796.315
796.316
796.318
796.32
796.322
796.324
796.326
796.328
796.331
796.333
796.336
796.338
796.341
796.343
796.346
796.348
796.351
796.353
796.356
796.359
796.361
796.363
796.366
796.368
796.37
796.373
796.375
796.377
796.379
796.381
796.382
796.384
796.386
796.387
796.389
796.39
796.391
796.393
796.394
796.395
796.396
796.396
796.397
796.397
796.398
796.398
796.398
796.399
797.561
797.561
797.561
797.56
797.56
797.559
797.559
797.558
797.557
797.556
797.555
797.554
797.553
797.552
797.55
797.549
797.547
797.546
797.544
797.542
797.54
797.538
797.536
797.534
797.532
797.529
797.527
797.525
797.522
797.52
797.517
797.514
797.512
797.509
797.506
797.504
797.501
797.498
797.495
797.492
797.49
797.487
797.484
797.482
797.479
797.476
797.474
797.471
797.469
797.467
797.465
797.462
797.461
797.459
797.457
797.456
797.454
797.453
797.452
797.451
797.451
797.451
797.45
797.451
797.451
797.451
797.452
797.453
797.455
797.456
797.457
797.458
797.457
797.452
797.441
797.417
797.368
797.273
797.097
796.783
796.241
795.33
793.846
791.498
787.883
782.469
774.564
763.295
747.572
726.025
696.894
657.779
605.151
533.766
440.45
345.987
282.305
246.536
227.304
218.577
218.005
225.42
242.775
275.362
333.886
424.973
520.964
595.906
651.115
692.058
722.52
745.052
761.507
773.315
781.612
787.305
791.113
793.593
795.162
796.127
796.703
797.036
797.223
797.324
797.376
797.401
797.411
797.415
797.415
797.413
797.411
797.408
797.406
797.404
797.402
797.4
797.398
797.397
797.396
797.396
797.395
797.395
797.395
797.395
797.395
797.396
797.397
797.398
797.399
797.4
797.402
797.403
797.405
797.406
797.408
797.41
797.412
797.414
797.416
797.418
797.421
797.423
797.425
797.427
797.43
797.432
797.434
797.436
797.439
797.441
797.443
797.445
797.447
797.449
797.451
797.453
797.455
797.457
797.459
797.461
797.462
797.464
797.465
797.467
797.468
797.469
797.471
797.472
797.473
797.474
797.475
797.476
797.476
797.477
797.477
797.478
797.478
797.479
797.479
797.479
798.289
798.288
798.288
798.288
798.288
798.287
798.287
798.286
798.286
798.285
798.284
798.283
798.282
798.281
798.28
798.279
798.277
798.276
798.275
798.273
798.271
798.27
798.268
798.266
798.264
798.263
798.261
798.259
798.257
798.254
798.252
798.25
798.248
798.245
798.243
798.241
798.238
798.236
798.234
798.231
798.229
798.226
798.224
798.221
798.219
798.217
798.214
798.212
798.21
798.208
798.205
798.203
798.201
798.199
798.198
798.196
798.194
798.193
798.191
798.19
798.189
798.188
798.187
798.187
798.186
798.186
798.185
798.185
798.185
798.185
798.185
798.184
798.182
798.176
798.164
798.138
798.087
797.991
797.814
797.501
796.96
796.054
794.581
792.25
788.667
783.303
775.478
764.333
748.799
727.537
698.831
660.359
608.718
538.83
447.053
351.855
286.228
249.252
229.429
220.452
219.855
227.461
245.314
278.945
339.286
431.476
526.155
599.566
653.749
694.027
724.052
746.293
762.555
774.237
782.452
788.095
791.872
794.334
795.893
796.854
797.428
797.762
797.949
798.051
798.105
798.132
798.145
798.15
798.152
798.152
798.151
798.15
798.149
798.149
798.148
798.148
798.147
798.147
798.147
798.147
798.148
798.148
798.149
798.15
798.151
798.152
798.153
798.154
798.156
798.157
798.159
798.16
798.162
798.164
798.165
798.167
798.169
798.171
798.173
798.175
798.177
798.179
798.181
798.183
798.185
798.187
798.189
798.191
798.193
798.195
798.197
798.199
798.2
798.202
798.204
798.206
798.207
798.209
798.21
798.212
798.213
798.214
798.216
798.217
798.218
798.219
798.22
798.221
798.222
798.223
798.224
798.224
798.225
798.225
798.226
798.226
798.226
798.227
798.227
798.227
798.768
798.768
798.768
798.768
798.767
798.767
798.767
798.766
798.766
798.765
798.764
798.764
798.763
798.762
798.761
798.76
798.759
798.758
798.757
798.755
798.754
798.753
798.751
798.75
798.748
798.747
798.745
798.743
798.741
798.74
798.738
798.736
798.734
798.732
798.73
798.728
798.726
798.724
798.722
798.72
798.718
798.715
798.713
798.711
798.709
798.707
798.705
798.702
798.7
798.698
798.696
798.694
798.692
798.69
798.688
798.687
798.685
798.683
798.682
798.68
798.679
798.677
798.676
798.675
798.674
798.673
798.672
798.671
798.671
798.67
798.669
798.667
798.664
798.657
798.643
798.616
798.564
798.467
798.29
797.977
797.438
796.536
795.07
792.754
789.194
783.869
776.108
765.065
749.688
728.667
700.332
662.431
611.686
543.191
452.994
357.435
290.054
251.917
231.515
222.292
221.67
229.463
247.8
282.435
344.433
437.355
530.63
602.609
655.862
695.549
725.193
747.187
763.29
774.87
783.021
788.625
792.379
794.827
796.38
797.337
797.91
798.244
798.432
798.536
798.59
798.619
798.633
798.639
798.642
798.644
798.644
798.644
798.644
798.644
798.645
798.645
798.645
798.646
798.647
798.647
798.648
798.649
798.65
798.651
798.653
798.654
798.655
798.657
798.658
798.66
798.661
798.663
798.665
798.667
798.668
798.67
798.672
798.674
798.675
798.677
798.679
798.681
798.683
798.685
798.686
798.688
798.69
798.691
798.693
798.695
798.696
798.698
798.7
798.701
798.703
798.704
798.705
798.707
798.708
798.709
798.71
798.711
798.712
798.714
798.714
798.715
798.716
798.717
798.718
798.718
798.719
798.72
798.72
798.721
798.721
798.721
798.721
798.722
798.722
798.722
799.066
799.066
799.066
799.066
799.065
799.065
799.065
799.064
799.064
799.063
799.063
799.062
799.061
799.061
799.06
799.059
799.058
799.057
799.056
799.055
799.054
799.053
799.052
799.05
799.049
799.048
799.046
799.045
799.043
799.042
799.04
799.039
799.037
799.035
799.033
799.032
799.03
799.028
799.026
799.024
799.022
799.021
799.019
799.017
799.015
799.013
799.011
799.009
799.007
799.005
799.003
799.001
798.999
798.997
798.996
798.994
798.992
798.99
798.989
798.987
798.985
798.984
798.982
798.981
798.98
798.978
798.977
798.976
798.975
798.973
798.972
798.969
798.965
798.958
798.944
798.916
798.864
798.766
798.589
798.276
797.738
796.839
795.378
793.071
789.529
784.234
776.522
765.558
750.307
729.486
701.465
664.058
614.105
546.874
458.225
362.615
293.702
254.471
233.514
224.053
223.406
231.377
250.175
285.753
349.219
442.549
534.406
605.082
657.512
696.689
726.013
747.805
763.781
775.282
783.386
788.96
792.698
795.137
796.685
797.64
798.213
798.547
798.736
798.84
798.895
798.925
798.939
798.947
798.951
798.953
798.954
798.954
798.955
798.956
798.957
798.957
798.958
798.959
798.96
798.962
798.963
798.964
798.965
798.967
798.968
798.969
798.971
798.972
798.974
798.975
798.977
798.979
798.98
798.982
798.984
798.985
798.987
798.989
798.99
798.992
798.994
798.995
798.997
798.998
799
799.002
799.003
799.005
799.006
799.007
799.009
799.01
799.012
799.013
799.014
799.015
799.017
799.018
799.019
799.02
799.021
799.022
799.023
799.024
799.024
799.025
799.026
799.027
799.027
799.028
799.028
799.029
799.029
799.03
799.03
799.03
799.03
799.031
799.031
799.031
799.235
799.235
799.235
799.235
799.234
799.234
799.234
799.233
799.233
799.233
799.232
799.232
799.231
799.23
799.23
799.229
799.228
799.227
799.226
799.225
799.225
799.224
799.222
799.221
799.22
799.219
799.218
799.217
799.215
799.214
799.212
799.211
799.21
799.208
799.207
799.205
799.203
799.202
799.2
799.199
799.197
799.195
799.193
799.192
799.19
799.188
799.186
799.185
799.183
799.181
799.179
799.177
799.176
799.174
799.172
799.17
799.168
799.167
799.165
799.163
799.162
799.16
799.159
799.157
799.155
799.154
799.153
799.151
799.15
799.148
799.146
799.144
799.139
799.131
799.117
799.089
799.036
798.938
798.761
798.448
797.911
797.013
795.556
793.256
789.726
784.452
776.776
765.871
750.718
730.056
702.291
665.3
616.03
549.916
462.725
367.302
297.088
256.853
235.375
225.689
225.016
233.154
252.382
288.823
353.55
447.022
537.517
607.039
658.761
697.511
726.574
748.207
764.086
775.53
783.6
789.155
792.882
795.316
796.861
797.815
798.387
798.721
798.911
799.015
799.072
799.101
799.117
799.125
799.129
799.131
799.133
799.134
799.135
799.136
799.137
799.138
799.139
799.141
799.142
799.143
799.144
799.146
799.147
799.149
799.15
799.152
799.153
799.155
799.156
799.158
799.159
799.161
799.162
799.164
799.165
799.167
799.169
799.17
799.172
799.173
799.175
799.176
799.178
799.179
799.18
799.182
799.183
799.184
799.186
799.187
799.188
799.19
799.191
799.192
799.193
799.194
799.195
799.196
799.197
799.198
799.199
799.2
799.2
799.201
799.202
799.203
799.203
799.204
799.204
799.205
799.205
799.206
799.206
799.206
799.207
799.207
799.207
799.207
799.207
799.207
799.316
799.316
799.316
799.315
799.315
799.315
799.315
799.314
799.314
799.314
799.313
799.313
799.312
799.312
799.311
799.31
799.31
799.309
799.308
799.307
799.306
799.306
799.305
799.304
799.303
799.302
799.3
799.299
799.298
799.297
799.296
799.294
799.293
799.292
799.29
799.289
799.288
799.286
799.285
799.283
799.282
799.28
799.278
799.277
799.275
799.274
799.272
799.27
799.269
799.267
799.265
799.264
799.262
799.26
799.258
799.257
799.255
799.253
799.252
799.25
799.248
799.247
799.245
799.244
799.242
799.241
799.239
799.237
799.236
799.234
799.232
799.229
799.225
799.217
799.202
799.174
799.121
799.023
798.845
798.532
797.995
797.099
795.644
793.348
789.825
784.566
776.914
766.053
750.972
730.431
702.868
666.216
617.518
552.364
466.494
371.418
300.138
259.004
237.051
227.156
226.46
234.747
254.364
291.573
357.347
450.76
540.003
608.535
659.666
698.071
726.931
748.445
764.256
775.66
783.708
789.251
792.972
795.403
796.947
797.901
798.473
798.807
798.997
799.102
799.159
799.189
799.204
799.213
799.217
799.22
799.222
799.223
799.224
799.226
799.227
799.228
799.229
799.231
799.232
799.233
799.235
799.236
799.238
799.239
799.241
799.242
799.243
799.245
799.246
799.248
799.249
799.251
799.252
799.254
799.255
799.257
799.258
799.26
799.261
799.262
799.264
799.265
799.267
799.268
799.269
799.27
799.272
799.273
799.274
799.275
799.276
799.277
799.278
799.279
799.28
799.281
799.282
799.283
799.284
799.285
799.286
799.287
799.287
799.288
799.289
799.289
799.29
799.29
799.291
799.291
799.292
799.292
799.292
799.293
799.293
799.293
799.293
799.293
799.293
799.293
799.338
799.338
799.338
799.338
799.338
799.337
799.337
799.337
799.337
799.336
799.336
799.335
799.335
799.334
799.334
799.333
799.333
799.332
799.331
799.33
799.33
799.329
799.328
799.327
799.326
799.325
799.324
799.323
799.322
799.321
799.32
799.319
799.318
799.316
799.315
799.314
799.312
799.311
799.31
799.308
799.307
799.305
799.304
799.302
799.301
799.299
799.298
799.296
799.295
799.293
799.292
799.29
799.288
799.287
799.285
799.284
799.282
799.28
799.279
799.277
799.275
799.274
799.272
799.271
799.269
799.268
799.266
799.264
799.263
799.261
799.259
799.256
799.251
799.243
799.228
799.2
799.147
799.049
798.871
798.558
798.021
797.125
795.671
793.378
789.86
784.609
776.973
766.14
751.11
730.657
703.247
666.861
618.625
554.271
469.552
374.911
302.786
260.873
238.498
228.418
227.698
236.117
256.073
293.941
360.553
453.775
541.916
609.626
660.284
698.422
727.132
748.563
764.327
775.707
783.743
789.281
792.999
795.429
796.973
797.927
798.5
798.835
799.025
799.13
799.187
799.217
799.233
799.241
799.246
799.249
799.25
799.252
799.253
799.255
799.256
799.257
799.259
799.26
799.261
799.263
799.264
799.266
799.267
799.268
799.27
799.271
799.273
799.274
799.276
799.277
799.278
799.28
799.281
799.283
799.284
799.285
799.287
799.288
799.289
799.291
799.292
799.293
799.294
799.296
799.297
799.298
799.299
799.3
799.301
799.302
799.304
799.305
799.305
799.306
799.307
799.308
799.309
799.31
799.311
799.311
799.312
799.313
799.314
799.314
799.315
799.315
799.316
799.316
799.317
799.317
799.317
799.318
799.318
799.318
799.319
799.319
799.319
799.319
799.319
799.319
799.323
799.323
799.323
799.323
799.323
799.323
799.322
799.322
799.322
799.321
799.321
799.321
799.32
799.32
799.319
799.319
799.318
799.317
799.317
799.316
799.315
799.315
799.314
799.313
799.312
799.311
799.31
799.309
799.308
799.307
799.306
799.305
799.304
799.303
799.302
799.3
799.299
799.298
799.297
799.295
799.294
799.293
799.291
799.29
799.288
799.287
799.285
799.284
799.282
799.281
799.279
799.278
799.276
799.275
799.273
799.272
799.27
799.269
799.267
799.265
799.264
799.262
799.261
799.259
799.258
799.256
799.255
799.253
799.251
799.25
799.247
799.245
799.24
799.232
799.217
799.188
799.135
799.037
798.859
798.546
798.01
797.114
795.66
793.368
789.852
784.605
776.979
766.163
751.166
730.773
703.473
667.284
619.407
555.692
471.937
377.752
304.984
262.42
239.684
229.443
228.702
237.23
257.471
295.881
363.133
456.094
543.31
610.368
660.664
698.608
727.215
748.593
764.331
775.699
783.73
789.266
792.985
795.416
796.961
797.915
798.488
798.823
799.014
799.119
799.176
799.206
799.222
799.231
799.235
799.238
799.24
799.242
799.243
799.245
799.246
799.247
799.249
799.25
799.251
799.253
799.254
799.255
799.257
799.258
799.26
799.261
799.262
799.264
799.265
799.266
799.268
799.269
799.271
799.272
799.273
799.274
799.276
799.277
799.278
799.279
799.281
799.282
799.283
799.284
799.285
799.286
799.288
799.289
799.29
799.291
799.292
799.293
799.293
799.294
799.295
799.296
799.297
799.298
799.298
799.299
799.3
799.3
799.301
799.302
799.302
799.303
799.303
799.304
799.304
799.304
799.305
799.305
799.305
799.306
799.306
799.306
799.306
799.306
799.306
799.306
799.285
799.285
799.285
799.285
799.285
799.284
799.284
799.284
799.284
799.283
799.283
799.283
799.282
799.282
799.281
799.281
799.28
799.279
799.279
799.278
799.277
799.277
799.276
799.275
799.274
799.273
799.273
799.272
799.271
799.27
799.269
799.268
799.267
799.265
799.264
799.263
799.262
799.261
799.26
799.258
799.257
799.256
799.254
799.253
799.252
799.25
799.249
799.248
799.246
799.245
799.243
799.242
799.24
799.239
799.237
799.236
799.234
799.233
799.231
799.23
799.228
799.227
799.225
799.224
799.222
799.221
799.219
799.218
799.216
799.214
799.212
799.209
799.204
799.196
799.181
799.153
799.1
799.001
798.824
798.511
797.974
797.078
795.625
793.332
789.817
784.573
776.95
766.144
751.165
730.809
703.581
667.531
619.916
556.688
473.699
379.942
306.702
263.619
240.588
230.214
229.453
238.067
258.532
297.366
365.079
457.761
544.244
610.813
660.852
698.668
727.213
748.562
764.29
775.655
783.687
789.225
792.946
795.378
796.924
797.879
798.453
798.788
798.978
799.084
799.141
799.171
799.187
799.196
799.201
799.204
799.206
799.207
799.209
799.21
799.211
799.213
799.214
799.215
799.217
799.218
799.219
799.221
799.222
799.223
799.225
799.226
799.227
799.229
799.23
799.231
799.233
799.234
799.235
799.236
799.238
799.239
799.24
799.241
799.243
799.244
799.245
799.246
799.247
799.248
799.249
799.25
799.251
799.252
799.253
799.254
799.255
799.256
799.257
799.258
799.259
799.26
799.26
799.261
799.262
799.262
799.263
799.264
799.264
799.265
799.265
799.266
799.266
799.267
799.267
799.267
799.268
799.268
799.268
799.269
799.269
799.269
799.269
799.269
799.269
799.269
799.233
799.233
799.233
799.232
799.232
799.232
799.232
799.232
799.231
799.231
799.231
799.23
799.23
799.23
799.229
799.229
799.228
799.227
799.227
799.226
799.226
799.225
799.224
799.223
799.222
799.222
799.221
799.22
799.219
799.218
799.217
799.216
799.215
799.214
799.213
799.212
799.211
799.209
799.208
799.207
799.206
799.205
799.203
799.202
799.201
799.199
799.198
799.197
799.195
799.194
799.193
799.191
799.19
799.188
799.187
799.185
799.184
799.182
799.181
799.179
799.178
799.176
799.175
799.174
799.172
799.171
799.169
799.168
799.166
799.164
799.162
799.159
799.155
799.146
799.131
799.103
799.05
798.952
798.774
798.461
797.924
797.028
795.575
793.282
789.767
784.523
776.902
766.098
751.127
730.791
703.604
667.64
620.202
557.32
474.901
381.502
307.936
264.459
241.203
230.725
229.945
238.619
259.248
298.387
366.408
458.834
544.779
611.014
660.89
698.633
727.15
748.492
764.221
775.59
783.625
789.167
792.891
795.325
796.872
797.828
798.403
798.738
798.929
799.034
799.091
799.122
799.138
799.146
799.151
799.154
799.156
799.158
799.159
799.16
799.162
799.163
799.164
799.165
799.167
799.168
799.169
799.171
799.172
799.173
799.175
799.176
799.177
799.178
799.18
799.181
799.182
799.184
799.185
799.186
799.187
799.188
799.19
799.191
799.192
799.193
799.194
799.195
799.196
799.197
799.199
799.2
799.201
799.202
799.202
799.203
799.204
799.205
799.206
799.207
799.208
799.208
799.209
799.21
799.211
799.211
799.212
799.212
799.213
799.213
799.214
799.214
799.215
799.215
799.216
799.216
799.216
799.217
799.217
799.217
799.217
799.217
799.218
799.218
799.218
799.218
799.172
799.172
799.172
799.172
799.172
799.172
799.172
799.171
799.171
799.171
799.17
799.17
799.17
799.169
799.169
799.168
799.168
799.167
799.167
799.166
799.165
799.165
799.164
799.163
799.162
799.162
799.161
799.16
799.159
799.158
799.157
799.156
799.155
799.154
799.153
799.152
799.151
799.15
799.149
799.147
799.146
799.145
799.144
799.142
799.141
799.14
799.139
799.137
799.136
799.135
799.133
799.132
799.13
799.129
799.128
799.126
799.125
799.123
799.122
799.121
799.119
799.118
799.116
799.115
799.113
799.112
799.11
799.109
799.107
799.106
799.104
799.101
799.096
799.088
799.073
799.045
798.991
798.893
798.716
798.403
797.866
796.97
795.516
793.224
789.709
784.463
776.842
766.038
751.068
730.736
703.567
667.648
620.313
557.65
475.613
382.48
308.702
264.952
241.536
230.983
230.187
238.896
259.629
298.961
367.159
459.383
544.98
611.018
660.814
698.531
727.047
748.397
764.135
775.512
783.554
789.101
792.827
795.263
796.812
797.769
798.344
798.679
798.87
798.976
799.033
799.063
799.079
799.088
799.093
799.096
799.097
799.099
799.1
799.102
799.103
799.104
799.106
799.107
799.108
799.109
799.111
799.112
799.113
799.114
799.116
799.117
799.118
799.12
799.121
799.122
799.123
799.124
799.126
799.127
799.128
799.129
799.13
799.132
799.133
799.134
799.135
799.136
799.137
799.138
799.139
799.14
799.141
799.142
799.143
799.144
799.145
799.145
799.146
799.147
799.148
799.149
799.149
799.15
799.151
799.151
799.152
799.152
799.153
799.154
799.154
799.155
799.155
799.155
799.156
799.156
799.156
799.157
799.157
799.157
799.157
799.157
799.158
799.158
799.158
799.158
799.107
799.107
799.107
799.107
799.107
799.107
799.107
799.106
799.106
799.106
799.106
799.105
799.105
799.104
799.104
799.103
799.103
799.102
799.102
799.101
799.101
799.1
799.099
799.098
799.098
799.097
799.096
799.095
799.094
799.093
799.092
799.092
799.091
799.09
799.088
799.087
799.086
799.085
799.084
799.083
799.082
799.081
799.079
799.078
799.077
799.076
799.074
799.073
799.072
799.07
799.069
799.068
799.066
799.065
799.064
799.062
799.061
799.059
799.058
799.057
799.055
799.054
799.052
799.051
799.05
799.048
799.047
799.045
799.044
799.042
799.04
799.037
799.033
799.024
799.009
798.981
798.928
798.83
798.653
798.34
797.803
796.908
795.454
793.162
789.646
784.4
776.777
765.97
750.997
730.662
703.493
667.586
620.292
557.739
475.914
382.942
309.039
265.122
241.608
231.009
230.199
238.919
259.7
299.124
367.393
459.482
544.907
610.872
660.656
698.386
726.921
748.288
764.041
775.429
783.479
789.03
792.76
795.198
796.748
797.705
798.28
798.616
798.807
798.912
798.97
799
799.016
799.025
799.029
799.032
799.034
799.036
799.037
799.038
799.039
799.041
799.042
799.043
799.044
799.046
799.047
799.048
799.049
799.051
799.052
799.053
799.054
799.055
799.057
799.058
799.059
799.06
799.062
799.063
799.064
799.065
799.066
799.067
799.068
799.069
799.07
799.072
799.073
799.074
799.075
799.076
799.076
799.077
799.078
799.079
799.08
799.081
799.082
799.082
799.083
799.084
799.085
799.085
799.086
799.087
799.087
799.088
799.088
799.089
799.089
799.09
799.09
799.091
799.091
799.091
799.092
799.092
799.092
799.092
799.092
799.093
799.093
799.093
799.093
799.093
799.04
799.04
799.04
799.04
799.04
799.039
799.039
799.039
799.039
799.038
799.038
799.038
799.037
799.037
799.037
799.036
799.036
799.035
799.034
799.034
799.033
799.033
799.032
799.031
799.03
799.03
799.029
799.028
799.027
799.026
799.025
799.024
799.023
799.022
799.021
799.02
799.019
799.018
799.017
799.016
799.015
799.014
799.012
799.011
799.01
799.009
799.007
799.006
799.005
799.004
799.002
799.001
799
798.998
798.997
798.996
798.994
798.993
798.991
798.99
798.989
798.987
798.986
798.985
798.983
798.982
798.98
798.979
798.977
798.976
798.974
798.971
798.966
798.958
798.943
798.915
798.862
798.764
798.587
798.274
797.738
796.843
795.39
793.098
789.583
784.337
776.712
765.902
750.923
730.58
703.398
667.479
620.181
557.647
475.884
382.967
309.002
265.01
241.455
230.833
230.01
238.721
259.499
298.927
367.183
459.211
544.62
610.622
660.449
698.217
726.784
748.176
763.946
775.346
783.403
788.959
792.691
795.13
796.681
797.639
798.214
798.55
798.741
798.846
798.903
798.934
798.95
798.958
798.963
798.966
798.968
798.969
798.97
798.972
798.973
798.974
798.975
798.977
798.978
798.979
798.98
798.981
798.983
798.984
798.985
798.986
798.988
798.989
798.99
798.991
798.992
798.993
798.995
798.996
798.997
798.998
798.999
799
799.001
799.002
799.003
799.004
799.005
799.006
799.007
799.008
799.009
799.01
799.011
799.012
799.013
799.014
799.014
799.015
799.016
799.017
799.017
799.018
799.019
799.019
799.02
799.02
799.021
799.021
799.022
799.022
799.023
799.023
799.023
799.024
799.024
799.024
799.025
799.025
799.025
799.025
799.025
799.025
799.025
799.025
798.971
798.971
798.971
798.971
798.971
798.971
798.971
798.97
798.97
798.97
798.969
798.969
798.969
798.968
798.968
798.967
798.967
798.966
798.966
798.965
798.965
798.964
798.963
798.963
798.962
798.961
798.96
798.959
798.958
798.958
798.957
798.956
798.955
798.954
798.953
798.952
798.951
798.95
798.949
798.947
798.946
798.945
798.944
798.943
798.942
798.94
798.939
798.938
798.937
798.935
798.934
798.933
798.931
798.93
798.929
798.927
798.926
798.925
798.923
798.922
798.921
798.919
798.918
798.917
798.915
798.914
798.913
798.911
798.91
798.908
798.906
798.903
798.899
798.891
798.876
798.847
798.795
798.697
798.52
798.208
797.672
796.777
795.325
793.035
789.52
784.275
776.65
765.838
750.853
730.499
703.299
667.353
620.016
557.431
475.607
382.644
308.661
264.668
241.117
230.493
229.659
238.342
259.074
298.425
366.594
458.645
544.201
610.31
660.213
698.038
726.645
748.065
763.853
775.264
783.328
788.888
792.622
795.063
796.613
797.571
798.147
798.482
798.673
798.779
798.836
798.866
798.882
798.89
798.895
798.898
798.9
798.901
798.903
798.904
798.905
798.906
798.907
798.909
798.91
798.911
798.912
798.913
798.915
798.916
798.917
798.918
798.919
798.92
798.922
798.923
798.924
798.925
798.926
798.927
798.928
798.93
798.931
798.932
798.933
798.934
798.935
798.936
798.937
798.938
798.939
798.94
798.941
798.942
798.942
798.943
798.944
798.945
798.946
798.946
798.947
798.948
798.949
798.949
798.95
798.951
798.951
798.952
798.952
798.953
798.953
798.954
798.954
798.954
798.955
798.955
798.955
798.956
798.956
798.956
798.956
798.956
798.956
798.957
798.957
798.957
798.902
798.902
798.902
798.902
798.902
798.902
798.901
798.901
798.901
798.901
798.9
798.9
798.9
798.899
798.899
798.898
798.898
798.897
798.897
798.896
798.895
798.895
798.894
798.893
798.893
798.892
798.891
798.89
798.889
798.889
798.888
798.887
798.886
798.885
798.884
798.883
798.882
798.881
798.88
798.878
798.877
798.876
798.875
798.874
798.873
798.871
798.87
798.869
798.868
798.866
798.865
798.864
798.863
798.861
798.86
798.859
798.857
798.856
798.855
798.853
798.852
798.851
798.849
798.848
798.847
798.845
798.844
798.842
798.841
798.839
798.837
798.835
798.83
798.822
798.807
798.779
798.726
798.629
798.452
798.141
797.606
796.712
795.261
792.972
789.46
784.217
776.593
765.78
750.791
730.426
703.206
667.224
619.829
557.145
475.165
382.068
308.088
264.151
240.638
230.028
229.182
237.824
258.475
297.701
365.773
457.94
543.698
609.963
659.969
697.863
726.514
747.962
763.767
775.188
783.257
788.82
792.555
794.995
796.546
797.504
798.079
798.414
798.605
798.71
798.767
798.797
798.813
798.822
798.826
798.829
798.831
798.833
798.834
798.835
798.836
798.837
798.839
798.84
798.841
798.842
798.843
798.845
798.846
798.847
798.848
798.849
798.85
798.852
798.853
798.854
798.855
798.856
798.857
798.858
798.859
798.861
798.862
798.863
798.864
798.865
798.866
798.867
798.868
798.869
798.87
798.871
798.872
798.872
798.873
798.874
798.875
798.876
798.876
798.877
798.878
798.879
798.879
798.88
798.881
798.881
798.882
798.882
798.883
798.883
798.884
798.884
798.885
798.885
798.885
798.886
798.886
798.886
798.886
798.887
798.887
798.887
798.887
798.887
798.887
798.887
798.833
798.833
798.833
798.833
798.833
798.833
798.832
798.832
798.832
798.832
798.831
798.831
798.831
798.83
798.83
798.829
798.829
798.828
798.828
798.827
798.826
798.826
798.825
798.824
798.824
798.823
798.822
798.821
798.82
798.82
798.819
798.818
798.817
798.816
798.815
798.814
798.813
798.812
798.811
798.81
798.808
798.807
798.806
798.805
798.804
798.803
798.801
798.8
798.799
798.798
798.796
798.795
798.794
798.793
798.791
798.79
798.789
798.787
798.786
798.785
798.783
798.782
798.781
798.779
798.778
798.776
798.775
798.774
798.772
798.77
798.768
798.766
798.761
798.753
798.738
798.71
798.658
798.561
798.384
798.073
797.539
796.647
795.199
792.912
789.403
784.163
776.543
765.732
750.741
730.369
703.13
667.111
619.648
556.839
474.642
381.34
307.368
263.521
240.073
229.492
228.641
237.24
257.804
296.887
364.832
457.121
543.15
609.61
659.735
697.701
726.397
747.87
763.69
775.118
783.191
788.754
792.489
794.929
796.479
797.436
798.011
798.346
798.536
798.642
798.698
798.729
798.744
798.753
798.757
798.76
798.762
798.763
798.765
798.766
798.767
798.768
798.77
798.771
798.772
798.773
798.774
798.776
798.777
798.778
798.779
798.78
798.781
798.782
798.784
798.785
798.786
798.787
798.788
798.789
798.79
798.791
798.792
798.794
798.795
798.796
798.797
798.798
798.799
798.8
798.801
798.801
798.802
798.803
798.804
798.805
798.806
798.807
798.807
798.808
798.809
798.809
798.81
798.811
798.811
798.812
798.813
798.813
798.814
798.814
798.815
798.815
798.815
798.816
798.816
798.816
798.817
798.817
798.817
798.817
798.818
798.818
798.818
798.818
798.818
798.818
798.765
798.765
798.765
798.765
798.764
798.764
798.764
798.764
798.764
798.763
798.763
798.763
798.762
798.762
798.761
798.761
798.76
798.76
798.759
798.759
798.758
798.758
798.757
798.756
798.755
798.755
798.754
798.753
798.752
798.751
798.75
798.749
798.749
798.748
798.747
798.746
798.744
798.743
798.742
798.741
798.74
798.739
798.738
798.737
798.735
798.734
798.733
798.732
798.731
798.729
798.728
798.727
798.725
798.724
798.723
798.722
798.72
798.719
798.717
798.716
798.715
798.713
798.712
798.71
798.709
798.708
798.706
798.705
798.703
798.701
798.699
798.697
798.692
798.684
798.669
798.642
798.589
798.492
798.317
798.007
797.474
796.584
795.138
792.855
789.35
784.116
776.501
765.695
750.707
730.331
703.078
667.025
619.493
556.548
474.106
380.56
306.595
262.851
239.473
228.92
228.058
236.607
257.068
295.984
363.79
456.247
542.6
609.277
659.526
697.564
726.299
747.794
763.624
775.057
783.131
788.693
792.427
794.865
796.414
797.37
797.943
798.278
798.468
798.573
798.629
798.66
798.675
798.684
798.688
798.691
798.693
798.694
798.696
798.697
798.698
798.699
798.701
798.702
798.703
798.704
798.706
798.707
798.708
798.709
798.71
798.712
798.713
798.714
798.715
798.716
798.717
798.718
798.72
798.721
798.722
798.723
798.724
798.725
798.726
798.727
798.728
798.729
798.73
798.731
798.732
798.733
798.734
798.735
798.735
798.736
798.737
798.738
798.739
798.739
798.74
798.741
798.742
798.742
798.743
798.743
798.744
798.745
798.745
798.746
798.746
798.746
798.747
798.747
798.748
798.748
798.748
798.748
798.749
798.749
798.749
798.749
798.749
798.749
798.749
798.749
798.698
798.698
798.698
798.698
798.698
798.698
798.698
798.697
798.697
798.697
798.696
798.696
798.696
798.695
798.695
798.694
798.694
798.693
798.693
798.692
798.692
798.691
798.69
798.689
798.689
798.688
798.687
798.686
798.685
798.685
798.684
798.683
798.682
798.681
798.68
798.679
798.678
798.677
798.676
798.674
798.673
798.672
798.671
798.67
798.669
798.667
798.666
798.665
798.664
798.662
798.661
798.66
798.658
798.657
798.656
798.654
798.653
798.651
798.65
798.649
798.647
798.646
798.644
798.642
798.641
798.639
798.638
798.636
798.634
798.632
798.63
798.628
798.623
798.615
798.601
798.573
798.521
798.425
798.25
797.941
797.409
796.522
795.079
792.8
789.302
784.075
776.468
765.671
750.691
730.318
703.058
666.98
619.384
556.304
473.599
379.78
305.799
262.154
238.848
228.323
227.452
235.947
256.299
295.041
362.713
455.378
542.086
608.988
659.357
697.457
726.225
747.736
763.573
775.006
783.077
788.637
792.368
794.803
796.35
797.304
797.877
798.21
798.4
798.504
798.561
798.591
798.606
798.614
798.619
798.622
798.624
798.625
798.627
798.628
798.63
798.631
798.632
798.634
798.635
798.637
798.638
798.639
798.64
798.642
798.643
798.644
798.645
798.646
798.648
798.649
798.65
798.651
798.652
798.653
798.654
798.656
798.657
798.658
798.659
798.66
798.661
798.662
798.663
798.664
798.665
798.666
798.667
798.667
798.668
798.669
798.67
798.671
798.672
798.672
798.673
798.674
798.674
798.675
798.676
798.676
798.677
798.677
798.678
798.678
798.679
798.679
798.68
798.68
798.68
798.681
798.681
798.681
798.682
798.682
798.682
798.682
798.682
798.682
798.682
798.682
798.635
798.635
798.635
798.635
798.635
798.634
798.634
798.634
798.634
798.633
798.633
798.633
798.632
798.632
798.631
798.631
798.63
798.63
798.629
798.629
798.628
798.627
798.627
798.626
798.625
798.624
798.624
798.623
798.622
798.621
798.62
798.619
798.618
798.617
798.616
798.615
798.614
798.613
798.612
798.61
798.609
798.608
798.607
798.606
798.604
798.603
798.602
798.6
798.599
798.598
798.596
798.595
798.594
798.592
798.591
798.589
798.588
798.586
798.585
798.583
798.581
798.58
798.578
798.576
798.574
798.572
798.57
798.568
798.566
798.564
798.562
798.559
798.555
798.547
798.533
798.505
798.454
798.358
798.184
797.876
797.347
796.462
795.023
792.751
789.26
784.042
776.448
765.664
750.697
730.334
703.078
666.984
619.339
556.134
473.167
379.046
305.031
261.465
238.226
227.728
226.846
235.289
255.534
294.108
361.664
454.569
541.647
608.762
659.236
697.389
726.182
747.701
763.538
774.967
783.033
788.587
792.313
794.745
796.288
797.241
797.811
798.144
798.333
798.437
798.493
798.522
798.538
798.546
798.55
798.553
798.555
798.557
798.559
798.56
798.562
798.564
798.565
798.567
798.569
798.57
798.572
798.573
798.575
798.576
798.577
798.579
798.58
798.581
798.582
798.584
798.585
798.586
798.587
798.588
798.59
798.591
798.592
798.593
798.594
798.595
798.596
798.597
798.598
798.599
798.6
798.601
798.602
798.603
798.604
798.605
798.606
798.607
798.607
798.608
798.609
798.61
798.61
798.611
798.612
798.612
798.613
798.613
798.614
798.614
798.615
798.615
798.616
798.616
798.616
798.617
798.617
798.617
798.618
798.618
798.618
798.618
798.618
798.618
798.618
798.618
798.578
798.578
798.577
798.577
798.577
798.577
798.577
798.577
798.576
798.576
798.576
798.575
798.575
798.574
798.574
798.573
798.573
798.572
798.572
798.571
798.57
798.57
798.569
798.568
798.567
798.567
798.566
798.565
798.564
798.563
798.562
798.561
798.56
798.559
798.558
798.557
798.555
798.554
798.553
798.552
798.55
798.549
798.548
798.547
798.545
798.544
798.542
798.541
798.539
798.538
798.537
798.535
798.533
798.532
798.53
798.529
798.527
798.525
798.523
798.521
798.519
798.517
798.515
798.512
798.51
798.507
798.504
798.502
798.499
798.497
798.495
798.491
798.487
798.48
798.466
798.439
798.388
798.293
798.12
797.814
797.287
796.406
794.972
792.706
789.225
784.02
776.441
765.676
750.729
730.386
703.143
667.05
619.373
556.066
472.849
378.407
304.319
260.825
237.635
227.157
226.262
234.655
254.802
293.224
360.698
453.887
541.307
608.61
659.176
697.368
726.174
747.693
763.522
774.943
782.999
788.545
792.264
794.691
796.23
797.18
797.749
798.08
798.267
798.371
798.426
798.455
798.47
798.478
798.482
798.485
798.488
798.49
798.492
798.494
798.496
798.499
798.501
798.503
798.505
798.507
798.509
798.511
798.513
798.514
798.516
798.517
798.519
798.52
798.522
798.523
798.524
798.526
798.527
798.528
798.529
798.531
798.532
798.533
798.534
798.535
798.537
798.538
798.539
798.54
798.541
798.542
798.543
798.544
798.545
798.546
798.547
798.547
798.548
798.549
798.55
798.551
798.551
798.552
798.553
798.553
798.554
798.555
798.555
798.556
798.556
798.557
798.557
798.557
798.558
798.558
798.558
798.559
798.559
798.559
798.559
798.56
798.56
798.56
798.56
798.56
798.531
798.531
798.531
798.53
798.53
798.53
798.53
798.53
798.529
798.529
798.529
798.528
798.528
798.527
798.527
798.526
798.526
798.525
798.524
798.524
798.523
798.522
798.521
798.521
798.52
798.519
798.518
798.517
798.516
798.515
798.514
798.513
798.511
798.51
798.509
798.508
798.506
798.505
798.504
798.502
798.501
798.499
798.498
798.496
798.495
798.493
798.492
798.49
798.488
798.487
798.485
798.483
798.481
798.479
798.478
798.475
798.473
798.471
798.469
798.466
798.463
798.46
798.457
798.453
798.45
798.446
798.442
798.439
798.435
798.432
798.429
798.426
798.421
798.414
798.401
798.374
798.324
798.231
798.059
797.756
797.232
796.355
794.927
792.67
789.201
784.011
776.452
765.711
750.791
730.478
703.262
667.187
619.501
556.12
472.683
377.904
303.695
260.232
237.086
226.626
225.718
234.067
254.132
292.443
359.893
453.338
541.083
608.553
659.187
697.402
726.208
747.716
763.531
774.937
782.98
788.514
792.224
794.644
796.178
797.124
797.69
798.019
798.205
798.307
798.362
798.39
798.404
798.412
798.416
798.42
798.422
798.425
798.428
798.431
798.435
798.438
798.441
798.444
798.448
798.45
798.453
798.455
798.458
798.46
798.462
798.463
798.465
798.467
798.468
798.47
798.472
798.473
798.475
798.476
798.478
798.479
798.48
798.482
798.483
798.484
798.486
798.487
798.488
798.489
798.49
798.492
798.493
798.494
798.495
798.496
798.497
798.498
798.499
798.499
798.5
798.501
798.502
798.503
798.503
798.504
798.505
798.505
798.506
798.507
798.507
798.508
798.508
798.508
798.509
798.509
798.51
798.51
798.51
798.51
798.511
798.511
798.511
798.511
798.511
798.511
798.502
798.501
798.501
798.501
798.501
798.501
798.501
798.5
798.5
798.5
798.499
798.499
798.498
798.498
798.497
798.497
798.496
798.495
798.494
798.494
798.493
798.492
798.491
798.49
798.489
798.488
798.487
798.486
798.485
798.483
798.482
798.481
798.479
798.478
798.477
798.475
798.474
798.472
798.471
798.469
798.467
798.465
798.464
798.462
798.46
798.458
798.456
798.454
798.452
798.45
798.448
798.446
798.443
798.441
798.438
798.436
798.433
798.43
798.426
798.422
798.418
798.414
798.409
798.403
798.398
798.392
798.386
798.381
798.376
798.371
798.367
798.364
798.359
798.352
798.339
798.314
798.266
798.174
798.005
797.704
797.185
796.313
794.893
792.646
789.191
784.021
776.486
765.775
750.892
730.619
703.445
667.407
619.739
556.321
472.7
377.575
303.185
259.711
236.582
226.128
225.21
233.525
253.526
291.75
359.202
452.953
541.003
608.607
659.284
697.501
726.292
747.778
763.57
774.954
782.978
788.498
792.196
794.607
796.134
797.075
797.638
797.964
798.148
798.248
798.301
798.328
798.342
798.349
798.354
798.357
798.361
798.365
798.369
798.374
798.379
798.385
798.39
798.395
798.399
798.404
798.407
798.411
798.414
798.417
798.42
798.422
798.424
798.426
798.429
798.431
798.433
798.434
798.436
798.438
798.44
798.442
798.443
798.445
798.446
798.448
798.449
798.451
798.452
798.454
798.455
798.456
798.458
798.459
798.46
798.461
798.462
798.464
798.465
798.466
798.467
798.468
798.468
798.469
798.47
798.471
798.472
798.472
798.473
798.474
798.474
798.475
798.475
798.476
798.476
798.477
798.477
798.477
798.478
798.478
798.478
798.478
798.479
798.479
798.479
798.479
798.501
798.501
798.501
798.501
798.501
798.501
798.5
798.5
798.5
798.499
798.499
798.498
798.498
798.497
798.496
798.496
798.495
798.494
798.493
798.492
798.491
798.49
798.489
798.488
798.487
798.485
798.484
798.483
798.481
798.48
798.478
798.477
798.475
798.473
798.471
798.47
798.468
798.466
798.464
798.462
798.46
798.457
798.455
798.453
798.45
798.448
798.445
798.443
798.44
798.437
798.434
798.431
798.428
798.425
798.421
798.418
798.414
798.409
798.404
798.398
798.392
798.385
798.377
798.369
798.36
798.351
798.342
798.333
798.325
798.318
798.312
798.307
798.303
798.296
798.285
798.262
798.216
798.127
797.961
797.664
797.15
796.285
794.874
792.64
789.202
784.054
776.549
765.876
751.039
730.819
703.704
667.725
620.105
556.691
472.931
377.45
302.813
259.276
236.137
225.676
224.742
233.028
252.982
291.159
358.686
452.773
541.094
608.792
659.481
697.679
726.438
747.889
763.648
775.002
783.003
788.502
792.186
794.585
796.105
797.039
797.597
797.92
798.1
798.198
798.248
798.274
798.286
798.292
798.297
798.301
798.306
798.312
798.319
798.327
798.336
798.344
798.353
798.36
798.368
798.374
798.38
798.386
798.39
798.395
798.398
798.402
798.405
798.408
798.411
798.414
798.416
798.419
798.421
798.423
798.426
798.428
798.43
798.432
798.434
798.436
798.438
798.44
798.442
798.444
798.445
798.447
798.448
798.45
798.451
798.453
798.454
798.456
798.457
798.458
798.459
798.46
798.461
798.463
798.464
798.464
798.465
798.466
798.467
798.468
798.468
798.469
798.47
798.47
798.471
798.471
798.472
798.472
798.473
798.473
798.473
798.473
798.474
798.474
798.474
798.474
798.548
798.548
798.548
798.547
798.547
798.547
798.546
798.546
798.546
798.545
798.544
798.544
798.543
798.542
798.541
798.54
798.539
798.538
798.537
798.536
798.535
798.533
798.532
798.531
798.529
798.527
798.526
798.524
798.522
798.52
798.518
798.516
798.514
798.512
798.509
798.507
798.505
798.502
798.499
798.497
798.494
798.491
798.488
798.485
798.481
798.478
798.475
798.471
798.467
798.463
798.459
798.455
798.451
798.446
798.441
798.435
798.429
798.423
798.415
798.406
798.396
798.385
798.373
798.359
798.345
798.33
798.315
798.301
798.288
798.277
798.269
798.262
798.257
798.252
798.242
798.222
798.179
798.095
797.934
797.643
797.135
796.279
794.879
792.66
789.242
784.122
776.653
766.026
751.245
731.092
704.055
668.159
620.621
557.258
473.411
377.564
302.598
258.937
235.757
225.277
224.325
232.589
252.519
290.699
358.377
452.833
541.383
609.129
659.798
697.951
726.659
748.062
763.776
775.093
783.062
788.538
792.202
794.588
796.097
797.024
797.575
797.892
798.068
798.161
798.208
798.23
798.24
798.246
798.25
798.255
798.263
798.273
798.284
798.297
798.311
798.325
798.339
798.352
798.363
798.374
798.383
798.392
798.399
798.405
798.411
798.416
798.421
798.425
798.429
798.433
798.437
798.44
798.443
798.447
798.45
798.453
798.456
798.459
798.461
798.464
798.467
798.469
798.471
798.474
798.476
798.478
798.48
798.482
798.484
798.486
798.488
798.489
798.491
798.493
798.494
798.496
798.497
798.498
798.499
798.501
798.502
798.503
798.504
798.505
798.506
798.507
798.507
798.508
798.509
798.509
798.51
798.51
798.511
798.511
798.512
798.512
798.512
798.512
798.512
798.512
798.665
798.665
798.665
798.665
798.665
798.664
798.664
798.663
798.663
798.662
798.661
798.66
798.659
798.658
798.657
798.656
798.655
798.653
798.652
798.65
798.648
798.647
798.645
798.643
798.641
798.639
798.636
798.634
798.632
798.629
798.626
798.624
798.621
798.618
798.615
798.611
798.608
798.604
798.601
798.597
798.593
798.589
798.585
798.58
798.576
798.571
798.566
798.561
798.556
798.55
798.544
798.538
798.532
798.525
798.517
798.509
798.5
798.49
798.478
798.464
798.449
798.431
798.412
798.39
798.367
798.343
798.319
798.296
798.275
798.258
798.244
798.235
798.229
798.225
798.218
798.202
798.166
798.088
797.934
797.651
797.153
796.307
794.922
792.721
789.327
784.24
776.814
766.241
751.528
731.459
704.518
668.733
621.314
558.054
474.18
377.951
302.56
258.705
235.45
224.934
223.963
232.215
252.148
290.387
358.306
453.171
541.906
609.649
660.259
698.341
726.977
748.314
763.971
775.24
783.172
788.618
792.26
794.628
796.124
797.04
797.583
797.892
798.06
798.147
798.188
798.205
798.212
798.216
798.22
798.228
798.24
798.256
798.275
798.296
798.318
798.341
798.363
798.384
798.402
798.419
798.434
798.447
798.458
798.468
798.477
798.484
798.491
798.498
798.504
798.509
798.515
798.52
798.524
798.529
798.533
798.538
798.542
798.546
798.55
798.553
798.557
798.56
798.564
798.567
798.57
798.573
798.575
798.578
798.581
798.583
798.586
798.588
798.59
798.592
798.594
798.596
798.598
798.6
798.601
798.603
798.604
798.606
798.607
798.608
798.61
798.611
798.612
798.613
798.614
798.614
798.615
798.616
798.616
798.617
798.617
798.618
798.618
798.618
798.618
798.618
798.889
798.889
798.889
798.889
798.888
798.888
798.887
798.886
798.886
798.885
798.884
798.882
798.881
798.88
798.878
798.876
798.875
798.873
798.871
798.869
798.866
798.864
798.862
798.859
798.856
798.853
798.85
798.847
798.844
798.84
798.836
798.833
798.829
798.824
798.82
798.815
798.811
798.806
798.801
798.795
798.79
798.784
798.778
798.772
798.765
798.759
798.752
798.744
798.737
798.729
798.72
798.711
798.702
798.692
798.68
798.668
798.654
798.639
798.621
798.6
798.576
798.549
798.518
798.484
798.447
798.409
798.371
798.334
798.301
798.273
798.251
798.237
798.229
798.227
798.224
798.216
798.188
798.119
797.977
797.706
797.22
796.389
795.021
792.842
789.478
784.428
777.052
766.544
751.913
731.943
705.123
669.479
622.219
559.121
475.284
378.657
302.727
258.595
235.222
224.655
223.661
231.913
251.879
290.244
358.511
453.837
542.706
610.389
660.898
698.877
727.418
748.671
764.257
775.468
783.353
788.763
792.378
794.725
796.204
797.106
797.636
797.934
798.092
798.168
798.2
798.211
798.212
798.214
798.219
798.231
798.249
798.274
798.305
798.339
798.375
798.411
798.446
798.479
798.509
798.535
798.558
798.578
798.595
798.61
798.623
798.635
798.645
798.655
798.664
798.672
798.68
798.687
798.694
798.701
798.707
798.713
798.719
798.725
798.73
798.735
798.74
798.745
798.75
798.754
798.758
798.763
798.766
798.77
798.774
798.777
798.781
798.784
798.787
798.79
798.792
798.795
798.798
798.8
798.802
798.804
798.806
798.808
798.81
798.812
798.813
798.815
798.816
798.817
798.819
798.82
798.821
798.822
798.822
798.823
798.824
798.824
798.824
798.825
798.825
798.825
799.266
799.266
799.266
799.265
799.265
799.264
799.263
799.262
799.261
799.26
799.258
799.257
799.255
799.253
799.251
799.249
799.246
799.244
799.241
799.238
799.235
799.232
799.228
799.224
799.221
799.217
799.212
799.208
799.203
799.198
799.193
799.188
799.182
799.176
799.17
799.164
799.157
799.151
799.143
799.136
799.128
799.12
799.111
799.102
799.093
799.084
799.074
799.063
799.052
799.04
799.028
799.015
799.001
798.987
798.97
798.952
798.931
798.908
798.881
798.85
798.813
798.772
798.724
798.672
798.615
798.556
798.496
798.439
798.386
798.342
798.308
798.286
798.275
798.274
798.278
798.279
798.264
798.21
798.084
797.829
797.361
796.549
795.203
793.052
789.722
784.718
777.4
766.968
752.433
732.583
705.908
670.437
623.384
560.511
476.786
379.737
303.131
258.623
235.085
224.444
223.425
231.691
251.727
290.295
359.041
454.891
543.839
611.397
661.758
699.599
728.019
749.167
764.666
775.807
783.636
789.003
792.584
794.905
796.362
797.245
797.758
798.04
798.182
798.244
798.263
798.262
798.257
798.255
798.262
798.28
798.309
798.349
798.397
798.451
798.508
798.565
798.619
798.67
798.715
798.756
798.791
798.822
798.848
798.87
798.89
798.907
798.922
798.936
798.949
798.961
798.973
798.983
798.993
799.003
799.012
799.021
799.029
799.037
799.045
799.052
799.06
799.066
799.073
799.079
799.085
799.091
799.096
799.102
799.107
799.111
799.116
799.12
799.125
799.129
799.132
799.136
799.14
799.143
799.146
799.149
799.152
799.154
799.157
799.159
799.161
799.163
799.165
799.167
799.168
799.17
799.171
799.172
799.173
799.174
799.175
799.176
799.176
799.177
799.177
799.177
799.854
799.854
799.854
799.853
799.852
799.851
799.85
799.849
799.847
799.845
799.843
799.841
799.839
799.836
799.833
799.83
799.827
799.824
799.82
799.816
799.812
799.807
799.802
799.797
799.792
799.787
799.781
799.775
799.768
799.762
799.754
799.747
799.739
799.731
799.723
799.714
799.705
799.695
799.685
799.674
799.664
799.652
799.64
799.628
799.615
799.601
799.587
799.572
799.556
799.54
799.522
799.504
799.484
799.463
799.439
799.413
799.383
799.349
799.309
799.263
799.209
799.147
799.076
798.998
798.912
798.822
798.731
798.643
798.562
798.494
798.441
798.406
798.39
798.39
798.403
798.418
798.42
798.388
798.284
798.053
797.61
796.824
795.506
793.388
790.1
785.149
777.901
767.557
753.134
733.424
706.922
671.662
624.865
562.291
478.762
381.265
303.818
258.813
235.051
224.314
223.265
231.559
251.709
290.575
359.959
456.415
545.375
612.735
662.894
700.559
728.827
749.848
765.243
776.299
784.062
789.377
792.917
795.205
796.635
797.493
797.982
798.24
798.359
798.4
798.4
798.384
798.368
798.363
798.373
798.401
798.447
798.509
798.584
798.667
798.753
798.84
798.922
798.999
799.068
799.128
799.181
799.226
799.264
799.297
799.326
799.351
799.373
799.394
799.412
799.429
799.445
799.461
799.475
799.489
799.502
799.514
799.526
799.538
799.548
799.559
799.569
799.578
799.588
799.596
799.605
799.613
799.62
799.628
799.635
799.641
799.648
799.654
799.66
799.665
799.671
799.676
799.68
799.685
799.689
799.693
799.697
799.701
799.704
799.707
799.71
799.713
799.715
799.718
799.72
799.722
799.724
799.725
799.727
799.728
799.729
799.73
799.731
799.731
799.731
799.732
800.724
800.724
800.724
800.723
800.722
800.72
800.719
800.717
800.715
800.713
800.71
800.707
800.704
800.7
800.696
800.692
800.688
800.683
800.678
800.673
800.667
800.661
800.655
800.648
800.641
800.633
800.625
800.617
800.608
800.599
800.589
800.579
800.569
800.558
800.546
800.534
800.521
800.508
800.494
800.48
800.465
800.449
800.432
800.415
800.397
800.378
800.359
800.338
800.316
800.293
800.269
800.243
800.216
800.185
800.152
800.115
800.073
800.024
799.967
799.901
799.824
799.734
799.631
799.517
799.391
799.259
799.124
798.992
798.871
798.767
798.686
798.632
798.606
798.608
798.63
798.664
798.692
798.689
798.617
798.419
798.009
797.258
795.977
793.902
790.664
785.776
778.608
768.368
754.076
734.53
708.231
673.224
626.741
564.547
481.314
383.34
304.847
259.198
235.141
224.276
223.193
231.535
251.85
291.133
361.351
458.508
547.405
614.482
664.38
701.824
729.908
750.776
766.045
777.001
784.685
789.937
793.427
795.674
797.067
797.891
798.347
798.573
798.66
798.67
798.644
798.607
798.578
798.568
798.584
798.628
798.699
798.794
798.907
799.031
799.161
799.289
799.41
799.523
799.623
799.711
799.787
799.852
799.907
799.954
799.995
800.031
800.062
800.091
800.117
800.141
800.164
800.185
800.205
800.224
800.242
800.259
800.276
800.292
800.307
800.321
800.335
800.348
800.361
800.373
800.384
800.395
800.406
800.416
800.426
800.435
800.444
800.452
800.46
800.467
800.475
800.481
800.488
800.494
800.5
800.505
800.511
800.515
800.52
800.524
800.528
800.532
800.536
800.539
800.542
800.544
800.547
800.549
800.551
800.553
800.554
800.555
800.556
800.557
800.557
800.558
801.955
801.955
801.954
801.953
801.952
801.95
801.948
801.946
801.943
801.94
801.936
801.932
801.928
801.923
801.918
801.913
801.907
801.901
801.894
801.887
801.879
801.871
801.863
801.854
801.844
801.834
801.824
801.813
801.801
801.789
801.776
801.763
801.748
801.734
801.718
801.702
801.685
801.667
801.649
801.629
801.609
801.588
801.566
801.542
801.518
801.493
801.466
801.438
801.409
801.378
801.345
801.309
801.272
801.231
801.185
801.134
801.076
801.009
800.93
800.838
800.73
800.604
800.46
800.298
800.119
799.929
799.735
799.544
799.367
799.213
799.091
799.009
798.968
798.969
799.003
799.06
799.121
799.158
799.129
798.977
798.612
797.907
796.676
794.653
791.478
786.666
779.594
769.474
755.335
735.981
709.921
675.213
629.108
567.388
484.566
386.087
306.3
259.821
235.379
224.349
223.227
231.639
252.186
292.03
363.33
461.304
550.043
616.74
666.308
703.481
731.342
752.027
767.147
777.984
785.572
790.749
794.177
796.371
797.717
798.495
798.906
799.087
799.13
799.099
799.036
798.972
798.927
798.914
798.94
799.008
799.115
799.256
799.422
799.604
799.791
799.975
800.149
800.309
800.451
800.575
800.682
800.773
800.849
800.915
800.971
801.02
801.064
801.103
801.138
801.171
801.202
801.231
801.258
801.284
801.309
801.332
801.355
801.376
801.397
801.416
801.435
801.453
801.47
801.486
801.501
801.516
801.53
801.544
801.557
801.569
801.581
801.592
801.602
801.612
801.622
801.631
801.64
801.648
801.656
801.663
801.67
801.677
801.683
801.688
801.694
801.699
801.703
801.707
801.711
801.715
801.718
801.721
801.724
801.726
801.728
801.729
801.73
801.731
801.732
801.732
803.628
803.628
803.627
803.625
803.624
803.621
803.619
803.616
803.612
803.608
803.603
803.598
803.593
803.587
803.58
803.573
803.566
803.558
803.549
803.54
803.53
803.52
803.509
803.497
803.485
803.472
803.458
803.444
803.429
803.413
803.396
803.379
803.36
803.341
803.321
803.3
803.278
803.255
803.23
803.205
803.178
803.151
803.122
803.091
803.059
803.026
802.991
802.954
802.915
802.874
802.831
802.785
802.735
802.68
802.62
802.552
802.475
802.385
802.28
802.156
802.01
801.839
801.643
801.42
801.174
800.911
800.639
800.371
800.119
799.897
799.719
799.595
799.53
799.525
799.572
799.657
799.76
799.848
799.877
799.784
799.481
798.838
797.669
795.715
792.617
787.898
780.941
770.966
757.007
737.878
712.099
677.743
632.09
570.951
488.681
389.675
308.284
260.739
235.799
224.558
223.389
231.899
252.761
293.354
366.046
464.968
553.435
619.639
668.796
705.64
733.232
753.698
768.64
779.332
786.805
791.888
795.239
797.366
798.65
799.368
799.719
799.839
799.823
799.737
799.628
799.53
799.466
799.451
799.495
799.598
799.756
799.96
800.198
800.455
800.718
800.975
801.217
801.437
801.632
801.802
801.946
802.069
802.173
802.26
802.336
802.401
802.459
802.511
802.558
802.602
802.643
802.681
802.717
802.751
802.784
802.815
802.844
802.872
802.899
802.925
802.949
802.973
802.995
803.016
803.037
803.056
803.074
803.092
803.109
803.125
803.14
803.155
803.169
803.182
803.194
803.206
803.217
803.228
803.238
803.248
803.257
803.265
803.273
803.28
803.287
803.294
803.3
803.305
803.31
803.315
803.319
803.323
803.326
803.329
803.331
803.333
803.335
803.336
803.337
803.338
805.818
805.817
805.816
805.814
805.812
805.809
805.806
805.802
805.798
805.793
805.787
805.781
805.774
805.766
805.758
805.749
805.74
805.73
805.719
805.707
805.695
805.682
805.668
805.653
805.638
805.622
805.604
805.586
805.567
805.547
805.526
805.504
805.481
805.457
805.431
805.404
805.376
805.347
805.316
805.284
805.25
805.215
805.178
805.14
805.099
805.056
805.012
804.965
804.915
804.863
804.808
804.748
804.685
804.615
804.537
804.45
804.351
804.235
804.099
803.938
803.747
803.524
803.264
802.969
802.641
802.288
801.92
801.554
801.206
800.896
800.643
800.46
800.359
800.34
800.396
800.513
800.666
800.817
800.919
800.904
800.68
800.118
799.032
797.166
794.166
789.563
782.747
772.946
759.204
740.344
714.897
680.957
635.841
575.407
493.859
394.325
310.946
262.029
236.444
224.931
223.706
232.35
253.634
295.219
369.7
469.716
557.762
623.339
671.992
708.436
735.705
755.904
770.628
781.144
788.474
793.441
796.695
798.735
799.938
800.578
800.848
800.89
800.798
800.643
800.477
800.338
800.255
800.244
800.315
800.468
800.696
800.984
801.314
801.668
802.026
802.374
802.699
802.992
803.251
803.474
803.664
803.824
803.959
804.073
804.171
804.255
804.329
804.396
804.457
804.513
804.565
804.614
804.66
804.704
804.746
804.786
804.823
804.859
804.893
804.926
804.957
804.987
805.015
805.042
805.068
805.093
805.116
805.139
805.16
805.181
805.2
805.218
805.236
805.253
805.268
805.284
805.298
805.311
805.324
805.336
805.347
805.358
805.368
805.377
805.386
805.394
805.402
805.409
805.415
805.421
805.426
805.431
805.435
805.439
805.442
805.444
805.446
805.448
805.449
805.449
808.582
808.582
808.58
808.578
808.576
808.572
808.568
808.563
808.558
808.552
808.545
808.537
808.529
808.52
808.51
808.499
808.488
808.475
808.462
808.448
808.433
808.417
808.4
808.382
808.363
808.344
808.323
808.3
808.277
808.253
808.227
808.2
808.171
808.142
808.11
808.078
808.043
808.007
807.97
807.93
807.889
807.845
807.8
807.752
807.702
807.65
807.595
807.537
807.476
807.411
807.343
807.269
807.19
807.104
807.008
806.9
806.776
806.632
806.462
806.26
806.02
805.737
805.407
805.029
804.607
804.149
803.668
803.183
802.717
802.296
801.945
801.683
801.527
801.483
801.542
801.689
801.897
802.124
802.314
802.396
802.273
801.815
800.836
799.083
796.209
791.753
785.114
775.53
762.054
743.52
718.474
685.032
640.556
580.973
500.355
400.33
314.487
263.796
237.373
225.506
224.212
233.039
254.887
297.782
374.562
475.82
563.253
628.042
676.077
712.034
738.905
758.776
773.231
783.526
790.677
795.497
798.626
800.555
801.654
802.19
802.36
802.301
802.114
801.874
801.641
801.459
801.359
801.361
801.475
801.698
802.017
802.411
802.858
803.329
803.802
804.257
804.678
805.056
805.388
805.672
805.912
806.114
806.284
806.427
806.548
806.653
806.746
806.829
806.904
806.974
807.039
807.1
807.157
807.211
807.263
807.312
807.358
807.403
807.445
807.485
807.524
807.561
807.596
807.629
807.661
807.691
807.72
807.748
807.774
807.799
807.823
807.846
807.867
807.888
807.907
807.926
807.943
807.96
807.975
807.99
808.004
808.017
808.029
808.041
808.051
808.061
808.07
808.079
808.087
808.094
808.1
808.106
808.111
808.115
808.119
808.122
808.125
808.127
808.128
808.129
811.951
811.95
811.949
811.946
811.943
811.939
811.934
811.929
811.922
811.915
811.907
811.898
811.888
811.877
811.866
811.853
811.839
811.825
811.809
811.793
811.775
811.756
811.736
811.715
811.693
811.669
811.645
811.618
811.591
811.562
811.531
811.499
811.466
811.43
811.393
811.354
811.314
811.271
811.226
811.179
811.13
811.078
811.024
810.967
810.908
810.845
810.78
810.71
810.638
810.561
810.479
810.391
810.297
810.193
810.079
809.95
809.801
809.628
809.423
809.179
808.888
808.543
808.139
807.673
807.148
806.574
805.966
805.345
804.742
804.187
803.713
803.348
803.115
803.025
803.073
803.244
803.508
803.817
804.111
804.31
804.312
803.984
803.141
801.533
798.821
794.553
788.14
778.832
765.693
747.567
723.015
690.178
646.473
587.916
508.489
408.081
319.188
266.182
238.659
226.333
224.953
234.026
256.626
301.264
381.003
483.626
570.191
633.997
681.272
716.625
742.999
762.456
776.568
786.582
793.504
798.136
801.104
802.891
803.857
804.264
804.307
804.124
803.823
803.486
803.179
802.954
802.846
802.876
803.054
803.37
803.805
804.331
804.915
805.524
806.128
806.702
807.23
807.7
808.109
808.458
808.751
808.997
809.202
809.374
809.521
809.647
809.758
809.858
809.948
810.032
810.109
810.182
810.251
810.316
810.378
810.436
810.492
810.545
810.596
810.644
810.69
810.734
810.776
810.815
810.853
810.89
810.924
810.957
810.988
811.018
811.046
811.073
811.099
811.123
811.146
811.168
811.189
811.209
811.227
811.245
811.261
811.277
811.291
811.305
811.318
811.329
811.34
811.35
811.36
811.368
811.376
811.382
811.388
811.394
811.398
811.402
811.405
811.407
811.408
811.409
815.915
815.914
815.912
815.909
815.906
815.901
815.896
815.889
815.882
815.874
815.864
815.854
815.843
815.831
815.817
815.803
815.787
815.771
815.753
815.734
815.714
815.693
815.67
815.646
815.62
815.593
815.565
815.535
815.504
815.47
815.436
815.399
815.36
815.32
815.277
815.233
815.186
815.137
815.085
815.031
814.975
814.916
814.853
814.788
814.719
814.647
814.572
814.492
814.408
814.319
814.225
814.124
814.015
813.896
813.764
813.615
813.443
813.243
813.005
812.721
812.382
811.977
811.5
810.947
810.319
809.626
808.883
808.117
807.36
806.651
806.03
805.535
805.196
805.034
805.051
805.229
805.54
805.933
806.34
806.674
806.825
806.655
805.983
804.56
802.056
798.031
791.91
782.959
770.254
752.652
728.727
696.646
653.884
596.573
518.66
418.105
325.454
269.391
240.407
227.473
225.982
235.39
259.003
305.98
389.538
493.577
578.931
641.509
687.835
722.425
748.162
767.085
780.753
790.403
797.03
801.418
804.182
805.789
806.586
806.833
806.721
806.392
805.96
805.516
805.136
804.877
804.777
804.859
805.126
805.562
806.14
806.82
807.561
808.322
809.067
809.767
810.405
810.968
811.454
811.866
812.211
812.499
812.738
812.938
813.108
813.254
813.383
813.498
813.603
813.699
813.789
813.874
813.953
814.028
814.1
814.167
814.232
814.293
814.352
814.407
814.461
814.511
814.559
814.605
814.649
814.691
814.731
814.768
814.804
814.839
814.871
814.902
814.932
814.96
814.986
815.012
815.035
815.058
815.079
815.099
815.118
815.136
815.153
815.168
815.183
815.196
815.209
815.22
815.231
815.241
815.249
815.257
815.264
815.27
815.275
815.279
815.283
815.285
815.287
815.288
820.42
820.419
820.417
820.414
820.41
820.405
820.399
820.392
820.384
820.375
820.364
820.353
820.341
820.327
820.313
820.297
820.28
820.261
820.242
820.221
820.199
820.175
820.15
820.123
820.095
820.066
820.034
820.001
819.966
819.93
819.891
819.85
819.808
819.763
819.716
819.667
819.615
819.56
819.503
819.443
819.381
819.315
819.245
819.173
819.097
819.017
818.932
818.844
818.75
818.652
818.547
818.434
818.313
818.181
818.034
817.868
817.678
817.455
817.19
816.873
816.492
816.036
815.496
814.864
814.142
813.336
812.463
811.549
810.631
809.754
808.965
808.311
807.836
807.567
807.518
807.676
808.015
808.482
809.003
809.484
809.808
809.827
809.363
808.171
805.931
802.217
796.476
787.99
775.854
758.938
735.83
704.72
663.142
607.362
531.378
431.118
333.888
273.722
242.761
229.007
227.371
237.236
262.235
312.404
400.901
506.238
589.917
650.948
696.068
729.669
754.571
772.79
785.875
795.052
801.295
805.373
807.877
809.257
809.847
809.902
809.607
809.111
808.536
807.985
807.54
807.266
807.201
807.365
807.754
808.341
809.087
809.94
810.851
811.77
812.656
813.48
814.221
814.87
815.426
815.894
816.284
816.607
816.874
817.098
817.288
817.451
817.595
817.724
817.84
817.948
818.048
818.143
818.231
818.315
818.395
818.471
818.543
818.611
818.676
818.739
818.798
818.854
818.908
818.959
819.008
819.054
819.099
819.141
819.181
819.219
819.255
819.29
819.323
819.354
819.383
819.411
819.438
819.463
819.486
819.509
819.53
819.549
819.568
819.585
819.601
819.616
819.63
819.643
819.654
819.665
819.675
819.683
819.691
819.698
819.703
819.708
819.712
819.715
819.717
819.717
825.368
825.367
825.365
825.362
825.357
825.352
825.346
825.338
825.33
825.32
825.309
825.297
825.284
825.27
825.254
825.237
825.219
825.2
825.179
825.157
825.133
825.108
825.081
825.053
825.023
824.991
824.958
824.922
824.885
824.846
824.805
824.761
824.716
824.668
824.618
824.565
824.509
824.451
824.39
824.326
824.258
824.188
824.114
824.036
823.954
823.868
823.778
823.683
823.582
823.476
823.364
823.243
823.113
822.972
822.814
822.637
822.434
822.195
821.912
821.572
821.163
820.67
820.082
819.391
818.593
817.692
816.705
815.655
814.582
813.532
812.56
811.724
811.075
810.659
810.499
810.597
810.928
811.445
812.07
812.701
813.213
813.453
813.235
812.327
810.415
807.098
801.842
793.96
782.572
766.566
744.544
714.717
674.67
620.814
547.297
448.102
345.434
279.641
245.931
231.045
229.213
239.716
266.655
321.283
416.16
522.335
603.712
662.762
706.309
738.594
762.381
779.665
791.984
800.544
806.297
809.98
812.16
813.26
813.603
813.429
812.925
812.248
811.528
810.879
810.392
810.136
810.143
810.43
810.978
811.747
812.682
813.721
814.803
815.874
816.891
817.823
818.652
819.37
819.98
820.491
820.913
821.262
821.55
821.79
821.994
822.169
822.324
822.462
822.587
822.703
822.811
822.913
823.008
823.099
823.185
823.266
823.344
823.418
823.488
823.555
823.619
823.679
823.737
823.792
823.845
823.895
823.942
823.987
824.031
824.072
824.111
824.148
824.183
824.216
824.248
824.278
824.306
824.333
824.359
824.382
824.405
824.426
824.446
824.464
824.482
824.498
824.513
824.526
824.539
824.55
824.561
824.57
824.578
824.585
824.591
824.596
824.6
824.603
824.605
824.606
830.623
830.622
830.62
830.617
830.613
830.607
830.601
830.593
830.584
830.574
830.563
830.551
830.537
830.523
830.507
830.489
830.471
830.451
830.429
830.406
830.382
830.356
830.328
830.299
830.268
830.236
830.201
830.165
830.127
830.086
830.044
829.999
829.952
829.903
829.851
829.796
829.739
829.679
829.615
829.549
829.479
829.406
829.329
829.249
829.164
829.075
828.982
828.883
828.78
828.67
828.553
828.429
828.295
828.149
827.987
827.805
827.596
827.352
827.061
826.713
826.291
825.781
825.17
824.445
823.6
822.636
821.563
820.404
819.194
817.981
816.824
815.785
814.931
814.32
813.994
813.975
814.245
814.769
815.469
816.24
816.947
817.432
817.502
816.931
815.423
812.596
807.953
800.845
790.428
775.625
755.06
726.961
688.959
637.603
567.28
470.404
361.662
287.936
250.26
233.75
231.636
243.059
272.812
333.888
436.895
542.822
621.033
677.483
718.918
749.422
771.706
787.75
799.068
806.838
811.972
815.166
816.948
817.712
817.764
817.328
816.596
815.73
814.875
814.154
813.664
813.472
813.605
814.064
814.811
815.79
816.927
818.151
819.394
820.598
821.72
822.734
823.623
824.386
825.028
825.561
825.999
826.359
826.656
826.904
827.114
827.295
827.454
827.596
827.727
827.847
827.959
828.064
828.164
828.258
828.347
828.432
828.512
828.589
828.662
828.732
828.798
828.861
828.921
828.979
829.033
829.085
829.134
829.181
829.226
829.269
829.309
829.348
829.384
829.419
829.452
829.483
829.512
829.54
829.566
829.591
829.614
829.636
829.657
829.676
829.694
829.711
829.726
829.74
829.753
829.765
829.776
829.785
829.794
829.801
829.807
829.812
829.817
829.82
829.822
829.823
836.023
836.022
836.02
836.016
836.012
836.007
836
835.993
835.984
835.974
835.963
835.951
835.938
835.923
835.907
835.89
835.871
835.852
835.83
835.808
835.783
835.758
835.73
835.701
835.671
835.638
835.604
835.568
835.53
835.489
835.447
835.403
835.356
835.307
835.255
835.2
835.143
835.083
835.02
834.954
834.884
834.812
834.735
834.655
834.57
834.481
834.388
834.29
834.186
834.077
833.961
833.837
833.704
833.559
833.399
833.219
833.014
832.774
832.49
832.148
831.733
831.231
830.624
829.898
829.044
828.056
826.94
825.712
824.401
823.051
821.719
820.472
819.386
818.533
817.979
817.767
817.906
818.37
819.097
819.977
820.874
821.618
822.013
821.832
820.802
818.569
814.68
808.537
799.359
786.123
767.499
741.752
706.552
658.572
592.505
499.873
385.415
300.105
256.365
237.39
234.844
247.662
281.736
352.624
465.462
568.995
642.802
695.719
734.245
762.311
782.58
796.999
807.039
813.82
818.192
820.793
822.1
822.473
822.187
821.461
820.489
819.443
818.479
817.73
817.297
817.233
817.557
818.243
819.23
820.438
821.781
823.176
824.552
825.854
827.044
828.1
829.014
829.788
830.433
830.965
831.4
831.755
832.048
832.292
832.499
832.678
832.836
832.978
833.107
833.227
833.339
833.445
833.544
833.639
833.728
833.813
833.894
833.971
834.044
834.114
834.181
834.244
834.304
834.362
834.416
834.468
834.518
834.565
834.61
834.653
834.693
834.732
834.768
834.803
834.836
834.867
834.896
834.924
834.951
834.975
834.999
835.021
835.041
835.06
835.078
835.095
835.11
835.125
835.138
835.149
835.16
835.17
835.178
835.185
835.192
835.197
835.201
835.204
835.206
835.207
841.392
841.391
841.389
841.386
841.382
841.377
841.371
841.364
841.355
841.346
841.335
841.324
841.311
841.297
841.282
841.265
841.248
841.228
841.208
841.186
841.163
841.139
841.112
841.085
841.055
841.024
840.991
840.956
840.92
840.881
840.841
840.798
840.753
840.706
840.656
840.604
840.549
840.491
840.43
840.367
840.3
840.23
840.156
840.079
839.998
839.912
839.823
839.728
839.629
839.524
839.413
839.294
839.167
839.029
838.878
838.708
838.515
838.29
838.025
837.705
837.318
836.847
836.275
835.585
834.763
833.8
832.693
831.449
830.087
828.643
827.165
825.721
824.388
823.254
822.406
821.916
821.831
822.146
822.822
823.759
824.817
825.82
826.566
826.827
826.346
824.809
821.814
816.839
809.19
797.94
781.854
759.281
727.972
684.732
624.598
539.069
422.244
319.637
265.659
242.545
239.23
254.377
295.788
382.754
505.267
602.662
670.177
718.105
752.557
777.301
794.915
807.26
815.713
821.294
824.759
826.664
827.421
827.347
826.685
825.649
824.438
823.236
822.211
821.502
821.205
821.356
821.947
822.917
824.177
825.623
827.157
828.692
830.16
831.512
832.72
833.772
834.667
835.415
836.032
836.536
836.946
837.28
837.555
837.785
837.98
838.149
838.299
838.435
838.559
838.674
838.781
838.883
838.979
839.07
839.156
839.238
839.317
839.391
839.462
839.529
839.594
839.655
839.713
839.769
839.822
839.872
839.92
839.966
840.009
840.05
840.089
840.127
840.162
840.196
840.227
840.257
840.286
840.313
840.338
840.362
840.385
840.406
840.426
840.444
840.462
840.478
840.493
840.506
840.519
840.53
840.541
840.55
840.558
840.565
840.571
840.576
840.58
840.583
840.585
840.586
846.564
846.563
846.561
846.558
846.554
846.55
846.544
846.537
846.53
846.521
846.511
846.5
846.489
846.476
846.462
846.447
846.43
846.413
846.394
846.374
846.352
846.33
846.305
846.28
846.253
846.224
846.194
846.161
846.128
846.092
846.054
846.015
845.973
845.93
845.884
845.835
845.784
845.731
845.675
845.616
845.554
845.489
845.421
845.35
845.274
845.195
845.113
845.025
844.934
844.837
844.735
844.626
844.51
844.384
844.247
844.094
843.921
843.721
843.486
843.204
842.863
842.446
841.937
841.318
840.572
839.683
838.641
837.442
836.094
834.616
833.043
831.433
829.86
828.419
827.216
826.358
825.932
825.987
826.506
827.414
828.577
829.817
830.923
831.666
831.796
831.044
829.072
825.452
819.615
810.783
797.897
779.498
753.545
717.097
665.657
591.558
482.381
357.549
282.892
251.071
245.87
265.829
322.6
436.9
560.851
646.297
704.44
745.134
773.902
794.219
808.446
818.245
824.806
828.988
831.415
832.53
832.674
832.1
831.032
829.678
828.245
826.934
825.925
825.353
825.295
825.764
826.705
828.015
829.568
831.244
832.936
834.561
836.062
837.404
838.572
839.567
840.399
841.083
841.641
842.092
842.458
842.755
843
843.204
843.379
843.532
843.668
843.791
843.905
844.011
844.111
844.204
844.293
844.378
844.458
844.534
844.607
844.676
844.742
844.805
844.865
844.922
844.976
845.028
845.077
845.124
845.169
845.211
845.252
845.29
845.327
845.362
845.395
845.426
845.455
845.484
845.51
845.535
845.559
845.581
845.602
845.622
845.641
845.658
845.674
845.689
845.703
845.716
845.727
845.738
845.747
845.756
845.764
845.77
845.776
845.781
845.784
845.787
845.789
845.79
851.39
851.389
851.387
851.385
851.381
851.377
851.372
851.366
851.359
851.352
851.343
851.333
851.323
851.311
851.299
851.286
851.271
851.256
851.239
851.221
851.202
851.182
851.16
851.138
851.114
851.088
851.061
851.033
851.003
850.971
850.938
850.902
850.866
850.827
850.786
850.743
850.698
850.65
850.6
850.548
850.493
850.436
850.375
850.311
850.245
850.175
850.101
850.024
849.943
849.858
849.768
849.672
849.571
849.462
849.343
849.213
849.067
848.899
848.704
848.471
848.19
847.847
847.425
846.908
846.274
845.507
844.586
843.498
842.234
840.796
839.2
837.482
835.703
833.955
832.354
831.039
830.148
829.793
830.022
830.773
831.949
833.376
834.829
836.071
836.863
836.961
836.105
833.985
830.189
824.151
815.093
801.922
783.061
756.19
717.75
661.847
577.644
452.85
335.647
272.618
258.958
295.565
398.309
536.587
637.564
702.676
746.533
776.802
797.887
812.565
822.687
829.517
833.932
836.56
837.851
838.11
837.58
836.47
834.979
833.315
831.702
830.361
829.481
829.164
829.482
830.389
831.764
833.455
835.303
837.175
838.969
840.615
842.078
843.342
844.41
845.296
846.021
846.607
847.078
847.456
847.76
848.007
848.211
848.383
848.531
848.662
848.779
848.886
848.985
849.079
849.166
849.249
849.328
849.403
849.475
849.543
849.608
849.67
849.728
849.785
849.838
849.889
849.938
849.984
850.028
850.07
850.11
850.148
850.185
850.219
850.252
850.283
850.313
850.341
850.367
850.393
850.417
850.439
850.46
850.48
850.499
850.517
850.534
850.549
850.564
850.577
850.589
850.601
850.611
850.621
850.63
850.637
850.644
850.65
850.655
850.659
850.663
850.665
850.667
850.668
855.749
855.748
855.747
855.745
855.742
855.738
855.734
855.729
855.723
855.717
855.71
855.701
855.693
855.683
855.672
855.661
855.649
855.635
855.621
855.606
855.59
855.573
855.555
855.535
855.515
855.493
855.47
855.446
855.42
855.393
855.365
855.335
855.304
855.271
855.236
855.2
855.161
855.121
855.079
855.034
854.988
854.939
854.887
854.834
854.777
854.718
854.656
854.591
854.523
854.451
854.375
854.296
854.212
854.122
854.026
853.921
853.806
853.675
853.525
853.349
853.137
852.878
852.56
852.164
851.673
851.062
850.31
849.391
848.283
846.966
845.434
843.694
841.781
839.765
837.76
835.921
834.438
833.499
833.278
833.704
834.752
836.276
838.035
839.77
841.239
842.228
842.518
841.963
840.327
837.313
832.535
825.454
815.329
801.1
781.201
753.125
712.312
649.743
565.897
404.254
308.416
456.779
611.529
689.689
740.069
773.143
795.972
812.062
823.445
831.429
836.901
840.483
842.614
843.606
843.74
843.095
841.86
840.195
838.281
836.336
834.609
833.355
832.768
832.839
833.7
835.17
837.052
839.136
841.245
843.248
845.063
846.65
847.997
849.116
850.028
850.762
851.345
851.807
852.172
852.461
852.693
852.882
853.039
853.172
853.289
853.393
853.488
853.576
853.659
853.736
853.81
853.88
853.947
854.01
854.071
854.129
854.184
854.237
854.287
854.335
854.381
854.425
854.466
854.506
854.544
854.58
854.614
854.647
854.678
854.708
854.736
854.763
854.788
854.813
854.836
854.857
854.878
854.897
854.916
854.933
854.949
854.964
854.979
854.992
855.005
855.016
855.027
855.037
855.046
855.054
855.062
855.068
855.074
855.079
855.084
855.087
855.09
855.092
855.094
855.095
859.561
859.56
859.559
859.557
859.555
859.552
859.548
859.544
859.539
859.534
859.528
859.521
859.514
859.506
859.497
859.488
859.478
859.467
859.455
859.443
859.43
859.416
859.401
859.385
859.368
859.35
859.331
859.311
859.29
859.268
859.244
859.22
859.194
859.167
859.138
859.108
859.076
859.043
859.008
858.971
858.933
858.893
858.85
858.806
858.76
858.711
858.66
858.607
858.551
858.493
858.431
858.367
858.299
858.228
858.151
858.069
857.98
857.88
857.766
857.634
857.476
857.282
857.041
856.736
856.347
855.852
855.22
854.419
853.417
852.18
850.683
848.915
846.894
844.678
842.378
840.165
838.258
836.895
836.291
836.5
837.417
838.985
840.959
843.064
845.046
846.694
847.837
848.331
848.041
846.865
844.568
840.88
835.424
827.65
816.705
801.128
778.058
741.327
679.679
525.927
356.159
551.914
697.301
757.099
790.072
810.424
823.944
833.257
839.728
844.155
847.046
848.738
849.464
849.467
848.744
847.438
845.665
843.564
841.318
839.163
837.372
836.209
835.81
836.215
837.46
839.328
841.567
843.937
846.245
848.359
850.209
851.77
853.049
854.075
854.882
855.509
855.993
856.364
856.65
856.872
857.049
857.191
857.31
857.412
857.502
857.583
857.658
857.728
857.794
857.857
857.917
857.974
858.028
858.081
858.131
858.178
858.224
858.268
858.31
858.349
858.387
858.424
858.458
858.492
858.523
858.553
858.582
858.609
858.635
858.66
858.684
858.706
858.727
858.747
858.767
858.785
858.802
858.818
858.834
858.848
858.862
858.875
858.887
858.898
858.908
858.918
858.927
858.935
858.943
858.95
858.956
858.961
858.966
858.971
858.974
858.977
858.98
858.982
858.983
858.984
862.773
862.772
862.771
862.77
862.768
862.766
862.763
862.76
862.756
862.752
862.747
862.741
862.736
862.729
862.722
862.715
862.707
862.698
862.689
862.679
862.668
862.657
862.645
862.632
862.619
862.604
862.589
862.573
862.556
862.539
862.52
862.5
862.479
862.458
862.435
862.41
862.385
862.358
862.33
862.301
862.27
862.238
862.204
862.169
862.131
862.093
862.052
862.009
861.965
861.919
861.87
861.819
861.766
861.71
861.651
861.589
861.521
861.446
861.361
861.262
861.144
860.998
860.812
860.571
860.255
859.838
859.287
858.566
857.633
856.444
854.964
853.17
851.07
848.714
846.214
843.748
841.555
839.897
839.015
839.063
839.865
841.439
843.546
845.9
848.238
850.34
852.043
853.227
853.793
853.632
852.717
850.827
847.71
842.957
835.861
825.096
807.929
778.377
722.078
588.741
394.328
588.801
723.82
781.951
811.73
828.61
838.922
845.523
849.81
852.523
854.083
854.74
854.741
854.058
852.801
851.049
848.899
846.489
844.014
841.725
839.908
838.829
838.565
839.211
840.719
842.849
845.326
847.89
850.338
852.538
854.422
855.977
857.221
858.19
858.931
859.489
859.905
860.214
860.445
860.619
860.754
860.862
860.951
861.028
861.096
861.157
861.215
861.269
861.321
861.37
861.417
861.463
861.506
861.548
861.588
861.626
861.663
861.698
861.732
861.764
861.795
861.824
861.852
861.879
861.904
861.929
861.952
861.974
861.995
862.015
862.035
862.053
862.07
862.087
862.102
862.117
862.131
862.144
862.157
862.168
862.179
862.19
862.2
862.209
862.217
862.225
862.233
862.239
862.245
862.251
862.256
862.261
862.265
862.268
862.271
862.274
862.276
862.277
862.278
862.279
865.383
865.382
865.382
865.381
865.379
865.377
865.375
865.373
865.37
865.366
865.363
865.359
865.354
865.349
865.344
865.338
865.332
865.325
865.318
865.31
865.302
865.293
865.284
865.274
865.263
865.252
865.24
865.228
865.215
865.201
865.186
865.171
865.155
865.137
865.12
865.101
865.081
865.06
865.038
865.015
864.991
864.966
864.94
864.912
864.883
864.853
864.821
864.788
864.754
864.718
864.681
864.642
864.601
864.559
864.514
864.467
864.416
864.36
864.297
864.224
864.134
864.021
863.873
863.676
863.407
863.041
862.542
861.869
860.976
859.814
858.339
856.524
854.369
851.923
849.298
846.677
844.305
842.46
841.393
841.322
842.032
843.587
845.76
848.264
850.823
853.211
855.259
856.852
857.906
858.337
858.074
857.065
855.017
851.534
845.893
836.691
821.079
792.953
738.26
620.438
426.834
587.657
724.143
787.816
819.412
836.466
846.309
852.203
855.757
857.796
858.771
859.002
858.565
857.522
855.954
853.928
851.541
848.939
846.326
843.967
842.154
841.146
840.977
841.782
843.453
845.742
848.363
851.046
853.584
855.844
857.76
859.32
860.549
861.489
862.193
862.709
863.083
863.352
863.546
863.688
863.794
863.877
863.944
864.001
864.052
864.098
864.141
864.183
864.222
864.26
864.296
864.331
864.365
864.397
864.428
864.458
864.487
864.514
864.541
864.566
864.59
864.613
864.635
864.656
864.676
864.696
864.714
864.731
864.748
864.764
864.779
864.794
864.807
864.82
864.833
864.844
864.855
864.866
864.876
864.885
864.894
864.902
864.91
864.917
864.924
864.93
864.936
864.941
864.946
864.951
864.955
864.958
864.961
864.964
864.967
864.969
864.97
864.971
864.972
864.973
867.427
867.427
867.426
867.426
867.425
867.423
867.422
867.42
867.417
867.415
867.412
867.409
867.406
867.402
867.398
867.393
867.389
867.383
867.378
867.372
867.366
867.359
867.352
867.345
867.337
867.328
867.319
867.31
867.3
867.289
867.278
867.266
867.254
867.241
867.227
867.213
867.198
867.182
867.166
867.148
867.13
867.111
867.091
867.07
867.048
867.025
867.001
866.976
866.95
866.923
866.895
866.866
866.835
866.804
866.771
866.736
866.698
866.657
866.61
866.554
866.484
866.393
866.27
866.099
865.86
865.523
865.053
864.406
863.533
862.38
860.902
859.067
856.877
854.378
851.684
848.978
846.51
844.56
843.388
843.225
843.876
845.398
847.59
850.166
852.845
855.393
857.633
859.445
860.747
861.469
861.466
860.807
859.127
856.002
850.657
841.596
825.905
797.575
743.945
636.723
454.945
584.661
718.637
785.451
819.895
838.571
849.137
855.337
858.942
860.903
861.739
861.843
861.234
860.03
858.306
856.135
853.62
850.916
848.239
845.858
844.066
843.114
843.008
843.904
845.662
848.032
850.726
853.473
856.065
858.364
860.306
861.878
863.107
864.039
864.726
865.221
865.572
865.819
865.991
866.112
866.2
866.265
866.317
866.36
866.397
866.432
866.464
866.494
866.523
866.551
866.579
866.605
866.63
866.655
866.679
866.701
866.723
866.744
866.764
866.784
866.802
866.82
866.837
866.853
866.868
866.883
866.897
866.911
866.924
866.936
866.948
866.959
866.969
866.979
866.989
866.998
867.006
867.014
867.022
867.029
867.036
867.042
867.048
867.054
867.059
867.064
867.069
867.073
867.076
867.08
867.083
867.086
867.088
867.09
867.092
867.094
867.095
867.096
867.097
867.097
868.97
868.97
868.969
868.969
868.968
868.967
868.966
868.964
868.963
868.961
868.959
868.956
868.954
868.951
868.948
868.945
868.941
868.938
868.933
868.929
868.924
868.92
868.914
868.909
868.903
868.896
868.89
868.883
868.875
868.868
868.859
868.851
868.841
868.832
868.822
868.811
868.8
868.788
868.776
868.763
868.749
868.735
868.72
868.704
868.688
868.671
868.653
868.635
868.616
868.596
868.575
868.554
868.531
868.508
868.484
868.458
868.431
868.4
868.364
868.32
868.264
868.187
868.078
867.923
867.699
867.376
866.918
866.28
865.409
864.253
862.763
860.91
858.695
856.166
853.439
850.698
848.191
846.196
844.974
844.756
845.368
846.855
849.039
851.637
854.367
856.99
859.319
861.228
862.628
863.44
863.505
862.882
861.191
857.952
852.341
842.839
826.408
797.19
743.844
644.871
479.326
581.865
709.105
779.445
816.793
837.483
849.341
856.254
860.285
862.503
863.465
863.611
863.002
861.764
859.989
857.761
855.194
852.452
849.759
847.385
845.62
844.707
844.636
845.572
847.361
849.758
852.477
855.252
857.872
860.199
862.164
863.755
864.996
865.932
866.618
867.109
867.451
867.687
867.848
867.958
868.034
868.089
868.13
868.163
868.191
868.216
868.24
868.262
868.283
868.304
868.324
868.343
868.362
868.38
868.398
868.415
868.431
868.447
868.462
868.476
868.49
868.503
868.516
868.528
868.54
868.551
868.561
868.571
868.581
868.59
868.599
868.607
868.615
868.623
868.63
868.637
868.643
868.649
868.655
868.661
868.666
868.671
868.675
868.679
868.683
868.687
868.69
868.694
868.696
868.699
868.701
868.703
868.705
868.707
868.708
868.71
868.71
868.711
868.712
868.712
870.09
870.089
870.089
870.089
870.088
870.087
870.086
870.085
870.084
870.083
870.081
870.08
870.078
870.076
870.074
870.071
870.069
870.066
870.063
870.06
870.056
870.053
870.049
870.045
870.04
870.036
870.031
870.026
870.02
870.015
870.009
870.002
869.996
869.989
869.981
869.973
869.965
869.957
869.948
869.938
869.928
869.918
869.907
869.896
869.884
869.872
869.859
869.845
869.831
869.817
869.802
869.787
869.77
869.754
869.736
869.717
869.697
869.674
869.645
869.609
869.561
869.491
869.391
869.242
869.023
868.704
868.245
867.602
866.721
865.55
864.041
862.166
859.928
857.381
854.641
851.893
849.383
847.384
846.15
845.909
846.499
847.961
850.126
852.72
855.462
858.108
860.465
862.397
863.804
864.596
864.599
863.859
861.949
858.407
852.336
842.111
824.809
794.969
742.376
649.135
500.673
581.802
698.837
771.496
811.626
834.466
847.836
855.779
860.46
863.068
864.305
864.595
864.091
862.899
861.138
858.908
856.336
853.593
850.909
848.554
846.811
845.919
845.859
846.799
848.581
850.969
853.686
856.467
859.103
861.453
863.445
865.061
866.324
867.276
867.973
868.47
868.814
869.048
869.206
869.311
869.381
869.429
869.464
869.491
869.512
869.531
869.548
869.564
869.58
869.594
869.609
869.623
869.637
869.65
869.662
869.675
869.687
869.698
869.709
869.72
869.73
869.739
869.749
869.758
869.766
869.774
869.782
869.79
869.797
869.804
869.81
869.816
869.822
869.828
869.833
869.838
869.843
869.847
869.852
869.856
869.86
869.863
869.866
869.87
869.873
869.875
869.878
869.88
869.882
869.884
869.886
869.888
869.889
869.89
869.891
869.892
869.893
869.893
869.894
869.894
870.869
870.869
870.869
870.868
870.868
870.867
870.867
870.866
870.865
870.864
870.863
870.862
870.86
870.859
870.857
870.855
870.854
870.852
870.849
870.847
870.845
870.842
870.839
870.836
870.833
870.83
870.826
870.823
870.819
870.815
870.81
870.806
870.801
870.796
870.79
870.785
870.779
870.773
870.766
870.759
870.752
870.745
870.737
870.729
870.72
870.711
870.702
870.693
870.683
870.672
870.662
870.651
870.639
870.627
870.614
870.601
870.585
870.567
870.543
870.512
870.468
870.402
870.304
870.156
869.936
869.611
869.143
868.484
867.583
866.386
864.848
862.943
860.679
858.114
855.368
852.626
850.132
848.151
846.933
846.694
847.281
848.731
850.883
853.467
856.204
858.847
861.199
863.114
864.476
865.179
865.066
864.125
861.932
857.938
851.236
840.219
822.031
791.557
739.701
651.478
519.462
582.899
689.506
762.896
805.431
830.357
845.291
854.353
859.818
862.969
864.536
865.021
864.686
863.587
861.877
859.677
857.122
854.394
851.725
849.385
847.653
846.76
846.692
847.608
849.361
851.722
854.423
857.203
859.853
862.229
864.254
865.904
867.198
868.177
868.895
869.406
869.759
869.999
870.158
870.263
870.331
870.376
870.408
870.43
870.447
870.462
870.474
870.486
870.497
870.508
870.518
870.528
870.538
870.547
870.556
870.565
870.574
870.582
870.59
870.597
870.605
870.612
870.619
870.625
870.631
870.637
870.643
870.648
870.653
870.658
870.663
870.668
870.672
870.676
870.68
870.684
870.687
870.69
870.693
870.696
870.699
870.702
870.704
870.707
870.709
870.711
870.713
870.714
870.716
870.717
870.719
870.72
870.721
870.722
870.722
870.723
870.724
870.724
870.724
870.724
871.386
871.386
871.386
871.386
871.386
871.385
871.385
871.384
871.383
871.383
871.382
871.381
871.38
871.379
871.378
871.376
871.375
871.374
871.372
871.37
871.369
871.367
871.365
871.363
871.36
871.358
871.355
871.353
871.35
871.347
871.344
871.34
871.337
871.333
871.329
871.325
871.321
871.316
871.312
871.307
871.302
871.296
871.291
871.285
871.279
871.273
871.266
871.259
871.252
871.245
871.237
871.229
871.221
871.212
871.203
871.193
871.18
871.165
871.145
871.116
871.074
871.009
870.91
870.759
870.531
870.195
869.71
869.028
868.097
866.863
865.286
863.34
861.041
858.451
855.696
852.961
850.487
848.537
847.35
847.135
847.735
849.195
851.348
853.929
856.661
859.296
861.63
863.506
864.798
865.371
865.124
863.93
861.363
856.867
849.508
837.688
818.643
787.595
736.446
652.916
536.062
585.282
681.635
754.402
798.828
825.659
842.121
852.327
858.622
862.364
864.348
865.073
864.93
863.951
862.315
860.157
857.627
854.913
852.251
849.912
848.171
847.255
847.162
848.036
849.747
852.075
854.759
857.541
860.211
862.622
864.689
866.383
867.718
868.733
869.48
870.012
870.381
870.63
870.795
870.903
870.972
871.017
871.046
871.066
871.081
871.092
871.102
871.11
871.118
871.126
871.133
871.141
871.148
871.154
871.161
871.167
871.173
871.179
871.185
871.19
871.196
871.201
871.205
871.21
871.215
871.219
871.223
871.227
871.231
871.234
871.238
871.241
871.244
871.247
871.25
871.252
871.255
871.257
871.26
871.262
871.264
871.266
871.268
871.269
871.271
871.272
871.274
871.275
871.276
871.277
871.278
871.279
871.28
871.28
871.281
871.281
871.282
871.282
871.282
871.282
871.711
871.711
871.711
871.71
871.71
871.71
871.709
871.709
871.709
871.708
871.707
871.707
871.706
871.705
871.704
871.703
871.702
871.701
871.7
871.699
871.697
871.696
871.695
871.693
871.691
871.689
871.688
871.686
871.683
871.681
871.679
871.676
871.674
871.671
871.668
871.665
871.662
871.659
871.656
871.652
871.649
871.645
871.641
871.636
871.632
871.628
871.623
871.618
871.613
871.608
871.602
871.596
871.59
871.584
871.577
871.569
871.559
871.545
871.527
871.499
871.457
871.391
871.288
871.13
870.892
870.539
870.032
869.319
868.349
867.069
865.44
863.445
861.101
858.475
855.697
852.959
850.502
848.585
847.439
847.266
847.898
849.389
851.564
854.16
856.899
859.53
861.844
863.674
864.881
865.32
864.898
863.415
860.452
855.433
847.413
834.81
814.967
783.437
733.039
653.993
550.767
588.676
675.28
746.43
792.186
820.681
838.585
849.92
857.063
861.423
863.851
864.869
864.934
864.087
862.537
860.426
857.917
855.207
852.537
850.178
848.403
847.442
847.307
848.125
849.788
852.086
854.76
857.556
860.259
862.715
864.833
866.583
867.97
869.03
869.812
870.371
870.76
871.023
871.197
871.31
871.382
871.427
871.456
871.475
871.488
871.498
871.506
871.512
871.518
871.524
871.529
871.534
871.539
871.544
871.549
871.553
871.558
871.562
871.566
871.57
871.574
871.577
871.581
871.584
871.588
871.591
871.594
871.596
871.599
871.602
871.604
871.607
871.609
871.611
871.613
871.615
871.617
871.619
871.62
871.622
871.624
871.625
871.626
871.628
871.629
871.63
871.631
871.632
871.633
871.633
871.634
871.635
871.635
871.636
871.636
871.636
871.637
871.637
871.637
871.637
871.899
871.899
871.898
871.898
871.898
871.898
871.898
871.897
871.897
871.896
871.896
871.895
871.895
871.894
871.894
871.893
871.892
871.891
871.89
871.889
871.888
871.887
871.886
871.885
871.883
871.882
871.881
871.879
871.877
871.876
871.874
871.872
871.87
871.868
871.866
871.864
871.862
871.859
871.857
871.854
871.851
871.848
871.845
871.842
871.839
871.836
871.832
871.829
871.825
871.821
871.817
871.813
871.808
871.803
871.798
871.791
871.782
871.77
871.752
871.724
871.681
871.612
871.504
871.337
871.085
870.713
870.178
869.428
868.412
867.081
865.393
863.333
860.925
858.246
855.432
852.682
850.237
848.351
847.25
847.129
847.811
849.357
851.579
854.21
856.973
859.611
861.908
863.692
864.814
865.087
864.479
862.694
859.322
853.775
845.104
831.754
811.185
779.276
729.713
654.992
563.814
592.764
670.327
739.176
785.727
815.623
834.853
847.277
855.263
860.255
863.145
864.494
864.758
864.071
862.609
860.545
858.05
855.33
852.629
850.225
848.392
847.363
847.173
847.928
849.544
851.815
854.489
857.31
860.061
862.58
864.767
866.581
868.026
869.136
869.961
870.553
870.965
871.245
871.43
871.549
871.625
871.673
871.702
871.721
871.734
871.742
871.749
871.754
871.759
871.763
871.767
871.771
871.774
871.778
871.781
871.785
871.788
871.791
871.794
871.797
871.8
871.802
871.805
871.807
871.81
871.812
871.814
871.817
871.819
871.821
871.822
871.824
871.826
871.827
871.829
871.83
871.832
871.833
871.835
871.836
871.837
871.838
871.839
871.84
871.841
871.842
871.842
871.843
871.844
871.844
871.845
871.845
871.846
871.846
871.846
871.847
871.847
871.847
871.847
871.847
871.994
871.994
871.993
871.993
871.993
871.993
871.993
871.993
871.992
871.992
871.991
871.991
871.99
871.99
871.989
871.989
871.988
871.987
871.987
871.986
871.985
871.984
871.983
871.982
871.981
871.98
871.979
871.978
871.976
871.975
871.974
871.972
871.971
871.969
871.967
871.965
871.964
871.962
871.96
871.958
871.956
871.953
871.951
871.949
871.946
871.944
871.941
871.938
871.935
871.932
871.929
871.926
871.922
871.918
871.914
871.908
871.9
871.888
871.87
871.841
871.796
871.723
871.608
871.431
871.163
870.768
870.2
869.412
868.346
866.95
865.188
863.05
860.565
857.818
854.954
852.176
849.732
847.876
846.827
846.77
847.521
849.145
851.437
854.128
856.933
859.59
861.877
863.613
864.638
864.741
863.935
861.838
858.051
851.98
842.675
828.623
807.402
775.22
726.578
656.032
575.423
597.29
666.614
732.72
779.577
810.615
831.038
844.494
853.306
858.933
862.298
863.991
864.465
863.95
862.585
860.564
858.074
855.328
852.578
850.103
848.188
847.071
846.81
847.49
849.056
851.307
853.992
856.855
859.669
862.265
864.534
866.427
867.943
869.111
869.981
870.609
871.049
871.348
871.545
871.673
871.754
871.804
871.835
871.855
871.867
871.875
871.881
871.885
871.889
871.892
871.896
871.898
871.901
871.904
871.907
871.909
871.912
871.914
871.916
871.918
871.921
871.923
871.925
871.927
871.928
871.93
871.932
871.934
871.935
871.937
871.938
871.939
871.941
871.942
871.943
871.944
871.945
871.947
871.948
871.948
871.949
871.95
871.951
871.952
871.952
871.953
871.954
871.954
871.955
871.955
871.956
871.956
871.956
871.957
871.957
871.957
871.957
871.957
871.958
871.958
872.028
872.028
872.028
872.028
872.027
872.027
872.027
872.027
872.027
872.026
872.026
872.025
872.025
872.025
872.024
872.024
872.023
872.022
872.022
872.021
872.02
872.019
872.019
872.018
872.017
872.016
872.015
872.014
872.013
872.012
872.01
872.009
872.008
872.007
872.005
872.004
872.002
872.001
871.999
871.997
871.996
871.994
871.992
871.99
871.988
871.986
871.984
871.981
871.979
871.977
871.974
871.971
871.969
871.965
871.961
871.956
871.948
871.936
871.917
871.887
871.839
871.761
871.639
871.45
871.164
870.745
870.144
869.309
868.183
866.715
864.871
862.643
860.067
857.236
854.304
851.485
849.031
847.2
846.208
846.22
847.065
848.789
851.177
853.948
856.813
859.5
861.78
863.465
864.387
864.334
863.306
860.889
856.688
850.1
840.187
825.478
803.683
771.33
723.691
657.165
585.787
602.065
663.963
727.062
773.816
805.742
827.22
841.639
851.248
857.505
861.351
863.398
864.093
863.761
862.498
860.521
858.029
855.242
852.42
849.851
847.828
846.599
846.253
846.85
848.367
850.606
853.316
856.234
859.128
861.814
864.178
866.161
867.756
868.992
869.915
870.582
871.05
871.37
871.582
871.719
871.806
871.86
871.893
871.913
871.925
871.933
871.939
871.943
871.946
871.949
871.952
871.954
871.956
871.958
871.96
871.963
871.964
871.966
871.968
871.97
871.972
871.973
871.975
871.977
871.978
871.979
871.981
871.982
871.984
871.985
871.986
871.987
871.988
871.989
871.99
871.991
871.992
871.993
871.994
871.995
871.995
871.996
871.997
871.997
871.998
871.998
871.999
871.999
872
872
872.001
872.001
872.001
872.001
872.002
872.002
872.002
872.002
872.002
872.002
872.024
872.024
872.024
872.023
872.023
872.023
872.023
872.023
872.022
872.022
872.022
872.022
872.021
872.021
872.02
872.02
872.019
872.019
872.018
872.017
872.017
872.016
872.015
872.014
872.014
872.013
872.012
872.011
872.01
872.009
872.008
872.007
872.006
872.004
872.003
872.002
872.001
871.999
871.998
871.996
871.995
871.993
871.992
871.99
871.988
871.986
871.985
871.983
871.981
871.979
871.976
871.974
871.971
871.968
871.965
871.959
871.951
871.939
871.92
871.888
871.836
871.754
871.623
871.421
871.117
870.67
870.031
869.145
867.955
866.409
864.472
862.143
859.463
856.534
853.521
850.647
848.173
846.363
845.434
845.523
846.482
848.329
850.834
853.706
856.644
859.369
861.646
863.278
864.086
863.888
862.618
859.879
855.266
848.173
837.677
822.361
800.067
767.643
721.089
658.431
595.047
606.952
662.228
722.168
768.485
801.062
823.454
838.759
849.131
856.006
860.333
862.742
863.671
863.528
862.369
860.439
857.94
855.102
852.192
849.508
847.353
845.992
845.544
846.048
847.516
849.749
852.495
855.483
858.47
861.262
863.732
865.815
867.498
868.806
869.788
870.499
871
871.341
871.568
871.716
871.809
871.866
871.902
871.923
871.936
871.944
871.95
871.954
871.956
871.959
871.961
871.963
871.965
871.967
871.969
871.97
871.972
871.974
871.975
871.977
871.978
871.98
871.981
871.982
871.984
871.985
871.986
871.987
871.988
871.989
871.991
871.992
871.992
871.993
871.994
871.995
871.996
871.997
871.997
871.998
871.999
871.999
872
872
872.001
872.001
872.002
872.002
872.003
872.003
872.003
872.004
872.004
872.004
872.004
872.004
872.005
872.005
872.005
872.005
871.996
871.996
871.996
871.996
871.996
871.996
871.996
871.995
871.995
871.995
871.995
871.994
871.994
871.993
871.993
871.993
871.992
871.991
871.991
871.99
871.99
871.989
871.988
871.988
871.987
871.986
871.985
871.984
871.983
871.982
871.981
871.98
871.979
871.978
871.977
871.976
871.975
871.973
871.972
871.971
871.969
871.968
871.966
871.965
871.963
871.962
871.96
871.958
871.956
871.955
871.953
871.951
871.948
871.945
871.941
871.936
871.928
871.916
871.895
871.861
871.806
871.717
871.578
871.362
871.038
870.562
869.882
868.942
867.683
866.051
864.015
861.575
858.779
855.739
852.631
849.691
847.191
845.401
844.541
844.717
845.807
847.797
850.438
853.427
856.449
859.218
861.492
863.068
863.756
863.408
861.892
858.829
853.808
846.225
835.175
819.3
796.581
764.182
718.788
659.835
603.333
611.83
661.112
717.96
763.596
796.609
819.778
835.89
846.984
854.459
859.264
862.039
863.22
863.263
862.217
860.336
857.83
854.934
851.923
849.106
846.799
845.287
844.722
845.123
846.539
848.77
851.559
854.629
857.722
860.632
863.219
865.411
867.189
868.576
869.62
870.379
870.914
871.28
871.523
871.681
871.781
871.843
871.88
871.903
871.917
871.926
871.931
871.935
871.938
871.94
871.942
871.944
871.946
871.947
871.949
871.95
871.952
871.953
871.955
871.956
871.957
871.959
871.96
871.961
871.962
871.963
871.965
871.966
871.967
871.968
871.969
871.969
871.97
871.971
871.972
871.973
871.973
871.974
871.975
871.975
871.976
871.977
871.977
871.978
871.978
871.978
871.979
871.979
871.98
871.98
871.98
871.981
871.981
871.981
871.981
871.981
871.981
871.981
871.982
871.982
871.955
871.955
871.955
871.955
871.955
871.955
871.955
871.955
871.954
871.954
871.954
871.953
871.953
871.953
871.952
871.952
871.951
871.951
871.95
871.95
871.949
871.948
871.948
871.947
871.946
871.945
871.945
871.944
871.943
871.942
871.941
871.94
871.939
871.938
871.937
871.936
871.934
871.933
871.932
871.931
871.929
871.928
871.927
871.925
871.924
871.922
871.921
871.919
871.917
871.916
871.914
871.912
871.909
871.907
871.903
871.898
871.889
871.876
871.854
871.818
871.759
871.665
871.515
871.285
870.939
870.432
869.71
868.713
867.38
865.658
863.515
860.955
858.034
854.872
851.659
848.644
846.113
844.342
843.559
843.834
845.072
847.221
850.015
853.132
856.246
859.062
861.331
862.847
863.41
862.905
861.141
857.753
852.331
844.274
832.701
816.316
793.245
760.959
716.79
661.362
610.765
616.656
660.93
714.439
759.156
792.405
816.222
833.062
844.833
852.886
858.16
861.3
862.758
862.971
862.05
860.225
857.714
854.757
851.637
848.673
846.198
844.516
843.819
844.105
845.465
847.694
850.534
853.694
856.903
859.941
862.656
864.965
866.844
868.315
869.425
870.234
870.806
871.197
871.458
871.627
871.734
871.801
871.842
871.866
871.881
871.89
871.895
871.899
871.902
871.904
871.906
871.908
871.909
871.911
871.912
871.914
871.915
871.917
871.918
871.919
871.92
871.922
871.923
871.924
871.925
871.926
871.927
871.928
871.929
871.93
871.931
871.932
871.932
871.933
871.934
871.935
871.935
871.936
871.937
871.937
871.938
871.938
871.939
871.939
871.94
871.94
871.941
871.941
871.941
871.942
871.942
871.942
871.942
871.943
871.943
871.943
871.943
871.943
871.943
871.943
871.907
871.907
871.907
871.907
871.907
871.907
871.906
871.906
871.906
871.906
871.905
871.905
871.905
871.904
871.904
871.903
871.903
871.902
871.902
871.901
871.901
871.9
871.899
871.899
871.898
871.897
871.896
871.896
871.895
871.894
871.893
871.892
871.891
871.89
871.889
871.888
871.887
871.885
871.884
871.883
871.882
871.88
871.879
871.878
871.876
871.875
871.873
871.872
871.87
871.869
871.867
871.865
871.863
871.86
871.856
871.85
871.842
871.828
871.804
871.766
871.703
871.602
871.443
871.198
870.829
870.29
869.524
868.467
867.057
865.24
862.983
860.296
857.24
853.947
850.621
847.526
844.96
843.213
842.515
842.9
844.3
846.625
849.584
852.839
856.048
858.91
861.172
862.623
863.055
862.388
860.374
856.665
850.849
842.336
830.273
813.428
790.073
757.981
715.088
662.988
617.456
621.354
661.042
711.505
755.155
788.468
812.809
830.298
842.698
851.304
857.035
860.541
862.277
862.666
861.878
860.115
857.603
854.586
851.352
848.232
845.575
843.706
842.86
843.022
844.318
846.545
849.437
852.693
856.027
859.202
862.053
864.486
866.474
868.033
869.212
870.074
870.684
871.102
871.382
871.563
871.678
871.749
871.793
871.819
871.834
871.844
871.85
871.854
871.856
871.859
871.86
871.862
871.864
871.865
871.867
871.868
871.869
871.871
871.872
871.873
871.874
871.875
871.876
871.878
871.879
871.88
871.881
871.881
871.882
871.883
871.884
871.885
871.886
871.887
871.887
871.888
871.889
871.889
871.89
871.89
871.891
871.892
871.892
871.892
871.893
871.893
871.894
871.894
871.894
871.895
871.895
871.895
871.895
871.896
871.896
871.896
871.896
871.896
871.896
871.896
871.855
871.855
871.855
871.855
871.855
871.855
871.854
871.854
871.854
871.854
871.853
871.853
871.853
871.852
871.852
871.852
871.851
871.851
871.85
871.849
871.849
871.848
871.848
871.847
871.846
871.845
871.845
871.844
871.843
871.842
871.841
871.84
871.839
871.838
871.837
871.836
871.835
871.834
871.833
871.832
871.83
871.829
871.828
871.827
871.825
871.824
871.822
871.821
871.819
871.818
871.816
871.814
871.812
871.809
871.805
871.799
871.79
871.775
871.751
871.71
871.643
871.535
871.366
871.105
870.713
870.14
869.328
868.21
866.72
864.803
862.428
859.606
856.409
852.978
849.532
846.352
843.753
842.032
841.429
841.938
843.514
846.026
849.161
852.558
855.864
858.769
861.019
862.402
862.697
861.865
859.6
855.574
849.377
840.428
827.906
810.649
787.075
755.249
713.666
664.688
623.505
625.884
661.539
709.091
751.574
784.804
809.555
827.616
840.597
849.728
855.903
859.768
861.785
862.355
861.706
860.012
857.504
854.43
851.082
847.8
844.95
842.88
841.866
841.895
843.12
845.338
848.284
851.641
855.107
858.426
861.419
863.983
866.084
867.735
868.987
869.904
870.553
871
871.298
871.493
871.616
871.692
871.738
871.766
871.783
871.793
871.799
871.803
871.806
871.808
871.81
871.812
871.813
871.815
871.816
871.817
871.819
871.82
871.821
871.822
871.823
871.824
871.825
871.827
871.828
871.829
871.829
871.83
871.831
871.832
871.833
871.834
871.835
871.835
871.836
871.837
871.837
871.838
871.839
871.839
871.84
871.84
871.841
871.841
871.842
871.842
871.842
871.843
871.843
871.843
871.844
871.844
871.844
871.844
871.844
871.845
871.845
871.845
871.845
871.845
871.802
871.802
871.802
871.802
871.802
871.802
871.802
871.801
871.801
871.801
871.801
871.8
871.8
871.8
871.799
871.799
871.798
871.798
871.797
871.797
871.796
871.796
871.795
871.794
871.794
871.793
871.792
871.791
871.791
871.79
871.789
871.788
871.787
871.786
871.785
871.784
871.783
871.782
871.781
871.78
871.779
871.778
871.776
871.775
871.774
871.772
871.771
871.77
871.768
871.767
871.765
871.763
871.761
871.758
871.754
871.748
871.739
871.723
871.697
871.653
871.582
871.468
871.287
871.01
870.594
869.988
869.128
867.946
866.373
864.353
861.855
858.894
855.548
851.973
848.403
845.137
842.505
840.817
840.321
840.965
842.73
845.442
848.758
852.3
855.701
858.646
860.879
862.189
862.345
861.344
858.83
854.493
847.927
838.564
825.615
807.994
784.262
752.765
712.505
666.437
628.998
630.23
662.376
707.143
748.39
781.417
806.476
825.033
838.547
848.173
854.776
858.993
861.287
862.044
861.539
859.921
857.425
854.298
850.836
847.389
844.339
842.059
840.851
840.748
841.886
844.09
847.087
850.548
854.149
857.618
860.76
863.461
865.679
867.427
868.754
869.728
870.419
870.894
871.213
871.42
871.551
871.633
871.683
871.712
871.73
871.74
871.747
871.751
871.754
871.756
871.758
871.759
871.761
871.762
871.764
871.765
871.766
871.767
871.768
871.77
871.771
871.772
871.773
871.774
871.775
871.776
871.777
871.778
871.778
871.779
871.78
871.781
871.782
871.782
871.783
871.784
871.784
871.785
871.786
871.786
871.787
871.787
871.788
871.788
871.788
871.789
871.789
871.79
871.79
871.79
871.79
871.791
871.791
871.791
871.791
871.791
871.791
871.792
871.792
871.792
871.751
871.751
871.751
871.751
871.75
871.75
871.75
871.75
871.75
871.75
871.749
871.749
871.749
871.748
871.748
871.748
871.747
871.747
871.746
871.746
871.745
871.745
871.744
871.744
871.743
871.742
871.742
871.741
871.74
871.739
871.739
871.738
871.737
871.736
871.735
871.734
871.734
871.733
871.732
871.731
871.729
871.728
871.727
871.726
871.725
871.724
871.723
871.721
871.72
871.719
871.717
871.715
871.713
871.71
871.706
871.7
871.69
871.674
871.646
871.6
871.524
871.403
871.212
870.918
870.477
869.836
868.927
867.679
866.021
863.894
861.269
858.164
854.665
850.941
847.244
843.891
841.23
839.582
839.203
839.995
841.963
844.882
848.386
852.073
855.566
858.546
860.756
861.99
862.01
860.835
858.074
853.435
846.514
836.759
823.416
805.475
781.641
750.526
711.586
668.218
634.013
634.387
663.482
705.615
745.581
778.308
803.58
822.566
836.564
846.654
853.666
858.226
860.794
861.74
861.384
859.848
857.369
854.196
850.624
847.011
843.756
841.253
839.837
839.591
840.629
842.811
845.856
849.421
853.161
856.786
860.082
862.924
865.264
867.112
868.517
869.549
870.282
870.788
871.127
871.347
871.488
871.575
871.628
871.659
871.678
871.689
871.696
871.7
871.703
871.705
871.707
871.708
871.71
871.711
871.712
871.713
871.715
871.716
871.717
871.718
871.719
871.72
871.721
871.722
871.723
871.724
871.725
871.725
871.726
871.727
871.728
871.729
871.729
871.73
871.731
871.731
871.732
871.732
871.733
871.733
871.734
871.734
871.735
871.735
871.736
871.736
871.736
871.737
871.737
871.737
871.738
871.738
871.738
871.738
871.738
871.738
871.739
871.739
871.739
871.739
871.703
871.703
871.703
871.703
871.703
871.703
871.703
871.703
871.703
871.703
871.702
871.702
871.702
871.702
871.701
871.701
871.701
871.7
871.7
871.7
871.699
871.699
871.698
871.698
871.697
871.697
871.696
871.696
871.695
871.695
871.694
871.693
871.693
871.692
871.691
871.691
871.69
871.689
871.688
871.687
871.687
871.686
871.685
871.684
871.683
871.682
871.681
871.68
871.679
871.678
871.676
871.675
871.673
871.67
871.666
871.66
871.65
871.632
871.603
871.554
871.474
871.345
871.143
870.832
870.367
869.689
868.73
867.415
865.669
863.433
860.676
857.422
853.766
849.889
846.062
842.624
839.939
838.338
838.087
839.041
841.223
844.359
848.053
851.885
855.468
858.478
860.662
861.81
861.71
860.346
857.345
852.414
845.154
835.028
821.324
803.104
779.219
748.529
710.889
670.015
638.617
638.35
664.798
704.46
743.129
775.475
800.879
820.228
834.665
845.188
852.589
857.479
860.316
861.453
861.249
859.797
857.342
854.129
850.452
846.675
843.209
840.477
838.839
838.436
839.361
841.512
844.6
848.268
852.15
855.934
859.389
862.377
864.842
866.793
868.278
869.371
870.148
870.685
871.044
871.279
871.428
871.521
871.577
871.61
871.63
871.642
871.649
871.653
871.656
871.658
871.66
871.661
871.662
871.664
871.665
871.666
871.667
871.668
871.669
871.67
871.671
871.672
871.672
871.673
871.674
871.675
871.676
871.676
871.677
871.678
871.679
871.679
871.68
871.68
871.681
871.682
871.682
871.683
871.683
871.684
871.684
871.685
871.685
871.685
871.686
871.686
871.686
871.687
871.687
871.687
871.687
871.688
871.688
871.688
871.688
871.688
871.688
871.688
871.688
871.688
871.665
871.665
871.665
871.665
871.665
871.665
871.665
871.665
871.664
871.664
871.664
871.664
871.664
871.664
871.664
871.664
871.663
871.663
871.663
871.663
871.663
871.662
871.662
871.662
871.662
871.661
871.661
871.661
871.66
871.66
871.66
871.659
871.659
871.659
871.658
871.658
871.658
871.657
871.657
871.656
871.656
871.656
871.655
871.655
871.654
871.654
871.653
871.652
871.652
871.651
871.65
871.649
871.647
871.645
871.641
871.634
871.624
871.605
871.574
871.523
871.438
871.302
871.088
870.761
870.269
869.554
868.544
867.159
865.323
862.973
860.081
856.674
852.855
848.822
844.864
841.342
838.639
837.097
836.982
838.115
840.523
843.883
847.77
851.747
855.415
858.451
860.603
861.669
861.45
859.899
856.663
851.449
843.864
833.391
819.354
800.895
777.001
746.768
710.395
671.82
642.869
642.119
666.281
703.64
741.013
772.916
798.381
818.036
832.868
843.792
851.562
856.77
859.869
861.199
861.146
859.781
857.355
854.107
850.331
846.389
842.711
839.739
837.868
837.293
838.091
840.2
843.327
847.096
851.122
855.068
858.686
861.824
864.419
866.475
868.043
869.198
870.021
870.589
870.971
871.219
871.377
871.475
871.535
871.571
871.592
871.604
871.611
871.615
871.618
871.62
871.621
871.622
871.623
871.624
871.625
871.626
871.627
871.628
871.628
871.629
871.63
871.63
871.631
871.632
871.632
871.633
871.634
871.634
871.635
871.635
871.636
871.636
871.637
871.637
871.638
871.638
871.639
871.639
871.64
871.64
871.64
871.641
871.641
871.641
871.642
871.642
871.642
871.642
871.643
871.643
871.643
871.643
871.643
871.643
871.644
871.644
871.644
871.644
871.644
871.644
871.642
871.642
871.642
871.642
871.642
871.642
871.642
871.642
871.642
871.642
871.642
871.642
871.642
871.642
871.642
871.642
871.643
871.643
871.643
871.643
871.643
871.643
871.643
871.643
871.644
871.644
871.644
871.644
871.644
871.645
871.645
871.645
871.645
871.645
871.646
871.646
871.646
871.647
871.647
871.647
871.647
871.648
871.648
871.648
871.648
871.648
871.649
871.649
871.649
871.649
871.648
871.648
871.647
871.645
871.641
871.635
871.624
871.605
871.572
871.518
871.428
871.284
871.058
870.711
870.194
869.441
868.376
866.92
864.99
862.524
859.492
855.926
851.941
847.748
843.657
840.053
837.341
835.869
835.893
837.228
839.873
843.464
847.548
851.669
855.422
858.483
860.604
861.584
861.251
859.515
856.05
850.563
842.667
831.865
817.524
798.859
774.992
745.237
710.087
673.626
646.815
645.707
667.885
703.093
739.209
770.628
796.095
816.004
831.19
842.488
850.607
856.119
859.472
861.001
861.084
859.812
857.419
854.141
850.267
846.164
842.269
839.05
836.933
836.17
836.829
838.885
842.043
845.911
850.081
854.194
857.979
861.272
864
866.165
867.818
869.037
869.907
870.509
870.912
871.175
871.342
871.447
871.51
871.547
871.569
871.582
871.589
871.593
871.596
871.597
871.598
871.599
871.6
871.6
871.6
871.601
871.601
871.602
871.602
871.602
871.603
871.603
871.603
871.604
871.604
871.604
871.605
871.605
871.605
871.605
871.606
871.606
871.606
871.606
871.607
871.607
871.607
871.607
871.608
871.608
871.608
871.608
871.608
871.609
871.609
871.609
871.609
871.609
871.609
871.609
871.61
871.61
871.61
871.61
871.61
871.61
871.61
871.61
871.61
871.61
871.646
871.646
871.646
871.646
871.646
871.646
871.646
871.646
871.647
871.647
871.647
871.648
871.648
871.649
871.649
871.65
871.65
871.651
871.651
871.652
871.653
871.653
871.654
871.655
871.656
871.657
871.658
871.659
871.66
871.661
871.662
871.663
871.664
871.666
871.667
871.668
871.67
871.671
871.672
871.674
871.675
871.677
871.678
871.68
871.681
871.682
871.684
871.685
871.686
871.688
871.688
871.689
871.689
871.688
871.685
871.679
871.668
871.648
871.614
871.556
871.461
871.308
871.068
870.702
870.155
869.362
868.242
866.71
864.683
862.094
858.917
855.188
851.03
846.672
842.448
838.765
836.049
834.664
834.83
836.39
839.284
843.115
847.402
851.671
855.511
858.598
860.688
861.585
861.138
859.225
855.535
849.781
841.587
830.474
815.85
797.009
773.199
743.938
709.989
675.432
650.496
649.132
669.59
702.888
737.717
768.612
794.031
814.148
829.653
841.298
849.747
855.552
859.152
860.881
861.095
859.913
857.554
854.247
850.277
846.011
841.896
838.421
836.045
835.078
835.58
837.574
840.755
844.72
849.036
853.318
857.275
860.727
863.593
865.871
867.613
868.899
869.818
870.452
870.879
871.158
871.335
871.446
871.513
871.552
871.575
871.588
871.595
871.599
871.601
871.602
871.602
871.602
871.602
871.602
871.601
871.601
871.601
871.6
871.6
871.6
871.599
871.599
871.599
871.599
871.598
871.598
871.598
871.598
871.597
871.597
871.597
871.597
871.597
871.596
871.596
871.596
871.596
871.596
871.596
871.596
871.596
871.596
871.596
871.595
871.595
871.595
871.595
871.595
871.595
871.595
871.595
871.595
871.595
871.595
871.595
871.595
871.595
871.595
871.595
871.595
871.693
871.693
871.693
871.694
871.694
871.694
871.695
871.695
871.696
871.697
871.697
871.698
871.699
871.7
871.701
871.703
871.704
871.705
871.707
871.708
871.71
871.712
871.714
871.716
871.718
871.72
871.722
871.724
871.727
871.729
871.732
871.735
871.737
871.74
871.743
871.746
871.749
871.752
871.756
871.759
871.762
871.766
871.769
871.772
871.776
871.779
871.783
871.786
871.789
871.792
871.795
871.797
871.799
871.799
871.797
871.792
871.782
871.761
871.725
871.664
871.562
871.399
871.145
870.755
870.176
869.338
868.159
866.547
864.415
861.698
858.369
854.468
850.131
845.604
841.243
837.482
834.772
833.485
833.81
835.611
838.769
842.852
847.351
851.776
855.709
858.828
860.893
861.711
861.148
859.065
855.153
849.137
840.651
829.239
814.352
795.357
771.626
742.858
710.02
677.232
653.947
652.407
671.363
702.871
736.511
766.865
792.198
812.485
828.28
840.25
849.015
855.105
858.949
860.865
861.208
860.115
857.787
854.449
850.38
845.948
841.605
837.863
835.214
834.023
834.355
836.273
839.471
843.529
847.992
852.448
856.583
860.2
863.21
865.606
867.441
868.798
869.766
870.437
870.889
871.185
871.374
871.491
871.562
871.603
871.627
871.64
871.647
871.65
871.651
871.65
871.65
871.648
871.647
871.646
871.644
871.643
871.641
871.64
871.638
871.637
871.635
871.634
871.633
871.632
871.63
871.629
871.628
871.627
871.626
871.625
871.624
871.623
871.622
871.621
871.621
871.62
871.619
871.619
871.618
871.617
871.617
871.616
871.616
871.615
871.615
871.615
871.614
871.614
871.614
871.613
871.613
871.613
871.613
871.612
871.612
871.612
871.612
871.612
871.612
871.612
871.81
871.81
871.81
871.811
871.811
871.812
871.813
871.814
871.815
871.817
871.818
871.82
871.822
871.824
871.826
871.828
871.831
871.833
871.836
871.839
871.842
871.846
871.849
871.853
871.857
871.861
871.865
871.869
871.874
871.879
871.884
871.889
871.894
871.899
871.905
871.91
871.916
871.922
871.928
871.934
871.941
871.947
871.954
871.96
871.967
871.973
871.98
871.986
871.992
871.998
872.004
872.009
872.013
872.016
872.016
872.012
872.002
871.981
871.943
871.877
871.769
871.594
871.321
870.905
870.289
869.4
868.152
866.452
864.209
861.353
857.861
853.779
849.253
844.55
840.049
836.214
833.515
832.342
832.842
834.903
838.345
842.697
847.423
852.017
856.055
859.217
861.267
862.012
861.334
859.072
854.947
848.667
839.891
828.187
813.049
793.916
770.275
741.991
710.201
679.024
657.198
655.545
673.186
703.052
735.57
765.385
790.606
811.034
827.093
839.373
848.447
854.818
858.888
861.001
861.471
860.46
858.155
854.778
850.603
845.994
841.413
837.39
834.45
833.015
833.16
834.99
838.196
842.346
846.959
851.594
855.915
859.705
862.865
865.387
867.322
868.751
869.776
870.488
870.968
871.283
871.484
871.609
871.684
871.728
871.752
871.764
871.77
871.772
871.771
871.769
871.767
871.764
871.76
871.757
871.754
871.75
871.747
871.744
871.74
871.737
871.734
871.731
871.728
871.726
871.723
871.72
871.718
871.715
871.713
871.711
871.709
871.707
871.705
871.703
871.701
871.699
871.698
871.696
871.695
871.693
871.692
871.691
871.689
871.688
871.687
871.686
871.686
871.685
871.684
871.683
871.683
871.682
871.682
871.681
871.681
871.681
871.68
871.68
871.68
871.68
872.031
872.032
872.032
872.033
872.034
872.035
872.037
872.039
872.041
872.043
872.046
872.049
872.052
872.056
872.059
872.063
872.068
872.072
872.077
872.082
872.088
872.093
872.099
872.106
872.112
872.119
872.126
872.134
872.142
872.15
872.158
872.167
872.175
872.185
872.194
872.204
872.213
872.224
872.234
872.244
872.255
872.266
872.277
872.288
872.299
872.31
872.321
872.332
872.343
872.353
872.363
872.373
872.381
872.387
872.39
872.389
872.38
872.359
872.319
872.248
872.13
871.94
871.645
871.197
870.536
869.586
868.259
866.457
864.09
861.082
857.413
853.135
848.409
843.52
838.875
834.966
832.288
831.243
831.939
834.284
838.032
842.677
847.651
852.435
856.599
859.822
861.87
862.549
861.758
859.314
854.955
848.413
839.342
827.345
811.96
792.696
769.149
741.332
710.528
680.811
660.278
658.558
675.047
703.428
734.883
764.168
789.262
809.811
826.121
838.703
848.082
854.726
859.041
861.345
861.94
861.002
858.708
855.277
850.979
846.178
841.344
837.02
833.768
832.058
832.008
833.734
836.94
841.179
845.945
850.768
855.283
859.257
862.579
865.237
867.277
868.791
869.879
870.637
871.15
871.487
871.702
871.836
871.916
871.962
871.987
871.999
872.003
872.003
871.999
871.995
871.989
871.983
871.977
871.971
871.965
871.958
871.952
871.946
871.94
871.935
871.929
871.923
871.918
871.913
871.908
871.903
871.899
871.894
871.89
871.886
871.882
871.878
871.874
871.871
871.867
871.864
871.861
871.858
871.855
871.853
871.85
871.848
871.846
871.844
871.842
871.84
871.838
871.837
871.835
871.834
871.833
871.832
871.831
871.83
871.829
871.829
871.828
871.828
871.828
871.828
872.406
872.406
872.407
872.408
872.41
872.412
872.415
872.418
872.421
872.425
872.429
872.434
872.439
872.444
872.451
872.457
872.464
872.471
872.479
872.487
872.496
872.505
872.515
872.525
872.535
872.546
872.558
872.57
872.582
872.595
872.608
872.622
872.636
872.65
872.665
872.681
872.696
872.712
872.729
872.745
872.762
872.78
872.797
872.815
872.832
872.85
872.868
872.885
872.902
872.919
872.935
872.951
872.964
872.976
872.984
872.986
872.979
872.958
872.915
872.838
872.708
872.5
872.176
871.688
870.972
869.948
868.526
866.604
864.09
860.913
857.046
852.555
847.613
842.525
837.729
833.746
831.097
830.199
831.115
833.77
837.856
842.822
848.077
853.081
857.4
860.708
862.772
863.395
862.487
859.854
855.249
848.418
839.041
826.742
811.106
791.709
768.249
740.873
710.99
682.592
663.211
661.459
676.938
703.979
734.416
763.205
788.172
808.835
825.389
838.273
847.962
854.897
859.462
861.962
862.681
861.805
859.506
855.998
851.553
846.534
841.418
836.771
833.184
831.167
830.908
832.512
835.709
840.037
844.962
849.982
854.705
858.878
862.378
865.182
867.346
868.957
870.118
870.93
871.482
871.846
872.079
872.224
872.31
872.358
872.383
872.393
872.395
872.391
872.384
872.375
872.366
872.355
872.345
872.334
872.324
872.314
872.303
872.293
872.283
872.274
872.264
872.255
872.246
872.238
872.229
872.221
872.214
872.206
872.199
872.192
872.185
872.179
872.173
872.167
872.161
872.156
872.151
872.146
872.141
872.137
872.133
872.129
872.125
872.122
872.118
872.115
872.112
872.11
872.107
872.105
872.103
872.101
872.1
872.098
872.097
872.096
872.096
872.095
872.095
872.094
872.992
872.993
872.994
872.996
872.999
873.002
873.006
873.011
873.016
873.022
873.028
873.035
873.043
873.052
873.061
873.071
873.081
873.092
873.104
873.117
873.13
873.144
873.159
873.174
873.19
873.206
873.224
873.242
873.26
873.28
873.3
873.32
873.342
873.363
873.386
873.409
873.433
873.457
873.481
873.506
873.532
873.558
873.584
873.61
873.637
873.664
873.69
873.717
873.743
873.768
873.793
873.816
873.838
873.857
873.871
873.878
873.874
873.855
873.809
873.724
873.58
873.347
872.988
872.448
871.662
870.547
869.007
866.942
864.255
860.877
856.789
852.06
846.879
841.577
836.621
832.564
829.953
829.22
830.386
833.385
837.847
843.173
848.749
854.015
858.525
861.949
864.048
864.622
863.593
860.756
855.885
848.741
839.032
826.41
810.505
790.966
767.583
740.633
711.583
684.372
666.018
664.26
678.854
704.697
734.259
762.515
787.348
808.123
824.929
838.129
848.144
855.389
860.218
862.922
863.767
862.942
860.614
857.002
852.376
847.104
841.674
836.672
832.714
830.36
829.868
831.332
834.512
838.93
844.022
849.254
854.203
858.594
862.29
865.266
867.571
869.295
870.545
871.423
872.023
872.421
872.676
872.834
872.927
872.978
873.002
873.01
873.007
872.999
872.986
872.972
872.956
872.94
872.924
872.907
872.891
872.875
872.859
872.843
872.828
872.813
872.798
872.784
872.77
872.756
872.743
872.731
872.719
872.707
872.696
872.685
872.674
872.664
872.655
872.645
872.637
872.628
872.62
872.612
872.605
872.598
872.592
872.585
872.58
872.574
872.569
872.564
872.56
872.556
872.552
872.548
872.545
872.542
872.54
872.538
872.536
872.534
872.533
872.532
872.532
872.531
873.862
873.863
873.865
873.868
873.872
873.876
873.882
873.889
873.896
873.905
873.914
873.925
873.936
873.948
873.962
873.976
873.991
874.008
874.025
874.043
874.062
874.082
874.103
874.125
874.148
874.173
874.198
874.223
874.25
874.278
874.307
874.337
874.367
874.399
874.431
874.464
874.498
874.533
874.568
874.604
874.641
874.678
874.715
874.753
874.791
874.83
874.868
874.906
874.943
874.98
875.016
875.05
875.082
875.111
875.134
875.148
875.149
875.131
875.082
874.988
874.826
874.563
874.158
873.554
872.68
871.45
869.766
867.525
864.631
861.016
856.67
851.67
846.225
840.689
835.56
831.428
828.866
828.321
829.768
833.151
838.03
843.77
849.719
855.296
860.042
863.615
865.769
866.301
865.14
862.08
856.913
849.424
839.349
826.385
810.183
790.474
767.142
740.59
712.301
686.155
668.717
666.971
680.792
705.559
734.266
762.062
786.792
807.694
824.777
838.304
848.674
856.255
861.372
864.294
865.268
864.482
862.104
858.352
853.503
847.935
842.144
836.74
832.377
829.653
828.899
830.204
833.358
837.868
843.139
848.6
853.799
858.435
862.356
865.531
868.004
869.865
871.223
872.184
872.843
873.283
873.565
873.74
873.841
873.895
873.918
873.922
873.914
873.899
873.879
873.857
873.833
873.809
873.784
873.76
873.735
873.711
873.688
873.664
873.642
873.62
873.598
873.577
873.556
873.537
873.517
873.499
873.481
873.463
873.447
873.43
873.415
873.4
873.386
873.372
873.359
873.346
873.334
873.323
873.312
873.302
873.292
873.283
873.274
873.266
873.258
873.251
873.244
873.238
873.232
873.227
873.222
873.218
873.215
873.211
873.209
873.206
873.204
873.203
873.202
873.202
875.091
875.093
875.095
875.099
875.104
875.111
875.119
875.128
875.139
875.15
875.164
875.178
875.194
875.211
875.23
875.25
875.271
875.293
875.317
875.343
875.369
875.397
875.426
875.457
875.489
875.522
875.557
875.593
875.63
875.668
875.708
875.749
875.791
875.834
875.879
875.924
875.971
876.019
876.067
876.117
876.167
876.218
876.269
876.321
876.374
876.426
876.479
876.531
876.583
876.634
876.683
876.731
876.776
876.817
876.851
876.874
876.882
876.866
876.815
876.71
876.526
876.226
875.765
875.081
874.098
872.726
870.864
868.408
865.265
861.37
856.722
851.412
845.667
839.872
834.557
830.348
827.845
827.513
829.282
833.104
838.448
844.657
851.036
856.979
862.006
865.761
867.989
868.481
867.177
863.869
858.373
850.499
840.016
826.66
810.165
790.277
766.979
740.716
713.13
687.944
671.322
669.603
682.746
706.55
734.483
761.931
786.551
807.601
824.938
838.829
849.589
857.541
862.975
866.134
867.243
866.488
864.035
860.107
854.989
849.071
842.868
837.013
832.199
829.063
828.012
829.138
832.257
836.862
842.326
848.041
853.518
858.434
862.618
866.027
868.702
870.73
872.221
873.284
874.018
874.51
874.826
875.021
875.133
875.189
875.21
875.209
875.193
875.169
875.14
875.107
875.073
875.038
875.004
874.969
874.934
874.9
874.867
874.834
874.802
874.77
874.74
874.71
874.681
874.653
874.626
874.599
874.574
874.549
874.526
874.503
874.481
874.46
874.439
874.42
874.401
874.383
874.366
874.35
874.335
874.32
874.306
874.293
874.281
874.269
874.258
874.248
874.238
874.23
874.221
874.214
874.207
874.201
874.196
874.191
874.187
874.184
874.181
874.179
874.178
874.177
876.753
876.755
876.758
876.764
876.771
876.78
876.79
876.802
876.817
876.832
876.85
876.869
876.891
876.914
876.938
876.965
876.993
877.023
877.055
877.089
877.124
877.161
877.2
877.241
877.283
877.327
877.373
877.421
877.47
877.521
877.574
877.628
877.684
877.741
877.8
877.86
877.921
877.984
878.048
878.113
878.179
878.246
878.314
878.382
878.451
878.52
878.589
878.658
878.727
878.794
878.86
878.924
878.984
879.039
879.087
879.122
879.137
879.124
879.071
878.954
878.744
878.402
877.873
877.093
875.978
874.434
872.357
869.643
866.201
861.975
856.974
851.308
845.224
839.139
833.622
829.334
826.903
826.808
828.943
833.244
839.127
845.868
852.74
859.103
864.452
868.416
870.729
871.18
869.72
866.14
860.282
851.984
841.051
827.264
810.405
790.311
767.001
741.021
714.065
689.742
673.847
672.165
684.715
707.659
734.896
761.977
786.561
807.756
825.425
839.725
850.916
859.276
865.056
868.471
869.724
868.994
866.447
862.31
856.878
850.555
843.881
837.519
832.203
828.608
827.22
828.143
831.219
835.924
841.599
847.596
853.391
858.627
863.118
866.806
869.723
871.954
873.607
874.795
875.621
876.176
876.534
876.753
876.876
876.935
876.954
876.946
876.92
876.885
876.843
876.798
876.751
876.704
876.656
876.609
876.562
876.516
876.47
876.426
876.383
876.34
876.299
876.258
876.219
876.181
876.145
876.109
876.074
876.041
876.009
875.978
875.948
875.919
875.892
875.865
875.84
875.816
875.792
875.77
875.749
875.729
875.71
875.692
875.676
875.66
875.645
875.631
875.618
875.606
875.595
875.585
875.576
875.567
875.56
875.554
875.548
875.544
875.54
875.537
875.536
875.535
878.909
878.911
878.916
878.923
878.932
878.943
878.956
878.972
878.99
879.011
879.033
879.058
879.086
879.115
879.147
879.181
879.217
879.256
879.296
879.339
879.385
879.432
879.482
879.534
879.588
879.644
879.703
879.763
879.826
879.891
879.957
880.026
880.097
880.17
880.244
880.32
880.398
880.477
880.558
880.64
880.724
880.809
880.894
880.98
881.067
881.154
881.242
881.329
881.415
881.501
881.585
881.666
881.744
881.815
881.878
881.926
881.952
881.942
881.886
881.756
881.517
881.125
880.519
879.627
878.358
876.612
874.283
871.265
867.473
862.86
857.45
851.374
844.907
838.5
832.762
828.395
826.056
826.214
828.779
833.615
840.091
847.428
854.848
861.676
867.378
871.567
873.97
874.374
872.745
868.873
862.628
853.873
842.452
828.194
810.934
790.577
767.222
741.491
715.096
691.549
676.303
674.666
686.696
708.875
735.489
762.242
786.804
808.213
826.248
840.996
852.658
861.459
867.611
871.3
872.707
872
869.347
864.976
859.19
852.413
845.209
838.278
832.397
828.3
826.535
827.231
830.253
835.065
840.972
847.284
853.438
859.045
863.894
867.911
871.117
873.59
875.438
876.776
877.712
878.343
878.75
878.997
879.133
879.195
879.21
879.193
879.156
879.107
879.051
878.991
878.929
878.867
878.805
878.743
878.682
878.622
878.563
878.505
878.449
878.394
878.34
878.288
878.237
878.187
878.14
878.093
878.048
878.005
877.963
877.923
877.884
877.847
877.811
877.776
877.743
877.711
877.681
877.652
877.625
877.599
877.574
877.551
877.528
877.508
877.488
877.47
877.453
877.437
877.423
877.409
877.397
877.387
877.377
877.369
877.362
877.356
877.351
877.347
877.345
877.344
881.595
881.598
881.603
881.612
881.623
881.637
881.654
881.673
881.695
881.721
881.749
881.779
881.813
881.849
881.888
881.93
881.975
882.022
882.072
882.125
882.181
882.239
882.3
882.364
882.43
882.499
882.571
882.645
882.722
882.801
882.882
882.966
883.052
883.141
883.231
883.324
883.419
883.515
883.613
883.713
883.814
883.917
884.02
884.125
884.23
884.336
884.442
884.548
884.653
884.757
884.859
884.959
885.054
885.143
885.221
885.283
885.319
885.313
885.255
885.11
884.84
884.392
883.701
882.682
881.241
879.267
876.65
873.285
869.092
864.037
858.161
851.621
844.725
837.963
831.986
827.538
825.311
825.75
828.797
834.226
841.354
849.34
857.352
864.672
870.74
875.154
877.641
877.991
876.182
872.009
865.363
856.132
844.197
829.436
811.742
791.087
767.649
742.117
716.218
693.366
678.701
677.112
688.687
710.186
736.248
762.726
787.304
808.963
827.399
842.629
854.792
864.058
870.599
874.573
876.14
875.46
872.7
868.083
861.919
854.647
846.863
839.308
832.809
828.164
825.97
826.41
829.368
834.293
840.455
847.119
853.679
859.712
864.975
869.375
872.917
875.674
877.749
879.26
880.323
881.042
881.505
881.784
881.935
881.999
882.01
881.983
881.933
881.869
881.797
881.721
881.643
881.565
881.487
881.409
881.333
881.258
881.184
881.112
881.042
880.973
880.906
880.841
880.778
880.716
880.656
880.599
880.543
880.488
880.436
880.386
880.337
880.29
880.245
880.202
880.161
880.121
880.083
880.047
880.012
879.979
879.948
879.919
879.891
879.865
879.84
879.817
879.796
879.776
879.758
879.741
879.726
879.713
879.701
879.69
879.681
879.674
879.668
879.663
879.66
879.659
884.811
884.814
884.821
884.831
884.844
884.861
884.881
884.904
884.931
884.961
884.994
885.03
885.07
885.113
885.159
885.209
885.262
885.318
885.377
885.44
885.505
885.574
885.646
885.721
885.8
885.881
885.965
886.052
886.142
886.235
886.331
886.429
886.53
886.634
886.74
886.848
886.958
887.071
887.186
887.302
887.42
887.539
887.66
887.782
887.904
888.027
888.15
888.273
888.396
888.518
888.637
888.754
888.866
888.971
889.064
889.139
889.185
889.183
889.121
888.961
888.656
888.15
887.366
886.213
884.584
882.363
879.431
875.684
871.047
865.499
859.105
852.051
844.686
837.531
831.297
826.77
824.673
825.427
828.996
835.077
842.908
851.582
860.208
868.024
874.448
879.073
881.628
881.915
879.923
875.451
868.407
858.701
846.244
830.961
812.808
791.826
768.268
742.887
717.424
695.192
681.047
679.511
690.686
711.582
737.156
763.413
788.046
809.985
828.852
844.588
857.267
867.006
873.936
878.196
879.928
879.28
876.424
871.566
865.018
857.234
848.836
840.609
833.442
828.197
825.533
825.69
828.573
833.616
840.057
847.114
854.127
860.639
866.373
871.207
875.132
878.208
880.54
882.247
883.451
884.267
884.792
885.107
885.274
885.342
885.348
885.311
885.246
885.167
885.079
884.986
884.892
884.797
884.703
884.61
884.518
884.428
884.34
884.254
884.17
884.087
884.007
883.929
883.853
883.779
883.708
883.638
883.571
883.506
883.443
883.383
883.324
883.268
883.214
883.162
883.112
883.064
883.018
882.975
882.933
882.893
882.856
882.82
882.787
882.755
882.725
882.698
882.672
882.648
882.626
882.606
882.587
882.571
882.556
882.544
882.533
882.524
882.516
882.511
882.507
882.505
888.516
888.519
888.527
888.538
888.554
888.573
888.595
888.622
888.652
888.686
888.724
888.766
888.811
888.86
888.913
888.969
889.03
889.093
889.161
889.232
889.307
889.385
889.467
889.552
889.64
889.732
889.828
889.926
890.028
890.133
890.241
890.352
890.465
890.582
890.701
890.823
890.947
891.073
891.202
891.332
891.464
891.598
891.733
891.869
892.006
892.144
892.281
892.419
892.556
892.692
892.827
892.958
893.084
893.203
893.309
893.395
893.449
893.448
893.381
893.203
892.863
892.296
891.417
890.124
888.301
885.82
882.558
878.406
873.295
867.217
860.262
852.65
844.77
837.201
830.697
826.094
824.149
825.256
829.388
836.159
844.725
854.103
863.338
871.63
878.38
883.183
885.784
886
883.829
879.074
871.655
861.494
848.528
832.724
814.101
792.771
769.062
743.789
718.705
697.029
683.351
681.869
692.691
713.051
738.198
764.28
789.004
811.25
830.565
846.816
860.007
870.205
877.51
882.044
883.939
883.333
880.399
875.322
868.409
860.117
851.094
842.169
834.292
828.4
825.226
825.08
827.871
833.037
839.776
847.259
854.777
861.82
868.075
873.39
877.735
881.161
883.771
885.689
887.046
887.966
888.557
888.91
889.096
889.167
889.171
889.124
889.047
888.953
888.849
888.741
888.631
888.522
888.413
888.305
888.199
888.095
887.994
887.894
887.797
887.702
887.61
887.52
887.433
887.348
887.265
887.185
887.107
887.032
886.96
886.89
886.822
886.757
886.694
886.634
886.576
886.521
886.468
886.417
886.369
886.323
886.279
886.238
886.199
886.162
886.128
886.096
886.065
886.038
886.012
885.988
885.967
885.948
885.931
885.916
885.903
885.893
885.884
885.878
885.874
885.872
892.622
892.626
892.634
892.647
892.664
892.685
892.71
892.739
892.772
892.81
892.851
892.897
892.947
893
893.058
893.12
893.186
893.256
893.33
893.408
893.489
893.575
893.664
893.757
893.853
893.954
894.058
894.165
894.275
894.389
894.507
894.627
894.75
894.876
895.005
895.137
895.271
895.408
895.546
895.687
895.829
895.973
896.118
896.264
896.412
896.559
896.708
896.856
897.003
897.15
897.295
897.436
897.573
897.701
897.816
897.909
897.967
897.965
897.89
897.692
897.314
896.685
895.711
894.28
892.263
889.523
885.926
881.362
875.762
869.134
861.591
853.392
844.971
836.966
830.184
825.513
823.742
825.238
829.965
837.45
846.761
856.83
866.643
875.363
882.388
887.328
889.95
890.089
887.75
882.741
874.988
864.413
850.972
834.669
815.582
793.894
770.012
744.81
720.056
698.877
685.618
684.19
694.701
714.585
739.358
765.305
790.148
812.718
832.485
849.237
862.914
873.538
881.186
885.971
888.02
887.465
884.479
879.221
871.982
863.215
853.582
843.953
835.345
828.776
825.059
824.582
827.266
832.556
839.611
847.552
855.612
863.229
870.043
875.872
880.663
884.458
887.359
889.496
891.011
892.038
892.699
893.092
893.298
893.377
893.379
893.324
893.237
893.131
893.015
892.894
892.772
892.649
892.528
892.409
892.291
892.176
892.064
891.953
891.846
891.741
891.638
891.539
891.442
891.347
891.256
891.167
891.081
890.998
890.917
890.839
890.764
890.692
890.622
890.555
890.49
890.428
890.369
890.313
890.259
890.208
890.159
890.113
890.069
890.028
889.989
889.953
889.919
889.888
889.859
889.833
889.809
889.788
889.769
889.752
889.738
889.726
889.717
889.709
889.705
889.702
897.005
897.009
897.018
897.032
897.049
897.071
897.098
897.129
897.164
897.204
897.248
897.296
897.349
897.405
897.467
897.532
897.602
897.675
897.753
897.835
897.921
898.011
898.105
898.202
898.304
898.409
898.518
898.63
898.746
898.865
898.988
899.114
899.242
899.374
899.508
899.645
899.785
899.926
900.07
900.216
900.364
900.513
900.663
900.815
900.967
901.12
901.273
901.426
901.579
901.73
901.88
902.027
902.168
902.301
902.42
902.515
902.572
902.566
902.479
902.258
901.842
901.151
900.084
898.519
896.316
893.326
889.405
884.436
878.353
871.173
863.035
854.236
845.263
836.812
829.752
825.023
823.446
825.351
830.703
838.91
848.952
859.673
870.004
879.087
886.326
891.356
893.972
894.033
891.544
886.321
878.284
867.355
853.493
836.734
817.205
795.165
771.096
745.937
721.471
700.736
687.855
686.482
696.713
716.173
740.618
766.464
791.445
814.341
834.545
851.766
865.883
876.881
884.826
889.83
892.019
891.524
888.517
883.123
875.613
866.426
856.225
845.915
836.576
829.313
825.036
824.197
826.758
832.169
839.556
847.972
856.601
864.818
872.216
878.574
883.821
887.99
891.182
893.539
895.211
896.346
897.077
897.514
897.743
897.831
897.836
897.778
897.684
897.57
897.445
897.316
897.184
897.053
896.924
896.796
896.671
896.548
896.428
896.311
896.196
896.084
895.975
895.869
895.765
895.664
895.567
895.472
895.38
895.291
895.205
895.121
895.041
894.963
894.888
894.816
894.747
894.681
894.617
894.557
894.499
894.443
894.391
894.341
894.294
894.25
894.208
894.169
894.133
894.099
894.068
894.04
894.014
893.991
893.971
893.953
893.937
893.924
893.914
893.906
893.901
893.899
901.514
901.518
901.527
901.541
901.559
901.582
901.609
901.64
901.676
901.717
901.761
901.811
901.864
901.922
901.984
902.051
902.122
902.197
902.276
902.359
902.446
902.537
902.632
902.731
902.834
902.94
903.05
903.164
903.281
903.401
903.524
903.651
903.78
903.912
904.047
904.185
904.324
904.466
904.61
904.756
904.904
905.052
905.202
905.353
905.505
905.657
905.81
905.962
906.114
906.265
906.414
906.56
906.701
906.832
906.949
907.04
907.091
907.077
906.973
906.726
906.27
905.52
904.365
902.675
900.299
897.076
892.852
887.502
880.957
873.245
864.526
855.134
845.613
836.721
829.392
824.621
823.257
825.595
831.575
840.493
851.224
862.534
873.306
882.674
890.06
895.134
897.721
897.708
895.09
889.697
881.439
870.222
856.009
838.852
818.923
796.55
772.294
747.159
722.945
702.609
690.07
688.749
698.729
717.806
741.961
767.73
792.858
816.068
836.676
854.315
868.809
880.119
888.306
893.489
895.802
895.372
892.372
886.893
879.179
869.643
858.94
847.996
837.949
829.992
825.129
823.916
826.34
831.863
839.578
848.485
857.695
866.522
874.506
881.392
887.088
891.621
895.096
897.664
899.488
900.729
901.53
902.011
902.266
902.369
902.38
902.324
902.229
902.112
901.984
901.85
901.715
901.58
901.447
901.316
901.187
901.061
900.938
900.817
900.7
900.585
900.473
900.363
900.257
900.154
900.053
899.956
899.861
899.769
899.68
899.594
899.511
899.431
899.354
899.279
899.208
899.139
899.074
899.011
898.951
898.893
898.839
898.787
898.739
898.693
898.65
898.609
898.571
898.536
898.504
898.475
898.448
898.424
898.402
898.384
898.368
898.354
898.344
898.336
898.33
898.328
905.987
905.991
906
906.014
906.031
906.054
906.08
906.111
906.147
906.186
906.231
906.279
906.332
906.388
906.45
906.515
906.584
906.658
906.735
906.817
906.902
906.991
907.084
907.181
907.281
907.385
907.492
907.602
907.716
907.833
907.953
908.076
908.201
908.329
908.46
908.593
908.728
908.865
909.004
909.144
909.286
909.43
909.574
909.719
909.865
910.011
910.157
910.303
910.449
910.593
910.736
910.876
911.01
911.134
911.243
911.325
911.365
911.337
911.214
910.938
910.442
909.634
908.397
906.593
904.06
900.628
896.131
890.434
883.465
875.256
865.987
856.031
845.984
836.67
829.092
824.3
823.177
825.953
832.55
842.142
853.502
865.32
876.446
886.017
893.487
898.562
901.103
901.022
898.301
892.785
884.366
872.936
858.448
840.963
820.69
798.018
773.586
748.464
724.474
704.499
692.269
690.998
700.748
719.477
743.371
769.079
794.349
817.848
838.811
856.801
871.6
883.152
891.524
896.846
899.263
898.901
895.934
890.42
882.57
872.765
861.64
850.13
839.42
830.788
825.341
823.734
826.005
831.627
839.662
849.053
858.837
868.263
876.817
884.21
890.332
895.207
898.947
901.713
903.68
905.021
905.89
906.416
906.702
906.823
906.844
906.796
906.705
906.592
906.466
906.334
906.2
906.067
905.935
905.805
905.678
905.553
905.431
905.312
905.195
905.082
904.971
904.863
904.757
904.655
904.555
904.458
904.364
904.273
904.185
904.099
904.017
903.937
903.86
903.786
903.715
903.646
903.581
903.518
903.458
903.401
903.346
903.295
903.246
903.2
903.157
903.116
903.079
903.044
903.011
902.982
902.955
902.931
902.909
902.89
902.874
902.861
902.85
902.842
902.837
902.834
910.27
910.274
910.283
910.295
910.312
910.333
910.359
910.388
910.422
910.46
910.501
910.547
910.597
910.651
910.709
910.771
910.837
910.906
910.98
911.056
911.137
911.221
911.309
911.4
911.495
911.592
911.693
911.797
911.904
912.013
912.126
912.241
912.358
912.478
912.6
912.724
912.85
912.978
913.107
913.238
913.37
913.503
913.637
913.771
913.906
914.042
914.177
914.312
914.447
914.58
914.712
914.84
914.962
915.075
915.171
915.24
915.263
915.219
915.071
914.766
914.229
913.365
912.054
910.147
907.477
903.861
899.123
893.12
885.773
877.117
867.348
856.872
846.337
836.634
828.837
824.049
823.172
826.4
833.59
843.803
855.714
867.95
879.339
889.038
896.535
901.578
904.06
903.919
901.123
895.528
887.008
875.436
860.752
843.016
822.465
799.539
774.953
749.844
726.057
706.411
694.461
693.235
702.773
721.18
744.835
770.486
795.883
819.631
840.888
859.157
874.184
885.909
894.41
899.832
902.332
902.037
899.125
893.619
885.698
875.705
864.247
852.253
840.944
831.674
825.656
823.65
825.743
831.443
839.779
849.631
859.964
869.958
879.047
886.911
893.424
898.612
902.592
905.536
907.635
909.07
910.005
910.577
910.895
911.04
911.076
911.04
910.96
910.854
910.736
910.611
910.484
910.357
910.231
910.108
909.986
909.867
909.751
909.637
909.526
909.418
909.312
909.208
909.108
909.01
908.914
908.822
908.732
908.644
908.56
908.478
908.398
908.322
908.248
908.176
908.108
908.042
907.979
907.919
907.861
907.806
907.753
907.704
907.656
907.612
907.57
907.531
907.495
907.461
907.43
907.401
907.375
907.352
907.331
907.313
907.297
907.284
907.274
907.266
907.261
907.258
914.231
914.235
914.243
914.255
914.27
914.289
914.313
914.34
914.371
914.405
914.444
914.486
914.531
914.581
914.634
914.69
914.75
914.814
914.881
914.951
915.025
915.102
915.182
915.264
915.35
915.439
915.531
915.625
915.722
915.822
915.923
916.027
916.134
916.242
916.352
916.464
916.577
916.692
916.809
916.926
917.045
917.164
917.284
917.404
917.525
917.646
917.767
917.887
918.007
918.126
918.242
918.355
918.463
918.56
918.64
918.691
918.695
918.631
918.458
918.12
917.543
916.628
915.248
913.251
910.46
906.685
901.742
895.476
887.803
878.757
868.546
857.607
846.636
836.59
828.611
823.854
823.24
826.91
834.656
845.425
857.802
870.363
881.931
891.689
899.169
904.155
906.572
906.381
903.535
897.901
889.333
877.686
862.881
844.973
824.213
801.089
776.379
751.291
727.694
708.348
696.654
695.47
704.805
722.912
746.341
771.931
797.427
821.375
842.859
861.33
876.511
888.345
896.923
902.41
904.975
904.744
901.903
896.44
888.504
878.4
866.697
854.309
842.476
832.619
826.052
823.638
825.543
831.294
839.897
850.173
861.013
871.528
881.105
889.392
896.254
901.717
905.91
909.014
911.23
912.751
913.75
914.368
914.721
914.892
914.947
914.929
914.863
914.771
914.665
914.551
914.435
914.318
914.203
914.089
913.978
913.869
913.762
913.657
913.555
913.455
913.357
913.262
913.169
913.078
912.99
912.905
912.821
912.741
912.662
912.586
912.513
912.442
912.373
912.307
912.243
912.182
912.123
912.067
912.013
911.962
911.913
911.867
911.823
911.782
911.743
911.706
911.672
911.64
911.611
911.585
911.56
911.538
911.519
911.502
911.488
911.475
911.466
911.458
911.454
911.451
917.772
917.775
917.782
917.793
917.806
917.823
917.844
917.868
917.895
917.926
917.96
917.997
918.038
918.082
918.129
918.179
918.232
918.288
918.347
918.409
918.474
918.542
918.612
918.685
918.761
918.839
918.919
919.002
919.087
919.174
919.263
919.354
919.447
919.542
919.638
919.735
919.834
919.934
920.035
920.137
920.24
920.343
920.447
920.551
920.655
920.759
920.863
920.967
921.07
921.172
921.272
921.368
921.458
921.537
921.599
921.63
921.614
921.528
921.328
920.958
920.342
919.378
917.935
915.857
912.961
909.051
903.934
897.446
889.497
880.12
869.533
858.196
846.852
836.515
828.399
823.703
823.361
827.457
835.713
846.963
859.718
872.517
884.189
893.954
901.383
906.298
908.648
908.417
905.545
899.905
891.335
879.671
864.813
846.808
825.912
802.648
777.854
752.8
729.386
710.32
698.858
697.709
706.851
724.67
747.877
773.394
798.954
823.046
844.688
863.287
878.555
890.441
899.054
904.576
907.189
907.017
904.257
898.863
890.959
880.81
868.945
856.251
843.976
833.593
826.508
823.69
825.388
831.157
839.986
850.636
861.927
872.906
882.912
891.569
898.735
904.438
908.815
912.059
914.381
915.981
917.039
917.704
918.092
918.292
918.369
918.371
918.324
918.248
918.157
918.058
917.956
917.854
917.751
917.651
917.552
917.455
917.36
917.267
917.176
917.087
917
916.915
916.832
916.751
916.673
916.596
916.522
916.45
916.38
916.312
916.246
916.182
916.121
916.061
916.004
915.949
915.897
915.846
915.798
915.752
915.708
915.666
915.626
915.589
915.554
915.521
915.49
915.462
915.435
915.411
915.389
915.37
915.352
915.337
915.324
915.313
915.304
915.297
915.293
915.291
920.832
920.835
920.841
920.85
920.861
920.876
920.894
920.914
920.938
920.964
920.993
921.025
921.06
921.097
921.138
921.18
921.226
921.274
921.324
921.377
921.433
921.49
921.55
921.612
921.677
921.743
921.811
921.882
921.954
922.028
922.103
922.18
922.258
922.338
922.419
922.501
922.584
922.669
922.753
922.839
922.925
923.011
923.098
923.185
923.272
923.359
923.446
923.532
923.618
923.702
923.784
923.862
923.934
923.995
924.037
924.048
924.013
923.902
923.675
923.274
922.621
921.61
920.109
917.958
914.971
910.944
905.679
899.005
890.827
881.176
870.276
858.609
846.958
836.394
828.187
823.581
823.513
828.015
836.727
848.385
861.433
874.392
886.108
895.839
903.196
908.032
910.319
910.059
907.181
901.562
893.026
881.392
866.543
848.509
827.548
804.204
779.37
754.371
731.137
712.332
701.084
699.962
708.914
726.454
749.439
774.861
800.446
824.622
846.353
865.013
880.309
892.2
900.814
906.348
908.995
908.878
906.203
900.897
893.059
882.917
870.962
858.046
845.411
834.568
827.004
823.791
825.265
831.015
840.02
850.985
862.663
874.04
884.414
893.388
900.813
906.721
911.258
914.625
917.041
918.714
919.829
920.537
920.961
921.191
921.293
921.317
921.29
921.233
921.159
921.077
920.991
920.903
920.816
920.73
920.645
920.562
920.48
920.4
920.322
920.246
920.171
920.098
920.027
919.957
919.889
919.823
919.759
919.697
919.636
919.577
919.52
919.465
919.412
919.361
919.311
919.263
919.218
919.174
919.132
919.092
919.053
919.017
918.983
918.95
918.919
918.891
918.864
918.839
918.816
918.795
918.776
918.759
918.743
918.73
918.719
918.709
918.701
918.696
918.692
918.69
923.39
923.392
923.397
923.405
923.414
923.427
923.441
923.458
923.478
923.5
923.524
923.55
923.579
923.61
923.643
923.679
923.716
923.756
923.798
923.841
923.887
923.935
923.984
924.035
924.088
924.143
924.199
924.257
924.316
924.376
924.438
924.501
924.565
924.63
924.696
924.763
924.831
924.899
924.968
925.037
925.107
925.177
925.247
925.317
925.388
925.458
925.527
925.597
925.665
925.732
925.797
925.858
925.912
925.955
925.979
925.971
925.915
925.782
925.529
925.097
924.407
923.352
921.798
919.58
916.509
912.379
906.987
900.157
891.79
881.914
870.761
858.828
846.93
836.206
827.96
823.475
823.675
828.562
837.674
849.665
862.931
875.985
887.699
897.369
904.643
909.4
911.628
911.35
908.485
902.907
894.434
882.869
868.079
850.076
829.114
805.753
780.924
756.005
732.953
714.395
703.342
702.239
711.004
728.267
751.022
776.325
801.889
826.09
847.847
866.51
881.784
893.644
902.232
907.761
910.431
910.363
907.774
902.566
894.817
884.725
872.738
859.674
846.757
835.521
827.52
823.924
825.157
830.847
839.965
851.188
863.186
874.896
885.579
894.819
902.464
908.549
913.225
916.701
919.203
920.943
922.111
922.863
923.322
923.581
923.709
923.754
923.748
923.71
923.654
923.589
923.519
923.448
923.376
923.305
923.235
923.166
923.098
923.032
922.967
922.904
922.841
922.781
922.721
922.663
922.607
922.552
922.498
922.446
922.395
922.346
922.298
922.252
922.208
922.164
922.123
922.083
922.044
922.007
921.972
921.938
921.906
921.876
921.847
921.819
921.793
921.769
921.747
921.726
921.706
921.689
921.672
921.658
921.645
921.634
921.624
921.616
921.609
921.605
921.601
921.6
925.458
925.46
925.464
925.47
925.478
925.488
925.5
925.513
925.529
925.546
925.566
925.587
925.61
925.635
925.662
925.69
925.72
925.752
925.785
925.82
925.856
925.894
925.934
925.974
926.017
926.06
926.105
926.15
926.197
926.245
926.294
926.344
926.394
926.446
926.498
926.551
926.604
926.658
926.712
926.766
926.821
926.875
926.93
926.985
927.04
927.094
927.148
927.202
927.255
927.306
927.355
927.4
927.438
927.465
927.471
927.447
927.372
927.216
926.939
926.478
925.753
924.656
923.049
920.767
917.619
913.396
907.891
900.927
892.401
882.343
870.988
858.847
846.779
835.946
827.706
823.369
823.831
829.076
838.533
850.79
864.209
877.307
888.987
898.581
905.768
910.452
912.63
912.345
909.504
903.983
895.593
884.129
869.438
851.52
830.616
807.295
782.518
757.707
734.843
716.52
705.645
704.553
713.127
730.113
752.625
777.781
803.278
827.449
849.174
867.789
883.003
894.804
903.349
908.86
911.546
911.52
909.016
903.909
896.264
886.25
874.278
861.127
847.998
836.432
828.038
824.073
825.052
830.644
839.826
851.226
863.479
875.459
886.397
895.86
903.693
909.931
914.731
918.307
920.888
922.692
923.911
924.704
925.197
925.485
925.638
925.704
925.717
925.698
925.66
925.611
925.557
925.501
925.444
925.388
925.332
925.276
925.222
925.169
925.117
925.066
925.016
924.967
924.919
924.873
924.827
924.783
924.739
924.697
924.656
924.616
924.578
924.54
924.504
924.469
924.436
924.403
924.372
924.342
924.313
924.286
924.259
924.235
924.211
924.189
924.168
924.148
924.129
924.112
924.096
924.082
924.069
924.057
924.046
924.037
924.029
924.023
924.017
924.013
924.011
924.009
927.075
927.077
927.08
927.084
927.091
927.098
927.107
927.118
927.13
927.144
927.159
927.175
927.193
927.212
927.233
927.255
927.278
927.303
927.329
927.356
927.384
927.413
927.443
927.475
927.507
927.541
927.575
927.61
927.646
927.683
927.72
927.758
927.797
927.836
927.876
927.916
927.956
927.997
928.038
928.079
928.121
928.162
928.204
928.245
928.286
928.327
928.367
928.407
928.447
928.484
928.52
928.551
928.575
928.587
928.579
928.539
928.446
928.271
927.97
927.482
926.723
925.584
923.926
921.582
918.358
914.045
908.435
901.351
892.69
882.484
870.967
858.682
846.498
835.608
827.416
823.248
823.969
829.539
839.289
851.754
865.274
878.379
890.004
899.516
906.621
911.239
913.378
913.095
910.288
904.836
896.546
885.204
870.647
852.857
832.064
808.836
784.157
759.482
736.816
718.718
708.005
706.914
715.294
731.998
754.254
779.23
804.614
828.703
850.347
868.873
883.997
895.719
904.208
909.695
912.389
912.402
909.978
904.972
897.437
887.519
875.595
862.406
849.124
837.287
828.543
824.225
824.936
830.391
839.58
851.093
863.532
875.73
886.876
896.529
904.525
910.901
915.815
919.485
922.142
924.007
925.276
926.109
926.635
926.95
927.126
927.212
927.243
927.241
927.218
927.185
927.145
927.103
927.06
927.016
926.973
926.93
926.888
926.847
926.807
926.767
926.729
926.691
926.653
926.617
926.581
926.547
926.513
926.48
926.448
926.417
926.387
926.357
926.329
926.302
926.275
926.25
926.225
926.202
926.179
926.157
926.137
926.117
926.099
926.081
926.064
926.049
926.034
926.021
926.008
925.997
925.986
925.977
925.969
925.961
925.955
925.95
925.946
925.943
925.94
925.939
928.297
928.298
928.3
928.304
928.309
928.314
928.321
928.329
928.338
928.348
928.36
928.372
928.385
928.4
928.415
928.432
928.449
928.468
928.487
928.507
928.528
928.55
928.572
928.596
928.62
928.645
928.67
928.696
928.723
928.75
928.778
928.806
928.834
928.863
928.893
928.922
928.952
928.982
929.012
929.042
929.072
929.102
929.132
929.163
929.192
929.222
929.251
929.28
929.308
929.334
929.358
929.378
929.39
929.39
929.37
929.316
929.208
929.015
928.692
928.177
927.385
926.205
924.495
922.088
918.788
914.386
908.675
901.482
892.705
882.373
870.741
858.349
846.09
835.191
827.082
823.099
824.074
829.938
839.935
852.559
866.139
879.225
890.786
900.217
907.248
911.812
913.921
913.65
910.885
905.51
897.331
886.13
871.734
854.11
833.473
810.388
785.85
761.342
738.884
721.003
710.438
709.336
717.518
733.931
755.912
780.678
805.906
829.865
851.385
869.789
884.8
896.43
904.856
910.313
913.013
913.06
910.71
905.801
898.377
888.564
876.71
863.521
850.134
838.076
829.019
824.363
824.799
830.081
839.224
850.802
863.364
875.719
887.042
896.856
904.999
911.504
916.529
920.29
923.022
924.949
926.266
927.138
927.695
928.036
928.233
928.338
928.385
928.397
928.388
928.368
928.341
928.31
928.279
928.247
928.215
928.183
928.152
928.121
928.091
928.061
928.032
928.003
927.975
927.948
927.921
927.895
927.87
927.845
927.821
927.797
927.774
927.752
927.731
927.71
927.69
927.67
927.652
927.634
927.617
927.6
927.585
927.57
927.555
927.542
927.529
927.518
927.506
927.496
927.487
927.478
927.47
927.463
927.456
927.451
927.446
927.442
927.439
927.436
927.435
927.434
929.188
929.188
929.19
929.193
929.196
929.2
929.205
929.211
929.218
929.225
929.233
929.242
929.252
929.262
929.273
929.285
929.298
929.311
929.325
929.34
929.355
929.37
929.387
929.403
929.421
929.439
929.457
929.475
929.495
929.514
929.534
929.554
929.574
929.595
929.615
929.636
929.657
929.679
929.7
929.721
929.742
929.764
929.785
929.806
929.826
929.847
929.867
929.887
929.906
929.923
929.938
929.949
929.952
929.942
929.911
929.846
929.724
929.514
929.171
928.631
927.806
926.583
924.821
922.349
918.97
914.482
908.679
901.381
892.492
882.053
870.324
857.857
845.563
834.695
826.698
822.913
824.132
830.26
840.464
853.208
866.82
879.874
891.368
900.726
907.694
912.215
914.306
914.054
911.339
906.047
897.988
886.942
872.728
855.301
834.861
811.964
787.609
763.297
741.058
723.389
712.958
711.833
719.81
735.924
757.611
782.133
807.164
830.952
852.311
870.565
885.446
896.976
905.335
910.761
913.463
913.541
911.258
906.441
899.124
889.418
877.649
864.485
851.03
838.792
829.457
824.479
824.632
829.705
838.758
850.348
862.996
875.474
886.931
896.89
905.165
911.793
916.929
920.783
923.592
925.581
926.947
927.857
928.445
928.81
929.026
929.147
929.208
929.232
929.235
929.226
929.209
929.189
929.167
929.144
929.121
929.098
929.076
929.054
929.032
929.01
928.989
928.969
928.948
928.929
928.909
928.89
928.872
928.853
928.836
928.819
928.802
928.786
928.77
928.755
928.74
928.726
928.712
928.699
928.687
928.674
928.663
928.652
928.642
928.632
928.622
928.614
928.605
928.598
928.591
928.584
928.579
928.573
928.569
928.564
928.561
928.558
928.556
928.554
928.553
928.552
929.812
929.813
929.814
929.816
929.818
929.821
929.825
929.829
929.833
929.839
929.844
929.851
929.857
929.865
929.872
929.881
929.889
929.899
929.908
929.918
929.929
929.94
929.951
929.963
929.975
929.987
930
930.013
930.026
930.039
930.053
930.066
930.08
930.094
930.109
930.123
930.137
930.152
930.166
930.18
930.195
930.209
930.223
930.237
930.251
930.265
930.278
930.291
930.303
930.314
930.322
930.325
930.321
930.304
930.264
930.188
930.054
929.83
929.467
928.902
928.044
926.778
924.961
922.422
918.973
914.397
908.49
901.083
892.088
881.552
869.743
857.228
844.931
834.122
826.26
822.678
824.134
830.498
840.877
853.71
867.335
880.351
891.783
901.078
907.996
912.487
914.569
914.345
911.684
906.481
898.55
887.669
873.656
856.453
836.248
813.581
789.448
765.36
743.352
725.892
715.581
714.422
722.186
737.989
759.362
783.609
808.404
831.981
853.147
871.23
885.97
897.393
905.684
911.078
913.78
913.885
911.664
906.931
899.715
890.115
878.435
865.312
851.818
839.433
829.849
824.563
824.428
829.261
838.186
849.744
862.437
875.009
886.588
896.677
905.087
911.835
917.073
921.025
923.914
925.967
927.383
928.332
928.948
929.336
929.57
929.706
929.778
929.813
929.825
929.824
929.816
929.803
929.789
929.774
929.758
929.742
929.727
929.711
929.696
929.681
929.667
929.652
929.638
929.624
929.611
929.597
929.584
929.572
929.559
929.547
929.535
929.524
929.513
929.502
929.492
929.482
929.472
929.463
929.454
929.445
929.437
929.429
929.422
929.415
929.408
929.402
929.396
929.391
929.386
929.381
929.377
929.374
929.37
929.367
929.365
929.363
929.361
929.36
929.359
929.358
930.232
930.233
930.234
930.235
930.236
930.238
930.241
930.243
930.247
930.25
930.254
930.258
930.263
930.268
930.273
930.278
930.284
930.29
930.297
930.304
930.311
930.318
930.325
930.333
930.341
930.349
930.358
930.366
930.375
930.384
930.392
930.401
930.411
930.42
930.429
930.438
930.448
930.457
930.466
930.476
930.485
930.494
930.503
930.512
930.521
930.53
930.538
930.546
930.553
930.558
930.561
930.559
930.55
930.526
930.48
930.395
930.251
930.012
929.631
929.04
928.148
926.839
924.97
922.369
918.835
914.162
908.149
900.634
891.534
880.907
869.03
856.483
844.205
833.477
825.765
822.389
824.06
830.646
841.173
854.076
867.703
880.681
892.06
901.304
908.185
912.658
914.741
914.554
911.953
906.844
899.045
888.34
874.543
857.589
837.651
815.253
791.381
767.545
745.78
728.528
718.325
717.119
724.662
740.141
761.178
785.118
809.642
832.973
853.919
871.813
886.401
897.715
905.936
911.297
913.998
914.127
911.96
907.305
900.182
890.683
879.093
866.021
852.505
839.998
830.19
824.609
824.178
828.748
837.512
849.004
861.71
874.354
886.04
896.257
904.799
911.677
917.033
921.076
924.045
926.164
927.631
928.619
929.265
929.674
929.925
930.073
930.156
930.199
930.218
930.224
930.221
930.215
930.207
930.197
930.187
930.177
930.166
930.156
930.146
930.136
930.126
930.117
930.107
930.098
930.089
930.08
930.071
930.062
930.054
930.046
930.038
930.03
930.023
930.016
930.009
930.002
929.995
929.989
929.983
929.977
929.971
929.966
929.961
929.956
929.952
929.948
929.944
929.94
929.937
929.933
929.931
929.928
929.926
929.924
929.922
929.921
929.919
929.919
929.918
929.918
930.501
930.501
930.501
930.502
930.503
930.504
930.506
930.508
930.51
930.512
930.514
930.517
930.52
930.523
930.526
930.53
930.534
930.538
930.542
930.546
930.551
930.555
930.56
930.565
930.57
930.575
930.58
930.586
930.591
930.597
930.602
930.608
930.613
930.619
930.625
930.631
930.636
930.642
930.648
930.653
930.659
930.665
930.67
930.675
930.681
930.686
930.691
930.695
930.698
930.7
930.699
930.694
930.68
930.651
930.599
930.507
930.352
930.1
929.7
929.084
928.158
926.809
924.885
922.21
918.59
913.818
907.698
900.072
890.866
880.149
868.211
855.644
843.399
832.767
825.213
822.041
823.93
830.704
841.356
854.314
867.941
880.885
892.222
901.428
908.286
912.753
914.848
914.703
912.168
907.158
899.498
888.977
875.41
858.727
839.086
816.994
793.42
769.866
748.359
731.313
721.208
719.942
727.254
742.396
763.074
786.677
810.893
833.947
854.648
872.336
886.765
897.966
906.117
911.445
914.143
914.293
912.176
907.59
900.554
891.149
879.644
866.627
853.1
840.489
830.474
824.611
823.877
828.171
836.745
848.144
860.84
873.54
885.328
895.671
904.348
911.359
916.837
920.987
924.039
926.221
927.742
928.769
929.444
929.874
930.14
930.299
930.391
930.44
930.466
930.476
930.479
930.477
930.473
930.467
930.461
930.455
930.448
930.442
930.436
930.429
930.423
930.417
930.411
930.405
930.399
930.393
930.388
930.382
930.377
930.372
930.367
930.362
930.357
930.352
930.348
930.343
930.339
930.335
930.331
930.327
930.323
930.32
930.317
930.314
930.311
930.308
930.305
930.303
930.301
930.299
930.297
930.295
930.294
930.292
930.291
930.29
930.29
930.289
930.289
930.288
930.66
930.66
930.661
930.661
930.662
930.662
930.663
930.664
930.666
930.667
930.668
930.67
930.672
930.674
930.676
930.678
930.68
930.683
930.685
930.688
930.69
930.693
930.696
930.699
930.702
930.705
930.708
930.711
930.714
930.717
930.721
930.724
930.727
930.731
930.734
930.737
930.74
930.744
930.747
930.75
930.753
930.756
930.759
930.762
930.765
930.767
930.77
930.772
930.772
930.772
930.768
930.76
930.743
930.71
930.653
930.554
930.39
930.125
929.706
929.066
928.109
926.713
924.728
921.98
918.272
913.399
907.169
899.429
890.115
879.308
867.311
854.729
842.525
831.995
824.602
821.631
823.719
830.654
841.427
854.433
868.061
880.982
892.288
901.471
908.318
912.791
914.905
914.81
912.347
907.442
899.927
889.597
876.273
859.882
840.567
818.817
795.578
772.335
751.103
734.264
724.249
722.909
729.981
744.771
765.066
788.3
812.175
834.919
855.352
872.82
887.083
898.168
906.249
911.543
914.238
914.405
912.332
907.81
900.851
891.532
880.109
867.144
853.612
840.909
830.7
824.558
823.523
827.532
835.894
847.18
859.851
872.598
884.484
894.955
903.773
910.923
916.527
920.786
923.93
926.184
927.753
928.821
929.525
929.976
930.256
930.426
930.525
930.58
930.61
930.625
930.631
930.632
930.631
930.628
930.625
930.621
930.618
930.614
930.61
930.606
930.603
930.599
930.595
930.592
930.588
930.585
930.582
930.578
930.575
930.572
930.569
930.566
930.563
930.56
930.557
930.554
930.552
930.549
930.547
930.545
930.542
930.54
930.538
930.536
930.535
930.533
930.531
930.53
930.528
930.527
930.526
930.525
930.524
930.523
930.523
930.522
930.522
930.521
930.521
930.521
930.745
930.745
930.745
930.745
930.746
930.746
930.747
930.747
930.748
930.749
930.75
930.75
930.751
930.752
930.754
930.755
930.756
930.757
930.759
930.76
930.761
930.763
930.765
930.766
930.768
930.769
930.771
930.773
930.774
930.776
930.778
930.779
930.781
930.783
930.784
930.786
930.788
930.789
930.791
930.792
930.794
930.795
930.796
930.798
930.799
930.8
930.8
930.801
930.8
930.798
930.792
930.782
930.762
930.726
930.664
930.559
930.386
930.107
929.672
929.006
928.013
926.569
924.524
921.701
917.903
912.927
906.584
898.728
889.304
878.406
866.35
853.755
841.594
831.169
823.935
821.155
823.43
830.524
841.384
854.439
868.075
880.984
892.274
901.448
908.296
912.783
914.928
914.889
912.504
907.709
900.344
890.214
877.145
861.063
842.102
820.729
797.863
774.965
754.026
737.399
727.465
726.04
732.861
747.281
767.169
790.001
813.499
835.904
856.045
873.281
887.37
898.338
906.348
911.608
914.296
914.479
912.445
907.979
901.09
891.85
880.501
867.585
854.049
841.261
830.87
824.461
823.117
826.834
834.969
846.127
858.763
871.553
883.537
894.141
903.106
910.399
916.136
920.509
923.746
926.074
927.701
928.807
929.539
930.01
930.305
930.484
930.59
930.651
930.684
930.702
930.71
930.714
930.714
930.714
930.712
930.711
930.709
930.707
930.705
930.703
930.701
930.699
930.697
930.695
930.693
930.691
930.689
930.688
930.686
930.684
930.682
930.681
930.679
930.677
930.676
930.674
930.673
930.672
930.67
930.669
930.668
930.667
930.665
930.664
930.663
930.662
930.661
930.661
930.66
930.659
930.658
930.658
930.657
930.657
930.656
930.656
930.656
930.656
930.656
930.655
930.78
930.78
930.78
930.78
930.78
930.78
930.781
930.781
930.781
930.782
930.782
930.782
930.783
930.783
930.784
930.785
930.785
930.786
930.786
930.787
930.788
930.788
930.789
930.79
930.79
930.791
930.792
930.792
930.793
930.794
930.794
930.795
930.796
930.796
930.797
930.798
930.798
930.799
930.799
930.8
930.8
930.8
930.801
930.801
930.801
930.801
930.8
930.8
930.798
930.794
930.788
930.775
930.753
930.715
930.648
930.537
930.355
930.064
929.609
928.916
927.887
926.395
924.288
921.389
917.499
912.419
905.961
897.988
888.453
877.462
865.345
852.736
840.617
830.294
823.211
820.613
823.062
830.305
841.258
854.351
867.998
880.904
892.19
901.366
908.227
912.741
914.925
914.946
912.646
907.967
900.759
890.836
878.033
862.277
843.696
822.733
800.279
777.761
757.138
740.73
730.874
729.352
735.911
749.943
769.395
791.791
814.877
836.912
856.74
873.73
887.64
898.488
906.425
911.649
914.33
914.525
912.525
908.111
901.286
892.116
880.834
867.962
854.421
841.549
830.981
824.313
822.657
826.08
833.978
844.999
857.595
870.426
882.512
893.254
902.37
909.814
915.687
920.179
923.512
925.916
927.601
928.749
929.509
930
930.309
930.498
930.61
930.675
930.711
930.731
930.741
930.746
930.748
930.749
930.749
930.749
930.748
930.747
930.746
930.746
930.745
930.744
930.743
930.742
930.741
930.74
930.74
930.739
930.738
930.737
930.736
930.736
930.735
930.734
930.733
930.733
930.732
930.731
930.731
930.73
930.729
930.729
930.728
930.728
930.727
930.727
930.726
930.726
930.725
930.725
930.725
930.725
930.724
930.724
930.724
930.724
930.724
930.723
930.723
930.723
930.783
930.783
930.783
930.783
930.783
930.783
930.783
930.783
930.783
930.783
930.783
930.784
930.784
930.784
930.784
930.784
930.784
930.785
930.785
930.785
930.785
930.785
930.785
930.785
930.786
930.786
930.786
930.786
930.786
930.786
930.786
930.786
930.786
930.786
930.786
930.786
930.786
930.786
930.785
930.785
930.785
930.785
930.784
930.784
930.783
930.782
930.781
930.78
930.777
930.773
930.765
930.752
930.728
930.686
930.616
930.499
930.308
930.003
929.528
928.807
927.74
926.199
924.03
921.053
917.071
911.886
905.313
897.221
887.573
876.488
864.309
851.683
839.602
829.373
822.434
820.004
822.615
829.993
841.036
854.175
867.839
880.75
892.042
901.232
908.117
912.667
914.901
914.989
912.78
908.223
901.178
891.469
878.94
863.526
845.347
824.828
802.825
780.725
760.446
744.27
734.49
732.86
739.146
752.768
771.754
793.676
816.312
837.946
857.442
874.174
887.9
898.625
906.489
911.676
914.346
914.552
912.582
908.214
901.446
892.341
881.118
868.283
854.732
841.778
831.036
824.109
822.145
825.274
832.929
843.808
856.362
869.236
881.428
892.312
901.586
909.185
915.2
919.812
923.244
925.726
927.469
928.66
929.451
929.963
930.284
930.482
930.6
930.669
930.708
930.73
930.742
930.748
930.751
930.752
930.753
930.753
930.754
930.753
930.753
930.753
930.753
930.753
930.753
930.753
930.752
930.752
930.752
930.752
930.752
930.751
930.751
930.751
930.751
930.751
930.75
930.75
930.75
930.75
930.75
930.749
930.749
930.749
930.749
930.749
930.749
930.748
930.748
930.748
930.748
930.748
930.748
930.748
930.748
930.748
930.747
930.747
930.747
930.747
930.747
930.747
930.766
930.766
930.766
930.766
930.766
930.766
930.766
930.766
930.766
930.766
930.766
930.766
930.766
930.765
930.765
930.765
930.765
930.765
930.765
930.765
930.765
930.764
930.764
930.764
930.764
930.764
930.763
930.763
930.763
930.762
930.762
930.762
930.761
930.761
930.76
930.76
930.759
930.759
930.758
930.758
930.757
930.756
930.755
930.755
930.754
930.753
930.751
930.749
930.746
930.741
930.733
930.718
930.692
930.648
930.574
930.45
930.249
929.93
929.434
928.685
927.579
925.988
923.755
920.699
916.625
911.334
904.646
896.437
886.677
875.496
863.253
850.605
838.555
828.412
821.604
819.33
822.088
829.589
840.716
853.903
867.593
880.523
891.835
901.05
907.971
912.566
914.861
915.019
912.909
908.48
901.603
892.114
879.868
864.807
847.05
827.004
805.49
783.848
763.948
748.022
738.322
736.576
742.574
755.762
774.247
795.655
817.804
839.009
858.153
874.618
888.155
898.756
906.544
911.692
914.351
914.564
912.622
908.294
901.579
892.531
881.36
868.556
854.99
841.951
831.036
823.852
821.582
824.419
831.831
842.565
855.078
867.998
880.299
891.331
900.768
908.526
914.685
919.421
922.954
925.515
927.317
928.552
929.374
929.907
930.243
930.449
930.573
930.645
930.687
930.71
930.723
930.73
930.733
930.736
930.737
930.738
930.738
930.739
930.739
930.739
930.74
930.74
930.74
930.74
930.741
930.741
930.741
930.741
930.741
930.742
930.742
930.742
930.742
930.742
930.742
930.742
930.742
930.743
930.743
930.743
930.743
930.743
930.743
930.743
930.743
930.743
930.743
930.743
930.743
930.743
930.743
930.743
930.743
930.743
930.743
930.743
930.743
930.743
930.743
930.743
930.737
930.737
930.737
930.737
930.737
930.737
930.737
930.737
930.736
930.736
930.736
930.736
930.736
930.736
930.735
930.735
930.735
930.735
930.734
930.734
930.734
930.733
930.733
930.733
930.732
930.732
930.731
930.731
930.73
930.73
930.729
930.728
930.728
930.727
930.726
930.726
930.725
930.724
930.723
930.723
930.722
930.721
930.72
930.719
930.717
930.716
930.714
930.712
930.709
930.703
930.694
930.678
930.651
930.604
930.525
930.395
930.183
929.849
929.332
928.553
927.408
925.765
923.466
920.331
916.164
910.768
903.966
895.64
885.768
874.492
862.182
849.509
837.483
827.415
820.724
818.59
821.482
829.094
840.301
853.541
867.267
880.227
891.571
900.824
907.79
912.44
914.803
915.04
913.035
908.74
902.036
892.771
880.814
866.114
848.794
829.245
808.256
787.114
767.629
751.978
742.367
740.498
746.195
758.921
776.868
797.721
819.346
840.094
858.871
875.061
888.406
898.881
906.593
911.701
914.347
914.566
912.647
908.357
901.689
892.692
881.567
868.787
855.201
842.073
830.98
823.545
820.971
823.52
830.689
841.279
853.752
866.722
879.138
890.322
899.924
907.845
914.151
919.013
922.649
925.29
927.153
928.432
929.285
929.839
930.189
930.405
930.534
930.61
930.654
930.679
930.692
930.7
930.704
930.707
930.708
930.709
930.71
930.711
930.711
930.712
930.713
930.713
930.714
930.714
930.715
930.715
930.716
930.716
930.716
930.717
930.717
930.717
930.718
930.718
930.718
930.719
930.719
930.719
930.72
930.72
930.72
930.72
930.72
930.721
930.721
930.721
930.721
930.721
930.721
930.722
930.722
930.722
930.722
930.722
930.722
930.722
930.722
930.722
930.722
930.722
930.701
930.701
930.701
930.701
930.701
930.701
930.701
930.701
930.7
930.7
930.7
930.7
930.7
930.699
930.699
930.699
930.698
930.698
930.698
930.697
930.697
930.696
930.696
930.695
930.695
930.694
930.694
930.693
930.692
930.692
930.691
930.69
930.689
930.689
930.688
930.687
930.686
930.685
930.684
930.683
930.682
930.681
930.68
930.679
930.678
930.676
930.674
930.672
930.668
930.662
930.652
930.635
930.606
930.557
930.473
930.335
930.113
929.763
929.224
928.414
927.227
925.53
923.165
919.951
915.69
910.189
903.275
894.833
884.852
873.482
861.103
848.399
836.39
826.385
819.796
817.788
820.797
828.512
839.796
853.092
866.863
879.865
891.252
900.554
907.575
912.29
914.729
915.051
913.158
909.001
902.475
893.439
881.772
867.439
850.564
831.531
811.096
790.492
771.462
756.116
746.609
744.612
749.994
762.229
779.598
799.854
820.921
841.191
859.589
875.501
888.653
899.001
906.637
911.705
914.336
914.559
912.661
908.405
901.78
892.829
881.744
868.981
855.37
842.15
830.884
823.194
820.315
822.58
829.507
839.956
852.393
865.417
877.951
889.291
899.063
907.149
913.605
918.595
922.335
925.056
926.981
928.304
929.189
929.765
930.129
930.354
930.49
930.569
930.615
930.641
930.655
930.663
930.668
930.671
930.673
930.674
930.675
930.676
930.676
930.677
930.678
930.679
930.679
930.68
930.68
930.681
930.682
930.682
930.683
930.683
930.684
930.684
930.685
930.685
930.686
930.686
930.686
930.687
930.687
930.687
930.688
930.688
930.688
930.689
930.689
930.689
930.689
930.689
930.69
930.69
930.69
930.69
930.69
930.69
930.69
930.69
930.691
930.691
930.691
930.691
930.661
930.661
930.661
930.661
930.661
930.661
930.661
930.661
930.661
930.66
930.66
930.66
930.66
930.659
930.659
930.659
930.658
930.658
930.657
930.657
930.656
930.656
930.655
930.655
930.654
930.653
930.653
930.652
930.651
930.651
930.65
930.649
930.648
930.647
930.647
930.646
930.645
930.644
930.643
930.642
930.641
930.639
930.638
930.637
930.636
930.634
930.632
930.63
930.626
930.62
930.609
930.591
930.56
930.507
930.419
930.274
930.04
929.673
929.111
928.268
927.038
925.287
922.854
919.557
915.203
909.598
902.573
894.019
883.93
872.466
860.019
847.281
835.278
825.325
818.823
816.923
820.036
827.842
839.202
852.559
866.383
879.436
890.878
900.24
907.327
912.116
914.64
915.053
913.277
909.265
902.92
894.113
882.739
868.771
852.343
833.835
813.974
793.941
775.403
760.395
751.011
748.885
753.937
765.651
782.404
802.026
822.508
842.284
860.299
875.932
888.892
899.117
906.676
911.703
914.319
914.545
912.665
908.44
901.854
892.946
881.894
869.143
855.5
842.184
830.745
822.799
819.619
821.603
828.291
838.602
851.007
864.089
876.745
888.245
898.189
906.442
913.049
918.168
922.013
924.817
926.803
928.172
929.089
929.686
930.065
930.3
930.441
930.524
930.572
930.599
930.615
930.623
930.628
930.631
930.633
930.634
930.635
930.636
930.637
930.638
930.639
930.639
930.64
930.641
930.642
930.642
930.643
930.644
930.644
930.645
930.645
930.646
930.646
930.647
930.647
930.648
930.648
930.649
930.649
930.649
930.65
930.65
930.651
930.651
930.651
930.651
930.652
930.652
930.652
930.652
930.652
930.653
930.653
930.653
930.653
930.653
930.653
930.653
930.653
930.653
930.62
930.62
930.62
930.62
930.619
930.619
930.619
930.619
930.619
930.619
930.618
930.618
930.618
930.617
930.617
930.617
930.616
930.616
930.615
930.615
930.614
930.614
930.613
930.613
930.612
930.611
930.611
930.61
930.609
930.608
930.608
930.607
930.606
930.605
930.604
930.603
930.602
930.601
930.6
930.599
930.598
930.597
930.596
930.595
930.593
930.592
930.59
930.587
930.583
930.576
930.565
930.546
930.514
930.458
930.365
930.211
929.966
929.582
928.994
928.118
926.843
925.035
922.532
919.152
914.704
908.994
901.86
893.196
883.003
871.448
858.932
846.155
834.152
824.236
817.805
815.997
819.199
827.088
838.52
851.941
865.826
878.942
890.45
899.882
907.046
911.917
914.535
915.045
913.393
909.529
903.367
894.791
883.706
870.099
854.114
836.128
816.849
797.407
779.392
764.752
755.511
753.259
757.969
769.136
785.239
804.2
824.078
843.356
860.988
876.347
889.121
899.224
906.71
911.696
914.296
914.525
912.662
908.465
901.915
893.044
882.022
869.276
855.596
842.18
830.563
822.363
818.883
820.591
827.045
837.221
849.599
862.742
875.524
887.186
897.305
905.727
912.486
917.735
921.685
924.572
926.622
928.036
928.985
929.605
929.999
930.243
930.39
930.477
930.528
930.556
930.572
930.581
930.586
930.589
930.591
930.592
930.594
930.595
930.596
930.596
930.597
930.598
930.599
930.6
930.6
930.601
930.602
930.602
930.603
930.604
930.604
930.605
930.605
930.606
930.606
930.607
930.607
930.608
930.608
930.609
930.609
930.609
930.61
930.61
930.61
930.611
930.611
930.611
930.611
930.612
930.612
930.612
930.612
930.612
930.612
930.613
930.613
930.613
930.613
930.613
930.577
930.577
930.577
930.577
930.577
930.577
930.576
930.576
930.576
930.576
930.576
930.575
930.575
930.575
930.574
930.574
930.573
930.573
930.573
930.572
930.572
930.571
930.57
930.57
930.569
930.569
930.568
930.567
930.566
930.566
930.565
930.564
930.563
930.562
930.561
930.561
930.56
930.559
930.558
930.557
930.556
930.555
930.553
930.552
930.551
930.549
930.548
930.545
930.541
930.534
930.522
930.503
930.468
930.409
930.311
930.15
929.892
929.49
928.877
927.965
926.644
924.776
922.201
918.737
914.192
908.379
901.136
892.364
882.07
870.427
857.842
845.025
833.013
823.122
816.746
815.014
818.289
826.25
837.752
851.241
865.194
878.381
889.966
899.48
906.73
911.693
914.413
915.028
913.504
909.792
903.816
895.469
884.668
871.413
855.856
838.38
819.677
800.83
783.355
769.106
760.028
757.655
762.013
772.614
788.045
806.328
825.6
844.384
861.645
876.74
889.335
899.322
906.736
911.683
914.267
914.499
912.651
908.481
901.964
893.127
882.13
869.385
855.663
842.141
830.342
821.89
818.112
819.548
825.771
835.817
848.171
861.38
874.291
886.118
896.413
905.005
911.918
917.297
921.354
924.324
926.437
927.898
928.88
929.522
929.931
930.185
930.339
930.429
930.482
930.512
930.528
930.538
930.543
930.546
930.548
930.55
930.551
930.552
930.553
930.554
930.555
930.555
930.556
930.557
930.558
930.558
930.559
930.56
930.56
930.561
930.562
930.562
930.563
930.563
930.564
930.564
930.565
930.565
930.566
930.566
930.567
930.567
930.567
930.568
930.568
930.568
930.569
930.569
930.569
930.569
930.57
930.57
930.57
930.57
930.57
930.57
930.57
930.57
930.57
930.57
930.534
930.534
930.534
930.534
930.534
930.534
930.534
930.533
930.533
930.533
930.533
930.532
930.532
930.532
930.531
930.531
930.531
930.53
930.53
930.529
930.529
930.528
930.528
930.527
930.527
930.526
930.525
930.525
930.524
930.523
930.522
930.522
930.521
930.52
930.519
930.519
930.518
930.517
930.516
930.515
930.514
930.513
930.512
930.511
930.51
930.509
930.507
930.504
930.5
930.494
930.482
930.461
930.425
930.364
930.261
930.092
929.822
929.401
928.761
927.814
926.444
924.515
921.865
918.314
913.671
907.753
900.402
891.524
881.131
869.402
856.75
843.889
831.862
821.985
815.647
813.974
817.307
825.33
836.898
850.456
864.485
877.754
889.427
899.033
906.38
911.445
914.275
915
913.611
910.054
904.264
896.144
885.62
872.702
857.556
840.565
822.414
804.148
787.212
773.364
764.461
761.971
765.975
776.001
790.755
808.362
827.039
845.347
862.255
877.101
889.529
899.407
906.754
911.664
914.234
914.468
912.634
908.489
902.004
893.198
882.222
869.474
855.704
842.072
830.09
821.383
817.309
818.477
824.471
834.391
846.726
860.004
873.048
885.041
895.514
904.278
911.345
916.855
921.019
924.074
926.25
927.758
928.773
929.439
929.863
930.127
930.287
930.381
930.436
930.467
930.485
930.494
930.5
930.503
930.505
930.507
930.508
930.509
930.51
930.511
930.512
930.512
930.513
930.514
930.515
930.515
930.516
930.517
930.517
930.518
930.519
930.519
930.52
930.52
930.521
930.521
930.522
930.522
930.523
930.523
930.524
930.524
930.524
930.525
930.525
930.525
930.526
930.526
930.526
930.526
930.527
930.527
930.527
930.527
930.527
930.527
930.527
930.528
930.528
930.528
930.492
930.492
930.492
930.492
930.491
930.491
930.491
930.491
930.491
930.491
930.49
930.49
930.49
930.49
930.489
930.489
930.489
930.488
930.488
930.487
930.487
930.486
930.486
930.485
930.485
930.484
930.484
930.483
930.483
930.482
930.481
930.481
930.48
930.48
930.479
930.478
930.478
930.477
930.476
930.476
930.475
930.474
930.474
930.473
930.472
930.471
930.47
930.468
930.464
930.457
930.445
930.424
930.387
930.324
930.217
930.041
929.76
929.32
928.654
927.669
926.25
924.258
921.53
917.888
913.144
907.118
899.658
890.675
880.186
868.374
855.657
842.751
830.701
820.825
814.51
812.878
816.254
824.328
835.957
849.588
863.699
877.06
888.831
898.54
905.995
911.172
914.121
914.963
913.713
910.315
904.711
896.813
886.557
873.961
859.199
842.661
825.024
807.305
790.884
777.429
768.702
766.099
769.753
779.21
793.299
810.253
828.364
846.227
862.807
877.425
889.698
899.476
906.762
911.638
914.195
914.433
912.613
908.492
902.036
893.26
882.302
869.546
855.726
841.982
829.811
820.848
816.478
817.38
823.149
832.947
845.266
858.617
871.795
883.958
894.61
903.546
910.767
916.41
920.682
923.821
926.062
927.617
928.666
929.355
929.795
930.069
930.235
930.334
930.391
930.423
930.442
930.452
930.457
930.461
930.463
930.464
930.466
930.467
930.468
930.468
930.469
930.47
930.471
930.471
930.472
930.473
930.474
930.474
930.475
930.476
930.476
930.477
930.477
930.478
930.478
930.479
930.479
930.48
930.48
930.481
930.481
930.481
930.482
930.482
930.482
930.483
930.483
930.483
930.483
930.484
930.484
930.484
930.484
930.484
930.485
930.485
930.485
930.485
930.485
930.485
930.451
930.451
930.451
930.451
930.451
930.45
930.45
930.45
930.45
930.45
930.45
930.45
930.449
930.449
930.449
930.449
930.448
930.448
930.448
930.447
930.447
930.447
930.446
930.446
930.446
930.445
930.445
930.444
930.444
930.444
930.443
930.443
930.443
930.442
930.442
930.442
930.441
930.441
930.441
930.441
930.44
930.44
930.44
930.44
930.44
930.44
930.439
930.437
930.434
930.429
930.417
930.396
930.359
930.294
930.184
930.002
929.71
929.255
928.562
927.54
926.07
924.011
921.203
917.466
912.617
906.479
898.908
889.82
879.235
867.343
854.561
841.608
829.531
819.645
813.337
811.73
815.132
823.245
834.93
848.635
862.835
876.297
888.178
898.003
905.577
910.876
913.952
914.918
913.812
910.575
905.157
897.477
887.477
875.185
860.778
844.652
827.479
810.254
794.302
781.214
772.65
769.935
773.249
782.16
795.617
811.959
829.548
847.005
863.291
877.705
889.84
899.528
906.759
911.606
914.152
914.396
912.589
908.491
902.065
893.315
882.373
869.606
855.731
841.87
829.508
820.288
815.621
816.26
821.806
831.485
843.791
857.218
870.534
882.868
893.701
902.81
910.187
915.962
920.342
923.567
925.873
927.476
928.559
929.272
929.728
930.012
930.185
930.288
930.347
930.381
930.4
930.411
930.417
930.42
930.422
930.424
930.425
930.426
930.427
930.427
930.428
930.429
930.43
930.43
930.431
930.432
930.432
930.433
930.434
930.434
930.435
930.435
930.436
930.436
930.437
930.437
930.438
930.438
930.439
930.439
930.439
930.44
930.44
930.44
930.441
930.441
930.441
930.442
930.442
930.442
930.442
930.442
930.442
930.443
930.443
930.443
930.443
930.443
930.443
930.443
930.413
930.413
930.413
930.413
930.413
930.413
930.413
930.413
930.412
930.412
930.412
930.412
930.412
930.412
930.412
930.412
930.411
930.411
930.411
930.411
930.411
930.411
930.411
930.411
930.411
930.41
930.41
930.41
930.41
930.41
930.41
930.411
930.411
930.411
930.411
930.411
930.412
930.412
930.413
930.413
930.414
930.415
930.416
930.417
930.418
930.419
930.419
930.419
930.418
930.413
930.404
930.384
930.348
930.282
930.17
929.983
929.682
929.211
928.497
927.438
925.915
923.789
920.895
917.059
912.098
905.844
898.156
888.959
878.28
866.307
853.463
840.463
828.353
818.446
812.129
810.53
813.941
822.081
833.817
847.598
861.894
875.467
887.47
897.423
905.127
910.559
913.771
914.869
913.911
910.836
905.603
898.135
888.381
876.372
862.289
846.529
829.763
812.966
797.421
784.651
776.222
773.392
776.382
784.782
797.658
813.446
830.57
847.671
863.701
877.936
889.952
899.562
906.746
911.568
914.106
914.357
912.565
908.491
902.092
893.369
882.44
869.66
855.726
841.743
829.188
819.707
814.744
815.12
820.444
830.007
842.303
855.809
869.266
881.772
892.787
902.071
909.605
915.513
920.003
923.314
925.685
927.337
928.455
929.191
929.664
929.959
930.139
930.245
930.307
930.342
930.362
930.373
930.379
930.382
930.384
930.386
930.387
930.388
930.389
930.389
930.39
930.391
930.391
930.392
930.392
930.393
930.394
930.394
930.395
930.395
930.396
930.396
930.397
930.397
930.398
930.398
930.399
930.399
930.399
930.4
930.4
930.4
930.401
930.401
930.401
930.402
930.402
930.402
930.402
930.402
930.403
930.403
930.403
930.403
930.403
930.403
930.403
930.403
930.403
930.403
930.38
930.38
930.38
930.38
930.38
930.38
930.38
930.38
930.38
930.38
930.381
930.381
930.381
930.381
930.381
930.381
930.381
930.381
930.381
930.382
930.382
930.382
930.383
930.383
930.383
930.384
930.384
930.385
930.386
930.386
930.387
930.388
930.389
930.39
930.392
930.393
930.395
930.396
930.398
930.4
930.402
930.405
930.407
930.41
930.413
930.416
930.419
930.421
930.422
930.421
930.414
930.397
930.363
930.3
930.188
929.999
929.691
929.206
928.467
927.374
925.803
923.605
920.622
916.679
911.599
905.219
897.409
888.098
877.321
865.269
852.363
839.315
827.167
817.229
810.889
809.279
812.684
820.837
832.617
846.475
860.873
874.569
886.707
896.802
904.65
910.225
913.583
914.82
914.015
911.104
906.053
898.792
889.271
877.524
863.732
848.293
831.871
815.429
800.215
787.7
779.365
776.41
779.097
787.033
799.39
814.694
831.419
848.217
864.031
878.117
890.033
899.579
906.724
911.526
914.06
914.321
912.544
908.494
902.124
893.426
882.508
869.712
855.715
841.607
828.854
819.111
813.848
813.963
819.064
828.513
840.803
854.391
867.99
880.672
891.871
901.331
909.022
915.065
919.665
923.063
925.501
927.201
928.355
929.117
929.606
929.912
930.098
930.209
930.273
930.31
930.33
930.341
930.347
930.351
930.353
930.354
930.355
930.356
930.356
930.357
930.357
930.358
930.358
930.359
930.359
930.36
930.36
930.361
930.361
930.361
930.362
930.362
930.363
930.363
930.363
930.364
930.364
930.364
930.365
930.365
930.365
930.366
930.366
930.366
930.366
930.367
930.367
930.367
930.367
930.367
930.368
930.368
930.368
930.368
930.368
930.368
930.368
930.368
930.368
930.368
930.357
930.358
930.358
930.358
930.358
930.358
930.358
930.358
930.359
930.359
930.359
930.359
930.36
930.36
930.361
930.361
930.362
930.363
930.363
930.364
930.365
930.366
930.367
930.368
930.37
930.371
930.373
930.374
930.376
930.378
930.38
930.383
930.385
930.388
930.391
930.394
930.398
930.401
930.406
930.41
930.415
930.42
930.425
930.431
930.437
930.444
930.45
930.457
930.462
930.465
930.463
930.451
930.422
930.363
930.254
930.065
929.753
929.257
928.496
927.366
925.743
923.476
920.397
916.339
911.131
904.615
896.671
887.24
876.361
864.228
851.261
838.165
825.974
815.996
809.617
807.98
811.359
819.512
831.33
845.266
859.774
873.604
885.892
896.144
904.15
909.883
913.396
914.78
914.132
911.386
906.515
899.453
890.152
878.647
865.115
849.949
833.809
817.644
802.682
790.346
782.056
778.963
781.367
788.89
800.8
815.695
832.089
848.641
864.281
878.248
890.085
899.58
906.696
911.485
914.018
914.293
912.532
908.507
902.165
893.491
882.584
869.769
855.707
841.469
828.514
818.504
812.941
812.786
817.669
827.005
839.29
852.964
866.709
879.568
890.954
900.592
908.442
914.621
919.332
922.818
925.324
927.075
928.265
929.053
929.559
929.875
930.069
930.184
930.251
930.288
930.309
930.32
930.327
930.33
930.331
930.332
930.333
930.333
930.334
930.334
930.334
930.334
930.335
930.335
930.335
930.335
930.336
930.336
930.336
930.336
930.337
930.337
930.337
930.337
930.338
930.338
930.338
930.338
930.339
930.339
930.339
930.339
930.339
930.339
930.34
930.34
930.34
930.34
930.34
930.34
930.34
930.34
930.341
930.341
930.341
930.341
930.341
930.341
930.341
930.341
930.351
930.351
930.351
930.352
930.352
930.352
930.353
930.353
930.354
930.354
930.355
930.356
930.357
930.358
930.359
930.36
930.362
930.363
930.365
930.367
930.369
930.371
930.373
930.376
930.379
930.382
930.385
930.388
930.392
930.396
930.4
930.405
930.41
930.415
930.421
930.427
930.434
930.441
930.449
930.457
930.466
930.476
930.486
930.496
930.508
930.52
930.532
930.544
930.556
930.566
930.572
930.567
930.546
930.495
930.392
930.206
929.892
929.387
928.605
927.439
925.759
923.413
920.236
916.054
910.704
904.04
895.951
886.389
875.401
863.186
850.156
837.012
824.777
814.749
808.316
806.632
809.969
818.107
829.956
843.969
858.597
872.575
885.03
895.456
903.638
909.542
913.222
914.761
914.274
911.694
906.998
900.127
891.034
879.748
866.445
851.508
835.59
819.63
804.838
792.603
784.303
781.053
783.195
790.356
801.891
816.453
832.584
848.946
864.454
878.332
890.111
899.571
906.668
911.451
913.988
914.28
912.537
908.538
902.224
893.574
882.675
869.839
855.707
841.336
828.174
817.892
812.028
811.59
816.262
825.484
837.767
851.528
865.423
878.463
890.038
899.856
907.868
914.184
919.009
922.586
925.161
926.965
928.194
929.006
929.53
929.858
930.059
930.178
930.247
930.286
930.307
930.318
930.324
930.327
930.328
930.328
930.328
930.328
930.328
930.328
930.328
930.328
930.327
930.327
930.327
930.327
930.327
930.327
930.327
930.327
930.327
930.327
930.327
930.327
930.327
930.327
930.327
930.327
930.327
930.327
930.327
930.327
930.327
930.327
930.327
930.327
930.327
930.327
930.327
930.327
930.327
930.327
930.327
930.327
930.327
930.327
930.327
930.327
930.327
930.327
930.372
930.372
930.372
930.373
930.373
930.374
930.375
930.376
930.377
930.378
930.38
930.381
930.383
930.385
930.388
930.39
930.393
930.396
930.399
930.402
930.406
930.41
930.414
930.419
930.424
930.429
930.435
930.441
930.448
930.455
930.463
930.471
930.48
930.49
930.5
930.511
930.523
930.535
930.549
930.563
930.578
930.594
930.611
930.629
930.648
930.668
930.69
930.711
930.733
930.753
930.769
930.776
930.766
930.725
930.631
930.451
930.138
929.623
928.819
927.613
925.871
923.438
920.15
915.831
910.326
903.498
895.25
885.546
874.442
862.141
849.05
835.858
823.575
813.49
806.988
805.238
808.513
816.62
828.492
842.584
857.342
871.485
884.126
894.749
903.126
909.219
913.081
914.784
914.461
912.044
907.52
900.83
891.929
880.842
867.736
852.987
837.235
821.411
806.711
794.5
786.133
782.706
784.603
791.45
802.677
816.978
832.913
849.139
864.556
878.377
890.12
899.56
906.649
911.434
913.982
914.295
912.571
908.597
902.311
893.684
882.792
869.93
855.726
841.215
827.84
817.281
811.11
810.381
814.843
823.951
836.234
850.086
864.134
877.359
889.126
899.128
907.305
913.763
918.705
922.375
925.024
926.883
928.149
928.989
929.531
929.872
930.08
930.204
930.275
930.315
930.336
930.347
930.352
930.354
930.354
930.353
930.353
930.352
930.351
930.35
930.349
930.348
930.347
930.346
930.346
930.345
930.344
930.344
930.343
930.343
930.342
930.342
930.341
930.341
930.34
930.34
930.34
930.339
930.339
930.339
930.339
930.338
930.338
930.338
930.338
930.337
930.337
930.337
930.337
930.337
930.337
930.337
930.337
930.336
930.336
930.336
930.336
930.336
930.336
930.336
930.435
930.436
930.436
930.437
930.438
930.439
930.441
930.442
930.445
930.447
930.449
930.452
930.456
930.459
930.463
930.467
930.472
930.477
930.483
930.488
930.495
930.502
930.509
930.517
930.526
930.535
930.545
930.555
930.567
930.579
930.592
930.606
930.62
930.636
930.653
930.671
930.69
930.711
930.732
930.755
930.78
930.805
930.833
930.862
930.892
930.925
930.958
930.993
931.028
931.063
931.094
931.116
931.119
931.092
931.009
930.836
930.521
929.995
929.163
927.91
926.095
923.561
920.142
915.671
909.994
902.986
894.565
884.707
873.482
861.092
847.941
834.703
822.371
812.22
805.635
803.799
806.992
815.05
826.937
841.11
856.01
870.338
883.19
894.034
902.632
908.935
912.994
914.872
914.718
912.463
908.102
901.581
892.854
881.942
869.005
854.404
838.769
823.018
808.337
796.08
787.593
783.965
785.629
792.204
803.184
817.29
833.09
849.231
864.598
878.39
890.121
899.559
906.654
911.451
914.017
914.354
912.65
908.703
902.442
893.834
882.945
870.055
855.772
841.116
827.521
816.678
810.192
809.163
813.413
822.408
834.692
848.639
862.844
876.259
888.224
898.414
906.761
913.366
918.43
922.199
924.927
926.84
928.149
929.019
929.582
929.936
930.152
930.28
930.353
930.393
930.414
930.423
930.427
930.428
930.427
930.425
930.423
930.42
930.418
930.416
930.414
930.412
930.41
930.408
930.407
930.405
930.403
930.402
930.401
930.399
930.398
930.397
930.396
930.395
930.394
930.393
930.392
930.391
930.39
930.389
930.389
930.388
930.387
930.387
930.386
930.386
930.385
930.385
930.385
930.384
930.384
930.384
930.383
930.383
930.383
930.383
930.383
930.383
930.382
930.382
930.564
930.565
930.566
930.567
930.569
930.571
930.573
930.576
930.579
930.583
930.588
930.592
930.598
930.604
930.61
930.617
930.625
930.633
930.642
930.651
930.662
930.673
930.685
930.698
930.712
930.726
930.742
930.759
930.777
930.796
930.817
930.839
930.862
930.887
930.913
930.942
930.971
931.003
931.037
931.072
931.11
931.149
931.191
931.236
931.282
931.331
931.382
931.434
931.488
931.541
931.591
931.631
931.652
931.638
931.566
931.397
931.077
930.53
929.66
928.343
926.438
923.783
920.212
915.565
909.695
902.49
893.882
883.863
872.512
860.034
846.826
833.546
821.165
810.943
804.259
802.315
805.406
813.395
825.288
839.546
854.601
869.138
882.232
893.33
902.179
908.718
912.99
915.061
915.076
912.98
908.773
902.405
893.832
883.071
870.271
855.781
840.216
824.482
809.756
797.39
788.732
784.88
786.319
792.656
803.44
817.41
833.132
849.237
864.592
878.387
890.129
899.585
906.703
911.524
914.115
914.482
912.8
908.876
902.637
894.043
883.15
870.226
855.858
841.052
827.226
816.088
809.277
807.941
811.975
820.854
833.142
847.188
861.556
875.167
887.336
897.723
906.248
913.007
918.202
922.079
924.884
926.863
928.219
929.122
929.707
930.075
930.299
930.431
930.506
930.546
930.566
930.574
930.575
930.574
930.571
930.567
930.562
930.558
930.554
930.55
930.546
930.543
930.539
930.536
930.533
930.53
930.527
930.524
930.522
930.519
930.517
930.515
930.512
930.51
930.508
930.507
930.505
930.503
930.502
930.5
930.499
930.497
930.496
930.495
930.494
930.493
930.492
930.491
930.49
930.49
930.489
930.488
930.488
930.488
930.487
930.487
930.487
930.486
930.486
930.486
930.789
930.79
930.791
930.793
930.796
930.799
930.803
930.808
930.813
930.819
930.826
930.833
930.841
930.851
930.861
930.872
930.883
930.896
930.91
930.925
930.941
930.958
930.977
930.997
931.018
931.04
931.065
931.09
931.118
931.147
931.178
931.211
931.247
931.284
931.324
931.366
931.41
931.458
931.507
931.56
931.616
931.674
931.735
931.8
931.868
931.938
932.012
932.087
932.164
932.241
932.313
932.374
932.413
932.412
932.347
932.174
931.836
931.253
930.323
928.919
926.895
924.089
920.338
915.484
909.398
901.98
893.176
882.992
871.517
858.959
845.703
832.388
819.962
809.662
802.864
800.789
803.755
811.653
823.542
837.89
853.118
867.894
881.265
892.657
901.793
908.601
913.111
915.393
915.577
913.636
909.57
903.336
894.892
884.253
871.558
857.142
841.604
825.835
811.007
798.477
789.603
785.503
786.721
792.841
803.467
817.363
833.066
849.177
864.555
878.384
890.165
899.663
906.822
911.683
914.31
914.711
913.051
909.147
902.923
894.333
883.428
870.458
855.995
841.024
826.961
815.518
808.371
806.718
810.531
819.293
831.586
845.736
860.274
874.089
886.471
897.064
905.778
912.704
918.042
922.031
924.931
926.981
928.39
929.331
929.941
930.325
930.558
930.694
930.77
930.809
930.826
930.831
930.83
930.826
930.819
930.812
930.805
930.798
930.791
930.784
930.778
930.772
930.766
930.761
930.756
930.751
930.746
930.741
930.737
930.733
930.729
930.725
930.721
930.718
930.714
930.711
930.708
930.705
930.703
930.7
930.698
930.696
930.693
930.691
930.69
930.688
930.686
930.685
930.683
930.682
930.681
930.68
930.679
930.678
930.678
930.677
930.677
930.676
930.676
930.676
931.149
931.15
931.152
931.155
931.159
931.164
931.17
931.177
931.185
931.194
931.204
931.215
931.228
931.241
931.256
931.273
931.29
931.309
931.33
931.352
931.376
931.401
931.429
931.458
931.489
931.523
931.558
931.596
931.636
931.679
931.724
931.772
931.823
931.877
931.935
931.995
932.059
932.126
932.198
932.272
932.351
932.434
932.52
932.611
932.705
932.803
932.904
933.008
933.113
933.216
933.313
933.395
933.45
933.457
933.388
933.198
932.822
932.177
931.155
929.628
927.445
924.448
920.476
915.386
909.059
901.412
892.406
882.063
870.476
857.852
844.565
831.229
818.763
808.382
801.453
799.222
802.038
809.82
821.694
836.137
851.56
866.61
880.303
892.036
901.507
908.62
913.399
915.909
916.269
914.477
910.536
904.413
896.069
885.518
872.891
858.511
842.957
827.107
812.129
799.385
790.255
785.884
786.881
792.795
803.343
817.214
832.922
849.069
864.505
878.403
890.256
899.823
907.048
911.967
914.642
915.084
913.445
909.554
903.332
894.733
883.8
870.771
856.199
841.051
826.736
814.975
807.479
805.499
809.084
817.725
830.025
844.285
859.001
873.03
885.639
896.452
905.37
912.48
917.972
922.093
925.1
927.232
928.703
929.687
930.326
930.728
930.971
931.111
931.187
931.225
931.239
931.24
931.235
931.225
931.215
931.203
931.192
931.181
931.171
931.16
931.15
931.141
931.132
931.124
931.115
931.107
931.1
931.093
931.086
931.079
931.073
931.067
931.061
931.056
931.051
931.046
931.041
931.036
931.032
931.028
931.024
931.021
931.017
931.014
931.011
931.009
931.006
931.004
931.001
931
930.998
930.996
930.995
930.993
930.992
930.992
930.991
930.99
930.99
930.99
931.692
931.693
931.696
931.7
931.706
931.713
931.721
931.731
931.743
931.756
931.77
931.787
931.805
931.824
931.846
931.869
931.895
931.922
931.951
931.983
932.017
932.053
932.092
932.134
932.178
932.225
932.275
932.328
932.385
932.445
932.508
932.576
932.647
932.722
932.801
932.885
932.973
933.066
933.163
933.265
933.373
933.485
933.602
933.724
933.85
933.981
934.115
934.251
934.386
934.518
934.639
934.739
934.803
934.806
934.718
934.486
934.042
933.297
932.141
930.44
928.047
924.807
920.564
915.204
908.612
900.724
891.521
881.034
869.359
856.697
843.404
830.068
817.575
807.11
800.034
797.618
800.256
807.893
819.738
834.283
849.927
865.291
879.359
891.491
901.352
908.817
913.899
916.659
917.201
915.551
911.718
905.677
897.399
886.898
874.3
859.913
844.301
828.328
813.155
800.156
790.734
786.072
786.835
792.619
803.09
816.944
832.695
848.925
864.464
878.47
890.431
900.102
907.421
912.422
915.161
915.649
914.028
910.141
903.906
895.278
884.295
871.186
856.487
841.146
826.561
814.467
806.608
804.287
807.637
816.153
828.462
842.838
857.742
871.999
884.85
895.902
905.046
912.36
918.03
922.303
925.434
927.663
929.206
930.241
930.915
931.337
931.591
931.736
931.812
931.846
931.856
931.852
931.84
931.825
931.808
931.791
931.775
931.758
931.743
931.728
931.713
931.699
931.686
931.673
931.661
931.65
931.638
931.628
931.618
931.608
931.598
931.589
931.581
931.573
931.565
931.558
931.55
931.544
931.537
931.531
931.526
931.52
931.515
931.511
931.506
931.502
931.498
931.495
931.491
931.488
931.486
931.483
931.481
931.479
931.478
931.476
931.475
931.475
931.474
931.474
932.47
932.472
932.476
932.482
932.489
932.499
932.511
932.525
932.541
932.559
932.579
932.602
932.627
932.654
932.684
932.716
932.751
932.788
932.829
932.872
932.919
932.969
933.022
933.079
933.139
933.203
933.271
933.343
933.42
933.501
933.586
933.677
933.772
933.873
933.979
934.09
934.207
934.33
934.458
934.593
934.733
934.88
935.032
935.19
935.353
935.52
935.689
935.859
936.026
936.184
936.325
936.435
936.495
936.475
936.341
936.034
935.481
934.588
933.241
931.307
928.641
925.097
920.541
914.865
907.983
899.85
890.462
879.858
868.134
855.476
842.216
828.91
816.404
805.854
798.613
795.979
798.41
805.868
817.667
832.319
848.213
863.94
878.444
891.04
901.351
909.226
914.651
917.683
918.419
916.904
913.16
907.173
898.921
888.426
875.812
861.374
845.662
829.523
814.115
800.822
791.077
786.104
786.671
792.296
802.697
816.572
832.413
848.772
864.458
878.615
890.726
900.541
907.989
913.099
915.919
916.461
914.855
910.958
904.689
896.006
884.946
871.73
856.879
841.325
826.456
814.005
805.763
803.087
806.192
814.578
826.899
841.398
856.503
871.004
884.117
895.433
904.829
912.373
918.251
922.702
925.979
928.323
929.951
931.048
931.761
932.208
932.475
932.624
932.7
932.729
932.734
932.723
932.704
932.681
932.657
932.633
932.609
932.586
932.564
932.543
932.522
932.503
932.484
932.466
932.449
932.432
932.417
932.401
932.387
932.373
932.36
932.347
932.335
932.323
932.312
932.302
932.292
932.282
932.273
932.264
932.256
932.249
932.241
932.235
932.228
932.222
932.217
932.212
932.207
932.203
932.199
932.196
932.193
932.19
932.188
932.186
932.184
932.183
932.182
932.182
933.539
933.541
933.547
933.554
933.565
933.578
933.594
933.612
933.634
933.658
933.685
933.715
933.748
933.784
933.824
933.867
933.913
933.963
934.017
934.075
934.136
934.202
934.272
934.347
934.426
934.51
934.599
934.693
934.793
934.898
935.009
935.126
935.249
935.379
935.515
935.657
935.807
935.963
936.127
936.297
936.474
936.659
936.849
937.045
937.247
937.451
937.657
937.859
938.054
938.232
938.382
938.487
938.521
938.454
938.238
937.813
937.098
935.997
934.393
932.157
929.15
925.23
920.319
914.294
907.103
898.727
889.178
878.499
866.776
854.176
841
827.76
815.263
804.63
797.202
794.312
796.502
803.74
815.471
830.235
846.411
862.554
877.562
890.695
901.529
909.87
915.682
919.012
919.953
918.57
914.899
908.935
900.671
890.136
877.455
862.919
847.06
830.715
815.033
801.412
791.318
786.011
786.378
791.835
802.193
816.129
832.101
848.634
864.513
878.87
891.18
901.184
908.802
914.05
916.971
917.574
915.978
912.055
905.727
896.957
885.785
872.428
857.394
841.6
826.421
813.595
804.951
801.904
804.754
813.005
825.337
839.969
855.287
870.052
883.453
895.062
904.743
912.555
918.675
923.334
926.782
929.262
930.992
932.161
932.922
933.398
933.679
933.834
933.908
933.933
933.93
933.91
933.882
933.85
933.817
933.784
933.752
933.721
933.691
933.663
933.635
933.609
933.584
933.559
933.536
933.514
933.492
933.472
933.452
933.433
933.415
933.398
933.381
933.365
933.35
933.336
933.322
933.309
933.297
933.285
933.274
933.263
933.253
933.244
933.236
933.227
933.22
933.213
933.207
933.201
933.196
933.191
933.187
933.183
933.18
933.177
933.175
933.174
933.172
933.172
934.949
934.952
934.959
934.969
934.982
934.999
935.02
935.044
935.071
935.102
935.137
935.176
935.218
935.265
935.316
935.371
935.43
935.494
935.563
935.636
935.715
935.798
935.887
935.982
936.082
936.188
936.3
936.419
936.544
936.676
936.815
936.96
937.114
937.274
937.442
937.618
937.802
937.994
938.194
938.401
938.617
938.839
939.068
939.303
939.542
939.782
940.019
940.249
940.463
940.649
940.792
940.87
940.851
940.698
940.358
939.761
938.825
937.449
935.517
932.906
929.486
925.164
919.83
913.427
905.923
897.323
887.651
876.949
865.289
852.809
839.77
826.64
814.174
803.456
795.818
792.626
794.537
801.505
813.141
828.019
844.508
861.124
876.708
890.458
901.887
910.755
916.999
920.656
921.817
920.564
916.953
910.986
902.671
892.05
879.253
864.568
848.517
831.923
815.93
801.948
791.479
785.842
785.967
791.265
801.607
815.637
831.782
848.532
864.654
879.266
891.829
902.072
909.902
915.321
918.362
919.032
917.442
913.477
907.063
898.171
886.846
873.307
858.053
841.986
826.466
813.245
804.178
800.742
803.326
811.434
823.78
838.552
854.101
869.153
882.87
894.808
904.814
912.935
919.334
924.235
927.885
930.523
932.372
933.625
934.443
934.952
935.252
935.413
935.486
935.506
935.494
935.465
935.427
935.384
935.341
935.298
935.256
935.216
935.177
935.14
935.104
935.07
935.037
935.006
934.975
934.946
934.918
934.891
934.866
934.841
934.817
934.795
934.773
934.752
934.733
934.714
934.696
934.679
934.662
934.647
934.633
934.619
934.606
934.594
934.582
934.572
934.562
934.553
934.544
934.537
934.53
934.523
934.518
934.513
934.509
934.505
934.503
934.501
934.499
934.499
936.738
936.742
936.75
936.763
936.78
936.801
936.826
936.856
936.89
936.929
936.972
937.02
937.073
937.13
937.193
937.261
937.334
937.413
937.498
937.588
937.684
937.787
937.895
938.011
938.133
938.262
938.398
938.542
938.693
938.852
939.019
939.194
939.378
939.57
939.77
939.979
940.197
940.424
940.659
940.902
941.154
941.413
941.678
941.947
942.218
942.487
942.749
942.994
943.213
943.39
943.503
943.523
943.417
943.135
942.618
941.791
940.568
938.847
936.517
933.463
929.576
924.795
919.027
912.247
904.457
895.677
885.939
875.276
863.738
851.431
838.575
825.589
813.173
802.365
794.485
790.935
792.525
799.163
810.666
825.655
842.487
859.633
875.866
890.31
902.408
911.865
918.585
922.598
923.995
922.876
919.317
913.328
904.933
894.184
881.223
866.339
850.048
833.163
816.823
802.449
791.577
785.582
785.459
790.613
800.959
815.116
831.473
848.493
864.908
879.83
892.703
903.238
911.321
916.941
920.121
920.865
919.276
915.254
908.727
899.676
888.157
874.391
858.875
842.497
826.607
812.963
803.451
799.607
801.911
809.868
822.228
837.15
852.947
868.311
882.38
894.687
905.061
913.533
920.253
925.433
929.313
932.134
934.12
935.47
936.353
936.902
937.223
937.393
937.465
937.48
937.46
937.42
937.371
937.318
937.263
937.21
937.158
937.107
937.059
937.013
936.968
936.925
936.884
936.844
936.806
936.77
936.735
936.701
936.669
936.638
936.608
936.58
936.553
936.527
936.502
936.478
936.455
936.434
936.413
936.394
936.376
936.358
936.342
936.326
936.312
936.299
936.286
936.275
936.264
936.254
936.245
936.238
936.231
936.225
936.219
936.215
936.211
936.209
936.207
936.206
938.924
938.929
938.939
938.954
938.974
938.999
939.03
939.065
939.106
939.152
939.204
939.261
939.324
939.393
939.468
939.549
939.636
939.73
939.83
939.937
940.05
940.171
940.3
940.435
940.579
940.73
940.89
941.058
941.234
941.419
941.613
941.815
942.027
942.248
942.478
942.718
942.966
943.224
943.491
943.766
944.048
944.337
944.631
944.928
945.222
945.51
945.782
946.029
946.233
946.376
946.429
946.358
946.121
945.661
944.912
943.795
942.22
940.089
937.297
933.74
929.38
924.113
917.923
910.816
902.818
893.957
884.246
873.692
862.319
850.202
837.537
824.694
812.319
801.401
793.236
789.261
790.48
796.717
808.038
823.124
840.324
858.054
875.008
890.222
903.056
913.157
920.396
924.793
926.444
925.466
921.961
915.94
907.443
896.535
883.368
868.239
851.663
834.446
817.723
802.927
791.628
785.256
784.871
789.902
800.269
814.582
831.191
848.523
865.292
880.583
893.823
904.697
913.072
918.918
922.252
923.074
921.484
917.392
910.731
901.49
889.736
875.698
859.875
843.147
826.854
812.755
802.776
798.502
800.514
808.31
820.684
835.764
851.827
867.531
881.987
894.706
905.493
914.362
921.442
926.936
931.075
934.1
936.24
937.701
938.657
939.252
939.598
939.779
939.853
939.864
939.836
939.786
939.726
939.661
939.596
939.532
939.469
939.409
939.351
939.295
939.241
939.19
939.14
939.093
939.047
939.003
938.961
938.92
938.881
938.844
938.808
938.773
938.74
938.709
938.679
938.65
938.623
938.596
938.572
938.548
938.526
938.505
938.485
938.466
938.449
938.432
938.417
938.403
938.39
938.378
938.368
938.358
938.35
938.342
938.336
938.331
938.326
938.323
938.321
938.32
941.497
941.503
941.515
941.532
941.555
941.584
941.62
941.661
941.708
941.761
941.821
941.887
941.959
942.038
942.124
942.217
942.317
942.424
942.538
942.66
942.79
942.928
943.074
943.228
943.39
943.561
943.741
943.93
944.128
944.335
944.552
944.778
945.014
945.259
945.514
945.778
946.051
946.334
946.625
946.924
947.23
947.541
947.854
948.166
948.472
948.763
949.029
949.255
949.421
949.501
949.46
949.26
948.846
948.157
947.121
945.655
943.671
941.074
937.773
933.722
928.85
923.139
916.609
909.305
901.276
892.536
883.025
872.662
861.449
849.479
836.928
824.143
811.724
800.638
792.124
787.634
788.429
794.177
805.253
820.413
837.995
856.354
874.093
890.144
903.776
914.57
922.363
927.169
929.094
928.269
924.825
918.775
910.167
899.081
885.679
870.267
853.366
835.779
818.641
803.396
791.648
784.886
784.225
789.147
799.552
814.048
830.947
848.641
865.817
881.534
895.19
906.445
915.139
921.23
924.727
925.633
924.039
919.871
913.061
903.608
891.586
877.235
861.062
843.943
827.213
812.64
802.159
797.433
799.138
806.761
819.147
834.394
850.741
866.813
881.692
894.862
906.108
915.413
922.891
928.728
933.151
936.4
938.708
940.289
941.327
941.974
942.35
942.545
942.624
942.633
942.598
942.54
942.47
942.396
942.32
942.246
942.174
942.104
942.037
941.973
941.911
941.851
941.794
941.739
941.685
941.634
941.585
941.538
941.493
941.449
941.407
941.367
941.329
941.292
941.257
941.224
941.192
941.161
941.132
941.105
941.079
941.054
941.031
941.009
940.989
940.969
940.952
940.935
940.92
940.906
940.894
940.883
940.873
940.864
940.857
940.85
940.845
940.842
940.839
940.838
944.418
944.424
944.437
944.457
944.482
944.515
944.554
944.6
944.652
944.711
944.778
944.851
944.931
945.019
945.114
945.217
945.327
945.445
945.572
945.706
945.849
946
946.16
946.328
946.506
946.692
946.888
947.093
947.308
947.532
947.765
948.008
948.261
948.524
948.796
949.077
949.367
949.665
949.972
950.285
950.603
950.924
951.244
951.559
951.86
952.137
952.376
952.558
952.658
952.642
952.473
952.1
951.464
950.497
949.123
947.258
944.818
941.718
937.902
933.351
928.025
921.97
915.266
908.015
900.281
891.918
882.821
872.832
861.842
849.916
837.288
824.361
811.741
800.259
791.233
786.105
786.411
791.562
802.312
817.507
835.474
854.498
873.074
890.018
904.499
916.025
924.401
929.638
931.855
931.196
927.831
921.762
913.05
901.781
888.128
872.409
855.151
837.162
819.581
803.863
791.649
784.485
783.538
788.359
798.818
813.524
830.751
848.853
866.486
882.677
896.79
908.452
917.483
923.826
927.49
928.48
926.885
922.641
915.68
906.002
893.691
878.998
862.436
844.889
827.689
812.607
801.605
796.405
797.787
805.223
817.618
833.037
849.685
866.151
881.486
895.147
906.887
916.663
924.567
930.771
935.495
938.981
941.468
943.177
944.304
945.009
945.42
945.633
945.719
945.729
945.691
945.627
945.55
945.468
945.384
945.302
945.222
945.144
945.07
944.998
944.929
944.862
944.798
944.737
944.677
944.62
944.565
944.513
944.462
944.413
944.366
944.321
944.278
944.237
944.198
944.16
944.124
944.09
944.057
944.026
943.997
943.969
943.943
943.918
943.895
943.874
943.854
943.835
943.818
943.803
943.789
943.776
943.765
943.755
943.747
943.74
943.734
943.73
943.727
943.726
947.615
947.621
947.635
947.656
947.684
947.719
947.761
947.81
947.866
947.93
948.001
948.079
948.166
948.259
948.361
948.471
948.588
948.714
948.848
948.991
949.142
949.303
949.471
949.649
949.836
950.033
950.238
950.453
950.677
950.911
951.154
951.407
951.669
951.94
952.22
952.508
952.805
953.109
953.42
953.736
954.055
954.373
954.686
954.986
955.265
955.509
955.699
955.811
955.815
955.673
955.338
954.752
953.851
952.563
950.808
948.507
945.581
941.968
937.683
932.667
926.989
920.766
914.158
907.323
900.188
892.742
884.618
875.323
864.57
852.396
839.236
825.697
812.482
800.464
790.712
784.769
784.456
788.916
799.233
814.404
832.742
852.45
871.901
889.782
905.149
917.437
926.417
932.103
934.628
934.151
930.885
924.819
916.02
904.579
890.676
874.637
857.003
838.59
820.542
804.333
791.639
784.062
782.823
787.548
798.076
813.017
830.605
849.156
867.289
883.99
898.584
910.666
920.035
926.628
930.455
931.53
929.939
925.627
918.522
908.624
896.017
880.964
863.988
845.982
828.279
812.657
801.114
795.419
796.463
803.698
816.095
831.692
848.652
865.534
881.354
895.535
907.797
918.068
926.416
932.999
938.034
941.764
944.435
946.279
947.499
948.267
948.717
948.954
949.051
949.066
949.028
948.962
948.88
948.793
948.704
948.616
948.531
948.448
948.368
948.291
948.217
948.145
948.076
948.01
947.946
947.885
947.826
947.769
947.714
947.661
947.611
947.562
947.515
947.471
947.428
947.387
947.349
947.311
947.276
947.243
947.211
947.181
947.152
947.126
947.101
947.078
947.056
947.036
947.017
947
946.985
946.971
946.959
946.949
946.939
946.932
946.926
946.921
946.918
946.917
950.992
950.999
951.013
951.035
951.064
951.1
951.143
951.194
951.253
951.319
951.392
951.473
951.562
951.659
951.764
951.877
951.998
952.128
952.266
952.412
952.567
952.731
952.903
953.084
953.275
953.474
953.682
953.9
954.126
954.362
954.606
954.859
955.121
955.392
955.67
955.956
956.249
956.548
956.852
957.159
957.466
957.768
958.059
958.33
958.569
958.759
958.876
958.893
958.774
958.472
957.935
957.101
955.898
954.253
952.088
949.327
945.909
941.858
937.106
931.731
925.869
919.726
913.568
907.502
901.69
895.862
889.374
881.235
870.881
858.219
843.941
829.074
814.615
801.515
790.843
783.814
782.568
786.311
796.056
811.116
829.791
850.185
870.534
889.38
905.657
918.724
928.323
934.469
937.316
937.037
933.893
927.856
918.997
907.409
893.27
876.917
858.901
840.049
821.521
804.808
791.622
783.626
782.091
786.724
797.334
812.53
830.508
849.541
868.203
885.435
900.518
913.016
922.711
929.54
933.521
934.678
933.098
928.733
921.504
911.402
898.512
883.098
865.696
847.209
828.98
812.796
800.69
794.478
795.17
802.187
814.577
830.351
847.634
864.948
881.272
895.992
908.792
919.569
928.366
935.331
940.677
944.652
947.508
949.488
950.804
951.637
952.131
952.395
952.509
952.533
952.499
952.434
952.352
952.264
952.173
952.082
951.994
951.909
951.826
951.747
951.67
951.596
951.524
951.456
951.389
951.325
951.264
951.205
951.148
951.093
951.04
950.99
950.941
950.895
950.85
950.808
950.767
950.728
950.691
950.656
950.623
950.592
950.562
950.534
950.508
950.484
950.461
950.44
950.421
950.403
950.387
950.373
950.36
950.349
950.339
950.331
950.325
950.32
950.317
950.315
954.437
954.444
954.459
954.481
954.51
954.546
954.589
954.64
954.699
954.765
954.838
954.919
955.008
955.105
955.209
955.322
955.442
955.571
955.708
955.853
956.006
956.168
956.338
956.517
956.704
956.9
957.104
957.316
957.537
957.767
958.004
958.25
958.503
958.763
959.031
959.305
959.585
959.869
960.155
960.442
960.724
960.997
961.253
961.479
961.661
961.777
961.801
961.699
961.429
960.938
960.169
959.054
957.521
955.494
952.9
949.679
945.852
941.346
936.234
930.65
924.817
919.052
913.655
908.968
905.044
901.536
897.464
891.001
881.434
868.223
852.351
835.42
818.895
803.973
791.745
783.403
780.865
783.81
792.837
807.674
826.629
847.692
868.944
888.766
905.965
919.821
930.043
936.655
939.835
939.766
936.769
930.789
921.903
910.198
895.853
879.204
860.814
841.524
822.51
805.286
791.603
783.182
781.349
785.893
796.593
812.062
830.454
849.989
869.196
886.962
902.525
915.419
925.416
932.459
936.58
937.817
936.257
931.858
924.53
914.256
901.109
885.351
867.527
848.551
829.782
813.021
800.331
793.586
793.908
800.689
813.062
829.009
846.618
864.371
881.209
896.475
909.816
921.095
930.336
937.675
943.325
947.537
950.575
952.688
954.101
955.002
955.542
955.837
955.972
956.008
955.983
955.923
955.845
955.759
955.669
955.58
955.493
955.408
955.325
955.246
955.169
955.095
955.024
954.955
954.888
954.824
954.763
954.703
954.646
954.591
954.538
954.487
954.438
954.392
954.347
954.304
954.263
954.224
954.187
954.152
954.118
954.086
954.057
954.028
954.002
953.977
953.955
953.933
953.914
953.896
953.88
953.865
953.852
953.841
953.831
953.823
953.817
953.812
953.809
953.807
957.835
957.842
957.856
957.877
957.905
957.94
957.983
958.032
958.088
958.152
958.223
958.302
958.387
958.481
958.581
958.69
958.806
958.929
959.06
959.199
959.346
959.501
959.663
959.833
960.011
960.197
960.391
960.592
960.8
961.016
961.239
961.47
961.706
961.949
962.198
962.452
962.71
962.97
963.23
963.487
963.735
963.968
964.176
964.344
964.453
964.479
964.389
964.145
963.699
962.994
961.966
960.546
958.66
956.238
953.222
949.623
945.361
940.499
935.158
929.548
923.984
918.874
914.642
911.677
910.031
909.277
908.197
903.637
895.465
881.927
864.52
845.285
826.086
808.522
793.976
783.784
779.522
781.521
789.649
804.128
823.285
844.981
867.122
887.917
906.037
920.679
931.524
938.602
942.118
942.276
939.439
933.544
924.665
912.882
898.366
881.452
862.708
842.992
823.496
805.762
791.582
782.733
780.602
785.059
795.856
811.608
830.424
850.475
870.227
888.515
904.532
917.788
928.055
935.287
939.532
940.845
939.314
934.902
927.509
917.099
903.734
887.666
869.44
849.983
830.67
813.322
800.036
792.742
792.678
799.205
811.546
827.657
845.589
863.781
881.13
896.938
910.808
922.576
932.244
939.941
945.879
950.317
953.528
955.77
957.277
958.245
958.833
959.162
959.321
959.373
959.361
959.31
959.239
959.158
959.073
958.988
958.905
958.823
958.744
958.667
958.593
958.522
958.453
958.386
958.322
958.26
958.2
958.143
958.087
958.034
957.982
957.933
957.886
957.84
957.797
957.755
957.715
957.677
957.641
957.607
957.574
957.543
957.514
957.487
957.461
957.437
957.415
957.394
957.375
957.358
957.342
957.328
957.315
957.304
957.295
957.287
957.281
957.276
957.273
957.271
961.076
961.083
961.096
961.116
961.142
961.175
961.215
961.261
961.314
961.373
961.44
961.513
961.593
961.68
961.774
961.875
961.983
962.098
962.22
962.349
962.485
962.628
962.778
962.935
963.099
963.269
963.447
963.631
963.822
964.019
964.222
964.431
964.645
964.865
965.088
965.316
965.545
965.775
966.001
966.221
966.428
966.612
966.761
966.859
966.882
966.801
966.581
966.175
965.532
964.591
963.285
961.542
959.293
956.494
953.124
949.11
944.502
939.398
933.986
928.556
923.514
919.294
916.46
915.357
916.011
917.938
919.645
916.761
910.609
897.277
879.298
858.575
836.812
815.97
798.173
785.247
778.69
779.57
786.583
800.55
819.813
842.086
865.084
886.833
905.86
921.276
932.733
940.272
944.123
944.519
941.852
936.067
927.226
915.403
900.756
883.615
864.55
844.428
824.465
806.23
791.557
782.283
779.854
784.225
795.122
811.161
830.407
850.97
871.253
890.035
906.468
920.047
930.547
937.938
942.291
943.676
942.183
937.781
930.354
919.853
906.316
889.981
871.389
851.472
831.624
813.689
799.801
791.954
791.467
797.739
810.027
826.29
844.533
863.153
881.002
897.333
911.713
923.945
934.015
942.047
948.254
952.903
956.274
958.637
960.234
961.268
961.904
962.268
962.452
962.523
962.526
962.487
962.426
962.354
962.277
962.199
962.121
962.046
961.972
961.901
961.832
961.765
961.701
961.639
961.579
961.521
961.465
961.411
961.359
961.308
961.26
961.214
961.169
961.127
961.086
961.047
961.009
960.973
960.939
960.907
960.876
960.847
960.82
960.794
960.77
960.747
960.726
960.707
960.689
960.672
960.658
960.644
960.632
960.622
960.613
960.606
960.6
960.595
960.592
960.591
964.069
964.075
964.087
964.105
964.129
964.159
964.195
964.237
964.285
964.339
964.399
964.466
964.538
964.617
964.702
964.793
964.89
964.993
965.103
965.219
965.341
965.469
965.603
965.744
965.89
966.042
966.2
966.363
966.532
966.707
966.886
967.07
967.258
967.45
967.645
967.841
968.038
968.233
968.422
968.599
968.758
968.886
968.97
968.987
968.913
968.712
968.345
967.761
966.903
965.708
964.109
962.034
959.457
956.315
952.557
948.21
943.353
938.146
932.842
927.802
923.472
920.37
918.986
919.566
922.31
926.353
929.08
927.739
923.385
911.678
895.486
875.117
851.61
827.155
805.068
788.336
778.924
778.133
783.777
797.032
816.287
839.064
862.871
885.539
905.443
921.611
933.663
941.65
945.829
946.469
943.976
938.32
929.546
917.718
902.981
885.654
866.305
845.81
825.403
806.682
791.525
781.832
779.108
783.391
794.388
810.713
830.383
851.443
872.23
891.466
908.271
922.128
932.824
940.349
944.794
946.247
944.8
940.427
933
922.449
908.79
892.239
873.325
852.984
832.622
814.11
799.622
791.215
790.279
796.287
808.503
824.899
843.436
862.467
880.793
897.621
912.479
925.145
935.589
943.929
950.383
955.224
958.743
961.218
962.898
963.994
964.677
965.075
965.286
965.377
965.396
965.372
965.323
965.261
965.194
965.124
965.055
964.988
964.921
964.857
964.795
964.735
964.677
964.62
964.566
964.514
964.463
964.414
964.367
964.321
964.277
964.235
964.195
964.156
964.119
964.083
964.049
964.017
963.986
963.956
963.928
963.902
963.877
963.853
963.831
963.811
963.792
963.774
963.758
963.743
963.729
963.717
963.706
963.697
963.688
963.682
963.676
963.672
963.67
963.668
966.748
966.753
966.763
966.779
966.8
966.827
966.858
966.895
966.937
966.985
967.038
967.096
967.16
967.229
967.303
967.383
967.468
967.558
967.654
967.754
967.861
967.972
968.089
968.21
968.337
968.468
968.604
968.745
968.89
969.04
969.193
969.35
969.51
969.672
969.837
970.001
970.164
970.321
970.47
970.602
970.709
970.777
970.787
970.717
970.535
970.203
969.676
968.899
967.812
966.35
964.45
962.092
959.179
955.679
951.601
947.004
942.017
936.86
931.856
927.426
923.998
922.116
922.014
924.107
928.389
933.695
935.039
933.779
930.379
924.064
914.484
895.325
870.274
842.232
815.061
793.431
780.204
777.042
781.395
793.714
812.806
835.994
860.544
884.079
904.821
921.704
934.327
942.742
947.239
948.119
945.803
940.287
931.601
919.798
905.009
887.539
867.947
847.115
826.293
807.108
791.484
781.379
778.364
782.558
793.649
810.253
830.329
851.863
873.118
892.764
909.892
923.985
934.843
942.477
947
948.518
947.125
942.797
935.398
924.836
911.102
894.389
875.206
854.484
833.639
814.568
799.487
790.52
789.117
794.848
806.971
823.477
842.287
861.702
880.476
897.769
913.071
926.137
936.923
945.544
952.222
957.238
960.89
963.466
965.222
966.375
967.101
967.533
967.77
967.882
967.917
967.908
967.871
967.822
967.765
967.706
967.646
967.588
967.53
967.474
967.42
967.367
967.316
967.267
967.219
967.173
967.129
967.086
967.044
967.004
966.966
966.929
966.893
966.859
966.826
966.795
966.765
966.736
966.709
966.683
966.659
966.635
966.613
966.593
966.573
966.555
966.538
966.522
966.508
966.495
966.483
966.472
966.462
966.454
966.447
966.441
966.436
966.433
966.43
966.429
969.071
969.076
969.085
969.098
969.116
969.139
969.166
969.197
969.233
969.274
969.319
969.368
969.422
969.481
969.544
969.612
969.684
969.76
969.841
969.927
970.016
970.11
970.208
970.311
970.417
970.527
970.641
970.759
970.88
971.004
971.131
971.261
971.393
971.526
971.66
971.792
971.92
972.041
972.148
972.234
972.287
972.29
972.223
972.059
971.761
971.287
970.589
969.607
968.28
966.561
964.404
961.716
958.473
954.668
950.341
945.593
940.61
935.673
931.162
927.504
925.183
924.505
925.705
928.92
933.92
938.67
938.673
936.694
932.629
926.977
918.706
905.46
887.07
858.443
826.969
800.268
782.726
776.503
779.49
790.704
809.478
832.968
858.181
882.519
904.044
921.602
934.754
943.571
948.368
949.479
947.336
941.967
933.384
921.631
906.821
889.246
869.454
848.325
827.122
807.5
791.427
780.922
777.62
781.724
792.902
809.77
830.233
852.207
873.886
893.893
911.299
925.589
936.578
944.301
948.892
950.471
949.137
944.87
937.52
926.98
913.215
896.39
876.992
855.939
834.651
815.05
799.395
789.863
787.98
793.421
805.429
822.022
841.076
860.846
880.032
897.751
913.465
926.898
937.996
946.872
953.752
958.924
962.695
965.361
967.186
968.391
969.156
969.618
969.879
970.011
970.063
970.068
970.045
970.007
969.962
969.913
969.863
969.814
969.766
969.718
969.673
969.628
969.585
969.543
969.502
969.463
969.425
969.389
969.354
969.32
969.287
969.255
969.225
969.196
969.168
969.141
969.115
969.091
969.068
969.046
969.025
969.005
968.986
968.968
968.952
968.936
968.922
968.908
968.896
968.885
968.874
968.865
968.857
968.85
968.844
968.839
968.835
968.831
968.829
968.828
971.026
971.03
971.038
971.049
971.064
971.082
971.105
971.131
971.161
971.194
971.231
971.272
971.317
971.365
971.417
971.473
971.533
971.596
971.662
971.732
971.806
971.882
971.963
972.046
972.133
972.223
972.315
972.411
972.509
972.609
972.712
972.816
972.921
973.027
973.131
973.233
973.328
973.413
973.479
973.518
973.515
973.452
973.304
973.039
972.617
971.994
971.114
969.919
968.375
966.406
963.943
960.953
957.421
953.371
948.879
944.097
939.266
934.723
930.89
928.202
927.083
927.72
930.223
934.469
940.402
942.276
941.155
937.769
932.671
925.677
915.963
902.5
886.535
863.879
835.263
807.003
786.074
776.666
778.142
788.078
806.401
830.084
855.868
880.93
903.17
921.345
934.985
944.17
949.243
950.571
948.594
943.372
934.901
923.214
908.411
890.765
870.811
849.425
827.877
807.849
791.349
780.459
776.877
780.888
792.142
809.256
830.081
852.454
874.51
894.832
912.473
926.926
938.024
945.822
950.472
952.111
950.839
946.642
939.359
928.867
915.108
898.217
878.654
857.321
835.635
815.536
799.322
789.237
786.868
792.004
803.876
820.528
839.798
859.89
879.456
897.569
913.656
927.422
938.804
947.911
954.974
960.286
964.163
966.909
968.793
970.044
970.844
971.333
971.616
971.766
971.834
971.852
971.842
971.815
971.781
971.742
971.702
971.662
971.623
971.584
971.546
971.51
971.474
971.44
971.407
971.374
971.343
971.313
971.284
971.256
971.229
971.203
971.177
971.153
971.13
971.108
971.087
971.067
971.047
971.029
971.012
970.995
970.98
970.965
970.951
970.938
970.926
970.915
970.905
970.896
970.887
970.88
970.873
970.867
970.862
970.858
970.854
970.852
970.85
970.849
972.623
972.626
972.632
972.641
972.653
972.668
972.686
972.707
972.731
972.758
972.788
972.821
972.857
972.895
972.937
972.982
973.029
973.079
973.132
973.188
973.247
973.308
973.372
973.438
973.506
973.577
973.651
973.726
973.803
973.882
973.962
974.043
974.124
974.204
974.283
974.356
974.42
974.47
974.497
974.49
974.431
974.299
974.066
973.695
973.144
972.362
971.299
969.919
968.132
965.889
963.148
959.886
956.115
951.89
947.333
942.647
938.125
934.156
931.14
929.588
929.731
931.852
935.652
940.317
944.854
944.741
942.356
937.791
931.218
923.117
913.879
902.022
886.301
865.797
839.892
812.226
789.471
777.229
777.271
785.866
803.649
827.427
853.688
879.386
902.265
920.99
935.063
944.577
949.899
951.425
949.602
944.524
936.168
924.559
909.782
892.092
872.011
850.405
828.552
808.15
791.249
779.989
776.132
780.046
791.363
808.702
829.854
852.589
874.978
895.571
913.412
928.002
939.19
947.052
951.756
953.454
952.247
948.126
940.922
930.498
916.772
899.853
880.173
858.609
836.572
816.012
799.264
788.635
785.777
790.597
802.312
818.997
838.453
858.834
878.745
897.218
913.645
927.717
939.36
948.678
955.906
961.344
965.315
968.131
970.068
971.358
972.188
972.701
973.003
973.169
973.251
973.281
973.282
973.266
973.241
973.212
973.181
973.149
973.118
973.087
973.058
973.028
973
972.973
972.946
972.92
972.895
972.871
972.848
972.825
972.804
972.783
972.763
972.743
972.725
972.707
972.69
972.674
972.658
972.644
972.63
972.617
972.604
972.592
972.581
972.571
972.561
972.552
972.544
972.537
972.53
972.524
972.518
972.513
972.509
972.506
972.503
972.501
972.5
972.499
973.888
973.89
973.895
973.902
973.911
973.923
973.937
973.953
973.972
973.993
974.016
974.042
974.07
974.1
974.133
974.167
974.204
974.243
974.284
974.328
974.373
974.42
974.469
974.52
974.573
974.628
974.684
974.741
974.8
974.86
974.92
974.981
975.042
975.1
975.155
975.202
975.239
975.257
975.246
975.192
975.077
974.874
974.553
974.072
973.386
972.454
971.224
969.617
967.588
965.09
962.096
958.604
954.653
950.339
945.83
941.38
937.331
934.072
932.059
931.639
933.174
936.815
942.18
946.459
947.895
946.36
942.538
936.433
928.625
919.472
909.425
898.771
884.503
865.468
841.855
815.584
792.292
778.088
776.579
784.108
801.284
825.068
851.714
877.957
901.388
920.588
935.037
944.833
950.372
952.073
950.392
945.448
937.206
925.681
910.943
893.232
873.053
851.263
829.139
808.397
791.122
779.507
775.383
779.196
790.562
808.1
829.544
852.593
875.281
896.11
914.124
928.831
940.098
948.017
952.773
954.529
953.388
949.346
942.229
931.884
918.212
901.296
881.536
859.787
837.443
816.462
799.209
788.05
784.705
789.199
800.737
817.429
837.041
857.681
877.905
896.707
913.45
927.804
939.687
949.2
956.578
962.129
966.185
969.063
971.046
972.37
973.225
973.758
974.077
974.256
974.349
974.39
974.4
974.393
974.377
974.356
974.333
974.309
974.285
974.262
974.239
974.216
974.194
974.173
974.152
974.133
974.113
974.094
974.076
974.059
974.042
974.026
974.01
973.995
973.981
973.967
973.954
973.941
973.929
973.918
973.907
973.897
973.887
973.878
973.869
973.861
973.853
973.847
973.84
973.834
973.829
973.824
973.82
973.816
973.813
973.81
973.808
973.807
973.806
973.805
974.859
974.861
974.865
974.87
974.877
974.886
974.897
974.909
974.923
974.939
974.957
974.976
974.997
975.02
975.045
975.071
975.099
975.128
975.159
975.192
975.226
975.261
975.298
975.336
975.376
975.416
975.458
975.501
975.544
975.588
975.633
975.677
975.719
975.759
975.793
975.818
975.829
975.817
975.769
975.67
975.498
975.223
974.81
974.216
973.409
972.32
970.893
969.074
966.816
964.086
960.873
957.202
953.144
948.838
944.5
940.434
937.015
934.629
933.683
934.459
937.258
942.143
948.629
950.6
949.811
946.784
941.342
934.04
925.628
917.032
907.33
895.96
882.018
864.173
841.966
817.281
794.254
778.949
776.025
782.723
799.324
823.057
850.004
876.7
900.592
920.188
934.946
944.976
950.696
952.55
950.993
946.175
938.042
926.601
911.912
894.195
873.941
851.997
829.635
808.584
790.961
779.01
774.626
778.334
789.735
807.447
829.15
852.479
875.426
896.462
914.626
929.437
940.776
948.75
953.556
955.369
954.294
950.332
943.304
933.047
919.443
902.55
882.743
860.847
838.239
816.876
799.149
787.475
783.647
787.809
799.154
815.829
835.57
856.439
876.949
896.056
913.095
927.714
939.815
949.51
957.027
962.683
966.814
969.747
971.769
973.122
973.999
974.549
974.88
975.071
975.174
975.223
975.241
975.242
975.233
975.219
975.203
975.185
975.168
975.15
975.133
975.116
975.1
975.084
975.068
975.053
975.039
975.025
975.011
974.998
974.985
974.973
974.961
974.95
974.939
974.929
974.919
974.909
974.9
974.891
974.883
974.876
974.868
974.861
974.855
974.849
974.843
974.838
974.833
974.829
974.825
974.821
974.818
974.815
974.813
974.811
974.809
974.808
974.807
974.807
975.582
975.583
975.586
975.59
975.595
975.602
975.609
975.619
975.629
975.641
975.654
975.668
975.684
975.7
975.718
975.738
975.758
975.779
975.802
975.826
975.851
975.877
975.903
975.931
975.96
975.989
976.019
976.05
976.081
976.113
976.144
976.174
976.202
976.226
976.243
976.248
976.235
976.194
976.111
975.967
975.737
975.388
974.884
974.192
973.243
971.99
970.377
968.355
965.887
962.954
959.567
955.779
951.699
947.509
943.474
939.947
937.276
935.926
936.117
938.109
941.982
947.777
952.793
952.766
950.567
945.919
939.042
930.834
921.886
912.585
903.456
892.524
879.023
862.05
841.155
817.649
795.335
779.59
775.559
781.629
797.754
821.418
848.598
875.659
899.921
919.828
934.826
945.038
950.904
952.885
951.437
946.732
938.7
927.343
912.705
894.994
874.685
852.611
830.041
808.711
790.765
778.496
773.86
777.459
788.879
806.741
828.673
852.255
875.416
896.639
914.94
929.847
941.255
949.282
954.14
956.009
955
951.118
944.179
934.012
920.483
903.629
883.797
861.785
838.95
817.241
799.068
786.902
782.6
786.425
797.563
814.2
834.048
855.122
875.895
895.287
912.603
927.473
939.788
949.646
957.294
963.045
967.245
970.226
972.283
973.661
974.556
975.119
975.462
975.661
975.772
975.828
975.853
975.86
975.857
975.848
975.837
975.825
975.812
975.8
975.787
975.775
975.763
975.752
975.74
975.73
975.719
975.709
975.699
975.689
975.68
975.671
975.663
975.654
975.646
975.639
975.632
975.625
975.618
975.612
975.606
975.6
975.595
975.59
975.585
975.58
975.576
975.572
975.569
975.566
975.563
975.56
975.558
975.556
975.554
975.552
975.551
975.55
975.55
975.55
976.101
976.102
976.104
976.107
976.111
976.116
976.121
976.128
976.135
976.144
976.153
976.163
976.174
976.186
976.199
976.213
976.227
976.242
976.258
976.275
976.293
976.311
976.33
976.35
976.37
976.39
976.412
976.433
976.455
976.476
976.497
976.516
976.532
976.543
976.545
976.533
976.499
976.431
976.313
976.124
975.836
975.417
974.83
974.018
972.932
971.521
969.732
967.525
964.873
961.776
958.269
954.437
950.429
946.471
942.874
939.977
938.251
938.003
939.489
942.672
947.329
953.869
955.502
954.065
950.325
943.959
935.795
927.22
919.272
910.234
900.229
889.029
875.719
859.361
839.508
817.106
795.535
779.898
775.124
780.756
796.543
820.154
847.517
874.86
899.4
919.534
934.703
945.046
951.022
953.106
951.751
947.146
939.208
927.929
913.343
895.645
875.293
853.111
830.358
808.777
790.532
777.962
773.081
776.568
787.992
805.982
828.115
851.918
875.282
896.665
915.092
930.091
941.567
949.65
954.559
956.485
955.541
951.736
944.885
934.807
921.355
904.547
884.707
862.604
839.572
817.551
798.963
786.325
781.559
785.046
795.967
812.55
832.484
853.744
874.762
894.423
912.003
927.112
939.629
949.648
957.414
963.255
967.519
970.544
972.631
974.03
974.941
975.516
975.867
976.073
976.19
976.252
976.281
976.293
976.294
976.29
976.283
976.275
976.267
976.258
976.249
976.241
976.232
976.224
976.216
976.209
976.201
976.194
976.187
976.18
976.174
976.168
976.162
976.156
976.15
976.145
976.14
976.135
976.13
976.126
976.121
976.117
976.114
976.11
976.107
976.104
976.101
976.098
976.095
976.093
976.091
976.089
976.088
976.086
976.085
976.084
976.083
976.082
976.082
976.082
976.461
976.461
976.463
976.465
976.467
976.471
976.475
976.479
976.484
976.49
976.497
976.504
976.511
976.52
976.528
976.538
976.548
976.558
976.569
976.581
976.593
976.606
976.619
976.632
976.646
976.66
976.674
976.688
976.703
976.716
976.729
976.74
976.746
976.746
976.736
976.708
976.654
976.56
976.409
976.176
975.834
975.346
974.664
973.74
972.524
970.964
969.016
966.646
963.845
960.631
957.068
953.277
949.445
945.84
942.768
940.67
939.942
940.924
943.789
948.259
953.361
957.541
957.079
954.313
948.753
940.959
931.659
922.378
914.47
905.97
896.286
885.212
872.126
856.261
837.24
815.89
795.112
779.721
774.655
780.048
795.65
819.251
846.761
874.315
899.046
919.323
934.595
945.019
951.072
953.236
951.958
947.441
939.587
928.381
913.846
896.163
875.779
853.503
830.589
808.781
790.258
777.405
772.287
775.658
787.074
805.17
827.479
851.48
875.029
896.561
915.107
930.196
941.742
949.882
954.845
956.829
955.948
952.217
945.449
935.457
922.082
905.324
885.485
863.308
840.106
817.802
798.829
785.74
780.521
783.67
794.368
810.885
830.888
852.319
873.569
893.487
911.322
926.661
939.372
949.546
957.426
963.35
967.673
970.739
972.853
974.271
975.194
975.778
976.136
976.348
976.47
976.535
976.569
976.584
976.588
976.588
976.584
976.579
976.574
976.568
976.562
976.556
976.551
976.545
976.54
976.535
976.53
976.525
976.52
976.516
976.511
976.507
976.503
976.499
976.495
976.491
976.488
976.485
976.481
976.478
976.475
976.473
976.47
976.468
976.465
976.463
976.461
976.46
976.458
976.456
976.455
976.454
976.452
976.451
976.451
976.45
976.449
976.449
976.449
976.449
976.699
976.699
976.7
976.701
976.703
976.705
976.708
976.711
976.714
976.718
976.723
976.727
976.732
976.738
976.744
976.75
976.757
976.764
976.771
976.779
976.787
976.795
976.804
976.813
976.822
976.831
976.84
976.85
976.858
976.866
976.873
976.877
976.876
976.867
976.846
976.804
976.732
976.614
976.43
976.157
975.76
975.199
974.429
973.401
972.064
970.37
968.283
965.782
962.872
959.598
956.054
952.397
948.854
945.684
943.274
942.054
942.369
944.587
948.802
954.733
959.029
959.744
957.779
953.133
946.095
937.406
927.492
917.631
909.516
901.165
891.826
881.044
868.26
852.848
834.534
814.11
794.206
779.292
774.141
779.469
795.037
818.68
846.315
874.019
898.86
919.2
934.51
944.971
951.068
953.292
952.079
947.639
939.86
928.72
914.232
896.565
876.155
853.798
830.737
808.713
789.943
776.823
771.475
774.728
786.124
804.308
826.772
850.95
874.67
896.349
915.01
930.191
941.807
950.009
955.027
957.068
956.247
952.588
945.898
935.987
922.686
905.978
886.143
863.906
840.551
817.99
798.658
785.138
779.482
782.297
792.77
809.211
829.273
850.863
872.334
892.501
910.583
926.146
939.045
949.367
957.359
963.359
967.738
970.842
972.981
974.416
975.35
975.942
976.305
976.522
976.647
976.715
976.752
976.769
976.776
976.778
976.777
976.774
976.771
976.767
976.764
976.76
976.756
976.753
976.749
976.746
976.743
976.739
976.736
976.733
976.73
976.728
976.725
976.722
976.72
976.718
976.715
976.713
976.711
976.709
976.707
976.705
976.704
976.702
976.701
976.699
976.698
976.697
976.696
976.695
976.694
976.693
976.692
976.692
976.691
976.691
976.69
976.69
976.69
976.69
976.847
976.847
976.847
976.848
976.849
976.851
976.853
976.855
976.857
976.859
976.862
976.865
976.869
976.872
976.876
976.88
976.884
976.889
976.894
976.899
976.904
976.909
976.915
976.92
976.926
976.932
976.938
976.943
976.948
976.952
976.954
976.953
976.946
976.93
976.899
976.845
976.756
976.615
976.403
976.089
975.639
975.012
974.161
973.038
971.593
969.786
967.587
964.991
962.023
958.755
955.313
951.893
948.711
946.109
944.473
944.157
945.54
948.87
954.09
960.847
962.253
960.795
957.053
950.703
942.618
933.63
924.608
914.953
905.646
896.696
887.299
876.696
864.199
849.208
831.516
811.918
792.877
778.576
773.574
778.994
794.653
818.45
846.228
873.988
898.835
919.156
934.446
944.905
951.025
953.289
952.13
947.756
940.044
928.963
914.517
896.866
876.433
854.003
830.814
808.6
789.589
776.214
770.644
773.777
785.143
803.399
826
850.341
874.22
896.041
914.82
930.096
941.789
950.051
955.126
957.224
956.463
952.87
946.254
936.418
923.185
906.523
886.696
864.404
840.912
818.113
798.444
784.517
778.439
780.926
791.174
807.536
827.649
849.39
871.076
891.486
909.809
925.588
938.669
949.134
957.234
963.312
967.74
970.879
973.043
974.492
975.437
976.035
976.403
976.623
976.75
976.821
976.859
976.879
976.888
976.891
976.891
976.89
976.889
976.887
976.884
976.882
976.88
976.878
976.876
976.873
976.871
976.87
976.868
976.866
976.864
976.862
976.861
976.859
976.858
976.856
976.855
976.853
976.852
976.851
976.85
976.849
976.848
976.847
976.846
976.845
976.844
976.843
976.843
976.842
976.841
976.841
976.84
976.84
976.84
976.839
976.839
976.839
976.839
976.839
976.931
976.931
976.932
976.932
976.933
976.934
976.935
976.936
976.937
976.939
976.941
976.943
976.945
976.947
976.949
976.952
976.955
976.957
976.96
976.963
976.967
976.97
976.973
976.977
976.98
976.984
976.987
976.99
976.992
976.993
976.992
976.987
976.976
976.954
976.915
976.85
976.746
976.586
976.346
975.996
975.499
974.813
973.892
972.687
971.154
969.258
966.981
964.334
961.366
958.177
954.928
951.801
949.118
947.209
946.412
947.051
949.454
953.822
960.048
964.333
963.679
960.795
954.943
947.177
938.497
929.159
919.584
910.584
901.456
892.322
882.821
872.296
860.028
845.413
828.282
809.436
791.228
777.619
772.957
778.626
794.572
818.494
846.34
874.123
898.928
919.174
934.397
944.822
950.944
953.242
952.124
947.809
940.156
929.127
914.718
897.079
876.624
854.128
830.821
808.435
789.197
775.579
769.791
772.802
784.13
802.446
825.171
849.663
873.696
895.656
914.555
929.929
941.702
950.031
955.163
957.317
956.613
953.083
946.534
936.767
923.595
906.976
887.155
864.811
841.191
818.171
798.185
783.871
777.388
779.555
789.583
805.864
826.025
847.913
869.809
890.457
909.015
925.006
938.263
948.867
957.07
963.222
967.702
970.872
973.057
974.521
975.475
976.079
976.451
976.673
976.802
976.875
976.915
976.935
976.946
976.95
976.952
976.952
976.951
976.95
976.949
976.948
976.946
976.945
976.944
976.943
976.942
976.941
976.939
976.938
976.937
976.936
976.935
976.935
976.934
976.933
976.932
976.931
976.931
976.93
976.929
976.929
976.928
976.927
976.927
976.926
976.926
976.926
976.925
976.925
976.924
976.924
976.924
976.924
976.924
976.923
976.923
976.923
976.923
976.923
976.971
976.971
976.972
976.972
976.972
976.973
976.974
976.974
976.975
976.976
976.977
976.978
976.98
976.981
976.982
976.984
976.986
976.987
976.989
976.991
976.993
976.995
976.996
976.998
977
977.002
977.004
977.005
977.006
977.005
977.001
976.994
976.979
976.952
976.908
976.834
976.719
976.543
976.28
975.9
975.365
974.631
973.653
972.385
970.787
968.832
966.516
963.868
960.964
957.92
954.91
952.223
950.155
949.038
949.145
950.749
954.054
959.176
965.823
966.319
964.137
958.874
951.328
942.797
934.122
925.692
916.251
906.63
897.252
887.965
878.381
867.896
855.808
841.524
824.902
806.751
789.35
776.48
772.302
778.343
794.616
818.745
846.671
874.423
899.119
919.233
934.351
944.717
950.829
953.151
952.075
947.81
940.21
929.226
914.849
897.218
876.74
854.181
830.753
808.212
788.764
774.914
768.916
771.804
783.088
801.453
824.291
848.928
873.11
895.21
914.23
929.706
941.562
949.96
955.15
957.361
956.711
953.239
946.752
937.047
923.931
907.348
887.529
865.136
841.394
818.169
797.88
783.197
776.327
778.183
787.999
804.202
824.41
846.443
868.547
889.428
908.216
924.414
937.842
948.58
956.882
963.105
967.633
970.837
973.041
974.519
975.481
976.09
976.465
976.69
976.821
976.895
976.935
976.957
976.968
976.973
976.975
976.976
976.976
976.976
976.975
976.975
976.974
976.974
976.973
976.972
976.972
976.971
976.971
976.97
976.97
976.969
976.969
976.968
976.968
976.967
976.967
976.967
976.966
976.966
976.966
976.965
976.965
976.965
976.964
976.964
976.964
976.964
976.964
976.963
976.963
976.963
976.963
976.963
976.963
976.963
976.963
976.963
976.963
976.963
976.982
976.982
976.983
976.983
976.983
976.983
976.984
976.984
976.985
976.985
976.986
976.986
976.987
976.988
976.989
976.989
976.99
976.991
976.992
976.993
976.994
976.995
976.996
976.997
976.998
976.999
977
977
977
976.997
976.993
976.984
976.967
976.938
976.889
976.811
976.688
976.501
976.224
975.824
975.262
974.495
973.478
972.168
970.532
968.552
966.241
963.642
960.841
958.008
955.373
953.217
951.865
951.612
952.702
955.246
959.344
965.335
968.684
967.161
962.798
955.491
946.71
937.83
929.097
920.039
911.238
902.061
892.805
883.52
873.927
863.496
851.568
837.584
821.431
803.933
787.315
775.215
771.626
778.142
794.817
819.186
847.176
874.845
899.372
919.309
934.293
944.588
950.683
953.026
951.987
947.772
940.218
929.274
914.921
897.295
876.792
854.172
830.641
807.94
788.293
774.22
768.017
770.782
782.017
800.424
823.368
848.144
872.473
894.713
913.858
929.439
941.381
949.85
955.103
957.366
956.768
953.35
946.919
937.269
924.201
907.648
887.827
865.383
841.521
818.084
797.523
782.492
775.253
776.809
786.424
802.555
822.811
844.989
867.299
888.41
907.423
923.821
937.416
948.283
956.681
962.971
967.546
970.781
973.006
974.495
975.465
976.08
976.458
976.685
976.817
976.892
976.933
976.955
976.967
976.972
976.975
976.976
976.977
976.977
976.977
976.977
976.977
976.976
976.976
976.976
976.976
976.976
976.975
976.975
976.975
976.975
976.975
976.975
976.974
976.974
976.974
976.974
976.974
976.974
976.974
976.973
976.973
976.973
976.973
976.973
976.973
976.973
976.973
976.973
976.973
976.973
976.973
976.973
976.973
976.973
976.973
976.973
976.973
976.973
976.974
976.974
976.974
976.974
976.975
976.975
976.975
976.975
976.975
976.976
976.976
976.976
976.977
976.977
976.978
976.978
976.978
976.979
976.979
976.98
976.98
976.981
976.981
976.982
976.982
976.983
976.983
976.982
976.981
976.979
976.974
976.964
976.947
976.918
976.869
976.789
976.664
976.473
976.189
975.779
975.205
974.423
973.389
972.062
970.415
968.441
966.165
963.662
961.059
958.541
956.358
954.817
954.241
954.924
957.035
960.469
964.878
970.676
970.202
966.992
959.945
950.745
941.176
932.432
924.811
915.831
906.484
897.25
888.102
878.918
869.407
859.076
847.319
833.621
817.912
801.035
785.18
773.87
770.947
778.041
795.157
819.775
847.802
875.336
899.647
919.374
934.209
944.428
950.507
952.873
951.871
947.701
940.191
929.281
914.948
897.321
876.79
854.103
830.475
807.622
787.783
773.497
767.093
769.736
780.919
799.363
822.407
847.319
871.795
894.176
913.448
929.137
941.169
949.711
955.024
957.341
956.792
953.424
947.042
937.441
924.413
907.885
888.056
865.558
841.58
817.955
797.118
781.754
774.165
775.433
784.859
800.925
821.234
843.559
866.073
887.411
906.644
923.237
936.991
947.983
956.473
962.829
967.449
970.713
972.958
974.459
975.437
976.056
976.437
976.665
976.799
976.874
976.916
976.939
976.951
976.957
976.96
976.961
976.962
976.962
976.963
976.963
976.963
976.963
976.963
976.963
976.963
976.963
976.963
976.963
976.963
976.963
976.963
976.963
976.963
976.963
976.963
976.963
976.963
976.963
976.963
976.963
976.963
976.963
976.963
976.963
976.963
976.963
976.963
976.963
976.963
976.963
976.963
976.963
976.963
976.963
976.963
976.963
976.963
976.963
976.954
976.954
976.954
976.954
976.954
976.954
976.955
976.955
976.955
976.955
976.955
976.955
976.955
976.955
976.956
976.956
976.956
976.956
976.956
976.957
976.957
976.957
976.957
976.957
976.957
976.957
976.957
976.957
976.956
976.954
976.95
976.942
976.927
976.9
976.855
976.78
976.66
976.475
976.196
975.79
975.218
974.435
973.4
972.079
970.452
968.527
966.352
964.021
961.686
959.557
957.901
957.03
957.256
958.873
962.02
966.477
971.026
972.925
970.615
964.267
954.975
944.757
934.869
925.872
918.006
909.626
900.802
891.91
883.045
874.095
864.772
854.614
843.063
829.66
814.383
798.104
782.994
772.482
770.275
777.985
795.599
820.464
848.491
875.845
899.904
919.403
934.086
944.233
950.302
952.697
951.733
947.609
940.139
929.259
914.94
897.306
876.741
853.995
830.263
807.263
787.238
772.744
766.144
768.666
779.795
798.272
821.414
846.46
871.083
893.608
913.008
928.808
940.932
949.548
954.922
957.292
956.789
953.466
947.128
937.568
924.574
908.062
888.221
865.667
841.575
817.764
796.664
780.982
773.06
774.055
783.306
799.316
819.684
842.159
864.877
886.437
905.884
922.665
936.574
947.685
956.264
962.682
967.345
970.639
972.902
974.416
975.4
976.024
976.408
976.638
976.772
976.848
976.891
976.913
976.925
976.932
976.935
976.937
976.938
976.938
976.939
976.939
976.939
976.939
976.939
976.94
976.94
976.94
976.94
976.94
976.94
976.941
976.941
976.941
976.941
976.941
976.941
976.941
976.941
976.942
976.942
976.942
976.942
976.942
976.942
976.942
976.942
976.942
976.942
976.942
976.942
976.942
976.942
976.942
976.942
976.942
976.943
976.943
976.943
976.943
976.927
976.927
976.927
976.927
976.927
976.927
976.927
976.927
976.927
976.927
976.927
976.927
976.927
976.927
976.927
976.927
976.927
976.927
976.927
976.927
976.927
976.927
976.927
976.927
976.928
976.928
976.928
976.928
976.928
976.927
976.925
976.92
976.911
976.892
976.856
976.794
976.69
976.523
976.264
975.88
975.33
974.571
973.564
972.278
970.707
968.875
966.851
964.754
962.76
961.095
960.029
959.847
960.85
963.285
967.292
972.802
975.319
973.884
968.651
959.527
948.676
938.114
928.326
918.791
910.607
902.544
894.304
885.967
877.572
869.006
859.991
850.094
838.804
825.718
810.873
795.178
780.796
771.081
769.622
777.983
796.103
821.198
849.187
876.323
900.106
919.374
933.912
944
950.071
952.502
951.581
947.503
940.072
929.217
914.907
897.261
876.66
853.847
830.01
806.866
786.659
771.961
765.171
767.571
778.647
797.155
820.394
845.573
870.344
893.013
912.545
928.458
940.675
949.368
954.803
957.223
956.762
953.48
947.181
937.655
924.687
908.184
888.325
865.71
841.494
817.509
796.159
780.175
771.938
772.673
781.766
797.73
818.165
840.793
863.713
885.492
905.148
922.11
936.168
947.393
956.056
962.535
967.239
970.56
972.842
974.367
975.359
975.987
976.373
976.605
976.74
976.817
976.86
976.883
976.895
976.901
976.905
976.907
976.908
976.908
976.909
976.909
976.909
976.91
976.91
976.91
976.91
976.911
976.911
976.911
976.911
976.912
976.912
976.912
976.912
976.912
976.913
976.913
976.913
976.913
976.913
976.913
976.913
976.913
976.914
976.914
976.914
976.914
976.914
976.914
976.914
976.914
976.914
976.914
976.914
976.914
976.914
976.914
976.914
976.914
976.895
976.895
976.895
976.895
976.895
976.895
976.895
976.895
976.895
976.895
976.895
976.895
976.895
976.895
976.895
976.895
976.895
976.895
976.895
976.895
976.895
976.895
976.895
976.895
976.895
976.895
976.896
976.897
976.898
976.901
976.903
976.905
976.905
976.899
976.882
976.843
976.767
976.633
976.413
976.07
975.564
974.852
973.898
972.68
971.202
969.508
967.69
965.894
964.314
963.183
962.746
963.259
964.967
968.042
972.457
977.793
976.884
972.818
964.188
952.802
941.237
931.027
922.258
912.527
903.464
895.208
887.316
879.532
871.706
863.646
855.055
845.513
834.549
821.818
807.414
792.293
778.62
769.691
768.995
778.021
796.634
821.927
849.838
876.724
900.223
919.268
933.68
943.729
949.817
952.294
951.422
947.391
939.996
929.164
914.857
897.194
876.551
853.665
829.722
806.434
786.048
771.151
764.173
766.454
777.476
796.015
819.35
844.663
869.583
892.399
912.065
928.093
940.405
949.173
954.669
957.138
956.718
953.47
947.203
937.704
924.755
908.255
888.371
865.691
841.363
817.196
795.604
779.332
770.798
771.288
780.241
796.169
816.679
839.463
862.586
884.579
904.437
921.574
935.773
947.108
955.852
962.388
967.132
970.479
972.779
974.315
975.314
975.947
976.336
976.569
976.705
976.783
976.826
976.849
976.861
976.868
976.871
976.873
976.874
976.875
976.876
976.876
976.876
976.877
976.877
976.877
976.878
976.878
976.878
976.878
976.879
976.879
976.879
976.879
976.879
976.88
976.88
976.88
976.88
976.88
976.881
976.881
976.881
976.881
976.881
976.881
976.881
976.882
976.882
976.882
976.882
976.882
976.882
976.882
976.882
976.882
976.882
976.882
976.882
976.882
976.861
976.861
976.861
976.861
976.861
976.861
976.861
976.861
976.861
976.861
976.861
976.861
976.861
976.86
976.86
976.86
976.86
976.86
976.86
976.86
976.86
976.86
976.86
976.86
976.861
976.862
976.863
976.866
976.871
976.878
976.887
976.9
976.915
976.93
976.94
976.937
976.904
976.821
976.658
976.378
975.939
975.299
974.427
973.307
971.96
970.45
968.894
967.464
966.367
965.825
966.046
967.227
969.551
973.18
978.17
979.891
977.037
969.091
957.38
944.609
933.038
923.164
913.461
904.305
895.584
887.541
880.027
872.782
865.553
858.067
849.985
840.884
830.315
817.981
804.033
789.477
776.492
768.33
768.391
778.077
797.15
822.6
850.394
877.012
900.229
919.074
933.387
943.421
949.545
952.08
951.26
947.279
939.921
929.108
914.8
897.113
876.421
853.457
829.403
805.971
785.406
770.314
763.15
765.314
776.284
794.854
818.285
843.734
868.805
891.769
911.57
927.715
940.123
948.968
954.523
957.039
956.655
953.439
947.197
937.718
924.779
908.274
888.36
865.609
841.168
816.824
794.999
778.451
769.638
769.898
778.73
794.636
815.229
838.173
861.497
883.7
903.752
921.057
935.392
946.831
955.652
962.242
967.024
970.398
972.714
974.262
975.268
975.905
976.297
976.532
976.669
976.747
976.79
976.814
976.826
976.833
976.836
976.838
976.839
976.84
976.84
976.841
976.841
976.842
976.842
976.842
976.843
976.843
976.843
976.843
976.844
976.844
976.844
976.844
976.845
976.845
976.845
976.845
976.845
976.846
976.846
976.846
976.846
976.846
976.846
976.847
976.847
976.847
976.847
976.847
976.847
976.847
976.847
976.847
976.847
976.847
976.847
976.848
976.848
976.848
976.825
976.825
976.825
976.825
976.825
976.825
976.825
976.825
976.825
976.825
976.825
976.825
976.825
976.825
976.825
976.825
976.824
976.824
976.824
976.824
976.824
976.824
976.824
976.825
976.826
976.828
976.831
976.837
976.847
976.861
976.881
976.91
976.947
976.992
977.042
977.088
977.116
977.103
977.018
976.822
976.473
975.93
975.166
974.177
972.999
971.719
970.48
969.472
968.913
968.999
969.884
971.664
974.441
978.272
982.449
980.79
974.294
962.793
948.938
935.57
924.426
915.602
905.449
896.068
887.608
879.919
872.808
866.035
859.338
852.405
844.857
836.246
826.127
814.23
800.755
786.756
774.435
767.014
767.799
778.127
797.613
823.172
850.814
877.156
900.112
918.787
933.035
943.081
949.26
951.864
951.103
947.174
939.852
929.055
914.743
897.027
876.279
853.23
829.061
805.48
784.737
769.45
762.104
764.151
775.071
793.676
817.205
842.79
868.013
891.127
911.066
927.328
939.833
948.754
954.368
956.929
956.578
953.389
947.165
937.698
924.763
908.245
888.292
865.473
840.912
816.394
794.343
777.534
768.457
768.505
777.234
793.132
813.817
836.924
860.446
882.854
903.095
920.561
935.024
946.562
955.456
962.099
966.917
970.315
972.648
974.207
975.221
975.862
976.257
976.493
976.631
976.71
976.754
976.777
976.79
976.797
976.8
976.802
976.803
976.804
976.804
976.805
976.805
976.805
976.806
976.806
976.806
976.807
976.807
976.807
976.808
976.808
976.808
976.808
976.809
976.809
976.809
976.809
976.809
976.81
976.81
976.81
976.81
976.81
976.81
976.811
976.811
976.811
976.811
976.811
976.811
976.811
976.811
976.811
976.811
976.811
976.812
976.812
976.812
976.812
976.789
976.789
976.789
976.789
976.789
976.789
976.789
976.789
976.789
976.789
976.788
976.788
976.788
976.788
976.788
976.788
976.788
976.788
976.788
976.788
976.788
976.788
976.789
976.79
976.792
976.795
976.801
976.812
976.828
976.852
976.888
976.939
977.008
977.094
977.198
977.31
977.416
977.492
977.506
977.416
977.179
976.757
976.129
975.303
974.333
973.327
972.449
971.909
971.916
972.647
974.173
976.462
979.548
983.86
984.184
979.889
969.285
954.677
939.56
926.155
914.965
905.785
896.73
888.258
880.462
873.227
866.414
859.894
853.491
846.929
839.819
831.677
822.027
810.593
797.602
784.149
772.462
765.745
767.214
778.141
797.985
823.604
851.068
877.128
899.862
918.407
932.628
942.715
948.968
951.653
950.956
947.082
939.795
929.013
914.692
896.94
876.13
852.989
828.698
804.965
784.042
768.561
761.035
762.968
773.841
792.481
816.11
841.835
867.211
890.477
910.555
926.936
939.538
948.534
954.205
956.808
956.488
953.32
947.111
937.65
924.709
908.171
888.176
865.279
840.596
815.907
793.637
776.579
767.258
767.106
775.752
791.656
812.442
835.715
859.435
882.042
902.464
920.083
934.669
946.301
955.264
961.956
966.81
970.232
972.582
974.151
975.172
975.818
976.216
976.454
976.594
976.673
976.717
976.74
976.753
976.76
976.763
976.765
976.766
976.767
976.768
976.768
976.769
976.769
976.769
976.77
976.77
976.77
976.77
976.771
976.771
976.771
976.772
976.772
976.772
976.772
976.772
976.773
976.773
976.773
976.773
976.773
976.774
976.774
976.774
976.774
976.774
976.774
976.774
976.774
976.775
976.775
976.775
976.775
976.775
976.775
976.775
976.775
976.775
976.775
976.752
976.752
976.752
976.752
976.752
976.752
976.752
976.752
976.752
976.752
976.752
976.752
976.752
976.752
976.751
976.751
976.751
976.751
976.751
976.751
976.751
976.752
976.753
976.755
976.758
976.764
976.774
976.791
976.817
976.856
976.914
976.995
977.104
977.245
977.417
977.612
977.816
978.002
978.134
978.17
978.067
977.788
977.322
976.691
975.966
975.274
974.794
974.735
975.309
976.658
978.784
981.465
984.321
987.3
984.899
976.237
961.813
945.259
930.007
917.264
906.115
897.463
889.802
882.635
875.71
868.867
862.05
855.33
848.722
842.102
835.138
827.313
818.078
807.101
794.592
781.667
770.58
764.524
766.627
778.095
798.238
823.867
851.124
876.947
899.483
917.944
932.176
942.333
948.677
951.452
950.824
947.006
939.754
928.985
914.652
896.86
875.98
852.74
828.321
804.429
783.324
767.648
759.944
761.765
772.594
791.273
815.005
840.871
866.403
889.823
910.04
926.541
939.239
948.31
954.037
956.679
956.385
953.234
947.033
937.571
924.617
908.05
888.005
865.026
840.22
815.363
792.881
775.586
766.038
765.705
774.283
790.208
811.105
834.547
858.463
881.263
901.859
919.623
934.326
946.046
955.074
961.815
966.702
970.148
972.514
974.095
975.123
975.774
976.175
976.415
976.555
976.635
976.679
976.703
976.716
976.723
976.727
976.729
976.73
976.73
976.731
976.731
976.732
976.732
976.732
976.733
976.733
976.733
976.734
976.734
976.734
976.734
976.735
976.735
976.735
976.735
976.736
976.736
976.736
976.736
976.736
976.737
976.737
976.737
976.737
976.737
976.737
976.737
976.738
976.738
976.738
976.738
976.738
976.738
976.738
976.738
976.738
976.738
976.738
976.738
976.715
976.715
976.715
976.715
976.715
976.715
976.715
976.715
976.715
976.715
976.715
976.715
976.715
976.715
976.715
976.715
976.714
976.714
976.714
976.715
976.715
976.716
976.718
976.721
976.726
976.736
976.751
976.777
976.816
976.875
976.961
977.082
977.244
977.454
977.71
978.007
978.326
978.64
978.91
979.091
979.139
979.027
978.75
978.346
977.901
977.554
977.485
977.899
978.988
980.87
983.533
986.69
989.367
988.642
982.85
969.944
952.666
935.417
921.012
909.82
899.726
892.596
886.755
881.171
875.224
868.64
861.447
853.817
846.08
838.609
831.224
823.368
814.376
803.789
791.739
779.317
768.789
763.346
766.021
777.948
798.345
823.926
850.99
876.597
898.985
917.409
931.692
941.946
948.396
951.268
950.711
946.95
939.732
928.974
914.626
896.791
875.835
852.489
827.932
803.876
782.584
766.712
758.832
760.544
771.333
790.055
813.893
839.903
865.593
889.168
909.525
926.145
938.94
948.084
953.864
956.543
956.272
953.133
946.933
937.462
924.488
907.885
887.781
864.715
839.785
814.761
792.075
774.556
764.798
764.304
772.826
788.789
809.805
833.419
857.527
880.515
901.277
919.18
933.991
945.795
954.886
961.672
966.592
970.062
972.445
974.037
975.073
975.729
976.133
976.376
976.517
976.598
976.642
976.667
976.68
976.686
976.69
976.692
976.693
976.694
976.694
976.695
976.695
976.695
976.696
976.696
976.696
976.697
976.697
976.697
976.698
976.698
976.698
976.698
976.699
976.699
976.699
976.699
976.699
976.7
976.7
976.7
976.7
976.7
976.7
976.7
976.701
976.701
976.701
976.701
976.701
976.701
976.701
976.701
976.701
976.701
976.701
976.701
976.701
976.701
976.678
976.678
976.678
976.678
976.678
976.678
976.678
976.678
976.678
976.678
976.678
976.678
976.678
976.678
976.678
976.678
976.678
976.678
976.678
976.678
976.679
976.68
976.683
976.688
976.697
976.711
976.734
976.772
976.829
976.914
977.037
977.208
977.437
977.73
978.088
978.503
978.956
979.416
979.839
980.18
980.398
980.471
980.408
980.26
980.125
980.143
980.485
981.331
982.834
985.082
988.071
991.634
992.039
988.961
978.397
961.474
942.594
925.906
913.064
903.231
896.459
891.914
888.072
883.884
878.654
872.054
864.163
855.411
846.373
837.334
828.614
820.141
811.06
800.709
789.053
777.097
767.086
762.204
765.385
777.707
798.239
823.785
850.683
876.094
898.386
916.821
931.191
941.564
948.133
951.106
950.622
946.916
939.732
928.984
914.618
896.735
875.698
852.237
827.536
803.308
781.824
765.756
757.699
759.305
770.059
788.829
812.777
838.934
864.784
888.515
909.013
925.752
938.641
947.857
953.687
956.4
956.147
953.015
946.812
937.326
924.323
907.675
887.506
864.347
839.29
814.102
791.22
773.489
763.538
762.901
771.382
787.397
808.541
832.33
856.627
879.796
900.716
918.749
933.663
945.546
954.697
961.527
966.48
969.974
972.374
973.978
975.022
975.684
976.092
976.336
976.479
976.561
976.606
976.63
976.643
976.65
976.654
976.656
976.657
976.658
976.658
976.659
976.659
976.659
976.66
976.66
976.66
976.661
976.661
976.661
976.661
976.662
976.662
976.662
976.662
976.663
976.663
976.663
976.663
976.663
976.664
976.664
976.664
976.664
976.664
976.664
976.664
976.665
976.665
976.665
976.665
976.665
976.665
976.665
976.665
976.665
976.665
976.665
976.665
976.665
976.642
976.642
976.642
976.642
976.642
976.642
976.642
976.641
976.641
976.641
976.641
976.641
976.641
976.641
976.641
976.641
976.641
976.641
976.642
976.642
976.643
976.646
976.65
976.657
976.67
976.691
976.725
976.778
976.859
976.978
977.148
977.381
977.69
978.082
978.559
979.11
979.713
980.332
980.922
981.436
981.838
982.115
982.287
982.419
982.614
983.005
983.736
984.949
986.753
989.186
992.1
994.866
992.931
985.323
970.59
951.347
932.475
917.477
907.138
900.142
896.639
894.713
893.032
890.371
885.942
879.346
870.625
860.295
849.205
838.269
827.9
818.002
808.313
797.928
786.546
775.001
765.46
761.088
764.711
777.364
798.023
823.49
850.202
875.463
897.71
916.202
930.691
941.201
947.895
950.972
950.558
946.907
939.754
929.013
914.628
896.693
875.57
851.988
827.134
802.728
781.046
764.779
756.549
758.05
768.775
787.598
811.661
837.967
863.98
887.868
908.506
925.363
938.345
947.63
953.508
956.251
956.013
952.884
946.67
937.161
924.122
907.421
887.18
863.923
838.737
813.387
790.314
772.385
762.258
761.496
769.952
786.034
807.313
831.278
855.761
879.102
900.172
918.327
933.338
945.296
954.504
961.378
966.364
969.883
972.3
973.918
974.971
975.639
976.051
976.298
976.442
976.525
976.57
976.595
976.608
976.615
976.619
976.621
976.622
976.623
976.623
976.624
976.624
976.624
976.625
976.625
976.625
976.626
976.626
976.626
976.626
976.627
976.627
976.627
976.627
976.627
976.628
976.628
976.628
976.628
976.628
976.629
976.629
976.629
976.629
976.629
976.629
976.629
976.63
976.63
976.63
976.63
976.63
976.63
976.63
976.63
976.63
976.63
976.63
976.63
976.606
976.606
976.606
976.606
976.606
976.606
976.606
976.606
976.606
976.605
976.605
976.605
976.605
976.605
976.605
976.605
976.605
976.605
976.606
976.607
976.609
976.612
976.619
976.63
976.648
976.678
976.726
976.8
976.911
977.073
977.3
977.608
978.012
978.519
979.13
979.832
980.598
981.389
982.156
982.853
983.45
983.943
984.367
984.794
985.326
986.078
987.158
988.658
990.654
993.215
996.322
996.274
991.706
979.88
961.556
940.909
923.156
910.839
903.309
900.071
899.497
900.052
900.228
898.854
895.18
888.744
879.497
867.859
854.74
841.361
828.769
817.184
806.331
795.533
784.238
773.019
763.898
759.989
763.993
776.919
797.661
823.029
849.577
874.734
896.986
915.578
930.212
940.869
947.692
950.869
950.521
946.921
939.796
929.061
914.655
896.666
875.452
851.743
826.728
802.135
780.251
763.783
755.38
756.781
767.483
786.365
810.548
837.008
863.185
887.23
908.008
924.981
938.054
947.405
953.328
956.097
955.87
952.738
946.508
936.97
923.886
907.125
886.803
863.442
838.125
812.614
789.359
771.243
760.956
760.089
768.537
784.698
806.12
830.261
854.924
878.431
899.642
917.911
933.012
945.041
954.305
961.222
966.242
969.787
972.224
973.856
974.92
975.594
976.011
976.261
976.407
976.49
976.537
976.562
976.575
976.582
976.586
976.588
976.589
976.59
976.59
976.591
976.591
976.591
976.592
976.592
976.592
976.593
976.593
976.593
976.593
976.594
976.594
976.594
976.594
976.595
976.595
976.595
976.595
976.595
976.596
976.596
976.596
976.596
976.596
976.596
976.596
976.597
976.597
976.597
976.597
976.597
976.597
976.597
976.597
976.597
976.597
976.597
976.597
976.597
976.571
976.571
976.571
976.571
976.571
976.571
976.571
976.571
976.571
976.571
976.571
976.571
976.57
976.57
976.57
976.57
976.57
976.571
976.572
976.573
976.576
976.581
976.59
976.606
976.632
976.674
976.74
976.841
976.99
977.204
977.5
977.898
978.411
979.05
979.81
980.676
981.615
982.585
983.534
984.42
985.219
985.936
986.616
987.337
988.194
989.277
990.646
992.335
994.38
996.754
999.006
996.908
988.658
972.754
951.724
930.832
915.124
906.279
902.208
901.985
903.978
906.431
907.96
907.513
904.469
898.324
888.935
876.548
861.926
846.342
831.24
817.58
805.116
793.577
782.146
771.142
762.387
758.897
763.23
776.379
797.165
822.428
848.843
873.944
896.249
914.974
929.771
940.583
947.531
950.801
950.513
946.959
939.858
929.126
914.696
896.651
875.343
851.501
826.319
801.532
779.44
762.769
754.195
755.5
766.186
785.135
809.443
836.061
862.404
886.606
907.522
924.609
937.769
947.182
953.146
955.938
955.718
952.578
946.326
936.752
923.616
906.786
886.375
862.905
837.453
811.784
788.353
770.064
759.634
758.68
767.137
783.389
804.961
829.277
854.115
877.779
899.121
917.495
932.681
944.777
954.096
961.058
966.114
969.687
972.146
973.794
974.869
975.552
975.973
976.227
976.375
976.46
976.506
976.532
976.545
976.553
976.556
976.558
976.56
976.56
976.561
976.561
976.562
976.562
976.562
976.563
976.563
976.563
976.564
976.564
976.564
976.565
976.565
976.565
976.565
976.566
976.566
976.566
976.566
976.566
976.567
976.567
976.567
976.567
976.567
976.567
976.568
976.568
976.568
976.568
976.568
976.568
976.568
976.568
976.568
976.568
976.568
976.568
976.568
976.568
976.539
976.539
976.539
976.539
976.539
976.539
976.539
976.538
976.538
976.538
976.538
976.538
976.538
976.538
976.538
976.537
976.538
976.538
976.539
976.541
976.546
976.553
976.566
976.589
976.625
976.682
976.772
976.906
977.101
977.378
977.757
978.258
978.896
979.68
980.602
981.641
982.761
983.913
985.047
986.122
987.121
988.059
988.987
989.983
991.131
992.492
994.078
995.867
997.896
1000.32
1000.21
995.814
983.929
964.492
941.91
922.02
909.132
903.8
902.925
905.3
909.155
912.878
915.247
915.352
912.723
906.871
897.586
884.944
869.477
852.301
834.991
819.006
804.926
792.16
780.298
769.366
760.912
757.802
762.423
775.757
796.561
821.725
848.041
873.133
895.534
914.419
929.39
940.353
947.419
950.77
950.533
947.017
939.936
929.203
914.748
896.645
875.24
851.26
825.904
800.917
778.612
761.736
752.995
754.208
764.887
783.91
808.351
835.129
861.64
885.999
907.051
924.248
937.491
946.964
952.966
955.776
955.558
952.405
946.125
936.507
923.312
906.404
885.898
862.312
836.723
810.897
787.297
768.846
758.291
757.27
765.751
782.107
803.833
828.323
853.329
877.14
898.602
917.074
932.338
944.5
953.874
960.883
965.978
969.583
972.067
973.733
974.822
975.514
975.941
976.198
976.349
976.435
976.483
976.509
976.522
976.53
976.534
976.536
976.537
976.538
976.538
976.539
976.539
976.54
976.54
976.54
976.541
976.541
976.542
976.542
976.542
976.542
976.543
976.543
976.543
976.544
976.544
976.544
976.544
976.545
976.545
976.545
976.545
976.545
976.545
976.546
976.546
976.546
976.546
976.546
976.546
976.546
976.546
976.546
976.546
976.547
976.547
976.547
976.547
976.547
976.511
976.511
976.511
976.511
976.511
976.51
976.51
976.51
976.51
976.51
976.509
976.509
976.509
976.509
976.508
976.508
976.508
976.509
976.511
976.514
976.52
976.531
976.549
976.579
976.629
976.706
976.825
977
977.252
977.603
978.078
978.696
979.474
980.414
981.508
982.727
984.029
985.362
986.677
987.936
989.127
990.272
991.422
992.651
994.029
995.595
997.324
999.114
1000.84
1002.5
1000.75
993.462
977.932
955.617
932.806
915.561
906.118
903.484
905.179
909.483
914.573
919.01
921.756
922.072
919.616
913.948
904.828
892.213
876.416
858.301
839.346
821.271
805.243
791.188
778.691
767.684
759.464
756.7
761.58
775.074
795.883
820.963
847.218
872.345
894.876
913.94
929.087
940.193
947.358
950.778
950.582
947.094
940.025
929.287
914.805
896.642
875.139
851.018
825.483
800.289
777.767
760.685
751.78
752.907
763.589
782.696
807.275
834.22
860.899
885.413
906.598
923.9
937.224
946.752
952.787
955.612
955.392
952.22
945.906
936.237
922.974
905.981
885.371
861.662
835.934
809.952
786.191
767.591
756.927
755.858
764.381
780.852
802.736
827.397
852.562
876.508
898.08
916.641
931.979
944.205
953.636
960.696
965.835
969.476
971.989
973.678
974.782
975.484
975.918
976.18
976.333
976.421
976.47
976.496
976.51
976.518
976.522
976.524
976.525
976.526
976.527
976.528
976.528
976.529
976.529
976.53
976.53
976.53
976.531
976.531
976.532
976.532
976.532
976.533
976.533
976.533
976.534
976.534
976.534
976.534
976.535
976.535
976.535
976.535
976.536
976.536
976.536
976.536
976.536
976.536
976.536
976.537
976.537
976.537
976.537
976.537
976.537
976.537
976.537
976.537
976.49
976.49
976.49
976.49
976.49
976.49
976.489
976.489
976.489
976.488
976.488
976.487
976.487
976.486
976.486
976.485
976.485
976.486
976.488
976.493
976.501
976.516
976.541
976.582
976.649
976.751
976.905
977.13
977.449
977.888
978.471
979.22
980.148
981.256
982.527
983.927
985.409
986.917
988.403
989.832
991.197
992.522
993.853
995.253
996.777
998.453
1000.26
1002.07
1003.58
1003.44
1000.01
989.831
970.829
946.536
924.755
911.064
905.031
904.9
908.685
914.292
920.058
924.745
927.5
927.73
925.233
919.587
910.567
898.066
882.229
863.673
843.657
823.93
806.052
790.594
777.305
766.089
758.034
755.584
760.709
774.353
795.169
820.187
846.419
871.622
894.313
913.564
928.88
940.11
947.357
950.828
950.658
947.186
940.121
929.373
914.86
896.636
875.033
850.769
825.051
799.646
776.903
759.616
750.551
751.599
762.297
781.498
806.223
833.337
860.185
884.853
906.166
923.57
936.968
946.547
952.612
955.448
955.22
952.024
945.669
935.941
922.602
905.515
884.794
860.957
835.084
808.949
785.032
766.296
755.544
754.446
763.027
779.622
801.668
826.495
851.81
875.879
897.549
916.19
931.598
943.889
953.382
960.499
965.688
969.372
971.918
973.632
974.754
975.469
975.911
976.178
976.335
976.424
976.474
976.501
976.516
976.524
976.528
976.53
976.532
976.533
976.534
976.535
976.536
976.536
976.537
976.538
976.538
976.539
976.539
976.54
976.54
976.541
976.541
976.542
976.542
976.543
976.543
976.543
976.544
976.544
976.544
976.545
976.545
976.545
976.545
976.546
976.546
976.546
976.546
976.546
976.546
976.547
976.547
976.547
976.547
976.547
976.547
976.547
976.547
976.547
976.482
976.482
976.482
976.482
976.481
976.481
976.48
976.48
976.479
976.478
976.477
976.476
976.475
976.474
976.474
976.473
976.473
976.474
976.476
976.482
976.494
976.514
976.547
976.603
976.69
976.823
977.02
977.304
977.701
978.239
978.943
979.835
980.924
982.205
983.655
985.233
986.885
988.555
990.194
991.772
993.283
994.75
996.209
997.705
999.276
1000.94
1002.71
1004.49
1005.08
1003.82
998.374
985.183
962.939
937.748
918.384
908.215
905.47
907.788
913.112
919.505
925.503
930.082
932.567
932.492
929.768
923.986
914.953
902.535
886.771
868.076
847.462
826.56
807.137
790.286
776.101
764.568
756.613
754.453
759.821
773.618
794.453
819.439
845.691
871.008
893.877
913.316
928.782
940.113
947.421
950.921
950.76
947.291
940.219
929.454
914.906
896.62
874.916
850.508
824.604
798.985
776.019
758.528
749.309
750.286
761.013
780.319
805.199
832.487
859.504
884.322
905.76
923.26
936.729
946.355
952.446
955.288
955.048
951.822
945.418
935.623
922.198
905.008
884.166
860.194
834.174
807.885
783.821
764.959
754.144
753.032
761.688
778.419
800.628
825.615
851.067
875.246
897.002
915.715
931.191
943.551
953.112
960.294
965.543
969.276
971.863
973.605
974.748
975.478
975.931
976.204
976.364
976.456
976.507
976.535
976.55
976.558
976.563
976.566
976.568
976.569
976.57
976.571
976.572
976.573
976.574
976.575
976.576
976.577
976.578
976.579
976.579
976.58
976.581
976.581
976.582
976.583
976.583
976.584
976.584
976.585
976.585
976.585
976.586
976.586
976.586
976.587
976.587
976.587
976.588
976.588
976.588
976.588
976.588
976.588
976.588
976.589
976.589
976.589
976.589
976.589
976.494
976.494
976.494
976.493
976.493
976.492
976.491
976.49
976.489
976.487
976.486
976.484
976.482
976.481
976.479
976.478
976.477
976.478
976.481
976.489
976.504
976.53
976.575
976.647
976.759
976.929
977.178
977.531
978.017
978.666
979.503
980.547
981.803
983.259
984.883
986.629
988.437
990.249
992.016
993.712
995.334
996.896
998.425
999.944
1001.47
1003.02
1004.58
1006.07
1005.67
1003.2
995.828
979.622
954.582
929.714
913.977
907.462
907.472
911.794
918.176
924.922
930.807
935.012
937.021
936.508
933.396
927.349
918.191
905.781
890.098
871.411
850.512
828.847
808.232
790.12
775.019
763.101
755.198
753.306
758.928
772.893
793.772
818.765
845.08
870.543
893.603
913.218
928.81
940.217
947.555
951.059
950.888
947.405
940.315
929.525
914.936
896.584
874.779
850.226
824.136
798.301
775.112
757.419
748.055
748.97
759.742
779.167
804.21
831.675
858.862
883.826
905.383
922.975
936.511
946.181
952.295
955.14
954.882
951.618
945.156
935.283
921.762
904.459
883.488
859.373
833.202
806.761
782.555
763.58
752.724
751.619
760.365
777.241
799.614
824.753
850.33
874.604
896.434
915.212
930.757
943.191
952.83
960.09
965.408
969.203
971.833
973.611
974.779
975.526
975.99
976.27
976.435
976.529
976.582
976.611
976.627
976.636
976.641
976.645
976.647
976.649
976.651
976.653
976.654
976.656
976.657
976.659
976.66
976.661
976.663
976.664
976.665
976.666
976.667
976.668
976.669
976.67
976.67
976.671
976.672
976.673
976.673
976.674
976.674
976.675
976.675
976.676
976.676
976.676
976.677
976.677
976.677
976.677
976.678
976.678
976.678
976.678
976.678
976.678
976.678
976.678
976.538
976.538
976.537
976.536
976.535
976.534
976.532
976.531
976.528
976.526
976.523
976.521
976.518
976.515
976.512
976.509
976.508
976.508
976.512
976.521
976.54
976.575
976.632
976.725
976.868
977.081
977.389
977.82
978.406
979.176
980.155
981.357
982.782
984.409
986.2
988.098
990.04
991.966
993.83
995.607
997.293
998.901
1000.44
1001.93
1003.35
1004.74
1006.11
1006.69
1005.78
1002.22
992.918
973.597
946.33
923.244
911.349
908.288
910.839
916.626
923.621
930.366
935.87
939.511
940.901
939.856
936.255
929.845
920.468
907.985
892.343
873.715
852.718
830.599
809.117
789.935
773.986
761.66
753.779
752.144
758.04
772.201
793.161
818.205
844.628
870.268
893.527
913.295
928.983
940.428
947.765
951.245
951.044
947.528
940.405
929.578
914.942
896.521
874.613
849.916
823.64
797.588
774.177
756.288
746.788
747.653
758.488
778.047
803.263
830.909
858.264
883.371
905.041
922.722
936.322
946.035
952.171
955.014
954.733
951.422
944.891
934.928
921.298
903.869
882.758
858.493
832.166
805.573
781.232
762.159
751.286
750.206
759.06
776.09
798.625
823.907
849.594
873.947
895.839
914.679
930.295
942.814
952.546
959.898
965.301
969.162
971.849
973.668
974.866
975.632
976.109
976.397
976.567
976.664
976.719
976.75
976.767
976.778
976.784
976.788
976.792
976.795
976.797
976.8
976.802
976.805
976.807
976.809
976.811
976.813
976.815
976.817
976.819
976.82
976.822
976.823
976.824
976.826
976.827
976.828
976.829
976.83
976.831
976.832
976.832
976.833
976.834
976.834
976.835
976.835
976.836
976.836
976.837
976.837
976.837
976.838
976.838
976.838
976.838
976.838
976.838
976.838
976.629
976.629
976.628
976.627
976.625
976.623
976.62
976.617
976.614
976.61
976.606
976.601
976.596
976.591
976.586
976.582
976.579
976.578
976.582
976.593
976.617
976.66
976.733
976.849
977.027
977.29
977.666
978.185
978.88
979.779
980.906
982.268
983.858
985.648
987.587
989.616
991.664
993.672
995.594
997.409
999.112
1000.71
1002.22
1003.62
1004.9
1006.05
1007.16
1007.01
1005.58
1001.03
989.788
967.5
938.812
918.82
910.985
910.759
915.298
922.045
929.243
935.688
940.611
943.554
944.229
942.589
938.435
931.596
921.928
909.3
893.646
875.08
854.088
831.739
809.696
789.632
772.931
760.216
752.35
750.968
757.17
771.564
792.65
817.798
844.386
870.24
893.668
913.566
929.312
940.757
948.057
951.484
951.23
947.661
940.487
929.61
914.917
896.422
874.41
849.568
823.107
796.842
773.211
755.133
745.509
746.338
757.257
776.964
802.363
830.196
857.716
882.962
904.743
922.509
936.174
945.932
952.088
954.928
954.615
951.246
944.634
934.566
920.811
903.24
881.977
857.552
831.064
804.319
779.849
760.696
749.827
748.793
757.773
774.966
797.661
823.075
848.855
873.271
895.216
914.116
929.813
942.432
952.275
959.738
965.24
969.182
971.934
973.802
975.033
975.822
976.313
976.611
976.786
976.888
976.945
976.978
976.997
977.009
977.017
977.023
977.028
977.032
977.036
977.04
977.044
977.047
977.051
977.054
977.057
977.06
977.063
977.066
977.068
977.071
977.073
977.075
977.077
977.079
977.081
977.083
977.084
977.086
977.087
977.088
977.089
977.09
977.091
977.092
977.093
977.094
977.094
977.095
977.095
977.096
977.096
977.097
977.097
977.097
977.097
977.097
977.098
977.098
976.789
976.789
976.787
976.785
976.783
976.779
976.775
976.771
976.765
976.759
976.752
976.745
976.737
976.729
976.721
976.714
976.708
976.706
976.709
976.722
976.75
976.803
976.893
977.037
977.254
977.573
978.023
978.637
979.448
980.482
981.758
983.278
985.025
986.961
989.028
991.159
993.281
995.334
997.274
999.081
1000.75
1002.3
1003.73
1005.03
1006.17
1007.08
1007.55
1007.1
1005.16
999.66
986.535
961.782
933.026
916.714
912.401
914.695
920.603
927.831
934.875
940.775
944.963
947.116
947.029
944.742
940
932.689
922.68
909.845
894.11
875.563
854.607
832.14
809.645
789.084
771.787
758.738
750.901
749.779
756.33
771.003
792.271
817.603
844.403
870.445
894.054
914.048
929.811
941.214
948.442
951.784
951.454
947.807
940.563
929.619
914.856
896.279
874.159
849.174
822.53
796.053
772.209
753.951
744.218
745.026
756.052
775.926
801.52
829.542
857.227
882.607
904.497
922.35
936.082
945.88
952.054
954.887
954.545
951.11
944.399
934.207
920.306
902.576
881.145
856.548
829.893
802.996
778.404
759.189
748.349
747.382
756.506
773.869
796.722
822.255
848.112
872.577
894.566
913.531
929.322
942.061
952.04
959.639
965.252
969.293
972.12
974.042
975.311
976.126
976.633
976.941
977.123
977.229
977.29
977.326
977.348
977.362
977.372
977.38
977.387
977.394
977.4
977.406
977.412
977.417
977.422
977.427
977.432
977.437
977.441
977.445
977.449
977.452
977.456
977.459
977.462
977.464
977.467
977.469
977.472
977.474
977.476
977.477
977.479
977.48
977.482
977.483
977.484
977.485
977.486
977.487
977.488
977.488
977.489
977.49
977.49
977.49
977.491
977.491
977.491
977.491
977.047
977.046
977.044
977.041
977.036
977.031
977.025
977.018
977.01
977.001
976.99
976.979
976.968
976.955
976.943
976.931
976.921
976.915
976.916
976.93
976.963
977.026
977.135
977.308
977.569
977.948
978.478
979.192
980.122
981.293
982.715
984.384
986.272
988.333
990.501
992.702
994.863
996.923
998.839
1000.6
1002.19
1003.64
1004.95
1006.12
1007.14
1007.76
1007.74
1007.06
1004.59
998.106
983.173
956.776
929.801
917.54
915.747
919.848
926.545
933.804
940.38
945.539
948.878
950.174
949.344
946.346
940.999
933.194
922.813
909.729
893.88
875.314
854.371
831.877
809.244
788.254
770.503
757.197
749.425
748.579
755.532
770.537
792.065
817.641
844.668
870.943
894.707
914.759
930.494
941.814
948.932
952.158
951.726
947.975
940.637
929.603
914.753
896.082
873.85
848.722
821.899
795.216
771.166
752.74
742.915
743.721
754.878
774.939
800.739
828.953
856.803
882.318
904.316
922.259
936.058
945.908
952.108
954.933
954.545
951.034
944.206
933.866
919.795
901.882
880.263
855.48
828.65
801.599
776.893
757.636
746.851
745.974
755.261
772.803
795.809
821.448
847.365
871.865
893.896
912.934
928.84
941.729
951.874
959.62
965.376
969.53
972.443
974.426
975.736
976.578
977.103
977.422
977.612
977.724
977.79
977.829
977.855
977.872
977.886
977.897
977.908
977.917
977.927
977.935
977.944
977.952
977.959
977.967
977.973
977.98
977.986
977.992
977.997
978.003
978.007
978.012
978.016
978.02
978.024
978.027
978.03
978.033
978.036
978.038
978.041
978.043
978.045
978.047
978.048
978.05
978.051
978.052
978.053
978.054
978.055
978.056
978.056
978.057
978.057
978.057
978.058
978.058
977.434
977.433
977.43
977.425
977.419
977.412
977.403
977.392
977.38
977.367
977.352
977.335
977.318
977.3
977.281
977.263
977.247
977.236
977.233
977.246
977.283
977.356
977.483
977.687
977.994
978.436
979.048
979.864
980.913
982.216
983.776
985.579
987.589
989.748
991.985
994.222
996.385
998.414
1000.27
1001.94
1003.43
1004.75
1005.91
1006.92
1007.81
1008.03
1007.8
1006.78
1003.8
996.278
979.516
952.89
928.58
920.259
920.748
925.985
932.909
939.793
945.641
949.913
952.333
952.745
951.163
947.448
941.485
933.185
922.419
909.083
893.105
874.521
853.621
831.141
808.395
787.114
769.042
755.572
747.915
747.38
754.787
770.191
792.064
817.923
845.244
871.757
895.651
915.717
931.378
942.574
949.547
952.624
952.061
948.177
940.715
929.566
914.606
895.826
873.474
848.202
821.203
794.322
770.076
751.496
741.599
742.424
753.742
774.011
800.027
828.439
856.454
882.104
904.215
922.255
936.14
946.051
952.28
955.095
954.654
951.044
944.083
933.563
919.29
901.164
879.332
854.347
827.331
800.124
775.314
756.034
745.334
744.568
754.04
771.77
794.926
820.656
846.616
871.142
893.218
912.347
928.396
941.469
951.805
959.739
965.654
969.935
972.942
974.991
976.346
977.216
977.76
978.092
978.291
978.409
978.481
978.526
978.556
978.579
978.597
978.613
978.628
978.641
978.654
978.667
978.679
978.69
978.701
978.711
978.721
978.73
978.739
978.747
978.755
978.762
978.769
978.775
978.781
978.786
978.791
978.796
978.801
978.805
978.808
978.812
978.815
978.818
978.821
978.823
978.825
978.827
978.829
978.831
978.832
978.833
978.834
978.835
978.836
978.837
978.837
978.838
978.838
978.838
977.989
977.987
977.983
977.977
977.968
977.958
977.945
977.93
977.913
977.894
977.873
977.85
977.825
977.798
977.771
977.745
977.72
977.702
977.694
977.703
977.742
977.824
977.969
978.202
978.554
979.059
979.753
980.668
981.832
983.257
984.94
986.857
988.961
991.188
993.46
995.697
997.827
999.793
1001.56
1003.12
1004.48
1005.65
1006.66
1007.52
1008.12
1008.13
1007.76
1006.41
1002.85
994.035
974.976
948.785
930.108
924.806
927.024
932.763
939.434
945.62
950.554
953.849
955.316
954.869
952.511
948.091
941.527
932.712
921.543
907.923
891.788
873.167
852.31
829.878
807.093
785.653
767.385
753.843
746.371
746.188
754.105
769.98
792.262
818.5
846.158
872.91
896.904
916.941
932.486
943.518
950.31
953.204
952.481
948.43
940.81
929.511
914.414
895.505
873.023
847.605
820.435
793.363
768.932
750.216
740.269
741.138
752.65
773.146
799.392
828.008
856.191
881.981
904.217
922.371
936.357
946.344
952.609
955.413
954.909
951.18
944.045
933.318
918.806
900.431
878.356
853.145
825.931
798.565
773.661
754.38
743.796
743.168
752.847
770.775
794.075
819.884
845.873
870.419
892.55
911.796
928.027
941.326
951.886
960.036
966.131
970.551
973.657
975.775
977.176
978.076
978.639
978.984
979.193
979.32
979.398
979.45
979.487
979.516
979.541
979.562
979.583
979.602
979.62
979.637
979.654
979.67
979.685
979.699
979.712
979.724
979.736
979.747
979.758
979.767
979.776
979.785
979.793
979.8
979.807
979.813
979.819
979.824
979.829
979.834
979.838
979.842
979.845
979.849
979.852
979.854
979.857
979.859
979.861
979.862
979.864
979.865
979.866
979.867
979.868
979.868
979.868
979.869
978.752
978.749
978.743
978.734
978.723
978.708
978.691
978.671
978.647
978.621
978.592
978.56
978.526
978.489
978.451
978.414
978.379
978.35
978.333
978.337
978.374
978.462
978.622
978.883
979.278
979.842
980.612
981.619
982.885
984.417
986.203
988.208
990.376
992.635
994.906
997.109
999.175
1001.05
1002.71
1004.14
1005.36
1006.38
1007.25
1008.01
1008.29
1008.17
1007.59
1005.89
1001.65
991.218
970.69
945.101
933.119
930.725
934.091
939.815
945.863
951.13
955.042
957.326
957.842
956.578
953.441
948.328
941.161
931.831
920.246
906.322
890.005
871.321
850.495
828.129
805.367
783.872
765.517
751.994
744.801
745.015
753.505
769.951
792.713
819.407
847.441
874.427
898.489
918.456
933.842
944.674
951.251
953.926
953.011
948.754
940.935
929.449
914.18
895.116
872.489
846.92
819.584
792.331
767.731
748.897
738.927
739.868
751.607
772.351
798.841
827.668
856.025
881.97
904.345
922.637
936.747
946.825
953.135
955.927
955.348
951.478
944.141
933.164
918.363
899.693
877.337
851.874
824.446
796.917
771.93
752.671
742.239
741.776
751.687
769.824
793.264
819.139
845.147
869.715
891.92
911.32
927.78
941.332
952.169
960.561
966.852
971.417
974.625
976.811
978.256
979.184
979.767
980.126
980.346
980.483
980.57
980.631
980.676
980.713
980.745
980.774
980.802
980.827
980.852
980.875
980.897
980.918
980.937
980.956
980.973
980.99
981.005
981.019
981.033
981.046
981.057
981.068
981.078
981.088
981.097
981.105
981.112
981.119
981.126
981.131
981.137
981.142
981.146
981.15
981.154
981.157
981.16
981.163
981.166
981.168
981.17
981.171
981.173
981.174
981.175
981.175
981.176
981.176
979.756
979.752
979.745
979.733
979.718
979.699
979.676
979.649
979.619
979.584
979.546
979.503
979.458
979.409
979.358
979.307
979.258
979.216
979.187
979.182
979.214
979.304
979.475
979.758
980.189
980.805
981.64
982.726
984.078
985.696
987.558
989.619
991.817
994.074
996.309
998.445
1000.42
1002.18
1003.72
1005.02
1006.09
1006.98
1007.71
1008.26
1008.36
1008.15
1007.33
1005.2
1000.11
987.245
966.427
946.18
938.238
937.738
941.545
946.815
951.985
956.211
959.069
960.357
959.977
957.907
954.021
948.238
940.462
930.607
918.592
904.347
887.825
869.056
848.246
825.953
803.257
781.783
763.437
750.03
743.198
743.873
753.004
770.094
793.455
820.681
849.12
876.331
900.428
920.287
935.478
946.073
952.4
954.82
953.679
949.174
941.11
929.389
913.906
894.657
871.866
846.141
818.641
791.218
766.464
747.537
737.572
738.621
750.612
771.632
798.382
827.43
855.982
882.083
904.627
923.087
937.348
947.538
953.902
956.678
956.011
951.974
944.396
933.114
917.976
898.96
876.279
850.53
822.869
795.173
770.114
750.903
740.663
740.393
750.567
768.924
792.502
818.433
844.456
869.056
891.366
910.966
927.698
941.568
952.711
961.364
967.858
972.568
975.873
978.122
979.606
980.56
981.161
981.534
981.766
981.913
982.012
982.083
982.138
982.184
982.226
982.263
982.299
982.332
982.363
982.393
982.421
982.448
982.473
982.496
982.518
982.539
982.558
982.576
982.593
982.609
982.624
982.637
982.65
982.662
982.673
982.683
982.692
982.701
982.708
982.716
982.722
982.728
982.734
982.739
982.744
982.748
982.751
982.755
982.758
982.76
982.763
982.765
982.766
982.768
982.769
982.769
982.77
982.77
981.03
981.025
981.016
981.001
980.982
980.958
980.929
980.895
980.855
980.811
980.762
980.708
980.649
980.587
980.521
980.454
980.389
980.33
980.286
980.268
980.291
980.377
980.553
980.851
981.308
981.963
982.85
983.996
985.411
987.087
988.994
991.079
993.271
995.49
997.656
999.696
1001.56
1003.2
1004.6
1005.77
1006.71
1007.45
1008.11
1008.42
1008.39
1008.04
1006.94
1004.21
998.113
983.184
961.837
948.976
944.442
945.264
948.974
953.497
957.653
960.809
962.644
962.991
961.789
958.938
954.334
947.886
939.503
929.112
916.649
902.061
885.313
866.438
845.627
823.406
800.804
779.409
761.157
747.962
741.563
742.777
752.623
770.457
794.525
822.356
851.224
878.648
902.748
922.463
937.424
947.75
953.794
955.919
954.513
949.713
941.352
929.345
913.601
894.128
871.15
845.26
817.6
790.018
765.129
746.132
736.206
737.401
749.672
770.995
798.025
827.312
856.052
882.349
905.094
923.758
938.201
948.523
954.947
957.703
956.932
952.7
944.842
933.205
917.668
898.246
875.186
849.112
821.193
793.325
768.207
749.073
739.071
739.025
749.492
768.086
791.802
817.783
843.822
868.477
890.936
910.793
927.856
942.089
953.564
962.489
969.181
974.024
977.415
979.715
981.23
982.205
982.82
983.206
983.45
983.61
983.721
983.803
983.87
983.927
983.978
984.025
984.069
984.111
984.15
984.186
984.221
984.253
984.284
984.313
984.339
984.365
984.388
984.41
984.43
984.449
984.467
984.483
984.498
984.512
984.525
984.537
984.548
984.558
984.568
984.576
984.584
984.591
984.598
984.604
984.609
984.614
984.619
984.623
984.626
984.629
984.632
984.634
984.636
984.638
984.639
984.64
984.64
984.641
982.585
982.58
982.568
982.55
982.527
982.497
982.462
982.42
982.372
982.318
982.257
982.19
982.118
982.04
981.957
981.873
981.79
981.713
981.651
981.615
981.625
981.701
981.873
982.176
982.648
983.326
984.245
985.427
986.877
988.581
990.498
992.57
994.721
996.869
998.936
1000.86
1002.58
1004.09
1005.36
1006.41
1007.23
1007.84
1008.34
1008.49
1008.38
1007.86
1006.37
1002.7
995.005
979.335
962.418
953.895
951.412
952.798
956.053
959.679
962.799
964.933
965.823
965.327
963.355
959.778
954.486
947.378
938.376
927.426
914.487
899.529
882.531
863.527
842.698
820.542
798.048
776.781
758.694
745.802
739.9
741.744
752.407
771.086
795.965
824.466
853.783
881.401
905.477
925.016
939.714
949.737
955.46
957.251
955.541
950.395
941.683
929.331
913.272
893.532
870.339
844.272
816.454
788.726
763.721
744.682
734.829
736.209
748.792
770.448
797.773
827.315
856.272
882.793
905.78
924.689
939.345
949.815
956.303
959.031
958.14
953.686
945.506
933.46
917.461
897.562
874.063
847.618
819.414
791.368
766.201
747.181
737.457
737.68
748.475
767.321
791.178
817.21
843.279
868.024
890.687
910.863
928.326
942.96
954.783
963.971
970.841
975.795
979.247
981.58
983.114
984.101
984.727
985.123
985.379
985.552
985.675
985.769
985.848
985.916
985.977
986.034
986.087
986.136
986.183
986.227
986.267
986.306
986.342
986.375
986.406
986.436
986.463
986.488
986.512
986.534
986.554
986.573
986.59
986.606
986.621
986.635
986.647
986.659
986.67
986.679
986.688
986.697
986.704
986.711
986.717
986.722
986.727
986.732
986.736
986.739
986.742
986.745
986.747
986.749
986.75
986.751
986.752
986.752
984.415
984.408
984.394
984.373
984.346
984.311
984.269
984.22
984.163
984.099
984.027
983.948
983.861
983.768
983.668
983.566
983.463
983.366
983.284
983.229
983.219
983.28
983.44
983.736
984.207
984.89
985.818
987.009
988.463
990.16
992.053
994.077
996.154
998.201
1000.14
1001.93
1003.51
1004.87
1006.01
1006.94
1007.68
1008.19
1008.5
1008.52
1008.32
1007.59
1005.59
1000.49
990.629
975.968
965.06
959.699
958.482
959.943
962.566
965.277
967.426
968.641
968.698
967.464
964.792
960.544
954.59
946.823
937.182
925.638
912.186
896.822
879.542
860.383
839.517
817.415
795.037
773.93
756.071
743.568
738.223
740.801
752.392
772.027
797.815
827.046
856.823
884.621
908.645
927.976
942.377
952.059
957.425
958.839
956.783
951.242
942.119
929.361
912.929
892.874
869.434
843.175
815.199
787.337
762.237
743.186
733.442
735.05
747.98
770
797.659
827.453
856.66
883.444
906.719
925.915
940.811
951.441
957.992
960.682
959.654
954.951
946.41
933.901
917.368
896.92
872.915
846.046
817.525
789.291
764.092
745.224
735.821
736.368
747.526
766.647
790.653
816.745
842.871
867.761
890.702
911.277
929.192
944.251
956.413
965.834
972.844
977.867
981.348
983.689
985.224
986.212
986.842
987.246
987.512
987.695
987.83
987.936
988.026
988.105
988.176
988.242
988.303
988.36
988.413
988.462
988.509
988.552
988.593
988.63
988.665
988.698
988.728
988.757
988.783
988.807
988.829
988.85
988.869
988.887
988.903
988.918
988.932
988.945
988.957
988.967
988.977
988.986
988.994
989.002
989.008
989.014
989.02
989.025
989.029
989.033
989.036
989.039
989.041
989.043
989.045
989.046
989.047
989.047
986.487
986.479
986.464
986.44
986.409
986.369
986.322
986.266
986.201
986.128
986.046
985.955
985.856
985.748
985.633
985.513
985.391
985.274
985.171
985.093
985.062
985.101
985.241
985.518
985.972
986.64
987.551
988.722
990.149
991.804
993.638
995.581
997.554
999.476
1001.28
1002.91
1004.34
1005.55
1006.56
1007.38
1008.07
1008.44
1008.58
1008.52
1008.2
1007.22
1004.61
998.373
986.929
976.166
969.009
965.698
965.197
966.472
968.426
970.294
971.593
972.027
971.388
969.512
966.227
961.365
954.774
946.346
936.034
923.85
909.832
894.015
876.415
857.07
836.141
814.078
791.817
770.894
753.314
741.278
736.549
739.974
752.592
773.323
800.117
830.128
860.374
888.335
912.28
931.369
945.431
954.731
959.701
960.698
958.257
952.27
942.681
929.455
912.586
892.163
868.439
841.971
813.836
785.85
760.676
741.637
732.053
733.926
747.242
769.657
797.657
827.746
857.237
884.334
907.947
927.469
942.627
953.418
960.023
962.661
961.479
956.506
947.569
934.544
917.406
896.333
871.747
844.396
815.52
787.089
761.872
743.201
734.164
735.097
746.663
766.084
790.251
816.423
842.668
867.781
891.079
912.129
930.541
946.026
958.491
968.089
975.174
980.212
983.677
985.995
987.509
988.484
989.11
989.516
989.788
989.98
990.125
990.242
990.341
990.428
990.508
990.581
990.648
990.711
990.77
990.824
990.874
990.921
990.965
991.006
991.044
991.079
991.111
991.141
991.169
991.195
991.219
991.241
991.261
991.28
991.297
991.313
991.328
991.341
991.353
991.365
991.375
991.384
991.393
991.4
991.407
991.414
991.419
991.424
991.429
991.433
991.436
991.439
991.442
991.444
991.445
991.447
991.447
991.448
988.749
988.741
988.724
988.698
988.664
988.621
988.569
988.507
988.437
988.356
988.266
988.166
988.056
987.936
987.807
987.672
987.534
987.398
987.274
987.175
987.119
987.131
987.243
987.491
987.912
988.544
989.415
990.537
991.904
993.485
995.228
997.062
998.907
1000.69
1002.33
1003.81
1005.08
1006.15
1007.04
1007.75
1008.31
1008.58
1008.61
1008.48
1008
1006.72
1003.25
996.341
986.029
978.297
973.544
971.497
971.339
972.312
973.645
974.795
975.397
975.201
973.998
971.595
967.786
962.37
955.171
946.086
935.06
922.177
907.527
891.193
873.22
853.65
832.629
810.584
788.435
767.71
750.454
738.958
734.902
739.294
753.067
775.021
802.914
833.748
864.468
892.574
916.408
935.21
948.884
957.753
962.286
962.832
959.97
953.494
943.387
929.632
912.263
891.415
867.365
840.666
812.368
784.268
759.038
740.038
730.664
732.844
746.585
769.42
797.796
828.215
858.036
885.498
909.502
929.383
944.81
955.753
962.391
964.959
963.611
958.352
948.995
935.408
917.6
895.818
870.569
842.669
813.397
784.753
759.537
741.113
732.494
733.88
745.903
765.654
790.025
816.354
842.748
868.153
891.926
913.53
932.464
948.343
961.039
970.723
977.801
982.782
986.179
988.435
989.904
990.851
991.461
991.862
992.136
992.333
992.485
992.608
992.714
992.808
992.893
992.971
993.043
993.109
993.171
993.228
993.281
993.33
993.375
993.417
993.456
993.493
993.526
993.557
993.585
993.612
993.636
993.659
993.679
993.698
993.716
993.732
993.747
993.76
993.773
993.784
993.795
993.804
993.813
993.82
993.827
993.834
993.839
993.844
993.849
993.853
993.856
993.859
993.862
993.864
993.865
993.867
993.867
993.868
991.128
991.119
991.101
991.074
991.039
990.993
990.939
990.874
990.799
990.714
990.619
990.512
990.395
990.267
990.129
989.982
989.831
989.68
989.537
989.417
989.337
989.32
989.399
989.607
989.983
990.561
991.369
992.416
993.695
995.174
996.798
998.498
1000.2
1001.82
1003.31
1004.62
1005.75
1006.68
1007.45
1008.11
1008.49
1008.64
1008.6
1008.38
1007.71
1006.1
1001.83
994.125
986.72
981.348
978.184
976.886
976.84
977.489
978.298
978.875
978.941
978.262
976.629
973.816
969.58
963.678
955.906
946.145
934.397
920.747
905.383
888.453
870.041
850.194
829.044
806.99
784.938
764.419
747.521
736.632
733.306
738.782
753.864
777.167
806.248
837.944
869.139
897.365
921.045
939.501
952.723
961.105
965.161
965.24
961.921
954.927
944.263
929.923
911.991
890.655
866.232
839.275
810.805
782.596
757.327
738.395
729.275
731.809
746.024
769.346
798.103
828.887
859.091
886.98
911.424
931.686
947.373
958.438
965.079
967.556
966.033
960.483
950.694
936.512
917.973
895.397
869.396
840.87
811.155
782.282
757.084
738.961
730.816
732.733
745.272
765.41
790.03
816.511
843.177
869.024
893.383
915.605
935.049
951.245
964.057
973.708
980.672
985.515
988.783
990.938
992.336
993.237
993.821
994.209
994.478
994.675
994.829
994.955
995.065
995.161
995.249
995.329
995.402
995.469
995.532
995.589
995.642
995.691
995.737
995.779
995.817
995.853
995.886
995.917
995.945
995.971
995.995
996.017
996.037
996.055
996.073
996.088
996.103
996.116
996.128
996.139
996.149
996.158
996.166
996.174
996.181
996.187
996.192
996.197
996.202
996.205
996.209
996.212
996.214
996.216
996.218
996.219
996.219
996.22
993.539
993.53
993.513
993.485
993.449
993.403
993.348
993.283
993.207
993.12
993.023
992.914
992.793
992.661
992.518
992.365
992.206
992.044
991.888
991.75
991.647
991.603
991.645
991.808
992.128
992.639
993.364
994.316
995.484
996.836
998.32
999.869
1001.41
1002.87
1004.21
1005.37
1006.35
1007.15
1007.81
1008.34
1008.6
1008.66
1008.58
1008.23
1007.27
1005.16
1000.43
993.711
988.423
984.745
982.628
981.766
981.716
982.077
982.476
982.629
982.304
981.287
979.353
976.248
971.69
965.391
957.107
946.698
934.181
919.706
903.535
885.907
866.968
846.779
825.45
803.354
781.377
761.059
744.548
734.332
731.798
738.542
755.038
779.815
810.165
842.755
874.421
902.732
926.194
944.225
956.917
964.751
968.285
967.917
964.102
956.586
945.34
930.372
911.814
889.924
865.072
837.82
809.163
780.845
755.548
736.716
727.889
730.829
745.564
769.391
798.597
829.799
860.452
888.834
913.759
934.405
950.319
961.458
968.059
970.42
968.718
962.889
952.674
937.88
918.554
895.101
868.25
839.012
808.797
779.671
754.513
736.752
729.141
731.678
744.802
765.4
790.286
817.041
844.107
870.544
895.603
918.477
938.371
954.751
967.52
976.99
983.718
988.333
991.414
993.428
994.729
995.567
996.113
996.479
996.737
996.928
997.079
997.205
997.313
997.409
997.495
997.574
997.646
997.711
997.772
997.828
997.879
997.926
997.97
998.01
998.047
998.081
998.112
998.141
998.168
998.193
998.215
998.236
998.255
998.272
998.289
998.303
998.317
998.329
998.34
998.351
998.36
998.369
998.376
998.383
998.39
998.395
998.4
998.405
998.409
998.413
998.416
998.418
998.421
998.422
998.424
998.425
998.426
998.426
995.897
995.888
995.871
995.844
995.809
995.765
995.711
995.647
995.573
995.488
995.392
995.285
995.166
995.035
994.892
994.738
994.576
994.41
994.246
994.096
993.975
993.904
993.911
994.026
994.285
994.718
995.35
996.191
997.231
998.441
999.77
1001.16
1002.53
1003.84
1005.02
1006.04
1006.88
1007.56
1008.16
1008.5
1008.66
1008.65
1008.51
1008.01
1006.65
1003.85
999.096
994.394
990.696
988.171
986.729
986.119
986.025
986.16
986.265
986.126
985.543
984.313
982.201
978.926
974.165
967.58
958.873
947.868
934.577
919.222
902.135
883.689
864.111
843.492
821.921
799.737
777.803
757.675
741.57
732.089
730.414
738.561
756.641
783.021
814.718
848.228
880.351
908.69
931.841
949.342
961.413
968.638
971.624
970.815
966.519
958.495
946.667
931.039
911.795
889.278
863.931
836.337
807.467
779.033
753.712
735.011
726.513
729.911
745.211
769.598
799.312
831.002
862.182
891.126
916.563
937.567
953.646
964.786
971.289
973.508
971.634
965.553
954.942
939.541
919.39
894.975
867.166
837.117
806.33
776.925
751.825
734.495
727.484
730.742
744.55
765.633
790.9
818.063
845.703
872.896
898.755
922.262
942.474
958.845
971.373
980.49
986.855
991.156
993.992
995.831
997.012
997.773
998.271
998.608
998.847
999.027
999.17
999.29
999.393
999.484
999.566
999.641
999.708
999.77
999.827
999.879
999.926
999.97
1000.01
1000.05
1000.08
1000.11
1000.14
1000.17
1000.19
1000.21
1000.24
1000.25
1000.27
1000.29
1000.3
1000.32
1000.33
1000.34
1000.35
1000.36
1000.37
1000.37
1000.38
1000.39
1000.39
1000.4
1000.4
1000.41
1000.41
1000.41
1000.42
1000.42
1000.42
1000.42
1000.42
1000.42
1000.43
1000.43
998.121
998.113
998.097
998.072
998.039
997.997
997.947
997.886
997.817
997.737
997.646
997.544
997.431
997.305
997.168
997.019
996.86
996.696
996.531
996.375
996.241
996.149
996.124
996.193
996.39
996.742
997.275
997.997
998.9
999.959
1001.13
1002.34
1003.55
1004.7
1005.74
1006.63
1007.36
1007.91
1008.37
1008.61
1008.68
1008.63
1008.42
1007.75
1006.07
1002.76
999.039
995.717
993.151
991.421
990.423
989.967
989.831
989.811
989.724
989.401
988.672
987.341
985.164
981.84
977.009
970.277
961.281
949.779
935.756
919.465
901.368
881.959
861.6
840.434
818.538
796.205
774.27
754.309
738.618
729.939
729.185
738.877
758.733
786.848
819.967
854.418
886.966
915.241
937.952
954.789
966.137
972.698
975.125
973.897
969.168
960.688
948.307
932.011
912.03
888.806
862.881
834.881
805.758
777.185
751.837
733.287
725.152
729.069
745.017
770.009
800.299
832.566
864.369
893.944
919.902
941.205
957.348
968.387
974.722
976.771
974.742
968.458
957.51
941.537
920.541
895.08
866.194
835.217
803.773
774.05
749.029
732.203
725.864
729.964
744.557
766.213
791.985
819.738
848.166
876.292
903.005
927.048
947.362
963.472
975.526
984.111
989.99
993.899
996.444
998.079
999.125
999.797
1000.24
1000.54
1000.76
1000.92
1001.05
1001.16
1001.26
1001.34
1001.41
1001.48
1001.54
1001.6
1001.65
1001.7
1001.74
1001.78
1001.81
1001.85
1001.88
1001.91
1001.93
1001.95
1001.98
1002
1002.01
1002.03
1002.04
1002.06
1002.07
1002.08
1002.09
1002.1
1002.11
1002.12
1002.13
1002.13
1002.14
1002.15
1002.15
1002.16
1002.16
1002.16
1002.17
1002.17
1002.17
1002.17
1002.17
1002.18
1002.18
1002.18
1002.18
1002.18
1000.15
1000.14
1000.13
1000.1
1000.07
1000.04
999.991
999.936
999.873
999.8
999.717
999.624
999.519
999.404
999.276
999.137
998.988
998.831
998.671
998.516
998.377
998.27
998.218
998.247
998.384
998.658
999.091
999.694
1000.46
1001.37
1002.37
1003.42
1004.47
1005.46
1006.36
1007.14
1007.78
1008.23
1008.52
1008.66
1008.67
1008.6
1008.29
1007.42
1005.54
1002.46
999.668
997.334
995.576
994.397
993.703
993.351
993.189
993.076
992.878
992.461
991.675
990.334
988.194
984.941
980.181
973.47
964.363
952.527
937.877
920.669
901.467
880.922
859.598
837.73
815.394
792.833
770.838
751.006
735.732
727.898
728.169
739.573
761.382
791.371
825.987
861.389
894.296
922.368
944.465
960.48
970.996
976.848
978.73
977.127
972.051
963.205
950.346
933.408
912.655
888.642
862.023
833.525
804.087
775.339
749.946
731.558
723.816
728.318
744.984
770.671
801.633
834.592
867.132
897.401
923.853
945.346
961.409
972.216
978.298
980.152
977.996
971.585
960.394
943.922
922.088
895.506
865.408
833.361
801.151
771.058
746.134
729.899
724.306
729.374
744.855
767.242
793.698
822.279
851.745
880.958
908.504
932.872
952.986
968.527
979.858
987.738
993.026
996.485
998.707
1000.12
1001.02
1001.6
1001.98
1002.24
1002.43
1002.57
1002.69
1002.79
1002.87
1002.95
1003.01
1003.07
1003.12
1003.17
1003.22
1003.26
1003.29
1003.33
1003.36
1003.39
1003.41
1003.44
1003.46
1003.48
1003.5
1003.51
1003.53
1003.54
1003.56
1003.57
1003.58
1003.59
1003.6
1003.61
1003.61
1003.62
1003.63
1003.63
1003.64
1003.64
1003.65
1003.65
1003.65
1003.66
1003.66
1003.66
1003.66
1003.66
1003.67
1003.67
1003.67
1003.67
1003.67
1003.67
1001.94
1001.93
1001.92
1001.9
1001.87
1001.84
1001.8
1001.75
1001.69
1001.63
1001.56
1001.47
1001.38
1001.28
1001.17
1001.04
1000.9
1000.76
1000.61
1000.46
1000.32
1000.21
1000.14
1000.14
1000.22
1000.42
1000.76
1001.25
1001.88
1002.64
1003.49
1004.39
1005.28
1006.12
1006.89
1007.55
1008.14
1008.45
1008.62
1008.68
1008.66
1008.53
1008.14
1007.08
1004.98
1002.69
1000.68
999.057
997.865
997.066
996.58
996.305
996.138
995.979
995.73
995.285
994.51
993.233
991.217
988.143
983.602
977.096
968.1
956.161
941.073
923.033
902.675
880.89
858.321
835.535
812.602
789.705
767.571
747.819
732.966
725.926
727.419
740.717
764.67
796.681
832.871
869.212
902.36
930.03
951.292
966.305
975.886
981.002
982.372
980.468
975.165
966.094
952.885
935.381
913.844
888.943
861.501
832.376
802.529
773.542
748.07
729.839
722.517
727.677
745.143
771.651
803.418
837.22
870.628
901.637
928.502
950.013
965.801
976.217
981.951
983.588
981.347
974.907
963.608
946.759
924.139
896.376
864.911
831.62
798.504
767.969
743.158
727.609
722.849
729.082
745.567
768.862
796.251
825.964
856.733
887.125
915.35
939.705
959.226
973.858
984.224
991.255
995.875
998.847
1000.73
1001.92
1002.67
1003.16
1003.48
1003.7
1003.85
1003.98
1004.08
1004.16
1004.23
1004.29
1004.35
1004.4
1004.45
1004.49
1004.52
1004.56
1004.59
1004.62
1004.64
1004.67
1004.69
1004.71
1004.73
1004.74
1004.76
1004.77
1004.78
1004.79
1004.81
1004.81
1004.82
1004.83
1004.84
1004.85
1004.85
1004.86
1004.86
1004.87
1004.87
1004.87
1004.88
1004.88
1004.88
1004.89
1004.89
1004.89
1004.89
1004.89
1004.89
1004.9
1004.9
1004.9
1004.9
1004.9
1003.46
1003.46
1003.44
1003.43
1003.41
1003.38
1003.34
1003.3
1003.26
1003.2
1003.14
1003.07
1002.99
1002.9
1002.8
1002.69
1002.58
1002.45
1002.31
1002.18
1002.05
1001.93
1001.85
1001.82
1001.87
1002.01
1002.26
1002.65
1003.16
1003.78
1004.49
1005.23
1005.98
1006.69
1007.34
1007.91
1008.35
1008.56
1008.65
1008.66
1008.62
1008.46
1007.93
1006.78
1004.9
1003.25
1001.85
1000.75
999.95
999.412
999.071
998.857
998.699
998.528
998.271
997.842
997.126
995.967
994.142
991.343
987.154
981.046
972.412
960.666
945.428
926.752
905.263
882.016
858.121
834.057
810.303
786.919
764.543
744.799
730.347
724.084
727.075
742.395
768.701
802.899
840.736
877.965
911.157
938.152
958.314
972.137
980.693
985.065
985.983
983.876
978.501
969.396
956.033
938.107
915.824
889.956
861.577
831.582
801.184
771.86
746.245
728.149
721.272
727.172
745.567
773.048
805.803
840.648
875.065
906.818
933.934
955.214
970.476
980.317
985.607
987.009
984.738
978.395
967.163
950.118
926.82
897.85
864.889
830.094
795.884
764.811
740.124
725.373
721.542
729.139
746.83
771.278
799.935
831.145
863.456
894.99
923.565
947.427
965.896
979.276
988.47
994.548
998.461
1000.94
1002.49
1003.46
1004.07
1004.46
1004.72
1004.9
1005.03
1005.13
1005.21
1005.28
1005.34
1005.39
1005.44
1005.48
1005.52
1005.55
1005.58
1005.61
1005.63
1005.66
1005.68
1005.7
1005.71
1005.73
1005.74
1005.76
1005.77
1005.78
1005.79
1005.8
1005.81
1005.82
1005.82
1005.83
1005.83
1005.84
1005.84
1005.85
1005.85
1005.86
1005.86
1005.86
1005.87
1005.87
1005.87
1005.87
1005.87
1005.87
1005.88
1005.88
1005.88
1005.88
1005.88
1005.88
1005.88
1005.88
1004.72
1004.72
1004.71
1004.7
1004.68
1004.66
1004.63
1004.59
1004.56
1004.51
1004.46
1004.4
1004.34
1004.26
1004.18
1004.09
1003.99
1003.88
1003.76
1003.64
1003.52
1003.42
1003.33
1003.29
1003.3
1003.39
1003.57
1003.86
1004.27
1004.77
1005.35
1005.96
1006.58
1007.17
1007.71
1008.22
1008.48
1008.61
1008.65
1008.64
1008.57
1008.36
1007.73
1006.47
1005.16
1004
1003.05
1002.32
1001.79
1001.43
1001.19
1001.03
1000.89
1000.72
1000.49
1000.1
999.474
998.467
996.88
994.426
990.701
985.167
977.156
965.945
950.945
931.972
909.518
884.755
859.127
833.679
808.689
784.597
761.841
742.001
727.901
722.429
727.121
744.706
773.614
810.184
849.723
887.717
920.655
946.62
965.383
977.836
985.3
988.947
989.491
987.298
982.034
973.132
959.886
941.777
918.866
891.969
862.401
831.483
800.201
770.379
744.522
726.512
720.1
726.857
746.345
775.008
809.007
845.141
880.703
913.122
940.217
960.92
975.359
984.431
989.182
990.34
988.105
982.003
971.055
954.066
930.278
900.109
865.419
828.894
793.362
761.617
737.061
723.24
720.445
729.63
748.829
774.783
805.148
838.255
872.248
904.68
933.05
955.818
972.748
984.572
992.447
997.525
1000.73
1002.73
1003.97
1004.74
1005.22
1005.53
1005.73
1005.87
1005.97
1006.05
1006.12
1006.17
1006.22
1006.26
1006.3
1006.33
1006.36
1006.39
1006.41
1006.43
1006.45
1006.47
1006.49
1006.5
1006.52
1006.53
1006.54
1006.55
1006.56
1006.57
1006.57
1006.58
1006.59
1006.59
1006.6
1006.6
1006.61
1006.61
1006.62
1006.62
1006.62
1006.63
1006.63
1006.63
1006.63
1006.64
1006.64
1006.64
1006.64
1006.64
1006.64
1006.64
1006.64
1006.64
1006.64
1006.64
1006.64
1006.64
1005.74
1005.73
1005.73
1005.71
1005.7
1005.68
1005.66
1005.63
1005.6
1005.57
1005.53
1005.48
1005.43
1005.37
1005.3
1005.23
1005.15
1005.05
1004.96
1004.86
1004.75
1004.66
1004.58
1004.52
1004.51
1004.56
1004.69
1004.9
1005.22
1005.62
1006.08
1006.58
1007.09
1007.58
1008.03
1008.39
1008.55
1008.62
1008.63
1008.61
1008.5
1008.23
1007.55
1006.51
1005.6
1004.82
1004.19
1003.72
1003.37
1003.13
1002.96
1002.83
1002.72
1002.57
1002.37
1002.04
1001.52
1000.68
999.353
997.284
994.101
989.279
982.126
971.81
957.517
938.747
915.693
889.49
861.9
834.543
808.139
782.909
759.564
739.49
725.66
721.005
727.573
747.777
779.599
818.748
859.996
898.512
930.771
955.272
972.325
983.257
989.598
992.561
992.821
990.666
985.706
977.28
964.495
946.561
923.272
895.371
864.411
832.114
799.87
769.229
742.963
724.959
719.039
726.828
747.607
777.75
813.339
851.063
887.854
920.712
947.363
967.051
980.341
988.454
992.589
993.505
991.375
985.667
975.255
958.65
934.671
903.413
866.842
828.253
791.043
758.434
734.004
721.265
719.592
730.759
751.846
779.801
812.425
847.796
883.392
916.17
943.566
964.553
979.491
989.538
996.03
1000.12
1002.66
1004.22
1005.18
1005.77
1006.13
1006.37
1006.52
1006.63
1006.71
1006.77
1006.82
1006.86
1006.9
1006.93
1006.96
1006.98
1007.01
1007.03
1007.05
1007.06
1007.08
1007.09
1007.1
1007.11
1007.12
1007.13
1007.14
1007.15
1007.16
1007.16
1007.17
1007.17
1007.18
1007.18
1007.19
1007.19
1007.2
1007.2
1007.2
1007.2
1007.21
1007.21
1007.21
1007.21
1007.21
1007.21
1007.22
1007.22
1007.22
1007.22
1007.22
1007.22
1007.22
1007.22
1007.22
1007.22
1007.22
1007.22
1006.52
1006.52
1006.52
1006.51
1006.5
1006.48
1006.47
1006.45
1006.42
1006.4
1006.36
1006.33
1006.29
1006.24
1006.19
1006.13
1006.07
1005.99
1005.92
1005.83
1005.75
1005.66
1005.59
1005.54
1005.51
1005.53
1005.62
1005.77
1006.01
1006.32
1006.69
1007.1
1007.51
1007.9
1008.29
1008.49
1008.58
1008.61
1008.6
1008.56
1008.42
1008.06
1007.41
1006.73
1006.13
1005.62
1005.21
1004.9
1004.68
1004.52
1004.4
1004.3
1004.21
1004.09
1003.92
1003.66
1003.24
1002.57
1001.51
999.832
997.221
993.196
987.08
977.985
964.905
946.976
923.941
896.627
866.981
837.226
808.85
782.187
757.848
737.342
723.662
719.883
728.574
751.797
786.924
828.868
871.731
910.346
941.351
963.896
978.951
988.258
993.489
995.831
995.898
993.9
989.427
981.754
969.829
952.559
929.332
900.617
868.111
834.038
800.33
768.585
741.667
723.528
718.122
727.108
749.548
781.603
819.249
858.876
896.846
929.692
955.3
973.46
985.274
992.27
995.74
996.426
994.469
989.301
979.695
963.877
940.147
908.049
869.48
828.441
789.056
755.309
730.994
719.606
719.357
732.806
756.319
786.954
822.457
860.283
897.035
929.222
954.697
973.225
985.827
993.996
999.13
1002.3
1004.24
1005.42
1006.13
1006.57
1006.84
1007.01
1007.12
1007.2
1007.26
1007.31
1007.35
1007.38
1007.4
1007.43
1007.45
1007.47
1007.48
1007.5
1007.51
1007.53
1007.54
1007.55
1007.56
1007.56
1007.57
1007.58
1007.59
1007.59
1007.6
1007.6
1007.61
1007.61
1007.61
1007.62
1007.62
1007.62
1007.62
1007.63
1007.63
1007.63
1007.63
1007.63
1007.64
1007.64
1007.64
1007.64
1007.64
1007.64
1007.64
1007.64
1007.64
1007.64
1007.64
1007.64
1007.64
1007.64
1007.64
1007.64
1007.12
1007.12
1007.11
1007.11
1007.1
1007.09
1007.08
1007.06
1007.04
1007.02
1007
1006.97
1006.94
1006.91
1006.87
1006.82
1006.77
1006.72
1006.66
1006.59
1006.53
1006.46
1006.39
1006.34
1006.31
1006.32
1006.37
1006.47
1006.65
1006.88
1007.18
1007.51
1007.85
1008.16
1008.42
1008.53
1008.58
1008.59
1008.57
1008.52
1008.34
1007.94
1007.49
1007.05
1006.65
1006.33
1006.07
1005.87
1005.72
1005.62
1005.53
1005.46
1005.39
1005.3
1005.17
1004.96
1004.64
1004.13
1003.31
1002.01
999.963
996.752
991.767
984.134
972.733
956.369
934.221
906.502
874.992
842.462
811.335
782.728
756.904
735.673
721.918
718.96
730.262
757.045
795.974
840.901
885.094
923.132
952.158
972.24
985.068
992.72
996.895
998.695
998.655
996.907
993.067
986.395
975.742
959.733
937.244
908.188
874.144
837.862
802.029
768.797
740.618
722.247
717.394
727.879
752.477
787.069
827.366
869.141
907.956
940.034
963.825
979.919
989.982
995.764
998.552
999.031
997.302
992.798
984.254
969.679
946.797
914.328
873.726
829.605
787.477
752.305
728.153
718.153
719.771
736.192
762.925
797.122
836.056
876.112
913.014
943.323
965.874
981.395
991.49
997.818
1001.7
1004.06
1005.49
1006.34
1006.86
1007.17
1007.36
1007.49
1007.57
1007.62
1007.67
1007.7
1007.73
1007.75
1007.77
1007.79
1007.8
1007.81
1007.83
1007.84
1007.85
1007.86
1007.86
1007.87
1007.88
1007.88
1007.89
1007.9
1007.9
1007.9
1007.91
1007.91
1007.91
1007.92
1007.92
1007.92
1007.92
1007.93
1007.93
1007.93
1007.93
1007.93
1007.93
1007.93
1007.94
1007.94
1007.94
1007.94
1007.94
1007.94
1007.94
1007.94
1007.94
1007.94
1007.94
1007.94
1007.94
1007.94
1007.94
1007.94
1007.56
1007.55
1007.55
1007.55
1007.54
1007.53
1007.53
1007.51
1007.5
1007.49
1007.47
1007.45
1007.43
1007.4
1007.37
1007.34
1007.3
1007.26
1007.22
1007.17
1007.12
1007.06
1007.01
1006.97
1006.94
1006.93
1006.96
1007.03
1007.15
1007.33
1007.56
1007.84
1008.13
1008.35
1008.49
1008.55
1008.56
1008.56
1008.54
1008.46
1008.28
1007.95
1007.65
1007.37
1007.12
1006.92
1006.76
1006.63
1006.54
1006.47
1006.41
1006.36
1006.3
1006.23
1006.13
1005.98
1005.75
1005.37
1004.77
1003.8
1002.27
999.826
995.968
989.907
980.525
966.418
946.204
919.235
886.568
851.157
816.506
784.907
757.218
734.461
720.556
718.798
732.883
763.967
807.307
855.276
900.185
936.653
962.861
980.023
990.504
996.55
999.769
1001.12
1001.03
999.598
996.478
990.979
981.956
967.844
946.994
918.487
883.288
844.445
805.686
770.05
740.505
721.259
716.983
729.392
756.898
794.926
838.552
882.453
921.295
951.49
972.586
986.138
994.282
998.827
1000.96
1001.26
999.794
996.03
988.757
975.884
954.608
922.558
880.16
832.41
786.828
749.552
725.555
716.951
721.339
741.622
772.72
811.477
854.018
895.335
930.73
957.683
976.439
988.66
996.292
1000.95
1003.75
1005.43
1006.44
1007.03
1007.39
1007.61
1007.74
1007.83
1007.88
1007.92
1007.95
1007.97
1007.99
1008.01
1008.02
1008.03
1008.04
1008.05
1008.06
1008.07
1008.08
1008.08
1008.09
1008.09
1008.1
1008.1
1008.11
1008.11
1008.11
1008.12
1008.12
1008.12
1008.12
1008.13
1008.13
1008.13
1008.13
1008.13
1008.13
1008.14
1008.14
1008.14
1008.14
1008.14
1008.14
1008.14
1008.14
1008.14
1008.14
1008.14
1008.14
1008.14
1008.14
1008.14
1008.14
1008.14
1008.14
1008.14
1008.14
1008.14
1007.86
1007.86
1007.86
1007.86
1007.85
1007.85
1007.84
1007.83
1007.82
1007.81
1007.8
1007.79
1007.77
1007.75
1007.73
1007.71
1007.69
1007.66
1007.62
1007.59
1007.55
1007.51
1007.47
1007.44
1007.41
1007.4
1007.41
1007.45
1007.54
1007.67
1007.85
1008.07
1008.32
1008.45
1008.52
1008.54
1008.54
1008.52
1008.5
1008.42
1008.23
1008.03
1007.83
1007.66
1007.51
1007.38
1007.28
1007.2
1007.14
1007.1
1007.06
1007.02
1006.98
1006.93
1006.86
1006.75
1006.59
1006.32
1005.9
1005.21
1004.11
1002.35
999.53
995.003
987.78
976.436
959.206
934.517
902.142
864.398
825.597
789.756
758.925
734.475
719.492
719.003
736.808
773.285
821.724
872.46
916.935
950.518
973.049
986.975
995.127
999.7
1002.09
1003.07
1002.99
1001.89
999.509
995.249
988.081
976.421
958.23
931.631
896.332
854.981
812.371
773.099
741.006
720.586
717.054
732.072
763.67
806.374
853.893
899.262
936.615
963.52
981.093
991.804
998.008
1001.38
1002.92
1003.07
1001.88
998.87
992.979
982.193
963.372
932.933
889.473
837.572
787.253
747.125
723.335
716.479
724.746
750.278
787.268
831.37
876.785
917.372
949.083
971.311
985.767
994.73
1000.15
1003.38
1005.31
1006.45
1007.13
1007.53
1007.77
1007.91
1008
1008.06
1008.09
1008.12
1008.14
1008.15
1008.17
1008.18
1008.19
1008.2
1008.2
1008.21
1008.22
1008.22
1008.23
1008.23
1008.23
1008.24
1008.24
1008.24
1008.25
1008.25
1008.25
1008.25
1008.26
1008.26
1008.26
1008.26
1008.26
1008.26
1008.26
1008.27
1008.27
1008.27
1008.27
1008.27
1008.27
1008.27
1008.27
1008.27
1008.27
1008.27
1008.27
1008.27
1008.27
1008.27
1008.27
1008.27
1008.27
1008.27
1008.27
1008.27
1008.27
1008.27
1008.07
1008.07
1008.07
1008.07
1008.06
1008.06
1008.06
1008.05
1008.04
1008.04
1008.03
1008.02
1008.01
1008
1007.98
1007.97
1007.95
1007.93
1007.91
1007.88
1007.85
1007.83
1007.8
1007.77
1007.75
1007.74
1007.74
1007.77
1007.83
1007.92
1008.06
1008.24
1008.41
1008.49
1008.52
1008.52
1008.51
1008.49
1008.45
1008.38
1008.24
1008.12
1008
1007.9
1007.81
1007.73
1007.67
1007.62
1007.58
1007.55
1007.52
1007.49
1007.47
1007.43
1007.38
1007.31
1007.2
1007.02
1006.74
1006.27
1005.53
1004.33
1002.38
999.223
994.067
985.674
972.219
951.453
921.6
883.221
840.337
798.841
763.099
735.468
719.377
719.962
742.74
786.218
840.338
892.833
934.989
964.138
982.272
992.874
998.866
1002.17
1003.88
1004.58
1004.53
1003.75
1002.05
998.967
993.685
984.797
970.179
947.172
913.765
870.955
823.807
779.151
742.837
720.621
717.754
736.712
774.301
823.184
874.496
919.52
953.146
975.303
988.796
996.636
1001.04
1003.39
1004.41
1004.44
1003.5
1001.2
996.677
988.187
972.604
945.345
902.386
846.131
789.08
745.06
721.545
717.037
731.184
764.106
808.64
857.89
903.888
940.701
966.577
983.232
993.414
999.484
1003.07
1005.19
1006.44
1007.18
1007.62
1007.87
1008.02
1008.11
1008.17
1008.2
1008.23
1008.25
1008.26
1008.27
1008.28
1008.28
1008.29
1008.3
1008.3
1008.31
1008.31
1008.31
1008.32
1008.32
1008.32
1008.32
1008.33
1008.33
1008.33
1008.33
1008.33
1008.34
1008.34
1008.34
1008.34
1008.34
1008.34
1008.34
1008.34
1008.34
1008.34
1008.34
1008.35
1008.35
1008.35
1008.35
1008.35
1008.35
1008.35
1008.35
1008.35
1008.35
1008.35
1008.35
1008.35
1008.35
1008.35
1008.35
1008.35
1008.35
1008.35
1008.35
1008.2
1008.2
1008.2
1008.2
1008.2
1008.19
1008.19
1008.19
1008.18
1008.18
1008.17
1008.17
1008.16
1008.15
1008.14
1008.13
1008.12
1008.11
1008.09
1008.08
1008.06
1008.04
1008.02
1008
1007.99
1007.98
1007.98
1008
1008.03
1008.1
1008.21
1008.36
1008.46
1008.49
1008.5
1008.49
1008.47
1008.45
1008.41
1008.34
1008.27
1008.2
1008.13
1008.07
1008.02
1007.97
1007.93
1007.9
1007.88
1007.86
1007.84
1007.82
1007.8
1007.78
1007.75
1007.7
1007.63
1007.52
1007.33
1007.04
1006.56
1005.79
1004.54
1002.5
999.121
993.493
984.081
968.52
943.848
908.025
862.83
814.775
771.618
738.467
719.841
722.1
752.129
804.886
864.546
916.413
953.558
976.745
990.117
997.584
1001.72
1003.98
1005.17
1005.67
1005.66
1005.15
1004.02
1001.97
998.398
992.254
981.705
963.874
935.205
893.747
842.662
790.559
747.134
721.373
719.606
744.974
791.476
847.668
900.925
942.213
969.515
985.869
995.218
1000.46
1003.34
1004.84
1005.45
1005.38
1004.63
1002.92
999.627
993.387
981.509
959.098
919.395
859.629
793.166
743.323
721.136
719.515
742.904
786.097
838.989
891.004
933.445
963.066
981.681
992.755
999.212
1002.97
1005.17
1006.46
1007.23
1007.68
1007.94
1008.09
1008.18
1008.24
1008.27
1008.29
1008.31
1008.32
1008.33
1008.33
1008.34
1008.34
1008.35
1008.35
1008.35
1008.36
1008.36
1008.36
1008.36
1008.37
1008.37
1008.37
1008.37
1008.37
1008.37
1008.38
1008.38
1008.38
1008.38
1008.38
1008.38
1008.38
1008.38
1008.38
1008.38
1008.38
1008.38
1008.38
1008.39
1008.39
1008.39
1008.39
1008.39
1008.39
1008.39
1008.39
1008.39
1008.39
1008.39
1008.39
1008.39
1008.39
1008.39
1008.39
1008.39
1008.39
1008.39
1008.39
1008.28
1008.28
1008.28
1008.28
1008.27
1008.27
1008.27
1008.27
1008.27
1008.26
1008.26
1008.26
1008.25
1008.25
1008.24
1008.23
1008.23
1008.22
1008.21
1008.2
1008.19
1008.18
1008.16
1008.15
1008.14
1008.14
1008.14
1008.15
1008.17
1008.23
1008.31
1008.42
1008.47
1008.49
1008.48
1008.45
1008.43
1008.41
1008.38
1008.34
1008.3
1008.26
1008.22
1008.19
1008.16
1008.13
1008.11
1008.09
1008.07
1008.06
1008.05
1008.03
1008.02
1008.01
1007.99
1007.96
1007.92
1007.85
1007.74
1007.56
1007.28
1006.83
1006.08
1004.88
1002.88
999.532
993.805
983.845
966.53
937.689
894.929
841.888
788.711
745.997
721.677
726.379
768.623
833.096
895.754
942.404
971.349
987.535
996.301
1001.08
1003.74
1005.21
1006.01
1006.38
1006.41
1006.12
1005.45
1004.19
1002.01
998.229
991.595
979.765
958.758
923.569
872.53
812.363
756.822
723.656
723.967
761.092
819.953
882.103
932.173
965.047
983.981
994.383
1000.08
1003.21
1004.91
1005.76
1006.05
1005.89
1005.27
1004
1001.67
997.357
989.094
972.667
939.853
879.958
800.681
742.656
722.243
726.948
764.478
820.518
879.582
928.574
962.046
982.029
993.325
999.668
1003.28
1005.37
1006.59
1007.31
1007.74
1007.99
1008.14
1008.22
1008.28
1008.31
1008.33
1008.34
1008.35
1008.35
1008.36
1008.36
1008.37
1008.37
1008.37
1008.37
1008.38
1008.38
1008.38
1008.38
1008.38
1008.38
1008.39
1008.39
1008.39
1008.39
1008.39
1008.39
1008.39
1008.39
1008.39
1008.39
1008.39
1008.4
1008.4
1008.4
1008.4
1008.4
1008.4
1008.4
1008.4
1008.4
1008.4
1008.4
1008.4
1008.4
1008.4
1008.4
1008.4
1008.4
1008.4
1008.4
1008.4
1008.4
1008.4
1008.4
1008.4
1008.4
1008.4
1008.4
1008.32
1008.32
1008.31
1008.31
1008.31
1008.31
1008.31
1008.31
1008.31
1008.31
1008.3
1008.3
1008.3
1008.3
1008.29
1008.29
1008.28
1008.28
1008.27
1008.27
1008.26
1008.25
1008.25
1008.24
1008.24
1008.23
1008.23
1008.24
1008.27
1008.31
1008.38
1008.45
1008.48
1008.47
1008.45
1008.42
1008.39
1008.37
1008.36
1008.34
1008.32
1008.3
1008.27
1008.25
1008.24
1008.22
1008.21
1008.2
1008.19
1008.18
1008.17
1008.16
1008.16
1008.15
1008.13
1008.12
1008.09
1008.06
1008
1007.9
1007.75
1007.51
1007.11
1006.48
1005.46
1003.76
1000.88
995.808
986.496
968.853
937.126
887.92
827.169
770.913
729.096
737.328
804.929
878.445
934.847
968.773
986.723
995.873
1000.73
1003.44
1005.02
1005.95
1006.49
1006.76
1006.84
1006.71
1006.35
1005.67
1004.49
1002.47
998.979
992.703
980.851
957.837
916.948
856.255
783.265
730.588
738.874
799.854
868.822
927.458
964.73
984.847
995.056
1000.42
1003.35
1004.97
1005.83
1006.21
1006.26
1006.01
1005.45
1004.44
1002.74
999.826
994.446
983.676
960.179
906.827
814.651
745.735
732.614
753.01
809.446
874.95
930.067
966.06
985.768
995.896
1001.25
1004.21
1005.91
1006.9
1007.49
1007.85
1008.06
1008.18
1008.25
1008.29
1008.32
1008.34
1008.35
1008.35
1008.36
1008.36
1008.36
1008.37
1008.37
1008.37
1008.37
1008.38
1008.38
1008.38
1008.38
1008.38
1008.38
1008.38
1008.38
1008.38
1008.39
1008.39
1008.39
1008.39
1008.39
1008.39
1008.39
1008.39
1008.39
1008.39
1008.39
1008.39
1008.39
1008.39
1008.39
1008.39
1008.39
1008.39
1008.39
1008.39
1008.4
1008.4
1008.4
1008.4
1008.4
1008.4
1008.4
1008.4
1008.4
1008.4
1008.4
1008.4
1008.4
1008.4
1008.4
1008.4
1008.32
1008.32
1008.32
1008.32
1008.32
1008.32
1008.32
1008.32
1008.32
1008.32
1008.31
1008.31
1008.31
1008.31
1008.31
1008.31
1008.3
1008.3
1008.3
1008.29
1008.29
1008.29
1008.29
1008.28
1008.28
1008.28
1008.29
1008.3
1008.32
1008.37
1008.43
1008.47
1008.47
1008.46
1008.42
1008.38
1008.35
1008.34
1008.33
1008.32
1008.31
1008.3
1008.29
1008.28
1008.27
1008.26
1008.25
1008.25
1008.24
1008.24
1008.23
1008.23
1008.22
1008.22
1008.21
1008.2
1008.19
1008.17
1008.14
1008.1
1008.03
1007.91
1007.74
1007.46
1007.03
1006.36
1005.27
1003.5
1000.54
995.428
985.808
967.284
934.074
888.561
787.589
793.992
910.08
957.978
980.967
992.119
997.917
1001.29
1003.39
1004.74
1005.64
1006.25
1006.65
1006.88
1006.99
1006.97
1006.82
1006.49
1005.92
1004.99
1003.51
1001.1
997.069
989.976
976.002
947.604
879.222
771.585
830.326
918.614
957.806
980.891
992.515
998.526
1001.97
1004
1005.2
1005.87
1006.19
1006.27
1006.13
1005.78
1005.19
1004.3
1002.95
1000.79
997.06
989.71
971.323
897.535
798.15
783.615
835.539
882.169
931.944
966.409
986.198
996.196
1001.34
1004.21
1005.86
1006.84
1007.43
1007.79
1008.01
1008.14
1008.22
1008.27
1008.3
1008.32
1008.33
1008.33
1008.34
1008.34
1008.35
1008.35
1008.35
1008.35
1008.35
1008.35
1008.36
1008.36
1008.36
1008.36
1008.36
1008.36
1008.36
1008.36
1008.36
1008.36
1008.37
1008.37
1008.37
1008.37
1008.37
1008.37
1008.37
1008.37
1008.37
1008.37
1008.37
1008.37
1008.37
1008.37
1008.37
1008.37
1008.37
1008.37
1008.37
1008.37
1008.37
1008.37
1008.37
1008.37
1008.37
1008.37
1008.37
1008.37
1008.37
1008.37
1008.37
1008.37
1008.37
1008.37
1008.37
1008.37
1008.31
1008.31
1008.31
1008.31
1008.31
1008.31
1008.31
1008.31
1008.31
1008.31
1008.3
1008.3
1008.3
1008.3
1008.3
1008.3
1008.3
1008.3
1008.3
1008.3
1008.3
1008.3
1008.3
1008.3
1008.3
1008.31
1008.32
1008.34
1008.38
1008.43
1008.47
1008.49
1008.47
1008.43
1008.39
1008.34
1008.32
1008.31
1008.3
1008.3
1008.29
1008.29
1008.28
1008.28
1008.27
1008.27
1008.27
1008.26
1008.26
1008.26
1008.25
1008.25
1008.25
1008.25
1008.24
1008.24
1008.23
1008.22
1008.2
1008.18
1008.14
1008.08
1007.99
1007.85
1007.64
1007.32
1006.83
1006.07
1004.88
1002.97
999.723
993.933
982.79
955.855
831.789
813.424
938.789
978.395
991.04
996.916
1000.24
1002.37
1003.82
1004.86
1005.61
1006.15
1006.54
1006.8
1006.95
1006.98
1006.9
1006.69
1006.31
1005.7
1004.76
1003.31
1001
997.058
989.402
971.337
907.564
793.253
889.991
966.329
986.12
994.939
999.668
1002.42
1004.1
1005.13
1005.74
1006.06
1006.13
1005.98
1005.62
1005.03
1004.17
1002.92
1001.05
998.016
992.282
978.696
935.86
855.015
811.933
868.939
940.481
970.155
988.211
996.924
1001.75
1004.43
1005.96
1006.87
1007.42
1007.76
1007.97
1008.11
1008.19
1008.24
1008.27
1008.29
1008.3
1008.31
1008.31
1008.31
1008.32
1008.32
1008.32
1008.32
1008.32
1008.33
1008.33
1008.33
1008.33
1008.33
1008.33
1008.33
1008.33
1008.33
1008.33
1008.33
1008.34
1008.34
1008.34
1008.34
1008.34
1008.34
1008.34
1008.34
1008.34
1008.34
1008.34
1008.34
1008.34
1008.34
1008.34
1008.34
1008.34
1008.34
1008.34
1008.34
1008.34
1008.34
1008.34
1008.34
1008.34
1008.34
1008.34
1008.34
1008.34
1008.34
1008.35
1008.35
1008.35
1008.35
1008.35
1008.35
1008.35
1008.35
1008.28
1008.28
1008.28
1008.28
1008.28
1008.28
1008.28
1008.28
1008.28
1008.28
1008.28
1008.28
1008.28
1008.28
1008.28
1008.28
1008.28
1008.28
1008.28
1008.28
1008.29
1008.29
1008.29
1008.3
1008.31
1008.32
1008.35
1008.38
1008.44
1008.49
1008.51
1008.5
1008.47
1008.41
1008.35
1008.31
1008.29
1008.28
1008.28
1008.27
1008.27
1008.27
1008.26
1008.26
1008.26
1008.26
1008.26
1008.25
1008.25
1008.25
1008.25
1008.25
1008.25
1008.24
1008.24
1008.24
1008.23
1008.22
1008.21
1008.19
1008.16
1008.12
1008.05
1007.95
1007.8
1007.58
1007.25
1006.75
1006
1004.8
1002.77
998.933
990.518
965.511
854.846
821.624
923.468
974.759
989.876
996.088
999.442
1001.6
1003.13
1004.27
1005.12
1005.76
1006.23
1006.56
1006.75
1006.82
1006.76
1006.57
1006.2
1005.62
1004.74
1003.38
1001.18
997.281
989.049
966.968
896.764
808.707
915.773
971.584
989.533
996.983
1000.83
1003.07
1004.44
1005.26
1005.71
1005.86
1005.78
1005.44
1004.84
1003.92
1002.61
1000.71
997.802
992.852
982.791
956.965
895.219
846.335
842.022
942.244
982.611
995.002
1000.96
1004.04
1005.76
1006.75
1007.34
1007.7
1007.92
1008.06
1008.14
1008.2
1008.23
1008.25
1008.26
1008.27
1008.28
1008.28
1008.28
1008.29
1008.29
1008.29
1008.29
1008.29
1008.29
1008.29
1008.29
1008.29
1008.3
1008.3
1008.3
1008.3
1008.3
1008.3
1008.3
1008.3
1008.3
1008.3
1008.3
1008.3
1008.3
1008.3
1008.3
1008.31
1008.31
1008.31
1008.31
1008.31
1008.31
1008.31
1008.31
1008.31
1008.31
1008.31
1008.31
1008.31
1008.31
1008.31
1008.31
1008.31
1008.31
1008.31
1008.31
1008.31
1008.31
1008.31
1008.31
1008.31
1008.31
1008.31
1008.31
1008.31
1008.31
1008.31
1008.25
1008.25
1008.25
1008.25
1008.25
1008.25
1008.25
1008.25
1008.25
1008.25
1008.25
1008.25
1008.25
1008.26
1008.26
1008.26
1008.26
1008.26
1008.26
1008.27
1008.27
1008.28
1008.29
1008.3
1008.32
1008.35
1008.39
1008.45
1008.52
1008.56
1008.56
1008.52
1008.46
1008.38
1008.32
1008.28
1008.26
1008.25
1008.25
1008.24
1008.24
1008.24
1008.24
1008.24
1008.24
1008.23
1008.23
1008.23
1008.23
1008.23
1008.23
1008.23
1008.23
1008.23
1008.22
1008.22
1008.21
1008.2
1008.19
1008.17
1008.14
1008.09
1008.02
1007.92
1007.77
1007.55
1007.23
1006.76
1006.05
1004.91
1002.92
999
989.626
962.031
867.247
827.494
906.421
965.57
984.98
993.017
997.29
1000.01
1001.93
1003.36
1004.44
1005.26
1005.85
1006.26
1006.5
1006.58
1006.5
1006.24
1005.77
1005.03
1003.91
1002.19
999.402
994.354
983.623
955.959
884.026
820.173
925.194
970.329
987.947
995.885
1000.09
1002.56
1004.06
1004.95
1005.4
1005.52
1005.32
1004.79
1003.9
1002.57
1000.66
997.86
993.508
985.849
969.708
929.628
873.445
849.293
877.692
970.265
992.254
1000.15
1003.79
1005.68
1006.73
1007.33
1007.69
1007.91
1008.04
1008.12
1008.17
1008.2
1008.22
1008.23
1008.24
1008.24
1008.25
1008.25
1008.25
1008.25
1008.25
1008.25
1008.25
1008.26
1008.26
1008.26
1008.26
1008.26
1008.26
1008.26
1008.26
1008.26
1008.26
1008.26
1008.26
1008.26
1008.27
1008.27
1008.27
1008.27
1008.27
1008.27
1008.27
1008.27
1008.27
1008.27
1008.27
1008.27
1008.27
1008.27
1008.27
1008.27
1008.27
1008.27
1008.27
1008.27
1008.27
1008.27
1008.27
1008.27
1008.27
1008.27
1008.27
1008.27
1008.27
1008.27
1008.27
1008.27
1008.27
1008.27
1008.27
1008.27
1008.27
1008.27
1008.22
1008.22
1008.22
1008.22
1008.22
1008.22
1008.22
1008.22
1008.22
1008.22
1008.22
1008.22
1008.23
1008.23
1008.23
1008.23
1008.24
1008.24
1008.25
1008.26
1008.27
1008.28
1008.3
1008.33
1008.36
1008.41
1008.48
1008.56
1008.63
1008.63
1008.6
1008.54
1008.45
1008.36
1008.29
1008.25
1008.23
1008.22
1008.22
1008.22
1008.21
1008.21
1008.21
1008.21
1008.21
1008.21
1008.21
1008.21
1008.21
1008.21
1008.21
1008.2
1008.2
1008.2
1008.2
1008.19
1008.19
1008.18
1008.16
1008.13
1008.09
1008.03
1007.94
1007.8
1007.61
1007.33
1006.93
1006.35
1005.48
1004.09
1001.68
996.933
986.005
956.685
874.424
832.317
894.866
956.175
979.292
989.308
994.686
998.113
1000.54
1002.34
1003.71
1004.73
1005.47
1005.97
1006.25
1006.33
1006.2
1005.84
1005.21
1004.24
1002.77
1000.54
996.931
990.437
976.836
943.326
875.111
828.965
927.617
968.004
985.479
994.07
998.86
1001.74
1003.52
1004.56
1005.07
1005.17
1004.86
1004.12
1002.89
1001.06
998.419
994.526
988.401
977.428
953.939
906.637
864.503
856.58
908.56
975.215
993.69
1000.81
1004.13
1005.86
1006.82
1007.38
1007.71
1007.91
1008.03
1008.1
1008.15
1008.17
1008.19
1008.2
1008.21
1008.21
1008.21
1008.21
1008.21
1008.22
1008.22
1008.22
1008.22
1008.22
1008.22
1008.22
1008.22
1008.22
1008.22
1008.22
1008.22
1008.22
1008.22
1008.23
1008.23
1008.23
1008.23
1008.23
1008.23
1008.23
1008.23
1008.23
1008.23
1008.23
1008.23
1008.23
1008.23
1008.23
1008.23
1008.23
1008.23
1008.23
1008.23
1008.23
1008.23
1008.23
1008.23
1008.23
1008.23
1008.24
1008.24
1008.24
1008.24
1008.24
1008.24
1008.24
1008.24
1008.24
1008.24
1008.24
1008.24
1008.24
1008.24
1008.24
1008.18
1008.18
1008.18
1008.19
1008.19
1008.19
1008.19
1008.19
1008.19
1008.19
1008.19
1008.2
1008.2
1008.2
1008.21
1008.22
1008.22
1008.23
1008.25
1008.26
1008.28
1008.31
1008.34
1008.39
1008.45
1008.53
1008.62
1008.72
1008.75
1008.72
1008.65
1008.55
1008.43
1008.33
1008.26
1008.22
1008.21
1008.2
1008.2
1008.2
1008.19
1008.19
1008.19
1008.19
1008.19
1008.19
1008.18
1008.18
1008.18
1008.18
1008.18
1008.18
1008.18
1008.18
1008.18
1008.17
1008.16
1008.15
1008.12
1008.08
1008.03
1007.94
1007.81
1007.63
1007.37
1007
1006.48
1005.73
1004.61
1002.87
999.905
994.214
981.698
950.919
878.09
836.409
888.801
947.684
973.663
985.479
991.956
996.125
999.093
1001.31
1002.98
1004.24
1005.14
1005.74
1006.06
1006.11
1005.91
1005.43
1004.6
1003.33
1001.46
998.624
994.094
986.06
969.69
931.954
869.752
835.994
926.97
965.362
983.003
992.232
997.61
1000.94
1003.01
1004.24
1004.82
1004.91
1004.47
1003.49
1001.88
999.481
995.996
990.858
982.755
968.248
938.15
892.254
865.42
866.415
929.847
976.011
992.866
1000.03
1003.54
1005.44
1006.52
1007.17
1007.57
1007.81
1007.96
1008.05
1008.1
1008.14
1008.16
1008.17
1008.17
1008.18
1008.18
1008.18
1008.18
1008.18
1008.18
1008.18
1008.18
1008.18
1008.18
1008.18
1008.18
1008.18
1008.18
1008.19
1008.19
1008.19
1008.19
1008.19
1008.19
1008.19
1008.19
1008.19
1008.19
1008.19
1008.19
1008.19
1008.19
1008.19
1008.19
1008.19
1008.19
1008.19
1008.19
1008.19
1008.19
1008.19
1008.19
1008.19
1008.2
1008.2
1008.2
1008.2
1008.2
1008.2
1008.2
1008.2
1008.2
1008.2
1008.2
1008.2
1008.2
1008.2
1008.2
1008.2
1008.2
1008.2
1008.2
1008.2
1008.15
1008.15
1008.15
1008.15
1008.15
1008.16
1008.16
1008.16
1008.16
1008.17
1008.17
1008.18
1008.18
1008.19
1008.2
1008.21
1008.23
1008.25
1008.27
1008.3
1008.33
1008.37
1008.43
1008.5
1008.59
1008.71
1008.83
1008.89
1008.88
1008.81
1008.69
1008.55
1008.41
1008.3
1008.24
1008.21
1008.2
1008.19
1008.19
1008.19
1008.18
1008.18
1008.18
1008.17
1008.17
1008.17
1008.17
1008.17
1008.17
1008.17
1008.17
1008.17
1008.17
1008.17
1008.16
1008.15
1008.14
1008.12
1008.09
1008.04
1007.95
1007.84
1007.66
1007.41
1007.06
1006.58
1005.89
1004.92
1003.52
1001.36
997.767
991.071
976.973
944.656
879.863
839.832
885.119
940.834
968.511
981.792
989.272
994.165
997.685
1000.33
1002.33
1003.82
1004.89
1005.58
1005.94
1005.96
1005.67
1005.03
1003.96
1002.36
1000.02
996.531
991.029
981.455
962.618
922.392
866.668
841.871
925.569
962.674
980.644
990.498
996.448
1000.21
1002.6
1004.01
1004.67
1004.75
1004.18
1002.95
1000.92
997.894
993.499
987.037
976.919
959.11
925.512
884.984
866.816
876.964
940.82
975.783
991.372
998.766
1002.61
1004.78
1006.06
1006.85
1007.35
1007.66
1007.86
1007.98
1008.05
1008.1
1008.12
1008.14
1008.14
1008.15
1008.15
1008.15
1008.15
1008.15
1008.15
1008.15
1008.15
1008.15
1008.15
1008.15
1008.15
1008.15
1008.15
1008.15
1008.15
1008.15
1008.15
1008.15
1008.15
1008.15
1008.15
1008.15
1008.15
1008.15
1008.15
1008.15
1008.15
1008.15
1008.15
1008.15
1008.15
1008.15
1008.15
1008.16
1008.16
1008.16
1008.16
1008.16
1008.16
1008.16
1008.16
1008.16
1008.16
1008.16
1008.16
1008.16
1008.16
1008.16
1008.16
1008.16
1008.16
1008.16
1008.16
1008.16
1008.16
1008.16
1008.16
1008.16
1008.12
1008.12
1008.12
1008.13
1008.13
1008.13
1008.14
1008.14
1008.15
1008.15
1008.16
1008.17
1008.18
1008.2
1008.22
1008.24
1008.26
1008.29
1008.33
1008.37
1008.43
1008.49
1008.58
1008.68
1008.81
1008.97
1009.08
1009.09
1009.03
1008.9
1008.74
1008.56
1008.4
1008.29
1008.23
1008.21
1008.2
1008.2
1008.19
1008.19
1008.19
1008.18
1008.18
1008.18
1008.17
1008.17
1008.17
1008.17
1008.17
1008.17
1008.17
1008.17
1008.17
1008.17
1008.17
1008.16
1008.14
1008.11
1008.07
1007.99
1007.88
1007.72
1007.48
1007.15
1006.68
1006.04
1005.16
1003.94
1002.19
999.565
995.293
987.543
971.869
938.102
879.226
842.944
885.132
936.056
964.108
978.415
986.749
992.317
996.377
999.451
1001.79
1003.52
1004.75
1005.52
1005.89
1005.87
1005.48
1004.65
1003.32
1001.35
998.497
994.311
987.813
976.746
955.714
914.59
865.097
846.936
923.815
960.05
978.415
988.881
995.387
999.589
1002.28
1003.88
1004.61
1004.68
1004
1002.51
1000.06
996.38
991.048
983.266
971.272
950.831
916.527
881.563
868.596
885.953
944.666
974.584
989.537
997.243
1001.48
1003.96
1005.49
1006.46
1007.08
1007.48
1007.74
1007.9
1008
1008.06
1008.09
1008.11
1008.12
1008.13
1008.13
1008.13
1008.12
1008.12
1008.12
1008.12
1008.12
1008.12
1008.12
1008.12
1008.11
1008.11
1008.11
1008.11
1008.11
1008.11
1008.11
1008.11
1008.11
1008.11
1008.11
1008.11
1008.11
1008.11
1008.12
1008.12
1008.12
1008.12
1008.12
1008.12
1008.12
1008.12
1008.12
1008.12
1008.12
1008.12
1008.12
1008.12
1008.12
1008.12
1008.12
1008.12
1008.12
1008.12
1008.12
1008.12
1008.12
1008.12
1008.12
1008.12
1008.12
1008.12
1008.12
1008.12
1008.12
1008.12
1008.12
1008.12
1008.1
1008.1
1008.11
1008.11
1008.11
1008.12
1008.13
1008.14
1008.15
1008.16
1008.17
1008.19
1008.21
1008.24
1008.26
1008.3
1008.34
1008.38
1008.44
1008.51
1008.59
1008.69
1008.81
1008.95
1009.13
1009.3
1009.34
1009.3
1009.17
1008.99
1008.77
1008.56
1008.39
1008.29
1008.25
1008.23
1008.22
1008.22
1008.22
1008.22
1008.21
1008.21
1008.21
1008.2
1008.2
1008.2
1008.2
1008.2
1008.2
1008.2
1008.2
1008.2
1008.2
1008.2
1008.2
1008.18
1008.16
1008.13
1008.06
1007.96
1007.81
1007.59
1007.27
1006.83
1006.22
1005.39
1004.27
1002.75
1000.62
997.479
992.476
983.627
966.365
931.294
877.654
845.921
885.825
933.025
960.55
975.45
984.465
990.641
995.218
998.714
1001.38
1003.35
1004.7
1005.55
1005.93
1005.86
1005.34
1004.31
1002.68
1000.3
996.907
991.996
984.506
972.029
949.135
908.146
864.249
851.377
922.027
957.539
976.314
987.375
994.423
999.052
1002.04
1003.83
1004.65
1004.72
1003.93
1002.2
999.33
995.012
988.767
979.747
966.164
944.047
910.539
880.039
870.542
892.278
944.071
972.428
987.346
995.472
1000.15
1002.99
1004.8
1005.97
1006.75
1007.26
1007.6
1007.81
1007.95
1008.03
1008.08
1008.1
1008.11
1008.12
1008.12
1008.12
1008.11
1008.11
1008.1
1008.1
1008.1
1008.09
1008.09
1008.09
1008.09
1008.09
1008.09
1008.08
1008.08
1008.08
1008.08
1008.08
1008.08
1008.08
1008.08
1008.08
1008.08
1008.08
1008.08
1008.08
1008.08
1008.08
1008.08
1008.08
1008.08
1008.08
1008.08
1008.08
1008.08
1008.08
1008.08
1008.08
1008.08
1008.08
1008.08
1008.08
1008.08
1008.08
1008.08
1008.08
1008.08
1008.08
1008.08
1008.08
1008.08
1008.08
1008.08
1008.08
1008.08
1008.08
1008.08
1008.08
1008.1
1008.1
1008.11
1008.11
1008.12
1008.13
1008.14
1008.15
1008.17
1008.19
1008.22
1008.24
1008.28
1008.32
1008.36
1008.41
1008.47
1008.54
1008.63
1008.72
1008.84
1008.97
1009.13
1009.31
1009.53
1009.65
1009.63
1009.51
1009.32
1009.07
1008.81
1008.58
1008.41
1008.33
1008.29
1008.28
1008.28
1008.28
1008.27
1008.27
1008.27
1008.27
1008.26
1008.26
1008.26
1008.25
1008.25
1008.25
1008.26
1008.26
1008.26
1008.27
1008.27
1008.27
1008.26
1008.25
1008.22
1008.17
1008.09
1007.95
1007.75
1007.45
1007.03
1006.45
1005.67
1004.62
1003.22
1001.35
998.783
995.087
989.305
979.303
960.435
924.259
875.46
848.914
887.221
931.189
957.769
972.931
982.468
989.18
994.241
998.142
1001.12
1003.29
1004.79
1005.71
1006.08
1005.93
1005.27
1004.01
1002.05
999.233
995.268
989.618
981.155
967.383
943.005
902.862
864.279
855.334
920.359
955.172
974.333
985.965
993.54
998.592
1001.89
1003.87
1004.78
1004.86
1003.98
1002.04
998.78
993.863
986.772
976.656
961.831
938.914
906.891
879.91
872.372
896.042
942.249
969.567
984.767
993.423
998.595
1001.84
1003.97
1005.39
1006.35
1007.01
1007.44
1007.73
1007.91
1008.02
1008.08
1008.12
1008.13
1008.13
1008.13
1008.12
1008.12
1008.11
1008.1
1008.1
1008.09
1008.08
1008.08
1008.08
1008.07
1008.07
1008.07
1008.06
1008.06
1008.06
1008.06
1008.06
1008.06
1008.05
1008.05
1008.05
1008.05
1008.05
1008.05
1008.05
1008.05
1008.05
1008.05
1008.05
1008.05
1008.05
1008.05
1008.05
1008.05
1008.05
1008.05
1008.05
1008.05
1008.05
1008.05
1008.05
1008.05
1008.05
1008.05
1008.05
1008.05
1008.05
1008.05
1008.05
1008.05
1008.05
1008.05
1008.05
1008.05
1008.05
1008.05
1008.05
1008.12
1008.13
1008.13
1008.14
1008.15
1008.17
1008.19
1008.21
1008.24
1008.27
1008.31
1008.35
1008.4
1008.46
1008.52
1008.6
1008.68
1008.78
1008.89
1009.03
1009.18
1009.36
1009.55
1009.78
1009.98
1010.01
1009.92
1009.72
1009.46
1009.16
1008.85
1008.6
1008.46
1008.4
1008.37
1008.37
1008.37
1008.37
1008.37
1008.37
1008.37
1008.36
1008.36
1008.36
1008.36
1008.36
1008.36
1008.36
1008.36
1008.37
1008.37
1008.38
1008.39
1008.39
1008.38
1008.37
1008.33
1008.26
1008.15
1007.97
1007.7
1007.31
1006.76
1006.01
1005.01
1003.69
1001.97
999.711
996.676
992.38
985.769
974.542
953.944
917.153
873.114
851.939
889.201
930.142
955.645
970.851
980.782
987.963
993.471
997.752
1001.01
1003.38
1005
1005.96
1006.31
1006.07
1005.24
1003.73
1001.43
998.148
993.593
987.202
977.804
962.87
937.378
898.511
864.574
858.894
918.87
952.964
972.469
984.64
992.724
998.192
1001.8
1003.98
1005
1005.1
1004.14
1002
998.438
992.999
985.168
974.136
958.415
935.318
904.832
880.17
873.847
897.545
939.287
966.08
981.775
991.06
996.788
1000.49
1002.98
1004.69
1005.88
1006.7
1007.26
1007.64
1007.88
1008.03
1008.11
1008.16
1008.18
1008.18
1008.17
1008.16
1008.15
1008.14
1008.13
1008.12
1008.1
1008.1
1008.09
1008.08
1008.07
1008.07
1008.06
1008.06
1008.05
1008.05
1008.05
1008.04
1008.04
1008.04
1008.04
1008.03
1008.03
1008.03
1008.03
1008.03
1008.03
1008.02
1008.02
1008.02
1008.02
1008.02
1008.02
1008.02
1008.02
1008.02
1008.02
1008.02
1008.02
1008.02
1008.02
1008.02
1008.02
1008.01
1008.01
1008.01
1008.01
1008.01
1008.01
1008.01
1008.01
1008.01
1008.01
1008.01
1008.01
1008.01
1008.01
1008.01
1008.18
1008.19
1008.2
1008.21
1008.23
1008.25
1008.28
1008.32
1008.36
1008.4
1008.46
1008.52
1008.59
1008.67
1008.76
1008.87
1008.98
1009.11
1009.26
1009.43
1009.63
1009.84
1010.07
1010.32
1010.43
1010.37
1010.2
1009.92
1009.59
1009.23
1008.9
1008.68
1008.56
1008.52
1008.5
1008.5
1008.5
1008.51
1008.51
1008.51
1008.51
1008.51
1008.51
1008.51
1008.51
1008.51
1008.52
1008.52
1008.53
1008.54
1008.55
1008.56
1008.57
1008.57
1008.57
1008.55
1008.5
1008.41
1008.26
1008.02
1007.67
1007.16
1006.46
1005.5
1004.25
1002.62
1000.52
997.834
994.288
989.352
981.865
969.347
946.98
910.119
870.977
855.003
891.613
929.715
954.075
969.187
979.414
987.006
992.922
997.552
1001.04
1003.6
1005.32
1006.3
1006.61
1006.27
1005.26
1003.48
1000.81
997.055
991.897
984.771
974.485
958.517
932.258
894.914
865.137
862.112
917.564
950.915
970.711
983.385
991.958
997.833
1001.75
1004.13
1005.27
1005.41
1004.42
1002.15
998.304
992.465
984.037
972.287
955.983
933.152
904.45
880.822
874.924
896.883
935.105
961.942
978.332
988.346
994.695
998.909
1001.81
1003.86
1005.31
1006.34
1007.06
1007.54
1007.86
1008.06
1008.18
1008.24
1008.26
1008.27
1008.26
1008.24
1008.22
1008.2
1008.19
1008.17
1008.15
1008.14
1008.12
1008.11
1008.1
1008.09
1008.08
1008.07
1008.06
1008.06
1008.05
1008.05
1008.04
1008.04
1008.03
1008.03
1008.02
1008.02
1008.02
1008.02
1008.01
1008.01
1008.01
1008.01
1008
1008
1008
1008
1008
1008
1008
1008
1007.99
1007.99
1007.99
1007.99
1007.99
1007.99
1007.99
1007.99
1007.99
1007.99
1007.99
1007.99
1007.99
1007.99
1007.99
1007.99
1007.99
1007.99
1007.99
1007.99
1008.29
1008.3
1008.31
1008.33
1008.36
1008.4
1008.44
1008.49
1008.54
1008.61
1008.69
1008.77
1008.87
1008.98
1009.1
1009.23
1009.38
1009.54
1009.73
1009.93
1010.16
1010.42
1010.67
1010.87
1010.86
1010.73
1010.46
1010.12
1009.73
1009.33
1008.99
1008.81
1008.72
1008.69
1008.68
1008.69
1008.7
1008.7
1008.71
1008.72
1008.72
1008.72
1008.72
1008.73
1008.73
1008.74
1008.74
1008.75
1008.76
1008.78
1008.79
1008.81
1008.82
1008.83
1008.82
1008.8
1008.73
1008.62
1008.42
1008.11
1007.66
1007.01
1006.11
1004.92
1003.36
1001.37
998.867
995.706
991.615
986.006
977.594
963.731
939.662
903.366
869.346
858.12
894.326
929.843
953.003
967.918
978.365
986.316
992.598
997.501
1001.25
1003.95
1005.73
1006.71
1006.96
1006.51
1005.31
1003.26
1000.21
995.96
990.194
982.347
971.224
954.347
927.625
891.942
865.909
865.025
916.422
949.014
969.048
982.186
991.226
997.501
1001.72
1004.32
1005.59
1005.79
1004.8
1002.45
998.405
992.254
983.416
971.166
954.541
932.201
904.965
881.81
875.806
895.169
929.893
957.119
974.39
985.239
992.281
997.063
1000.43
1002.87
1004.63
1005.91
1006.81
1007.44
1007.86
1008.12
1008.28
1008.37
1008.4
1008.41
1008.4
1008.38
1008.35
1008.32
1008.29
1008.27
1008.24
1008.22
1008.2
1008.18
1008.16
1008.15
1008.13
1008.12
1008.11
1008.1
1008.09
1008.08
1008.07
1008.06
1008.05
1008.05
1008.04
1008.03
1008.03
1008.02
1008.02
1008.01
1008.01
1008.01
1008
1008
1008
1008
1007.99
1007.99
1007.99
1007.99
1007.98
1007.98
1007.98
1007.98
1007.98
1007.98
1007.98
1007.98
1007.97
1007.97
1007.97
1007.97
1007.97
1007.97
1007.97
1007.97
1007.97
1007.97
1007.97
1007.97
1008.47
1008.48
1008.5
1008.53
1008.57
1008.61
1008.67
1008.74
1008.82
1008.91
1009.01
1009.12
1009.24
1009.38
1009.53
1009.7
1009.88
1010.07
1010.28
1010.52
1010.78
1011.08
1011.3
1011.37
1011.28
1011.05
1010.72
1010.31
1009.87
1009.44
1009.15
1009.01
1008.95
1008.93
1008.93
1008.94
1008.95
1008.97
1008.98
1008.99
1009
1009
1009.01
1009.02
1009.02
1009.03
1009.04
1009.06
1009.07
1009.09
1009.11
1009.13
1009.15
1009.16
1009.15
1009.12
1009.04
1008.88
1008.63
1008.24
1007.66
1006.84
1005.73
1004.25
1002.34
999.953
996.992
993.326
988.662
982.345
972.957
957.684
932.115
896.977
868.115
861.288
897.216
930.295
952.338
967.011
977.628
985.894
992.479
997.66
1001.59
1004.4
1006.22
1007.18
1007.35
1006.78
1005.38
1003.06
999.621
994.87
988.499
979.95
968.047
950.388
923.454
889.532
866.771
867.687
915.417
947.245
967.466
981.029
990.516
997.181
1001.71
1004.53
1005.94
1006.22
1005.28
1002.91
998.769
992.381
983.233
970.736
954.064
932.435
906.2
883.221
876.567
892.716
924.013
951.579
969.902
981.701
989.513
994.921
998.815
1001.69
1003.82
1005.38
1006.52
1007.32
1007.86
1008.22
1008.43
1008.55
1008.6
1008.62
1008.61
1008.58
1008.54
1008.5
1008.46
1008.42
1008.39
1008.36
1008.33
1008.3
1008.27
1008.25
1008.23
1008.21
1008.19
1008.17
1008.16
1008.14
1008.13
1008.12
1008.11
1008.1
1008.09
1008.08
1008.07
1008.06
1008.05
1008.05
1008.04
1008.03
1008.03
1008.02
1008.02
1008.01
1008.01
1008
1008
1008
1007.99
1007.99
1007.99
1007.99
1007.98
1007.98
1007.98
1007.98
1007.98
1007.98
1007.97
1007.97
1007.97
1007.97
1007.97
1007.97
1007.97
1007.97
1007.97
1007.97
1008.73
1008.74
1008.77
1008.81
1008.86
1008.92
1009
1009.08
1009.19
1009.3
1009.42
1009.56
1009.72
1009.88
1010.06
1010.26
1010.46
1010.68
1010.91
1011.17
1011.45
1011.75
1011.88
1011.84
1011.67
1011.36
1010.96
1010.51
1010.03
1009.62
1009.39
1009.28
1009.24
1009.24
1009.25
1009.27
1009.28
1009.3
1009.32
1009.33
1009.34
1009.36
1009.37
1009.38
1009.39
1009.4
1009.42
1009.44
1009.46
1009.49
1009.51
1009.54
1009.56
1009.57
1009.56
1009.51
1009.4
1009.21
1008.89
1008.4
1007.68
1006.66
1005.29
1003.48
1001.19
998.35
994.897
990.696
985.434
978.379
967.964
951.227
924.507
891.245
867.859
864.532
900.19
931.049
952.019
966.437
977.189
985.718
992.567
997.989
1002.07
1004.94
1006.76
1007.68
1007.77
1007.07
1005.48
1002.87
999.048
993.797
986.825
977.6
964.977
946.661
919.735
887.646
867.612
870.141
914.524
945.587
965.948
979.9
989.813
996.861
1001.69
1004.74
1006.31
1006.68
1005.83
1003.51
999.373
992.927
983.616
970.918
954.35
933.308
908.095
885.119
877.293
890.045
917.825
945.346
964.843
977.701
986.36
992.454
996.924
1000.29
1002.83
1004.75
1006.16
1007.17
1007.87
1008.33
1008.63
1008.79
1008.87
1008.89
1008.88
1008.85
1008.8
1008.75
1008.7
1008.65
1008.61
1008.56
1008.52
1008.48
1008.45
1008.42
1008.39
1008.36
1008.33
1008.31
1008.28
1008.26
1008.24
1008.22
1008.21
1008.19
1008.17
1008.16
1008.15
1008.14
1008.12
1008.11
1008.1
1008.09
1008.08
1008.08
1008.07
1008.06
1008.06
1008.05
1008.04
1008.04
1008.03
1008.03
1008.02
1008.02
1008.02
1008.01
1008.01
1008.01
1008.01
1008
1008
1008
1008
1008
1007.99
1007.99
1007.99
1007.99
1007.99
1007.99
1009.08
1009.1
1009.13
1009.18
1009.24
1009.32
1009.42
1009.53
1009.65
1009.78
1009.94
1010.1
1010.28
1010.47
1010.67
1010.89
1011.11
1011.34
1011.59
1011.85
1012.14
1012.37
1012.39
1012.27
1012.01
1011.65
1011.2
1010.71
1010.22
1009.88
1009.71
1009.63
1009.61
1009.62
1009.64
1009.66
1009.69
1009.71
1009.73
1009.75
1009.76
1009.78
1009.8
1009.81
1009.83
1009.85
1009.87
1009.9
1009.92
1009.95
1009.98
1010.01
1010.04
1010.04
1010.02
1009.96
1009.82
1009.58
1009.18
1008.58
1007.7
1006.46
1004.79
1002.62
999.89
996.562
992.583
987.826
981.947
974.122
962.635
944.433
917.014
886.255
868.155
867.815
903.169
932.037
952.016
966.168
977.013
985.756
992.881
998.479
1002.65
1005.55
1007.34
1008.2
1008.21
1007.38
1005.6
1002.71
998.499
992.751
985.189
975.314
962.033
943.183
916.455
886.184
868.419
872.389
913.721
944.021
964.479
978.786
989.106
996.531
1001.67
1004.95
1006.68
1007.17
1006.44
1004.22
1000.17
993.797
984.523
971.852
955.404
934.874
910.597
887.558
878.099
887.573
911.635
938.555
959.213
973.216
982.8
989.638
994.734
998.642
1001.66
1003.97
1005.71
1006.97
1007.86
1008.47
1008.85
1009.08
1009.2
1009.24
1009.24
1009.2
1009.15
1009.09
1009.03
1008.97
1008.91
1008.85
1008.8
1008.75
1008.7
1008.66
1008.61
1008.58
1008.54
1008.51
1008.47
1008.44
1008.42
1008.39
1008.37
1008.34
1008.32
1008.3
1008.28
1008.26
1008.25
1008.23
1008.22
1008.2
1008.19
1008.18
1008.17
1008.16
1008.15
1008.14
1008.13
1008.12
1008.11
1008.1
1008.1
1008.09
1008.09
1008.08
1008.08
1008.07
1008.07
1008.06
1008.06
1008.06
1008.06
1008.05
1008.05
1008.05
1008.05
1008.05
1008.05
1008.05
1009.53
1009.55
1009.59
1009.65
1009.72
1009.82
1009.93
1010.05
1010.2
1010.35
1010.52
1010.71
1010.9
1011.11
1011.33
1011.56
1011.79
1012.03
1012.27
1012.52
1012.79
1012.89
1012.83
1012.64
1012.33
1011.92
1011.44
1010.92
1010.48
1010.23
1010.11
1010.06
1010.06
1010.07
1010.1
1010.12
1010.15
1010.18
1010.2
1010.23
1010.25
1010.27
1010.29
1010.31
1010.34
1010.36
1010.39
1010.42
1010.45
1010.48
1010.51
1010.54
1010.57
1010.57
1010.54
1010.45
1010.28
1009.98
1009.5
1008.77
1007.71
1006.22
1004.22
1001.65
998.444
994.591
990.059
984.728
978.216
969.594
956.99
937.423
909.894
882.297
868.637
871.405
906.094
933.177
952.221
966.128
977.08
986.074
993.391
999.108
1003.32
1006.2
1007.95
1008.74
1008.65
1007.69
1005.73
1002.57
997.98
991.742
983.604
973.111
959.233
939.969
913.586
885.059
869.199
874.423
912.985
942.526
963.045
977.677
988.387
996.182
1001.63
1005.14
1007.05
1007.66
1007.08
1005.01
1001.14
994.939
985.841
973.342
957.132
937.097
913.658
890.58
879.117
885.588
905.737
931.425
953.006
968.234
978.817
986.454
992.223
996.723
1000.27
1003.03
1005.14
1006.71
1007.83
1008.6
1009.11
1009.42
1009.58
1009.65
1009.66
1009.63
1009.58
1009.51
1009.44
1009.36
1009.29
1009.22
1009.16
1009.09
1009.04
1008.98
1008.93
1008.88
1008.83
1008.79
1008.74
1008.7
1008.67
1008.63
1008.6
1008.57
1008.54
1008.51
1008.48
1008.46
1008.44
1008.41
1008.39
1008.37
1008.35
1008.34
1008.32
1008.31
1008.29
1008.28
1008.27
1008.25
1008.24
1008.23
1008.22
1008.21
1008.21
1008.2
1008.19
1008.19
1008.18
1008.17
1008.17
1008.17
1008.16
1008.16
1008.16
1008.15
1008.15
1008.15
1008.15
1008.15
1010.06
1010.08
1010.13
1010.19
1010.28
1010.39
1010.51
1010.65
1010.81
1010.98
1011.17
1011.36
1011.57
1011.78
1012
1012.23
1012.46
1012.69
1012.92
1013.16
1013.33
1013.33
1013.2
1012.96
1012.61
1012.18
1011.66
1011.17
1010.83
1010.65
1010.57
1010.55
1010.56
1010.58
1010.61
1010.64
1010.67
1010.7
1010.73
1010.76
1010.78
1010.81
1010.83
1010.86
1010.89
1010.91
1010.94
1010.98
1011.01
1011.05
1011.08
1011.11
1011.13
1011.12
1011.08
1010.97
1010.76
1010.41
1009.83
1008.97
1007.7
1005.95
1003.59
1000.57
996.853
992.442
987.337
981.421
974.263
964.818
951.072
930.36
903.375
879.311
869.233
875.352
908.93
934.416
952.65
966.372
977.438
986.613
994.073
999.858
1004.07
1006.9
1008.57
1009.27
1009.09
1008.01
1005.88
1002.46
997.499
990.784
982.086
971.005
956.591
937.022
911.094
884.203
869.956
876.237
912.291
941.086
961.632
976.562
987.649
995.809
1001.56
1005.31
1007.41
1008.15
1007.73
1005.86
1002.22
996.299
987.505
975.323
959.459
939.921
917.221
894.193
880.466
884.17
900.328
924.172
946.291
962.761
974.406
982.892
989.375
994.509
998.626
1001.9
1004.44
1006.36
1007.75
1008.72
1009.37
1009.77
1010
1010.11
1010.14
1010.12
1010.07
1010
1009.92
1009.84
1009.76
1009.68
1009.6
1009.53
1009.46
1009.39
1009.33
1009.26
1009.21
1009.15
1009.1
1009.05
1009
1008.96
1008.91
1008.87
1008.84
1008.8
1008.76
1008.73
1008.7
1008.67
1008.64
1008.62
1008.59
1008.57
1008.55
1008.53
1008.51
1008.49
1008.47
1008.45
1008.44
1008.43
1008.41
1008.4
1008.39
1008.38
1008.37
1008.36
1008.35
1008.34
1008.34
1008.33
1008.33
1008.32
1008.32
1008.31
1008.31
1008.31
1008.31
1008.31
1010.65
1010.68
1010.73
1010.8
1010.89
1011.01
1011.14
1011.29
1011.46
1011.64
1011.83
1012.03
1012.23
1012.44
1012.66
1012.87
1013.09
1013.3
1013.5
1013.69
1013.76
1013.69
1013.51
1013.23
1012.87
1012.41
1011.9
1011.5
1011.26
1011.14
1011.09
1011.09
1011.1
1011.13
1011.16
1011.19
1011.23
1011.26
1011.29
1011.32
1011.35
1011.38
1011.4
1011.43
1011.46
1011.49
1011.53
1011.56
1011.59
1011.63
1011.66
1011.69
1011.7
1011.68
1011.63
1011.49
1011.24
1010.83
1010.16
1009.15
1007.68
1005.64
1002.9
999.395
995.125
990.128
984.433
977.925
970.112
959.826
944.951
923.413
897.577
877.133
870.023
879.584
911.665
935.721
953.268
966.851
978.028
987.354
994.908
1000.71
1004.87
1007.61
1009.19
1009.79
1009.53
1008.33
1006.04
1002.38
997.064
989.886
980.647
969.011
954.12
934.344
908.944
883.565
870.692
877.83
911.618
939.681
960.229
975.434
986.885
995.407
1001.47
1005.46
1007.74
1008.62
1008.39
1006.73
1003.38
997.812
989.437
977.705
962.303
943.282
921.233
898.354
882.241
883.582
895.649
917.027
939.183
956.811
969.57
978.953
986.184
991.986
996.721
1000.56
1003.58
1005.9
1007.6
1008.81
1009.62
1010.14
1010.45
1010.6
1010.66
1010.66
1010.62
1010.55
1010.47
1010.38
1010.29
1010.21
1010.12
1010.04
1009.96
1009.88
1009.81
1009.74
1009.67
1009.6
1009.54
1009.48
1009.42
1009.37
1009.32
1009.27
1009.22
1009.17
1009.13
1009.09
1009.05
1009.01
1008.98
1008.94
1008.91
1008.88
1008.85
1008.83
1008.8
1008.78
1008.75
1008.73
1008.71
1008.7
1008.68
1008.66
1008.65
1008.63
1008.62
1008.61
1008.6
1008.59
1008.58
1008.57
1008.56
1008.56
1008.55
1008.55
1008.54
1008.54
1008.54
1008.54
1011.28
1011.31
1011.36
1011.44
1011.53
1011.65
1011.79
1011.94
1012.11
1012.28
1012.47
1012.66
1012.86
1013.05
1013.25
1013.45
1013.64
1013.83
1013.99
1014.1
1014.09
1013.97
1013.76
1013.47
1013.1
1012.64
1012.19
1011.9
1011.74
1011.66
1011.64
1011.64
1011.67
1011.7
1011.73
1011.76
1011.8
1011.83
1011.86
1011.89
1011.92
1011.95
1011.98
1012.01
1012.04
1012.07
1012.1
1012.14
1012.17
1012.2
1012.23
1012.25
1012.26
1012.23
1012.15
1012
1011.71
1011.23
1010.48
1009.33
1007.65
1005.29
1002.14
998.124
993.271
987.663
981.367
974.264
965.791
954.654
938.721
916.745
892.58
875.709
871.1
883.984
914.3
937.073
954.052
967.548
978.834
988.278
995.873
1001.63
1005.7
1008.32
1009.79
1010.3
1009.95
1008.66
1006.22
1002.32
996.682
989.06
979.3
967.141
951.828
931.928
907.103
883.106
871.406
879.204
910.948
938.298
958.825
974.286
986.092
994.975
1001.35
1005.58
1008.05
1009.08
1009.02
1007.59
1004.56
999.415
991.549
980.387
965.565
947.112
925.643
902.978
884.636
883.671
891.925
910.277
931.861
950.423
964.325
974.647
982.655
989.152
994.539
998.979
1002.55
1005.31
1007.37
1008.83
1009.84
1010.49
1010.89
1011.11
1011.2
1011.22
1011.2
1011.14
1011.06
1010.97
1010.88
1010.79
1010.7
1010.61
1010.52
1010.44
1010.36
1010.28
1010.2
1010.13
1010.06
1009.99
1009.93
1009.86
1009.8
1009.74
1009.69
1009.63
1009.58
1009.53
1009.49
1009.44
1009.4
1009.36
1009.32
1009.28
1009.25
1009.21
1009.18
1009.15
1009.12
1009.1
1009.07
1009.05
1009.03
1009.01
1008.99
1008.97
1008.95
1008.94
1008.92
1008.91
1008.9
1008.89
1008.88
1008.87
1008.87
1008.86
1008.86
1008.85
1008.85
1008.85
1011.91
1011.94
1011.99
1012.07
1012.16
1012.28
1012.41
1012.56
1012.72
1012.89
1013.06
1013.24
1013.42
1013.59
1013.76
1013.93
1014.1
1014.26
1014.37
1014.4
1014.33
1014.19
1013.97
1013.68
1013.31
1012.88
1012.54
1012.33
1012.23
1012.19
1012.18
1012.2
1012.22
1012.25
1012.29
1012.32
1012.35
1012.38
1012.41
1012.44
1012.47
1012.5
1012.53
1012.56
1012.59
1012.62
1012.65
1012.68
1012.71
1012.74
1012.77
1012.78
1012.78
1012.74
1012.65
1012.47
1012.15
1011.62
1010.78
1009.49
1007.59
1004.91
1001.33
996.772
991.306
985.066
978.161
970.462
961.327
949.339
932.479
910.461
888.28
874.741
872.512
888.418
916.851
938.476
954.996
968.452
979.842
989.361
996.945
1002.61
1006.54
1009.03
1010.37
1010.79
1010.36
1008.98
1006.41
1002.32
996.363
988.315
978.056
965.404
949.719
929.766
905.539
882.794
872.094
880.368
910.266
936.925
957.414
973.115
985.269
994.512
1001.2
1005.67
1008.33
1009.51
1009.61
1008.43
1005.73
1001.04
993.753
983.258
969.133
951.328
930.406
907.973
887.917
883.926
889.266
904.245
924.561
943.69
958.706
969.993
978.8
986.012
992.078
997.165
1001.32
1004.59
1007.04
1008.81
1010.02
1010.81
1011.31
1011.59
1011.73
1011.78
1011.78
1011.73
1011.66
1011.58
1011.49
1011.4
1011.31
1011.22
1011.13
1011.04
1010.96
1010.88
1010.79
1010.72
1010.64
1010.57
1010.49
1010.42
1010.36
1010.29
1010.23
1010.17
1010.11
1010.05
1010
1009.95
1009.9
1009.85
1009.81
1009.76
1009.72
1009.68
1009.64
1009.61
1009.58
1009.54
1009.51
1009.49
1009.46
1009.43
1009.41
1009.39
1009.37
1009.35
1009.33
1009.32
1009.31
1009.29
1009.28
1009.27
1009.26
1009.26
1009.25
1009.25
1009.25
1009.24
1012.52
1012.54
1012.59
1012.66
1012.75
1012.87
1012.99
1013.13
1013.27
1013.42
1013.58
1013.73
1013.89
1014.04
1014.18
1014.32
1014.45
1014.58
1014.63
1014.6
1014.51
1014.36
1014.14
1013.86
1013.51
1013.15
1012.91
1012.78
1012.72
1012.7
1012.71
1012.73
1012.75
1012.78
1012.81
1012.84
1012.87
1012.9
1012.93
1012.96
1012.99
1013.02
1013.04
1013.07
1013.1
1013.13
1013.15
1013.18
1013.21
1013.23
1013.25
1013.26
1013.24
1013.2
1013.09
1012.9
1012.55
1011.98
1011.06
1009.63
1007.52
1004.52
1000.48
995.353
989.245
982.355
974.837
966.546
956.75
943.925
926.313
904.634
884.788
874.721
874.265
892.752
919.331
939.939
956.1
969.552
981.031
990.581
998.099
1003.62
1007.38
1009.71
1010.92
1011.24
1010.74
1009.3
1006.63
1002.36
996.112
987.66
976.924
963.809
947.795
927.845
904.221
882.594
872.751
881.333
909.56
935.552
955.989
971.917
984.415
994.019
1001.02
1005.73
1008.57
1009.92
1010.15
1009.22
1006.86
1002.65
995.969
986.21
972.881
955.826
935.469
913.271
892.067
884.519
887.5
899.1
917.537
936.757
952.751
965.018
974.643
982.58
989.345
995.113
999.904
1003.72
1006.61
1008.7
1010.14
1011.09
1011.69
1012.05
1012.24
1012.32
1012.33
1012.3
1012.24
1012.17
1012.09
1012.01
1011.92
1011.83
1011.75
1011.66
1011.58
1011.49
1011.41
1011.33
1011.25
1011.18
1011.1
1011.03
1010.96
1010.89
1010.82
1010.76
1010.69
1010.63
1010.57
1010.52
1010.46
1010.41
1010.36
1010.31
1010.27
1010.22
1010.18
1010.14
1010.1
1010.07
1010.03
1010
1009.97
1009.94
1009.91
1009.89
1009.87
1009.84
1009.83
1009.81
1009.79
1009.78
1009.76
1009.75
1009.74
1009.73
1009.73
1009.72
1009.72
1009.72
1013.06
1013.08
1013.13
1013.2
1013.28
1013.38
1013.49
1013.61
1013.74
1013.87
1014
1014.14
1014.26
1014.39
1014.5
1014.61
1014.72
1014.79
1014.79
1014.75
1014.64
1014.49
1014.28
1014.01
1013.7
1013.44
1013.29
1013.21
1013.18
1013.18
1013.19
1013.21
1013.23
1013.26
1013.29
1013.31
1013.34
1013.37
1013.39
1013.42
1013.44
1013.47
1013.49
1013.52
1013.54
1013.57
1013.59
1013.61
1013.64
1013.66
1013.67
1013.67
1013.65
1013.6
1013.48
1013.27
1012.91
1012.3
1011.31
1009.77
1007.45
1004.11
999.601
993.881
987.106
979.552
971.419
962.542
952.091
938.465
920.324
899.4
882.132
874.816
876.515
896.882
921.755
941.478
957.366
970.838
982.38
991.913
999.311
1004.65
1008.21
1010.35
1011.43
1011.67
1011.11
1009.62
1006.87
1002.44
995.936
987.1
975.91
962.359
946.056
926.151
903.124
882.522
873.373
882.111
908.821
934.171
954.546
970.691
983.531
993.498
1000.81
1005.77
1008.78
1010.28
1010.65
1009.95
1007.92
1004.18
998.126
989.14
976.681
960.479
940.77
918.83
896.955
885.632
886.607
894.899
910.991
929.78
946.526
959.761
970.212
978.881
986.355
992.83
998.296
1002.7
1006.08
1008.52
1010.21
1011.33
1012.03
1012.45
1012.69
1012.81
1012.84
1012.83
1012.79
1012.73
1012.66
1012.59
1012.51
1012.43
1012.35
1012.27
1012.18
1012.1
1012.03
1011.95
1011.87
1011.8
1011.72
1011.65
1011.58
1011.51
1011.44
1011.37
1011.31
1011.24
1011.18
1011.12
1011.07
1011.01
1010.96
1010.91
1010.86
1010.81
1010.77
1010.72
1010.68
1010.64
1010.61
1010.57
1010.54
1010.51
1010.48
1010.45
1010.43
1010.4
1010.38
1010.36
1010.34
1010.33
1010.31
1010.3
1010.29
1010.28
1010.27
1010.27
1010.26
1010.26
1013.53
1013.55
1013.59
1013.65
1013.72
1013.81
1013.91
1014.01
1014.12
1014.23
1014.34
1014.45
1014.55
1014.65
1014.74
1014.82
1014.9
1014.92
1014.9
1014.84
1014.74
1014.59
1014.39
1014.15
1013.9
1013.74
1013.65
1013.6
1013.59
1013.59
1013.61
1013.63
1013.65
1013.67
1013.7
1013.72
1013.74
1013.77
1013.79
1013.81
1013.83
1013.86
1013.88
1013.9
1013.92
1013.94
1013.96
1013.98
1013.99
1014.01
1014.02
1014.01
1013.99
1013.93
1013.81
1013.59
1013.22
1012.59
1011.55
1009.9
1007.37
1003.71
998.712
992.374
984.908
976.677
967.932
958.476
947.382
933.03
914.626
894.847
880.214
875.034
879.272
900.751
924.133
943.106
958.791
972.294
983.869
993.331
1000.56
1005.67
1009
1010.96
1011.9
1012.06
1011.46
1009.93
1007.12
1002.57
995.834
986.641
975.02
961.057
944.497
924.67
902.22
882.51
873.956
882.732
908.026
932.776
953.083
969.437
982.617
992.952
1000.59
1005.78
1008.97
1010.61
1011.1
1010.61
1008.9
1005.6
1000.17
991.965
980.418
965.157
946.228
924.625
902.413
887.581
886.323
891.706
905.115
922.936
940.125
954.266
965.544
974.945
983.131
990.332
996.507
1001.55
1005.44
1008.27
1010.22
1011.51
1012.32
1012.81
1013.09
1013.23
1013.29
1013.3
1013.28
1013.23
1013.17
1013.11
1013.04
1012.97
1012.9
1012.83
1012.75
1012.68
1012.61
1012.53
1012.46
1012.39
1012.32
1012.25
1012.18
1012.12
1012.05
1011.99
1011.92
1011.86
1011.8
1011.74
1011.68
1011.63
1011.58
1011.52
1011.47
1011.43
1011.38
1011.34
1011.29
1011.25
1011.21
1011.18
1011.14
1011.11
1011.08
1011.05
1011.03
1011
1010.98
1010.96
1010.94
1010.92
1010.91
1010.89
1010.88
1010.87
1010.86
1010.86
1010.85
1010.85
1013.92
1013.94
1013.97
1014.02
1014.08
1014.16
1014.24
1014.32
1014.41
1014.5
1014.59
1014.67
1014.75
1014.83
1014.9
1014.96
1015
1015
1014.96
1014.9
1014.8
1014.66
1014.48
1014.28
1014.12
1014.02
1013.96
1013.94
1013.94
1013.95
1013.96
1013.98
1014
1014.02
1014.04
1014.06
1014.08
1014.1
1014.12
1014.13
1014.15
1014.17
1014.19
1014.2
1014.22
1014.24
1014.25
1014.27
1014.28
1014.29
1014.29
1014.29
1014.26
1014.2
1014.08
1013.86
1013.49
1012.84
1011.76
1010.02
1007.31
1003.31
997.825
990.848
982.671
973.753
964.401
954.379
942.659
927.695
909.316
890.987
878.884
875.453
882.414
904.345
926.471
944.827
960.368
973.903
985.471
994.811
1001.81
1006.66
1009.74
1011.51
1012.33
1012.42
1011.79
1010.24
1007.39
1002.74
995.789
986.287
974.258
959.904
943.114
923.385
901.487
882.56
874.499
883.209
907.178
931.36
951.596
968.155
981.679
992.388
1000.35
1005.78
1009.13
1010.9
1011.5
1011.19
1009.77
1006.91
1002.07
994.624
983.993
969.735
951.727
930.608
908.286
890.632
886.384
889.549
900.119
916.435
933.674
948.59
960.68
970.805
979.7
987.639
994.555
1000.28
1004.72
1007.96
1010.19
1011.64
1012.56
1013.11
1013.43
1013.6
1013.68
1013.7
1013.69
1013.66
1013.61
1013.56
1013.51
1013.45
1013.38
1013.32
1013.26
1013.2
1013.13
1013.07
1013
1012.94
1012.88
1012.81
1012.75
1012.69
1012.63
1012.57
1012.51
1012.45
1012.39
1012.34
1012.28
1012.23
1012.18
1012.13
1012.08
1012.03
1011.99
1011.95
1011.9
1011.86
1011.83
1011.79
1011.76
1011.72
1011.69
1011.66
1011.64
1011.61
1011.59
1011.57
1011.55
1011.53
1011.52
1011.5
1011.49
1011.48
1011.47
1011.47
1011.46
1011.46
1014.23
1014.24
1014.27
1014.31
1014.36
1014.42
1014.49
1014.56
1014.63
1014.69
1014.76
1014.83
1014.89
1014.94
1015
1015.03
1015.05
1015.03
1015
1014.93
1014.84
1014.72
1014.56
1014.42
1014.32
1014.26
1014.23
1014.22
1014.22
1014.23
1014.25
1014.26
1014.28
1014.29
1014.31
1014.33
1014.34
1014.36
1014.37
1014.39
1014.4
1014.42
1014.43
1014.44
1014.46
1014.47
1014.48
1014.49
1014.5
1014.51
1014.51
1014.5
1014.47
1014.41
1014.29
1014.08
1013.71
1013.06
1011.96
1010.14
1007.25
1002.94
996.956
989.322
980.415
970.803
960.851
950.284
937.967
922.538
904.465
887.78
878.046
876.145
885.785
907.681
928.774
946.637
962.083
975.643
987.163
996.328
1003.06
1007.62
1010.44
1012.02
1012.72
1012.75
1012.1
1010.55
1007.69
1002.96
995.847
986.047
973.625
958.9
941.898
922.281
900.903
882.667
874.999
883.557
906.286
929.92
950.085
966.847
980.719
991.81
1000.1
1005.77
1009.27
1011.15
1011.86
1011.71
1010.54
1008.07
1003.79
997.075
987.334
974.095
957.118
936.69
914.45
894.752
886.856
888.231
896.053
910.462
927.32
942.805
955.671
966.503
976.095
984.775
992.456
998.893
1003.93
1007.6
1010.11
1011.74
1012.75
1013.35
1013.7
1013.89
1013.99
1014.03
1014.03
1014.01
1013.98
1013.94
1013.89
1013.84
1013.79
1013.74
1013.69
1013.64
1013.58
1013.53
1013.47
1013.42
1013.36
1013.31
1013.25
1013.2
1013.14
1013.09
1013.04
1012.99
1012.93
1012.88
1012.83
1012.79
1012.74
1012.69
1012.65
1012.61
1012.56
1012.52
1012.48
1012.45
1012.41
1012.38
1012.34
1012.31
1012.28
1012.26
1012.23
1012.21
1012.19
1012.17
1012.15
1012.13
1012.12
1012.1
1012.09
1012.08
1012.07
1012.07
1012.07
1012.06
1014.46
1014.47
1014.49
1014.53
1014.57
1014.61
1014.67
1014.72
1014.77
1014.83
1014.88
1014.92
1014.97
1015.01
1015.05
1015.07
1015.06
1015.05
1015.01
1014.95
1014.87
1014.76
1014.63
1014.54
1014.49
1014.45
1014.44
1014.44
1014.44
1014.45
1014.46
1014.48
1014.49
1014.5
1014.51
1014.53
1014.54
1014.55
1014.56
1014.58
1014.59
1014.6
1014.61
1014.62
1014.63
1014.64
1014.65
1014.66
1014.66
1014.67
1014.66
1014.65
1014.62
1014.57
1014.46
1014.25
1013.89
1013.25
1012.14
1010.26
1007.22
1002.6
996.121
987.816
978.161
967.85
957.309
946.216
933.355
917.622
900.093
885.142
877.64
877.129
889.234
910.789
931.041
948.527
963.919
977.49
988.92
997.859
1004.28
1008.52
1011.08
1012.47
1013.06
1013.04
1012.38
1010.85
1008
1003.24
995.98
985.914
973.12
958.041
940.843
921.34
900.448
882.817
875.46
883.789
905.36
928.455
948.55
965.517
979.743
991.227
999.845
1005.75
1009.4
1011.37
1012.17
1012.16
1011.22
1009.1
1005.33
999.301
990.401
978.148
962.242
942.717
920.778
899.756
888.033
887.679
892.893
905.132
921.204
937.004
950.57
962.081
972.351
981.768
990.232
997.417
1003.08
1007.2
1010.01
1011.8
1012.9
1013.55
1013.92
1014.13
1014.23
1014.28
1014.29
1014.28
1014.26
1014.23
1014.2
1014.16
1014.12
1014.08
1014.04
1014
1013.95
1013.91
1013.86
1013.82
1013.77
1013.72
1013.68
1013.63
1013.59
1013.54
1013.5
1013.45
1013.41
1013.36
1013.32
1013.28
1013.24
1013.2
1013.16
1013.12
1013.08
1013.05
1013.01
1012.98
1012.95
1012.91
1012.88
1012.86
1012.83
1012.81
1012.78
1012.76
1012.74
1012.72
1012.7
1012.69
1012.68
1012.66
1012.65
1012.64
1012.64
1012.63
1012.63
1012.63
1014.62
1014.63
1014.65
1014.68
1014.71
1014.75
1014.79
1014.83
1014.87
1014.91
1014.94
1014.98
1015.01
1015.04
1015.06
1015.07
1015.06
1015.04
1015
1014.95
1014.88
1014.79
1014.71
1014.65
1014.62
1014.61
1014.6
1014.6
1014.61
1014.62
1014.62
1014.63
1014.64
1014.65
1014.66
1014.67
1014.68
1014.69
1014.7
1014.71
1014.72
1014.73
1014.73
1014.74
1014.75
1014.76
1014.76
1014.77
1014.77
1014.78
1014.77
1014.76
1014.73
1014.68
1014.58
1014.39
1014.04
1013.42
1012.31
1010.39
1007.22
1002.31
995.337
986.35
975.933
964.92
953.801
942.205
928.869
913
896.227
883.111
877.597
878.495
892.636
913.696
933.27
950.481
965.855
979.423
990.721
999.384
1005.46
1009.36
1011.65
1012.86
1013.35
1013.29
1012.64
1011.15
1008.33
1003.56
996.192
985.865
972.746
957.324
939.939
920.548
900.105
883.001
875.886
883.915
904.411
926.971
946.997
964.169
978.761
990.649
999.604
1005.73
1009.51
1011.57
1012.45
1012.54
1011.8
1010.01
1006.7
1001.3
993.18
981.849
966.989
948.507
927.118
905.381
890.299
887.62
890.786
900.632
915.486
931.292
945.434
957.587
968.507
978.65
987.909
995.87
1002.18
1006.78
1009.88
1011.84
1013.02
1013.7
1014.09
1014.31
1014.42
1014.47
1014.49
1014.49
1014.48
1014.46
1014.43
1014.4
1014.37
1014.34
1014.31
1014.28
1014.24
1014.21
1014.17
1014.13
1014.1
1014.06
1014.02
1013.99
1013.95
1013.91
1013.87
1013.84
1013.8
1013.76
1013.73
1013.69
1013.66
1013.62
1013.59
1013.56
1013.53
1013.5
1013.47
1013.44
1013.41
1013.38
1013.36
1013.33
1013.31
1013.29
1013.27
1013.25
1013.23
1013.21
1013.2
1013.19
1013.17
1013.16
1013.15
1013.15
1013.14
1013.14
1013.13
1013.13
1014.74
1014.74
1014.76
1014.78
1014.8
1014.83
1014.86
1014.89
1014.92
1014.95
1014.98
1015
1015.03
1015.05
1015.06
1015.06
1015.05
1015.02
1014.99
1014.95
1014.89
1014.82
1014.77
1014.74
1014.72
1014.71
1014.71
1014.72
1014.72
1014.73
1014.74
1014.74
1014.75
1014.76
1014.76
1014.77
1014.78
1014.79
1014.79
1014.8
1014.81
1014.81
1014.82
1014.82
1014.83
1014.83
1014.84
1014.84
1014.84
1014.85
1014.84
1014.83
1014.81
1014.76
1014.66
1014.49
1014.16
1013.56
1012.47
1010.53
1007.26
1002.08
994.62
984.945
973.753
962.035
950.355
938.278
924.554
908.718
892.902
881.625
877.611
880.268
895.904
916.423
935.458
952.483
967.875
981.424
992.544
1000.88
1006.58
1010.13
1012.17
1013.21
1013.61
1013.52
1012.88
1011.43
1008.68
1003.93
996.493
985.96
972.51
956.746
939.176
919.888
899.855
883.213
876.28
883.954
903.446
925.479
945.433
962.813
977.782
990.086
999.383
1005.73
1009.63
1011.75
1012.7
1012.87
1012.29
1010.78
1007.91
1003.08
995.678
985.192
971.305
953.889
933.281
911.35
893.678
887.844
889.462
897.004
910.31
925.787
940.332
953.073
964.604
975.452
985.512
994.274
1001.26
1006.34
1009.74
1011.86
1013.11
1013.82
1014.22
1014.44
1014.55
1014.61
1014.63
1014.64
1014.63
1014.62
1014.6
1014.58
1014.56
1014.53
1014.51
1014.48
1014.46
1014.43
1014.4
1014.37
1014.35
1014.32
1014.29
1014.26
1014.23
1014.2
1014.17
1014.14
1014.11
1014.08
1014.05
1014.03
1014
1013.97
1013.94
1013.92
1013.89
1013.87
1013.84
1013.82
1013.79
1013.77
1013.75
1013.73
1013.71
1013.69
1013.68
1013.66
1013.64
1013.63
1013.62
1013.61
1013.6
1013.59
1013.58
1013.57
1013.57
1013.56
1013.56
1013.56
1014.81
1014.81
1014.83
1014.84
1014.86
1014.88
1014.9
1014.93
1014.95
1014.97
1014.99
1015
1015.02
1015.03
1015.04
1015.03
1015.02
1015
1014.97
1014.93
1014.89
1014.84
1014.82
1014.8
1014.79
1014.79
1014.79
1014.79
1014.8
1014.8
1014.81
1014.81
1014.82
1014.82
1014.83
1014.83
1014.84
1014.84
1014.85
1014.85
1014.86
1014.86
1014.87
1014.87
1014.87
1014.88
1014.88
1014.88
1014.88
1014.88
1014.88
1014.87
1014.85
1014.8
1014.72
1014.56
1014.26
1013.69
1012.63
1010.69
1007.33
1001.93
993.991
983.625
971.646
959.221
946.994
934.468
920.451
904.817
890.097
880.556
877.754
882.36
898.989
918.986
937.601
954.524
969.964
983.474
994.37
1002.34
1007.63
1010.83
1012.61
1013.5
1013.82
1013.71
1013.1
1011.72
1009.04
1004.35
996.875
986.16
972.396
956.298
938.542
919.346
899.688
883.445
876.643
883.92
902.475
923.988
943.867
961.459
976.818
989.554
999.196
1005.75
1009.75
1011.92
1012.91
1013.14
1012.71
1011.45
1008.96
1004.66
997.917
988.195
975.181
958.764
939.08
917.384
897.961
888.613
888.855
894.178
905.745
920.591
935.338
948.588
960.685
972.21
983.07
992.652
1000.34
1005.92
1009.61
1011.87
1013.18
1013.91
1014.32
1014.53
1014.65
1014.7
1014.73
1014.74
1014.73
1014.72
1014.71
1014.7
1014.68
1014.66
1014.65
1014.63
1014.61
1014.59
1014.57
1014.55
1014.53
1014.5
1014.48
1014.46
1014.44
1014.42
1014.39
1014.37
1014.35
1014.33
1014.3
1014.28
1014.26
1014.24
1014.22
1014.2
1014.17
1014.15
1014.14
1014.12
1014.1
1014.08
1014.06
1014.05
1014.03
1014.02
1014
1013.99
1013.98
1013.97
1013.96
1013.95
1013.94
1013.93
1013.93
1013.92
1013.92
1013.91
1013.91
1013.91
1014.85
1014.85
1014.86
1014.87
1014.89
1014.9
1014.92
1014.93
1014.95
1014.97
1014.98
1014.99
1015
1015.01
1015.01
1015
1014.99
1014.97
1014.95
1014.92
1014.89
1014.86
1014.84
1014.84
1014.83
1014.83
1014.83
1014.84
1014.84
1014.84
1014.85
1014.85
1014.85
1014.86
1014.86
1014.87
1014.87
1014.87
1014.88
1014.88
1014.88
1014.89
1014.89
1014.89
1014.89
1014.9
1014.9
1014.9
1014.9
1014.9
1014.9
1014.89
1014.87
1014.83
1014.75
1014.61
1014.33
1013.8
1012.78
1010.86
1007.45
1001.84
993.468
982.413
969.636
956.5
943.74
930.807
916.597
901.315
887.771
879.834
878.076
884.647
901.866
921.394
939.698
956.599
972.113
985.561
996.185
1003.75
1008.61
1011.46
1013
1013.75
1014
1013.88
1013.3
1011.99
1009.42
1004.81
997.343
986.475
972.396
955.978
938.03
918.907
899.581
883.69
876.981
883.833
901.508
922.509
942.309
960.12
975.886
989.068
999.057
1005.8
1009.88
1012.09
1013.1
1013.38
1013.07
1012.02
1009.87
1006.06
999.921
990.89
978.644
963.109
944.374
923.229
902.82
890.233
888.762
892.235
901.884
915.8
930.529
944.182
956.793
968.961
980.613
991.032
999.437
1005.51
1009.49
1011.89
1013.24
1013.99
1014.38
1014.59
1014.71
1014.76
1014.79
1014.8
1014.8
1014.79
1014.78
1014.77
1014.76
1014.75
1014.74
1014.72
1014.71
1014.7
1014.68
1014.67
1014.65
1014.63
1014.62
1014.6
1014.59
1014.57
1014.55
1014.53
1014.52
1014.5
1014.48
1014.47
1014.45
1014.43
1014.42
1014.4
1014.39
1014.37
1014.36
1014.34
1014.33
1014.31
1014.3
1014.29
1014.28
1014.26
1014.25
1014.24
1014.23
1014.23
1014.22
1014.21
1014.2
1014.2
1014.19
1014.19
1014.19
1014.18
1014.18
1014.18
1014.86
1014.87
1014.87
1014.88
1014.89
1014.9
1014.91
1014.93
1014.94
1014.95
1014.96
1014.97
1014.97
1014.97
1014.97
1014.97
1014.96
1014.94
1014.92
1014.9
1014.88
1014.86
1014.86
1014.85
1014.85
1014.85
1014.85
1014.85
1014.86
1014.86
1014.86
1014.87
1014.87
1014.87
1014.87
1014.88
1014.88
1014.88
1014.88
1014.89
1014.89
1014.89
1014.89
1014.89
1014.9
1014.9
1014.9
1014.9
1014.9
1014.9
1014.9
1014.89
1014.87
1014.84
1014.77
1014.64
1014.39
1013.9
1012.92
1011.05
1007.63
1001.85
993.075
981.334
967.75
953.899
940.618
927.325
913.021
898.207
885.84
879.356
878.592
887.009
904.528
923.655
941.754
958.711
974.318
987.672
997.972
1005.08
1009.5
1012.02
1013.33
1013.95
1014.15
1014.02
1013.48
1012.25
1009.81
1005.33
997.899
986.917
972.556
955.797
937.633
918.562
899.546
883.945
877.295
883.713
900.556
921.054
940.773
958.81
975.004
988.649
998.976
1005.9
1010.03
1012.25
1013.27
1013.58
1013.36
1012.5
1010.66
1007.29
1001.72
993.319
981.742
966.955
949.097
928.675
907.905
892.741
888.864
890.999
898.77
911.503
925.98
939.905
952.972
965.744
978.175
989.441
998.577
1005.15
1009.4
1011.91
1013.3
1014.04
1014.43
1014.63
1014.74
1014.79
1014.82
1014.83
1014.83
1014.83
1014.82
1014.81
1014.81
1014.8
1014.79
1014.78
1014.77
1014.76
1014.75
1014.74
1014.73
1014.72
1014.7
1014.69
1014.68
1014.67
1014.66
1014.64
1014.63
1014.62
1014.61
1014.6
1014.58
1014.57
1014.56
1014.55
1014.54
1014.52
1014.51
1014.5
1014.49
1014.48
1014.47
1014.46
1014.45
1014.44
1014.44
1014.43
1014.42
1014.41
1014.41
1014.4
1014.4
1014.39
1014.39
1014.39
1014.38
1014.38
1014.38
1014.38
1014.86
1014.87
1014.87
1014.88
1014.88
1014.89
1014.9
1014.91
1014.91
1014.92
1014.93
1014.93
1014.94
1014.94
1014.93
1014.93
1014.92
1014.91
1014.89
1014.88
1014.87
1014.86
1014.85
1014.85
1014.85
1014.85
1014.85
1014.85
1014.86
1014.86
1014.86
1014.86
1014.86
1014.87
1014.87
1014.87
1014.87
1014.87
1014.87
1014.88
1014.88
1014.88
1014.88
1014.88
1014.88
1014.88
1014.88
1014.89
1014.89
1014.88
1014.88
1014.88
1014.86
1014.83
1014.77
1014.66
1014.44
1013.98
1013.07
1011.27
1007.87
1001.97
992.83
980.418
966.018
951.445
937.65
924.045
909.735
895.467
884.276
879.216
879.291
889.346
906.976
925.778
943.773
960.864
976.577
989.797
999.717
1006.34
1010.31
1012.5
1013.61
1014.11
1014.27
1014.14
1013.64
1012.51
1010.2
1005.88
998.543
987.484
972.849
955.732
937.341
918.297
899.545
884.205
877.588
883.57
899.628
919.635
939.272
957.548
974.193
988.321
998.972
1006.05
1010.21
1012.41
1013.42
1013.75
1013.61
1012.9
1011.33
1008.38
1003.33
995.518
984.529
970.36
953.245
933.583
912.9
895.932
889.306
890.24
896.301
907.739
921.754
935.809
949.265
962.597
975.793
987.914
997.787
1004.85
1009.34
1011.95
1013.35
1014.09
1014.46
1014.65
1014.75
1014.8
1014.83
1014.84
1014.84
1014.84
1014.83
1014.83
1014.83
1014.82
1014.81
1014.81
1014.8
1014.79
1014.79
1014.78
1014.77
1014.76
1014.75
1014.75
1014.74
1014.73
1014.72
1014.71
1014.7
1014.69
1014.69
1014.68
1014.67
1014.66
1014.65
1014.64
1014.63
1014.63
1014.62
1014.61
1014.6
1014.59
1014.59
1014.58
1014.57
1014.57
1014.56
1014.56
1014.55
1014.55
1014.54
1014.54
1014.53
1014.53
1014.53
1014.53
1014.52
1014.52
1014.52
1014.52
1014.85
1014.85
1014.85
1014.86
1014.86
1014.87
1014.87
1014.88
1014.88
1014.89
1014.89
1014.9
1014.9
1014.9
1014.89
1014.89
1014.88
1014.87
1014.86
1014.85
1014.85
1014.84
1014.84
1014.84
1014.84
1014.84
1014.84
1014.84
1014.84
1014.84
1014.85
1014.85
1014.85
1014.85
1014.85
1014.85
1014.85
1014.85
1014.86
1014.86
1014.86
1014.86
1014.86
1014.86
1014.86
1014.86
1014.86
1014.86
1014.86
1014.86
1014.86
1014.85
1014.84
1014.82
1014.77
1014.67
1014.47
1014.06
1013.22
1011.5
1008.16
1002.2
992.728
979.702
964.473
949.161
934.859
920.986
906.747
893.097
883.073
879.085
880.224
891.585
909.217
927.774
945.769
963.067
978.887
991.924
1001.41
1007.51
1011.04
1012.91
1013.83
1014.24
1014.36
1014.23
1013.79
1012.75
1010.61
1006.47
999.276
988.183
973.288
955.798
937.148
918.103
899.575
884.468
877.862
883.415
898.735
918.265
937.822
956.353
973.476
988.104
999.07
1006.26
1010.42
1012.57
1013.56
1013.9
1013.81
1013.24
1011.91
1009.34
1004.79
997.522
987.058
973.388
956.859
937.896
917.566
899.502
890.174
890.079
894.436
904.495
917.889
931.938
945.707
959.56
973.508
986.49
997.101
1004.63
1009.34
1012.01
1013.41
1014.13
1014.48
1014.66
1014.75
1014.8
1014.82
1014.83
1014.83
1014.83
1014.83
1014.83
1014.82
1014.82
1014.82
1014.81
1014.81
1014.8
1014.8
1014.79
1014.79
1014.78
1014.78
1014.77
1014.77
1014.76
1014.75
1014.75
1014.74
1014.74
1014.73
1014.72
1014.72
1014.71
1014.7
1014.7
1014.69
1014.69
1014.68
1014.68
1014.67
1014.66
1014.66
1014.65
1014.65
1014.65
1014.64
1014.64
1014.63
1014.63
1014.63
1014.62
1014.62
1014.62
1014.62
1014.62
1014.61
1014.61
1014.61
1014.61
1014.83
1014.83
1014.83
1014.83
1014.83
1014.84
1014.84
1014.85
1014.85
1014.85
1014.86
1014.86
1014.86
1014.85
1014.85
1014.85
1014.84
1014.84
1014.83
1014.82
1014.82
1014.82
1014.82
1014.82
1014.82
1014.82
1014.82
1014.82
1014.82
1014.82
1014.82
1014.82
1014.82
1014.82
1014.83
1014.83
1014.83
1014.83
1014.83
1014.83
1014.83
1014.83
1014.83
1014.83
1014.83
1014.83
1014.83
1014.83
1014.83
1014.83
1014.83
1014.82
1014.82
1014.79
1014.75
1014.67
1014.49
1014.13
1013.36
1011.75
1008.52
1002.57
992.851
979.233
963.152
947.078
932.267
918.164
904.062
891.077
882.153
879.035
881.338
893.68
911.259
929.658
947.758
965.332
981.251
994.044
1003.03
1008.59
1011.68
1013.26
1014.01
1014.34
1014.43
1014.31
1013.91
1012.99
1011.01
1007.11
1000.1
989.023
973.888
956.004
937.059
917.969
899.629
884.732
878.118
883.256
897.885
916.956
936.44
955.251
972.886
988.004
999.282
1006.55
1010.66
1012.74
1013.69
1014.02
1013.98
1013.51
1012.41
1010.17
1006.1
999.362
989.378
976.107
960.007
941.62
921.754
903.145
891.573
890.02
893.126
901.781
914.411
928.328
942.336
956.673
971.366
985.218
996.559
1004.52
1009.4
1012.09
1013.48
1014.16
1014.5
1014.66
1014.74
1014.78
1014.8
1014.81
1014.81
1014.81
1014.81
1014.81
1014.81
1014.81
1014.81
1014.8
1014.8
1014.8
1014.79
1014.79
1014.79
1014.78
1014.78
1014.78
1014.77
1014.77
1014.76
1014.76
1014.75
1014.75
1014.75
1014.74
1014.74
1014.73
1014.73
1014.73
1014.72
1014.72
1014.71
1014.71
1014.71
1014.7
1014.7
1014.69
1014.69
1014.69
1014.69
1014.68
1014.68
1014.68
1014.68
1014.67
1014.67
1014.67
1014.67
1014.67
1014.67
1014.67
1014.66
1014.66
1014.8
1014.8
1014.8
1014.8
1014.8
1014.8
1014.81
1014.81
1014.81
1014.81
1014.81
1014.81
1014.81
1014.81
1014.81
1014.81
1014.8
1014.8
1014.8
1014.79
1014.79
1014.79
1014.79
1014.79
1014.79
1014.79
1014.79
1014.79
1014.79
1014.79
1014.79
1014.79
1014.79
1014.79
1014.79
1014.79
1014.79
1014.8
1014.8
1014.8
1014.8
1014.8
1014.8
1014.8
1014.8
1014.8
1014.8
1014.8
1014.8
1014.8
1014.8
1014.79
1014.78
1014.77
1014.73
1014.66
1014.51
1014.19
1013.51
1012.02
1008.95
1003.08
993.19
979.022
962.099
945.228
929.897
915.592
901.678
889.37
881.445
879.041
882.557
895.608
913.119
931.452
949.771
967.677
983.669
996.146
1004.58
1009.57
1012.23
1013.54
1014.16
1014.42
1014.48
1014.37
1014.02
1013.21
1011.42
1007.77
1001.01
990.013
974.662
956.359
937.07
917.898
899.704
884.993
878.356
883.099
897.086
915.721
935.147
954.271
972.472
988.099
999.633
1006.91
1010.93
1012.92
1013.81
1014.12
1014.11
1013.74
1012.82
1010.91
1007.28
1001.06
991.535
978.586
962.767
944.804
925.403
906.621
893.377
890.051
892.199
899.547
911.329
925.006
939.182
953.979
969.418
984.153
996.204
1004.52
1009.53
1012.21
1013.55
1014.2
1014.5
1014.65
1014.72
1014.76
1014.78
1014.78
1014.79
1014.79
1014.79
1014.79
1014.79
1014.78
1014.78
1014.78
1014.78
1014.78
1014.78
1014.77
1014.77
1014.77
1014.77
1014.76
1014.76
1014.76
1014.76
1014.75
1014.75
1014.75
1014.74
1014.74
1014.74
1014.74
1014.73
1014.73
1014.73
1014.72
1014.72
1014.72
1014.72
1014.71
1014.71
1014.71
1014.71
1014.71
1014.7
1014.7
1014.7
1014.7
1014.7
1014.69
1014.69
1014.69
1014.69
1014.69
1014.69
1014.69
1014.69
1014.69
1014.76
1014.76
1014.76
1014.76
1014.77
1014.77
1014.77
1014.77
1014.77
1014.77
1014.77
1014.77
1014.77
1014.77
1014.77
1014.77
1014.76
1014.76
1014.76
1014.76
1014.76
1014.76
1014.76
1014.76
1014.76
1014.76
1014.76
1014.76
1014.76
1014.76
1014.76
1014.76
1014.76
1014.76
1014.76
1014.76
1014.76
1014.76
1014.76
1014.76
1014.76
1014.76
1014.76
1014.76
1014.76
1014.76
1014.76
1014.76
1014.76
1014.76
1014.76
1014.76
1014.75
1014.74
1014.71
1014.65
1014.52
1014.25
1013.65
1012.31
1009.43
1003.73
993.779
979.104
961.378
943.649
927.769
913.28
899.583
887.934
880.9
879.124
883.808
897.361
914.816
933.186
951.84
970.125
986.147
998.222
1006.03
1010.45
1012.71
1013.78
1014.27
1014.47
1014.51
1014.42
1014.12
1013.41
1011.82
1008.47
1002.02
991.169
975.635
956.88
937.182
917.882
899.795
885.247
878.578
882.951
896.346
914.573
933.965
953.444
972.264
988.402
1000.14
1007.36
1011.24
1013.1
1013.91
1014.21
1014.21
1013.92
1013.17
1011.55
1008.36
1002.65
993.575
980.895
965.226
947.521
928.516
909.774
895.379
890.229
891.542
897.71
908.627
921.987
936.278
951.521
967.727
983.369
996.055
1004.69
1009.74
1012.37
1013.64
1014.23
1014.51
1014.64
1014.7
1014.73
1014.75
1014.75
1014.76
1014.76
1014.76
1014.76
1014.76
1014.75
1014.75
1014.75
1014.75
1014.75
1014.75
1014.75
1014.75
1014.74
1014.74
1014.74
1014.74
1014.74
1014.74
1014.73
1014.73
1014.73
1014.73
1014.73
1014.73
1014.72
1014.72
1014.72
1014.72
1014.72
1014.71
1014.71
1014.71
1014.71
1014.71
1014.71
1014.7
1014.7
1014.7
1014.7
1014.7
1014.7
1014.7
1014.7
1014.7
1014.69
1014.69
1014.69
1014.69
1014.69
1014.69
1014.69
1014.72
1014.72
1014.72
1014.73
1014.73
1014.73
1014.73
1014.73
1014.73
1014.73
1014.73
1014.73
1014.73
1014.73
1014.73
1014.72
1014.72
1014.72
1014.72
1014.72
1014.72
1014.72
1014.72
1014.72
1014.72
1014.72
1014.72
1014.72
1014.72
1014.72
1014.72
1014.72
1014.72
1014.72
1014.72
1014.72
1014.72
1014.72
1014.72
1014.72
1014.72
1014.72
1014.72
1014.72
1014.72
1014.72
1014.72
1014.72
1014.72
1014.72
1014.72
1014.72
1014.71
1014.7
1014.68
1014.63
1014.53
1014.3
1013.78
1012.6
1009.96
1004.52
994.647
979.599
961.039
942.375
925.904
911.232
897.76
886.728
880.486
879.284
885.035
898.942
916.375
934.896
954.009
972.706
988.69
1000.26
1007.4
1011.24
1013.1
1013.96
1014.35
1014.5
1014.53
1014.45
1014.2
1013.6
1012.21
1009.18
1003.11
992.508
976.843
957.6
937.417
917.921
899.901
885.491
878.785
882.815
895.674
913.53
932.924
952.821
972.283
988.952
1000.82
1007.9
1011.57
1013.28
1014.01
1014.28
1014.29
1014.07
1013.46
1012.11
1009.34
1004.15
995.549
983.115
967.48
949.858
931.139
912.531
897.389
890.543
891.085
896.184
906.273
919.28
933.651
949.348
966.367
982.942
996.193
1005.04
1010.05
1012.56
1013.73
1014.26
1014.51
1014.62
1014.67
1014.7
1014.71
1014.72
1014.72
1014.72
1014.72
1014.72
1014.72
1014.72
1014.72
1014.72
1014.72
1014.72
1014.72
1014.72
1014.71
1014.71
1014.71
1014.71
1014.71
1014.71
1014.71
1014.71
1014.71
1014.71
1014.7
1014.7
1014.7
1014.7
1014.7
1014.7
1014.7
1014.7
1014.69
1014.69
1014.69
1014.69
1014.69
1014.69
1014.69
1014.69
1014.69
1014.69
1014.69
1014.68
1014.68
1014.68
1014.68
1014.68
1014.68
1014.68
1014.68
1014.68
1014.68
1014.68
1014.68
1014.68
1014.68
1014.69
1014.69
1014.69
1014.69
1014.69
1014.69
1014.69
1014.69
1014.69
1014.69
1014.69
1014.68
1014.68
1014.68
1014.68
1014.68
1014.68
1014.68
1014.68
1014.68
1014.68
1014.68
1014.68
1014.68
1014.68
1014.68
1014.68
1014.68
1014.68
1014.68
1014.68
1014.68
1014.68
1014.68
1014.68
1014.68
1014.68
1014.68
1014.68
1014.68
1014.68
1014.68
1014.68
1014.68
1014.68
1014.68
1014.68
1014.68
1014.68
1014.67
1014.67
1014.65
1014.61
1014.53
1014.34
1013.91
1012.89
1010.54
1005.46
995.815
980.516
961.067
941.45
924.328
909.453
896.193
885.716
880.175
879.506
886.197
900.365
917.831
936.627
956.329
975.457
991.307
1002.26
1008.65
1011.92
1013.43
1014.11
1014.4
1014.52
1014.54
1014.47
1014.26
1013.76
1012.58
1009.9
1004.3
994.057
978.34
958.575
937.803
918.026
900.024
885.723
878.977
882.694
895.076
912.609
932.061
952.478
972.671
989.805
1001.69
1008.53
1011.93
1013.46
1014.1
1014.33
1014.35
1014.18
1013.69
1012.59
1010.23
1005.59
997.515
985.346
969.652
951.928
933.346
914.885
899.273
890.969
890.754
894.908
904.231
916.885
931.331
947.525
965.445
982.841
996.685
1005.59
1010.44
1012.78
1013.83
1014.29
1014.5
1014.6
1014.64
1014.66
1014.67
1014.68
1014.68
1014.68
1014.68
1014.68
1014.68
1014.68
1014.68
1014.68
1014.68
1014.68
1014.68
1014.68
1014.68
1014.68
1014.68
1014.68
1014.68
1014.68
1014.68
1014.67
1014.67
1014.67
1014.67
1014.67
1014.67
1014.67
1014.67
1014.67
1014.67
1014.67
1014.67
1014.67
1014.67
1014.67
1014.66
1014.66
1014.66
1014.66
1014.66
1014.66
1014.66
1014.66
1014.66
1014.66
1014.66
1014.66
1014.66
1014.66
1014.66
1014.66
1014.66
1014.66
1014.64
1014.64
1014.64
1014.64
1014.64
1014.65
1014.65
1014.65
1014.65
1014.65
1014.64
1014.64
1014.64
1014.64
1014.64
1014.64
1014.64
1014.64
1014.64
1014.64
1014.64
1014.64
1014.64
1014.64
1014.64
1014.64
1014.64
1014.64
1014.64
1014.64
1014.64
1014.64
1014.64
1014.64
1014.64
1014.64
1014.64
1014.64
1014.64
1014.64
1014.64
1014.64
1014.64
1014.64
1014.64
1014.64
1014.64
1014.64
1014.64
1014.64
1014.64
1014.64
1014.63
1014.63
1014.62
1014.59
1014.52
1014.37
1014.02
1013.17
1011.14
1006.53
997.303
981.952
961.724
940.975
923.08
907.951
894.864
884.869
879.954
879.771
887.273
901.652
919.226
938.442
958.873
978.43
994.008
1004.2
1009.8
1012.5
1013.7
1014.21
1014.43
1014.52
1014.54
1014.48
1014.31
1013.91
1012.93
1010.63
1005.57
995.839
980.196
959.886
938.391
918.22
900.169
885.944
879.153
882.59
894.562
911.831
931.41
952.443
973.47
991.011
1002.76
1009.23
1012.3
1013.63
1014.17
1014.37
1014.39
1014.26
1013.88
1013
1011.04
1006.99
999.531
987.712
971.906
953.875
935.241
916.876
900.959
891.5
890.419
893.857
902.479
914.803
929.351
946.126
965.072
983.423
997.589
1006.35
1010.91
1013.02
1013.93
1014.32
1014.5
1014.58
1014.61
1014.63
1014.64
1014.64
1014.64
1014.64
1014.64
1014.64
1014.64
1014.64
1014.64
1014.64
1014.64
1014.64
1014.64
1014.64
1014.64
1014.64
1014.64
1014.64
1014.64
1014.64
1014.64
1014.64
1014.64
1014.64
1014.64
1014.64
1014.64
1014.64
1014.64
1014.63
1014.63
1014.63
1014.63
1014.63
1014.63
1014.63
1014.63
1014.63
1014.63
1014.63
1014.63
1014.63
1014.63
1014.63
1014.63
1014.63
1014.63
1014.63
1014.63
1014.63
1014.63
1014.63
1014.63
1014.63
1014.6
1014.6
1014.6
1014.6
1014.6
1014.6
1014.6
1014.6
1014.6
1014.6
1014.6
1014.6
1014.6
1014.6
1014.6
1014.6
1014.6
1014.6
1014.6
1014.6
1014.6
1014.6
1014.6
1014.6
1014.6
1014.6
1014.6
1014.6
1014.6
1014.6
1014.6
1014.6
1014.6
1014.6
1014.6
1014.6
1014.6
1014.6
1014.6
1014.6
1014.6
1014.6
1014.6
1014.6
1014.6
1014.6
1014.6
1014.6
1014.6
1014.6
1014.6
1014.6
1014.59
1014.59
1014.58
1014.56
1014.51
1014.39
1014.11
1013.43
1011.74
1007.7
999.115
983.972
963.048
941.04
922.191
906.734
893.763
884.175
879.772
880.076
888.258
902.837
920.621
940.438
961.75
981.688
996.795
1006.06
1010.82
1012.98
1013.9
1014.29
1014.45
1014.52
1014.52
1014.48
1014.35
1014.03
1013.25
1011.34
1006.91
997.877
982.501
961.659
939.26
918.541
900.35
886.155
879.314
882.501
894.149
911.239
931.063
952.886
974.809
992.633
1004.04
1010
1012.68
1013.79
1014.23
1014.4
1014.42
1014.32
1014.03
1013.35
1011.77
1008.35
1001.64
990.344
974.456
955.902
936.961
918.579
902.437
892.081
890.085
892.967
900.99
913.041
927.756
945.251
965.355
984.649
998.929
1007.31
1011.45
1013.26
1014.03
1014.35
1014.49
1014.55
1014.58
1014.59
1014.6
1014.6
1014.6
1014.6
1014.6
1014.6
1014.6
1014.6
1014.6
1014.6
1014.6
1014.6
1014.6
1014.6
1014.6
1014.6
1014.6
1014.6
1014.6
1014.6
1014.6
1014.6
1014.6
1014.6
1014.6
1014.6
1014.6
1014.6
1014.6
1014.6
1014.6
1014.6
1014.6
1014.6
1014.6
1014.6
1014.6
1014.6
1014.6
1014.59
1014.59
1014.59
1014.59
1014.59
1014.59
1014.59
1014.59
1014.59
1014.59
1014.59
1014.59
1014.59
1014.59
1014.59
1014.56
1014.56
1014.56
1014.56
1014.56
1014.56
1014.56
1014.56
1014.56
1014.56
1014.56
1014.56
1014.56
1014.56
1014.56
1014.56
1014.56
1014.56
1014.56
1014.56
1014.56
1014.56
1014.56
1014.56
1014.56
1014.56
1014.56
1014.56
1014.56
1014.56
1014.56
1014.56
1014.56
1014.56
1014.56
1014.56
1014.56
1014.56
1014.56
1014.56
1014.56
1014.56
1014.56
1014.56
1014.56
1014.56
1014.56
1014.56
1014.55
1014.55
1014.55
1014.55
1014.55
1014.55
1014.54
1014.53
1014.49
1014.4
1014.19
1013.67
1012.32
1008.93
1001.23
986.651
965.219
941.775
921.787
905.842
892.888
883.619
879.601
880.415
889.162
903.969
922.104
942.76
965.115
985.305
999.66
1007.82
1011.72
1013.38
1014.06
1014.34
1014.45
1014.5
1014.5
1014.47
1014.37
1014.13
1013.53
1012.01
1008.29
1000.17
985.357
964.075
940.544
919.049
900.592
886.362
879.459
882.442
893.821
910.824
931.14
953.956
976.838
994.724
1005.52
1010.8
1013.04
1013.93
1014.28
1014.41
1014.43
1014.36
1014.15
1013.64
1012.42
1009.65
1003.86
993.357
977.563
958.309
938.703
920.106
903.738
892.665
889.768
892.194
899.742
911.61
926.617
945.138
966.66
986.696
1000.72
1008.44
1012.01
1013.51
1014.11
1014.37
1014.47
1014.52
1014.54
1014.55
1014.55
1014.56
1014.56
1014.56
1014.56
1014.56
1014.56
1014.56
1014.56
1014.56
1014.56
1014.56
1014.56
1014.56
1014.56
1014.56
1014.56
1014.56
1014.56
1014.56
1014.56
1014.56
1014.56
1014.56
1014.56
1014.56
1014.56
1014.56
1014.56
1014.56
1014.56
1014.56
1014.56
1014.56
1014.56
1014.56
1014.56
1014.56
1014.56
1014.56
1014.56
1014.56
1014.56
1014.56
1014.56
1014.56
1014.56
1014.56
1014.56
1014.56
1014.56
1014.56
1014.56
1014.56
1014.52
1014.52
1014.52
1014.52
1014.52
1014.52
1014.52
1014.52
1014.52
1014.52
1014.52
1014.52
1014.51
1014.51
1014.51
1014.51
1014.51
1014.51
1014.51
1014.51
1014.51
1014.51
1014.51
1014.51
1014.51
1014.51
1014.51
1014.51
1014.51
1014.51
1014.51
1014.51
1014.51
1014.51
1014.51
1014.51
1014.51
1014.51
1014.51
1014.51
1014.51
1014.51
1014.51
1014.51
1014.51
1014.51
1014.51
1014.51
1014.51
1014.51
1014.51
1014.51
1014.51
1014.51
1014.5
1014.49
1014.47
1014.4
1014.25
1013.87
1012.85
1010.17
1003.59
990.041
968.461
943.452
921.975
905.221
892.249
883.182
879.444
880.77
890.014
905.119
923.807
945.631
969.176
989.342
1002.57
1009.44
1012.47
1013.69
1014.17
1014.36
1014.45
1014.48
1014.48
1014.46
1014.39
1014.21
1013.77
1012.62
1009.66
1002.69
988.855
967.383
942.467
919.851
900.936
886.576
879.589
882.404
893.712
910.836
931.695
955.891
979.737
997.314
1007.14
1011.6
1013.37
1014.05
1014.32
1014.41
1014.43
1014.38
1014.23
1013.86
1012.98
1010.86
1006.13
996.802
981.493
961.506
940.749
921.616
904.928
893.23
889.478
891.515
898.718
910.559
926.099
945.943
969.173
989.651
1002.93
1009.67
1012.57
1013.73
1014.19
1014.37
1014.45
1014.49
1014.5
1014.51
1014.51
1014.51
1014.51
1014.52
1014.52
1014.52
1014.52
1014.52
1014.52
1014.52
1014.52
1014.52
1014.52
1014.52
1014.52
1014.52
1014.52
1014.52
1014.52
1014.52
1014.52
1014.52
1014.52
1014.52
1014.52
1014.52
1014.52
1014.52
1014.52
1014.52
1014.52
1014.52
1014.52
1014.52
1014.52
1014.52
1014.52
1014.52
1014.52
1014.52
1014.52
1014.52
1014.52
1014.52
1014.52
1014.52
1014.52
1014.52
1014.52
1014.52
1014.52
1014.52
1014.52
1014.52
1014.47
1014.47
1014.47
1014.47
1014.48
1014.47
1014.47
1014.47
1014.47
1014.47
1014.47
1014.47
1014.47
1014.47
1014.47
1014.47
1014.47
1014.47
1014.47
1014.47
1014.47
1014.47
1014.47
1014.47
1014.47
1014.47
1014.47
1014.47
1014.47
1014.47
1014.47
1014.47
1014.47
1014.47
1014.47
1014.47
1014.47
1014.47
1014.47
1014.47
1014.47
1014.47
1014.47
1014.47
1014.47
1014.47
1014.47
1014.47
1014.47
1014.47
1014.47
1014.47
1014.47
1014.47
1014.47
1014.46
1014.44
1014.4
1014.29
1014.02
1013.31
1011.32
1006.08
994.13
973.024
946.404
922.851
905.242
891.801
882.859
879.311
881.135
890.862
906.394
925.931
949.398
974.183
993.816
1005.43
1010.87
1013.07
1013.92
1014.24
1014.37
1014.43
1014.45
1014.45
1014.43
1014.38
1014.26
1013.95
1013.14
1010.94
1005.33
993.032
971.898
945.414
921.126
901.449
886.817
879.707
882.415
893.769
911.17
933.039
959.08
983.696
1000.37
1008.83
1012.34
1013.66
1014.15
1014.33
1014.4
1014.41
1014.38
1014.28
1014.03
1013.43
1011.93
1008.35
1000.6
986.437
966.005
943.549
923.344
906.116
893.788
889.223
890.923
897.942
909.862
926.427
948.21
973.252
993.534
1005.41
1010.89
1013.09
1013.92
1014.24
1014.38
1014.43
1014.45
1014.46
1014.47
1014.47
1014.47
1014.47
1014.47
1014.47
1014.47
1014.47
1014.47
1014.47
1014.47
1014.47
1014.47
1014.47
1014.47
1014.47
1014.47
1014.47
1014.47
1014.47
1014.47
1014.47
1014.47
1014.47
1014.47
1014.47
1014.47
1014.47
1014.47
1014.47
1014.47
1014.47
1014.47
1014.47
1014.47
1014.47
1014.47
1014.47
1014.47
1014.47
1014.47
1014.47
1014.47
1014.47
1014.47
1014.47
1014.47
1014.47
1014.47
1014.47
1014.47
1014.47
1014.47
1014.47
1014.47
1014.43
1014.43
1014.43
1014.43
1014.43
1014.43
1014.43
1014.43
1014.43
1014.43
1014.43
1014.43
1014.43
1014.43
1014.43
1014.43
1014.43
1014.43
1014.43
1014.43
1014.43
1014.43
1014.43
1014.43
1014.43
1014.43
1014.43
1014.43
1014.43
1014.43
1014.43
1014.43
1014.43
1014.43
1014.43
1014.43
1014.43
1014.43
1014.43
1014.43
1014.43
1014.43
1014.43
1014.43
1014.43
1014.43
1014.43
1014.43
1014.43
1014.43
1014.43
1014.43
1014.43
1014.43
1014.42
1014.42
1014.41
1014.38
1014.31
1014.14
1013.67
1012.33
1008.51
998.774
979.151
951.237
924.834
905.704
891.814
882.612
879.187
881.52
891.787
907.971
928.827
954.608
980.395
998.634
1008.1
1012.06
1013.53
1014.08
1014.28
1014.37
1014.4
1014.41
1014.42
1014.4
1014.37
1014.29
1014.09
1013.55
1012.06
1007.93
997.79
977.944
950.03
923.192
902.246
887.116
879.824
882.5
894.07
912.097
935.632
964.057
988.841
1003.75
1010.46
1012.99
1013.89
1014.22
1014.34
1014.39
1014.39
1014.37
1014.31
1014.15
1013.76
1012.79
1010.34
1004.49
992.369
972.361
947.864
925.685
907.463
894.383
889.017
890.403
897.287
909.945
927.818
952.597
979.181
998.186
1007.96
1012.01
1013.51
1014.07
1014.28
1014.37
1014.4
1014.42
1014.42
1014.43
1014.43
1014.43
1014.43
1014.43
1014.43
1014.43
1014.43
1014.43
1014.43
1014.43
1014.43
1014.43
1014.43
1014.43
1014.43
1014.43
1014.43
1014.43
1014.43
1014.43
1014.43
1014.43
1014.43
1014.43
1014.43
1014.43
1014.43
1014.43
1014.43
1014.43
1014.43
1014.43
1014.43
1014.43
1014.43
1014.43
1014.43
1014.43
1014.43
1014.43
1014.43
1014.43
1014.43
1014.43
1014.43
1014.43
1014.43
1014.43
1014.43
1014.43
1014.43
1014.43
1014.43
1014.43
1014.39
1014.39
1014.39
1014.39
1014.39
1014.39
1014.39
1014.39
1014.39
1014.39
1014.39
1014.39
1014.39
1014.39
1014.39
1014.39
1014.39
1014.39
1014.39
1014.39
1014.39
1014.39
1014.39
1014.39
1014.39
1014.39
1014.39
1014.39
1014.39
1014.39
1014.39
1014.39
1014.39
1014.39
1014.39
1014.39
1014.39
1014.39
1014.39
1014.39
1014.39
1014.39
1014.39
1014.39
1014.39
1014.39
1014.39
1014.39
1014.39
1014.39
1014.39
1014.39
1014.38
1014.38
1014.38
1014.38
1014.37
1014.36
1014.32
1014.21
1013.93
1013.11
1010.66
1003.61
986.908
958.8
928.633
906.999
892.131
882.594
879.131
881.955
892.923
910.177
933.193
962.08
987.937
1003.52
1010.41
1012.96
1013.85
1014.18
1014.3
1014.35
1014.37
1014.38
1014.38
1014.37
1014.35
1014.3
1014.18
1013.86
1012.94
1010.25
1002.8
985.672
957.264
926.654
903.534
887.527
879.954
882.695
894.771
914.043
940.422
971.486
995.081
1007.16
1011.88
1013.5
1014.05
1014.26
1014.33
1014.36
1014.37
1014.35
1014.32
1014.22
1013.99
1013.42
1011.93
1008.07
998.882
980.923
954.957
929.35
909.234
895.084
888.851
889.984
897.233
910.662
931.076
960.028
986.971
1003.17
1010.28
1012.91
1013.83
1014.16
1014.3
1014.35
1014.37
1014.38
1014.38
1014.39
1014.39
1014.39
1014.39
1014.39
1014.39
1014.39
1014.39
1014.39
1014.39
1014.39
1014.39
1014.39
1014.39
1014.39
1014.39
1014.39
1014.39
1014.39
1014.39
1014.39
1014.39
1014.39
1014.39
1014.39
1014.39
1014.39
1014.39
1014.39
1014.39
1014.39
1014.39
1014.39
1014.39
1014.39
1014.39
1014.39
1014.39
1014.39
1014.39
1014.39
1014.39
1014.39
1014.39
1014.39
1014.39
1014.39
1014.39
1014.39
1014.39
1014.39
1014.39
1014.39
1014.39
1014.39
1014.35
1014.35
1014.35
1014.35
1014.35
1014.35
1014.34
1014.34
1014.34
1014.34
1014.34
1014.34
1014.34
1014.34
1014.34
1014.34
1014.34
1014.34
1014.34
1014.34
1014.34
1014.34
1014.34
1014.34
1014.34
1014.34
1014.34
1014.34
1014.34
1014.34
1014.34
1014.34
1014.34
1014.34
1014.34
1014.34
1014.34
1014.34
1014.34
1014.34
1014.34
1014.34
1014.34
1014.34
1014.34
1014.34
1014.34
1014.34
1014.34
1014.34
1014.34
1014.34
1014.34
1014.34
1014.34
1014.34
1014.34
1014.33
1014.31
1014.25
1014.09
1013.66
1012.31
1008.04
995.852
970.09
935.925
909.862
893.017
882.729
879.113
882.5
894.523
913.767
940.66
972.818
996.488
1007.94
1012.17
1013.58
1014.05
1014.23
1014.3
1014.32
1014.34
1014.34
1014.34
1014.34
1014.33
1014.3
1014.23
1014.05
1013.56
1012.07
1007.46
994.702
968.173
932.902
905.736
888.131
880.119
883.063
896.15
917.916
949.312
981.866
1001.85
1010.17
1012.96
1013.85
1014.16
1014.27
1014.31
1014.33
1014.33
1014.33
1014.31
1014.25
1014.13
1013.83
1013.05
1010.9
1005.1
991.298
966.226
935.759
911.914
896.001
888.812
889.67
897.431
912.621
937.817
971.335
995.991
1007.77
1012.1
1013.54
1014.04
1014.22
1014.29
1014.32
1014.34
1014.34
1014.34
1014.34
1014.34
1014.34
1014.34
1014.34
1014.34
1014.34
1014.34
1014.34
1014.34
1014.34
1014.34
1014.34
1014.34
1014.34
1014.34
1014.34
1014.34
1014.34
1014.34
1014.34
1014.34
1014.34
1014.34
1014.35
1014.35
1014.35
1014.35
1014.35
1014.35
1014.35
1014.35
1014.35
1014.35
1014.35
1014.35
1014.35
1014.35
1014.35
1014.35
1014.35
1014.35
1014.35
1014.35
1014.35
1014.35
1014.35
1014.35
1014.35
1014.35
1014.35
1014.35
1014.35
1014.35
1014.35
1014.3
1014.3
1014.3
1014.3
1014.3
1014.3
1014.3
1014.3
1014.3
1014.3
1014.3
1014.3
1014.3
1014.3
1014.3
1014.3
1014.3
1014.3
1014.3
1014.3
1014.3
1014.3
1014.3
1014.3
1014.3
1014.3
1014.3
1014.3
1014.3
1014.3
1014.3
1014.3
1014.3
1014.3
1014.3
1014.3
1014.3
1014.3
1014.3
1014.3
1014.3
1014.3
1014.3
1014.3
1014.3
1014.3
1014.3
1014.3
1014.3
1014.3
1014.3
1014.3
1014.3
1014.3
1014.3
1014.3
1014.3
1014.29
1014.28
1014.25
1014.18
1013.98
1013.38
1011.37
1004.58
985.458
950.473
916.428
895.002
883.12
879.168
883.253
897.158
920.928
954.784
987.232
1004.82
1011.29
1013.31
1013.94
1014.16
1014.25
1014.28
1014.29
1014.3
1014.3
1014.3
1014.3
1014.29
1014.28
1014.25
1014.16
1013.93
1013.26
1011.04
1003.69
983.258
945.48
909.777
889.045
880.346
883.704
898.85
926.257
964.82
994.554
1007.97
1012.35
1013.65
1014.07
1014.21
1014.27
1014.29
1014.29
1014.3
1014.29
1014.28
1014.26
1014.2
1014.06
1013.72
1012.76
1009.95
1001.78
981.874
948.196
916.523
897.284
888.85
889.513
898.104
916.855
951.491
986.377
1004.65
1011.23
1013.28
1013.93
1014.15
1014.24
1014.28
1014.29
1014.3
1014.3
1014.3
1014.3
1014.3
1014.3
1014.3
1014.3
1014.3
1014.3
1014.3
1014.3
1014.3
1014.3
1014.3
1014.3
1014.3
1014.3
1014.3
1014.3
1014.3
1014.3
1014.3
1014.3
1014.3
1014.3
1014.3
1014.3
1014.3
1014.3
1014.3
1014.3
1014.3
1014.3
1014.3
1014.3
1014.3
1014.3
1014.3
1014.3
1014.3
1014.3
1014.3
1014.3
1014.3
1014.3
1014.3
1014.3
1014.3
1014.3
1014.3
1014.3
1014.3
1014.3
1014.3
1014.3
1014.3
1014.3
1014.26
1014.26
1014.26
1014.26
1014.26
1014.26
1014.26
1014.26
1014.26
1014.26
1014.26
1014.26
1014.26
1014.26
1014.26
1014.26
1014.26
1014.26
1014.26
1014.26
1014.26
1014.26
1014.26
1014.26
1014.26
1014.26
1014.26
1014.26
1014.26
1014.26
1014.26
1014.26
1014.26
1014.26
1014.26
1014.26
1014.26
1014.26
1014.26
1014.26
1014.26
1014.26
1014.26
1014.26
1014.26
1014.26
1014.26
1014.26
1014.26
1014.26
1014.26
1014.26
1014.26
1014.26
1014.26
1014.26
1014.26
1014.25
1014.25
1014.24
1014.21
1014.14
1013.93
1013.28
1010.91
1002.01
976.326
934.714
899.841
883.883
879.31
884.312
902.586
939.464
979.213
1002.7
1010.94
1013.24
1013.91
1014.13
1014.21
1014.24
1014.25
1014.25
1014.26
1014.26
1014.26
1014.26
1014.25
1014.25
1014.24
1014.2
1014.12
1013.89
1013.15
1010.45
1000.17
969.453
916.872
890.313
880.637
884.718
904.681
947.221
987.597
1006.45
1012.09
1013.58
1014.02
1014.17
1014.22
1014.24
1014.25
1014.26
1014.26
1014.25
1014.25
1014.24
1014.22
1014.17
1014.05
1013.73
1012.8
1009.74
999.426
971.32
924.406
898.985
888.979
889.514
899.344
924.25
974.812
1002.01
1010.85
1013.22
1013.9
1014.12
1014.2
1014.23
1014.25
1014.25
1014.26
1014.26
1014.26
1014.26
1014.26
1014.26
1014.26
1014.26
1014.26
1014.26
1014.26
1014.26
1014.26
1014.26
1014.26
1014.26
1014.26
1014.26
1014.26
1014.26
1014.26
1014.26
1014.26
1014.26
1014.26
1014.26
1014.26
1014.26
1014.26
1014.26
1014.26
1014.26
1014.26
1014.26
1014.26
1014.26
1014.26
1014.26
1014.26
1014.26
1014.26
1014.26
1014.26
1014.26
1014.26
1014.26
1014.26
1014.26
1014.26
1014.26
1014.26
1014.26
1014.26
1014.26
1014.26
1014.26
1014.26
1014.26
1014.22
1014.22
1014.22
1014.22
1014.22
1014.22
1014.22
1014.22
1014.22
1014.22
1014.22
1014.22
1014.22
1014.22
1014.22
1014.22
1014.22
1014.22
1014.22
1014.22
1014.22
1014.22
1014.22
1014.22
1014.22
1014.22
1014.22
1014.22
1014.22
1014.22
1014.22
1014.22
1014.22
1014.22
1014.22
1014.22
1014.22
1014.22
1014.22
1014.22
1014.22
1014.22
1014.22
1014.22
1014.22
1014.22
1014.22
1014.22
1014.22
1014.22
1014.22
1014.22
1014.22
1014.21
1014.21
1014.21
1014.21
1014.21
1014.21
1014.21
1014.21
1014.19
1014.16
1014.06
1013.76
1012.58
1006.9
983.314
915.05
886.043
879.807
886.762
917.726
985.844
1007.48
1012.63
1013.75
1014.05
1014.15
1014.19
1014.21
1014.21
1014.21
1014.21
1014.21
1014.21
1014.21
1014.21
1014.21
1014.21
1014.21
1014.21
1014.19
1014.15
1014.04
1013.67
1011.98
1000.75
928.258
892.719
881.346
887.071
918.972
991.794
1009.71
1013.17
1013.9
1014.1
1014.17
1014.2
1014.21
1014.21
1014.21
1014.21
1014.21
1014.21
1014.21
1014.21
1014.21
1014.2
1014.18
1014.13
1013.99
1013.58
1011.85
1001.54
936.189
901.777
889.358
889.735
901.79
935.602
1002.23
1012.26
1013.73
1014.05
1014.15
1014.19
1014.2
1014.21
1014.21
1014.21
1014.21
1014.22
1014.22
1014.22
1014.22
1014.22
1014.22
1014.22
1014.22
1014.22
1014.22
1014.22
1014.22
1014.22
1014.22
1014.22
1014.22
1014.22
1014.22
1014.22
1014.22
1014.22
1014.22
1014.22
1014.22
1014.22
1014.22
1014.22
1014.22
1014.22
1014.22
1014.22
1014.22
1014.22
1014.22
1014.22
1014.22
1014.22
1014.22
1014.22
1014.22
1014.22
1014.22
1014.22
1014.22
1014.22
1014.22
1014.22
1014.22
1014.22
1014.22
1014.22
1014.22
1014.22
1014.22
1014.22
1014.22
1014.22
)
;

boundaryField
{
    left
    {
        type            calculated;
        value           nonuniform List<scalar> 
400
(
121.054
123.022
125.006
126.943
128.765
130.416
131.852
133.044
133.987
134.689
135.176
135.48
135.636
135.681
135.645
135.556
135.435
135.297
135.154
135.014
134.883
134.764
134.658
134.569
134.495
134.439
134.399
134.376
134.372
134.386
134.422
134.481
134.57
134.695
134.868
135.105
135.427
135.864
136.45
137.234
138.268
139.617
141.356
143.567
146.344
149.787
154.008
159.129
165.279
172.592
181.202
191.22
202.698
215.558
229.501
243.909
257.86
270.325
280.497
288.028
293.044
295.984
297.423
297.939
298.04
298.14
298.564
299.567
301.354
304.103
307.973
313.107
319.627
327.614
337.08
347.94
359.992
372.927
386.372
399.958
413.377
426.423
438.994
451.073
462.717
474.043
485.195
496.339
507.644
519.268
531.336
543.93
557.068
570.702
584.714
598.93
613.129
627.07
640.508
653.219
662.223
670.53
677.962
684.41
689.839
694.273
697.783
700.475
702.471
703.898
704.877
705.517
705.907
706.122
706.216
706.231
706.195
706.128
706.041
705.944
705.841
705.734
705.626
705.517
705.408
705.301
705.195
705.095
705.003
704.926
704.873
704.861
704.914
705.065
705.364
705.873
706.673
707.856
709.528
711.792
714.742
718.445
722.925
728.155
734.048
740.463
747.213
754.083
760.852
767.313
773.292
778.657
783.328
787.272
790.502
793.067
795.039
796.507
797.561
798.289
798.768
799.066
799.235
799.316
799.338
799.323
799.285
799.233
799.172
799.107
799.04
798.971
798.902
798.833
798.765
798.698
798.635
798.578
798.531
798.502
798.501
798.548
798.665
798.889
799.266
799.854
800.724
801.955
803.628
805.818
808.582
811.951
815.915
820.42
825.368
830.623
836.023
841.392
846.564
851.39
855.749
859.561
862.773
865.383
867.427
868.97
870.09
870.869
871.386
871.711
871.899
871.994
872.028
872.024
871.996
871.955
871.907
871.855
871.802
871.751
871.703
871.665
871.642
871.646
871.693
871.81
872.031
872.406
872.992
873.862
875.091
876.753
878.909
881.595
884.811
888.516
892.622
897.005
901.514
905.987
910.27
914.231
917.772
920.832
923.39
925.458
927.075
928.297
929.188
929.812
930.232
930.501
930.66
930.745
930.78
930.783
930.766
930.737
930.701
930.661
930.62
930.577
930.534
930.492
930.451
930.413
930.38
930.357
930.351
930.372
930.435
930.564
930.789
931.149
931.692
932.47
933.539
934.949
936.738
938.924
941.497
944.418
947.615
950.992
954.437
957.835
961.076
964.069
966.748
969.071
971.026
972.623
973.888
974.859
975.582
976.101
976.461
976.699
976.847
976.931
976.971
976.982
976.974
976.954
976.927
976.895
976.861
976.825
976.789
976.752
976.715
976.678
976.642
976.606
976.571
976.539
976.511
976.49
976.482
976.494
976.538
976.629
976.789
977.047
977.434
977.989
978.752
979.756
981.03
982.585
984.415
986.487
988.749
991.128
993.539
995.897
998.121
1000.15
1001.94
1003.46
1004.72
1005.74
1006.52
1007.12
1007.56
1007.86
1008.07
1008.2
1008.28
1008.32
1008.32
1008.31
1008.28
1008.25
1008.22
1008.18
1008.15
1008.12
1008.1
1008.1
1008.12
1008.18
1008.29
1008.47
1008.73
1009.08
1009.53
1010.06
1010.65
1011.28
1011.91
1012.52
1013.06
1013.53
1013.92
1014.23
1014.46
1014.62
1014.74
1014.81
1014.85
1014.86
1014.86
1014.85
1014.83
1014.8
1014.76
1014.72
1014.68
1014.64
1014.6
1014.56
1014.52
1014.47
1014.43
1014.39
1014.35
1014.3
1014.26
1014.22
)
;
    }
    right
    {
        type            calculated;
        value           nonuniform List<scalar> 
400
(
121.054
123.022
125.006
126.943
128.765
130.416
131.852
133.044
133.987
134.689
135.176
135.48
135.636
135.681
135.645
135.556
135.435
135.297
135.154
135.014
134.883
134.764
134.658
134.569
134.495
134.439
134.399
134.376
134.372
134.386
134.422
134.481
134.57
134.695
134.868
135.105
135.427
135.864
136.45
137.234
138.268
139.617
141.356
143.567
146.344
149.787
154.008
159.129
165.278
172.592
181.202
191.22
202.698
215.558
229.5
243.909
257.86
270.324
280.495
288.027
293.042
295.981
297.418
297.933
298.033
298.131
298.552
299.551
301.334
304.078
307.941
313.068
319.579
327.556
337.012
347.863
359.907
372.836
386.278
399.863
413.283
426.331
438.906
450.989
462.637
473.967
485.124
496.272
507.581
519.208
531.28
543.877
557.019
570.655
584.67
598.888
613.089
627.031
640.469
653.18
662.184
670.49
677.921
684.369
689.799
694.235
697.747
700.442
702.44
703.87
704.851
705.493
705.884
706.1
706.195
706.211
706.175
706.108
706.022
705.924
705.821
705.714
705.606
705.497
705.388
705.281
705.175
705.074
704.982
704.903
704.849
704.834
704.882
705.026
705.314
705.808
706.586
707.742
709.379
711.601
714.504
718.155
722.583
727.764
733.615
739.999
746.73
753.597
760.377
766.864
772.879
778.288
783.007
787
790.278
792.887
794.898
796.399
797.479
798.227
798.722
799.031
799.207
799.293
799.319
799.306
799.269
799.218
799.158
799.093
799.025
798.957
798.887
798.818
798.749
798.682
798.618
798.56
798.511
798.479
798.474
798.512
798.618
798.825
799.177
799.732
800.558
801.732
803.338
805.449
808.129
811.409
815.288
819.717
824.606
829.823
835.207
840.586
845.79
850.668
855.095
858.984
862.279
864.973
867.097
868.712
869.894
870.724
871.282
871.637
871.847
871.958
872.002
872.005
871.982
871.943
871.896
871.845
871.792
871.739
871.688
871.644
871.61
871.595
871.612
871.68
871.828
872.094
872.531
873.202
874.177
875.535
877.344
879.659
882.505
885.872
889.702
893.899
898.328
902.834
907.258
911.451
915.291
918.69
921.6
924.009
925.939
927.434
928.552
929.358
929.918
930.288
930.521
930.655
930.723
930.747
930.743
930.722
930.691
930.653
930.613
930.57
930.528
930.485
930.443
930.403
930.368
930.341
930.327
930.336
930.382
930.486
930.676
930.99
931.474
932.182
933.172
934.499
936.206
938.32
940.838
943.726
946.917
950.315
953.807
957.271
960.591
963.668
966.429
968.828
970.849
972.499
973.805
974.807
975.55
976.082
976.449
976.69
976.839
976.923
976.963
976.973
976.963
976.943
976.914
976.882
976.848
976.812
976.775
976.738
976.701
976.665
976.63
976.597
976.568
976.547
976.537
976.547
976.589
976.678
976.838
977.098
977.491
978.058
978.838
979.869
981.176
982.77
984.641
986.752
989.047
991.448
993.868
996.22
998.426
1000.43
1002.18
1003.67
1004.9
1005.88
1006.64
1007.22
1007.64
1007.94
1008.14
1008.27
1008.35
1008.39
1008.4
1008.4
1008.37
1008.35
1008.31
1008.27
1008.24
1008.2
1008.16
1008.12
1008.08
1008.05
1008.01
1007.99
1007.97
1007.97
1007.99
1008.05
1008.15
1008.31
1008.54
1008.85
1009.24
1009.72
1010.26
1010.85
1011.46
1012.06
1012.63
1013.13
1013.56
1013.91
1014.18
1014.38
1014.52
1014.61
1014.66
1014.69
1014.69
1014.68
1014.66
1014.63
1014.59
1014.56
1014.52
1014.47
1014.43
1014.39
1014.35
1014.3
1014.26
1014.22
)
;
    }
    bottom
    {
        type            calculated;
        value           uniform 120.097;
    }
    top
    {
        type            calculated;
        value           nonuniform List<scalar> 
200
(
1014.19
1014.19
1014.19
1014.19
1014.19
1014.19
1014.19
1014.19
1014.19
1014.19
1014.19
1014.19
1014.19
1014.19
1014.19
1014.19
1014.19
1014.19
1014.19
1014.19
1014.19
1014.19
1014.19
1014.19
1014.19
1014.19
1014.19
1014.19
1014.19
1014.19
1014.19
1014.19
1014.19
1014.19
1014.19
1014.19
1014.19
1014.19
1014.19
1014.19
1014.19
1014.19
1014.19
1014.19
1014.19
1014.19
1014.19
1014.19
1014.19
1014.19
1014.19
1014.19
1014.19
1014.19
1014.19
1014.19
1014.19
1014.19
1014.19
1014.19
1014.19
1014.19
1014.19
1014.19
1014.19
1014.19
1014.19
1014.19
915.023
886.012
879.775
886.731
917.699
1014.19
1014.19
1014.19
1014.19
1014.19
1014.19
1014.19
1014.19
1014.19
1014.19
1014.19
1014.19
1014.19
1014.19
1014.19
1014.19
1014.19
1014.19
1014.19
1014.19
1014.19
1014.19
1014.19
1014.19
1014.19
928.233
892.689
881.315
887.04
918.945
1014.19
1014.19
1014.19
1014.19
1014.19
1014.19
1014.19
1014.19
1014.19
1014.19
1014.19
1014.19
1014.19
1014.19
1014.19
1014.19
1014.19
1014.19
1014.19
1014.19
1014.19
1014.19
1014.19
936.165
901.749
889.328
889.705
901.762
935.578
1014.19
1014.19
1014.19
1014.19
1014.19
1014.19
1014.19
1014.19
1014.19
1014.19
1014.19
1014.19
1014.19
1014.19
1014.19
1014.19
1014.19
1014.19
1014.19
1014.19
1014.19
1014.19
1014.19
1014.19
1014.19
1014.19
1014.19
1014.19
1014.19
1014.19
1014.19
1014.19
1014.19
1014.19
1014.19
1014.19
1014.19
1014.19
1014.19
1014.19
1014.19
1014.19
1014.19
1014.19
1014.19
1014.19
1014.19
1014.19
1014.19
1014.19
1014.19
1014.19
1014.19
1014.19
1014.19
1014.19
1014.19
1014.19
1014.19
1014.19
1014.19
1014.19
1014.19
1014.19
1014.19
1014.19
1014.19
1014.19
)
;
    }
    frontAndBack
    {
        type            empty;
    }
}


// ************************************************************************* //
