/*--------------------------------*- C++ -*----------------------------------*\
  =========                 |
  \\      /  F ield         | OpenFOAM: The Open Source CFD Toolbox
   \\    /   O peration     | Website:  https://openfoam.org
    \\  /    A nd           | Version:  10
     \\/     M anipulation  |
\*---------------------------------------------------------------------------*/
FoamFile
{
    format      ascii;
    class       volScalarField;
    location    "1893456000";
    object      T;
}
// * * * * * * * * * * * * * * * * * * * * * * * * * * * * * * * * * * * * * //

dimensions      [0 0 0 1 0 0 0];

internalField   nonuniform List<scalar> 
80000
(
770.587
770.587
770.587
770.587
770.587
770.587
770.587
770.587
770.587
770.587
770.587
770.587
770.587
770.587
770.587
770.587
770.587
770.587
770.587
770.587
770.587
770.587
770.587
770.587
770.587
770.587
770.587
770.587
770.587
770.587
770.587
770.587
770.587
770.587
770.587
770.587
770.587
770.587
770.587
770.587
770.587
770.587
770.587
770.587
770.587
770.587
770.587
770.587
770.587
770.587
770.587
770.587
770.587
770.587
770.587
770.587
770.587
770.587
770.587
770.587
770.587
770.587
770.587
770.587
770.587
770.587
770.587
770.587
770.587
770.587
770.587
770.587
770.587
770.587
770.587
770.587
770.587
770.587
770.587
770.587
770.587
770.587
770.587
770.587
770.587
770.587
770.587
770.587
770.587
770.587
770.587
770.587
770.587
770.587
770.587
770.587
770.587
770.587
770.587
770.587
770.587
770.587
770.587
770.587
770.587
770.587
770.587
770.587
770.587
770.587
770.587
770.587
770.587
770.587
770.587
770.587
770.587
770.587
770.587
770.587
770.587
770.587
770.587
770.587
770.587
770.587
770.587
770.587
770.587
770.587
770.587
770.587
770.587
770.587
770.587
770.587
770.587
770.587
770.587
770.587
770.587
770.587
770.587
770.587
770.587
770.587
770.587
770.587
770.587
770.587
770.587
770.587
770.587
770.587
770.587
770.587
770.587
770.587
770.587
770.587
770.587
770.587
770.587
770.587
770.587
770.587
770.587
770.587
770.587
770.587
770.587
770.587
770.587
770.587
770.587
770.587
770.587
770.587
770.587
770.587
770.587
770.587
770.587
770.587
770.587
770.587
770.587
770.587
770.587
770.587
770.587
770.587
770.587
770.587
770.587
770.587
770.587
770.587
770.587
770.587
765.571
765.571
765.571
765.571
765.571
765.571
765.571
765.571
765.571
765.571
765.571
765.571
765.571
765.571
765.571
765.571
765.571
765.571
765.571
765.571
765.571
765.571
765.571
765.571
765.571
765.571
765.571
765.571
765.571
765.571
765.571
765.571
765.571
765.571
765.571
765.571
765.571
765.571
765.571
765.571
765.571
765.571
765.571
765.571
765.571
765.571
765.571
765.571
765.571
765.571
765.571
765.571
765.571
765.571
765.571
765.571
765.571
765.571
765.571
765.571
765.571
765.571
765.571
765.571
765.571
765.571
765.571
765.571
765.571
765.571
765.571
765.571
765.571
765.571
765.571
765.571
765.571
765.571
765.571
765.571
765.571
765.571
765.571
765.571
765.571
765.571
765.571
765.571
765.571
765.571
765.571
765.571
765.571
765.571
765.571
765.571
765.571
765.571
765.571
765.571
765.571
765.571
765.571
765.571
765.571
765.571
765.571
765.571
765.571
765.571
765.571
765.571
765.571
765.571
765.571
765.571
765.571
765.571
765.571
765.571
765.571
765.571
765.571
765.571
765.571
765.571
765.571
765.571
765.571
765.571
765.571
765.571
765.571
765.571
765.571
765.571
765.571
765.571
765.571
765.571
765.571
765.571
765.571
765.571
765.571
765.571
765.571
765.571
765.571
765.571
765.571
765.571
765.571
765.571
765.571
765.571
765.571
765.571
765.571
765.571
765.571
765.571
765.571
765.571
765.571
765.571
765.571
765.571
765.571
765.571
765.571
765.571
765.571
765.571
765.571
765.571
765.571
765.571
765.571
765.571
765.571
765.571
765.571
765.571
765.571
765.571
765.571
765.571
765.571
765.571
765.571
765.571
765.571
765.571
765.571
765.571
765.571
765.571
765.571
765.571
760.873
760.873
760.873
760.873
760.873
760.873
760.873
760.873
760.873
760.873
760.873
760.873
760.873
760.873
760.873
760.873
760.873
760.873
760.873
760.873
760.873
760.873
760.873
760.873
760.873
760.873
760.873
760.873
760.873
760.873
760.873
760.873
760.873
760.873
760.873
760.873
760.873
760.873
760.873
760.873
760.873
760.873
760.873
760.873
760.873
760.873
760.873
760.873
760.873
760.873
760.873
760.873
760.873
760.873
760.873
760.873
760.873
760.873
760.873
760.873
760.873
760.873
760.873
760.873
760.873
760.873
760.873
760.873
760.873
760.873
760.873
760.873
760.873
760.873
760.873
760.873
760.873
760.873
760.873
760.873
760.873
760.873
760.873
760.873
760.873
760.873
760.873
760.873
760.873
760.873
760.873
760.873
760.873
760.873
760.873
760.873
760.873
760.873
760.873
760.873
760.873
760.873
760.873
760.873
760.873
760.873
760.873
760.873
760.873
760.873
760.873
760.873
760.873
760.873
760.873
760.873
760.873
760.873
760.873
760.873
760.873
760.873
760.873
760.873
760.873
760.873
760.873
760.873
760.873
760.873
760.873
760.873
760.873
760.873
760.873
760.873
760.873
760.873
760.873
760.873
760.873
760.873
760.873
760.873
760.873
760.873
760.873
760.873
760.873
760.873
760.873
760.873
760.873
760.873
760.873
760.873
760.873
760.873
760.873
760.873
760.873
760.873
760.873
760.873
760.873
760.873
760.873
760.873
760.873
760.873
760.873
760.873
760.873
760.873
760.873
760.873
760.873
760.873
760.873
760.873
760.873
760.873
760.873
760.873
760.873
760.873
760.873
760.873
760.873
760.873
760.873
760.873
760.873
760.873
760.873
760.873
760.873
760.873
760.873
760.873
756.661
756.661
756.661
756.661
756.661
756.661
756.661
756.661
756.661
756.661
756.661
756.661
756.661
756.661
756.661
756.661
756.661
756.661
756.661
756.661
756.661
756.661
756.661
756.661
756.661
756.661
756.661
756.661
756.661
756.661
756.661
756.661
756.661
756.661
756.661
756.661
756.661
756.661
756.661
756.661
756.661
756.661
756.661
756.661
756.661
756.661
756.661
756.661
756.661
756.661
756.661
756.661
756.661
756.661
756.661
756.661
756.661
756.661
756.661
756.661
756.661
756.661
756.661
756.661
756.661
756.661
756.661
756.661
756.661
756.661
756.661
756.661
756.661
756.661
756.661
756.661
756.661
756.661
756.661
756.661
756.661
756.661
756.661
756.661
756.661
756.661
756.661
756.661
756.661
756.661
756.661
756.661
756.661
756.661
756.661
756.661
756.661
756.661
756.661
756.661
756.661
756.661
756.661
756.661
756.661
756.661
756.661
756.661
756.661
756.661
756.661
756.661
756.661
756.661
756.661
756.661
756.661
756.661
756.661
756.661
756.661
756.661
756.661
756.661
756.661
756.661
756.661
756.661
756.661
756.661
756.661
756.661
756.661
756.661
756.661
756.661
756.661
756.661
756.661
756.661
756.661
756.661
756.661
756.661
756.661
756.661
756.661
756.661
756.661
756.661
756.661
756.661
756.661
756.661
756.661
756.661
756.661
756.661
756.661
756.661
756.661
756.661
756.661
756.661
756.661
756.661
756.661
756.661
756.661
756.661
756.661
756.661
756.661
756.661
756.661
756.661
756.661
756.661
756.661
756.661
756.661
756.661
756.661
756.661
756.661
756.661
756.661
756.661
756.661
756.661
756.661
756.661
756.661
756.661
756.661
756.661
756.661
756.661
756.661
756.661
753.046
753.046
753.046
753.046
753.046
753.046
753.046
753.046
753.046
753.046
753.046
753.046
753.046
753.046
753.046
753.046
753.046
753.046
753.046
753.046
753.046
753.046
753.046
753.046
753.046
753.046
753.046
753.046
753.046
753.046
753.046
753.046
753.046
753.046
753.046
753.046
753.046
753.046
753.046
753.046
753.046
753.046
753.046
753.046
753.046
753.046
753.046
753.046
753.046
753.046
753.046
753.046
753.046
753.046
753.046
753.046
753.046
753.046
753.046
753.046
753.046
753.046
753.046
753.046
753.046
753.046
753.046
753.046
753.046
753.046
753.046
753.046
753.046
753.046
753.046
753.046
753.046
753.046
753.046
753.046
753.046
753.046
753.046
753.046
753.046
753.046
753.046
753.046
753.046
753.046
753.046
753.046
753.046
753.046
753.046
753.046
753.046
753.046
753.046
753.046
753.046
753.046
753.046
753.046
753.046
753.046
753.046
753.046
753.046
753.046
753.046
753.046
753.046
753.046
753.046
753.046
753.046
753.046
753.046
753.046
753.046
753.046
753.046
753.046
753.046
753.046
753.046
753.046
753.046
753.046
753.046
753.046
753.046
753.046
753.046
753.046
753.046
753.046
753.046
753.046
753.046
753.046
753.046
753.046
753.046
753.046
753.046
753.046
753.046
753.046
753.046
753.046
753.046
753.046
753.046
753.046
753.046
753.046
753.046
753.046
753.046
753.046
753.046
753.046
753.046
753.046
753.046
753.046
753.046
753.046
753.046
753.046
753.046
753.046
753.046
753.046
753.046
753.046
753.046
753.046
753.046
753.046
753.046
753.046
753.046
753.046
753.046
753.046
753.046
753.046
753.046
753.046
753.046
753.046
753.046
753.046
753.046
753.046
753.046
753.046
750.075
750.075
750.075
750.075
750.075
750.075
750.075
750.075
750.075
750.075
750.075
750.075
750.075
750.075
750.075
750.075
750.075
750.075
750.075
750.075
750.075
750.075
750.075
750.075
750.075
750.075
750.075
750.075
750.075
750.075
750.075
750.075
750.075
750.075
750.075
750.075
750.075
750.075
750.075
750.075
750.075
750.075
750.075
750.075
750.075
750.075
750.075
750.075
750.075
750.075
750.075
750.075
750.075
750.075
750.075
750.075
750.075
750.075
750.075
750.075
750.075
750.075
750.075
750.075
750.075
750.075
750.075
750.075
750.075
750.075
750.075
750.075
750.075
750.075
750.075
750.075
750.075
750.075
750.075
750.075
750.075
750.075
750.075
750.075
750.075
750.075
750.075
750.075
750.075
750.075
750.075
750.075
750.075
750.075
750.075
750.075
750.075
750.075
750.075
750.075
750.075
750.075
750.075
750.075
750.075
750.075
750.075
750.075
750.075
750.075
750.075
750.075
750.075
750.075
750.075
750.075
750.075
750.075
750.075
750.075
750.075
750.075
750.075
750.075
750.075
750.075
750.075
750.075
750.075
750.075
750.075
750.075
750.075
750.075
750.075
750.075
750.075
750.075
750.075
750.075
750.075
750.075
750.075
750.075
750.075
750.075
750.075
750.075
750.075
750.075
750.075
750.075
750.075
750.075
750.075
750.075
750.075
750.075
750.075
750.075
750.075
750.075
750.075
750.075
750.075
750.075
750.075
750.075
750.075
750.075
750.075
750.075
750.075
750.075
750.075
750.075
750.075
750.075
750.075
750.075
750.075
750.075
750.075
750.075
750.075
750.075
750.075
750.075
750.075
750.075
750.075
750.075
750.075
750.075
750.075
750.075
750.075
750.075
750.075
750.075
747.735
747.735
747.735
747.735
747.735
747.735
747.735
747.735
747.735
747.735
747.735
747.735
747.735
747.735
747.735
747.735
747.735
747.735
747.735
747.735
747.735
747.735
747.735
747.735
747.735
747.735
747.735
747.735
747.735
747.735
747.735
747.735
747.735
747.735
747.735
747.735
747.735
747.735
747.735
747.735
747.735
747.735
747.735
747.735
747.735
747.735
747.735
747.735
747.735
747.735
747.735
747.735
747.735
747.735
747.735
747.735
747.735
747.735
747.735
747.735
747.735
747.735
747.735
747.735
747.735
747.735
747.735
747.735
747.735
747.735
747.735
747.735
747.735
747.735
747.735
747.735
747.735
747.735
747.735
747.735
747.735
747.735
747.735
747.735
747.735
747.735
747.735
747.735
747.735
747.735
747.735
747.735
747.735
747.735
747.735
747.735
747.735
747.735
747.735
747.735
747.735
747.735
747.735
747.735
747.735
747.735
747.735
747.735
747.735
747.735
747.735
747.735
747.735
747.735
747.735
747.735
747.735
747.735
747.735
747.735
747.735
747.735
747.735
747.735
747.735
747.735
747.735
747.735
747.735
747.735
747.735
747.735
747.735
747.735
747.735
747.735
747.735
747.735
747.735
747.735
747.735
747.735
747.735
747.735
747.735
747.735
747.735
747.735
747.735
747.735
747.735
747.735
747.735
747.735
747.735
747.735
747.735
747.735
747.735
747.735
747.735
747.735
747.735
747.735
747.735
747.735
747.735
747.735
747.735
747.735
747.735
747.735
747.735
747.735
747.735
747.735
747.735
747.735
747.735
747.735
747.735
747.735
747.735
747.735
747.735
747.735
747.735
747.735
747.735
747.735
747.735
747.735
747.735
747.735
747.735
747.735
747.735
747.735
747.735
747.735
745.968
745.968
745.968
745.968
745.968
745.968
745.968
745.968
745.968
745.968
745.968
745.968
745.968
745.968
745.968
745.968
745.968
745.968
745.968
745.968
745.968
745.968
745.968
745.968
745.968
745.968
745.968
745.968
745.968
745.968
745.968
745.968
745.968
745.968
745.968
745.968
745.968
745.968
745.968
745.968
745.968
745.968
745.968
745.968
745.968
745.968
745.968
745.968
745.968
745.968
745.968
745.968
745.968
745.968
745.968
745.968
745.968
745.968
745.968
745.968
745.968
745.968
745.968
745.968
745.968
745.968
745.968
745.968
745.968
745.968
745.968
745.968
745.968
745.968
745.968
745.968
745.968
745.968
745.968
745.968
745.968
745.968
745.968
745.968
745.968
745.968
745.968
745.968
745.968
745.968
745.968
745.968
745.968
745.968
745.968
745.968
745.968
745.968
745.968
745.968
745.968
745.968
745.968
745.968
745.968
745.968
745.968
745.968
745.968
745.968
745.968
745.968
745.968
745.968
745.968
745.968
745.968
745.968
745.968
745.968
745.968
745.968
745.968
745.968
745.968
745.968
745.968
745.968
745.968
745.968
745.968
745.968
745.968
745.968
745.968
745.968
745.968
745.968
745.968
745.968
745.968
745.968
745.968
745.968
745.968
745.968
745.968
745.968
745.968
745.968
745.968
745.968
745.968
745.968
745.968
745.968
745.968
745.968
745.968
745.968
745.968
745.968
745.968
745.968
745.968
745.968
745.968
745.968
745.968
745.968
745.968
745.968
745.968
745.968
745.968
745.968
745.968
745.968
745.968
745.968
745.968
745.968
745.968
745.968
745.968
745.968
745.968
745.968
745.968
745.968
745.968
745.968
745.968
745.968
745.968
745.968
745.968
745.968
745.968
745.968
744.689
744.689
744.689
744.689
744.689
744.689
744.689
744.689
744.689
744.689
744.689
744.689
744.689
744.689
744.689
744.689
744.689
744.689
744.689
744.689
744.689
744.689
744.689
744.689
744.689
744.689
744.689
744.689
744.689
744.689
744.689
744.689
744.689
744.689
744.689
744.689
744.689
744.689
744.689
744.689
744.689
744.689
744.689
744.689
744.689
744.689
744.689
744.689
744.689
744.689
744.689
744.689
744.689
744.689
744.689
744.689
744.689
744.689
744.689
744.689
744.689
744.689
744.689
744.689
744.689
744.689
744.689
744.689
744.689
744.689
744.689
744.689
744.689
744.689
744.689
744.689
744.689
744.689
744.689
744.689
744.689
744.689
744.689
744.689
744.689
744.689
744.689
744.689
744.689
744.689
744.689
744.689
744.689
744.689
744.689
744.689
744.689
744.689
744.689
744.689
744.689
744.689
744.689
744.689
744.689
744.689
744.689
744.689
744.689
744.689
744.689
744.689
744.689
744.689
744.689
744.689
744.689
744.689
744.689
744.689
744.689
744.689
744.689
744.689
744.689
744.689
744.689
744.689
744.689
744.689
744.689
744.689
744.689
744.689
744.689
744.689
744.689
744.689
744.689
744.689
744.689
744.689
744.689
744.689
744.689
744.689
744.689
744.689
744.689
744.689
744.689
744.689
744.689
744.689
744.689
744.689
744.689
744.689
744.689
744.689
744.689
744.689
744.689
744.689
744.689
744.689
744.689
744.689
744.689
744.689
744.689
744.689
744.689
744.689
744.689
744.689
744.689
744.689
744.689
744.689
744.689
744.689
744.689
744.689
744.689
744.689
744.689
744.689
744.689
744.689
744.689
744.689
744.689
744.689
744.689
744.689
744.689
744.689
744.689
744.689
743.8
743.8
743.8
743.8
743.8
743.8
743.8
743.8
743.8
743.8
743.8
743.8
743.8
743.8
743.8
743.8
743.8
743.8
743.8
743.8
743.8
743.8
743.8
743.8
743.8
743.8
743.8
743.8
743.8
743.8
743.8
743.8
743.8
743.8
743.8
743.8
743.8
743.8
743.8
743.8
743.8
743.8
743.8
743.8
743.8
743.8
743.8
743.8
743.8
743.8
743.8
743.8
743.8
743.8
743.8
743.8
743.8
743.8
743.8
743.8
743.8
743.8
743.8
743.8
743.8
743.8
743.8
743.8
743.8
743.8
743.8
743.8
743.8
743.8
743.8
743.8
743.8
743.8
743.8
743.8
743.8
743.8
743.8
743.8
743.8
743.8
743.8
743.8
743.8
743.8
743.8
743.8
743.8
743.8
743.8
743.8
743.8
743.8
743.8
743.8
743.8
743.8
743.8
743.8
743.8
743.8
743.8
743.8
743.8
743.8
743.8
743.8
743.8
743.8
743.8
743.8
743.8
743.8
743.8
743.8
743.8
743.8
743.8
743.8
743.8
743.8
743.8
743.8
743.8
743.8
743.8
743.8
743.8
743.8
743.8
743.8
743.8
743.8
743.8
743.8
743.8
743.8
743.8
743.8
743.8
743.8
743.8
743.8
743.8
743.8
743.8
743.8
743.8
743.8
743.8
743.8
743.8
743.8
743.8
743.8
743.8
743.8
743.8
743.8
743.8
743.8
743.8
743.8
743.8
743.8
743.8
743.8
743.8
743.8
743.8
743.8
743.8
743.8
743.8
743.8
743.8
743.8
743.8
743.8
743.8
743.8
743.8
743.8
743.8
743.8
743.8
743.8
743.8
743.8
743.8
743.8
743.8
743.8
743.8
743.8
743.205
743.205
743.205
743.205
743.205
743.205
743.205
743.205
743.205
743.205
743.205
743.205
743.205
743.205
743.205
743.205
743.205
743.205
743.205
743.205
743.205
743.205
743.205
743.205
743.205
743.205
743.205
743.205
743.205
743.205
743.205
743.205
743.205
743.205
743.205
743.205
743.205
743.205
743.205
743.205
743.205
743.205
743.205
743.205
743.205
743.205
743.205
743.205
743.205
743.205
743.205
743.205
743.205
743.205
743.205
743.205
743.205
743.205
743.205
743.205
743.205
743.205
743.205
743.205
743.205
743.205
743.205
743.205
743.205
743.205
743.205
743.205
743.205
743.205
743.205
743.205
743.205
743.205
743.205
743.205
743.205
743.205
743.205
743.205
743.205
743.205
743.205
743.205
743.205
743.205
743.205
743.205
743.205
743.205
743.205
743.205
743.205
743.205
743.205
743.205
743.205
743.205
743.205
743.205
743.205
743.205
743.205
743.205
743.205
743.205
743.205
743.205
743.205
743.205
743.205
743.205
743.205
743.205
743.205
743.205
743.205
743.205
743.205
743.205
743.205
743.205
743.205
743.205
743.205
743.205
743.205
743.205
743.205
743.205
743.205
743.205
743.205
743.205
743.205
743.205
743.205
743.205
743.205
743.205
743.205
743.205
743.205
743.205
743.205
743.205
743.205
743.205
743.205
743.205
743.205
743.205
743.205
743.205
743.205
743.205
743.205
743.205
743.205
743.205
743.205
743.205
743.205
743.205
743.205
743.205
743.205
743.205
743.205
743.205
743.205
743.205
743.205
743.205
743.205
743.205
743.205
743.205
743.205
743.205
743.205
743.205
743.205
743.205
743.205
743.205
743.205
743.205
743.205
743.205
743.205
743.205
743.205
743.205
743.205
743.205
742.822
742.822
742.822
742.822
742.822
742.822
742.822
742.822
742.822
742.822
742.822
742.822
742.822
742.822
742.822
742.822
742.822
742.822
742.822
742.822
742.822
742.822
742.822
742.822
742.822
742.822
742.822
742.822
742.822
742.822
742.822
742.822
742.822
742.822
742.822
742.822
742.822
742.822
742.822
742.822
742.822
742.822
742.822
742.822
742.822
742.822
742.822
742.822
742.822
742.822
742.822
742.822
742.822
742.822
742.822
742.822
742.822
742.822
742.822
742.822
742.822
742.822
742.822
742.822
742.822
742.822
742.822
742.822
742.822
742.822
742.822
742.822
742.822
742.822
742.822
742.822
742.822
742.822
742.822
742.822
742.822
742.822
742.822
742.822
742.822
742.822
742.822
742.822
742.822
742.822
742.822
742.822
742.822
742.822
742.822
742.822
742.822
742.822
742.822
742.822
742.822
742.822
742.822
742.822
742.822
742.822
742.822
742.822
742.822
742.822
742.822
742.822
742.822
742.822
742.822
742.822
742.822
742.822
742.822
742.822
742.822
742.822
742.822
742.822
742.822
742.822
742.822
742.822
742.822
742.822
742.822
742.822
742.822
742.822
742.822
742.822
742.822
742.822
742.822
742.822
742.822
742.822
742.822
742.822
742.822
742.822
742.822
742.822
742.822
742.822
742.822
742.822
742.822
742.822
742.822
742.822
742.822
742.822
742.822
742.822
742.822
742.822
742.822
742.822
742.822
742.822
742.822
742.822
742.822
742.822
742.822
742.822
742.822
742.822
742.822
742.822
742.822
742.822
742.822
742.822
742.822
742.822
742.822
742.822
742.822
742.822
742.822
742.822
742.822
742.822
742.822
742.822
742.822
742.822
742.822
742.822
742.822
742.822
742.822
742.822
742.584
742.584
742.584
742.584
742.584
742.584
742.584
742.584
742.584
742.584
742.584
742.584
742.584
742.584
742.584
742.584
742.584
742.584
742.584
742.584
742.584
742.584
742.584
742.584
742.584
742.584
742.584
742.584
742.584
742.584
742.584
742.584
742.584
742.584
742.584
742.584
742.584
742.584
742.584
742.584
742.584
742.584
742.584
742.584
742.584
742.584
742.584
742.584
742.584
742.584
742.584
742.584
742.584
742.584
742.584
742.584
742.584
742.584
742.584
742.584
742.584
742.584
742.584
742.584
742.584
742.584
742.584
742.584
742.584
742.584
742.584
742.584
742.584
742.584
742.584
742.584
742.584
742.584
742.584
742.584
742.584
742.584
742.584
742.584
742.584
742.584
742.584
742.584
742.584
742.584
742.584
742.584
742.584
742.584
742.584
742.584
742.584
742.584
742.584
742.584
742.584
742.584
742.584
742.584
742.584
742.584
742.584
742.584
742.584
742.584
742.584
742.584
742.584
742.584
742.584
742.584
742.584
742.584
742.584
742.584
742.584
742.584
742.584
742.584
742.584
742.584
742.584
742.584
742.584
742.584
742.584
742.584
742.584
742.584
742.584
742.584
742.584
742.584
742.584
742.584
742.584
742.584
742.584
742.584
742.584
742.584
742.584
742.584
742.584
742.584
742.584
742.584
742.584
742.584
742.584
742.584
742.584
742.584
742.584
742.584
742.584
742.584
742.584
742.584
742.584
742.584
742.584
742.584
742.584
742.584
742.584
742.584
742.584
742.584
742.584
742.584
742.584
742.584
742.584
742.584
742.584
742.584
742.584
742.584
742.584
742.584
742.584
742.584
742.584
742.584
742.584
742.584
742.584
742.584
742.584
742.584
742.584
742.584
742.584
742.584
742.44
742.44
742.44
742.44
742.44
742.44
742.44
742.44
742.44
742.44
742.44
742.44
742.44
742.44
742.44
742.44
742.44
742.44
742.44
742.44
742.44
742.44
742.44
742.44
742.44
742.44
742.44
742.44
742.44
742.44
742.44
742.44
742.44
742.44
742.44
742.44
742.44
742.44
742.44
742.44
742.44
742.44
742.44
742.44
742.44
742.44
742.44
742.44
742.44
742.44
742.44
742.44
742.44
742.44
742.44
742.44
742.44
742.44
742.44
742.44
742.44
742.44
742.44
742.44
742.44
742.44
742.44
742.44
742.44
742.44
742.44
742.44
742.44
742.44
742.44
742.44
742.44
742.44
742.44
742.44
742.44
742.44
742.44
742.44
742.44
742.44
742.44
742.44
742.44
742.44
742.44
742.44
742.44
742.44
742.44
742.44
742.44
742.44
742.44
742.44
742.44
742.44
742.44
742.44
742.44
742.44
742.44
742.44
742.44
742.44
742.44
742.44
742.44
742.44
742.44
742.44
742.44
742.44
742.44
742.44
742.44
742.44
742.44
742.44
742.44
742.44
742.44
742.44
742.44
742.44
742.44
742.44
742.44
742.44
742.44
742.44
742.44
742.44
742.44
742.44
742.44
742.44
742.44
742.44
742.44
742.44
742.44
742.44
742.44
742.44
742.44
742.44
742.44
742.44
742.44
742.44
742.44
742.44
742.44
742.44
742.44
742.44
742.44
742.44
742.44
742.44
742.44
742.44
742.44
742.44
742.44
742.44
742.44
742.44
742.44
742.44
742.44
742.44
742.44
742.44
742.44
742.44
742.44
742.44
742.44
742.44
742.44
742.44
742.44
742.44
742.44
742.44
742.44
742.44
742.44
742.44
742.44
742.44
742.44
742.44
742.356
742.356
742.356
742.356
742.356
742.356
742.356
742.356
742.356
742.356
742.356
742.356
742.356
742.356
742.356
742.356
742.356
742.356
742.356
742.356
742.356
742.356
742.356
742.356
742.356
742.356
742.356
742.356
742.356
742.356
742.356
742.356
742.356
742.356
742.356
742.356
742.356
742.356
742.356
742.356
742.356
742.356
742.356
742.356
742.356
742.356
742.356
742.356
742.356
742.356
742.356
742.356
742.356
742.356
742.356
742.356
742.356
742.356
742.356
742.356
742.356
742.356
742.356
742.356
742.356
742.356
742.356
742.356
742.356
742.356
742.356
742.356
742.356
742.356
742.356
742.356
742.356
742.356
742.356
742.356
742.356
742.356
742.356
742.356
742.356
742.356
742.356
742.356
742.356
742.356
742.356
742.356
742.356
742.356
742.356
742.356
742.356
742.356
742.356
742.356
742.356
742.356
742.356
742.356
742.356
742.356
742.356
742.356
742.356
742.356
742.356
742.356
742.356
742.356
742.356
742.356
742.356
742.356
742.356
742.356
742.356
742.356
742.356
742.356
742.356
742.356
742.356
742.356
742.356
742.356
742.356
742.356
742.356
742.356
742.356
742.356
742.356
742.356
742.356
742.356
742.356
742.356
742.356
742.356
742.356
742.356
742.356
742.356
742.356
742.356
742.356
742.356
742.356
742.356
742.356
742.356
742.356
742.356
742.356
742.356
742.356
742.356
742.356
742.356
742.356
742.356
742.356
742.356
742.356
742.356
742.356
742.356
742.356
742.356
742.356
742.356
742.356
742.356
742.356
742.356
742.356
742.356
742.356
742.356
742.356
742.356
742.356
742.356
742.356
742.356
742.356
742.356
742.356
742.356
742.356
742.356
742.356
742.356
742.356
742.356
742.308
742.308
742.308
742.308
742.308
742.308
742.308
742.308
742.308
742.308
742.308
742.308
742.308
742.308
742.308
742.308
742.308
742.308
742.308
742.308
742.308
742.308
742.308
742.308
742.308
742.308
742.308
742.308
742.308
742.308
742.308
742.308
742.308
742.308
742.308
742.308
742.308
742.308
742.308
742.308
742.308
742.308
742.308
742.308
742.308
742.308
742.308
742.308
742.308
742.308
742.308
742.308
742.308
742.308
742.308
742.308
742.308
742.308
742.308
742.308
742.308
742.308
742.308
742.308
742.308
742.308
742.308
742.308
742.308
742.308
742.308
742.308
742.308
742.308
742.308
742.308
742.308
742.308
742.308
742.308
742.308
742.308
742.308
742.308
742.308
742.308
742.308
742.308
742.308
742.308
742.308
742.308
742.308
742.308
742.308
742.308
742.308
742.308
742.308
742.308
742.308
742.308
742.308
742.308
742.308
742.308
742.308
742.308
742.308
742.308
742.308
742.308
742.308
742.308
742.308
742.308
742.308
742.308
742.308
742.308
742.308
742.308
742.308
742.308
742.308
742.308
742.308
742.308
742.308
742.308
742.308
742.308
742.308
742.308
742.308
742.308
742.308
742.308
742.308
742.308
742.308
742.308
742.308
742.308
742.308
742.308
742.308
742.308
742.308
742.308
742.308
742.308
742.308
742.308
742.308
742.308
742.308
742.308
742.308
742.308
742.308
742.308
742.308
742.308
742.308
742.308
742.308
742.308
742.308
742.308
742.308
742.308
742.308
742.308
742.308
742.308
742.308
742.308
742.308
742.308
742.308
742.308
742.308
742.308
742.308
742.308
742.308
742.308
742.308
742.308
742.308
742.308
742.308
742.308
742.308
742.308
742.308
742.308
742.308
742.308
742.279
742.279
742.279
742.279
742.279
742.279
742.279
742.279
742.279
742.279
742.279
742.279
742.279
742.279
742.279
742.279
742.279
742.279
742.279
742.279
742.279
742.279
742.279
742.279
742.279
742.279
742.279
742.279
742.279
742.279
742.279
742.279
742.279
742.279
742.279
742.279
742.279
742.279
742.279
742.279
742.279
742.279
742.279
742.279
742.279
742.279
742.279
742.279
742.279
742.279
742.279
742.279
742.279
742.279
742.279
742.279
742.279
742.279
742.279
742.279
742.279
742.279
742.279
742.279
742.279
742.279
742.279
742.279
742.279
742.279
742.279
742.279
742.279
742.279
742.279
742.279
742.279
742.279
742.279
742.279
742.279
742.279
742.279
742.279
742.279
742.279
742.279
742.279
742.279
742.279
742.279
742.279
742.279
742.279
742.279
742.279
742.279
742.279
742.279
742.279
742.279
742.279
742.279
742.279
742.279
742.279
742.279
742.279
742.279
742.279
742.279
742.279
742.279
742.279
742.279
742.279
742.279
742.279
742.279
742.279
742.279
742.279
742.279
742.279
742.279
742.279
742.279
742.279
742.279
742.279
742.279
742.279
742.279
742.279
742.279
742.279
742.279
742.279
742.279
742.279
742.279
742.279
742.279
742.279
742.279
742.279
742.279
742.279
742.279
742.279
742.279
742.279
742.279
742.279
742.279
742.279
742.279
742.279
742.279
742.279
742.279
742.279
742.279
742.279
742.279
742.279
742.279
742.279
742.279
742.279
742.279
742.279
742.279
742.279
742.279
742.279
742.279
742.279
742.279
742.279
742.279
742.279
742.279
742.279
742.279
742.279
742.279
742.279
742.279
742.279
742.279
742.279
742.279
742.279
742.279
742.279
742.279
742.279
742.279
742.279
742.263
742.263
742.263
742.263
742.263
742.263
742.263
742.263
742.263
742.263
742.263
742.263
742.263
742.263
742.263
742.263
742.263
742.263
742.263
742.263
742.263
742.263
742.263
742.263
742.263
742.263
742.263
742.263
742.263
742.263
742.263
742.263
742.263
742.263
742.263
742.263
742.263
742.263
742.263
742.263
742.263
742.263
742.263
742.263
742.263
742.263
742.263
742.263
742.263
742.263
742.263
742.263
742.263
742.263
742.263
742.263
742.263
742.263
742.263
742.263
742.263
742.263
742.263
742.263
742.263
742.263
742.263
742.263
742.263
742.263
742.263
742.263
742.263
742.263
742.263
742.263
742.263
742.263
742.263
742.263
742.263
742.263
742.263
742.263
742.263
742.263
742.263
742.263
742.263
742.263
742.263
742.263
742.263
742.263
742.263
742.263
742.263
742.263
742.263
742.263
742.263
742.263
742.263
742.263
742.263
742.263
742.263
742.263
742.263
742.263
742.263
742.263
742.263
742.263
742.263
742.263
742.263
742.263
742.263
742.263
742.263
742.263
742.263
742.263
742.263
742.263
742.263
742.263
742.263
742.263
742.263
742.263
742.263
742.263
742.263
742.263
742.263
742.263
742.263
742.263
742.263
742.263
742.263
742.263
742.263
742.263
742.263
742.263
742.263
742.263
742.263
742.263
742.263
742.263
742.263
742.263
742.263
742.263
742.263
742.263
742.263
742.263
742.263
742.263
742.263
742.263
742.263
742.263
742.263
742.263
742.263
742.263
742.263
742.263
742.263
742.263
742.263
742.263
742.263
742.263
742.263
742.263
742.263
742.263
742.263
742.263
742.263
742.263
742.263
742.263
742.263
742.263
742.263
742.263
742.263
742.263
742.263
742.263
742.263
742.263
742.253
742.253
742.253
742.253
742.253
742.253
742.253
742.253
742.253
742.253
742.253
742.253
742.253
742.253
742.253
742.253
742.253
742.253
742.253
742.253
742.253
742.253
742.253
742.253
742.253
742.253
742.253
742.253
742.253
742.253
742.253
742.253
742.253
742.253
742.253
742.253
742.253
742.253
742.253
742.253
742.253
742.253
742.253
742.253
742.253
742.253
742.253
742.253
742.253
742.253
742.253
742.253
742.253
742.253
742.253
742.253
742.253
742.253
742.253
742.253
742.253
742.253
742.253
742.253
742.253
742.253
742.253
742.253
742.253
742.253
742.253
742.253
742.253
742.253
742.253
742.253
742.253
742.253
742.253
742.253
742.253
742.253
742.253
742.253
742.253
742.253
742.253
742.253
742.253
742.253
742.253
742.253
742.253
742.253
742.253
742.253
742.253
742.253
742.253
742.253
742.253
742.253
742.253
742.253
742.253
742.253
742.253
742.253
742.253
742.253
742.253
742.253
742.253
742.253
742.253
742.253
742.253
742.253
742.253
742.253
742.253
742.253
742.253
742.253
742.253
742.253
742.253
742.253
742.253
742.253
742.253
742.253
742.253
742.253
742.253
742.253
742.253
742.253
742.253
742.253
742.253
742.253
742.253
742.253
742.253
742.253
742.253
742.253
742.253
742.253
742.253
742.253
742.253
742.253
742.253
742.253
742.253
742.253
742.253
742.253
742.253
742.253
742.253
742.253
742.253
742.253
742.253
742.253
742.253
742.253
742.253
742.253
742.253
742.253
742.253
742.253
742.253
742.253
742.253
742.253
742.253
742.253
742.253
742.253
742.253
742.253
742.253
742.253
742.253
742.253
742.253
742.253
742.253
742.253
742.253
742.253
742.253
742.253
742.253
742.253
742.246
742.246
742.246
742.246
742.246
742.246
742.246
742.246
742.246
742.246
742.246
742.246
742.246
742.246
742.246
742.246
742.246
742.246
742.246
742.246
742.246
742.246
742.246
742.246
742.246
742.246
742.246
742.246
742.246
742.246
742.246
742.246
742.246
742.246
742.246
742.246
742.246
742.246
742.246
742.246
742.246
742.246
742.246
742.246
742.246
742.246
742.246
742.246
742.246
742.246
742.246
742.246
742.246
742.246
742.246
742.246
742.246
742.246
742.246
742.246
742.246
742.246
742.246
742.246
742.246
742.246
742.246
742.246
742.246
742.246
742.246
742.246
742.246
742.246
742.246
742.246
742.246
742.246
742.246
742.246
742.246
742.246
742.246
742.246
742.246
742.246
742.246
742.246
742.246
742.246
742.246
742.246
742.246
742.246
742.246
742.246
742.246
742.246
742.246
742.246
742.246
742.246
742.246
742.246
742.246
742.246
742.246
742.246
742.246
742.246
742.246
742.246
742.246
742.246
742.246
742.246
742.246
742.246
742.246
742.246
742.246
742.246
742.246
742.246
742.246
742.246
742.246
742.246
742.246
742.246
742.246
742.246
742.246
742.246
742.246
742.246
742.246
742.246
742.246
742.246
742.246
742.246
742.246
742.246
742.246
742.246
742.246
742.246
742.246
742.246
742.246
742.246
742.246
742.246
742.246
742.246
742.246
742.246
742.246
742.246
742.246
742.246
742.246
742.246
742.246
742.246
742.246
742.246
742.246
742.246
742.246
742.246
742.246
742.246
742.246
742.246
742.246
742.246
742.246
742.246
742.246
742.246
742.246
742.246
742.246
742.246
742.246
742.246
742.246
742.246
742.246
742.246
742.246
742.246
742.246
742.246
742.246
742.246
742.246
742.246
742.241
742.241
742.241
742.241
742.241
742.241
742.241
742.241
742.241
742.241
742.241
742.241
742.241
742.241
742.241
742.241
742.241
742.241
742.241
742.241
742.241
742.241
742.241
742.241
742.241
742.241
742.241
742.241
742.241
742.241
742.241
742.241
742.241
742.241
742.241
742.241
742.241
742.241
742.241
742.241
742.241
742.241
742.241
742.241
742.241
742.241
742.241
742.241
742.241
742.241
742.241
742.241
742.241
742.241
742.241
742.241
742.241
742.241
742.241
742.241
742.241
742.241
742.241
742.241
742.241
742.241
742.241
742.241
742.241
742.241
742.241
742.241
742.241
742.241
742.241
742.241
742.241
742.241
742.241
742.241
742.241
742.241
742.241
742.241
742.241
742.241
742.241
742.241
742.241
742.241
742.241
742.241
742.241
742.241
742.241
742.241
742.241
742.241
742.241
742.241
742.241
742.241
742.241
742.241
742.241
742.241
742.241
742.241
742.241
742.241
742.241
742.241
742.241
742.241
742.241
742.241
742.241
742.241
742.241
742.241
742.241
742.241
742.241
742.241
742.241
742.241
742.241
742.241
742.241
742.241
742.241
742.241
742.241
742.241
742.241
742.241
742.241
742.241
742.241
742.241
742.241
742.241
742.241
742.241
742.241
742.241
742.241
742.241
742.241
742.241
742.241
742.241
742.241
742.241
742.241
742.241
742.241
742.241
742.241
742.241
742.241
742.241
742.241
742.241
742.241
742.241
742.241
742.241
742.241
742.241
742.241
742.241
742.241
742.241
742.241
742.241
742.241
742.241
742.241
742.241
742.241
742.241
742.241
742.241
742.241
742.241
742.241
742.241
742.241
742.241
742.241
742.241
742.241
742.241
742.241
742.241
742.241
742.241
742.241
742.241
742.237
742.237
742.237
742.237
742.237
742.237
742.237
742.237
742.237
742.237
742.237
742.237
742.237
742.237
742.237
742.237
742.237
742.237
742.237
742.237
742.237
742.237
742.237
742.237
742.237
742.237
742.237
742.237
742.237
742.237
742.237
742.237
742.237
742.237
742.237
742.237
742.237
742.237
742.237
742.237
742.237
742.237
742.237
742.237
742.237
742.237
742.237
742.237
742.237
742.237
742.237
742.237
742.237
742.237
742.237
742.237
742.237
742.237
742.237
742.237
742.237
742.237
742.237
742.237
742.237
742.237
742.237
742.237
742.237
742.237
742.237
742.237
742.237
742.237
742.237
742.237
742.237
742.237
742.237
742.237
742.237
742.237
742.237
742.237
742.237
742.237
742.237
742.237
742.237
742.237
742.237
742.237
742.237
742.237
742.237
742.237
742.237
742.237
742.237
742.237
742.237
742.237
742.237
742.237
742.237
742.237
742.237
742.237
742.237
742.237
742.237
742.237
742.237
742.237
742.237
742.237
742.237
742.237
742.237
742.237
742.237
742.237
742.237
742.237
742.237
742.237
742.237
742.237
742.237
742.237
742.237
742.237
742.237
742.237
742.237
742.237
742.237
742.237
742.237
742.237
742.237
742.237
742.237
742.237
742.237
742.237
742.237
742.237
742.237
742.237
742.237
742.237
742.237
742.237
742.237
742.237
742.237
742.237
742.237
742.237
742.237
742.237
742.237
742.237
742.237
742.237
742.237
742.237
742.237
742.237
742.237
742.237
742.237
742.237
742.237
742.237
742.237
742.237
742.237
742.237
742.237
742.237
742.237
742.237
742.237
742.237
742.237
742.237
742.237
742.237
742.237
742.237
742.237
742.237
742.237
742.237
742.237
742.237
742.237
742.237
742.235
742.235
742.235
742.235
742.235
742.235
742.235
742.235
742.235
742.235
742.235
742.235
742.235
742.235
742.235
742.235
742.235
742.235
742.235
742.235
742.235
742.235
742.235
742.235
742.235
742.235
742.235
742.235
742.235
742.235
742.235
742.235
742.235
742.235
742.235
742.235
742.235
742.235
742.235
742.235
742.235
742.235
742.235
742.235
742.235
742.235
742.235
742.235
742.235
742.235
742.235
742.235
742.235
742.235
742.235
742.235
742.235
742.235
742.235
742.235
742.235
742.235
742.235
742.235
742.235
742.235
742.235
742.235
742.235
742.235
742.235
742.235
742.235
742.235
742.235
742.235
742.235
742.235
742.235
742.235
742.235
742.235
742.235
742.235
742.235
742.235
742.235
742.235
742.235
742.235
742.235
742.235
742.235
742.235
742.235
742.235
742.235
742.235
742.235
742.235
742.235
742.235
742.235
742.235
742.235
742.235
742.235
742.235
742.235
742.235
742.235
742.235
742.235
742.235
742.235
742.235
742.235
742.235
742.235
742.235
742.235
742.235
742.235
742.235
742.235
742.235
742.235
742.235
742.235
742.235
742.235
742.235
742.235
742.235
742.235
742.235
742.235
742.235
742.235
742.235
742.235
742.235
742.235
742.235
742.235
742.235
742.235
742.235
742.235
742.235
742.235
742.235
742.235
742.235
742.235
742.235
742.235
742.235
742.235
742.235
742.235
742.235
742.235
742.235
742.235
742.235
742.235
742.235
742.235
742.235
742.235
742.235
742.235
742.235
742.235
742.235
742.235
742.235
742.235
742.235
742.235
742.235
742.235
742.235
742.235
742.235
742.235
742.235
742.235
742.235
742.235
742.235
742.235
742.235
742.235
742.235
742.235
742.235
742.235
742.235
742.232
742.232
742.232
742.232
742.232
742.232
742.232
742.232
742.232
742.232
742.232
742.232
742.232
742.232
742.232
742.232
742.232
742.232
742.232
742.232
742.232
742.232
742.232
742.232
742.232
742.232
742.232
742.232
742.232
742.232
742.232
742.232
742.232
742.232
742.232
742.232
742.232
742.232
742.232
742.232
742.232
742.232
742.232
742.232
742.232
742.232
742.232
742.232
742.232
742.232
742.232
742.232
742.232
742.232
742.232
742.232
742.232
742.232
742.232
742.232
742.232
742.232
742.232
742.232
742.232
742.232
742.232
742.232
742.232
742.232
742.232
742.232
742.232
742.232
742.232
742.232
742.232
742.232
742.232
742.232
742.232
742.232
742.232
742.232
742.232
742.232
742.232
742.232
742.232
742.232
742.232
742.232
742.232
742.232
742.232
742.232
742.232
742.232
742.232
742.232
742.232
742.232
742.232
742.232
742.232
742.232
742.232
742.232
742.232
742.232
742.232
742.232
742.232
742.232
742.232
742.232
742.232
742.232
742.232
742.232
742.232
742.232
742.232
742.232
742.232
742.232
742.232
742.232
742.232
742.232
742.232
742.232
742.232
742.232
742.232
742.232
742.232
742.232
742.232
742.232
742.232
742.232
742.232
742.232
742.232
742.232
742.232
742.232
742.232
742.232
742.232
742.232
742.232
742.232
742.232
742.232
742.232
742.232
742.232
742.232
742.232
742.232
742.232
742.232
742.232
742.232
742.232
742.232
742.232
742.232
742.232
742.232
742.232
742.232
742.232
742.232
742.232
742.232
742.232
742.232
742.232
742.232
742.232
742.232
742.232
742.232
742.232
742.232
742.232
742.232
742.232
742.232
742.232
742.232
742.232
742.232
742.232
742.232
742.232
742.232
742.231
742.231
742.231
742.231
742.231
742.231
742.231
742.231
742.231
742.231
742.231
742.231
742.231
742.231
742.231
742.231
742.231
742.231
742.231
742.231
742.231
742.231
742.231
742.231
742.231
742.231
742.231
742.231
742.231
742.231
742.231
742.231
742.231
742.231
742.231
742.231
742.231
742.231
742.231
742.231
742.231
742.231
742.231
742.231
742.231
742.231
742.231
742.231
742.231
742.231
742.231
742.231
742.231
742.231
742.231
742.231
742.231
742.231
742.231
742.231
742.231
742.231
742.231
742.231
742.231
742.231
742.231
742.231
742.231
742.231
742.231
742.231
742.231
742.231
742.231
742.231
742.231
742.231
742.231
742.231
742.231
742.231
742.231
742.231
742.231
742.231
742.231
742.231
742.231
742.231
742.231
742.231
742.231
742.231
742.231
742.231
742.231
742.231
742.231
742.231
742.231
742.231
742.231
742.231
742.231
742.231
742.231
742.231
742.231
742.231
742.231
742.231
742.231
742.231
742.231
742.231
742.231
742.231
742.231
742.231
742.231
742.231
742.231
742.231
742.231
742.231
742.231
742.231
742.231
742.231
742.231
742.231
742.231
742.231
742.231
742.231
742.231
742.231
742.231
742.231
742.231
742.231
742.231
742.231
742.231
742.231
742.231
742.231
742.231
742.231
742.231
742.231
742.231
742.231
742.231
742.231
742.231
742.231
742.231
742.231
742.231
742.231
742.231
742.231
742.231
742.231
742.231
742.231
742.231
742.231
742.231
742.231
742.231
742.231
742.231
742.231
742.231
742.231
742.231
742.231
742.231
742.231
742.231
742.231
742.231
742.231
742.231
742.231
742.231
742.231
742.231
742.231
742.231
742.231
742.231
742.231
742.231
742.231
742.231
742.231
742.23
742.23
742.23
742.23
742.23
742.23
742.23
742.23
742.23
742.23
742.23
742.23
742.23
742.23
742.23
742.23
742.23
742.23
742.23
742.23
742.23
742.23
742.23
742.23
742.23
742.23
742.23
742.23
742.23
742.23
742.23
742.23
742.23
742.23
742.23
742.23
742.23
742.23
742.23
742.23
742.23
742.23
742.23
742.23
742.23
742.23
742.23
742.23
742.23
742.23
742.23
742.23
742.23
742.23
742.23
742.23
742.23
742.23
742.23
742.23
742.23
742.23
742.23
742.23
742.23
742.23
742.23
742.23
742.23
742.23
742.23
742.23
742.23
742.23
742.23
742.23
742.23
742.23
742.23
742.23
742.23
742.23
742.23
742.23
742.23
742.23
742.23
742.23
742.23
742.23
742.23
742.23
742.23
742.23
742.23
742.23
742.23
742.23
742.23
742.23
742.23
742.23
742.23
742.23
742.23
742.23
742.23
742.23
742.23
742.23
742.23
742.23
742.23
742.23
742.23
742.23
742.23
742.23
742.23
742.23
742.23
742.23
742.23
742.23
742.23
742.23
742.23
742.23
742.23
742.23
742.23
742.23
742.23
742.23
742.23
742.23
742.23
742.23
742.23
742.23
742.23
742.23
742.23
742.23
742.23
742.23
742.23
742.23
742.23
742.23
742.23
742.23
742.23
742.23
742.23
742.23
742.23
742.23
742.23
742.23
742.23
742.23
742.23
742.23
742.23
742.23
742.23
742.23
742.23
742.23
742.23
742.23
742.23
742.23
742.23
742.23
742.23
742.23
742.23
742.23
742.23
742.23
742.23
742.23
742.23
742.23
742.23
742.23
742.23
742.23
742.23
742.23
742.23
742.23
742.23
742.23
742.23
742.23
742.23
742.23
742.229
742.229
742.229
742.229
742.229
742.229
742.229
742.229
742.229
742.229
742.229
742.229
742.229
742.229
742.229
742.229
742.229
742.229
742.229
742.229
742.229
742.229
742.229
742.229
742.229
742.229
742.229
742.229
742.229
742.229
742.229
742.229
742.229
742.229
742.229
742.229
742.229
742.229
742.229
742.229
742.229
742.229
742.229
742.229
742.229
742.229
742.229
742.229
742.229
742.229
742.229
742.229
742.229
742.229
742.229
742.229
742.229
742.229
742.229
742.229
742.229
742.229
742.229
742.229
742.229
742.229
742.229
742.229
742.229
742.229
742.229
742.229
742.229
742.229
742.229
742.229
742.229
742.229
742.229
742.229
742.229
742.229
742.229
742.229
742.229
742.229
742.229
742.229
742.229
742.229
742.229
742.229
742.229
742.229
742.229
742.229
742.229
742.229
742.229
742.229
742.229
742.229
742.229
742.229
742.229
742.229
742.229
742.229
742.229
742.229
742.229
742.229
742.229
742.229
742.229
742.229
742.229
742.229
742.229
742.229
742.229
742.229
742.229
742.229
742.229
742.229
742.229
742.229
742.229
742.229
742.229
742.229
742.229
742.229
742.229
742.229
742.229
742.229
742.229
742.229
742.229
742.229
742.229
742.229
742.229
742.229
742.229
742.229
742.229
742.229
742.229
742.229
742.229
742.229
742.229
742.229
742.229
742.229
742.229
742.229
742.229
742.229
742.229
742.229
742.229
742.229
742.229
742.229
742.229
742.229
742.229
742.229
742.229
742.229
742.229
742.229
742.229
742.229
742.229
742.229
742.229
742.229
742.229
742.229
742.229
742.229
742.229
742.229
742.229
742.229
742.229
742.229
742.229
742.229
742.229
742.229
742.229
742.229
742.229
742.229
742.229
742.229
742.229
742.229
742.229
742.229
742.229
742.229
742.229
742.229
742.229
742.229
742.229
742.229
742.229
742.229
742.229
742.229
742.229
742.229
742.229
742.229
742.229
742.229
742.229
742.229
742.229
742.229
742.229
742.229
742.229
742.229
742.229
742.229
742.229
742.229
742.229
742.229
742.229
742.229
742.229
742.229
742.229
742.229
742.229
742.229
742.229
742.229
742.229
742.229
742.229
742.229
742.229
742.229
742.229
742.229
742.229
742.229
742.229
742.229
742.229
742.229
742.229
742.229
742.229
742.229
742.229
742.229
742.229
742.229
742.229
742.229
742.229
742.229
742.229
742.229
742.229
742.229
742.229
742.229
742.229
742.229
742.229
742.229
742.229
742.229
742.229
742.229
742.229
742.229
742.229
742.229
742.229
742.229
742.229
742.229
742.229
742.229
742.229
742.229
742.229
742.229
742.229
742.229
742.229
742.229
742.229
742.229
742.229
742.229
742.229
742.229
742.229
742.229
742.229
742.229
742.229
742.229
742.229
742.229
742.229
742.229
742.229
742.229
742.229
742.229
742.229
742.229
742.229
742.229
742.229
742.229
742.229
742.229
742.229
742.229
742.229
742.229
742.229
742.229
742.229
742.229
742.229
742.229
742.229
742.229
742.229
742.229
742.229
742.229
742.229
742.229
742.229
742.229
742.229
742.229
742.229
742.229
742.229
742.229
742.229
742.229
742.229
742.229
742.229
742.229
742.229
742.229
742.229
742.229
742.229
742.229
742.229
742.229
742.229
742.229
742.229
742.229
742.229
742.229
742.229
742.229
742.229
742.229
742.229
742.229
742.229
742.229
742.229
742.229
742.229
742.229
742.229
742.229
742.229
742.229
742.229
742.229
742.229
742.229
742.229
742.229
742.229
742.229
742.229
742.229
742.229
742.229
742.229
742.229
742.229
742.229
742.229
742.229
742.229
742.229
742.229
742.229
742.229
742.229
742.229
742.229
742.229
742.229
742.229
742.229
742.229
742.229
742.229
742.229
742.229
742.229
742.229
742.229
742.229
742.229
742.229
742.229
742.229
742.229
742.229
742.229
742.229
742.229
742.229
742.229
742.229
742.229
742.229
742.229
742.229
742.229
742.229
742.229
742.229
742.229
742.229
742.229
742.229
742.229
742.229
742.229
742.229
742.229
742.229
742.229
742.229
742.229
742.229
742.229
742.229
742.229
742.229
742.229
742.229
742.229
742.229
742.229
742.229
742.229
742.229
742.229
742.229
742.229
742.229
742.229
742.229
742.229
742.229
742.229
742.229
742.229
742.229
742.229
742.229
742.229
742.229
742.229
742.229
742.229
742.229
742.229
742.229
742.229
742.229
742.229
742.229
742.229
742.229
742.229
742.229
742.229
742.229
742.229
742.229
742.229
742.229
742.229
742.229
742.229
742.229
742.229
742.229
742.229
742.229
742.229
742.229
742.229
742.229
742.229
742.229
742.229
742.229
742.229
742.229
742.229
742.229
742.229
742.229
742.229
742.229
742.229
742.229
742.229
742.229
742.229
742.229
742.229
742.229
742.229
742.229
742.229
742.229
742.229
742.229
742.229
742.229
742.229
742.229
742.229
742.229
742.229
742.229
742.229
742.229
742.229
742.229
742.229
742.229
742.229
742.229
742.229
742.229
742.229
742.229
742.229
742.229
742.229
742.229
742.229
742.229
742.229
742.229
742.229
742.229
742.229
742.229
742.229
742.229
742.229
742.229
742.229
742.229
742.229
742.229
742.229
742.229
742.229
742.229
742.229
742.229
742.229
742.229
742.229
742.229
742.229
742.229
742.229
742.229
742.229
742.229
742.229
742.229
742.229
742.229
742.229
742.229
742.229
742.229
742.229
742.229
742.229
742.229
742.229
742.229
742.229
742.229
742.229
742.229
742.229
742.229
742.229
742.229
742.229
742.229
742.229
742.229
742.229
742.229
742.229
742.229
742.229
742.229
742.229
742.229
742.229
742.229
742.229
742.229
742.229
742.229
742.229
742.229
742.229
742.229
742.229
742.229
742.229
742.229
742.229
742.229
742.229
742.229
742.229
742.229
742.229
742.229
742.229
742.229
742.229
742.229
742.229
742.229
742.229
742.229
742.229
742.229
742.229
742.229
742.229
742.229
742.229
742.229
742.229
742.229
742.229
742.229
742.229
742.229
742.229
742.229
742.229
742.229
742.229
742.229
742.229
742.229
742.229
742.229
742.229
742.229
742.229
742.229
742.229
742.229
742.229
742.229
742.229
742.229
742.229
742.229
742.229
742.229
742.229
742.229
742.229
742.229
742.229
742.229
742.229
742.229
742.229
742.229
742.229
742.229
742.229
742.229
742.229
742.229
742.229
742.229
742.229
742.229
742.229
742.229
742.229
742.229
742.229
742.229
742.229
742.229
742.229
742.229
742.229
742.229
742.229
742.229
742.229
742.229
742.229
742.229
742.229
742.229
742.229
742.229
742.229
742.229
742.229
742.229
742.229
742.229
742.229
742.229
742.229
742.229
742.229
742.229
742.229
742.229
742.229
742.229
742.229
742.229
742.229
742.229
742.229
742.229
742.229
742.229
742.229
742.229
742.229
742.229
742.229
742.229
742.229
742.229
742.229
742.229
742.229
742.229
742.229
742.229
742.229
742.229
742.229
742.229
742.229
742.229
742.229
742.229
742.229
742.229
742.229
742.229
742.229
742.229
742.229
742.229
742.229
742.229
742.229
742.229
742.229
742.229
742.229
742.229
742.229
742.229
742.229
742.229
742.229
742.229
742.229
742.229
742.229
742.229
742.229
742.229
742.229
742.229
742.229
742.229
742.229
742.229
742.229
742.229
742.229
742.229
742.229
742.229
742.229
742.229
742.229
742.229
742.229
742.229
742.229
742.229
742.229
742.229
742.229
742.229
742.229
742.229
742.229
742.229
742.229
742.229
742.229
742.229
742.229
742.229
742.229
742.229
742.229
742.229
742.229
742.229
742.229
742.229
742.229
742.229
742.229
742.229
742.229
742.229
742.229
742.229
742.229
742.229
742.229
742.229
742.229
742.229
742.229
742.229
742.229
742.229
742.229
742.229
742.229
742.229
742.229
742.229
742.229
742.229
742.229
742.229
742.229
742.229
742.229
742.229
742.229
742.229
742.229
742.229
742.229
742.229
742.229
742.229
742.229
742.229
742.229
742.229
742.229
742.229
742.229
742.229
742.229
742.229
742.229
742.229
742.229
742.229
742.229
742.229
742.229
742.229
742.229
742.229
742.229
742.229
742.229
742.229
742.229
742.229
742.229
742.229
742.229
742.229
742.229
742.229
742.229
742.229
742.229
742.229
742.229
742.229
742.229
742.229
742.229
742.229
742.229
742.229
742.229
742.229
742.229
742.229
742.229
742.229
742.229
742.229
742.229
742.229
742.229
742.229
742.229
742.229
742.229
742.229
742.229
742.229
742.229
742.229
742.229
742.229
742.229
742.229
742.229
742.229
742.229
742.229
742.229
742.229
742.229
742.229
742.229
742.229
742.229
742.229
742.229
742.229
742.229
742.229
742.229
742.229
742.229
742.229
742.229
742.227
742.227
742.227
742.227
742.227
742.227
742.227
742.227
742.227
742.227
742.227
742.227
742.227
742.227
742.227
742.227
742.227
742.227
742.227
742.227
742.227
742.227
742.227
742.227
742.227
742.227
742.227
742.227
742.227
742.227
742.227
742.227
742.227
742.227
742.227
742.227
742.227
742.227
742.227
742.227
742.227
742.227
742.227
742.227
742.227
742.227
742.227
742.227
742.227
742.227
742.227
742.227
742.227
742.227
742.227
742.227
742.227
742.227
742.227
742.227
742.227
742.227
742.227
742.227
742.227
742.227
742.227
742.227
742.227
742.227
742.227
742.227
742.227
742.227
742.227
742.227
742.227
742.227
742.227
742.227
742.227
742.227
742.227
742.227
742.227
742.227
742.227
742.227
742.227
742.227
742.227
742.227
742.227
742.227
742.227
742.227
742.227
742.227
742.227
742.227
742.227
742.227
742.227
742.227
742.227
742.227
742.227
742.227
742.227
742.227
742.227
742.227
742.227
742.227
742.227
742.227
742.227
742.227
742.227
742.227
742.227
742.227
742.227
742.227
742.227
742.227
742.227
742.227
742.227
742.227
742.227
742.227
742.227
742.227
742.227
742.227
742.227
742.227
742.227
742.227
742.227
742.227
742.227
742.227
742.227
742.227
742.227
742.227
742.227
742.227
742.227
742.227
742.227
742.227
742.227
742.227
742.227
742.227
742.227
742.227
742.227
742.227
742.227
742.227
742.227
742.227
742.227
742.227
742.227
742.227
742.227
742.227
742.227
742.227
742.227
742.227
742.227
742.227
742.227
742.227
742.227
742.227
742.227
742.227
742.227
742.227
742.227
742.227
742.227
742.227
742.227
742.227
742.227
742.227
742.227
742.227
742.227
742.227
742.227
742.227
742.223
742.223
742.223
742.223
742.223
742.223
742.223
742.223
742.223
742.223
742.223
742.223
742.223
742.223
742.223
742.223
742.223
742.223
742.223
742.223
742.223
742.223
742.223
742.223
742.223
742.223
742.223
742.223
742.223
742.223
742.223
742.223
742.223
742.223
742.223
742.223
742.223
742.223
742.223
742.223
742.223
742.223
742.223
742.223
742.223
742.223
742.223
742.223
742.223
742.223
742.223
742.223
742.223
742.223
742.223
742.223
742.223
742.223
742.223
742.223
742.223
742.223
742.223
742.223
742.223
742.223
742.223
742.223
742.223
742.223
742.223
742.223
742.223
742.223
742.223
742.223
742.223
742.223
742.223
742.223
742.223
742.223
742.223
742.223
742.223
742.223
742.223
742.223
742.223
742.223
742.223
742.223
742.223
742.223
742.223
742.223
742.223
742.223
742.223
742.223
742.223
742.223
742.223
742.223
742.223
742.223
742.223
742.223
742.223
742.223
742.223
742.223
742.223
742.223
742.223
742.223
742.223
742.223
742.223
742.223
742.223
742.223
742.223
742.223
742.223
742.223
742.223
742.223
742.223
742.223
742.223
742.223
742.223
742.223
742.223
742.223
742.223
742.223
742.223
742.223
742.223
742.223
742.223
742.223
742.223
742.223
742.223
742.223
742.223
742.223
742.223
742.223
742.223
742.223
742.223
742.223
742.223
742.223
742.223
742.223
742.223
742.223
742.223
742.223
742.223
742.223
742.223
742.223
742.223
742.223
742.223
742.223
742.223
742.223
742.223
742.223
742.223
742.223
742.223
742.223
742.223
742.223
742.223
742.223
742.223
742.223
742.223
742.223
742.223
742.223
742.223
742.223
742.223
742.223
742.223
742.223
742.223
742.223
742.223
742.223
742.214
742.214
742.214
742.214
742.214
742.214
742.214
742.214
742.214
742.214
742.214
742.214
742.214
742.214
742.214
742.214
742.214
742.214
742.214
742.214
742.214
742.214
742.214
742.214
742.214
742.214
742.214
742.214
742.214
742.214
742.214
742.214
742.214
742.214
742.214
742.214
742.214
742.214
742.214
742.214
742.214
742.214
742.214
742.214
742.214
742.214
742.214
742.214
742.214
742.214
742.214
742.214
742.214
742.214
742.214
742.214
742.214
742.214
742.214
742.214
742.214
742.214
742.214
742.214
742.214
742.214
742.214
742.214
742.214
742.214
742.214
742.214
742.214
742.214
742.214
742.214
742.214
742.214
742.214
742.214
742.214
742.214
742.214
742.214
742.214
742.214
742.214
742.214
742.214
742.214
742.214
742.214
742.214
742.214
742.214
742.214
742.214
742.214
742.214
742.214
742.214
742.214
742.214
742.214
742.214
742.214
742.214
742.214
742.214
742.214
742.214
742.214
742.214
742.214
742.214
742.214
742.214
742.214
742.214
742.214
742.214
742.214
742.214
742.214
742.214
742.214
742.214
742.214
742.214
742.214
742.214
742.214
742.214
742.214
742.214
742.214
742.214
742.214
742.214
742.214
742.214
742.214
742.214
742.214
742.214
742.214
742.214
742.214
742.214
742.214
742.214
742.214
742.214
742.214
742.214
742.214
742.214
742.214
742.214
742.214
742.214
742.214
742.214
742.214
742.214
742.214
742.214
742.214
742.214
742.214
742.214
742.214
742.214
742.214
742.214
742.214
742.214
742.214
742.214
742.214
742.214
742.214
742.214
742.214
742.214
742.214
742.214
742.214
742.214
742.214
742.214
742.214
742.214
742.214
742.214
742.214
742.214
742.214
742.214
742.214
742.193
742.193
742.193
742.193
742.193
742.193
742.193
742.193
742.193
742.193
742.193
742.193
742.193
742.193
742.193
742.193
742.193
742.193
742.193
742.193
742.193
742.193
742.193
742.193
742.193
742.193
742.193
742.193
742.193
742.193
742.193
742.193
742.193
742.193
742.193
742.193
742.193
742.193
742.193
742.193
742.193
742.193
742.193
742.193
742.193
742.193
742.193
742.193
742.193
742.193
742.193
742.193
742.193
742.193
742.193
742.193
742.193
742.193
742.193
742.193
742.193
742.193
742.193
742.193
742.193
742.193
742.193
742.193
742.193
742.193
742.193
742.193
742.193
742.193
742.193
742.193
742.193
742.193
742.193
742.193
742.193
742.193
742.193
742.193
742.193
742.193
742.193
742.193
742.193
742.193
742.193
742.193
742.193
742.193
742.193
742.193
742.193
742.193
742.193
742.193
742.193
742.193
742.193
742.193
742.193
742.193
742.193
742.193
742.193
742.193
742.193
742.193
742.193
742.193
742.193
742.193
742.193
742.193
742.193
742.193
742.193
742.193
742.193
742.193
742.193
742.193
742.193
742.193
742.193
742.193
742.193
742.193
742.193
742.193
742.193
742.193
742.193
742.193
742.193
742.193
742.193
742.193
742.193
742.193
742.193
742.193
742.193
742.193
742.193
742.193
742.193
742.193
742.193
742.193
742.193
742.193
742.193
742.193
742.193
742.193
742.193
742.193
742.193
742.193
742.193
742.193
742.193
742.193
742.193
742.193
742.193
742.193
742.193
742.193
742.193
742.193
742.193
742.193
742.193
742.193
742.193
742.193
742.193
742.193
742.193
742.193
742.193
742.193
742.193
742.193
742.193
742.193
742.193
742.193
742.193
742.193
742.193
742.193
742.193
742.193
742.152
742.152
742.152
742.152
742.152
742.152
742.152
742.152
742.152
742.152
742.152
742.152
742.152
742.152
742.152
742.152
742.152
742.152
742.152
742.152
742.152
742.152
742.152
742.152
742.152
742.152
742.152
742.152
742.152
742.152
742.152
742.152
742.152
742.152
742.152
742.152
742.152
742.152
742.152
742.152
742.152
742.152
742.152
742.152
742.152
742.152
742.152
742.152
742.152
742.152
742.152
742.152
742.152
742.152
742.152
742.152
742.152
742.152
742.152
742.152
742.152
742.152
742.152
742.152
742.152
742.152
742.152
742.152
742.152
742.152
742.152
742.152
742.152
742.152
742.152
742.152
742.152
742.152
742.152
742.152
742.152
742.152
742.152
742.152
742.152
742.152
742.152
742.152
742.152
742.152
742.152
742.152
742.152
742.152
742.152
742.152
742.152
742.152
742.152
742.152
742.152
742.152
742.152
742.152
742.152
742.152
742.152
742.152
742.152
742.152
742.152
742.152
742.152
742.152
742.152
742.152
742.152
742.152
742.152
742.152
742.152
742.152
742.152
742.152
742.152
742.152
742.152
742.152
742.152
742.152
742.152
742.152
742.152
742.152
742.152
742.152
742.152
742.152
742.152
742.152
742.152
742.152
742.152
742.152
742.152
742.152
742.152
742.152
742.152
742.152
742.152
742.152
742.152
742.152
742.152
742.152
742.152
742.152
742.152
742.152
742.152
742.152
742.152
742.152
742.152
742.152
742.152
742.152
742.152
742.152
742.152
742.152
742.152
742.152
742.152
742.152
742.152
742.152
742.152
742.152
742.152
742.152
742.152
742.152
742.152
742.152
742.152
742.152
742.152
742.152
742.152
742.152
742.152
742.152
742.152
742.152
742.152
742.152
742.152
742.152
742.076
742.076
742.076
742.076
742.076
742.076
742.076
742.076
742.076
742.076
742.076
742.076
742.076
742.076
742.076
742.076
742.076
742.076
742.076
742.076
742.076
742.076
742.076
742.076
742.076
742.076
742.076
742.076
742.076
742.076
742.076
742.076
742.076
742.076
742.076
742.076
742.076
742.076
742.076
742.076
742.076
742.076
742.076
742.076
742.076
742.076
742.076
742.076
742.076
742.076
742.076
742.076
742.076
742.076
742.076
742.076
742.076
742.076
742.076
742.076
742.076
742.076
742.076
742.076
742.076
742.076
742.076
742.076
742.076
742.076
742.076
742.076
742.076
742.076
742.076
742.076
742.076
742.076
742.076
742.076
742.076
742.076
742.076
742.076
742.076
742.076
742.076
742.076
742.076
742.076
742.076
742.076
742.076
742.076
742.076
742.076
742.076
742.076
742.076
742.076
742.076
742.076
742.076
742.076
742.076
742.076
742.076
742.076
742.076
742.076
742.076
742.076
742.076
742.076
742.076
742.076
742.076
742.076
742.076
742.076
742.076
742.076
742.076
742.076
742.076
742.076
742.076
742.076
742.076
742.076
742.076
742.076
742.076
742.076
742.076
742.076
742.076
742.076
742.076
742.076
742.076
742.076
742.076
742.076
742.076
742.076
742.076
742.076
742.076
742.076
742.076
742.076
742.076
742.076
742.076
742.076
742.076
742.076
742.076
742.076
742.076
742.076
742.076
742.076
742.076
742.076
742.076
742.076
742.076
742.076
742.076
742.076
742.076
742.076
742.076
742.076
742.076
742.076
742.076
742.076
742.076
742.076
742.076
742.076
742.076
742.076
742.076
742.076
742.076
742.076
742.076
742.076
742.076
742.076
742.076
742.076
742.076
742.076
742.076
742.076
741.939
741.939
741.939
741.939
741.939
741.939
741.939
741.939
741.939
741.939
741.939
741.939
741.939
741.939
741.939
741.939
741.939
741.939
741.939
741.939
741.939
741.939
741.939
741.939
741.939
741.939
741.939
741.939
741.939
741.939
741.939
741.939
741.939
741.939
741.939
741.939
741.939
741.939
741.939
741.939
741.939
741.939
741.939
741.939
741.939
741.939
741.939
741.939
741.939
741.939
741.939
741.939
741.939
741.939
741.939
741.939
741.939
741.939
741.939
741.939
741.939
741.939
741.939
741.939
741.939
741.939
741.939
741.939
741.939
741.939
741.939
741.939
741.939
741.939
741.939
741.939
741.939
741.939
741.939
741.939
741.939
741.939
741.939
741.939
741.939
741.939
741.939
741.939
741.939
741.939
741.939
741.939
741.939
741.939
741.939
741.939
741.939
741.939
741.939
741.939
741.939
741.939
741.939
741.939
741.939
741.939
741.939
741.939
741.939
741.939
741.939
741.939
741.939
741.939
741.939
741.939
741.939
741.939
741.939
741.939
741.939
741.939
741.939
741.939
741.939
741.939
741.939
741.939
741.939
741.939
741.939
741.939
741.939
741.939
741.939
741.939
741.939
741.939
741.939
741.939
741.939
741.939
741.939
741.939
741.939
741.939
741.939
741.939
741.939
741.939
741.939
741.939
741.939
741.939
741.939
741.939
741.939
741.939
741.939
741.939
741.939
741.939
741.939
741.939
741.939
741.939
741.939
741.939
741.939
741.939
741.939
741.939
741.939
741.939
741.939
741.939
741.939
741.939
741.939
741.939
741.939
741.939
741.939
741.939
741.939
741.939
741.939
741.939
741.939
741.939
741.939
741.939
741.939
741.939
741.939
741.939
741.939
741.939
741.939
741.939
741.706
741.706
741.706
741.706
741.706
741.706
741.706
741.706
741.706
741.706
741.706
741.706
741.706
741.706
741.706
741.706
741.706
741.706
741.706
741.706
741.706
741.706
741.706
741.706
741.706
741.706
741.706
741.706
741.706
741.706
741.706
741.706
741.706
741.706
741.706
741.706
741.706
741.706
741.706
741.706
741.706
741.706
741.706
741.706
741.706
741.706
741.706
741.706
741.706
741.706
741.706
741.706
741.706
741.706
741.706
741.706
741.706
741.706
741.706
741.706
741.706
741.706
741.706
741.706
741.706
741.706
741.706
741.706
741.706
741.706
741.706
741.706
741.706
741.706
741.706
741.706
741.706
741.706
741.706
741.706
741.706
741.706
741.706
741.706
741.706
741.706
741.706
741.706
741.706
741.706
741.706
741.706
741.706
741.706
741.706
741.706
741.706
741.706
741.706
741.706
741.706
741.706
741.706
741.706
741.706
741.706
741.706
741.706
741.706
741.706
741.706
741.706
741.706
741.706
741.706
741.706
741.706
741.706
741.706
741.706
741.706
741.706
741.706
741.706
741.706
741.706
741.706
741.706
741.706
741.706
741.706
741.706
741.706
741.706
741.706
741.706
741.706
741.706
741.706
741.706
741.706
741.706
741.706
741.706
741.706
741.706
741.706
741.706
741.706
741.706
741.706
741.706
741.706
741.706
741.706
741.706
741.706
741.706
741.706
741.706
741.706
741.706
741.706
741.706
741.706
741.706
741.706
741.706
741.706
741.706
741.706
741.706
741.706
741.706
741.706
741.706
741.706
741.706
741.706
741.706
741.706
741.706
741.706
741.706
741.706
741.706
741.706
741.706
741.706
741.706
741.706
741.706
741.706
741.706
741.706
741.706
741.706
741.706
741.706
741.706
741.324
741.324
741.324
741.324
741.324
741.324
741.324
741.324
741.324
741.324
741.324
741.324
741.324
741.324
741.324
741.324
741.324
741.324
741.324
741.324
741.324
741.324
741.324
741.324
741.324
741.324
741.324
741.324
741.324
741.324
741.324
741.324
741.324
741.324
741.324
741.324
741.324
741.324
741.324
741.324
741.324
741.324
741.324
741.324
741.324
741.324
741.324
741.324
741.324
741.324
741.324
741.324
741.324
741.324
741.324
741.324
741.324
741.324
741.324
741.324
741.324
741.324
741.324
741.324
741.324
741.324
741.324
741.324
741.324
741.324
741.324
741.324
741.324
741.324
741.324
741.324
741.324
741.324
741.324
741.324
741.324
741.324
741.324
741.324
741.324
741.324
741.324
741.324
741.324
741.324
741.324
741.324
741.324
741.324
741.324
741.324
741.324
741.324
741.324
741.324
741.324
741.324
741.324
741.324
741.324
741.324
741.324
741.324
741.324
741.324
741.324
741.324
741.324
741.324
741.324
741.324
741.324
741.324
741.324
741.324
741.324
741.324
741.324
741.324
741.324
741.324
741.324
741.324
741.324
741.324
741.324
741.324
741.324
741.324
741.324
741.324
741.324
741.324
741.324
741.324
741.324
741.324
741.324
741.324
741.324
741.324
741.324
741.324
741.324
741.324
741.324
741.324
741.324
741.324
741.324
741.324
741.324
741.324
741.324
741.324
741.324
741.324
741.324
741.324
741.324
741.324
741.324
741.324
741.324
741.324
741.324
741.324
741.324
741.324
741.324
741.324
741.324
741.324
741.324
741.324
741.324
741.324
741.324
741.324
741.324
741.324
741.324
741.324
741.324
741.324
741.324
741.324
741.324
741.324
741.324
741.324
741.324
741.324
741.324
741.324
740.725
740.725
740.725
740.725
740.725
740.725
740.725
740.725
740.725
740.725
740.725
740.725
740.725
740.725
740.725
740.725
740.725
740.725
740.725
740.725
740.725
740.725
740.725
740.725
740.725
740.725
740.725
740.725
740.725
740.725
740.725
740.725
740.725
740.725
740.725
740.725
740.725
740.725
740.725
740.725
740.725
740.725
740.725
740.725
740.725
740.725
740.725
740.725
740.725
740.725
740.725
740.725
740.725
740.725
740.725
740.725
740.725
740.725
740.725
740.725
740.725
740.725
740.725
740.725
740.725
740.725
740.725
740.725
740.725
740.725
740.725
740.725
740.725
740.725
740.725
740.725
740.725
740.725
740.725
740.725
740.725
740.725
740.725
740.725
740.725
740.725
740.725
740.725
740.725
740.725
740.725
740.725
740.725
740.725
740.725
740.725
740.725
740.725
740.725
740.725
740.725
740.725
740.725
740.725
740.725
740.725
740.725
740.725
740.725
740.725
740.725
740.725
740.725
740.725
740.725
740.725
740.725
740.725
740.725
740.725
740.725
740.725
740.725
740.725
740.725
740.725
740.725
740.725
740.725
740.725
740.725
740.725
740.725
740.725
740.725
740.725
740.725
740.725
740.725
740.725
740.725
740.725
740.725
740.725
740.725
740.725
740.725
740.725
740.725
740.725
740.725
740.725
740.725
740.725
740.725
740.725
740.725
740.725
740.725
740.725
740.725
740.725
740.725
740.725
740.725
740.725
740.725
740.725
740.725
740.725
740.725
740.725
740.725
740.725
740.725
740.725
740.725
740.725
740.725
740.725
740.725
740.725
740.725
740.725
740.725
740.725
740.725
740.725
740.725
740.725
740.725
740.725
740.725
740.725
740.725
740.725
740.725
740.725
740.725
740.725
739.823
739.823
739.823
739.823
739.823
739.823
739.823
739.823
739.823
739.823
739.823
739.823
739.823
739.823
739.823
739.823
739.823
739.823
739.823
739.823
739.823
739.823
739.823
739.823
739.823
739.823
739.823
739.823
739.823
739.823
739.823
739.823
739.823
739.823
739.823
739.823
739.823
739.823
739.823
739.823
739.823
739.823
739.823
739.823
739.823
739.823
739.823
739.823
739.823
739.823
739.823
739.823
739.823
739.823
739.823
739.823
739.823
739.823
739.823
739.823
739.823
739.823
739.823
739.823
739.823
739.823
739.823
739.823
739.823
739.823
739.823
739.823
739.823
739.823
739.823
739.823
739.823
739.823
739.823
739.823
739.823
739.823
739.823
739.823
739.823
739.823
739.823
739.823
739.823
739.823
739.823
739.823
739.823
739.823
739.823
739.823
739.823
739.823
739.823
739.823
739.823
739.823
739.823
739.823
739.823
739.823
739.823
739.823
739.823
739.823
739.823
739.823
739.823
739.823
739.823
739.823
739.823
739.823
739.823
739.823
739.823
739.823
739.823
739.823
739.823
739.823
739.823
739.823
739.823
739.823
739.823
739.823
739.823
739.823
739.823
739.823
739.823
739.823
739.823
739.823
739.823
739.823
739.823
739.823
739.823
739.823
739.823
739.823
739.823
739.823
739.823
739.823
739.823
739.823
739.823
739.823
739.823
739.823
739.823
739.823
739.823
739.823
739.823
739.823
739.823
739.823
739.823
739.823
739.823
739.823
739.823
739.823
739.823
739.823
739.823
739.823
739.823
739.823
739.823
739.823
739.823
739.823
739.823
739.823
739.823
739.823
739.823
739.823
739.823
739.823
739.823
739.823
739.823
739.823
739.823
739.823
739.823
739.823
739.823
739.823
738.519
738.519
738.519
738.519
738.519
738.519
738.519
738.519
738.519
738.519
738.519
738.519
738.519
738.519
738.519
738.519
738.519
738.519
738.519
738.519
738.519
738.519
738.519
738.519
738.519
738.519
738.519
738.519
738.519
738.519
738.519
738.519
738.519
738.519
738.519
738.519
738.519
738.519
738.519
738.519
738.519
738.519
738.519
738.519
738.519
738.519
738.519
738.519
738.519
738.519
738.519
738.519
738.519
738.519
738.519
738.519
738.519
738.519
738.519
738.519
738.519
738.519
738.519
738.519
738.519
738.519
738.519
738.519
738.519
738.519
738.519
738.519
738.519
738.519
738.519
738.519
738.519
738.519
738.519
738.519
738.519
738.519
738.519
738.519
738.519
738.519
738.519
738.519
738.519
738.519
738.519
738.519
738.519
738.519
738.519
738.519
738.519
738.519
738.519
738.519
738.519
738.519
738.519
738.519
738.519
738.519
738.519
738.519
738.519
738.519
738.519
738.519
738.519
738.519
738.519
738.519
738.519
738.519
738.519
738.519
738.519
738.519
738.519
738.519
738.519
738.519
738.519
738.519
738.519
738.519
738.519
738.519
738.519
738.519
738.519
738.519
738.519
738.519
738.519
738.519
738.519
738.519
738.519
738.519
738.519
738.519
738.519
738.519
738.519
738.519
738.519
738.519
738.519
738.519
738.519
738.519
738.519
738.519
738.519
738.519
738.519
738.519
738.519
738.519
738.519
738.519
738.519
738.519
738.519
738.519
738.519
738.519
738.519
738.519
738.519
738.519
738.519
738.519
738.519
738.519
738.519
738.519
738.519
738.519
738.519
738.519
738.519
738.519
738.519
738.519
738.519
738.519
738.519
738.519
738.519
738.519
738.519
738.519
738.519
738.519
736.713
736.713
736.713
736.713
736.713
736.713
736.713
736.713
736.713
736.713
736.713
736.713
736.713
736.713
736.713
736.713
736.713
736.713
736.713
736.713
736.713
736.713
736.713
736.713
736.713
736.713
736.713
736.713
736.713
736.713
736.713
736.713
736.713
736.713
736.713
736.713
736.713
736.713
736.713
736.713
736.713
736.713
736.713
736.713
736.713
736.713
736.713
736.713
736.713
736.713
736.713
736.713
736.713
736.713
736.713
736.713
736.713
736.713
736.713
736.713
736.713
736.713
736.713
736.713
736.713
736.713
736.713
736.713
736.713
736.713
736.713
736.713
736.713
736.713
736.713
736.713
736.713
736.713
736.713
736.713
736.713
736.713
736.713
736.713
736.713
736.713
736.713
736.713
736.713
736.713
736.713
736.713
736.713
736.713
736.713
736.713
736.713
736.713
736.713
736.713
736.713
736.713
736.713
736.713
736.713
736.713
736.713
736.713
736.713
736.713
736.713
736.713
736.713
736.713
736.713
736.713
736.713
736.713
736.713
736.713
736.713
736.713
736.713
736.713
736.713
736.713
736.713
736.713
736.713
736.713
736.713
736.713
736.713
736.713
736.713
736.713
736.713
736.713
736.713
736.713
736.713
736.713
736.713
736.713
736.713
736.713
736.713
736.713
736.713
736.713
736.713
736.713
736.713
736.713
736.713
736.713
736.713
736.713
736.713
736.713
736.713
736.713
736.713
736.713
736.713
736.713
736.713
736.713
736.713
736.713
736.713
736.713
736.713
736.713
736.713
736.713
736.713
736.713
736.713
736.713
736.713
736.713
736.713
736.713
736.713
736.713
736.713
736.713
736.713
736.713
736.713
736.713
736.713
736.713
736.713
736.713
736.713
736.713
736.713
736.713
734.315
734.315
734.315
734.315
734.315
734.315
734.315
734.315
734.315
734.315
734.315
734.315
734.315
734.315
734.315
734.315
734.315
734.315
734.315
734.315
734.315
734.315
734.315
734.315
734.315
734.315
734.315
734.315
734.315
734.315
734.315
734.315
734.315
734.315
734.315
734.315
734.315
734.315
734.315
734.315
734.315
734.315
734.315
734.315
734.315
734.315
734.315
734.315
734.315
734.315
734.315
734.315
734.315
734.315
734.315
734.315
734.315
734.315
734.315
734.315
734.315
734.315
734.315
734.315
734.315
734.315
734.315
734.315
734.315
734.315
734.315
734.315
734.315
734.315
734.315
734.315
734.315
734.315
734.315
734.315
734.315
734.315
734.315
734.315
734.315
734.315
734.315
734.315
734.315
734.315
734.315
734.315
734.315
734.315
734.315
734.315
734.315
734.315
734.315
734.315
734.315
734.315
734.315
734.315
734.315
734.315
734.315
734.315
734.315
734.315
734.315
734.315
734.315
734.315
734.315
734.315
734.315
734.315
734.315
734.315
734.315
734.315
734.315
734.315
734.315
734.315
734.315
734.315
734.315
734.315
734.315
734.315
734.315
734.315
734.315
734.315
734.315
734.315
734.315
734.315
734.315
734.315
734.315
734.315
734.315
734.315
734.315
734.315
734.315
734.315
734.315
734.315
734.315
734.315
734.315
734.315
734.315
734.315
734.315
734.315
734.315
734.315
734.315
734.315
734.315
734.315
734.315
734.315
734.315
734.315
734.315
734.315
734.315
734.315
734.315
734.315
734.315
734.315
734.315
734.315
734.315
734.315
734.315
734.315
734.315
734.315
734.315
734.315
734.315
734.315
734.315
734.315
734.315
734.315
734.315
734.315
734.315
734.315
734.315
734.315
731.263
731.263
731.263
731.263
731.263
731.263
731.263
731.263
731.263
731.263
731.263
731.263
731.263
731.263
731.263
731.263
731.263
731.263
731.263
731.263
731.263
731.263
731.263
731.263
731.263
731.263
731.263
731.263
731.263
731.263
731.263
731.263
731.263
731.263
731.263
731.263
731.263
731.263
731.263
731.263
731.263
731.263
731.263
731.263
731.263
731.263
731.263
731.263
731.263
731.263
731.263
731.263
731.263
731.263
731.263
731.263
731.263
731.263
731.263
731.263
731.263
731.263
731.263
731.263
731.263
731.263
731.263
731.263
731.263
731.263
731.263
731.263
731.263
731.263
731.263
731.263
731.263
731.263
731.263
731.263
731.263
731.263
731.263
731.263
731.263
731.263
731.263
731.263
731.263
731.263
731.263
731.263
731.263
731.263
731.263
731.263
731.263
731.263
731.263
731.263
731.263
731.263
731.263
731.263
731.263
731.263
731.263
731.263
731.263
731.263
731.263
731.263
731.263
731.263
731.263
731.263
731.263
731.263
731.263
731.263
731.263
731.263
731.263
731.263
731.263
731.263
731.263
731.263
731.263
731.263
731.263
731.263
731.263
731.263
731.263
731.263
731.263
731.263
731.263
731.263
731.263
731.263
731.263
731.263
731.263
731.263
731.263
731.263
731.263
731.263
731.263
731.263
731.263
731.263
731.263
731.263
731.263
731.263
731.263
731.263
731.263
731.263
731.263
731.263
731.263
731.263
731.263
731.263
731.263
731.263
731.263
731.263
731.263
731.263
731.263
731.263
731.263
731.263
731.263
731.263
731.263
731.263
731.263
731.263
731.263
731.263
731.263
731.263
731.263
731.263
731.263
731.263
731.263
731.263
731.263
731.263
731.263
731.263
731.263
731.263
727.543
727.543
727.543
727.543
727.543
727.543
727.543
727.543
727.543
727.543
727.543
727.543
727.543
727.543
727.543
727.543
727.543
727.543
727.543
727.543
727.543
727.543
727.543
727.543
727.543
727.543
727.543
727.543
727.543
727.543
727.543
727.543
727.543
727.543
727.543
727.543
727.543
727.543
727.543
727.543
727.543
727.543
727.543
727.543
727.543
727.543
727.543
727.543
727.543
727.543
727.543
727.543
727.543
727.543
727.543
727.543
727.543
727.543
727.543
727.543
727.543
727.543
727.543
727.543
727.543
727.543
727.543
727.543
727.543
727.543
727.543
727.543
727.543
727.543
727.543
727.543
727.543
727.543
727.543
727.543
727.543
727.543
727.543
727.543
727.543
727.543
727.543
727.543
727.543
727.543
727.543
727.543
727.543
727.543
727.543
727.543
727.543
727.543
727.543
727.543
727.543
727.543
727.543
727.543
727.543
727.543
727.543
727.543
727.543
727.543
727.543
727.543
727.543
727.543
727.543
727.543
727.543
727.543
727.543
727.543
727.543
727.543
727.543
727.543
727.543
727.543
727.543
727.543
727.543
727.543
727.543
727.543
727.543
727.543
727.543
727.543
727.543
727.543
727.543
727.543
727.543
727.543
727.543
727.543
727.543
727.543
727.543
727.543
727.543
727.543
727.543
727.543
727.543
727.543
727.543
727.543
727.543
727.543
727.543
727.543
727.543
727.543
727.543
727.543
727.543
727.543
727.543
727.543
727.543
727.543
727.543
727.543
727.543
727.543
727.543
727.543
727.543
727.543
727.543
727.543
727.543
727.543
727.543
727.543
727.543
727.543
727.543
727.543
727.543
727.543
727.543
727.543
727.543
727.543
727.543
727.543
727.543
727.543
727.543
727.543
723.203
723.203
723.203
723.203
723.203
723.203
723.203
723.203
723.203
723.203
723.203
723.203
723.203
723.203
723.203
723.203
723.203
723.203
723.203
723.203
723.203
723.203
723.203
723.203
723.203
723.203
723.203
723.203
723.203
723.203
723.203
723.203
723.203
723.203
723.203
723.203
723.203
723.203
723.203
723.203
723.203
723.203
723.203
723.203
723.203
723.203
723.203
723.203
723.203
723.203
723.203
723.203
723.203
723.203
723.203
723.203
723.203
723.203
723.203
723.203
723.203
723.203
723.203
723.203
723.203
723.203
723.203
723.203
723.203
723.203
723.203
723.203
723.203
723.203
723.203
723.203
723.203
723.203
723.203
723.203
723.203
723.203
723.203
723.203
723.203
723.203
723.203
723.203
723.203
723.203
723.203
723.203
723.203
723.203
723.203
723.203
723.203
723.203
723.203
723.203
723.203
723.203
723.203
723.203
723.203
723.203
723.203
723.203
723.203
723.203
723.203
723.203
723.203
723.203
723.203
723.203
723.203
723.203
723.203
723.203
723.203
723.203
723.203
723.203
723.203
723.203
723.203
723.203
723.203
723.203
723.203
723.203
723.203
723.203
723.203
723.203
723.203
723.203
723.203
723.203
723.203
723.203
723.203
723.203
723.203
723.203
723.203
723.203
723.203
723.203
723.203
723.203
723.203
723.203
723.203
723.203
723.203
723.203
723.203
723.203
723.203
723.203
723.203
723.203
723.203
723.203
723.203
723.203
723.203
723.203
723.203
723.203
723.203
723.203
723.203
723.203
723.203
723.203
723.203
723.203
723.203
723.203
723.203
723.203
723.203
723.203
723.203
723.203
723.203
723.203
723.203
723.203
723.203
723.203
723.203
723.203
723.203
723.203
723.203
723.203
718.359
718.359
718.359
718.359
718.359
718.359
718.359
718.359
718.359
718.359
718.359
718.359
718.359
718.359
718.359
718.359
718.359
718.359
718.359
718.359
718.359
718.359
718.359
718.359
718.359
718.359
718.359
718.359
718.359
718.359
718.359
718.359
718.359
718.359
718.359
718.359
718.359
718.359
718.359
718.359
718.359
718.359
718.359
718.359
718.359
718.359
718.359
718.359
718.359
718.359
718.359
718.359
718.359
718.359
718.359
718.359
718.359
718.359
718.359
718.359
718.359
718.359
718.359
718.359
718.359
718.359
718.359
718.359
718.359
718.359
718.359
718.359
718.359
718.359
718.359
718.359
718.359
718.359
718.359
718.359
718.359
718.359
718.359
718.359
718.359
718.359
718.359
718.359
718.359
718.359
718.359
718.359
718.359
718.359
718.359
718.359
718.359
718.359
718.359
718.359
718.359
718.359
718.359
718.359
718.359
718.359
718.359
718.359
718.359
718.359
718.359
718.359
718.359
718.359
718.359
718.359
718.359
718.359
718.359
718.359
718.359
718.359
718.359
718.359
718.359
718.359
718.359
718.359
718.359
718.359
718.359
718.359
718.359
718.359
718.359
718.359
718.359
718.359
718.359
718.359
718.359
718.359
718.359
718.359
718.359
718.359
718.359
718.359
718.359
718.359
718.359
718.359
718.359
718.359
718.359
718.359
718.359
718.359
718.359
718.359
718.359
718.359
718.359
718.359
718.359
718.359
718.359
718.359
718.359
718.359
718.359
718.359
718.359
718.359
718.359
718.359
718.359
718.359
718.359
718.359
718.359
718.359
718.359
718.359
718.359
718.359
718.359
718.359
718.359
718.359
718.359
718.359
718.359
718.359
718.359
718.359
718.359
718.359
718.359
718.359
713.188
713.188
713.188
713.188
713.188
713.188
713.188
713.188
713.188
713.188
713.188
713.188
713.188
713.188
713.188
713.188
713.188
713.188
713.188
713.188
713.188
713.188
713.188
713.188
713.188
713.188
713.188
713.188
713.188
713.188
713.188
713.188
713.188
713.188
713.188
713.188
713.188
713.188
713.188
713.188
713.188
713.188
713.188
713.188
713.188
713.188
713.188
713.188
713.188
713.188
713.188
713.188
713.188
713.188
713.188
713.188
713.188
713.188
713.188
713.188
713.188
713.188
713.188
713.188
713.188
713.188
713.188
713.188
713.188
713.188
713.188
713.188
713.188
713.188
713.188
713.188
713.188
713.188
713.188
713.188
713.188
713.188
713.188
713.188
713.188
713.188
713.188
713.188
713.188
713.188
713.188
713.188
713.188
713.188
713.188
713.188
713.188
713.188
713.188
713.188
713.188
713.188
713.188
713.188
713.188
713.188
713.188
713.188
713.188
713.188
713.188
713.188
713.188
713.188
713.188
713.188
713.188
713.188
713.188
713.188
713.188
713.188
713.188
713.188
713.188
713.188
713.188
713.188
713.188
713.188
713.188
713.188
713.188
713.188
713.188
713.188
713.188
713.188
713.188
713.188
713.188
713.188
713.188
713.188
713.188
713.188
713.188
713.188
713.188
713.188
713.188
713.188
713.188
713.188
713.188
713.188
713.188
713.188
713.188
713.188
713.188
713.188
713.188
713.188
713.188
713.188
713.188
713.188
713.188
713.188
713.188
713.188
713.188
713.188
713.188
713.188
713.188
713.188
713.188
713.188
713.188
713.188
713.188
713.188
713.188
713.188
713.188
713.188
713.188
713.188
713.188
713.188
713.188
713.188
713.188
713.188
713.188
713.188
713.188
713.188
707.914
707.914
707.914
707.914
707.914
707.914
707.914
707.914
707.914
707.914
707.914
707.914
707.914
707.914
707.914
707.914
707.914
707.914
707.914
707.914
707.914
707.914
707.914
707.914
707.914
707.914
707.914
707.914
707.914
707.914
707.914
707.914
707.914
707.914
707.914
707.914
707.914
707.914
707.914
707.914
707.914
707.914
707.914
707.914
707.914
707.914
707.914
707.914
707.914
707.914
707.914
707.914
707.914
707.914
707.914
707.914
707.914
707.914
707.914
707.914
707.914
707.914
707.914
707.914
707.914
707.914
707.914
707.914
707.914
707.914
707.914
707.914
707.914
707.914
707.914
707.914
707.914
707.914
707.914
707.914
707.914
707.914
707.914
707.914
707.914
707.914
707.914
707.914
707.914
707.914
707.914
707.914
707.914
707.914
707.914
707.914
707.914
707.914
707.914
707.914
707.914
707.914
707.914
707.914
707.914
707.914
707.914
707.914
707.914
707.914
707.914
707.914
707.914
707.914
707.914
707.914
707.914
707.914
707.914
707.914
707.914
707.914
707.914
707.914
707.914
707.914
707.914
707.914
707.914
707.914
707.914
707.914
707.914
707.914
707.914
707.914
707.914
707.914
707.914
707.914
707.914
707.914
707.914
707.914
707.914
707.914
707.914
707.914
707.914
707.914
707.914
707.914
707.914
707.914
707.914
707.914
707.914
707.914
707.914
707.914
707.914
707.914
707.914
707.914
707.914
707.914
707.914
707.914
707.914
707.914
707.914
707.914
707.914
707.914
707.914
707.914
707.914
707.914
707.914
707.914
707.914
707.914
707.914
707.914
707.914
707.914
707.914
707.914
707.914
707.914
707.914
707.914
707.914
707.914
707.914
707.914
707.914
707.914
707.914
707.914
702.776
702.776
702.776
702.776
702.776
702.776
702.776
702.776
702.776
702.776
702.776
702.776
702.776
702.776
702.776
702.776
702.776
702.776
702.776
702.776
702.776
702.776
702.776
702.776
702.776
702.776
702.776
702.776
702.776
702.776
702.776
702.776
702.776
702.776
702.776
702.776
702.776
702.776
702.776
702.776
702.776
702.776
702.776
702.776
702.776
702.776
702.776
702.776
702.776
702.776
702.776
702.776
702.776
702.776
702.776
702.776
702.776
702.776
702.776
702.776
702.776
702.776
702.776
702.776
702.776
702.776
702.776
702.776
702.776
702.776
702.776
702.776
702.776
702.776
702.776
702.776
702.776
702.776
702.776
702.776
702.776
702.776
702.776
702.776
702.776
702.776
702.776
702.776
702.776
702.776
702.776
702.776
702.776
702.776
702.776
702.776
702.776
702.776
702.776
702.776
702.776
702.776
702.776
702.776
702.776
702.776
702.776
702.776
702.776
702.776
702.776
702.776
702.776
702.776
702.776
702.776
702.776
702.776
702.776
702.776
702.776
702.776
702.776
702.776
702.776
702.776
702.776
702.776
702.776
702.776
702.776
702.776
702.776
702.776
702.776
702.776
702.776
702.776
702.776
702.776
702.776
702.776
702.776
702.776
702.776
702.776
702.776
702.776
702.776
702.776
702.776
702.776
702.776
702.776
702.776
702.776
702.776
702.776
702.776
702.776
702.776
702.776
702.776
702.776
702.776
702.776
702.776
702.776
702.776
702.776
702.776
702.776
702.776
702.776
702.776
702.776
702.776
702.776
702.776
702.776
702.776
702.776
702.776
702.776
702.776
702.776
702.776
702.776
702.776
702.776
702.776
702.776
702.776
702.776
702.776
702.776
702.776
702.776
702.776
702.776
698.003
698.003
698.003
698.003
698.003
698.003
698.003
698.003
698.003
698.003
698.003
698.003
698.003
698.003
698.003
698.003
698.003
698.003
698.003
698.003
698.003
698.003
698.003
698.003
698.003
698.003
698.003
698.003
698.003
698.003
698.003
698.003
698.003
698.003
698.003
698.003
698.003
698.003
698.003
698.003
698.003
698.003
698.003
698.003
698.003
698.003
698.003
698.003
698.003
698.003
698.003
698.003
698.003
698.003
698.003
698.003
698.003
698.003
698.003
698.003
698.003
698.003
698.003
698.003
698.003
698.003
698.003
698.003
698.003
698.003
698.003
698.003
698.003
698.003
698.003
698.003
698.003
698.003
698.003
698.003
698.003
698.003
698.003
698.003
698.003
698.003
698.003
698.003
698.003
698.003
698.003
698.003
698.003
698.003
698.003
698.003
698.003
698.003
698.003
698.003
698.003
698.003
698.003
698.003
698.003
698.003
698.003
698.003
698.003
698.003
698.003
698.003
698.003
698.003
698.003
698.003
698.003
698.003
698.003
698.003
698.003
698.003
698.003
698.003
698.003
698.003
698.003
698.003
698.003
698.003
698.003
698.003
698.003
698.003
698.003
698.003
698.003
698.003
698.003
698.003
698.003
698.003
698.003
698.003
698.003
698.003
698.003
698.003
698.003
698.003
698.003
698.003
698.003
698.003
698.003
698.003
698.003
698.003
698.003
698.003
698.003
698.003
698.003
698.003
698.003
698.003
698.003
698.003
698.003
698.003
698.003
698.003
698.003
698.003
698.003
698.003
698.003
698.003
698.003
698.003
698.003
698.003
698.003
698.003
698.003
698.003
698.003
698.003
698.003
698.003
698.003
698.003
698.003
698.003
698.003
698.003
698.003
698.003
698.003
698.003
693.78
693.78
693.78
693.78
693.78
693.78
693.78
693.78
693.78
693.78
693.78
693.78
693.78
693.78
693.78
693.78
693.78
693.78
693.78
693.78
693.78
693.78
693.78
693.78
693.78
693.78
693.78
693.78
693.78
693.78
693.78
693.78
693.78
693.78
693.78
693.78
693.78
693.78
693.78
693.78
693.78
693.78
693.78
693.78
693.78
693.78
693.78
693.78
693.78
693.78
693.78
693.78
693.78
693.78
693.78
693.78
693.78
693.78
693.78
693.78
693.78
693.78
693.78
693.78
693.78
693.78
693.78
693.78
693.78
693.78
693.78
693.78
693.78
693.78
693.78
693.78
693.78
693.78
693.78
693.78
693.78
693.78
693.78
693.78
693.78
693.78
693.78
693.78
693.78
693.78
693.78
693.78
693.78
693.78
693.78
693.78
693.78
693.78
693.78
693.78
693.78
693.78
693.78
693.78
693.78
693.78
693.78
693.78
693.78
693.78
693.78
693.78
693.78
693.78
693.78
693.78
693.78
693.78
693.78
693.78
693.78
693.78
693.78
693.78
693.78
693.78
693.78
693.78
693.78
693.78
693.78
693.78
693.78
693.78
693.78
693.78
693.78
693.78
693.78
693.78
693.78
693.78
693.78
693.78
693.78
693.78
693.78
693.78
693.78
693.78
693.78
693.78
693.78
693.78
693.78
693.78
693.78
693.78
693.78
693.78
693.78
693.78
693.78
693.78
693.78
693.78
693.78
693.78
693.78
693.78
693.78
693.78
693.78
693.78
693.78
693.78
693.78
693.78
693.78
693.78
693.78
693.78
693.78
693.78
693.78
693.78
693.78
693.78
693.78
693.78
693.78
693.78
693.78
693.78
693.78
693.78
693.78
693.78
693.78
693.78
690.228
690.228
690.228
690.228
690.228
690.228
690.228
690.228
690.228
690.228
690.228
690.228
690.228
690.228
690.228
690.228
690.228
690.228
690.228
690.228
690.228
690.228
690.228
690.228
690.228
690.228
690.228
690.228
690.228
690.228
690.228
690.228
690.228
690.228
690.228
690.228
690.228
690.228
690.228
690.228
690.228
690.228
690.228
690.228
690.228
690.228
690.228
690.228
690.228
690.228
690.228
690.228
690.228
690.228
690.228
690.228
690.228
690.228
690.228
690.228
690.228
690.228
690.228
690.228
690.228
690.228
690.228
690.228
690.228
690.228
690.228
690.228
690.228
690.228
690.228
690.228
690.228
690.228
690.228
690.228
690.228
690.228
690.228
690.228
690.228
690.228
690.228
690.228
690.228
690.228
690.228
690.228
690.228
690.228
690.228
690.228
690.228
690.228
690.228
690.228
690.228
690.228
690.228
690.228
690.228
690.228
690.228
690.228
690.228
690.228
690.228
690.228
690.228
690.228
690.228
690.228
690.228
690.228
690.228
690.228
690.228
690.228
690.228
690.228
690.228
690.228
690.228
690.228
690.228
690.228
690.228
690.228
690.228
690.228
690.228
690.228
690.228
690.228
690.228
690.228
690.228
690.228
690.228
690.228
690.228
690.228
690.228
690.228
690.228
690.228
690.228
690.228
690.228
690.228
690.228
690.228
690.228
690.228
690.228
690.228
690.228
690.228
690.228
690.228
690.228
690.228
690.228
690.228
690.228
690.228
690.228
690.228
690.228
690.228
690.228
690.228
690.228
690.228
690.228
690.228
690.228
690.228
690.228
690.228
690.228
690.228
690.228
690.228
690.228
690.228
690.228
690.228
690.228
690.228
690.228
690.228
690.228
690.228
690.228
690.228
687.391
687.391
687.391
687.391
687.391
687.391
687.391
687.391
687.391
687.391
687.391
687.391
687.391
687.391
687.391
687.391
687.391
687.391
687.391
687.391
687.391
687.391
687.391
687.391
687.391
687.391
687.391
687.391
687.391
687.391
687.391
687.391
687.391
687.391
687.391
687.391
687.391
687.391
687.391
687.391
687.391
687.391
687.391
687.391
687.391
687.391
687.391
687.391
687.391
687.391
687.391
687.391
687.391
687.391
687.391
687.391
687.391
687.391
687.391
687.391
687.391
687.391
687.391
687.391
687.391
687.391
687.391
687.391
687.391
687.391
687.391
687.391
687.391
687.391
687.391
687.391
687.391
687.391
687.391
687.391
687.391
687.391
687.391
687.391
687.391
687.391
687.391
687.391
687.391
687.391
687.391
687.391
687.391
687.391
687.391
687.391
687.391
687.391
687.391
687.391
687.391
687.391
687.391
687.391
687.391
687.391
687.391
687.391
687.391
687.391
687.391
687.391
687.391
687.391
687.391
687.391
687.391
687.391
687.391
687.391
687.391
687.391
687.391
687.391
687.391
687.391
687.391
687.391
687.391
687.391
687.391
687.391
687.391
687.391
687.391
687.391
687.391
687.391
687.391
687.391
687.391
687.391
687.391
687.391
687.391
687.391
687.391
687.391
687.391
687.391
687.391
687.391
687.391
687.391
687.391
687.391
687.391
687.391
687.391
687.391
687.391
687.391
687.391
687.391
687.391
687.391
687.391
687.391
687.391
687.391
687.391
687.391
687.391
687.391
687.391
687.391
687.391
687.391
687.391
687.391
687.391
687.391
687.391
687.391
687.391
687.391
687.391
687.391
687.391
687.391
687.391
687.391
687.391
687.391
687.391
687.391
687.391
687.391
687.391
687.391
685.239
685.239
685.239
685.239
685.239
685.239
685.239
685.239
685.239
685.239
685.239
685.239
685.239
685.239
685.239
685.239
685.239
685.239
685.239
685.239
685.239
685.239
685.239
685.239
685.239
685.239
685.239
685.239
685.239
685.239
685.239
685.239
685.239
685.239
685.239
685.239
685.239
685.239
685.239
685.239
685.239
685.239
685.239
685.239
685.239
685.239
685.239
685.239
685.239
685.239
685.239
685.239
685.239
685.239
685.239
685.239
685.239
685.239
685.239
685.239
685.239
685.239
685.239
685.239
685.239
685.239
685.239
685.239
685.239
685.239
685.239
685.239
685.239
685.239
685.239
685.239
685.239
685.239
685.239
685.239
685.239
685.239
685.239
685.239
685.239
685.239
685.239
685.239
685.239
685.239
685.239
685.239
685.239
685.239
685.239
685.239
685.239
685.239
685.239
685.239
685.239
685.239
685.239
685.239
685.239
685.239
685.239
685.239
685.239
685.239
685.239
685.239
685.239
685.239
685.239
685.239
685.239
685.239
685.239
685.239
685.239
685.239
685.239
685.239
685.239
685.239
685.239
685.239
685.239
685.239
685.239
685.239
685.239
685.239
685.239
685.239
685.239
685.239
685.239
685.239
685.239
685.239
685.239
685.239
685.239
685.239
685.239
685.239
685.239
685.239
685.239
685.239
685.239
685.239
685.239
685.239
685.239
685.239
685.239
685.239
685.239
685.239
685.239
685.239
685.239
685.239
685.239
685.239
685.239
685.239
685.239
685.239
685.239
685.239
685.239
685.239
685.239
685.239
685.239
685.239
685.239
685.239
685.239
685.239
685.239
685.239
685.239
685.239
685.239
685.239
685.239
685.239
685.239
685.239
685.239
685.239
685.239
685.239
685.239
685.239
683.685
683.685
683.685
683.685
683.685
683.685
683.685
683.685
683.685
683.685
683.685
683.685
683.685
683.685
683.685
683.685
683.685
683.685
683.685
683.685
683.685
683.685
683.685
683.685
683.685
683.685
683.685
683.685
683.685
683.685
683.685
683.685
683.685
683.685
683.685
683.685
683.685
683.685
683.685
683.685
683.685
683.685
683.685
683.685
683.685
683.685
683.685
683.685
683.685
683.685
683.685
683.685
683.685
683.685
683.685
683.685
683.685
683.685
683.685
683.685
683.685
683.685
683.685
683.685
683.685
683.685
683.685
683.685
683.685
683.685
683.685
683.685
683.685
683.685
683.685
683.685
683.685
683.685
683.685
683.685
683.685
683.685
683.685
683.685
683.685
683.685
683.685
683.685
683.685
683.685
683.685
683.685
683.685
683.685
683.685
683.685
683.685
683.685
683.685
683.685
683.685
683.685
683.685
683.685
683.685
683.685
683.685
683.685
683.685
683.685
683.685
683.685
683.685
683.685
683.685
683.685
683.685
683.685
683.685
683.685
683.685
683.685
683.685
683.685
683.685
683.685
683.685
683.685
683.685
683.685
683.685
683.685
683.685
683.685
683.685
683.685
683.685
683.685
683.685
683.685
683.685
683.685
683.685
683.685
683.685
683.685
683.685
683.685
683.685
683.685
683.685
683.685
683.685
683.685
683.685
683.685
683.685
683.685
683.685
683.685
683.685
683.685
683.685
683.685
683.685
683.685
683.685
683.685
683.685
683.685
683.685
683.685
683.685
683.685
683.685
683.685
683.685
683.685
683.685
683.685
683.685
683.685
683.685
683.685
683.685
683.685
683.685
683.685
683.685
683.685
683.685
683.685
683.685
683.685
683.685
683.685
683.685
683.685
683.685
683.685
682.611
682.611
682.611
682.611
682.611
682.611
682.611
682.611
682.611
682.611
682.611
682.611
682.611
682.611
682.611
682.611
682.611
682.611
682.611
682.611
682.611
682.611
682.611
682.611
682.611
682.611
682.611
682.611
682.611
682.611
682.611
682.611
682.611
682.611
682.611
682.611
682.611
682.611
682.611
682.611
682.611
682.611
682.611
682.611
682.611
682.611
682.611
682.611
682.611
682.611
682.611
682.611
682.611
682.611
682.611
682.611
682.611
682.611
682.611
682.611
682.611
682.611
682.611
682.611
682.611
682.611
682.611
682.611
682.611
682.611
682.611
682.611
682.611
682.611
682.611
682.611
682.611
682.611
682.611
682.611
682.611
682.611
682.611
682.611
682.611
682.611
682.611
682.611
682.611
682.611
682.611
682.611
682.611
682.611
682.611
682.611
682.611
682.611
682.611
682.611
682.611
682.611
682.611
682.611
682.611
682.611
682.611
682.611
682.611
682.611
682.611
682.611
682.611
682.611
682.611
682.611
682.611
682.611
682.611
682.611
682.611
682.611
682.611
682.611
682.611
682.611
682.611
682.611
682.611
682.611
682.611
682.611
682.611
682.611
682.611
682.611
682.611
682.611
682.611
682.611
682.611
682.611
682.611
682.611
682.611
682.611
682.611
682.611
682.611
682.611
682.611
682.611
682.611
682.611
682.611
682.611
682.611
682.611
682.611
682.611
682.611
682.611
682.611
682.611
682.611
682.611
682.611
682.611
682.611
682.611
682.611
682.611
682.611
682.611
682.611
682.611
682.611
682.611
682.611
682.611
682.611
682.611
682.611
682.611
682.611
682.611
682.611
682.611
682.611
682.611
682.611
682.611
682.611
682.611
682.611
682.611
682.611
682.611
682.611
682.611
681.894
681.894
681.894
681.894
681.894
681.894
681.894
681.894
681.894
681.894
681.894
681.894
681.894
681.894
681.894
681.894
681.894
681.894
681.894
681.894
681.894
681.894
681.894
681.894
681.894
681.894
681.894
681.894
681.894
681.894
681.894
681.894
681.894
681.894
681.894
681.894
681.894
681.894
681.894
681.894
681.894
681.894
681.894
681.894
681.894
681.894
681.894
681.894
681.894
681.894
681.894
681.894
681.894
681.894
681.894
681.894
681.894
681.894
681.894
681.894
681.894
681.894
681.894
681.894
681.894
681.894
681.894
681.894
681.894
681.894
681.894
681.894
681.894
681.894
681.894
681.894
681.894
681.894
681.894
681.894
681.894
681.894
681.894
681.894
681.894
681.894
681.894
681.894
681.894
681.894
681.894
681.894
681.894
681.894
681.894
681.894
681.894
681.894
681.894
681.894
681.894
681.894
681.894
681.894
681.894
681.894
681.894
681.894
681.894
681.894
681.894
681.894
681.894
681.894
681.894
681.894
681.894
681.894
681.894
681.894
681.894
681.894
681.894
681.894
681.894
681.894
681.894
681.894
681.894
681.894
681.894
681.894
681.894
681.894
681.894
681.894
681.894
681.894
681.894
681.894
681.894
681.894
681.894
681.894
681.894
681.894
681.894
681.894
681.894
681.894
681.894
681.894
681.894
681.894
681.894
681.894
681.894
681.894
681.894
681.894
681.894
681.894
681.894
681.894
681.894
681.894
681.894
681.894
681.894
681.894
681.894
681.894
681.894
681.894
681.894
681.894
681.894
681.894
681.894
681.894
681.894
681.894
681.894
681.894
681.894
681.894
681.894
681.894
681.894
681.894
681.894
681.894
681.894
681.894
681.894
681.894
681.894
681.894
681.894
681.894
681.426
681.426
681.426
681.426
681.426
681.426
681.426
681.426
681.426
681.426
681.426
681.426
681.426
681.426
681.426
681.426
681.426
681.426
681.426
681.426
681.426
681.426
681.426
681.426
681.426
681.426
681.426
681.426
681.426
681.426
681.426
681.426
681.426
681.426
681.426
681.426
681.426
681.426
681.426
681.426
681.426
681.426
681.426
681.426
681.426
681.426
681.426
681.426
681.426
681.426
681.426
681.426
681.426
681.426
681.426
681.426
681.426
681.426
681.426
681.426
681.426
681.426
681.426
681.426
681.426
681.426
681.426
681.426
681.426
681.426
681.426
681.426
681.426
681.426
681.426
681.426
681.426
681.426
681.426
681.426
681.426
681.426
681.426
681.426
681.426
681.426
681.426
681.426
681.426
681.426
681.426
681.426
681.426
681.426
681.426
681.426
681.426
681.426
681.426
681.426
681.426
681.426
681.426
681.426
681.426
681.426
681.426
681.426
681.426
681.426
681.426
681.426
681.426
681.426
681.426
681.426
681.426
681.426
681.426
681.426
681.426
681.426
681.426
681.426
681.426
681.426
681.426
681.426
681.426
681.426
681.426
681.426
681.426
681.426
681.426
681.426
681.426
681.426
681.426
681.426
681.426
681.426
681.426
681.426
681.426
681.426
681.426
681.426
681.426
681.426
681.426
681.426
681.426
681.426
681.426
681.426
681.426
681.426
681.426
681.426
681.426
681.426
681.426
681.426
681.426
681.426
681.426
681.426
681.426
681.426
681.426
681.426
681.426
681.426
681.426
681.426
681.426
681.426
681.426
681.426
681.426
681.426
681.426
681.426
681.426
681.426
681.426
681.426
681.426
681.426
681.426
681.426
681.426
681.426
681.426
681.426
681.426
681.426
681.426
681.426
681.122
681.122
681.122
681.122
681.122
681.122
681.122
681.122
681.122
681.122
681.122
681.122
681.122
681.122
681.122
681.122
681.122
681.122
681.122
681.122
681.122
681.122
681.122
681.122
681.122
681.122
681.122
681.122
681.122
681.122
681.122
681.122
681.122
681.122
681.122
681.122
681.122
681.122
681.122
681.122
681.122
681.122
681.122
681.122
681.122
681.122
681.122
681.122
681.122
681.122
681.122
681.122
681.122
681.122
681.122
681.122
681.122
681.122
681.122
681.122
681.122
681.122
681.122
681.122
681.122
681.122
681.122
681.122
681.122
681.122
681.122
681.122
681.122
681.122
681.122
681.122
681.122
681.122
681.122
681.122
681.122
681.123
681.123
681.123
681.123
681.123
681.123
681.123
681.123
681.123
681.123
681.123
681.123
681.123
681.123
681.123
681.123
681.123
681.123
681.123
681.123
681.123
681.123
681.123
681.123
681.123
681.123
681.123
681.123
681.123
681.123
681.123
681.123
681.123
681.123
681.123
681.123
681.123
681.123
681.122
681.122
681.122
681.122
681.122
681.122
681.122
681.122
681.122
681.122
681.122
681.122
681.122
681.122
681.122
681.122
681.122
681.122
681.122
681.122
681.122
681.122
681.122
681.122
681.122
681.122
681.122
681.122
681.122
681.122
681.122
681.122
681.122
681.122
681.122
681.122
681.122
681.122
681.122
681.122
681.122
681.122
681.122
681.122
681.122
681.122
681.122
681.122
681.122
681.122
681.122
681.122
681.122
681.122
681.122
681.122
681.122
681.122
681.122
681.122
681.122
681.122
681.122
681.122
681.122
681.122
681.122
681.122
681.122
681.122
681.122
681.122
681.122
681.122
681.122
681.122
681.122
681.122
681.122
681.122
681.122
680.923
680.923
680.923
680.923
680.923
680.923
680.923
680.923
680.923
680.923
680.923
680.923
680.923
680.923
680.923
680.923
680.923
680.923
680.923
680.923
680.923
680.923
680.923
680.923
680.923
680.923
680.923
680.923
680.923
680.923
680.923
680.923
680.923
680.923
680.923
680.923
680.923
680.923
680.923
680.923
680.923
680.923
680.923
680.923
680.923
680.923
680.923
680.923
680.923
680.923
680.923
680.923
680.923
680.923
680.923
680.923
680.923
680.923
680.923
680.923
680.923
680.923
680.923
680.923
680.923
680.923
680.923
680.923
680.923
680.923
680.923
680.923
680.923
680.923
680.923
680.923
680.923
680.923
680.923
680.923
680.923
680.923
680.923
680.923
680.923
680.923
680.923
680.923
680.923
680.923
680.923
680.923
680.923
680.923
680.923
680.923
680.923
680.923
680.923
680.923
680.923
680.923
680.923
680.923
680.923
680.923
680.923
680.923
680.923
680.923
680.923
680.923
680.923
680.923
680.923
680.923
680.923
680.923
680.923
680.923
680.923
680.923
680.923
680.923
680.923
680.923
680.923
680.923
680.923
680.923
680.923
680.923
680.923
680.923
680.923
680.923
680.923
680.923
680.923
680.923
680.923
680.923
680.923
680.923
680.923
680.923
680.923
680.923
680.923
680.923
680.923
680.923
680.923
680.923
680.923
680.923
680.923
680.923
680.923
680.923
680.923
680.923
680.923
680.923
680.923
680.923
680.923
680.923
680.923
680.923
680.923
680.923
680.923
680.923
680.923
680.923
680.923
680.923
680.923
680.923
680.923
680.923
680.923
680.923
680.923
680.923
680.923
680.923
680.923
680.923
680.923
680.923
680.923
680.923
680.923
680.923
680.923
680.923
680.923
680.923
680.788
680.788
680.788
680.788
680.788
680.788
680.788
680.788
680.788
680.788
680.788
680.788
680.788
680.788
680.788
680.788
680.788
680.788
680.788
680.788
680.788
680.788
680.788
680.788
680.788
680.788
680.788
680.788
680.788
680.788
680.788
680.788
680.788
680.788
680.788
680.788
680.788
680.788
680.788
680.788
680.788
680.788
680.788
680.788
680.788
680.788
680.788
680.788
680.788
680.788
680.788
680.788
680.788
680.788
680.788
680.788
680.788
680.788
680.788
680.788
680.788
680.788
680.788
680.788
680.788
680.788
680.788
680.788
680.788
680.788
680.788
680.788
680.788
680.788
680.788
680.788
680.788
680.788
680.788
680.788
680.788
680.788
680.788
680.788
680.788
680.788
680.788
680.788
680.788
680.788
680.788
680.788
680.788
680.788
680.788
680.788
680.789
680.789
680.789
680.789
680.789
680.789
680.789
680.789
680.788
680.788
680.788
680.788
680.788
680.788
680.788
680.788
680.788
680.788
680.788
680.788
680.788
680.788
680.788
680.788
680.788
680.788
680.788
680.788
680.788
680.788
680.788
680.788
680.788
680.788
680.788
680.788
680.788
680.788
680.788
680.788
680.788
680.788
680.788
680.788
680.788
680.788
680.788
680.788
680.788
680.788
680.788
680.788
680.788
680.788
680.788
680.788
680.788
680.788
680.788
680.788
680.788
680.788
680.788
680.788
680.788
680.788
680.788
680.788
680.788
680.788
680.788
680.788
680.788
680.788
680.788
680.788
680.788
680.788
680.788
680.788
680.788
680.788
680.788
680.788
680.788
680.788
680.788
680.788
680.788
680.788
680.788
680.788
680.788
680.788
680.788
680.788
680.788
680.788
680.788
680.788
680.788
680.788
680.788
680.788
680.693
680.693
680.693
680.693
680.693
680.693
680.693
680.693
680.693
680.693
680.693
680.693
680.693
680.693
680.693
680.693
680.693
680.693
680.693
680.693
680.693
680.693
680.693
680.693
680.693
680.693
680.693
680.693
680.693
680.693
680.693
680.693
680.693
680.693
680.693
680.693
680.693
680.693
680.693
680.693
680.693
680.693
680.693
680.693
680.693
680.693
680.693
680.693
680.693
680.693
680.693
680.693
680.693
680.693
680.693
680.693
680.693
680.693
680.693
680.693
680.693
680.693
680.693
680.693
680.693
680.693
680.693
680.693
680.693
680.693
680.693
680.693
680.693
680.693
680.693
680.693
680.693
680.693
680.693
680.693
680.693
680.693
680.693
680.693
680.693
680.693
680.693
680.693
680.694
680.694
680.694
680.694
680.694
680.694
680.694
680.694
680.694
680.694
680.694
680.694
680.694
680.694
680.694
680.694
680.694
680.694
680.694
680.694
680.694
680.694
680.694
680.694
680.693
680.693
680.693
680.693
680.693
680.693
680.693
680.693
680.693
680.693
680.693
680.693
680.693
680.693
680.693
680.693
680.693
680.693
680.693
680.693
680.693
680.693
680.693
680.693
680.693
680.693
680.693
680.693
680.693
680.693
680.693
680.693
680.693
680.693
680.693
680.693
680.693
680.693
680.693
680.693
680.693
680.693
680.693
680.693
680.693
680.693
680.693
680.693
680.693
680.693
680.693
680.693
680.693
680.693
680.693
680.693
680.693
680.693
680.693
680.693
680.693
680.693
680.693
680.693
680.693
680.693
680.693
680.693
680.693
680.693
680.693
680.693
680.693
680.693
680.693
680.693
680.693
680.693
680.693
680.693
680.693
680.693
680.693
680.693
680.693
680.693
680.693
680.693
680.625
680.625
680.625
680.625
680.625
680.625
680.625
680.625
680.625
680.625
680.625
680.625
680.625
680.625
680.625
680.625
680.625
680.625
680.625
680.625
680.625
680.625
680.625
680.625
680.625
680.625
680.625
680.625
680.625
680.625
680.625
680.625
680.625
680.625
680.625
680.625
680.625
680.625
680.625
680.625
680.625
680.625
680.625
680.625
680.625
680.625
680.625
680.625
680.625
680.625
680.625
680.625
680.625
680.625
680.625
680.625
680.625
680.625
680.625
680.625
680.625
680.625
680.625
680.625
680.625
680.625
680.625
680.625
680.625
680.625
680.625
680.625
680.625
680.625
680.625
680.625
680.625
680.625
680.625
680.625
680.625
680.625
680.625
680.625
680.625
680.625
680.625
680.626
680.626
680.626
680.626
680.626
680.626
680.626
680.626
680.626
680.626
680.626
680.626
680.626
680.626
680.626
680.626
680.626
680.626
680.626
680.626
680.626
680.626
680.626
680.626
680.626
680.626
680.625
680.625
680.625
680.625
680.625
680.625
680.625
680.625
680.625
680.625
680.625
680.625
680.625
680.625
680.625
680.625
680.625
680.625
680.625
680.625
680.625
680.625
680.625
680.625
680.625
680.625
680.625
680.625
680.625
680.625
680.625
680.625
680.625
680.625
680.625
680.625
680.625
680.625
680.625
680.625
680.625
680.625
680.625
680.625
680.625
680.625
680.625
680.625
680.625
680.625
680.625
680.625
680.625
680.625
680.625
680.625
680.625
680.625
680.625
680.625
680.625
680.625
680.625
680.625
680.625
680.625
680.625
680.625
680.625
680.625
680.625
680.625
680.625
680.625
680.625
680.625
680.625
680.625
680.625
680.625
680.625
680.625
680.625
680.625
680.625
680.625
680.625
680.576
680.576
680.576
680.576
680.576
680.576
680.576
680.576
680.576
680.576
680.576
680.576
680.576
680.576
680.576
680.576
680.576
680.576
680.576
680.576
680.576
680.576
680.576
680.576
680.576
680.576
680.576
680.576
680.576
680.576
680.576
680.576
680.576
680.576
680.576
680.576
680.576
680.576
680.576
680.576
680.576
680.576
680.576
680.576
680.576
680.576
680.576
680.576
680.576
680.576
680.576
680.576
680.576
680.576
680.576
680.576
680.576
680.576
680.576
680.576
680.576
680.576
680.576
680.576
680.576
680.576
680.576
680.576
680.576
680.576
680.576
680.576
680.576
680.576
680.576
680.576
680.576
680.576
680.576
680.577
680.577
680.577
680.577
680.577
680.577
680.577
680.577
680.577
680.577
680.578
680.578
680.578
680.578
680.578
680.578
680.578
680.579
680.579
680.579
680.579
680.579
680.579
680.579
680.579
680.578
680.578
680.578
680.578
680.578
680.578
680.578
680.577
680.577
680.577
680.577
680.577
680.577
680.577
680.577
680.577
680.576
680.576
680.576
680.576
680.576
680.576
680.576
680.576
680.576
680.576
680.576
680.576
680.576
680.576
680.576
680.576
680.576
680.576
680.576
680.576
680.576
680.576
680.576
680.576
680.576
680.576
680.576
680.576
680.576
680.576
680.576
680.576
680.576
680.576
680.576
680.576
680.576
680.576
680.576
680.576
680.576
680.576
680.576
680.576
680.576
680.576
680.576
680.576
680.576
680.576
680.576
680.576
680.576
680.576
680.576
680.576
680.576
680.576
680.576
680.576
680.576
680.576
680.576
680.576
680.576
680.576
680.576
680.576
680.576
680.576
680.576
680.576
680.576
680.576
680.576
680.576
680.576
680.576
680.576
680.576
680.544
680.544
680.544
680.544
680.544
680.544
680.544
680.544
680.544
680.544
680.544
680.544
680.544
680.544
680.544
680.544
680.544
680.544
680.544
680.544
680.544
680.544
680.544
680.544
680.544
680.544
680.544
680.544
680.544
680.544
680.544
680.544
680.544
680.544
680.544
680.544
680.544
680.544
680.544
680.544
680.544
680.544
680.544
680.544
680.544
680.544
680.544
680.544
680.544
680.544
680.544
680.544
680.544
680.544
680.544
680.544
680.544
680.544
680.544
680.544
680.544
680.544
680.544
680.544
680.544
680.544
680.544
680.544
680.544
680.544
680.544
680.544
680.544
680.544
680.544
680.544
680.544
680.544
680.544
680.544
680.544
680.545
680.545
680.545
680.545
680.545
680.545
680.546
680.546
680.546
680.546
680.546
680.547
680.547
680.547
680.547
680.547
680.547
680.547
680.547
680.547
680.547
680.547
680.547
680.547
680.547
680.547
680.547
680.546
680.546
680.546
680.546
680.546
680.545
680.545
680.545
680.545
680.545
680.545
680.544
680.544
680.544
680.544
680.544
680.544
680.544
680.544
680.544
680.544
680.544
680.544
680.544
680.544
680.544
680.544
680.544
680.544
680.544
680.544
680.544
680.544
680.544
680.544
680.544
680.544
680.544
680.544
680.544
680.544
680.544
680.544
680.544
680.544
680.544
680.544
680.544
680.544
680.544
680.544
680.544
680.544
680.544
680.544
680.544
680.544
680.544
680.544
680.544
680.544
680.544
680.544
680.544
680.544
680.544
680.544
680.544
680.544
680.544
680.544
680.544
680.544
680.544
680.544
680.544
680.544
680.544
680.544
680.544
680.544
680.544
680.544
680.544
680.544
680.544
680.544
680.544
680.544
680.544
680.544
680.544
680.527
680.527
680.527
680.527
680.527
680.527
680.527
680.527
680.527
680.527
680.527
680.527
680.527
680.527
680.527
680.527
680.527
680.527
680.527
680.527
680.527
680.527
680.527
680.527
680.527
680.527
680.527
680.527
680.527
680.527
680.527
680.527
680.527
680.527
680.527
680.527
680.527
680.527
680.527
680.527
680.527
680.527
680.527
680.527
680.527
680.527
680.527
680.527
680.527
680.527
680.527
680.527
680.527
680.527
680.527
680.527
680.527
680.527
680.527
680.527
680.527
680.527
680.527
680.527
680.527
680.527
680.527
680.527
680.527
680.527
680.527
680.527
680.527
680.527
680.527
680.527
680.527
680.527
680.527
680.528
680.528
680.528
680.528
680.528
680.528
680.529
680.529
680.529
680.529
680.53
680.53
680.53
680.531
680.531
680.531
680.531
680.532
680.532
680.532
680.532
680.532
680.532
680.532
680.532
680.531
680.531
680.531
680.531
680.53
680.53
680.53
680.529
680.529
680.529
680.529
680.528
680.528
680.528
680.528
680.528
680.528
680.527
680.527
680.527
680.527
680.527
680.527
680.527
680.527
680.527
680.527
680.527
680.527
680.527
680.527
680.527
680.527
680.527
680.527
680.527
680.527
680.527
680.527
680.527
680.527
680.527
680.527
680.527
680.527
680.527
680.527
680.527
680.527
680.527
680.527
680.527
680.527
680.527
680.527
680.527
680.527
680.527
680.527
680.527
680.527
680.527
680.527
680.527
680.527
680.527
680.527
680.527
680.527
680.527
680.527
680.527
680.527
680.527
680.527
680.527
680.527
680.527
680.527
680.527
680.527
680.527
680.527
680.527
680.527
680.527
680.527
680.527
680.527
680.527
680.527
680.527
680.527
680.527
680.527
680.527
680.526
680.526
680.526
680.526
680.526
680.526
680.526
680.526
680.526
680.526
680.526
680.526
680.526
680.526
680.526
680.526
680.526
680.526
680.526
680.526
680.526
680.526
680.526
680.526
680.526
680.526
680.526
680.526
680.526
680.526
680.526
680.526
680.526
680.526
680.526
680.526
680.526
680.526
680.526
680.526
680.526
680.526
680.526
680.526
680.526
680.526
680.526
680.526
680.526
680.526
680.526
680.526
680.526
680.526
680.526
680.526
680.526
680.526
680.526
680.526
680.526
680.526
680.526
680.526
680.526
680.526
680.526
680.526
680.526
680.526
680.526
680.526
680.526
680.526
680.526
680.526
680.526
680.526
680.526
680.527
680.527
680.527
680.527
680.527
680.528
680.528
680.528
680.529
680.529
680.53
680.53
680.53
680.531
680.531
680.531
680.532
680.532
680.532
680.532
680.532
680.532
680.532
680.532
680.532
680.532
680.531
680.531
680.531
680.53
680.53
680.53
680.529
680.529
680.528
680.528
680.528
680.527
680.527
680.527
680.527
680.526
680.526
680.526
680.526
680.526
680.526
680.526
680.526
680.526
680.526
680.526
680.526
680.526
680.526
680.526
680.526
680.526
680.526
680.526
680.526
680.526
680.526
680.526
680.526
680.526
680.526
680.526
680.526
680.526
680.526
680.526
680.526
680.526
680.526
680.526
680.526
680.526
680.526
680.526
680.526
680.526
680.526
680.526
680.526
680.526
680.526
680.526
680.526
680.526
680.526
680.526
680.526
680.526
680.526
680.526
680.526
680.526
680.526
680.526
680.526
680.526
680.526
680.526
680.526
680.526
680.526
680.526
680.526
680.526
680.526
680.526
680.526
680.526
680.526
680.526
680.526
680.526
680.526
680.526
680.526
680.542
680.542
680.542
680.542
680.542
680.542
680.542
680.542
680.542
680.542
680.542
680.542
680.542
680.542
680.542
680.542
680.542
680.542
680.542
680.542
680.542
680.542
680.542
680.542
680.542
680.542
680.542
680.542
680.542
680.542
680.542
680.542
680.542
680.542
680.542
680.542
680.542
680.542
680.542
680.542
680.542
680.542
680.542
680.542
680.542
680.542
680.542
680.542
680.542
680.542
680.542
680.542
680.542
680.542
680.542
680.542
680.542
680.542
680.542
680.542
680.542
680.542
680.542
680.542
680.542
680.542
680.542
680.542
680.542
680.542
680.542
680.542
680.542
680.542
680.542
680.542
680.542
680.542
680.542
680.543
680.543
680.543
680.543
680.544
680.544
680.545
680.545
680.546
680.546
680.547
680.547
680.548
680.548
680.549
680.549
680.55
680.55
680.55
680.551
680.551
680.551
680.551
680.55
680.55
680.55
680.549
680.549
680.548
680.548
680.547
680.547
680.546
680.546
680.545
680.545
680.544
680.544
680.543
680.543
680.543
680.542
680.542
680.542
680.542
680.542
680.542
680.542
680.542
680.542
680.542
680.542
680.542
680.542
680.542
680.542
680.542
680.542
680.542
680.542
680.542
680.542
680.542
680.542
680.542
680.542
680.542
680.542
680.542
680.542
680.542
680.542
680.542
680.542
680.542
680.542
680.542
680.542
680.542
680.542
680.542
680.542
680.542
680.542
680.542
680.542
680.542
680.542
680.542
680.542
680.542
680.542
680.542
680.542
680.542
680.542
680.542
680.542
680.542
680.542
680.542
680.542
680.542
680.542
680.542
680.542
680.542
680.542
680.542
680.542
680.542
680.542
680.542
680.542
680.542
680.542
680.542
680.542
680.542
680.542
680.542
680.578
680.578
680.578
680.578
680.578
680.578
680.578
680.578
680.578
680.578
680.578
680.578
680.578
680.578
680.578
680.578
680.578
680.578
680.578
680.578
680.578
680.578
680.578
680.577
680.577
680.577
680.577
680.577
680.577
680.577
680.577
680.577
680.577
680.577
680.577
680.577
680.577
680.577
680.577
680.577
680.577
680.577
680.577
680.577
680.577
680.577
680.577
680.577
680.577
680.577
680.577
680.577
680.577
680.577
680.577
680.577
680.577
680.577
680.577
680.577
680.577
680.577
680.577
680.577
680.577
680.577
680.577
680.577
680.577
680.577
680.577
680.577
680.577
680.577
680.577
680.577
680.577
680.577
680.578
680.578
680.578
680.579
680.579
680.579
680.58
680.581
680.581
680.582
680.583
680.583
680.584
680.585
680.586
680.586
680.587
680.588
680.588
680.588
680.589
680.589
680.589
680.589
680.588
680.588
680.588
680.587
680.586
680.586
680.585
680.584
680.583
680.583
680.582
680.581
680.581
680.58
680.579
680.579
680.578
680.578
680.578
680.577
680.577
680.577
680.577
680.577
680.577
680.577
680.576
680.576
680.576
680.576
680.576
680.576
680.576
680.576
680.576
680.577
680.577
680.577
680.577
680.577
680.577
680.577
680.577
680.577
680.577
680.577
680.577
680.577
680.577
680.577
680.577
680.577
680.577
680.577
680.577
680.577
680.577
680.577
680.577
680.577
680.577
680.577
680.577
680.577
680.577
680.577
680.577
680.577
680.577
680.577
680.577
680.577
680.577
680.577
680.577
680.577
680.577
680.577
680.577
680.577
680.577
680.577
680.577
680.577
680.577
680.577
680.577
680.577
680.577
680.577
680.577
680.577
680.577
680.577
680.577
680.577
680.577
680.577
680.635
680.635
680.635
680.635
680.635
680.635
680.635
680.635
680.635
680.635
680.635
680.635
680.635
680.635
680.635
680.635
680.635
680.635
680.635
680.635
680.635
680.635
680.635
680.635
680.635
680.635
680.635
680.635
680.635
680.635
680.635
680.635
680.635
680.635
680.635
680.635
680.634
680.634
680.634
680.634
680.634
680.634
680.634
680.634
680.634
680.634
680.634
680.634
680.634
680.634
680.634
680.634
680.634
680.634
680.634
680.634
680.634
680.634
680.634
680.634
680.634
680.634
680.634
680.634
680.634
680.633
680.633
680.633
680.633
680.633
680.633
680.633
680.634
680.634
680.634
680.634
680.634
680.634
680.635
680.635
680.636
680.636
680.637
680.637
680.638
680.639
680.64
680.641
680.642
680.643
680.644
680.645
680.646
680.647
680.647
680.648
680.649
680.649
680.65
680.65
680.65
680.65
680.649
680.649
680.648
680.647
680.646
680.646
680.645
680.644
680.643
680.642
680.641
680.64
680.639
680.638
680.637
680.637
680.636
680.635
680.635
680.635
680.634
680.634
680.634
680.634
680.634
680.633
680.633
680.633
680.633
680.633
680.633
680.633
680.633
680.633
680.633
680.633
680.633
680.633
680.634
680.634
680.634
680.634
680.634
680.634
680.634
680.634
680.634
680.634
680.634
680.634
680.634
680.634
680.634
680.634
680.634
680.634
680.634
680.634
680.634
680.634
680.634
680.634
680.634
680.634
680.634
680.634
680.634
680.634
680.634
680.634
680.634
680.634
680.634
680.634
680.634
680.634
680.635
680.635
680.635
680.635
680.635
680.635
680.635
680.635
680.635
680.635
680.635
680.635
680.635
680.635
680.635
680.635
680.635
680.635
680.635
680.635
680.635
680.635
680.718
680.718
680.718
680.718
680.718
680.718
680.718
680.718
680.718
680.718
680.718
680.718
680.718
680.718
680.718
680.718
680.718
680.718
680.717
680.717
680.717
680.717
680.717
680.717
680.717
680.717
680.717
680.717
680.717
680.717
680.717
680.717
680.717
680.717
680.717
680.717
680.717
680.717
680.717
680.717
680.717
680.717
680.717
680.717
680.717
680.717
680.717
680.717
680.717
680.716
680.716
680.716
680.716
680.716
680.716
680.716
680.716
680.716
680.716
680.716
680.716
680.716
680.716
680.716
680.716
680.716
680.716
680.716
680.716
680.716
680.716
680.716
680.716
680.716
680.716
680.716
680.716
680.717
680.717
680.718
680.718
680.719
680.72
680.721
680.722
680.723
680.724
680.725
680.726
680.728
680.729
680.73
680.731
680.733
680.734
680.735
680.736
680.736
680.737
680.737
680.737
680.737
680.736
680.736
680.735
680.734
680.733
680.731
680.73
680.729
680.727
680.726
680.725
680.724
680.723
680.721
680.721
680.72
680.719
680.718
680.718
680.717
680.717
680.716
680.716
680.716
680.716
680.716
680.715
680.715
680.715
680.715
680.715
680.715
680.715
680.715
680.715
680.716
680.716
680.716
680.716
680.716
680.716
680.716
680.716
680.716
680.716
680.716
680.716
680.716
680.716
680.716
680.716
680.716
680.716
680.716
680.716
680.716
680.717
680.717
680.717
680.717
680.717
680.717
680.717
680.717
680.717
680.717
680.717
680.717
680.717
680.717
680.717
680.717
680.717
680.717
680.717
680.717
680.717
680.717
680.717
680.717
680.717
680.717
680.717
680.717
680.717
680.717
680.717
680.717
680.717
680.717
680.717
680.717
680.717
680.717
680.717
680.717
680.717
680.717
680.829
680.829
680.829
680.829
680.829
680.829
680.829
680.829
680.829
680.829
680.829
680.829
680.829
680.829
680.829
680.829
680.829
680.829
680.829
680.829
680.829
680.829
680.829
680.829
680.829
680.829
680.829
680.829
680.829
680.829
680.829
680.829
680.829
680.829
680.829
680.828
680.828
680.828
680.828
680.828
680.828
680.828
680.828
680.828
680.828
680.828
680.828
680.828
680.828
680.828
680.828
680.828
680.827
680.827
680.827
680.827
680.827
680.827
680.827
680.827
680.827
680.827
680.827
680.827
680.827
680.827
680.826
680.826
680.826
680.826
680.826
680.827
680.827
680.827
680.827
680.827
680.828
680.828
680.829
680.829
680.83
680.831
680.832
680.833
680.834
680.836
680.837
680.839
680.84
680.842
680.843
680.845
680.847
680.848
680.85
680.851
680.852
680.853
680.853
680.854
680.854
680.853
680.853
680.852
680.851
680.85
680.848
680.847
680.845
680.843
680.842
680.84
680.838
680.837
680.835
680.834
680.833
680.832
680.831
680.83
680.829
680.828
680.828
680.827
680.827
680.827
680.827
680.826
680.826
680.826
680.826
680.826
680.826
680.826
680.826
680.826
680.826
680.826
680.826
680.827
680.827
680.827
680.827
680.827
680.827
680.827
680.827
680.827
680.827
680.827
680.827
680.827
680.827
680.827
680.828
680.828
680.828
680.828
680.828
680.828
680.828
680.828
680.828
680.828
680.828
680.828
680.828
680.828
680.828
680.828
680.828
680.828
680.828
680.828
680.828
680.828
680.828
680.828
680.828
680.828
680.829
680.829
680.829
680.829
680.829
680.829
680.829
680.829
680.829
680.829
680.829
680.829
680.829
680.829
680.829
680.829
680.829
680.829
680.829
680.829
680.973
680.973
680.973
680.973
680.973
680.973
680.973
680.973
680.973
680.973
680.973
680.973
680.973
680.973
680.973
680.973
680.973
680.973
680.973
680.973
680.973
680.973
680.972
680.972
680.972
680.972
680.972
680.972
680.972
680.972
680.972
680.972
680.972
680.972
680.972
680.972
680.972
680.972
680.972
680.972
680.972
680.971
680.971
680.971
680.971
680.971
680.971
680.971
680.971
680.971
680.971
680.971
680.971
680.97
680.97
680.97
680.97
680.97
680.97
680.97
680.97
680.97
680.97
680.969
680.969
680.969
680.969
680.969
680.969
680.969
680.969
680.969
680.969
680.97
680.97
680.97
680.971
680.971
680.972
680.973
680.974
680.975
680.976
680.977
680.979
680.981
680.982
680.984
680.986
680.988
680.99
680.993
680.995
680.996
680.998
681
681.001
681.002
681.003
681.003
681.003
681.003
681.002
681.001
681
680.998
680.996
680.994
680.992
680.99
680.988
680.986
680.984
680.982
680.98
680.979
680.977
680.976
680.975
680.973
680.972
680.972
680.971
680.97
680.97
680.97
680.969
680.969
680.969
680.969
680.969
680.969
680.969
680.969
680.969
680.969
680.969
680.969
680.969
680.969
680.969
680.97
680.97
680.97
680.97
680.97
680.97
680.97
680.97
680.97
680.97
680.97
680.971
680.971
680.971
680.971
680.971
680.971
680.971
680.971
680.971
680.971
680.971
680.971
680.971
680.971
680.971
680.971
680.971
680.972
680.972
680.972
680.972
680.972
680.972
680.972
680.972
680.972
680.972
680.972
680.972
680.972
680.972
680.972
680.972
680.972
680.972
680.972
680.972
680.972
680.972
680.972
680.972
680.972
680.972
680.972
680.972
680.972
680.972
680.972
681.151
681.151
681.151
681.15
681.15
681.15
681.15
681.15
681.15
681.15
681.15
681.15
681.15
681.15
681.15
681.15
681.15
681.15
681.15
681.15
681.15
681.15
681.15
681.15
681.15
681.15
681.15
681.15
681.15
681.15
681.15
681.149
681.149
681.149
681.149
681.149
681.149
681.149
681.149
681.149
681.149
681.149
681.149
681.149
681.148
681.148
681.148
681.148
681.148
681.148
681.148
681.148
681.148
681.147
681.147
681.147
681.147
681.147
681.147
681.147
681.146
681.146
681.146
681.146
681.146
681.146
681.146
681.146
681.146
681.146
681.146
681.146
681.146
681.146
681.147
681.147
681.148
681.148
681.149
681.15
681.151
681.153
681.154
681.156
681.158
681.16
681.162
681.164
681.167
681.169
681.172
681.174
681.176
681.179
681.181
681.183
681.184
681.185
681.186
681.186
681.186
681.186
681.185
681.184
681.183
681.181
681.179
681.176
681.174
681.171
681.169
681.166
681.164
681.162
681.159
681.157
681.156
681.154
681.152
681.151
681.15
681.149
681.148
681.147
681.147
681.146
681.146
681.146
681.146
681.145
681.145
681.145
681.145
681.145
681.145
681.146
681.146
681.146
681.146
681.146
681.146
681.146
681.146
681.146
681.147
681.147
681.147
681.147
681.147
681.147
681.147
681.147
681.147
681.148
681.148
681.148
681.148
681.148
681.148
681.148
681.148
681.148
681.148
681.148
681.148
681.149
681.149
681.149
681.149
681.149
681.149
681.149
681.149
681.149
681.149
681.149
681.149
681.149
681.149
681.149
681.149
681.149
681.149
681.149
681.149
681.149
681.149
681.15
681.15
681.15
681.15
681.15
681.15
681.15
681.15
681.15
681.15
681.15
681.15
681.15
681.362
681.362
681.362
681.362
681.362
681.362
681.362
681.362
681.362
681.362
681.362
681.362
681.361
681.361
681.361
681.361
681.361
681.361
681.361
681.361
681.361
681.361
681.361
681.361
681.361
681.361
681.361
681.361
681.361
681.361
681.36
681.36
681.36
681.36
681.36
681.36
681.36
681.36
681.36
681.36
681.36
681.359
681.359
681.359
681.359
681.359
681.359
681.359
681.359
681.358
681.358
681.358
681.358
681.358
681.358
681.358
681.357
681.357
681.357
681.357
681.357
681.357
681.356
681.356
681.356
681.356
681.356
681.356
681.356
681.356
681.356
681.356
681.356
681.356
681.357
681.357
681.358
681.359
681.36
681.361
681.362
681.364
681.366
681.368
681.37
681.372
681.375
681.377
681.38
681.383
681.386
681.389
681.392
681.394
681.397
681.399
681.4
681.402
681.403
681.403
681.403
681.403
681.402
681.4
681.399
681.397
681.394
681.392
681.389
681.386
681.383
681.38
681.377
681.375
681.372
681.37
681.367
681.365
681.364
681.362
681.361
681.359
681.358
681.358
681.357
681.356
681.356
681.356
681.355
681.355
681.355
681.355
681.355
681.355
681.355
681.356
681.356
681.356
681.356
681.356
681.356
681.356
681.357
681.357
681.357
681.357
681.357
681.357
681.357
681.358
681.358
681.358
681.358
681.358
681.358
681.358
681.358
681.358
681.359
681.359
681.359
681.359
681.359
681.359
681.359
681.359
681.359
681.359
681.359
681.36
681.36
681.36
681.36
681.36
681.36
681.36
681.36
681.36
681.36
681.36
681.36
681.36
681.36
681.36
681.36
681.36
681.36
681.36
681.36
681.361
681.361
681.361
681.361
681.361
681.361
681.361
681.361
681.361
681.361
681.361
681.603
681.603
681.603
681.603
681.603
681.602
681.602
681.602
681.602
681.602
681.602
681.602
681.602
681.602
681.602
681.602
681.602
681.602
681.602
681.602
681.602
681.602
681.602
681.602
681.602
681.602
681.601
681.601
681.601
681.601
681.601
681.601
681.601
681.601
681.601
681.601
681.6
681.6
681.6
681.6
681.6
681.6
681.6
681.6
681.599
681.599
681.599
681.599
681.599
681.599
681.598
681.598
681.598
681.598
681.598
681.598
681.597
681.597
681.597
681.597
681.597
681.596
681.596
681.596
681.596
681.596
681.596
681.595
681.595
681.595
681.596
681.596
681.596
681.596
681.597
681.597
681.598
681.599
681.6
681.601
681.603
681.605
681.607
681.609
681.611
681.614
681.617
681.62
681.623
681.626
681.63
681.633
681.636
681.638
681.641
681.643
681.645
681.647
681.648
681.648
681.648
681.648
681.647
681.645
681.643
681.641
681.638
681.636
681.632
681.629
681.626
681.623
681.62
681.617
681.614
681.611
681.609
681.606
681.604
681.603
681.601
681.6
681.599
681.598
681.597
681.596
681.596
681.595
681.595
681.595
681.595
681.595
681.595
681.595
681.595
681.595
681.595
681.595
681.596
681.596
681.596
681.596
681.596
681.597
681.597
681.597
681.597
681.597
681.597
681.598
681.598
681.598
681.598
681.598
681.598
681.598
681.599
681.599
681.599
681.599
681.599
681.599
681.599
681.599
681.6
681.6
681.6
681.6
681.6
681.6
681.6
681.6
681.6
681.6
681.6
681.6
681.601
681.601
681.601
681.601
681.601
681.601
681.601
681.601
681.601
681.601
681.601
681.601
681.601
681.601
681.601
681.601
681.601
681.601
681.601
681.601
681.601
681.601
681.601
681.601
681.865
681.865
681.865
681.865
681.865
681.865
681.865
681.865
681.865
681.865
681.865
681.865
681.865
681.865
681.865
681.865
681.865
681.865
681.864
681.864
681.864
681.864
681.864
681.864
681.864
681.864
681.864
681.864
681.864
681.864
681.863
681.863
681.863
681.863
681.863
681.863
681.863
681.863
681.862
681.862
681.862
681.862
681.862
681.862
681.861
681.861
681.861
681.861
681.861
681.861
681.86
681.86
681.86
681.86
681.859
681.859
681.859
681.859
681.859
681.858
681.858
681.858
681.858
681.858
681.857
681.857
681.857
681.857
681.857
681.857
681.857
681.857
681.857
681.858
681.858
681.859
681.86
681.861
681.862
681.864
681.865
681.867
681.869
681.872
681.874
681.877
681.88
681.884
681.887
681.89
681.894
681.897
681.9
681.903
681.906
681.908
681.91
681.912
681.913
681.913
681.913
681.913
681.912
681.91
681.908
681.906
681.903
681.9
681.897
681.893
681.89
681.887
681.883
681.88
681.877
681.874
681.871
681.869
681.867
681.865
681.863
681.862
681.86
681.859
681.858
681.858
681.857
681.857
681.857
681.856
681.856
681.856
681.856
681.856
681.856
681.857
681.857
681.857
681.857
681.857
681.857
681.858
681.858
681.858
681.858
681.859
681.859
681.859
681.859
681.859
681.86
681.86
681.86
681.86
681.86
681.86
681.861
681.861
681.861
681.861
681.861
681.861
681.861
681.861
681.862
681.862
681.862
681.862
681.862
681.862
681.862
681.862
681.862
681.863
681.863
681.863
681.863
681.863
681.863
681.863
681.863
681.863
681.863
681.863
681.863
681.863
681.863
681.863
681.863
681.863
681.864
681.864
681.864
681.864
681.864
681.864
681.864
681.864
681.864
681.864
682.138
682.138
682.138
682.138
682.138
682.138
682.137
682.137
682.137
682.137
682.137
682.137
682.137
682.137
682.137
682.137
682.137
682.137
682.137
682.137
682.137
682.137
682.137
682.137
682.136
682.136
682.136
682.136
682.136
682.136
682.136
682.136
682.135
682.135
682.135
682.135
682.135
682.135
682.135
682.134
682.134
682.134
682.134
682.134
682.134
682.133
682.133
682.133
682.133
682.133
682.132
682.132
682.132
682.132
682.131
682.131
682.131
682.131
682.13
682.13
682.13
682.13
682.129
682.129
682.129
682.129
682.129
682.129
682.129
682.129
682.129
682.129
682.129
682.13
682.13
682.131
682.132
682.133
682.134
682.136
682.138
682.14
682.142
682.144
682.147
682.15
682.153
682.157
682.16
682.163
682.167
682.17
682.173
682.176
682.179
682.182
682.184
682.186
682.187
682.188
682.188
682.187
682.186
682.184
682.182
682.179
682.176
682.173
682.17
682.166
682.163
682.16
682.156
682.153
682.15
682.147
682.144
682.141
682.139
682.137
682.135
682.134
682.132
682.131
682.13
682.13
682.129
682.129
682.128
682.128
682.128
682.128
682.128
682.128
682.128
682.128
682.128
682.129
682.129
682.129
682.129
682.129
682.13
682.13
682.13
682.13
682.131
682.131
682.131
682.131
682.131
682.132
682.132
682.132
682.132
682.132
682.133
682.133
682.133
682.133
682.133
682.133
682.133
682.134
682.134
682.134
682.134
682.134
682.134
682.134
682.134
682.135
682.135
682.135
682.135
682.135
682.135
682.135
682.135
682.135
682.135
682.135
682.136
682.136
682.136
682.136
682.136
682.136
682.136
682.136
682.136
682.136
682.136
682.136
682.136
682.136
682.136
682.136
682.136
682.136
682.406
682.406
682.406
682.406
682.406
682.406
682.406
682.406
682.406
682.406
682.406
682.406
682.406
682.406
682.406
682.406
682.406
682.406
682.406
682.406
682.406
682.405
682.405
682.405
682.405
682.405
682.405
682.405
682.405
682.405
682.405
682.404
682.404
682.404
682.404
682.404
682.404
682.403
682.403
682.403
682.403
682.403
682.403
682.402
682.402
682.402
682.402
682.402
682.401
682.401
682.401
682.401
682.4
682.4
682.4
682.4
682.399
682.399
682.399
682.399
682.398
682.398
682.398
682.398
682.397
682.397
682.397
682.397
682.397
682.397
682.397
682.397
682.398
682.398
682.399
682.399
682.4
682.402
682.403
682.404
682.406
682.408
682.411
682.413
682.416
682.419
682.422
682.425
682.429
682.432
682.435
682.439
682.442
682.446
682.449
682.452
682.455
682.457
682.459
682.46
682.46
682.459
682.457
682.455
682.452
682.449
682.446
682.442
682.439
682.435
682.432
682.428
682.425
682.422
682.419
682.416
682.413
682.41
682.408
682.406
682.404
682.402
682.401
682.4
682.399
682.398
682.397
682.397
682.397
682.396
682.396
682.396
682.396
682.396
682.396
682.396
682.397
682.397
682.397
682.397
682.398
682.398
682.398
682.398
682.399
682.399
682.399
682.399
682.399
682.4
682.4
682.4
682.4
682.401
682.401
682.401
682.401
682.401
682.401
682.402
682.402
682.402
682.402
682.402
682.402
682.403
682.403
682.403
682.403
682.403
682.403
682.403
682.403
682.404
682.404
682.404
682.404
682.404
682.404
682.404
682.404
682.404
682.404
682.404
682.404
682.404
682.404
682.405
682.405
682.405
682.405
682.405
682.405
682.405
682.405
682.405
682.405
682.405
682.405
682.405
682.658
682.658
682.658
682.658
682.658
682.658
682.658
682.658
682.658
682.658
682.658
682.658
682.658
682.658
682.658
682.658
682.658
682.658
682.658
682.657
682.657
682.657
682.657
682.657
682.657
682.657
682.657
682.657
682.657
682.656
682.656
682.656
682.656
682.656
682.656
682.656
682.655
682.655
682.655
682.655
682.655
682.654
682.654
682.654
682.654
682.654
682.653
682.653
682.653
682.653
682.652
682.652
682.652
682.652
682.651
682.651
682.651
682.651
682.65
682.65
682.65
682.65
682.649
682.649
682.649
682.649
682.649
682.649
682.649
682.649
682.649
682.649
682.649
682.65
682.65
682.651
682.652
682.653
682.655
682.656
682.658
682.66
682.662
682.665
682.668
682.671
682.674
682.677
682.68
682.684
682.688
682.692
682.696
682.701
682.706
682.711
682.715
682.719
682.722
682.724
682.724
682.722
682.719
682.715
682.711
682.706
682.701
682.696
682.691
682.687
682.683
682.68
682.677
682.673
682.67
682.667
682.665
682.662
682.66
682.658
682.656
682.654
682.653
682.651
682.65
682.65
682.649
682.648
682.648
682.648
682.648
682.648
682.648
682.648
682.648
682.648
682.648
682.648
682.649
682.649
682.649
682.649
682.65
682.65
682.65
682.65
682.651
682.651
682.651
682.651
682.652
682.652
682.652
682.652
682.652
682.653
682.653
682.653
682.653
682.653
682.653
682.654
682.654
682.654
682.654
682.654
682.654
682.655
682.655
682.655
682.655
682.655
682.655
682.655
682.655
682.655
682.656
682.656
682.656
682.656
682.656
682.656
682.656
682.656
682.656
682.656
682.656
682.656
682.656
682.656
682.656
682.656
682.656
682.657
682.657
682.657
682.657
682.657
682.657
682.657
682.881
682.881
682.881
682.881
682.881
682.881
682.881
682.881
682.881
682.881
682.881
682.881
682.88
682.88
682.88
682.88
682.88
682.88
682.88
682.88
682.88
682.88
682.88
682.88
682.88
682.879
682.879
682.879
682.879
682.879
682.879
682.879
682.879
682.878
682.878
682.878
682.878
682.878
682.878
682.877
682.877
682.877
682.877
682.877
682.876
682.876
682.876
682.876
682.875
682.875
682.875
682.875
682.874
682.874
682.874
682.874
682.873
682.873
682.873
682.873
682.872
682.872
682.872
682.872
682.871
682.871
682.871
682.871
682.871
682.871
682.871
682.871
682.872
682.872
682.873
682.874
682.875
682.876
682.877
682.879
682.881
682.883
682.885
682.888
682.89
682.893
682.896
682.9
682.904
682.908
682.913
682.919
682.926
682.935
682.944
682.953
682.962
682.971
682.977
682.98
682.98
682.977
682.971
682.962
682.953
682.944
682.934
682.926
682.919
682.913
682.908
682.903
682.899
682.896
682.893
682.89
682.887
682.885
682.882
682.88
682.878
682.877
682.875
682.874
682.873
682.872
682.872
682.871
682.871
682.87
682.87
682.87
682.87
682.87
682.87
682.871
682.871
682.871
682.871
682.871
682.872
682.872
682.872
682.872
682.873
682.873
682.873
682.873
682.874
682.874
682.874
682.874
682.874
682.875
682.875
682.875
682.875
682.875
682.876
682.876
682.876
682.876
682.876
682.876
682.877
682.877
682.877
682.877
682.877
682.877
682.877
682.878
682.878
682.878
682.878
682.878
682.878
682.878
682.878
682.878
682.878
682.878
682.879
682.879
682.879
682.879
682.879
682.879
682.879
682.879
682.879
682.879
682.879
682.879
682.879
682.879
682.879
682.879
682.879
682.879
683.062
683.062
683.062
683.062
683.062
683.062
683.062
683.062
683.062
683.062
683.062
683.062
683.062
683.062
683.062
683.062
683.062
683.062
683.062
683.061
683.061
683.061
683.061
683.061
683.061
683.061
683.061
683.061
683.061
683.06
683.06
683.06
683.06
683.06
683.06
683.06
683.059
683.059
683.059
683.059
683.059
683.059
683.058
683.058
683.058
683.058
683.057
683.057
683.057
683.057
683.057
683.056
683.056
683.056
683.055
683.055
683.055
683.055
683.054
683.054
683.054
683.054
683.053
683.053
683.053
683.053
683.053
683.053
683.053
683.053
683.053
683.053
683.053
683.054
683.055
683.055
683.056
683.058
683.059
683.061
683.062
683.064
683.067
683.069
683.072
683.075
683.079
683.083
683.088
683.095
683.104
683.115
683.128
683.145
683.163
683.183
683.203
683.22
683.233
683.24
683.24
683.234
683.221
683.203
683.184
683.163
683.145
683.128
683.114
683.103
683.095
683.088
683.083
683.078
683.075
683.072
683.069
683.066
683.064
683.062
683.06
683.058
683.057
683.056
683.055
683.054
683.053
683.053
683.052
683.052
683.052
683.052
683.052
683.052
683.052
683.052
683.052
683.052
683.053
683.053
683.053
683.053
683.054
683.054
683.054
683.054
683.055
683.055
683.055
683.055
683.056
683.056
683.056
683.056
683.056
683.057
683.057
683.057
683.057
683.057
683.058
683.058
683.058
683.058
683.058
683.058
683.058
683.059
683.059
683.059
683.059
683.059
683.059
683.059
683.059
683.06
683.06
683.06
683.06
683.06
683.06
683.06
683.06
683.06
683.06
683.06
683.06
683.06
683.06
683.06
683.061
683.061
683.061
683.061
683.061
683.061
683.061
683.061
683.061
683.061
683.188
683.188
683.188
683.188
683.188
683.188
683.188
683.188
683.188
683.188
683.188
683.187
683.187
683.187
683.187
683.187
683.187
683.187
683.187
683.187
683.187
683.187
683.187
683.187
683.187
683.186
683.186
683.186
683.186
683.186
683.186
683.186
683.186
683.185
683.185
683.185
683.185
683.185
683.185
683.184
683.184
683.184
683.184
683.184
683.183
683.183
683.183
683.183
683.183
683.182
683.182
683.182
683.182
683.181
683.181
683.181
683.181
683.18
683.18
683.18
683.18
683.179
683.179
683.179
683.179
683.178
683.178
683.178
683.178
683.178
683.179
683.179
683.179
683.18
683.18
683.181
683.182
683.183
683.185
683.186
683.188
683.19
683.193
683.195
683.199
683.202
683.207
683.213
683.222
683.234
683.25
683.272
683.299
683.333
683.372
683.413
683.454
683.49
683.517
683.532
683.532
683.518
683.49
683.454
683.413
683.372
683.333
683.299
683.272
683.25
683.234
683.222
683.213
683.207
683.202
683.198
683.195
683.192
683.19
683.188
683.186
683.184
683.183
683.181
683.18
683.18
683.179
683.178
683.178
683.178
683.178
683.178
683.178
683.178
683.178
683.178
683.178
683.178
683.178
683.179
683.179
683.179
683.179
683.18
683.18
683.18
683.18
683.18
683.181
683.181
683.181
683.181
683.182
683.182
683.182
683.182
683.182
683.183
683.183
683.183
683.183
683.183
683.183
683.184
683.184
683.184
683.184
683.184
683.184
683.184
683.185
683.185
683.185
683.185
683.185
683.185
683.185
683.185
683.185
683.185
683.185
683.186
683.186
683.186
683.186
683.186
683.186
683.186
683.186
683.186
683.186
683.186
683.186
683.186
683.186
683.186
683.186
683.186
683.186
683.186
683.236
683.236
683.236
683.236
683.236
683.236
683.236
683.236
683.236
683.236
683.236
683.236
683.236
683.236
683.236
683.236
683.236
683.236
683.236
683.236
683.236
683.236
683.235
683.235
683.235
683.235
683.235
683.235
683.235
683.235
683.235
683.234
683.234
683.234
683.234
683.234
683.234
683.233
683.233
683.233
683.233
683.233
683.233
683.232
683.232
683.232
683.232
683.232
683.231
683.231
683.231
683.231
683.23
683.23
683.23
683.23
683.229
683.229
683.229
683.229
683.228
683.228
683.228
683.228
683.227
683.227
683.227
683.227
683.227
683.227
683.227
683.228
683.228
683.228
683.229
683.23
683.231
683.232
683.234
683.235
683.237
683.239
683.242
683.245
683.249
683.254
683.261
683.272
683.287
683.308
683.339
683.382
683.436
683.503
683.58
683.663
683.744
683.817
683.871
683.9
683.9
683.871
683.817
683.745
683.663
683.58
683.503
683.437
683.382
683.34
683.308
683.286
683.271
683.261
683.254
683.249
683.245
683.242
683.239
683.237
683.235
683.233
683.232
683.23
683.229
683.229
683.228
683.227
683.227
683.227
683.227
683.226
683.226
683.226
683.227
683.227
683.227
683.227
683.227
683.227
683.228
683.228
683.228
683.228
683.229
683.229
683.229
683.229
683.23
683.23
683.23
683.23
683.23
683.231
683.231
683.231
683.231
683.231
683.232
683.232
683.232
683.232
683.232
683.232
683.233
683.233
683.233
683.233
683.233
683.233
683.233
683.233
683.234
683.234
683.234
683.234
683.234
683.234
683.234
683.234
683.234
683.234
683.234
683.234
683.235
683.235
683.235
683.235
683.235
683.235
683.235
683.235
683.235
683.235
683.235
683.235
683.235
683.235
683.235
683.235
683.178
683.178
683.178
683.178
683.178
683.178
683.178
683.178
683.178
683.178
683.178
683.178
683.178
683.178
683.177
683.177
683.177
683.177
683.177
683.177
683.177
683.177
683.177
683.177
683.177
683.177
683.176
683.176
683.176
683.176
683.176
683.176
683.176
683.176
683.175
683.175
683.175
683.175
683.175
683.175
683.175
683.174
683.174
683.174
683.174
683.174
683.173
683.173
683.173
683.173
683.172
683.172
683.172
683.172
683.171
683.171
683.171
683.171
683.17
683.17
683.17
683.17
683.17
683.169
683.169
683.169
683.169
683.169
683.169
683.169
683.169
683.169
683.17
683.17
683.171
683.172
683.173
683.174
683.175
683.177
683.179
683.181
683.184
683.188
683.194
683.201
683.213
683.23
683.257
683.297
683.354
683.432
683.534
683.66
683.806
683.963
684.118
684.256
684.359
684.414
684.414
684.359
684.256
684.119
683.964
683.807
683.661
683.535
683.432
683.354
683.297
683.257
683.23
683.213
683.201
683.193
683.188
683.184
683.181
683.178
683.176
683.175
683.173
683.172
683.171
683.17
683.169
683.169
683.169
683.168
683.168
683.168
683.168
683.168
683.168
683.168
683.169
683.169
683.169
683.169
683.169
683.17
683.17
683.17
683.17
683.171
683.171
683.171
683.171
683.171
683.172
683.172
683.172
683.172
683.172
683.173
683.173
683.173
683.173
683.173
683.174
683.174
683.174
683.174
683.174
683.174
683.174
683.175
683.175
683.175
683.175
683.175
683.175
683.175
683.175
683.175
683.175
683.176
683.176
683.176
683.176
683.176
683.176
683.176
683.176
683.176
683.176
683.176
683.176
683.176
683.176
683.176
683.176
683.176
683.176
683.176
683.176
683.176
683.176
683.176
682.96
682.96
682.96
682.96
682.96
682.96
682.96
682.96
682.96
682.96
682.96
682.96
682.96
682.96
682.96
682.96
682.96
682.96
682.96
682.96
682.96
682.96
682.959
682.959
682.959
682.959
682.959
682.959
682.959
682.959
682.959
682.959
682.958
682.958
682.958
682.958
682.958
682.958
682.958
682.957
682.957
682.957
682.957
682.957
682.956
682.956
682.956
682.956
682.956
682.955
682.955
682.955
682.955
682.955
682.954
682.954
682.954
682.954
682.953
682.953
682.953
682.953
682.952
682.952
682.952
682.952
682.952
682.952
682.952
682.952
682.952
682.952
682.952
682.953
682.953
682.954
682.955
682.956
682.958
682.96
682.962
682.965
682.968
682.973
682.981
682.993
683.012
683.042
683.089
683.159
683.26
683.4
683.583
683.81
684.072
684.356
684.636
684.884
685.071
685.172
685.172
685.072
684.886
684.638
684.358
684.074
683.811
683.584
683.401
683.261
683.159
683.089
683.042
683.012
682.993
682.981
682.973
682.968
682.964
682.961
682.959
682.957
682.956
682.955
682.954
682.953
682.952
682.952
682.951
682.951
682.951
682.951
682.951
682.951
682.951
682.951
682.951
682.952
682.952
682.952
682.952
682.952
682.953
682.953
682.953
682.953
682.954
682.954
682.954
682.954
682.955
682.955
682.955
682.955
682.955
682.956
682.956
682.956
682.956
682.956
682.956
682.956
682.957
682.957
682.957
682.957
682.957
682.957
682.957
682.958
682.958
682.958
682.958
682.958
682.958
682.958
682.958
682.958
682.958
682.958
682.959
682.959
682.959
682.959
682.959
682.959
682.959
682.959
682.959
682.959
682.959
682.959
682.959
682.959
682.959
682.959
682.959
682.959
682.959
682.959
682.516
682.516
682.516
682.516
682.516
682.516
682.516
682.515
682.515
682.515
682.515
682.515
682.515
682.515
682.515
682.515
682.515
682.515
682.515
682.515
682.515
682.515
682.515
682.515
682.515
682.514
682.514
682.514
682.514
682.514
682.514
682.514
682.514
682.514
682.513
682.513
682.513
682.513
682.513
682.513
682.513
682.512
682.512
682.512
682.512
682.512
682.511
682.511
682.511
682.511
682.511
682.51
682.51
682.51
682.51
682.509
682.509
682.509
682.509
682.509
682.508
682.508
682.508
682.508
682.507
682.507
682.507
682.507
682.507
682.507
682.507
682.507
682.508
682.508
682.509
682.509
682.51
682.512
682.513
682.515
682.517
682.521
682.525
682.532
682.544
682.563
682.593
682.643
682.721
682.84
683.012
683.251
683.563
683.951
684.402
684.889
685.372
685.801
686.125
686.299
686.3
686.127
685.805
685.376
684.893
684.405
683.954
683.566
683.253
683.014
682.841
682.722
682.643
682.593
682.563
682.544
682.532
682.525
682.52
682.517
682.515
682.513
682.511
682.51
682.509
682.508
682.508
682.507
682.507
682.507
682.507
682.507
682.507
682.507
682.507
682.507
682.507
682.507
682.507
682.508
682.508
682.508
682.508
682.509
682.509
682.509
682.509
682.509
682.51
682.51
682.51
682.51
682.51
682.511
682.511
682.511
682.511
682.511
682.511
682.512
682.512
682.512
682.512
682.512
682.512
682.512
682.513
682.513
682.513
682.513
682.513
682.513
682.513
682.513
682.513
682.514
682.514
682.514
682.514
682.514
682.514
682.514
682.514
682.514
682.514
682.514
682.514
682.514
682.514
682.514
682.514
682.514
682.514
682.514
682.514
682.514
682.514
682.514
682.514
682.514
681.754
681.754
681.754
681.754
681.754
681.754
681.754
681.754
681.754
681.754
681.754
681.754
681.754
681.754
681.754
681.754
681.753
681.753
681.753
681.753
681.753
681.753
681.753
681.753
681.753
681.753
681.753
681.753
681.753
681.752
681.752
681.752
681.752
681.752
681.752
681.752
681.752
681.752
681.751
681.751
681.751
681.751
681.751
681.751
681.75
681.75
681.75
681.75
681.75
681.75
681.749
681.749
681.749
681.749
681.748
681.748
681.748
681.748
681.747
681.747
681.747
681.747
681.747
681.746
681.746
681.746
681.746
681.746
681.746
681.746
681.746
681.746
681.746
681.746
681.747
681.748
681.749
681.75
681.751
681.753
681.756
681.76
681.766
681.776
681.793
681.821
681.87
681.949
682.074
682.266
682.545
682.932
683.441
684.074
684.811
685.611
686.407
687.115
687.65
687.939
687.94
687.654
687.121
686.414
685.618
684.818
684.079
683.446
682.935
682.547
682.268
682.075
681.949
681.87
681.821
681.793
681.776
681.766
681.76
681.756
681.753
681.751
681.749
681.748
681.747
681.747
681.746
681.746
681.745
681.745
681.745
681.745
681.745
681.745
681.746
681.746
681.746
681.746
681.746
681.746
681.747
681.747
681.747
681.747
681.748
681.748
681.748
681.748
681.748
681.749
681.749
681.749
681.749
681.749
681.75
681.75
681.75
681.75
681.75
681.75
681.751
681.751
681.751
681.751
681.751
681.751
681.751
681.751
681.751
681.752
681.752
681.752
681.752
681.752
681.752
681.752
681.752
681.752
681.752
681.752
681.752
681.753
681.753
681.753
681.753
681.753
681.753
681.753
681.753
681.753
681.753
681.753
681.753
681.753
681.753
681.753
681.753
681.753
681.753
681.753
680.569
680.569
680.569
680.569
680.569
680.569
680.569
680.569
680.569
680.569
680.569
680.569
680.569
680.569
680.569
680.569
680.569
680.569
680.569
680.569
680.569
680.568
680.568
680.568
680.568
680.568
680.568
680.568
680.568
680.568
680.568
680.568
680.568
680.568
680.567
680.567
680.567
680.567
680.567
680.567
680.567
680.567
680.566
680.566
680.566
680.566
680.566
680.566
680.565
680.565
680.565
680.565
680.565
680.564
680.564
680.564
680.564
680.563
680.563
680.563
680.563
680.562
680.562
680.562
680.562
680.562
680.561
680.561
680.561
680.561
680.561
680.561
680.561
680.561
680.562
680.562
680.563
680.564
680.566
680.568
680.571
680.575
680.583
680.597
680.621
680.664
680.736
680.857
681.049
681.343
681.773
682.371
683.161
684.146
685.299
686.554
687.806
688.925
689.772
690.23
690.232
689.779
688.936
687.819
686.567
685.311
684.156
683.17
682.378
681.778
681.346
681.051
680.858
680.737
680.664
680.621
680.597
680.583
680.575
680.57
680.567
680.565
680.564
680.563
680.562
680.562
680.561
680.561
680.561
680.561
680.561
680.561
680.561
680.561
680.561
680.561
680.562
680.562
680.562
680.562
680.563
680.563
680.563
680.563
680.563
680.564
680.564
680.564
680.564
680.565
680.565
680.565
680.565
680.565
680.565
680.566
680.566
680.566
680.566
680.566
680.566
680.566
680.567
680.567
680.567
680.567
680.567
680.567
680.567
680.567
680.567
680.567
680.567
680.568
680.568
680.568
680.568
680.568
680.568
680.568
680.568
680.568
680.568
680.568
680.568
680.568
680.568
680.568
680.568
680.568
680.568
680.568
680.568
680.568
680.568
680.568
680.568
680.568
680.568
680.568
678.848
678.848
678.848
678.848
678.848
678.848
678.848
678.848
678.848
678.848
678.848
678.848
678.848
678.848
678.848
678.848
678.848
678.848
678.848
678.848
678.848
678.847
678.847
678.847
678.847
678.847
678.847
678.847
678.847
678.847
678.847
678.847
678.847
678.847
678.847
678.846
678.846
678.846
678.846
678.846
678.846
678.846
678.846
678.845
678.845
678.845
678.845
678.845
678.845
678.844
678.844
678.844
678.844
678.844
678.843
678.843
678.843
678.843
678.842
678.842
678.842
678.842
678.841
678.841
678.841
678.841
678.84
678.84
678.84
678.84
678.839
678.839
678.839
678.839
678.84
678.84
678.84
678.841
678.842
678.844
678.847
678.853
678.863
678.881
678.915
678.975
679.08
679.254
679.534
679.964
680.596
681.477
682.646
684.108
685.827
687.707
689.592
691.284
692.57
693.267
693.272
692.582
691.303
689.614
687.729
685.848
684.126
682.66
681.488
680.603
679.97
679.538
679.256
679.081
678.976
678.916
678.882
678.863
678.853
678.847
678.844
678.842
678.841
678.84
678.84
678.839
678.839
678.839
678.839
678.839
678.839
678.84
678.84
678.84
678.84
678.841
678.841
678.841
678.841
678.842
678.842
678.842
678.842
678.843
678.843
678.843
678.843
678.844
678.844
678.844
678.844
678.844
678.845
678.845
678.845
678.845
678.845
678.845
678.845
678.846
678.846
678.846
678.846
678.846
678.846
678.846
678.846
678.846
678.847
678.847
678.847
678.847
678.847
678.847
678.847
678.847
678.847
678.847
678.847
678.847
678.847
678.847
678.847
678.847
678.847
678.847
678.847
678.847
678.848
678.848
678.848
678.848
678.848
678.848
678.848
678.848
678.848
678.848
678.848
678.848
676.486
676.486
676.486
676.486
676.486
676.486
676.486
676.486
676.486
676.486
676.486
676.486
676.486
676.486
676.486
676.486
676.486
676.486
676.486
676.486
676.486
676.486
676.486
676.486
676.486
676.486
676.486
676.486
676.486
676.486
676.486
676.485
676.485
676.485
676.485
676.485
676.485
676.485
676.485
676.485
676.485
676.484
676.484
676.484
676.484
676.484
676.484
676.484
676.483
676.483
676.483
676.483
676.483
676.482
676.482
676.482
676.482
676.481
676.481
676.481
676.48
676.48
676.48
676.479
676.479
676.478
676.478
676.478
676.477
676.477
676.476
676.476
676.476
676.476
676.475
676.475
676.475
676.475
676.476
676.478
676.481
676.487
676.499
676.523
676.568
676.649
676.792
677.032
677.42
678.019
678.9
680.136
681.782
683.852
686.298
688.99
691.707
694.159
696.031
697.051
697.059
696.053
694.191
691.744
689.027
686.332
683.881
681.805
680.153
678.912
678.027
677.425
677.036
676.794
676.651
676.569
676.523
676.499
676.487
676.481
676.478
676.476
676.475
676.475
676.475
676.475
676.476
676.476
676.476
676.476
676.477
676.477
676.478
676.478
676.478
676.479
676.479
676.48
676.48
676.48
676.481
676.481
676.481
676.482
676.482
676.482
676.482
676.483
676.483
676.483
676.483
676.483
676.484
676.484
676.484
676.484
676.484
676.484
676.485
676.485
676.485
676.485
676.485
676.485
676.485
676.485
676.485
676.485
676.485
676.486
676.486
676.486
676.486
676.486
676.486
676.486
676.486
676.486
676.486
676.486
676.486
676.486
676.486
676.486
676.486
676.486
676.486
676.486
676.486
676.486
676.486
676.486
676.486
676.486
676.486
676.486
676.486
676.486
676.486
676.486
673.41
673.41
673.41
673.41
673.41
673.41
673.41
673.41
673.41
673.41
673.41
673.41
673.41
673.41
673.41
673.41
673.41
673.41
673.41
673.41
673.41
673.41
673.41
673.41
673.41
673.41
673.41
673.41
673.41
673.41
673.41
673.41
673.41
673.409
673.409
673.409
673.409
673.409
673.409
673.409
673.409
673.409
673.409
673.408
673.408
673.408
673.408
673.408
673.408
673.407
673.407
673.407
673.407
673.406
673.406
673.406
673.405
673.405
673.405
673.404
673.404
673.403
673.403
673.402
673.402
673.401
673.4
673.4
673.399
673.398
673.397
673.397
673.396
673.395
673.394
673.393
673.392
673.392
673.391
673.392
673.395
673.401
673.415
673.444
673.501
673.605
673.79
674.105
674.614
675.405
676.575
678.223
680.429
683.22
686.54
690.225
693.973
697.382
700.001
701.436
701.449
700.039
697.436
694.035
690.287
686.595
683.266
680.465
678.25
676.593
675.417
674.622
674.11
673.793
673.607
673.502
673.445
673.415
673.401
673.395
673.392
673.392
673.392
673.392
673.393
673.394
673.395
673.396
673.397
673.398
673.398
673.399
673.4
673.4
673.401
673.402
673.402
673.403
673.403
673.404
673.404
673.405
673.405
673.406
673.406
673.406
673.407
673.407
673.407
673.407
673.408
673.408
673.408
673.408
673.408
673.409
673.409
673.409
673.409
673.409
673.409
673.409
673.409
673.41
673.41
673.41
673.41
673.41
673.41
673.41
673.41
673.41
673.41
673.41
673.41
673.41
673.41
673.41
673.41
673.41
673.41
673.41
673.411
673.411
673.411
673.411
673.411
673.411
673.411
673.411
673.411
673.411
673.411
673.411
673.411
673.411
673.411
673.411
673.411
673.411
669.598
669.598
669.598
669.598
669.598
669.598
669.598
669.598
669.598
669.598
669.598
669.598
669.598
669.598
669.598
669.598
669.598
669.598
669.598
669.598
669.598
669.598
669.598
669.598
669.598
669.598
669.598
669.598
669.598
669.598
669.597
669.597
669.597
669.597
669.597
669.597
669.597
669.597
669.597
669.597
669.597
669.596
669.596
669.596
669.596
669.596
669.595
669.595
669.595
669.595
669.594
669.594
669.594
669.593
669.593
669.592
669.592
669.591
669.591
669.59
669.59
669.589
669.588
669.587
669.586
669.585
669.584
669.583
669.582
669.581
669.579
669.578
669.576
669.574
669.572
669.57
669.568
669.566
669.564
669.563
669.564
669.57
669.585
669.618
669.685
669.811
670.039
670.428
671.063
672.053
673.526
675.613
678.425
682.008
686.308
691.119
696.074
700.625
704.155
706.103
706.125
704.218
700.714
696.174
691.217
686.395
682.079
678.479
675.653
673.553
672.071
671.074
670.435
670.043
669.814
669.686
669.619
669.585
669.57
669.565
669.564
669.565
669.566
669.568
669.571
669.573
669.575
669.576
669.578
669.58
669.581
669.582
669.584
669.585
669.586
669.587
669.588
669.589
669.589
669.59
669.591
669.591
669.592
669.592
669.593
669.593
669.594
669.594
669.595
669.595
669.595
669.596
669.596
669.596
669.596
669.597
669.597
669.597
669.597
669.597
669.597
669.598
669.598
669.598
669.598
669.598
669.598
669.598
669.598
669.598
669.598
669.598
669.598
669.598
669.598
669.599
669.599
669.599
669.599
669.599
669.599
669.599
669.599
669.599
669.599
669.599
669.599
669.599
669.599
669.599
669.599
669.599
669.599
669.599
669.599
669.599
669.599
669.599
669.599
669.599
665.098
665.098
665.098
665.098
665.098
665.098
665.098
665.098
665.098
665.098
665.098
665.098
665.098
665.098
665.097
665.097
665.097
665.097
665.097
665.097
665.097
665.097
665.097
665.097
665.097
665.097
665.097
665.097
665.097
665.097
665.097
665.097
665.097
665.097
665.097
665.097
665.096
665.096
665.096
665.096
665.096
665.096
665.095
665.095
665.095
665.095
665.094
665.094
665.093
665.093
665.093
665.092
665.092
665.091
665.09
665.09
665.089
665.088
665.087
665.086
665.085
665.084
665.083
665.082
665.08
665.079
665.077
665.075
665.073
665.071
665.069
665.066
665.063
665.06
665.056
665.053
665.049
665.044
665.04
665.036
665.034
665.038
665.051
665.086
665.16
665.304
665.567
666.021
666.768
667.94
669.696
672.202
675.603
679.977
685.282
691.291
697.555
703.408
708.01
710.576
710.613
708.113
703.554
697.715
691.443
685.414
680.083
675.683
672.26
669.736
667.967
666.784
666.031
665.572
665.307
665.162
665.087
665.052
665.038
665.035
665.037
665.04
665.045
665.049
665.053
665.057
665.06
665.064
665.067
665.069
665.072
665.074
665.076
665.078
665.08
665.081
665.083
665.084
665.085
665.086
665.087
665.088
665.089
665.09
665.091
665.091
665.092
665.093
665.093
665.094
665.094
665.094
665.095
665.095
665.096
665.096
665.096
665.096
665.097
665.097
665.097
665.097
665.097
665.098
665.098
665.098
665.098
665.098
665.098
665.098
665.098
665.098
665.098
665.098
665.098
665.099
665.099
665.099
665.099
665.099
665.099
665.099
665.099
665.099
665.099
665.099
665.099
665.099
665.099
665.099
665.099
665.099
665.099
665.099
665.099
665.099
665.099
665.099
665.099
665.099
660.034
660.034
660.034
660.034
660.034
660.034
660.034
660.034
660.034
660.034
660.034
660.034
660.034
660.034
660.034
660.034
660.034
660.034
660.034
660.034
660.034
660.034
660.034
660.034
660.034
660.034
660.034
660.034
660.034
660.034
660.033
660.033
660.033
660.033
660.033
660.033
660.032
660.032
660.032
660.032
660.032
660.031
660.031
660.03
660.03
660.03
660.029
660.029
660.028
660.027
660.027
660.026
660.025
660.024
660.023
660.022
660.021
660.02
660.019
660.017
660.016
660.014
660.012
660.01
660.008
660.006
660.003
660
659.997
659.993
659.989
659.985
659.98
659.975
659.969
659.963
659.956
659.948
659.94
659.933
659.927
659.925
659.935
659.967
660.042
660.194
660.478
660.976
661.803
663.112
665.088
667.93
671.824
676.89
683.117
690.287
697.902
705.154
710.999
714.312
714.375
711.169
705.388
698.151
690.518
683.312
677.044
671.939
668.012
665.143
663.148
661.826
660.989
660.486
660.199
660.044
659.968
659.936
659.926
659.927
659.933
659.941
659.949
659.957
659.964
659.97
659.976
659.981
659.986
659.99
659.994
659.998
660.001
660.004
660.007
660.009
660.011
660.013
660.015
660.017
660.019
660.02
660.021
660.023
660.024
660.025
660.026
660.027
660.027
660.028
660.029
660.029
660.03
660.031
660.031
660.032
660.032
660.032
660.033
660.033
660.033
660.034
660.034
660.034
660.034
660.035
660.035
660.035
660.035
660.035
660.035
660.035
660.035
660.036
660.036
660.036
660.036
660.036
660.036
660.036
660.036
660.036
660.036
660.036
660.036
660.036
660.036
660.036
660.036
660.036
660.036
660.036
660.036
660.036
660.036
660.036
660.036
660.036
660.036
660.036
654.604
654.604
654.604
654.604
654.604
654.604
654.604
654.604
654.604
654.604
654.604
654.604
654.604
654.604
654.604
654.604
654.604
654.604
654.604
654.604
654.604
654.604
654.604
654.604
654.604
654.603
654.603
654.603
654.603
654.603
654.603
654.602
654.602
654.602
654.602
654.601
654.601
654.601
654.6
654.6
654.6
654.599
654.599
654.598
654.597
654.597
654.596
654.595
654.594
654.593
654.592
654.591
654.59
654.589
654.587
654.586
654.584
654.582
654.58
654.578
654.576
654.573
654.57
654.567
654.564
654.56
654.556
654.552
654.547
654.541
654.536
654.529
654.522
654.514
654.505
654.495
654.484
654.472
654.459
654.445
654.433
654.424
654.426
654.45
654.518
654.665
654.95
655.458
656.315
657.685
659.773
662.808
667.014
672.563
679.503
687.67
696.581
705.337
712.602
716.866
716.97
712.883
705.704
696.959
688.01
679.783
672.78
667.173
662.92
659.848
657.734
656.345
655.476
654.96
654.671
654.521
654.452
654.427
654.425
654.433
654.446
654.459
654.473
654.485
654.496
654.506
654.515
654.523
654.53
654.537
654.543
654.548
654.553
654.557
654.561
654.565
654.569
654.572
654.575
654.577
654.58
654.582
654.584
654.586
654.587
654.589
654.59
654.592
654.593
654.594
654.595
654.596
654.597
654.598
654.599
654.599
654.6
654.601
654.601
654.602
654.602
654.603
654.603
654.603
654.604
654.604
654.604
654.605
654.605
654.605
654.605
654.605
654.606
654.606
654.606
654.606
654.606
654.606
654.606
654.606
654.607
654.607
654.607
654.607
654.607
654.607
654.607
654.607
654.607
654.607
654.607
654.607
654.607
654.607
654.607
654.607
654.607
654.607
654.607
654.607
649.053
649.053
649.053
649.053
649.053
649.053
649.053
649.053
649.052
649.052
649.052
649.052
649.052
649.052
649.052
649.052
649.052
649.052
649.052
649.052
649.052
649.051
649.051
649.051
649.051
649.051
649.051
649.05
649.05
649.05
649.049
649.049
649.049
649.048
649.048
649.047
649.047
649.046
649.046
649.045
649.044
649.044
649.043
649.042
649.041
649.04
649.039
649.038
649.036
649.035
649.033
649.032
649.03
649.028
649.026
649.023
649.021
649.018
649.015
649.012
649.009
649.005
649.001
648.996
648.991
648.986
648.98
648.974
648.966
648.959
648.95
648.941
648.93
648.918
648.905
648.891
648.875
648.857
648.837
648.816
648.794
648.776
648.766
648.776
648.827
648.954
649.213
649.691
650.513
651.847
653.906
656.938
661.201
666.923
674.24
683.103
693.145
703.49
712.566
718.127
718.302
713.019
704.06
693.704
683.587
674.627
667.216
661.413
657.085
654.005
651.91
650.552
649.714
649.226
648.961
648.831
648.778
648.767
648.776
648.795
648.816
648.837
648.857
648.875
648.892
648.906
648.92
648.931
648.942
648.952
648.96
648.968
648.975
648.982
648.988
648.993
648.998
649.003
649.007
649.011
649.014
649.018
649.021
649.023
649.026
649.028
649.03
649.032
649.034
649.036
649.038
649.039
649.04
649.042
649.043
649.044
649.045
649.046
649.047
649.047
649.048
649.049
649.05
649.05
649.051
649.051
649.052
649.052
649.052
649.053
649.053
649.053
649.054
649.054
649.054
649.054
649.055
649.055
649.055
649.055
649.055
649.055
649.056
649.056
649.056
649.056
649.056
649.056
649.056
649.056
649.056
649.056
649.056
649.056
649.056
649.056
649.056
649.056
649.056
649.056
643.626
643.626
643.626
643.626
643.626
643.626
643.626
643.626
643.626
643.626
643.625
643.625
643.625
643.625
643.625
643.625
643.625
643.625
643.624
643.624
643.624
643.624
643.623
643.623
643.623
643.623
643.622
643.622
643.621
643.621
643.62
643.62
643.619
643.619
643.618
643.617
643.616
643.616
643.615
643.614
643.613
643.611
643.61
643.609
643.607
643.606
643.604
643.602
643.6
643.598
643.596
643.594
643.591
643.588
643.585
643.582
643.578
643.574
643.57
643.565
643.56
643.555
643.549
643.543
643.536
643.528
643.52
643.511
643.501
643.49
643.478
643.465
643.45
643.434
643.415
643.395
643.373
643.347
643.32
643.289
643.257
643.226
643.2
643.191
643.216
643.307
643.515
643.921
644.641
645.837
647.716
650.529
654.557
660.084
667.353
676.493
687.397
699.428
710.881
718.477
718.769
711.618
700.291
688.192
677.149
667.862
660.462
654.827
650.715
647.839
645.915
644.689
643.948
643.53
643.315
643.22
643.193
643.201
643.226
643.257
643.29
643.32
643.348
643.374
643.396
643.417
643.435
643.452
643.467
643.48
643.492
643.503
643.513
643.522
643.531
643.539
643.546
643.552
643.558
643.563
643.568
643.573
643.577
643.581
643.585
643.588
643.592
643.594
643.597
643.6
643.602
643.604
643.606
643.608
643.61
643.611
643.613
643.614
643.615
643.617
643.618
643.619
643.62
643.621
643.622
643.622
643.623
643.624
643.624
643.625
643.625
643.626
643.626
643.627
643.627
643.628
643.628
643.628
643.628
643.629
643.629
643.629
643.629
643.63
643.63
643.63
643.63
643.63
643.63
643.63
643.631
643.631
643.631
643.631
643.631
643.631
643.631
643.631
643.631
643.631
638.567
638.567
638.567
638.567
638.567
638.566
638.566
638.566
638.566
638.566
638.566
638.566
638.566
638.565
638.565
638.565
638.565
638.565
638.564
638.564
638.564
638.563
638.563
638.562
638.562
638.562
638.561
638.56
638.56
638.559
638.558
638.558
638.557
638.556
638.555
638.554
638.553
638.552
638.55
638.549
638.548
638.546
638.544
638.542
638.54
638.538
638.536
638.534
638.531
638.528
638.525
638.522
638.518
638.515
638.51
638.506
638.501
638.496
638.491
638.484
638.478
638.471
638.463
638.455
638.446
638.436
638.425
638.413
638.4
638.386
638.37
638.353
638.334
638.313
638.289
638.263
638.234
638.201
638.165
638.125
638.083
638.04
638.001
637.978
637.989
638.064
638.259
638.659
639.388
640.619
642.578
645.544
649.837
655.784
663.685
673.705
685.751
699.137
711.834
720.198
720.547
712.718
700.2
686.74
674.526
664.326
656.261
650.177
645.779
642.733
640.717
639.448
638.694
638.278
638.074
637.994
637.979
638.002
638.04
638.083
638.126
638.166
638.202
638.235
638.264
638.291
638.315
638.336
638.355
638.373
638.389
638.403
638.416
638.428
638.439
638.449
638.458
638.467
638.475
638.482
638.488
638.494
638.5
638.505
638.51
638.515
638.519
638.523
638.526
638.53
638.533
638.536
638.538
638.541
638.543
638.545
638.547
638.549
638.551
638.553
638.554
638.556
638.557
638.558
638.559
638.561
638.562
638.562
638.563
638.564
638.565
638.566
638.566
638.567
638.567
638.568
638.568
638.569
638.569
638.57
638.57
638.57
638.571
638.571
638.571
638.572
638.572
638.572
638.572
638.572
638.572
638.573
638.573
638.573
638.573
638.573
638.573
638.573
638.573
638.573
634.077
634.077
634.077
634.077
634.077
634.077
634.077
634.077
634.077
634.077
634.076
634.076
634.076
634.076
634.075
634.075
634.075
634.075
634.074
634.074
634.073
634.073
634.072
634.072
634.071
634.071
634.07
634.069
634.069
634.068
634.067
634.066
634.065
634.064
634.063
634.061
634.06
634.059
634.057
634.055
634.054
634.052
634.05
634.047
634.045
634.043
634.04
634.037
634.034
634.03
634.027
634.023
634.019
634.014
634.009
634.004
633.999
633.993
633.986
633.979
633.971
633.963
633.954
633.944
633.933
633.922
633.909
633.895
633.88
633.864
633.846
633.825
633.803
633.779
633.752
633.721
633.688
633.65
633.609
633.563
633.514
633.465
633.42
633.393
633.405
633.489
633.711
634.166
634.997
636.404
638.648
642.046
646.956
653.738
662.659
673.874
687.157
701.581
714.999
723.682
724.058
715.97
702.772
688.302
674.85
663.433
654.322
647.378
642.338
638.842
636.528
635.072
634.209
633.734
633.501
633.411
633.395
633.421
633.465
633.515
633.564
633.61
633.651
633.689
633.723
633.754
633.781
633.806
633.828
633.848
633.867
633.884
633.899
633.913
633.926
633.937
633.948
633.958
633.967
633.976
633.983
633.99
633.997
634.003
634.009
634.014
634.019
634.024
634.028
634.032
634.036
634.039
634.042
634.045
634.048
634.051
634.053
634.055
634.058
634.06
634.061
634.063
634.065
634.066
634.068
634.069
634.07
634.071
634.072
634.073
634.074
634.075
634.076
634.077
634.078
634.078
634.079
634.079
634.08
634.08
634.081
634.081
634.082
634.082
634.082
634.083
634.083
634.083
634.083
634.084
634.084
634.084
634.084
634.084
634.084
634.084
634.084
634.085
634.085
634.085
630.283
630.283
630.283
630.283
630.283
630.283
630.283
630.282
630.282
630.282
630.282
630.282
630.282
630.281
630.281
630.281
630.28
630.28
630.28
630.279
630.279
630.278
630.278
630.277
630.276
630.276
630.275
630.274
630.273
630.272
630.271
630.27
630.269
630.268
630.267
630.265
630.264
630.262
630.261
630.259
630.257
630.255
630.253
630.25
630.248
630.245
630.242
630.239
630.236
630.232
630.228
630.224
630.22
630.215
630.21
630.204
630.199
630.192
630.185
630.178
630.17
630.161
630.151
630.141
630.13
630.118
630.105
630.09
630.074
630.057
630.038
630.017
629.994
629.968
629.94
629.909
629.874
629.835
629.792
629.746
629.697
629.648
629.606
629.587
629.615
629.732
630.014
630.575
631.585
633.278
635.956
639.984
645.748
653.594
663.802
676.391
690.964
706.393
720.351
729.187
729.578
721.377
707.688
692.244
677.51
664.711
654.29
646.256
640.341
636.195
633.431
631.679
630.63
630.044
629.748
629.623
629.591
629.608
629.648
629.697
629.746
629.793
629.836
629.875
629.91
629.942
629.971
629.996
630.02
630.041
630.06
630.078
630.094
630.108
630.122
630.134
630.145
630.156
630.165
630.174
630.182
630.19
630.197
630.203
630.209
630.215
630.22
630.225
630.23
630.234
630.238
630.242
630.245
630.248
630.251
630.254
630.257
630.259
630.261
630.263
630.265
630.267
630.269
630.271
630.272
630.274
630.275
630.276
630.277
630.278
630.279
630.28
630.281
630.282
630.283
630.284
630.284
630.285
630.285
630.286
630.287
630.287
630.287
630.288
630.288
630.288
630.289
630.289
630.289
630.29
630.29
630.29
630.29
630.29
630.29
630.29
630.291
630.291
630.291
630.291
627.227
627.227
627.227
627.227
627.227
627.227
627.227
627.227
627.227
627.226
627.226
627.226
627.226
627.226
627.225
627.225
627.225
627.224
627.224
627.223
627.223
627.222
627.222
627.221
627.221
627.22
627.219
627.218
627.218
627.217
627.216
627.215
627.214
627.212
627.211
627.21
627.208
627.207
627.205
627.203
627.202
627.2
627.197
627.195
627.193
627.19
627.187
627.184
627.181
627.177
627.174
627.17
627.165
627.161
627.156
627.151
627.145
627.139
627.132
627.125
627.117
627.109
627.1
627.09
627.079
627.067
627.055
627.041
627.026
627.009
626.991
626.971
626.949
626.925
626.899
626.869
626.836
626.8
626.76
626.718
626.673
626.632
626.602
626.601
626.658
626.826
627.196
627.902
629.147
631.203
634.422
639.206
645.963
655.069
666.723
680.819
696.785
713.298
727.895
736.964
737.367
728.968
714.685
698.192
682.078
667.766
655.884
646.566
639.632
634.711
631.39
629.262
627.97
627.234
626.847
626.668
626.606
626.604
626.633
626.674
626.718
626.761
626.801
626.838
626.871
626.9
626.927
626.952
626.974
626.994
627.012
627.029
627.044
627.058
627.071
627.083
627.094
627.104
627.113
627.121
627.129
627.136
627.143
627.149
627.155
627.161
627.166
627.171
627.175
627.179
627.183
627.186
627.19
627.193
627.196
627.198
627.201
627.203
627.206
627.208
627.21
627.211
627.213
627.215
627.216
627.218
627.219
627.22
627.221
627.222
627.223
627.224
627.225
627.226
627.227
627.227
627.228
627.229
627.229
627.23
627.23
627.231
627.231
627.232
627.232
627.232
627.233
627.233
627.233
627.233
627.234
627.234
627.234
627.234
627.234
627.234
627.234
627.235
627.235
627.235
624.881
624.881
624.881
624.881
624.881
624.881
624.881
624.88
624.88
624.88
624.88
624.88
624.88
624.879
624.879
624.879
624.878
624.878
624.878
624.877
624.877
624.876
624.876
624.875
624.875
624.874
624.874
624.873
624.872
624.871
624.87
624.869
624.868
624.867
624.866
624.865
624.864
624.862
624.861
624.859
624.857
624.856
624.854
624.852
624.849
624.847
624.845
624.842
624.839
624.836
624.832
624.829
624.825
624.821
624.817
624.812
624.807
624.801
624.795
624.789
624.782
624.775
624.767
624.758
624.749
624.738
624.727
624.715
624.702
624.687
624.672
624.654
624.635
624.614
624.591
624.565
624.537
624.506
624.472
624.437
624.402
624.372
624.359
624.383
624.479
624.712
625.187
626.065
627.581
630.053
633.876
639.493
647.363
657.836
671.05
686.786
704.321
722.175
737.742
747.283
747.704
738.875
723.666
705.86
688.19
672.232
658.772
648.065
639.995
634.218
630.277
627.72
626.148
625.234
624.738
624.492
624.389
624.362
624.374
624.402
624.438
624.473
624.507
624.538
624.567
624.593
624.616
624.637
624.656
624.674
624.69
624.705
624.718
624.73
624.741
624.752
624.761
624.77
624.778
624.786
624.793
624.799
624.805
624.811
624.816
624.821
624.825
624.83
624.833
624.837
624.841
624.844
624.847
624.849
624.852
624.855
624.857
624.859
624.861
624.863
624.865
624.866
624.868
624.869
624.871
624.872
624.873
624.874
624.875
624.876
624.877
624.878
624.879
624.879
624.88
624.881
624.881
624.882
624.883
624.883
624.884
624.884
624.884
624.885
624.885
624.885
624.886
624.886
624.886
624.886
624.887
624.887
624.887
624.887
624.887
624.887
624.887
624.887
624.887
624.887
623.162
623.162
623.162
623.162
623.162
623.162
623.162
623.162
623.162
623.161
623.161
623.161
623.161
623.161
623.161
623.16
623.16
623.16
623.159
623.159
623.159
623.158
623.158
623.157
623.157
623.156
623.156
623.155
623.154
623.154
623.153
623.152
623.151
623.15
623.149
623.148
623.147
623.146
623.145
623.144
623.142
623.141
623.139
623.137
623.135
623.133
623.131
623.129
623.127
623.124
623.121
623.118
623.115
623.112
623.108
623.104
623.1
623.095
623.091
623.085
623.08
623.074
623.067
623.06
623.052
623.044
623.035
623.025
623.014
623.002
622.99
622.976
622.96
622.943
622.925
622.904
622.882
622.857
622.831
622.805
622.78
622.765
622.772
622.824
622.964
623.269
623.86
624.925
626.734
629.65
634.112
640.627
649.67
661.584
676.458
693.987
713.349
732.959
749.961
760.254
760.698
751.172
734.578
715.036
695.543
677.784
662.647
650.475
641.207
634.51
629.911
626.899
625.023
623.917
623.3
622.98
622.832
622.776
622.767
622.781
622.805
622.832
622.858
622.883
622.905
622.926
622.945
622.962
622.977
622.992
623.005
623.016
623.027
623.037
623.046
623.055
623.063
623.07
623.077
623.083
623.088
623.094
623.099
623.103
623.108
623.112
623.115
623.119
623.122
623.125
623.128
623.131
623.133
623.135
623.138
623.14
623.141
623.143
623.145
623.147
623.148
623.149
623.151
623.152
623.153
623.154
623.155
623.156
623.157
623.158
623.159
623.159
623.16
623.161
623.161
623.162
623.162
623.163
623.163
623.164
623.164
623.164
623.165
623.165
623.165
623.166
623.166
623.166
623.166
623.167
623.167
623.167
623.167
623.167
623.167
623.167
623.167
623.167
623.167
623.167
621.96
621.96
621.96
621.96
621.96
621.96
621.96
621.96
621.96
621.959
621.959
621.959
621.959
621.959
621.959
621.958
621.958
621.958
621.958
621.957
621.957
621.957
621.956
621.956
621.956
621.955
621.955
621.954
621.954
621.953
621.953
621.952
621.951
621.951
621.95
621.949
621.948
621.947
621.946
621.945
621.944
621.943
621.941
621.94
621.939
621.937
621.935
621.934
621.932
621.93
621.928
621.925
621.923
621.92
621.917
621.914
621.911
621.908
621.904
621.9
621.895
621.891
621.886
621.88
621.874
621.868
621.861
621.854
621.845
621.837
621.827
621.816
621.805
621.792
621.778
621.763
621.746
621.729
621.71
621.693
621.68
621.68
621.705
621.786
621.973
622.351
623.062
624.321
626.434
629.802
634.934
642.372
652.622
666.028
682.648
702.136
723.634
745.465
764.27
775.459
775.924
765.56
747.231
725.49
703.857
684.125
667.22
653.532
643.033
635.39
630.103
626.623
624.435
623.128
622.388
621.992
621.796
621.71
621.682
621.681
621.694
621.711
621.729
621.747
621.764
621.779
621.793
621.806
621.818
621.828
621.838
621.847
621.855
621.863
621.87
621.876
621.882
621.888
621.893
621.898
621.902
621.906
621.91
621.914
621.917
621.92
621.923
621.926
621.928
621.93
621.933
621.935
621.937
621.938
621.94
621.942
621.943
621.945
621.946
621.947
621.948
621.95
621.951
621.952
621.952
621.953
621.954
621.955
621.956
621.956
621.957
621.957
621.958
621.959
621.959
621.959
621.96
621.96
621.961
621.961
621.961
621.962
621.962
621.962
621.962
621.963
621.963
621.963
621.963
621.963
621.963
621.964
621.964
621.964
621.964
621.964
621.964
621.964
621.964
621.964
621.157
621.157
621.157
621.157
621.157
621.156
621.156
621.156
621.156
621.156
621.156
621.156
621.156
621.156
621.156
621.155
621.155
621.155
621.155
621.155
621.154
621.154
621.154
621.153
621.153
621.153
621.152
621.152
621.152
621.151
621.151
621.15
621.15
621.149
621.149
621.148
621.147
621.147
621.146
621.145
621.144
621.143
621.142
621.141
621.14
621.139
621.138
621.137
621.135
621.134
621.132
621.13
621.129
621.127
621.125
621.122
621.12
621.118
621.115
621.112
621.109
621.105
621.102
621.098
621.094
621.089
621.084
621.079
621.073
621.067
621.06
621.053
621.045
621.036
621.026
621.016
621.004
620.993
620.981
620.972
620.969
620.981
621.025
621.134
621.365
621.816
622.647
624.1
626.513
630.347
636.152
644.519
655.986
670.909
689.339
710.934
734.842
759.178
779.781
791.76
792.236
781.125
761.081
736.878
712.828
690.972
672.234
657.003
645.261
636.667
630.688
626.729
624.231
622.723
621.859
621.387
621.146
621.031
620.984
620.97
620.973
620.982
620.993
621.005
621.016
621.027
621.037
621.045
621.054
621.061
621.068
621.074
621.08
621.086
621.091
621.095
621.099
621.103
621.107
621.11
621.114
621.117
621.119
621.122
621.124
621.127
621.129
621.131
621.132
621.134
621.136
621.137
621.139
621.14
621.141
621.143
621.144
621.145
621.146
621.147
621.147
621.148
621.149
621.15
621.15
621.151
621.152
621.152
621.153
621.153
621.154
621.154
621.155
621.155
621.155
621.156
621.156
621.156
621.157
621.157
621.157
621.158
621.158
621.158
621.158
621.158
621.158
621.159
621.159
621.159
621.159
621.159
621.159
621.159
621.159
621.159
621.159
621.159
621.159
621.159
620.643
620.643
620.643
620.643
620.643
620.643
620.643
620.643
620.643
620.643
620.642
620.642
620.642
620.642
620.642
620.642
620.642
620.642
620.641
620.641
620.641
620.641
620.641
620.64
620.64
620.64
620.64
620.639
620.639
620.639
620.638
620.638
620.638
620.637
620.637
620.636
620.636
620.635
620.635
620.634
620.634
620.633
620.632
620.632
620.631
620.63
620.629
620.628
620.627
620.626
620.625
620.624
620.623
620.621
620.62
620.618
620.617
620.615
620.613
620.611
620.609
620.607
620.604
620.602
620.599
620.596
620.593
620.589
620.585
620.581
620.577
620.572
620.567
620.561
620.555
620.548
620.541
620.534
620.528
620.525
620.531
620.554
620.615
620.749
621.021
621.543
622.492
624.131
626.847
631.14
637.609
646.892
659.562
675.995
696.258
720.036
746.475
773.187
795.173
807.664
808.137
796.533
775.184
748.681
722.103
698.047
677.452
660.686
647.715
638.183
631.522
627.09
624.278
622.578
621.591
621.047
620.762
620.621
620.557
620.532
620.526
620.529
620.534
620.541
620.548
620.555
620.561
620.567
620.573
620.577
620.582
620.586
620.59
620.594
620.597
620.6
620.603
620.605
620.608
620.61
620.612
620.614
620.616
620.618
620.62
620.621
620.623
620.624
620.625
620.626
620.628
620.629
620.63
620.631
620.631
620.632
620.633
620.634
620.635
620.635
620.636
620.636
620.637
620.638
620.638
620.638
620.639
620.639
620.64
620.64
620.64
620.641
620.641
620.641
620.642
620.642
620.642
620.642
620.643
620.643
620.643
620.643
620.643
620.644
620.644
620.644
620.644
620.644
620.644
620.644
620.644
620.644
620.645
620.645
620.645
620.645
620.645
620.645
620.645
620.645
620.328
620.328
620.328
620.328
620.328
620.328
620.328
620.328
620.328
620.328
620.328
620.328
620.328
620.328
620.327
620.327
620.327
620.327
620.327
620.327
620.327
620.327
620.326
620.326
620.326
620.326
620.326
620.325
620.325
620.325
620.325
620.325
620.324
620.324
620.324
620.323
620.323
620.323
620.322
620.322
620.321
620.321
620.32
620.32
620.319
620.319
620.318
620.318
620.317
620.316
620.316
620.315
620.314
620.313
620.312
620.311
620.31
620.309
620.308
620.307
620.305
620.304
620.302
620.301
620.299
620.297
620.295
620.293
620.29
620.288
620.285
620.282
620.279
620.276
620.272
620.268
620.264
620.261
620.259
620.261
620.273
620.306
620.38
620.537
620.849
621.438
622.496
624.322
627.333
632.071
639.183
649.353
663.187
681.085
703.142
729.061
757.899
786.446
809.244
821.96
822.422
810.587
788.478
760.238
731.29
705.082
682.67
664.413
650.255
639.814
632.491
627.601
624.486
622.592
621.492
620.878
620.552
620.388
620.309
620.275
620.262
620.26
620.261
620.265
620.268
620.272
620.276
620.279
620.283
620.286
620.288
620.291
620.293
620.295
620.298
620.299
620.301
620.303
620.304
620.306
620.307
620.309
620.31
620.311
620.312
620.313
620.314
620.315
620.316
620.316
620.317
620.318
620.319
620.319
620.32
620.32
620.321
620.321
620.322
620.322
620.323
620.323
620.324
620.324
620.324
620.325
620.325
620.325
620.326
620.326
620.326
620.326
620.327
620.327
620.327
620.327
620.327
620.327
620.328
620.328
620.328
620.328
620.328
620.328
620.328
620.329
620.329
620.329
620.329
620.329
620.329
620.329
620.329
620.329
620.329
620.329
620.329
620.329
620.329
620.329
620.143
620.143
620.143
620.143
620.143
620.143
620.143
620.143
620.143
620.143
620.143
620.143
620.143
620.142
620.142
620.142
620.142
620.142
620.142
620.142
620.142
620.142
620.142
620.141
620.141
620.141
620.141
620.141
620.141
620.141
620.14
620.14
620.14
620.14
620.14
620.139
620.139
620.139
620.139
620.138
620.138
620.138
620.137
620.137
620.137
620.136
620.136
620.135
620.135
620.135
620.134
620.134
620.133
620.133
620.132
620.131
620.131
620.13
620.129
620.129
620.128
620.127
620.126
620.125
620.124
620.123
620.122
620.121
620.119
620.118
620.116
620.115
620.113
620.111
620.109
620.107
620.106
620.105
620.106
620.112
620.129
620.168
620.255
620.433
620.781
621.431
622.599
624.603
627.895
633.059
640.785
651.796
666.729
686.008
709.752
737.644
768.478
798.169
821.297
834.033
834.48
822.606
800.191
770.895
740.011
711.829
687.714
668.054
652.773
641.471
633.518
628.189
624.783
622.704
621.49
620.813
620.449
620.263
620.172
620.131
620.113
620.106
620.105
620.106
620.108
620.109
620.111
620.113
620.115
620.117
620.118
620.12
620.121
620.122
620.123
620.124
620.125
620.126
620.127
620.128
620.129
620.13
620.13
620.131
620.132
620.132
620.133
620.134
620.134
620.135
620.135
620.135
620.136
620.136
620.137
620.137
620.137
620.138
620.138
620.138
620.139
620.139
620.139
620.14
620.14
620.14
620.14
620.14
620.141
620.141
620.141
620.141
620.141
620.142
620.142
620.142
620.142
620.142
620.142
620.142
620.142
620.143
620.143
620.143
620.143
620.143
620.143
620.143
620.143
620.143
620.143
620.143
620.143
620.143
620.143
620.143
620.143
620.143
620.143
620.143
620.038
620.038
620.038
620.038
620.038
620.038
620.038
620.038
620.038
620.038
620.038
620.038
620.038
620.038
620.037
620.037
620.037
620.037
620.037
620.037
620.037
620.037
620.037
620.037
620.037
620.037
620.036
620.036
620.036
620.036
620.036
620.036
620.036
620.035
620.035
620.035
620.035
620.035
620.035
620.034
620.034
620.034
620.034
620.034
620.033
620.033
620.033
620.033
620.032
620.032
620.032
620.031
620.031
620.031
620.03
620.03
620.03
620.029
620.029
620.028
620.028
620.028
620.027
620.027
620.026
620.025
620.025
620.024
620.024
620.023
620.022
620.021
620.021
620.02
620.019
620.018
620.018
620.019
620.022
620.03
620.051
620.097
620.194
620.39
620.772
621.483
622.753
624.927
628.487
634.052
642.353
654.145
670.092
690.633
715.891
745.483
777.758
808
831.145
843.784
844.215
832.415
809.988
780.204
747.958
718.088
692.448
671.507
655.193
643.09
634.547
628.804
625.122
622.868
621.547
620.807
620.409
620.203
620.101
620.053
620.031
620.022
620.019
620.018
620.019
620.019
620.02
620.021
620.022
620.022
620.023
620.024
620.024
620.025
620.026
620.026
620.027
620.027
620.028
620.028
620.029
620.029
620.029
620.03
620.03
620.03
620.031
620.031
620.031
620.032
620.032
620.032
620.033
620.033
620.033
620.033
620.034
620.034
620.034
620.034
620.035
620.035
620.035
620.035
620.035
620.035
620.036
620.036
620.036
620.036
620.036
620.036
620.036
620.037
620.037
620.037
620.037
620.037
620.037
620.037
620.037
620.037
620.037
620.038
620.038
620.038
620.038
620.038
620.038
620.038
620.038
620.038
620.038
620.038
620.038
620.038
620.038
620.038
620.038
620.038
619.98
619.98
619.98
619.98
619.98
619.98
619.98
619.98
619.98
619.98
619.98
619.98
619.98
619.98
619.98
619.98
619.98
619.98
619.98
619.979
619.979
619.979
619.979
619.979
619.979
619.979
619.979
619.979
619.979
619.979
619.978
619.978
619.978
619.978
619.978
619.978
619.978
619.978
619.977
619.977
619.977
619.977
619.977
619.977
619.977
619.976
619.976
619.976
619.976
619.976
619.975
619.975
619.975
619.975
619.975
619.975
619.974
619.974
619.974
619.974
619.974
619.973
619.973
619.973
619.973
619.972
619.972
619.972
619.972
619.972
619.971
619.971
619.971
619.971
619.971
619.971
619.971
619.973
619.977
619.988
620.011
620.062
620.168
620.382
620.796
621.563
622.931
625.265
629.076
635.015
643.846
656.351
673.21
694.868
721.428
752.386
785.552
815.947
838.935
851.421
851.838
840.166
817.892
787.993
754.934
723.723
696.781
674.708
657.464
644.632
635.544
629.416
625.475
623.054
621.633
620.833
620.402
620.178
620.067
620.013
619.989
619.978
619.973
619.971
619.971
619.971
619.971
619.971
619.971
619.971
619.972
619.972
619.972
619.972
619.972
619.973
619.973
619.973
619.973
619.973
619.974
619.974
619.974
619.974
619.975
619.975
619.975
619.975
619.975
619.975
619.976
619.976
619.976
619.976
619.976
619.976
619.977
619.977
619.977
619.977
619.977
619.977
619.978
619.978
619.978
619.978
619.978
619.978
619.978
619.978
619.978
619.979
619.979
619.979
619.979
619.979
619.979
619.979
619.979
619.979
619.979
619.979
619.979
619.98
619.98
619.98
619.98
619.98
619.98
619.98
619.98
619.98
619.98
619.98
619.98
619.98
619.98
619.98
619.98
619.98
619.949
619.949
619.949
619.949
619.949
619.949
619.949
619.949
619.949
619.949
619.949
619.949
619.949
619.949
619.949
619.949
619.948
619.948
619.948
619.948
619.948
619.948
619.948
619.948
619.948
619.948
619.948
619.948
619.948
619.948
619.947
619.947
619.947
619.947
619.947
619.947
619.947
619.947
619.947
619.947
619.946
619.946
619.946
619.946
619.946
619.946
619.946
619.946
619.946
619.945
619.945
619.945
619.945
619.945
619.945
619.945
619.945
619.945
619.944
619.944
619.944
619.944
619.944
619.944
619.944
619.944
619.944
619.944
619.944
619.944
619.944
619.944
619.944
619.945
619.945
619.945
619.947
619.949
619.954
619.966
619.992
620.047
620.162
620.392
620.835
621.657
623.116
625.6
629.643
635.927
645.24
658.384
676.047
698.666
726.298
758.277
791.902
822.217
844.967
857.283
857.687
846.166
824.12
794.321
760.868
728.672
700.662
677.619
659.556
646.071
636.488
630.005
625.823
623.248
621.731
620.876
620.413
620.173
620.052
619.994
619.967
619.955
619.949
619.947
619.945
619.945
619.945
619.944
619.944
619.944
619.944
619.944
619.944
619.944
619.944
619.944
619.944
619.944
619.944
619.944
619.944
619.944
619.944
619.945
619.945
619.945
619.945
619.945
619.945
619.945
619.945
619.945
619.945
619.946
619.946
619.946
619.946
619.946
619.946
619.946
619.946
619.946
619.947
619.947
619.947
619.947
619.947
619.947
619.947
619.947
619.947
619.947
619.947
619.948
619.948
619.948
619.948
619.948
619.948
619.948
619.948
619.948
619.948
619.948
619.948
619.948
619.948
619.948
619.948
619.948
619.949
619.949
619.949
619.949
619.949
619.949
619.949
619.949
619.949
619.949
619.932
619.932
619.932
619.932
619.932
619.932
619.932
619.932
619.932
619.932
619.932
619.932
619.932
619.932
619.932
619.932
619.932
619.932
619.931
619.931
619.931
619.931
619.931
619.931
619.931
619.931
619.931
619.931
619.931
619.931
619.931
619.931
619.93
619.93
619.93
619.93
619.93
619.93
619.93
619.93
619.93
619.93
619.93
619.929
619.929
619.929
619.929
619.929
619.929
619.929
619.929
619.929
619.929
619.929
619.929
619.929
619.929
619.929
619.929
619.929
619.929
619.929
619.929
619.929
619.929
619.929
619.929
619.929
619.929
619.929
619.93
619.93
619.93
619.931
619.931
619.932
619.933
619.936
619.942
619.955
619.982
620.042
620.165
620.41
620.881
621.753
623.298
625.921
630.179
636.777
646.523
660.232
678.59
702.016
730.501
763.189
796.981
827.097
849.585
861.732
862.127
850.756
828.963
799.373
765.799
732.936
704.084
680.227
661.458
647.395
637.367
630.561
626.157
623.438
621.832
620.924
620.432
620.176
620.047
619.985
619.956
619.942
619.936
619.933
619.932
619.931
619.931
619.93
619.93
619.93
619.929
619.929
619.929
619.929
619.929
619.929
619.929
619.928
619.928
619.928
619.928
619.928
619.928
619.928
619.928
619.929
619.929
619.929
619.929
619.929
619.929
619.929
619.929
619.929
619.929
619.929
619.929
619.929
619.929
619.929
619.93
619.93
619.93
619.93
619.93
619.93
619.93
619.93
619.93
619.93
619.93
619.93
619.931
619.931
619.931
619.931
619.931
619.931
619.931
619.931
619.931
619.931
619.931
619.931
619.931
619.931
619.931
619.931
619.931
619.931
619.932
619.932
619.932
619.932
619.932
619.932
619.932
619.932
619.932
619.932
619.922
619.922
619.922
619.922
619.922
619.922
619.922
619.922
619.922
619.922
619.922
619.922
619.922
619.922
619.922
619.922
619.922
619.922
619.922
619.922
619.922
619.922
619.922
619.922
619.922
619.921
619.921
619.921
619.921
619.921
619.921
619.921
619.921
619.921
619.921
619.921
619.921
619.921
619.92
619.92
619.92
619.92
619.92
619.92
619.92
619.92
619.92
619.92
619.92
619.92
619.92
619.92
619.92
619.92
619.92
619.92
619.92
619.92
619.92
619.92
619.92
619.92
619.92
619.92
619.92
619.92
619.92
619.921
619.921
619.921
619.921
619.922
619.922
619.923
619.923
619.924
619.926
619.929
619.935
619.949
619.978
620.041
620.172
620.431
620.929
621.848
623.473
626.225
630.679
637.56
647.692
661.895
680.846
704.937
734.081
767.225
801.008
830.877
853.107
865.099
865.486
854.256
832.711
803.373
769.84
736.564
707.064
682.54
663.168
648.601
638.178
631.079
626.473
623.62
621.931
620.975
620.455
620.184
620.047
619.981
619.95
619.936
619.929
619.926
619.924
619.923
619.923
619.922
619.922
619.921
619.921
619.921
619.92
619.92
619.92
619.92
619.92
619.92
619.92
619.919
619.919
619.919
619.919
619.919
619.919
619.919
619.919
619.919
619.919
619.919
619.919
619.92
619.92
619.92
619.92
619.92
619.92
619.92
619.92
619.92
619.92
619.92
619.92
619.92
619.92
619.92
619.921
619.921
619.921
619.921
619.921
619.921
619.921
619.921
619.921
619.921
619.921
619.921
619.921
619.921
619.921
619.921
619.922
619.922
619.922
619.922
619.922
619.922
619.922
619.922
619.922
619.922
619.922
619.922
619.922
619.922
619.922
619.922
619.922
619.922
619.916
619.916
619.916
619.916
619.916
619.916
619.916
619.916
619.916
619.916
619.916
619.916
619.916
619.916
619.916
619.916
619.916
619.916
619.916
619.916
619.916
619.916
619.916
619.916
619.916
619.916
619.915
619.915
619.915
619.915
619.915
619.915
619.915
619.915
619.915
619.915
619.915
619.915
619.915
619.915
619.914
619.914
619.914
619.914
619.914
619.914
619.914
619.914
619.914
619.914
619.914
619.914
619.914
619.914
619.914
619.914
619.914
619.914
619.914
619.914
619.914
619.914
619.914
619.914
619.915
619.915
619.915
619.915
619.916
619.916
619.916
619.917
619.917
619.918
619.918
619.919
619.921
619.924
619.931
619.945
619.976
620.043
620.18
620.453
620.976
621.939
623.638
626.508
631.14
638.276
648.75
663.381
682.834
707.466
737.108
770.52
804.2
833.811
855.803
867.657
868.038
856.935
835.62
806.541
773.134
739.627
709.642
684.577
664.697
649.692
638.919
631.558
626.767
623.792
622.026
621.024
620.478
620.193
620.049
619.979
619.946
619.931
619.924
619.921
619.919
619.918
619.917
619.917
619.916
619.916
619.916
619.915
619.915
619.915
619.915
619.914
619.914
619.914
619.914
619.914
619.914
619.914
619.914
619.914
619.914
619.914
619.914
619.914
619.914
619.914
619.914
619.914
619.914
619.914
619.914
619.914
619.914
619.914
619.914
619.914
619.914
619.914
619.914
619.914
619.914
619.914
619.915
619.915
619.915
619.915
619.915
619.915
619.915
619.915
619.915
619.915
619.915
619.915
619.915
619.915
619.915
619.915
619.916
619.916
619.916
619.916
619.916
619.916
619.916
619.916
619.916
619.916
619.916
619.916
619.916
619.916
619.916
619.916
619.916
619.916
619.912
619.912
619.912
619.912
619.912
619.912
619.912
619.912
619.912
619.912
619.912
619.912
619.912
619.912
619.912
619.912
619.912
619.912
619.912
619.912
619.912
619.911
619.911
619.911
619.911
619.911
619.911
619.911
619.911
619.911
619.911
619.911
619.911
619.911
619.911
619.911
619.91
619.91
619.91
619.91
619.91
619.91
619.91
619.91
619.91
619.91
619.91
619.91
619.91
619.91
619.91
619.91
619.91
619.91
619.91
619.91
619.91
619.91
619.91
619.91
619.91
619.91
619.91
619.91
619.911
619.911
619.911
619.911
619.912
619.912
619.912
619.913
619.913
619.914
619.914
619.915
619.917
619.92
619.927
619.943
619.975
620.045
620.189
620.474
621.02
622.024
623.791
626.769
631.564
638.928
649.701
664.703
684.578
709.647
739.662
773.213
806.745
836.109
857.887
869.62
869.997
859.005
837.898
809.065
775.823
742.208
711.866
686.365
666.057
650.674
639.593
631.997
627.039
623.952
622.116
621.071
620.501
620.202
620.052
619.978
619.944
619.928
619.921
619.917
619.915
619.914
619.914
619.913
619.913
619.912
619.912
619.911
619.911
619.911
619.911
619.91
619.91
619.91
619.91
619.91
619.91
619.91
619.91
619.91
619.909
619.909
619.909
619.909
619.909
619.909
619.909
619.909
619.91
619.91
619.91
619.91
619.91
619.91
619.91
619.91
619.91
619.91
619.91
619.91
619.91
619.91
619.91
619.91
619.91
619.91
619.911
619.911
619.911
619.911
619.911
619.911
619.911
619.911
619.911
619.911
619.911
619.911
619.911
619.911
619.911
619.911
619.911
619.911
619.911
619.911
619.911
619.912
619.912
619.912
619.912
619.912
619.912
619.912
619.912
619.912
619.909
619.909
619.909
619.909
619.909
619.909
619.909
619.909
619.909
619.908
619.908
619.908
619.908
619.908
619.908
619.908
619.908
619.908
619.908
619.908
619.908
619.908
619.908
619.908
619.908
619.908
619.908
619.908
619.908
619.907
619.907
619.907
619.907
619.907
619.907
619.907
619.907
619.907
619.907
619.907
619.907
619.907
619.907
619.907
619.907
619.906
619.906
619.906
619.906
619.906
619.906
619.906
619.906
619.906
619.906
619.906
619.906
619.906
619.907
619.907
619.907
619.907
619.907
619.907
619.907
619.908
619.908
619.908
619.908
619.909
619.909
619.909
619.91
619.911
619.911
619.912
619.914
619.917
619.925
619.94
619.975
620.047
620.197
620.494
621.062
622.104
623.934
627.01
631.951
639.518
650.556
665.877
686.108
711.53
741.82
775.428
808.794
837.932
859.52
871.148
871.522
860.629
839.705
811.099
778.034
744.388
713.785
687.933
667.265
651.556
640.203
632.399
627.29
624.101
622.199
621.115
620.522
620.211
620.054
619.978
619.942
619.925
619.918
619.914
619.912
619.911
619.91
619.91
619.909
619.909
619.909
619.908
619.908
619.908
619.907
619.907
619.907
619.907
619.907
619.906
619.906
619.906
619.906
619.906
619.906
619.906
619.906
619.906
619.906
619.906
619.906
619.906
619.906
619.906
619.906
619.906
619.906
619.906
619.906
619.906
619.906
619.906
619.906
619.907
619.907
619.907
619.907
619.907
619.907
619.907
619.907
619.907
619.907
619.907
619.907
619.907
619.907
619.907
619.907
619.908
619.908
619.908
619.908
619.908
619.908
619.908
619.908
619.908
619.908
619.908
619.908
619.908
619.908
619.908
619.908
619.908
619.908
619.908
619.908
619.908
619.905
619.905
619.905
619.905
619.905
619.905
619.905
619.905
619.905
619.905
619.905
619.905
619.905
619.905
619.905
619.905
619.905
619.905
619.905
619.905
619.905
619.905
619.905
619.905
619.905
619.905
619.904
619.904
619.904
619.904
619.904
619.904
619.904
619.904
619.904
619.904
619.904
619.904
619.904
619.904
619.904
619.904
619.903
619.903
619.903
619.903
619.903
619.903
619.903
619.903
619.903
619.903
619.903
619.903
619.903
619.903
619.903
619.903
619.903
619.904
619.904
619.904
619.904
619.904
619.904
619.904
619.905
619.905
619.905
619.906
619.906
619.906
619.907
619.907
619.908
619.909
619.911
619.914
619.922
619.938
619.974
620.05
620.205
620.513
621.101
622.178
624.065
627.231
632.303
640.051
651.321
666.919
687.45
713.159
743.652
777.266
810.467
839.4
860.823
872.36
872.731
861.924
841.161
812.759
779.868
746.239
715.445
689.31
668.339
652.347
640.756
632.765
627.521
624.238
622.277
621.156
620.542
620.22
620.057
619.977
619.94
619.923
619.915
619.911
619.909
619.908
619.907
619.907
619.906
619.906
619.905
619.905
619.905
619.905
619.904
619.904
619.904
619.904
619.903
619.903
619.903
619.903
619.903
619.903
619.903
619.903
619.903
619.903
619.903
619.903
619.903
619.903
619.903
619.903
619.903
619.903
619.903
619.903
619.903
619.903
619.903
619.903
619.903
619.903
619.903
619.903
619.904
619.904
619.904
619.904
619.904
619.904
619.904
619.904
619.904
619.904
619.904
619.904
619.904
619.904
619.904
619.904
619.904
619.904
619.905
619.905
619.905
619.905
619.905
619.905
619.905
619.905
619.905
619.905
619.905
619.905
619.905
619.905
619.905
619.905
619.902
619.902
619.902
619.902
619.902
619.902
619.902
619.902
619.902
619.902
619.902
619.902
619.902
619.902
619.902
619.902
619.902
619.902
619.902
619.902
619.902
619.902
619.902
619.902
619.902
619.901
619.901
619.901
619.901
619.901
619.901
619.901
619.901
619.901
619.901
619.901
619.901
619.901
619.901
619.901
619.901
619.9
619.9
619.9
619.9
619.9
619.9
619.9
619.9
619.9
619.9
619.9
619.9
619.9
619.9
619.9
619.9
619.9
619.9
619.901
619.901
619.901
619.901
619.901
619.901
619.901
619.902
619.902
619.902
619.903
619.903
619.903
619.904
619.904
619.905
619.906
619.908
619.911
619.919
619.936
619.973
620.051
620.212
620.531
621.137
622.246
624.186
627.434
632.624
640.532
652.007
667.845
688.63
714.574
745.218
778.807
811.85
840.601
861.88
873.338
873.707
862.975
842.354
814.133
781.407
747.82
716.887
690.521
669.292
653.056
641.255
633.098
627.731
624.365
622.348
621.194
620.561
620.227
620.059
619.976
619.938
619.92
619.912
619.908
619.906
619.905
619.904
619.904
619.903
619.903
619.902
619.902
619.902
619.901
619.901
619.901
619.901
619.901
619.9
619.9
619.9
619.9
619.9
619.9
619.9
619.9
619.9
619.9
619.9
619.9
619.9
619.9
619.9
619.9
619.9
619.9
619.9
619.9
619.9
619.9
619.9
619.9
619.9
619.9
619.9
619.9
619.9
619.9
619.901
619.901
619.901
619.901
619.901
619.901
619.901
619.901
619.901
619.901
619.901
619.901
619.901
619.901
619.901
619.901
619.901
619.901
619.902
619.902
619.902
619.902
619.902
619.902
619.902
619.902
619.902
619.902
619.902
619.902
619.902
619.902
619.899
619.899
619.899
619.899
619.899
619.899
619.899
619.899
619.899
619.899
619.899
619.899
619.899
619.899
619.899
619.899
619.899
619.899
619.899
619.899
619.899
619.899
619.899
619.899
619.898
619.898
619.898
619.898
619.898
619.898
619.898
619.898
619.898
619.898
619.898
619.898
619.898
619.898
619.898
619.898
619.897
619.897
619.897
619.897
619.897
619.897
619.897
619.897
619.897
619.897
619.897
619.897
619.897
619.897
619.897
619.897
619.897
619.897
619.897
619.898
619.898
619.898
619.898
619.898
619.898
619.898
619.899
619.899
619.899
619.9
619.9
619.9
619.901
619.901
619.902
619.903
619.905
619.908
619.916
619.934
619.972
620.053
620.219
620.547
621.171
622.309
624.297
627.618
632.914
640.966
652.621
668.667
689.67
715.806
746.564
780.112
813.01
841.599
862.751
874.141
874.509
863.842
843.346
815.287
782.712
749.18
718.145
691.589
670.141
653.692
641.705
633.401
627.924
624.481
622.414
621.229
620.578
620.234
620.06
619.976
619.935
619.917
619.909
619.905
619.903
619.902
619.901
619.901
619.9
619.9
619.899
619.899
619.899
619.898
619.898
619.898
619.898
619.898
619.897
619.897
619.897
619.897
619.897
619.897
619.897
619.897
619.897
619.897
619.897
619.897
619.897
619.897
619.897
619.897
619.897
619.897
619.897
619.897
619.897
619.897
619.897
619.897
619.897
619.897
619.897
619.897
619.897
619.897
619.898
619.898
619.898
619.898
619.898
619.898
619.898
619.898
619.898
619.898
619.898
619.898
619.898
619.898
619.898
619.898
619.898
619.898
619.898
619.898
619.899
619.899
619.899
619.899
619.899
619.899
619.899
619.899
619.899
619.899
619.899
619.899
619.896
619.896
619.896
619.896
619.896
619.896
619.896
619.896
619.896
619.896
619.896
619.896
619.896
619.896
619.896
619.896
619.896
619.896
619.896
619.896
619.896
619.896
619.896
619.896
619.895
619.895
619.895
619.895
619.895
619.895
619.895
619.895
619.895
619.895
619.895
619.895
619.895
619.895
619.895
619.894
619.894
619.894
619.894
619.894
619.894
619.894
619.894
619.894
619.894
619.894
619.894
619.894
619.894
619.894
619.894
619.894
619.894
619.894
619.894
619.894
619.895
619.895
619.895
619.895
619.895
619.895
619.896
619.896
619.896
619.897
619.897
619.897
619.898
619.898
619.899
619.9
619.902
619.905
619.914
619.932
619.971
620.054
620.224
620.561
621.201
622.366
624.398
627.785
633.177
641.356
653.17
669.398
690.588
716.885
747.728
781.228
813.992
842.438
863.479
874.81
875.177
864.568
844.181
816.265
783.829
750.357
719.247
692.533
670.896
654.261
642.111
633.675
628.099
624.586
622.475
621.261
620.593
620.24
620.062
619.974
619.933
619.914
619.906
619.902
619.9
619.899
619.898
619.897
619.897
619.897
619.896
619.896
619.896
619.895
619.895
619.895
619.895
619.895
619.894
619.894
619.894
619.894
619.894
619.894
619.894
619.894
619.894
619.894
619.894
619.894
619.894
619.894
619.894
619.894
619.894
619.894
619.894
619.894
619.894
619.894
619.894
619.894
619.894
619.894
619.894
619.894
619.894
619.894
619.894
619.894
619.895
619.895
619.895
619.895
619.895
619.895
619.895
619.895
619.895
619.895
619.895
619.895
619.895
619.895
619.895
619.895
619.895
619.895
619.895
619.895
619.896
619.896
619.896
619.896
619.896
619.896
619.896
619.896
619.896
619.896
619.893
619.893
619.893
619.893
619.893
619.893
619.893
619.893
619.893
619.893
619.893
619.893
619.893
619.893
619.893
619.893
619.893
619.893
619.893
619.893
619.893
619.893
619.893
619.892
619.892
619.892
619.892
619.892
619.892
619.892
619.892
619.892
619.892
619.892
619.892
619.892
619.892
619.892
619.891
619.891
619.891
619.891
619.891
619.891
619.891
619.891
619.891
619.891
619.891
619.891
619.891
619.891
619.891
619.891
619.891
619.891
619.891
619.891
619.891
619.891
619.892
619.892
619.892
619.892
619.892
619.892
619.893
619.893
619.893
619.893
619.894
619.894
619.894
619.895
619.896
619.897
619.898
619.902
619.911
619.929
619.969
620.055
620.229
620.574
621.229
622.418
624.49
627.937
633.414
641.707
653.662
670.048
691.399
717.831
748.739
782.188
814.831
843.151
864.095
875.374
875.741
865.183
844.892
817.103
784.792
751.381
720.215
693.368
671.569
654.771
642.477
633.922
628.258
624.683
622.53
621.29
620.607
620.246
620.063
619.973
619.931
619.911
619.902
619.898
619.897
619.895
619.895
619.894
619.894
619.893
619.893
619.893
619.893
619.892
619.892
619.892
619.892
619.891
619.891
619.891
619.891
619.891
619.891
619.891
619.891
619.891
619.891
619.891
619.891
619.891
619.891
619.891
619.891
619.891
619.891
619.891
619.891
619.891
619.891
619.891
619.891
619.891
619.891
619.891
619.891
619.891
619.891
619.891
619.891
619.891
619.891
619.892
619.892
619.892
619.892
619.892
619.892
619.892
619.892
619.892
619.892
619.892
619.892
619.892
619.892
619.892
619.892
619.892
619.892
619.892
619.892
619.892
619.892
619.892
619.893
619.893
619.893
619.893
619.893
619.893
619.89
619.89
619.89
619.89
619.89
619.89
619.89
619.89
619.89
619.89
619.89
619.89
619.89
619.89
619.89
619.89
619.89
619.89
619.89
619.89
619.89
619.889
619.889
619.889
619.889
619.889
619.889
619.889
619.889
619.889
619.889
619.889
619.889
619.889
619.889
619.889
619.889
619.888
619.888
619.888
619.888
619.888
619.888
619.888
619.888
619.888
619.888
619.888
619.888
619.888
619.888
619.888
619.888
619.888
619.888
619.888
619.888
619.888
619.888
619.888
619.888
619.889
619.889
619.889
619.889
619.889
619.889
619.89
619.89
619.89
619.89
619.891
619.891
619.892
619.892
619.893
619.895
619.899
619.907
619.926
619.968
620.055
620.234
620.586
621.254
622.466
624.573
628.075
633.628
642.022
654.1
670.626
692.116
718.663
749.62
783.019
815.553
843.761
864.62
875.853
876.22
865.707
845.502
817.825
785.626
752.275
721.068
694.109
672.168
655.228
642.805
634.146
628.402
624.771
622.58
621.317
620.62
620.251
620.063
619.971
619.928
619.908
619.899
619.895
619.893
619.892
619.892
619.891
619.891
619.89
619.89
619.89
619.889
619.889
619.889
619.889
619.888
619.888
619.888
619.888
619.888
619.888
619.888
619.888
619.888
619.888
619.888
619.887
619.887
619.887
619.887
619.887
619.887
619.888
619.888
619.888
619.888
619.888
619.888
619.888
619.888
619.888
619.888
619.888
619.888
619.888
619.888
619.888
619.888
619.888
619.888
619.888
619.888
619.889
619.889
619.889
619.889
619.889
619.889
619.889
619.889
619.889
619.889
619.889
619.889
619.889
619.889
619.889
619.889
619.889
619.889
619.889
619.889
619.889
619.889
619.889
619.889
619.889
619.889
619.889
619.887
619.887
619.887
619.887
619.887
619.887
619.887
619.887
619.887
619.887
619.887
619.887
619.887
619.887
619.887
619.887
619.887
619.887
619.886
619.886
619.886
619.886
619.886
619.886
619.886
619.886
619.886
619.886
619.886
619.886
619.886
619.886
619.886
619.886
619.885
619.885
619.885
619.885
619.885
619.885
619.885
619.885
619.885
619.885
619.885
619.885
619.885
619.885
619.885
619.885
619.885
619.885
619.885
619.885
619.885
619.885
619.885
619.885
619.885
619.885
619.885
619.885
619.885
619.886
619.886
619.886
619.886
619.886
619.887
619.887
619.887
619.888
619.888
619.888
619.889
619.89
619.892
619.896
619.904
619.924
619.966
620.055
620.237
620.596
621.276
622.509
624.648
628.198
633.82
642.304
654.491
671.139
692.749
719.393
750.39
783.738
816.176
844.285
865.07
876.263
876.63
866.157
846.027
818.449
786.351
753.057
721.819
694.764
672.701
655.635
643.099
634.347
628.532
624.85
622.625
621.341
620.631
620.255
620.063
619.97
619.925
619.905
619.896
619.892
619.89
619.889
619.888
619.888
619.887
619.887
619.887
619.886
619.886
619.886
619.886
619.885
619.885
619.885
619.885
619.885
619.885
619.885
619.885
619.884
619.884
619.884
619.884
619.884
619.884
619.884
619.884
619.884
619.884
619.884
619.884
619.884
619.884
619.884
619.884
619.885
619.885
619.885
619.885
619.885
619.885
619.885
619.885
619.885
619.885
619.885
619.885
619.885
619.885
619.885
619.885
619.885
619.886
619.886
619.886
619.886
619.886
619.886
619.886
619.886
619.886
619.886
619.886
619.886
619.886
619.886
619.886
619.886
619.886
619.886
619.886
619.886
619.886
619.886
619.886
619.886
619.884
619.884
619.884
619.884
619.884
619.884
619.884
619.884
619.884
619.884
619.884
619.883
619.883
619.883
619.883
619.883
619.883
619.883
619.883
619.883
619.883
619.883
619.883
619.883
619.883
619.883
619.883
619.883
619.883
619.883
619.882
619.882
619.882
619.882
619.882
619.882
619.882
619.882
619.882
619.882
619.882
619.882
619.882
619.882
619.882
619.882
619.882
619.881
619.881
619.881
619.881
619.881
619.881
619.881
619.881
619.881
619.882
619.882
619.882
619.882
619.882
619.882
619.882
619.882
619.882
619.883
619.883
619.883
619.883
619.883
619.884
619.884
619.884
619.885
619.885
619.886
619.888
619.892
619.901
619.92
619.963
620.054
620.24
620.605
621.296
622.547
624.716
628.309
633.991
642.554
654.838
671.592
693.307
720.034
751.06
784.362
816.713
844.736
865.455
876.615
876.982
866.544
846.48
818.989
786.981
753.741
722.479
695.343
673.173
655.998
643.362
634.527
628.648
624.921
622.666
621.362
620.641
620.258
620.063
619.967
619.922
619.902
619.892
619.888
619.886
619.885
619.885
619.884
619.884
619.883
619.883
619.883
619.883
619.882
619.882
619.882
619.882
619.882
619.882
619.881
619.881
619.881
619.881
619.881
619.881
619.881
619.881
619.881
619.881
619.881
619.881
619.881
619.881
619.881
619.881
619.881
619.881
619.881
619.881
619.881
619.881
619.881
619.881
619.881
619.881
619.882
619.882
619.882
619.882
619.882
619.882
619.882
619.882
619.882
619.882
619.882
619.882
619.882
619.882
619.882
619.882
619.882
619.883
619.883
619.883
619.883
619.883
619.883
619.883
619.883
619.883
619.883
619.883
619.883
619.883
619.883
619.883
619.883
619.883
619.883
619.88
619.88
619.88
619.88
619.88
619.88
619.88
619.88
619.88
619.88
619.88
619.88
619.88
619.88
619.88
619.88
619.88
619.88
619.88
619.88
619.879
619.879
619.879
619.879
619.879
619.879
619.879
619.879
619.879
619.879
619.879
619.879
619.879
619.879
619.879
619.879
619.878
619.878
619.878
619.878
619.878
619.878
619.878
619.878
619.878
619.878
619.878
619.878
619.878
619.878
619.878
619.878
619.878
619.878
619.878
619.878
619.878
619.878
619.878
619.878
619.878
619.878
619.878
619.878
619.879
619.879
619.879
619.879
619.879
619.88
619.88
619.88
619.88
619.881
619.881
619.882
619.884
619.888
619.897
619.917
619.961
620.053
620.242
620.613
621.313
622.581
624.775
628.407
634.143
642.775
655.143
671.99
693.795
720.593
751.642
784.9
817.175
845.123
865.786
876.916
877.283
866.876
846.87
819.456
787.526
754.336
723.057
695.852
673.59
656.318
643.595
634.687
628.752
624.985
622.702
621.381
620.649
620.26
620.062
619.965
619.919
619.898
619.888
619.884
619.882
619.881
619.881
619.88
619.88
619.88
619.879
619.879
619.879
619.879
619.878
619.878
619.878
619.878
619.878
619.878
619.878
619.878
619.878
619.877
619.877
619.877
619.877
619.877
619.877
619.877
619.877
619.877
619.877
619.877
619.877
619.877
619.877
619.878
619.878
619.878
619.878
619.878
619.878
619.878
619.878
619.878
619.878
619.878
619.878
619.878
619.878
619.878
619.878
619.878
619.878
619.879
619.879
619.879
619.879
619.879
619.879
619.879
619.879
619.879
619.879
619.879
619.879
619.879
619.879
619.879
619.879
619.879
619.879
619.879
619.879
619.879
619.879
619.879
619.879
619.879
619.876
619.876
619.876
619.876
619.876
619.876
619.876
619.876
619.876
619.876
619.876
619.876
619.876
619.876
619.876
619.876
619.875
619.875
619.875
619.875
619.875
619.875
619.875
619.875
619.875
619.875
619.875
619.875
619.875
619.875
619.875
619.875
619.874
619.874
619.874
619.874
619.874
619.874
619.874
619.874
619.874
619.874
619.874
619.874
619.874
619.874
619.874
619.874
619.874
619.874
619.874
619.874
619.874
619.874
619.874
619.874
619.874
619.874
619.874
619.874
619.874
619.874
619.874
619.874
619.874
619.874
619.875
619.875
619.875
619.875
619.875
619.876
619.876
619.876
619.877
619.878
619.879
619.883
619.892
619.913
619.957
620.051
620.242
620.618
621.328
622.61
624.827
628.493
634.275
642.969
655.409
672.336
694.219
721.076
752.143
785.362
817.569
845.453
866.067
877.172
877.541
867.16
847.204
819.857
787.997
754.851
723.56
696.296
673.954
656.599
643.799
634.828
628.843
625.04
622.733
621.397
620.655
620.261
620.06
619.961
619.915
619.893
619.884
619.879
619.878
619.877
619.876
619.876
619.875
619.875
619.875
619.875
619.874
619.874
619.874
619.874
619.874
619.874
619.874
619.873
619.873
619.873
619.873
619.873
619.873
619.873
619.873
619.873
619.873
619.873
619.873
619.873
619.873
619.873
619.873
619.873
619.873
619.873
619.873
619.873
619.873
619.873
619.874
619.874
619.874
619.874
619.874
619.874
619.874
619.874
619.874
619.874
619.874
619.874
619.874
619.874
619.874
619.874
619.875
619.875
619.875
619.875
619.875
619.875
619.875
619.875
619.875
619.875
619.875
619.875
619.875
619.875
619.875
619.875
619.875
619.875
619.875
619.875
619.875
619.875
619.87
619.87
619.87
619.87
619.87
619.87
619.87
619.87
619.87
619.87
619.87
619.87
619.87
619.87
619.87
619.87
619.87
619.87
619.87
619.87
619.87
619.87
619.87
619.87
619.869
619.869
619.869
619.869
619.869
619.869
619.869
619.869
619.869
619.869
619.869
619.869
619.869
619.869
619.868
619.868
619.868
619.868
619.868
619.868
619.868
619.868
619.868
619.868
619.868
619.868
619.868
619.868
619.868
619.868
619.868
619.868
619.868
619.868
619.868
619.868
619.868
619.868
619.868
619.868
619.868
619.868
619.869
619.869
619.869
619.869
619.869
619.87
619.87
619.87
619.871
619.871
619.873
619.877
619.886
619.907
619.952
620.047
620.241
620.621
621.338
622.633
624.871
628.566
634.389
643.135
655.638
672.633
694.582
721.489
752.569
785.752
817.902
845.73
866.304
877.388
877.758
867.4
847.486
820.196
788.397
755.292
723.992
696.678
674.268
656.841
643.976
634.949
628.922
625.087
622.759
621.408
620.659
620.26
620.056
619.956
619.909
619.887
619.877
619.873
619.871
619.87
619.87
619.87
619.869
619.869
619.869
619.869
619.869
619.868
619.868
619.868
619.868
619.868
619.868
619.868
619.868
619.868
619.868
619.867
619.867
619.867
619.867
619.867
619.867
619.867
619.867
619.867
619.868
619.868
619.868
619.868
619.868
619.868
619.868
619.868
619.868
619.868
619.868
619.868
619.868
619.868
619.868
619.868
619.868
619.868
619.868
619.869
619.869
619.869
619.869
619.869
619.869
619.869
619.869
619.869
619.869
619.869
619.869
619.869
619.869
619.869
619.869
619.869
619.869
619.869
619.869
619.869
619.87
619.87
619.87
619.87
619.87
619.87
619.87
619.87
619.862
619.862
619.862
619.862
619.862
619.862
619.862
619.862
619.862
619.862
619.862
619.862
619.862
619.861
619.861
619.861
619.861
619.861
619.861
619.861
619.861
619.861
619.861
619.861
619.861
619.861
619.861
619.861
619.861
619.861
619.861
619.86
619.86
619.86
619.86
619.86
619.86
619.86
619.86
619.86
619.86
619.86
619.86
619.86
619.86
619.86
619.86
619.859
619.859
619.859
619.859
619.859
619.859
619.859
619.859
619.859
619.859
619.859
619.859
619.859
619.859
619.859
619.859
619.859
619.86
619.86
619.86
619.86
619.86
619.86
619.86
619.86
619.86
619.861
619.861
619.862
619.864
619.868
619.877
619.897
619.943
620.039
620.235
620.62
621.343
622.65
624.905
628.625
634.483
643.273
655.829
672.881
694.885
721.834
752.924
786.075
818.176
845.959
866.499
877.567
877.938
867.6
847.721
820.479
788.731
755.662
724.355
697
674.532
657.045
644.124
635.05
628.986
625.124
622.777
621.415
620.658
620.255
620.049
619.947
619.9
619.878
619.868
619.864
619.862
619.861
619.861
619.86
619.86
619.86
619.86
619.86
619.86
619.859
619.859
619.859
619.859
619.859
619.859
619.859
619.859
619.859
619.859
619.859
619.859
619.859
619.859
619.859
619.859
619.859
619.859
619.859
619.859
619.859
619.859
619.859
619.859
619.859
619.859
619.859
619.86
619.86
619.86
619.86
619.86
619.86
619.86
619.86
619.86
619.86
619.86
619.86
619.86
619.86
619.86
619.86
619.86
619.861
619.861
619.861
619.861
619.861
619.861
619.861
619.861
619.861
619.861
619.861
619.861
619.861
619.861
619.861
619.861
619.861
619.861
619.861
619.861
619.861
619.861
619.861
619.847
619.847
619.847
619.847
619.847
619.847
619.847
619.847
619.847
619.847
619.847
619.847
619.847
619.847
619.847
619.847
619.847
619.847
619.847
619.847
619.847
619.847
619.847
619.847
619.847
619.846
619.846
619.846
619.846
619.846
619.846
619.846
619.846
619.846
619.846
619.846
619.846
619.846
619.846
619.846
619.846
619.845
619.845
619.845
619.845
619.845
619.845
619.845
619.845
619.845
619.845
619.845
619.845
619.845
619.845
619.845
619.845
619.845
619.845
619.845
619.845
619.845
619.845
619.845
619.845
619.845
619.845
619.845
619.845
619.845
619.845
619.845
619.845
619.845
619.845
619.846
619.848
619.852
619.861
619.882
619.927
620.024
620.222
620.61
621.34
622.656
624.925
628.667
634.554
643.382
655.981
673.079
695.129
722.112
753.209
786.333
818.394
846.14
866.654
877.71
878.082
867.759
847.909
820.706
789
755.962
724.651
697.262
674.747
657.21
644.242
635.128
629.032
625.148
622.785
621.412
620.649
620.242
620.034
619.932
619.884
619.862
619.852
619.848
619.846
619.845
619.845
619.845
619.845
619.845
619.845
619.845
619.845
619.845
619.845
619.845
619.844
619.844
619.844
619.844
619.845
619.845
619.845
619.845
619.845
619.845
619.845
619.845
619.845
619.845
619.845
619.845
619.845
619.845
619.845
619.845
619.845
619.845
619.845
619.845
619.845
619.845
619.846
619.846
619.846
619.846
619.846
619.846
619.846
619.846
619.846
619.846
619.846
619.846
619.846
619.846
619.846
619.846
619.846
619.847
619.847
619.847
619.847
619.847
619.847
619.847
619.847
619.847
619.847
619.847
619.847
619.847
619.847
619.847
619.847
619.847
619.847
619.847
619.847
619.847
619.821
619.821
619.821
619.821
619.821
619.821
619.821
619.821
619.821
619.821
619.821
619.821
619.821
619.821
619.821
619.821
619.821
619.821
619.821
619.821
619.821
619.821
619.821
619.821
619.821
619.82
619.82
619.82
619.82
619.82
619.82
619.82
619.82
619.82
619.82
619.82
619.82
619.82
619.82
619.82
619.82
619.82
619.82
619.819
619.819
619.819
619.819
619.819
619.819
619.819
619.819
619.819
619.819
619.819
619.819
619.819
619.818
619.818
619.818
619.818
619.818
619.818
619.818
619.818
619.818
619.818
619.818
619.817
619.817
619.817
619.817
619.817
619.817
619.817
619.817
619.818
619.819
619.823
619.832
619.853
619.899
619.997
620.196
620.587
621.322
622.646
624.928
628.687
634.598
643.455
656.089
673.226
695.31
722.322
753.424
786.525
818.555
846.273
866.769
877.817
878.191
867.879
848.05
820.877
789.205
756.192
724.88
697.461
674.908
657.33
644.325
635.178
629.057
625.153
622.777
621.396
620.627
620.217
620.007
619.904
619.855
619.833
619.824
619.82
619.818
619.817
619.817
619.817
619.817
619.817
619.818
619.818
619.818
619.818
619.818
619.818
619.818
619.818
619.818
619.818
619.819
619.819
619.819
619.819
619.819
619.819
619.819
619.819
619.819
619.819
619.819
619.819
619.82
619.82
619.82
619.82
619.82
619.82
619.82
619.82
619.82
619.82
619.82
619.82
619.82
619.82
619.82
619.821
619.821
619.821
619.821
619.821
619.821
619.821
619.821
619.821
619.821
619.821
619.821
619.821
619.821
619.821
619.821
619.821
619.821
619.821
619.821
619.821
619.821
619.821
619.821
619.821
619.821
619.821
619.821
619.821
619.821
619.821
619.821
619.821
619.773
619.773
619.773
619.773
619.773
619.773
619.773
619.773
619.773
619.773
619.773
619.773
619.773
619.773
619.773
619.773
619.773
619.773
619.773
619.773
619.773
619.773
619.773
619.773
619.773
619.773
619.773
619.773
619.773
619.773
619.773
619.773
619.773
619.773
619.773
619.772
619.772
619.772
619.772
619.772
619.772
619.772
619.772
619.772
619.772
619.772
619.772
619.772
619.772
619.772
619.771
619.771
619.771
619.771
619.771
619.771
619.771
619.77
619.77
619.77
619.77
619.77
619.769
619.769
619.769
619.768
619.768
619.768
619.768
619.767
619.767
619.767
619.766
619.766
619.766
619.766
619.767
619.771
619.78
619.8
619.846
619.945
620.146
620.539
621.278
622.609
624.902
628.677
634.607
643.487
656.148
673.313
695.426
722.459
753.565
786.649
818.656
846.357
866.843
877.886
878.262
867.959
848.144
820.991
789.343
756.351
725.036
697.594
675.01
657.401
644.365
635.193
629.05
625.13
622.743
621.353
620.579
620.167
619.956
619.852
619.803
619.781
619.772
619.768
619.767
619.767
619.767
619.767
619.767
619.768
619.768
619.769
619.769
619.769
619.769
619.77
619.77
619.77
619.771
619.771
619.771
619.771
619.772
619.772
619.772
619.772
619.772
619.772
619.773
619.773
619.773
619.773
619.773
619.773
619.773
619.773
619.773
619.773
619.774
619.774
619.774
619.774
619.774
619.774
619.774
619.774
619.774
619.774
619.774
619.774
619.774
619.774
619.774
619.774
619.774
619.774
619.774
619.774
619.774
619.774
619.774
619.774
619.774
619.774
619.774
619.774
619.774
619.774
619.774
619.774
619.774
619.774
619.774
619.774
619.774
619.774
619.774
619.774
619.774
619.774
619.685
619.685
619.685
619.685
619.685
619.685
619.685
619.685
619.685
619.685
619.685
619.685
619.685
619.685
619.685
619.685
619.685
619.685
619.685
619.685
619.685
619.685
619.686
619.686
619.686
619.686
619.686
619.686
619.686
619.686
619.686
619.686
619.686
619.686
619.686
619.686
619.686
619.686
619.686
619.686
619.686
619.686
619.686
619.686
619.686
619.686
619.686
619.685
619.685
619.685
619.685
619.685
619.685
619.684
619.684
619.684
619.684
619.683
619.683
619.683
619.682
619.682
619.681
619.681
619.68
619.68
619.679
619.678
619.678
619.677
619.676
619.675
619.675
619.674
619.673
619.673
619.674
619.677
619.685
619.706
619.752
619.851
620.052
620.448
621.191
622.528
624.831
628.618
634.564
643.464
656.146
673.331
695.463
722.512
753.622
786.693
818.69
846.385
866.87
877.915
878.294
867.993
848.184
821.04
789.407
756.429
725.111
697.65
675.044
657.41
644.351
635.157
628.996
625.062
622.664
621.268
620.49
620.075
619.862
619.758
619.71
619.688
619.679
619.676
619.675
619.675
619.676
619.677
619.677
619.678
619.679
619.68
619.681
619.681
619.682
619.682
619.683
619.684
619.684
619.685
619.685
619.685
619.686
619.686
619.687
619.687
619.687
619.687
619.688
619.688
619.688
619.688
619.688
619.689
619.689
619.689
619.689
619.689
619.689
619.689
619.689
619.689
619.689
619.689
619.689
619.689
619.689
619.689
619.689
619.689
619.689
619.689
619.689
619.689
619.689
619.689
619.689
619.689
619.689
619.689
619.689
619.689
619.689
619.689
619.689
619.689
619.689
619.689
619.689
619.689
619.689
619.689
619.689
619.689
619.689
619.689
619.689
619.689
619.689
619.689
619.529
619.529
619.529
619.529
619.529
619.529
619.529
619.529
619.529
619.529
619.529
619.529
619.529
619.53
619.53
619.53
619.53
619.53
619.53
619.53
619.53
619.531
619.531
619.531
619.531
619.531
619.531
619.532
619.532
619.532
619.532
619.532
619.532
619.532
619.533
619.533
619.533
619.533
619.533
619.533
619.533
619.533
619.533
619.533
619.533
619.533
619.533
619.533
619.532
619.532
619.532
619.532
619.531
619.531
619.531
619.53
619.53
619.529
619.529
619.528
619.527
619.526
619.526
619.525
619.524
619.523
619.522
619.521
619.519
619.518
619.517
619.515
619.514
619.513
619.511
619.51
619.51
619.513
619.521
619.541
619.586
619.685
619.888
620.285
621.032
622.375
624.686
628.486
634.448
643.366
656.066
673.27
695.417
722.478
753.591
786.66
818.658
846.359
866.851
877.901
878.281
867.98
848.167
821.02
789.388
756.412
725.091
697.619
674.995
657.342
644.261
635.047
628.869
624.921
622.513
621.11
620.329
619.911
619.698
619.594
619.546
619.525
619.516
619.514
619.514
619.515
619.516
619.518
619.519
619.521
619.522
619.523
619.525
619.526
619.527
619.528
619.529
619.53
619.531
619.532
619.533
619.534
619.534
619.535
619.535
619.536
619.537
619.537
619.537
619.538
619.538
619.538
619.539
619.539
619.539
619.539
619.539
619.539
619.539
619.539
619.539
619.539
619.539
619.539
619.539
619.539
619.539
619.539
619.539
619.539
619.539
619.539
619.539
619.539
619.538
619.538
619.538
619.538
619.538
619.538
619.538
619.538
619.538
619.537
619.537
619.537
619.537
619.537
619.537
619.537
619.537
619.537
619.537
619.537
619.537
619.537
619.537
619.537
619.536
619.536
619.261
619.261
619.261
619.261
619.261
619.261
619.262
619.262
619.262
619.262
619.262
619.262
619.263
619.263
619.263
619.263
619.264
619.264
619.264
619.264
619.265
619.265
619.265
619.266
619.266
619.266
619.267
619.267
619.267
619.268
619.268
619.268
619.269
619.269
619.269
619.27
619.27
619.27
619.27
619.27
619.271
619.271
619.271
619.271
619.271
619.271
619.271
619.271
619.27
619.27
619.27
619.269
619.269
619.268
619.268
619.267
619.266
619.266
619.265
619.264
619.262
619.261
619.26
619.258
619.257
619.255
619.253
619.251
619.249
619.247
619.245
619.243
619.241
619.238
619.236
619.234
619.233
619.234
619.241
619.26
619.305
619.404
619.607
620.007
620.757
622.107
624.429
628.242
634.221
643.16
655.882
673.106
695.273
722.352
753.476
786.549
818.557
846.274
866.781
877.841
878.225
867.918
848.093
820.935
789.294
756.316
724.986
697.493
674.846
657.168
644.064
634.827
628.63
624.667
622.249
620.839
620.053
619.633
619.419
619.315
619.268
619.248
619.24
619.239
619.24
619.242
619.245
619.247
619.25
619.252
619.255
619.257
619.259
619.261
619.263
619.265
619.267
619.268
619.27
619.271
619.272
619.274
619.275
619.276
619.277
619.277
619.278
619.279
619.28
619.28
619.28
619.281
619.281
619.281
619.282
619.282
619.282
619.282
619.282
619.282
619.282
619.282
619.282
619.282
619.282
619.281
619.281
619.281
619.281
619.281
619.28
619.28
619.28
619.28
619.279
619.279
619.279
619.279
619.278
619.278
619.278
619.278
619.277
619.277
619.277
619.277
619.277
619.276
619.276
619.276
619.276
619.276
619.276
619.275
619.275
619.275
619.275
619.275
619.275
619.275
618.82
618.82
618.82
618.82
618.82
618.82
618.821
618.821
618.821
618.821
618.822
618.822
618.822
618.823
618.823
618.824
618.824
618.825
618.825
618.826
618.826
618.827
618.828
618.828
618.829
618.829
618.83
618.831
618.831
618.832
618.832
618.833
618.834
618.834
618.835
618.835
618.836
618.836
618.837
618.837
618.838
618.838
618.838
618.838
618.838
618.839
618.839
618.838
618.838
618.838
618.838
618.837
618.836
618.836
618.835
618.834
618.833
618.831
618.83
618.828
618.827
618.825
618.823
618.821
618.818
618.816
618.813
618.81
618.807
618.804
618.8
618.797
618.793
618.789
618.786
618.782
618.78
618.78
618.785
618.803
618.847
618.945
619.149
619.551
620.307
621.665
623.999
627.831
633.835
642.801
655.553
672.807
695.002
722.108
753.25
786.336
818.368
846.114
866.647
877.724
878.111
867.793
847.948
820.765
789.103
756.112
724.763
697.24
674.563
656.853
643.715
634.449
628.226
624.243
621.811
620.392
619.6
619.178
618.964
618.861
618.814
618.795
618.789
618.79
618.792
618.796
618.8
618.804
618.808
618.812
618.816
618.819
618.823
618.826
618.829
618.832
618.834
618.837
618.839
618.841
618.843
618.845
618.847
618.849
618.85
618.851
618.852
618.853
618.854
618.855
618.855
618.856
618.856
618.857
618.857
618.857
618.857
618.857
618.857
618.857
618.857
618.857
618.856
618.856
618.856
618.855
618.855
618.855
618.854
618.854
618.853
618.853
618.852
618.852
618.851
618.851
618.85
618.85
618.849
618.849
618.848
618.848
618.847
618.847
618.847
618.846
618.846
618.846
618.845
618.845
618.845
618.844
618.844
618.844
618.844
618.844
618.844
618.844
618.843
618.843
618.122
618.122
618.122
618.122
618.122
618.122
618.123
618.123
618.124
618.124
618.125
618.125
618.126
618.127
618.127
618.128
618.129
618.13
618.131
618.131
618.132
618.133
618.134
618.135
618.137
618.138
618.139
618.14
618.141
618.142
618.143
618.144
618.145
618.146
618.147
618.148
618.149
618.15
618.151
618.152
618.152
618.153
618.153
618.154
618.154
618.154
618.155
618.155
618.154
618.154
618.154
618.153
618.152
618.151
618.15
618.149
618.147
618.146
618.144
618.141
618.139
618.136
618.133
618.13
618.127
618.123
618.119
618.115
618.11
618.106
618.101
618.095
618.09
618.084
618.079
618.073
618.069
618.067
618.071
618.087
618.13
618.227
618.432
618.837
619.599
620.969
623.321
627.18
633.219
642.229
655.029
672.332
694.572
721.72
752.894
786.008
818.079
845.868
866.438
877.538
877.928
867.594
847.718
820.496
788.797
755.779
724.399
696.831
674.105
656.343
643.155
633.843
627.583
623.572
621.12
619.689
618.89
618.466
618.251
618.148
618.103
618.086
618.082
618.085
618.089
618.095
618.101
618.107
618.113
618.119
618.125
618.13
618.135
618.14
618.144
618.148
618.152
618.156
618.159
618.162
618.165
618.168
618.17
618.173
618.175
618.176
618.178
618.179
618.18
618.181
618.182
618.183
618.183
618.184
618.184
618.184
618.184
618.184
618.184
618.183
618.183
618.182
618.182
618.181
618.181
618.18
618.179
618.178
618.178
618.177
618.176
618.175
618.174
618.173
618.173
618.172
618.171
618.17
618.169
618.168
618.168
618.167
618.166
618.165
618.165
618.164
618.163
618.163
618.162
618.162
618.161
618.161
618.161
618.16
618.16
618.16
618.16
618.159
618.159
618.159
617.064
617.064
617.064
617.065
617.065
617.065
617.066
617.067
617.067
617.068
617.069
617.07
617.071
617.072
617.073
617.074
617.075
617.077
617.078
617.08
617.081
617.083
617.084
617.086
617.088
617.089
617.091
617.093
617.094
617.096
617.098
617.1
617.101
617.103
617.105
617.106
617.108
617.109
617.111
617.112
617.113
617.114
617.115
617.116
617.117
617.118
617.118
617.118
617.118
617.118
617.118
617.117
617.116
617.115
617.114
617.112
617.11
617.108
617.105
617.102
617.099
617.095
617.091
617.087
617.082
617.077
617.072
617.066
617.06
617.053
617.046
617.039
617.031
617.023
617.016
617.008
617.001
616.996
616.998
617.012
617.053
617.15
617.355
617.764
618.535
619.921
622.3
626.198
632.29
641.367
654.244
671.626
693.942
721.16
752.385
785.544
817.672
845.52
866.141
877.27
877.663
867.307
847.388
820.112
788.359
755.296
723.864
696.225
673.42
655.575
642.308
632.926
626.611
622.559
620.08
618.632
617.824
617.396
617.179
617.078
617.034
617.02
617.019
617.024
617.032
617.04
617.049
617.058
617.066
617.074
617.082
617.089
617.096
617.103
617.109
617.115
617.12
617.125
617.13
617.134
617.138
617.142
617.145
617.148
617.151
617.153
617.155
617.157
617.158
617.16
617.161
617.161
617.162
617.162
617.162
617.162
617.162
617.162
617.161
617.16
617.16
617.159
617.158
617.157
617.156
617.155
617.153
617.152
617.151
617.149
617.148
617.147
617.145
617.144
617.142
617.141
617.14
617.138
617.137
617.136
617.134
617.133
617.132
617.131
617.13
617.129
617.128
617.127
617.126
617.125
617.125
617.124
617.123
617.123
617.122
617.122
617.122
617.122
617.121
617.121
615.533
615.533
615.533
615.534
615.534
615.535
615.536
615.537
615.538
615.539
615.54
615.541
615.543
615.544
615.546
615.548
615.55
615.552
615.554
615.556
615.558
615.561
615.563
615.565
615.568
615.57
615.573
615.576
615.578
615.581
615.583
615.586
615.589
615.591
615.594
615.596
615.599
615.601
615.603
615.605
615.607
615.609
615.611
615.613
615.614
615.615
615.616
615.617
615.617
615.617
615.617
615.617
615.616
615.615
615.613
615.611
615.609
615.606
615.603
615.599
615.595
615.59
615.585
615.579
615.573
615.566
615.559
615.552
615.543
615.535
615.526
615.516
615.506
615.496
615.485
615.475
615.465
615.458
615.456
615.467
615.507
615.603
615.81
616.224
617.007
618.415
620.83
624.782
630.951
640.125
653.119
670.626
693.064
720.39
751.698
784.923
817.128
845.053
865.736
876.901
877.299
866.915
846.941
819.593
787.766
754.637
723.123
695.373
672.443
654.471
641.084
631.601
625.207
621.099
618.582
617.112
616.292
615.858
615.641
615.54
615.499
615.488
615.49
615.498
615.509
615.521
615.532
615.544
615.555
615.566
615.576
615.586
615.595
615.604
615.612
615.62
615.627
615.634
615.64
615.646
615.651
615.656
615.66
615.664
615.667
615.67
615.672
615.674
615.676
615.677
615.678
615.679
615.68
615.68
615.68
615.679
615.679
615.678
615.677
615.676
615.674
615.673
615.671
615.67
615.668
615.666
615.664
615.662
615.66
615.658
615.656
615.653
615.651
615.649
615.647
615.645
615.643
615.641
615.639
615.637
615.635
615.633
615.631
615.63
615.628
615.627
615.625
615.624
615.623
615.621
615.62
615.619
615.619
615.618
615.617
615.617
615.616
615.616
615.616
615.615
613.416
613.416
613.416
613.417
613.417
613.418
613.419
613.421
613.422
613.424
613.425
613.427
613.429
613.432
613.434
613.437
613.439
613.442
613.445
613.448
613.451
613.454
613.458
613.461
613.465
613.468
613.472
613.476
613.48
613.483
613.487
613.491
613.495
613.499
613.502
613.506
613.509
613.513
613.516
613.519
613.523
613.525
613.528
613.531
613.533
613.535
613.536
613.538
613.539
613.539
613.54
613.539
613.539
613.538
613.536
613.534
613.532
613.528
613.525
613.52
613.515
613.51
613.504
613.497
613.489
613.481
613.472
613.462
613.452
613.441
613.43
613.418
613.405
613.392
613.379
613.365
613.353
613.342
613.338
613.346
613.384
613.479
613.688
614.109
614.907
616.343
618.804
622.829
629.1
638.411
651.569
669.259
691.879
719.369
750.801
784.119
816.423
844.445
865.203
876.412
876.815
866.397
846.355
818.918
786.995
753.772
722.136
694.22
671.106
652.947
639.391
629.769
623.269
619.086
616.521
615.022
614.187
613.746
613.527
613.427
613.389
613.38
613.386
613.398
613.412
613.427
613.442
613.457
613.471
613.485
613.498
613.511
613.522
613.533
613.544
613.553
613.562
613.571
613.578
613.585
613.592
613.597
613.603
613.607
613.611
613.614
613.617
613.619
613.621
613.623
613.624
613.624
613.624
613.624
613.623
613.622
613.621
613.62
613.618
613.616
613.614
613.612
613.609
613.607
613.604
613.601
613.598
613.595
613.592
613.589
613.586
613.583
613.58
613.577
613.574
613.571
613.568
613.565
613.562
613.559
613.557
613.554
613.552
613.549
613.547
613.545
613.543
613.541
613.539
613.537
613.536
613.534
613.533
613.532
613.531
613.53
613.53
613.529
613.529
613.529
610.622
610.622
610.622
610.623
610.624
610.625
610.627
610.628
610.63
610.632
610.635
610.637
610.64
610.643
610.646
610.65
610.653
610.657
610.661
610.665
610.669
610.674
610.678
610.683
610.688
610.692
610.697
610.702
610.708
610.713
610.718
610.723
610.728
610.733
610.739
610.744
610.749
610.753
610.758
610.763
610.767
610.771
610.775
610.779
610.782
610.785
610.788
610.79
610.792
610.794
610.795
610.795
610.795
610.794
610.793
610.791
610.788
610.785
610.781
610.776
610.771
610.765
610.757
610.75
610.741
610.731
610.721
610.71
610.698
610.685
610.671
610.657
610.642
610.626
610.61
610.594
610.578
610.565
610.557
610.563
610.598
610.693
610.905
611.334
612.15
613.62
616.138
620.252
626.653
636.139
649.516
667.455
690.329
718.051
749.661
783.106
815.534
843.671
864.519
875.779
876.186
865.728
845.606
818.061
786.017
752.669
720.859
692.708
669.335
650.924
637.145
627.342
620.708
616.434
613.81
612.276
611.423
610.973
610.752
610.653
610.617
610.612
610.621
610.637
610.655
610.673
610.691
610.709
610.727
610.743
610.759
610.774
610.788
610.801
610.813
610.825
610.836
610.845
610.854
610.862
610.87
610.876
610.882
610.887
610.891
610.895
610.898
610.9
610.902
610.903
610.904
610.904
610.903
610.902
610.901
610.899
610.897
610.895
610.892
610.89
610.886
610.883
610.88
610.876
610.872
610.868
610.864
610.86
610.856
610.851
610.847
610.843
610.839
610.834
610.83
610.826
610.822
610.818
610.814
610.81
610.807
610.803
610.8
610.797
610.794
610.791
610.788
610.785
610.783
610.781
610.779
610.777
610.775
610.774
610.773
610.771
610.771
610.77
610.77
610.769
607.105
607.106
607.106
607.107
607.109
607.11
607.112
607.114
607.116
607.119
607.122
607.125
607.129
607.133
607.137
607.141
607.145
607.15
607.155
607.16
607.166
607.171
607.177
607.183
607.189
607.196
607.202
607.209
607.215
607.222
607.228
607.235
607.242
607.249
607.255
607.262
607.269
607.275
607.281
607.287
607.293
607.299
607.304
607.31
607.314
607.319
607.323
607.326
607.329
607.332
607.334
607.335
607.336
607.336
607.335
607.334
607.331
607.328
607.324
607.32
607.314
607.307
607.3
607.291
607.282
607.271
607.26
607.247
607.234
607.22
607.204
607.188
607.171
607.153
607.135
607.116
607.098
607.082
607.072
607.076
607.109
607.204
607.419
607.858
608.695
610.202
612.786
617.002
623.556
633.253
646.899
665.152
688.359
716.392
748.244
781.855
814.433
842.705
863.656
874.974
875.387
864.882
844.668
816.996
784.806
751.295
719.246
690.782
667.073
648.341
634.286
624.268
617.476
613.096
610.405
608.832
607.958
607.499
607.274
607.176
607.142
607.139
607.152
607.171
607.192
607.213
607.234
607.255
607.275
607.293
607.311
607.328
607.344
607.359
607.373
607.386
607.398
607.409
607.419
607.428
607.436
607.443
607.449
607.454
607.459
607.462
607.465
607.467
607.468
607.469
607.469
607.468
607.467
607.465
607.463
607.46
607.457
607.454
607.45
607.446
607.441
607.437
607.432
607.427
607.422
607.416
607.411
607.406
607.4
607.394
607.389
607.383
607.378
607.372
607.367
607.362
607.356
607.351
607.346
607.341
607.337
607.332
607.328
607.324
607.32
607.316
607.313
607.309
607.306
607.303
607.301
607.298
607.296
607.295
607.293
607.292
607.291
607.29
607.289
607.289
602.887
602.887
602.888
602.889
602.891
602.893
602.895
602.897
602.9
602.903
602.907
602.911
602.915
602.92
602.925
602.93
602.935
602.941
602.947
602.953
602.96
602.967
602.974
602.981
602.989
602.996
603.004
603.012
603.02
603.028
603.037
603.045
603.053
603.062
603.07
603.078
603.086
603.094
603.102
603.11
603.118
603.125
603.132
603.139
603.145
603.151
603.156
603.161
603.166
603.169
603.173
603.175
603.177
603.178
603.178
603.178
603.176
603.174
603.17
603.166
603.161
603.154
603.147
603.138
603.128
603.118
603.106
603.093
603.078
603.063
603.047
603.03
603.011
602.992
602.972
602.952
602.932
602.914
602.902
602.904
602.937
603.033
603.252
603.701
604.559
606.106
608.759
613.086
619.807
629.739
643.693
662.318
685.929
714.352
746.521
780.339
813.096
841.521
862.588
873.971
874.391
863.834
843.515
815.699
783.337
749.62
717.261
688.402
664.283
645.172
630.801
620.541
613.578
609.083
606.321
604.707
603.811
603.342
603.113
603.015
602.982
602.982
602.997
603.018
603.041
603.065
603.088
603.11
603.132
603.153
603.172
603.19
603.208
603.224
603.238
603.252
603.265
603.276
603.287
603.296
603.304
603.311
603.317
603.322
603.326
603.329
603.331
603.332
603.333
603.333
603.332
603.33
603.328
603.325
603.322
603.318
603.314
603.309
603.304
603.298
603.293
603.287
603.28
603.274
603.267
603.261
603.254
603.247
603.24
603.233
603.226
603.219
603.212
603.206
603.199
603.192
603.186
603.18
603.174
603.168
603.162
603.157
603.151
603.146
603.141
603.137
603.133
603.129
603.125
603.122
603.118
603.116
603.113
603.111
603.109
603.107
603.106
603.105
603.104
603.104
598.064
598.065
598.066
598.067
598.068
598.071
598.073
598.076
598.079
598.083
598.087
598.092
598.096
598.102
598.107
598.113
598.12
598.126
598.133
598.141
598.148
598.156
598.164
598.173
598.181
598.19
598.199
598.208
598.218
598.227
598.237
598.247
598.256
598.266
598.276
598.286
598.296
598.305
598.315
598.324
598.333
598.342
598.351
598.359
598.367
598.374
598.381
598.387
598.393
598.398
598.403
598.407
598.41
598.412
598.414
598.414
598.414
598.412
598.41
598.407
598.402
598.396
598.389
598.381
598.372
598.362
598.35
598.337
598.323
598.308
598.292
598.274
598.255
598.236
598.215
598.194
598.174
598.155
598.142
598.144
598.177
598.275
598.498
598.958
599.837
601.423
604.142
608.579
615.468
625.643
639.925
658.957
683.026
711.91
744.469
778.541
811.5
840.097
861.291
872.744
873.17
862.557
842.125
814.148
781.589
747.624
714.879
685.555
660.968
641.44
626.734
616.224
609.087
604.479
601.648
599.994
599.076
598.596
598.364
598.263
598.231
598.232
598.248
598.27
598.295
598.32
598.344
598.367
598.389
598.411
598.431
598.449
598.467
598.483
598.498
598.512
598.524
598.536
598.546
598.554
598.562
598.569
598.574
598.578
598.582
598.584
598.585
598.586
598.585
598.584
598.582
598.579
598.576
598.572
598.567
598.562
598.556
598.55
598.544
598.537
598.53
598.523
598.515
598.507
598.499
598.491
598.483
598.475
598.467
598.458
598.45
598.442
598.434
598.426
598.418
598.411
598.403
598.396
598.389
598.382
598.375
598.369
598.363
598.357
598.352
598.346
598.341
598.337
598.332
598.329
598.325
598.322
598.319
598.316
598.314
598.312
598.311
598.309
598.309
598.308
592.811
592.811
592.812
592.813
592.815
592.818
592.82
592.823
592.827
592.831
592.836
592.84
592.846
592.852
592.858
592.864
592.871
592.878
592.886
592.894
592.902
592.911
592.92
592.929
592.939
592.948
592.958
592.969
592.979
592.99
593
593.011
593.022
593.033
593.044
593.055
593.066
593.077
593.088
593.098
593.109
593.119
593.129
593.138
593.147
593.156
593.165
593.172
593.18
593.186
593.192
593.197
593.202
593.205
593.208
593.21
593.211
593.211
593.21
593.207
593.204
593.199
593.194
593.187
593.179
593.169
593.159
593.147
593.134
593.119
593.104
593.087
593.069
593.05
593.03
593.01
592.99
592.971
592.959
592.962
592.996
593.096
593.324
593.794
594.692
596.312
599.092
603.628
610.672
621.078
635.679
655.123
679.676
709.064
742.081
776.448
809.633
838.415
859.744
871.271
871.706
861.034
840.48
812.33
779.551
745.297
712.098
682.26
657.18
637.229
622.194
611.446
604.148
599.437
596.545
594.855
593.918
593.428
593.19
593.088
593.055
593.055
593.071
593.093
593.118
593.142
593.166
593.189
593.211
593.231
593.251
593.269
593.286
593.302
593.316
593.329
593.34
593.351
593.36
593.368
593.375
593.38
593.384
593.388
593.39
593.391
593.391
593.39
593.389
593.386
593.383
593.379
593.375
593.369
593.364
593.357
593.35
593.343
593.335
593.328
593.319
593.311
593.302
593.293
593.284
593.275
593.266
593.256
593.247
593.238
593.229
593.22
593.211
593.202
593.193
593.185
593.177
593.168
593.161
593.153
593.146
593.139
593.132
593.126
593.119
593.114
593.108
593.103
593.099
593.094
593.09
593.087
593.083
593.081
593.078
593.076
593.075
593.073
593.072
593.072
587.359
587.359
587.36
587.361
587.363
587.366
587.368
587.372
587.375
587.38
587.384
587.389
587.395
587.401
587.407
587.414
587.421
587.429
587.437
587.445
587.454
587.463
587.472
587.482
587.492
587.502
587.513
587.523
587.534
587.545
587.557
587.568
587.58
587.591
587.603
587.615
587.626
587.638
587.65
587.661
587.672
587.683
587.694
587.705
587.715
587.725
587.734
587.743
587.751
587.759
587.766
587.772
587.778
587.783
587.787
587.79
587.792
587.794
587.794
587.793
587.791
587.788
587.784
587.778
587.772
587.764
587.755
587.745
587.733
587.72
587.706
587.691
587.675
587.658
587.64
587.621
587.602
587.586
587.575
587.579
587.616
587.719
587.952
588.431
589.344
590.992
593.819
598.435
605.609
616.212
631.098
650.924
675.946
705.848
739.365
774.064
807.493
836.469
857.938
869.543
869.986
859.253
838.575
810.243
777.229
742.65
708.948
678.584
653.021
632.677
617.348
606.395
598.964
594.17
591.228
589.509
588.557
588.058
587.815
587.71
587.675
587.673
587.688
587.708
587.731
587.754
587.776
587.798
587.818
587.837
587.855
587.872
587.887
587.901
587.914
587.925
587.936
587.945
587.952
587.959
587.964
587.968
587.971
587.973
587.974
587.974
587.973
587.971
587.968
587.965
587.961
587.955
587.95
587.944
587.937
587.929
587.922
587.913
587.905
587.896
587.887
587.878
587.868
587.858
587.849
587.839
587.829
587.819
587.809
587.799
587.79
587.78
587.77
587.761
587.752
587.743
587.734
587.726
587.718
587.71
587.702
587.695
587.688
587.681
587.674
587.668
587.663
587.657
587.653
587.648
587.644
587.64
587.637
587.634
587.631
587.629
587.627
587.626
587.625
587.625
581.968
581.968
581.969
581.971
581.973
581.975
581.978
581.981
581.985
581.989
581.993
581.998
582.004
582.01
582.016
582.023
582.03
582.037
582.045
582.053
582.062
582.071
582.08
582.09
582.1
582.11
582.121
582.131
582.142
582.153
582.165
582.176
582.188
582.2
582.211
582.223
582.235
582.247
582.259
582.27
582.282
582.293
582.304
582.315
582.326
582.336
582.346
582.356
582.365
582.373
582.381
582.388
582.395
582.401
582.406
582.41
582.413
582.416
582.418
582.418
582.418
582.416
582.414
582.41
582.405
582.399
582.392
582.384
582.374
582.364
582.352
582.339
582.326
582.311
582.295
582.279
582.262
582.248
582.241
582.248
582.287
582.393
582.632
583.117
584.041
585.707
588.566
593.238
600.504
611.254
626.365
646.51
671.946
702.329
736.357
771.412
805.092
834.265
855.877
867.561
868.013
857.219
836.415
807.898
774.641
739.714
705.494
674.632
648.641
627.966
612.403
601.297
593.77
588.919
585.943
584.205
583.241
582.736
582.488
582.379
582.341
582.336
582.348
582.366
582.386
582.406
582.426
582.445
582.463
582.48
582.495
582.51
582.523
582.535
582.546
582.555
582.563
582.571
582.577
582.581
582.585
582.588
582.589
582.59
582.59
582.588
582.586
582.583
582.579
582.575
582.57
582.564
582.557
582.55
582.543
582.535
582.527
582.518
582.509
582.5
582.49
582.481
582.471
582.461
582.451
582.441
582.431
582.421
582.411
582.401
582.391
582.381
582.372
582.362
582.353
582.344
582.335
582.327
582.319
582.311
582.303
582.296
582.289
582.282
582.276
582.27
582.264
582.259
582.254
582.249
582.245
582.241
582.238
582.235
582.233
582.231
582.229
582.228
582.227
582.226
576.89
576.89
576.891
576.892
576.894
576.896
576.899
576.902
576.906
576.909
576.914
576.918
576.924
576.929
576.935
576.941
576.948
576.955
576.963
576.97
576.979
576.987
576.996
577.005
577.014
577.024
577.034
577.044
577.054
577.065
577.076
577.087
577.098
577.109
577.12
577.132
577.143
577.155
577.166
577.177
577.189
577.2
577.211
577.222
577.232
577.242
577.252
577.262
577.271
577.28
577.288
577.295
577.302
577.309
577.315
577.32
577.324
577.327
577.33
577.332
577.333
577.333
577.332
577.33
577.327
577.323
577.318
577.311
577.304
577.296
577.287
577.277
577.266
577.253
577.241
577.227
577.214
577.203
577.199
577.209
577.252
577.362
577.604
578.094
579.024
580.699
583.574
588.272
595.588
606.427
621.685
642.059
667.82
698.608
733.112
768.532
802.461
831.83
853.582
865.343
865.805
854.952
834.025
805.327
771.828
736.546
701.831
670.545
644.215
623.3
607.582
596.383
588.803
583.923
580.931
579.184
578.214
577.703
577.451
577.338
577.296
577.288
577.296
577.31
577.327
577.344
577.361
577.377
577.392
577.406
577.418
577.43
577.441
577.45
577.459
577.466
577.472
577.478
577.482
577.485
577.487
577.488
577.489
577.488
577.486
577.484
577.481
577.477
577.473
577.468
577.462
577.456
577.449
577.442
577.434
577.426
577.418
577.409
577.4
577.391
577.381
577.372
577.362
577.353
577.343
577.333
577.323
577.314
577.304
577.294
577.285
577.276
577.267
577.258
577.249
577.24
577.232
577.224
577.216
577.208
577.201
577.194
577.188
577.181
577.175
577.17
577.164
577.159
577.155
577.15
577.146
577.143
577.14
577.137
577.135
577.133
577.131
577.13
577.129
577.129
572.332
572.332
572.333
572.334
572.335
572.337
572.34
572.342
572.346
572.349
572.353
572.357
572.362
572.367
572.372
572.378
572.384
572.39
572.397
572.404
572.411
572.419
572.426
572.435
572.443
572.452
572.461
572.47
572.479
572.489
572.499
572.509
572.519
572.529
572.539
572.55
572.56
572.571
572.581
572.592
572.602
572.612
572.622
572.633
572.642
572.652
572.661
572.67
572.679
572.688
572.696
572.703
572.71
572.717
572.723
572.728
572.733
572.737
572.74
572.743
572.745
572.746
572.746
572.746
572.744
572.742
572.739
572.735
572.73
572.724
572.717
572.709
572.701
572.692
572.682
572.672
572.662
572.654
572.653
572.667
572.713
572.827
573.072
573.564
574.495
576.171
579.044
583.744
591.068
601.935
617.257
637.757
663.727
694.812
729.714
765.483
799.65
829.205
851.091
862.928
863.399
852.491
831.447
802.577
768.848
733.222
698.084
666.481
639.927
618.877
603.088
591.858
584.269
579.387
576.395
574.648
573.676
573.163
572.907
572.791
572.744
572.733
572.737
572.747
572.76
572.774
572.787
572.8
572.811
572.822
572.832
572.841
572.849
572.856
572.862
572.868
572.872
572.875
572.878
572.88
572.88
572.88
572.88
572.878
572.876
572.873
572.869
572.865
572.86
572.855
572.849
572.843
572.836
572.829
572.822
572.814
572.806
572.798
572.789
572.781
572.772
572.763
572.754
572.745
572.736
572.727
572.718
572.709
572.7
572.692
572.683
572.675
572.666
572.658
572.65
572.642
572.635
572.627
572.62
572.614
572.607
572.601
572.595
572.589
572.584
572.579
572.574
572.569
572.565
572.561
572.558
572.555
572.552
572.549
572.547
572.546
572.544
572.543
572.542
572.542
568.432
568.432
568.433
568.434
568.435
568.437
568.439
568.441
568.444
568.447
568.45
568.454
568.457
568.462
568.466
568.471
568.476
568.482
568.487
568.493
568.499
568.506
568.513
568.52
568.527
568.534
568.542
568.55
568.558
568.566
568.575
568.583
568.592
568.601
568.61
568.619
568.628
568.637
568.646
568.655
568.664
568.674
568.683
568.691
568.7
568.709
568.717
568.725
568.733
568.741
568.748
568.755
568.762
568.768
568.774
568.779
568.784
568.788
568.792
568.795
568.797
568.799
568.8
568.801
568.801
568.8
568.798
568.796
568.793
568.789
568.784
568.779
568.773
568.766
568.759
568.752
568.745
568.741
568.743
568.76
568.81
568.926
569.174
569.666
570.594
572.262
575.122
579.8
587.098
597.937
613.247
633.77
659.825
691.077
726.26
762.343
796.725
826.451
848.464
860.372
860.853
849.893
828.742
799.715
765.776
729.84
694.388
662.598
635.945
614.863
599.084
587.88
580.316
575.456
572.478
570.738
569.768
569.254
568.997
568.876
568.826
568.811
568.811
568.818
568.827
568.837
568.847
568.856
568.865
568.873
568.88
568.887
568.892
568.897
568.902
568.905
568.908
568.909
568.911
568.911
568.911
568.91
568.909
568.906
568.904
568.9
568.897
568.892
568.888
568.883
568.877
568.871
568.865
568.858
568.852
568.845
568.837
568.83
568.822
568.815
568.807
568.799
568.791
568.784
568.776
568.768
568.76
568.752
568.744
568.737
568.729
568.722
568.715
568.708
568.701
568.694
568.688
568.681
568.675
568.67
568.664
568.659
568.653
568.648
568.644
568.639
568.635
568.632
568.628
568.625
568.622
568.619
568.617
568.615
568.613
568.611
568.61
568.609
568.609
568.608
565.251
565.251
565.252
565.252
565.253
565.255
565.256
565.258
565.26
565.263
565.265
565.268
565.271
565.275
565.279
565.282
565.287
565.291
565.296
565.301
565.306
565.311
565.316
565.322
565.328
565.334
565.34
565.347
565.353
565.36
565.367
565.374
565.381
565.389
565.396
565.403
565.411
565.418
565.426
565.434
565.441
565.449
565.456
565.464
565.471
565.478
565.486
565.492
565.499
565.506
565.512
565.518
565.524
565.53
565.535
565.54
565.544
565.548
565.552
565.555
565.557
565.56
565.561
565.562
565.563
565.563
565.563
565.562
565.56
565.558
565.555
565.552
565.548
565.543
565.539
565.534
565.53
565.528
565.533
565.553
565.606
565.724
565.973
566.463
567.386
569.041
571.879
576.521
583.765
594.536
609.768
630.224
656.249
687.536
722.863
759.202
793.769
823.647
845.773
857.747
858.239
847.233
825.985
796.818
762.7
726.506
690.875
659.031
632.397
611.377
595.673
584.536
577.027
572.203
569.248
567.52
566.556
566.043
565.783
565.66
565.607
565.588
565.585
565.588
565.594
565.601
565.608
565.615
565.621
565.627
565.632
565.636
565.64
565.643
565.645
565.647
565.648
565.649
565.649
565.649
565.648
565.647
565.645
565.643
565.64
565.637
565.633
565.629
565.625
565.62
565.615
565.61
565.605
565.599
565.593
565.587
565.581
565.575
565.568
565.562
565.555
565.549
565.542
565.536
565.529
565.523
565.516
565.51
565.503
565.497
565.491
565.485
565.479
565.473
565.467
565.462
565.457
565.451
565.446
565.442
565.437
565.433
565.429
565.425
565.421
565.417
565.414
565.411
565.408
565.405
565.403
565.401
565.399
565.397
565.395
565.394
565.393
565.392
565.392
565.392
562.776
562.776
562.776
562.777
562.778
562.779
562.78
562.782
562.783
562.785
562.787
562.789
562.792
562.794
562.797
562.8
562.803
562.807
562.81
562.814
562.818
562.822
562.827
562.831
562.836
562.84
562.845
562.85
562.855
562.861
562.866
562.871
562.877
562.883
562.889
562.894
562.9
562.906
562.912
562.918
562.924
562.93
562.936
562.942
562.948
562.954
562.96
562.965
562.971
562.976
562.981
562.986
562.991
562.996
563
563.004
563.008
563.011
563.015
563.018
563.02
563.022
563.024
563.026
563.027
563.027
563.027
563.027
563.027
563.025
563.024
563.022
563.02
563.017
563.014
563.012
563.01
563.01
563.018
563.04
563.094
563.214
563.463
563.951
564.867
566.508
569.318
573.915
581.092
591.767
606.88
627.201
653.1
684.301
719.635
756.153
790.868
820.876
843.105
855.14
855.641
844.595
823.262
793.976
759.711
723.329
687.657
655.883
629.366
608.478
592.893
581.852
574.411
569.632
566.704
564.991
564.034
563.523
563.263
563.138
563.082
563.06
563.054
563.055
563.058
563.063
563.067
563.072
563.076
563.079
563.082
563.085
563.087
563.089
563.09
563.091
563.092
563.092
563.091
563.091
563.089
563.088
563.086
563.084
563.081
563.078
563.075
563.072
563.068
563.064
563.06
563.056
563.051
563.046
563.042
563.037
563.032
563.027
563.022
563.016
563.011
563.006
563.001
562.996
562.99
562.985
562.98
562.975
562.97
562.965
562.96
562.956
562.951
562.946
562.942
562.938
562.934
562.93
562.926
562.922
562.918
562.915
562.912
562.909
562.906
562.903
562.9
562.898
562.896
562.894
562.892
562.89
562.889
562.887
562.886
562.885
562.884
562.884
562.883
562.883
560.938
560.938
560.939
560.939
560.94
560.941
560.941
560.942
560.944
560.945
560.947
560.948
560.95
560.952
560.954
560.956
560.959
560.961
560.964
560.966
560.969
560.972
560.976
560.979
560.982
560.986
560.989
560.993
560.997
561.001
561.005
561.009
561.013
561.017
561.021
561.026
561.03
561.035
561.039
561.044
561.048
561.053
561.057
561.062
561.066
561.071
561.075
561.079
561.083
561.088
561.092
561.096
561.099
561.103
561.106
561.11
561.113
561.116
561.118
561.121
561.123
561.125
561.127
561.128
561.129
561.13
561.131
561.131
561.131
561.13
561.13
561.129
561.128
561.126
561.125
561.123
561.123
561.125
561.134
561.158
561.214
561.335
561.583
562.068
562.977
564.603
567.386
571.938
579.042
589.613
604.584
624.73
650.437
681.458
716.68
753.29
788.114
818.23
840.549
852.638
853.149
842.068
820.661
791.277
756.903
720.411
684.823
653.215
626.885
606.17
590.728
579.793
572.425
567.692
564.792
563.093
562.143
561.634
561.374
561.248
561.19
561.166
561.157
561.156
561.157
561.16
561.163
561.166
561.168
561.17
561.172
561.174
561.175
561.176
561.176
561.176
561.176
561.176
561.175
561.174
561.173
561.172
561.17
561.168
561.166
561.163
561.161
561.158
561.155
561.152
561.149
561.145
561.142
561.138
561.135
561.131
561.127
561.123
561.119
561.115
561.111
561.108
561.104
561.1
561.096
561.092
561.088
561.084
561.08
561.077
561.073
561.07
561.066
561.063
561.06
561.056
561.053
561.05
561.048
561.045
561.042
561.04
561.037
561.035
561.033
561.031
561.029
561.027
561.025
561.024
561.022
561.021
561.02
561.019
561.018
561.018
561.017
561.017
561.016
561.016
559.635
559.635
559.636
559.636
559.636
559.637
559.638
559.638
559.639
559.64
559.641
559.642
559.644
559.645
559.646
559.648
559.65
559.651
559.653
559.655
559.657
559.659
559.661
559.664
559.666
559.669
559.671
559.674
559.676
559.679
559.682
559.685
559.688
559.691
559.694
559.697
559.7
559.703
559.706
559.709
559.713
559.716
559.719
559.722
559.726
559.729
559.732
559.735
559.738
559.741
559.744
559.747
559.75
559.752
559.755
559.757
559.76
559.762
559.764
559.766
559.768
559.769
559.771
559.772
559.773
559.774
559.774
559.775
559.775
559.775
559.775
559.775
559.774
559.773
559.773
559.772
559.773
559.777
559.787
559.812
559.868
559.99
560.237
560.72
561.622
563.235
565.994
570.504
577.541
588.011
602.838
622.796
648.278
679.06
714.08
750.693
785.589
815.793
838.189
850.327
850.848
839.736
818.267
788.804
754.355
717.835
682.425
651.048
624.94
604.414
589.117
578.285
570.984
566.293
563.417
561.732
560.787
560.281
560.021
559.894
559.835
559.809
559.799
559.796
559.796
559.798
559.799
559.801
559.802
559.803
559.804
559.805
559.806
559.806
559.806
559.806
559.806
559.805
559.805
559.804
559.803
559.801
559.8
559.798
559.797
559.795
559.793
559.791
559.788
559.786
559.784
559.781
559.779
559.776
559.773
559.771
559.768
559.765
559.762
559.759
559.757
559.754
559.751
559.748
559.745
559.743
559.74
559.737
559.734
559.732
559.729
559.727
559.724
559.722
559.72
559.717
559.715
559.713
559.711
559.709
559.707
559.706
559.704
559.702
559.701
559.699
559.698
559.697
559.696
559.695
559.694
559.693
559.692
559.691
559.691
559.69
559.69
559.689
559.689
559.689
558.753
558.753
558.753
558.753
558.753
558.754
558.754
558.754
558.755
558.756
558.756
558.757
558.758
558.759
558.76
558.761
558.762
558.763
558.764
558.766
558.767
558.768
558.77
558.771
558.773
558.774
558.776
558.778
558.78
558.782
558.783
558.785
558.787
558.789
558.791
558.793
558.795
558.798
558.8
558.802
558.804
558.806
558.808
558.811
558.813
558.815
558.817
558.819
558.821
558.823
558.825
558.827
558.829
558.831
558.833
558.835
558.836
558.838
558.839
558.841
558.842
558.843
558.844
558.845
558.846
558.847
558.847
558.848
558.848
558.848
558.848
558.848
558.848
558.848
558.848
558.848
558.849
558.854
558.864
558.89
558.947
559.069
559.316
559.797
560.693
562.296
565.035
569.511
576.492
586.873
601.571
621.35
646.603
677.122
711.887
748.43
783.363
813.635
836.098
848.279
848.81
837.673
816.152
786.627
752.134
715.656
680.485
649.366
623.487
603.141
587.974
577.231
569.987
565.33
562.473
560.798
559.858
559.354
559.094
558.966
558.906
558.88
558.869
558.865
558.864
558.864
558.865
558.866
558.867
558.867
558.868
558.868
558.868
558.868
558.868
558.868
558.868
558.867
558.867
558.866
558.865
558.864
558.863
558.862
558.861
558.859
558.858
558.856
558.855
558.853
558.852
558.85
558.848
558.846
558.844
558.843
558.841
558.839
558.837
558.835
558.833
558.831
558.829
558.827
558.825
558.823
558.822
558.82
558.818
558.816
558.815
558.813
558.811
558.81
558.808
558.807
558.805
558.804
558.802
558.801
558.8
558.799
558.798
558.797
558.796
558.795
558.794
558.793
558.792
558.791
558.791
558.79
558.79
558.789
558.789
558.789
558.788
558.788
558.788
558.788
558.18
558.18
558.18
558.181
558.181
558.181
558.181
558.181
558.182
558.182
558.183
558.183
558.184
558.184
558.185
558.185
558.186
558.187
558.188
558.188
558.189
558.19
558.191
558.192
558.193
558.194
558.195
558.196
558.197
558.198
558.2
558.201
558.202
558.203
558.205
558.206
558.207
558.208
558.21
558.211
558.213
558.214
558.215
558.217
558.218
558.22
558.221
558.222
558.224
558.225
558.226
558.228
558.229
558.23
558.231
558.232
558.233
558.234
558.235
558.236
558.237
558.238
558.239
558.239
558.24
558.24
558.241
558.241
558.242
558.242
558.242
558.242
558.242
558.242
558.242
558.242
558.244
558.249
558.26
558.286
558.344
558.465
558.712
559.191
560.084
561.679
564.404
568.855
575.793
586.105
600.697
620.322
645.368
675.631
710.124
746.54
781.485
811.811
834.33
846.548
847.088
835.93
814.367
784.796
750.283
713.902
678.992
648.128
622.456
602.265
587.205
576.531
569.329
564.697
561.854
560.185
559.249
558.746
558.486
558.358
558.297
558.27
558.259
558.254
558.253
558.252
558.253
558.253
558.253
558.254
558.254
558.254
558.254
558.254
558.254
558.254
558.253
558.253
558.253
558.252
558.252
558.251
558.25
558.249
558.249
558.248
558.247
558.246
558.245
558.244
558.243
558.241
558.24
558.239
558.238
558.237
558.235
558.234
558.233
558.232
558.231
558.229
558.228
558.227
558.226
558.225
558.223
558.222
558.221
558.22
558.219
558.218
558.217
558.216
558.215
558.214
558.213
558.212
558.211
558.211
558.21
558.209
558.208
558.208
558.207
558.206
558.206
558.205
558.205
558.204
558.204
558.204
558.203
558.203
558.203
558.203
558.202
558.202
558.202
558.202
557.825
557.825
557.825
557.825
557.825
557.825
557.825
557.826
557.826
557.826
557.826
557.827
557.827
557.827
557.828
557.828
557.828
557.829
557.829
557.83
557.83
557.831
557.831
557.832
557.832
557.833
557.833
557.834
557.835
557.835
557.836
557.837
557.838
557.838
557.839
557.84
557.841
557.841
557.842
557.843
557.844
557.845
557.845
557.846
557.847
557.848
557.849
557.849
557.85
557.851
557.852
557.853
557.853
557.854
557.855
557.855
557.856
557.857
557.857
557.858
557.858
557.859
557.859
557.86
557.86
557.86
557.861
557.861
557.861
557.861
557.861
557.861
557.861
557.861
557.862
557.862
557.864
557.869
557.88
557.907
557.964
558.086
558.332
558.811
559.702
561.292
564.008
568.442
575.352
585.616
600.129
619.634
644.509
674.546
708.78
745.042
779.98
810.348
832.913
845.163
845.711
834.538
812.942
783.336
748.822
712.568
677.91
647.272
621.772
601.701
586.718
576.091
568.917
564.301
561.465
559.801
558.866
558.363
558.104
557.976
557.915
557.887
557.875
557.87
557.868
557.868
557.868
557.868
557.868
557.868
557.868
557.868
557.868
557.868
557.868
557.868
557.868
557.868
557.867
557.867
557.867
557.866
557.866
557.865
557.865
557.864
557.864
557.863
557.863
557.862
557.861
557.861
557.86
557.859
557.859
557.858
557.857
557.856
557.856
557.855
557.854
557.854
557.853
557.852
557.851
557.851
557.85
557.849
557.849
557.848
557.847
557.847
557.846
557.846
557.845
557.845
557.844
557.843
557.843
557.843
557.842
557.842
557.841
557.841
557.84
557.84
557.84
557.839
557.839
557.839
557.839
557.839
557.838
557.838
557.838
557.838
557.838
557.838
557.838
557.838
557.613
557.613
557.613
557.613
557.613
557.613
557.613
557.614
557.614
557.614
557.614
557.614
557.614
557.614
557.615
557.615
557.615
557.615
557.615
557.616
557.616
557.616
557.616
557.617
557.617
557.617
557.618
557.618
557.618
557.619
557.619
557.619
557.62
557.62
557.621
557.621
557.621
557.622
557.622
557.623
557.623
557.623
557.624
557.624
557.625
557.625
557.626
557.626
557.626
557.627
557.627
557.628
557.628
557.628
557.629
557.629
557.629
557.63
557.63
557.63
557.63
557.631
557.631
557.631
557.631
557.631
557.632
557.632
557.632
557.632
557.632
557.632
557.632
557.632
557.632
557.633
557.635
557.64
557.651
557.678
557.736
557.857
558.103
558.581
559.471
561.059
563.771
568.197
575.09
585.324
599.787
619.21
643.958
673.814
707.823
743.926
778.85
809.249
831.85
844.125
844.681
833.499
811.88
782.249
747.743
711.624
677.188
646.731
621.358
601.367
586.433
575.833
568.674
564.065
561.233
559.57
558.636
558.133
557.873
557.745
557.683
557.656
557.643
557.638
557.636
557.636
557.635
557.636
557.636
557.636
557.636
557.636
557.636
557.636
557.636
557.636
557.636
557.636
557.635
557.635
557.635
557.635
557.635
557.634
557.634
557.634
557.634
557.633
557.633
557.633
557.632
557.632
557.632
557.631
557.631
557.631
557.63
557.63
557.629
557.629
557.629
557.628
557.628
557.628
557.627
557.627
557.626
557.626
557.626
557.625
557.625
557.625
557.624
557.624
557.624
557.624
557.623
557.623
557.623
557.623
557.622
557.622
557.622
557.622
557.621
557.621
557.621
557.621
557.621
557.621
557.621
557.62
557.62
557.62
557.62
557.62
557.62
557.62
557.62
557.62
557.492
557.492
557.492
557.492
557.492
557.492
557.492
557.492
557.492
557.492
557.492
557.492
557.492
557.492
557.492
557.492
557.493
557.493
557.493
557.493
557.493
557.493
557.493
557.493
557.493
557.494
557.494
557.494
557.494
557.494
557.494
557.494
557.495
557.495
557.495
557.495
557.495
557.495
557.496
557.496
557.496
557.496
557.496
557.496
557.497
557.497
557.497
557.497
557.497
557.497
557.497
557.498
557.498
557.498
557.498
557.498
557.498
557.498
557.498
557.499
557.499
557.499
557.499
557.499
557.499
557.499
557.499
557.499
557.499
557.499
557.499
557.499
557.499
557.499
557.499
557.5
557.502
557.507
557.518
557.545
557.603
557.724
557.971
558.448
559.338
560.926
563.637
568.059
574.946
585.167
599.604
618.979
643.645
673.372
707.203
743.163
778.071
808.493
831.119
843.412
843.975
832.791
811.16
781.513
747.018
711.024
676.764
646.436
621.143
601.197
586.286
575.696
568.54
563.932
561.1
559.437
558.502
557.999
557.739
557.61
557.549
557.521
557.509
557.503
557.501
557.501
557.501
557.501
557.501
557.501
557.501
557.501
557.501
557.501
557.501
557.501
557.501
557.501
557.501
557.501
557.501
557.501
557.501
557.501
557.501
557.501
557.5
557.5
557.5
557.5
557.5
557.5
557.5
557.5
557.499
557.499
557.499
557.499
557.499
557.499
557.499
557.498
557.498
557.498
557.498
557.498
557.498
557.497
557.497
557.497
557.497
557.497
557.497
557.497
557.497
557.496
557.496
557.496
557.496
557.496
557.496
557.496
557.496
557.496
557.496
557.495
557.495
557.495
557.495
557.495
557.495
557.495
557.495
557.495
557.495
557.495
557.495
557.495
557.495
557.495
557.425
557.425
557.425
557.425
557.425
557.425
557.425
557.425
557.425
557.425
557.425
557.425
557.425
557.425
557.425
557.425
557.425
557.425
557.425
557.425
557.425
557.425
557.425
557.425
557.425
557.425
557.425
557.425
557.425
557.425
557.425
557.425
557.425
557.425
557.425
557.425
557.425
557.425
557.425
557.425
557.425
557.425
557.425
557.425
557.425
557.425
557.425
557.425
557.425
557.425
557.425
557.425
557.425
557.425
557.425
557.425
557.425
557.425
557.425
557.425
557.425
557.425
557.425
557.425
557.425
557.425
557.425
557.424
557.424
557.424
557.424
557.424
557.424
557.424
557.424
557.425
557.427
557.432
557.443
557.47
557.528
557.65
557.896
558.374
559.265
560.853
563.565
567.988
574.876
585.096
599.526
618.883
643.507
673.154
706.86
742.706
777.602
808.038
830.679
842.981
843.551
832.373
810.739
781.087
746.601
710.709
676.575
646.324
621.068
601.136
586.226
575.634
568.475
563.863
561.028
559.364
558.428
557.924
557.664
557.535
557.473
557.445
557.433
557.428
557.426
557.425
557.425
557.425
557.425
557.425
557.425
557.425
557.425
557.425
557.425
557.425
557.425
557.426
557.426
557.426
557.426
557.426
557.426
557.426
557.426
557.426
557.426
557.426
557.426
557.426
557.426
557.426
557.426
557.426
557.426
557.426
557.426
557.426
557.426
557.426
557.426
557.426
557.426
557.426
557.426
557.426
557.426
557.426
557.426
557.426
557.426
557.426
557.426
557.426
557.426
557.426
557.426
557.426
557.426
557.426
557.426
557.426
557.426
557.426
557.426
557.426
557.426
557.426
557.425
557.425
557.425
557.425
557.425
557.425
557.425
557.425
557.425
557.425
557.425
557.425
557.388
557.388
557.388
557.388
557.388
557.388
557.388
557.388
557.388
557.388
557.388
557.388
557.388
557.388
557.388
557.388
557.388
557.388
557.388
557.388
557.388
557.388
557.388
557.388
557.388
557.388
557.388
557.388
557.388
557.387
557.387
557.387
557.387
557.387
557.387
557.387
557.387
557.387
557.387
557.387
557.387
557.387
557.387
557.387
557.386
557.386
557.386
557.386
557.386
557.386
557.386
557.386
557.386
557.385
557.385
557.385
557.385
557.385
557.385
557.385
557.385
557.385
557.384
557.384
557.384
557.384
557.384
557.384
557.384
557.383
557.383
557.383
557.383
557.383
557.383
557.384
557.386
557.391
557.402
557.429
557.487
557.609
557.855
558.334
559.225
560.815
563.528
567.956
574.849
585.076
599.513
618.873
643.49
673.108
706.747
742.51
777.394
807.832
830.473
842.777
843.353
832.189
810.57
780.931
746.463
710.643
676.566
646.336
621.082
601.141
586.22
575.616
568.448
563.83
560.992
559.325
558.388
557.883
557.623
557.493
557.432
557.404
557.391
557.386
557.384
557.383
557.383
557.383
557.383
557.383
557.383
557.384
557.384
557.384
557.384
557.384
557.384
557.384
557.384
557.385
557.385
557.385
557.385
557.385
557.385
557.385
557.385
557.385
557.386
557.386
557.386
557.386
557.386
557.386
557.386
557.386
557.386
557.386
557.386
557.387
557.387
557.387
557.387
557.387
557.387
557.387
557.387
557.387
557.387
557.387
557.387
557.387
557.387
557.387
557.387
557.387
557.387
557.387
557.388
557.388
557.388
557.388
557.388
557.388
557.388
557.388
557.388
557.388
557.388
557.388
557.388
557.388
557.388
557.388
557.388
557.388
557.388
557.388
557.388
557.388
557.369
557.369
557.369
557.369
557.369
557.369
557.369
557.369
557.369
557.369
557.369
557.369
557.369
557.369
557.368
557.368
557.368
557.368
557.368
557.368
557.368
557.368
557.368
557.368
557.368
557.368
557.368
557.368
557.368
557.367
557.367
557.367
557.367
557.367
557.367
557.367
557.367
557.367
557.366
557.366
557.366
557.366
557.366
557.366
557.366
557.365
557.365
557.365
557.365
557.365
557.365
557.364
557.364
557.364
557.364
557.364
557.364
557.363
557.363
557.363
557.363
557.363
557.363
557.362
557.362
557.362
557.362
557.362
557.361
557.361
557.361
557.361
557.361
557.361
557.361
557.362
557.364
557.368
557.38
557.407
557.465
557.587
557.833
558.312
559.204
560.795
563.512
567.944
574.845
585.083
599.535
618.91
643.538
673.154
706.774
742.513
777.389
807.816
830.444
842.742
843.323
832.177
810.577
780.953
746.496
710.699
676.646
646.418
621.148
601.184
586.242
575.622
568.442
563.817
560.975
559.305
558.366
557.861
557.6
557.471
557.409
557.381
557.369
557.363
557.361
557.361
557.36
557.36
557.361
557.361
557.361
557.361
557.361
557.361
557.361
557.362
557.362
557.362
557.362
557.362
557.362
557.363
557.363
557.363
557.363
557.363
557.363
557.364
557.364
557.364
557.364
557.364
557.364
557.365
557.365
557.365
557.365
557.365
557.365
557.365
557.365
557.366
557.366
557.366
557.366
557.366
557.366
557.366
557.366
557.366
557.366
557.367
557.367
557.367
557.367
557.367
557.367
557.367
557.367
557.367
557.367
557.367
557.367
557.367
557.367
557.367
557.367
557.368
557.368
557.368
557.368
557.368
557.368
557.368
557.368
557.368
557.368
557.368
557.368
557.368
557.358
557.358
557.358
557.358
557.358
557.358
557.358
557.358
557.358
557.358
557.358
557.358
557.358
557.358
557.358
557.358
557.358
557.358
557.358
557.357
557.357
557.357
557.357
557.357
557.357
557.357
557.357
557.357
557.357
557.356
557.356
557.356
557.356
557.356
557.356
557.356
557.356
557.355
557.355
557.355
557.355
557.355
557.355
557.354
557.354
557.354
557.354
557.354
557.353
557.353
557.353
557.353
557.353
557.352
557.352
557.352
557.352
557.352
557.351
557.351
557.351
557.351
557.35
557.35
557.35
557.35
557.35
557.349
557.349
557.349
557.349
557.349
557.349
557.349
557.349
557.349
557.351
557.356
557.368
557.394
557.452
557.574
557.821
558.3
559.193
560.785
563.505
567.942
574.851
585.102
599.573
618.973
643.626
673.259
706.873
742.592
777.463
807.88
830.497
842.789
843.375
832.246
810.669
781.066
746.619
710.843
676.795
646.544
621.241
601.245
586.277
575.639
568.447
563.814
560.967
559.295
558.355
557.849
557.588
557.459
557.397
557.369
557.356
557.351
557.349
557.348
557.348
557.348
557.348
557.348
557.348
557.349
557.349
557.349
557.349
557.349
557.349
557.35
557.35
557.35
557.35
557.35
557.351
557.351
557.351
557.351
557.351
557.352
557.352
557.352
557.352
557.352
557.353
557.353
557.353
557.353
557.353
557.353
557.354
557.354
557.354
557.354
557.354
557.354
557.354
557.355
557.355
557.355
557.355
557.355
557.355
557.355
557.355
557.356
557.356
557.356
557.356
557.356
557.356
557.356
557.356
557.356
557.356
557.356
557.356
557.356
557.356
557.357
557.357
557.357
557.357
557.357
557.357
557.357
557.357
557.357
557.357
557.357
557.357
557.357
557.352
557.352
557.352
557.352
557.352
557.352
557.352
557.352
557.352
557.352
557.352
557.352
557.352
557.352
557.352
557.352
557.351
557.351
557.351
557.351
557.351
557.351
557.351
557.351
557.351
557.351
557.351
557.35
557.35
557.35
557.35
557.35
557.35
557.35
557.349
557.349
557.349
557.349
557.349
557.349
557.348
557.348
557.348
557.348
557.348
557.347
557.347
557.347
557.347
557.347
557.346
557.346
557.346
557.346
557.345
557.345
557.345
557.345
557.344
557.344
557.344
557.344
557.343
557.343
557.343
557.343
557.343
557.342
557.342
557.342
557.342
557.341
557.341
557.341
557.341
557.342
557.344
557.349
557.36
557.387
557.445
557.567
557.814
558.293
559.186
560.78
563.501
567.943
574.86
585.125
599.615
619.043
643.729
673.393
707.026
742.742
777.611
808.014
830.614
842.898
843.489
832.381
810.833
781.254
746.818
711.045
676.977
646.687
621.342
601.311
586.316
575.659
568.455
563.815
560.964
559.289
558.349
557.842
557.581
557.451
557.389
557.361
557.349
557.344
557.341
557.341
557.341
557.341
557.341
557.341
557.341
557.341
557.341
557.342
557.342
557.342
557.342
557.342
557.343
557.343
557.343
557.343
557.344
557.344
557.344
557.344
557.344
557.345
557.345
557.345
557.345
557.346
557.346
557.346
557.346
557.346
557.347
557.347
557.347
557.347
557.347
557.347
557.348
557.348
557.348
557.348
557.348
557.348
557.348
557.349
557.349
557.349
557.349
557.349
557.349
557.349
557.349
557.349
557.35
557.35
557.35
557.35
557.35
557.35
557.35
557.35
557.35
557.35
557.35
557.35
557.35
557.35
557.35
557.35
557.35
557.35
557.35
557.35
557.35
557.35
557.348
557.348
557.348
557.348
557.348
557.348
557.348
557.348
557.348
557.348
557.348
557.348
557.348
557.348
557.348
557.347
557.347
557.347
557.347
557.347
557.347
557.347
557.347
557.347
557.347
557.347
557.346
557.346
557.346
557.346
557.346
557.346
557.346
557.345
557.345
557.345
557.345
557.345
557.345
557.344
557.344
557.344
557.344
557.344
557.343
557.343
557.343
557.343
557.342
557.342
557.342
557.342
557.341
557.341
557.341
557.341
557.34
557.34
557.34
557.34
557.339
557.339
557.339
557.339
557.338
557.338
557.338
557.338
557.337
557.337
557.337
557.337
557.337
557.336
557.337
557.337
557.339
557.344
557.355
557.382
557.44
557.562
557.809
558.288
559.181
560.776
563.499
567.944
574.868
585.144
599.653
619.108
643.828
673.532
707.197
742.927
777.792
808.178
830.759
843.033
843.63
832.544
811.027
781.477
747.053
711.27
677.165
646.829
621.44
601.373
586.352
575.678
568.463
563.817
560.962
559.286
558.344
557.838
557.576
557.446
557.384
557.356
557.344
557.339
557.337
557.336
557.336
557.336
557.336
557.336
557.336
557.336
557.337
557.337
557.337
557.337
557.338
557.338
557.338
557.338
557.338
557.339
557.339
557.339
557.339
557.34
557.34
557.34
557.34
557.341
557.341
557.341
557.341
557.341
557.342
557.342
557.342
557.342
557.343
557.343
557.343
557.343
557.343
557.343
557.344
557.344
557.344
557.344
557.344
557.344
557.344
557.345
557.345
557.345
557.345
557.345
557.345
557.345
557.345
557.345
557.346
557.346
557.346
557.346
557.346
557.346
557.346
557.346
557.346
557.346
557.346
557.346
557.346
557.346
557.346
557.346
557.346
557.346
557.346
557.346
557.345
557.345
557.345
557.345
557.345
557.345
557.345
557.345
557.345
557.345
557.345
557.345
557.345
557.345
557.345
557.344
557.344
557.344
557.344
557.344
557.344
557.344
557.344
557.344
557.344
557.343
557.343
557.343
557.343
557.343
557.343
557.343
557.342
557.342
557.342
557.342
557.342
557.342
557.341
557.341
557.341
557.341
557.341
557.34
557.34
557.34
557.34
557.339
557.339
557.339
557.339
557.338
557.338
557.338
557.338
557.337
557.337
557.337
557.336
557.336
557.336
557.336
557.335
557.335
557.335
557.334
557.334
557.334
557.334
557.333
557.333
557.333
557.333
557.333
557.333
557.333
557.335
557.34
557.352
557.378
557.436
557.558
557.805
558.284
559.177
560.772
563.496
567.943
574.872
585.157
599.682
619.16
643.913
673.655
707.359
743.11
777.972
808.338
830.901
843.166
843.769
832.704
811.218
781.698
747.288
711.487
677.341
646.956
621.525
601.425
586.382
575.693
568.469
563.818
560.961
559.283
558.341
557.834
557.572
557.442
557.381
557.352
557.34
557.335
557.333
557.332
557.332
557.332
557.332
557.332
557.333
557.333
557.333
557.333
557.333
557.334
557.334
557.334
557.334
557.335
557.335
557.335
557.335
557.336
557.336
557.336
557.336
557.337
557.337
557.337
557.337
557.338
557.338
557.338
557.338
557.339
557.339
557.339
557.339
557.339
557.34
557.34
557.34
557.34
557.34
557.341
557.341
557.341
557.341
557.341
557.341
557.341
557.342
557.342
557.342
557.342
557.342
557.342
557.342
557.342
557.342
557.342
557.343
557.343
557.343
557.343
557.343
557.343
557.343
557.343
557.343
557.343
557.343
557.343
557.343
557.343
557.343
557.343
557.343
557.343
557.342
557.342
557.342
557.342
557.342
557.342
557.342
557.342
557.342
557.342
557.342
557.342
557.342
557.342
557.342
557.342
557.342
557.342
557.342
557.341
557.341
557.341
557.341
557.341
557.341
557.341
557.341
557.341
557.34
557.34
557.34
557.34
557.34
557.34
557.339
557.339
557.339
557.339
557.339
557.338
557.338
557.338
557.338
557.338
557.337
557.337
557.337
557.337
557.336
557.336
557.336
557.335
557.335
557.335
557.335
557.334
557.334
557.334
557.333
557.333
557.333
557.333
557.332
557.332
557.332
557.331
557.331
557.331
557.331
557.33
557.33
557.33
557.33
557.33
557.33
557.33
557.332
557.337
557.348
557.375
557.433
557.554
557.801
558.28
559.173
560.767
563.492
567.94
574.871
585.163
599.699
619.195
643.975
673.753
707.495
743.27
778.127
808.475
831.021
843.279
843.888
832.843
811.387
781.896
747.501
711.681
677.491
647.062
621.594
601.467
586.404
575.703
568.473
563.818
560.959
559.28
558.338
557.83
557.569
557.439
557.377
557.349
557.337
557.332
557.33
557.329
557.329
557.329
557.329
557.329
557.329
557.33
557.33
557.33
557.33
557.331
557.331
557.331
557.331
557.332
557.332
557.332
557.333
557.333
557.333
557.333
557.334
557.334
557.334
557.334
557.335
557.335
557.335
557.335
557.336
557.336
557.336
557.336
557.336
557.337
557.337
557.337
557.337
557.337
557.338
557.338
557.338
557.338
557.338
557.338
557.339
557.339
557.339
557.339
557.339
557.339
557.339
557.339
557.34
557.34
557.34
557.34
557.34
557.34
557.34
557.34
557.34
557.34
557.34
557.34
557.34
557.34
557.34
557.341
557.341
557.341
557.341
557.341
557.341
557.341
557.34
557.34
557.34
557.34
557.34
557.34
557.34
557.34
557.34
557.34
557.34
557.34
557.34
557.34
557.34
557.339
557.339
557.339
557.339
557.339
557.339
557.339
557.339
557.339
557.339
557.338
557.338
557.338
557.338
557.338
557.338
557.337
557.337
557.337
557.337
557.337
557.337
557.336
557.336
557.336
557.336
557.335
557.335
557.335
557.335
557.335
557.334
557.334
557.334
557.333
557.333
557.333
557.333
557.332
557.332
557.332
557.331
557.331
557.331
557.33
557.33
557.33
557.329
557.329
557.329
557.329
557.328
557.328
557.328
557.327
557.327
557.327
557.327
557.327
557.327
557.327
557.329
557.334
557.345
557.372
557.429
557.551
557.797
558.276
559.168
560.762
563.485
567.933
574.865
585.16
599.702
619.212
644.012
673.819
707.595
743.392
778.244
808.577
831.11
843.364
843.98
832.953
811.522
782.058
747.676
711.839
677.611
647.144
621.644
601.495
586.417
575.708
568.473
563.816
560.955
559.277
558.334
557.827
557.566
557.436
557.374
557.346
557.334
557.329
557.327
557.326
557.326
557.326
557.326
557.326
557.326
557.327
557.327
557.327
557.328
557.328
557.328
557.328
557.329
557.329
557.329
557.329
557.33
557.33
557.33
557.331
557.331
557.331
557.331
557.332
557.332
557.332
557.333
557.333
557.333
557.333
557.333
557.334
557.334
557.334
557.334
557.335
557.335
557.335
557.335
557.335
557.335
557.336
557.336
557.336
557.336
557.336
557.336
557.337
557.337
557.337
557.337
557.337
557.337
557.337
557.337
557.337
557.337
557.338
557.338
557.338
557.338
557.338
557.338
557.338
557.338
557.338
557.338
557.338
557.338
557.338
557.338
557.338
557.338
557.338
557.338
557.338
557.338
557.338
557.338
557.338
557.338
557.338
557.338
557.337
557.337
557.337
557.337
557.337
557.337
557.337
557.337
557.337
557.337
557.337
557.337
557.337
557.336
557.336
557.336
557.336
557.336
557.336
557.336
557.335
557.335
557.335
557.335
557.335
557.335
557.334
557.334
557.334
557.334
557.334
557.333
557.333
557.333
557.333
557.332
557.332
557.332
557.331
557.331
557.331
557.331
557.33
557.33
557.33
557.329
557.329
557.329
557.328
557.328
557.328
557.327
557.327
557.327
557.326
557.326
557.326
557.326
557.325
557.325
557.325
557.324
557.324
557.324
557.324
557.324
557.324
557.326
557.331
557.342
557.369
557.426
557.548
557.793
558.271
559.163
560.755
563.477
567.923
574.854
585.148
599.693
619.209
644.023
673.851
707.655
743.471
778.318
808.64
831.165
843.419
844.042
833.03
811.62
782.179
747.811
711.958
677.698
647.199
621.676
601.51
586.422
575.707
568.469
563.811
560.951
559.273
558.33
557.824
557.562
557.433
557.371
557.343
557.331
557.326
557.324
557.323
557.323
557.323
557.323
557.323
557.324
557.324
557.324
557.324
557.325
557.325
557.325
557.326
557.326
557.326
557.327
557.327
557.327
557.327
557.328
557.328
557.328
557.329
557.329
557.329
557.329
557.33
557.33
557.33
557.331
557.331
557.331
557.331
557.331
557.332
557.332
557.332
557.332
557.333
557.333
557.333
557.333
557.333
557.333
557.334
557.334
557.334
557.334
557.334
557.334
557.334
557.335
557.335
557.335
557.335
557.335
557.335
557.335
557.335
557.335
557.335
557.335
557.335
557.336
557.336
557.336
557.336
557.336
557.336
557.336
557.336
557.336
557.336
557.336
557.336
557.335
557.335
557.335
557.335
557.335
557.335
557.335
557.335
557.335
557.335
557.335
557.335
557.335
557.335
557.335
557.335
557.335
557.335
557.335
557.334
557.334
557.334
557.334
557.334
557.334
557.334
557.334
557.333
557.333
557.333
557.333
557.333
557.333
557.332
557.332
557.332
557.332
557.332
557.331
557.331
557.331
557.331
557.33
557.33
557.33
557.33
557.329
557.329
557.329
557.328
557.328
557.328
557.328
557.327
557.327
557.327
557.326
557.326
557.325
557.325
557.325
557.324
557.324
557.324
557.323
557.323
557.323
557.322
557.322
557.322
557.322
557.321
557.321
557.321
557.321
557.322
557.323
557.328
557.339
557.366
557.423
557.544
557.789
558.267
559.157
560.747
563.466
567.909
574.836
585.127
599.671
619.188
644.008
673.846
707.666
743.499
778.345
808.662
831.186
843.443
844.075
833.076
811.683
782.26
747.903
712.038
677.751
647.229
621.688
601.511
586.418
575.7
568.462
563.805
560.945
559.268
558.326
557.82
557.559
557.43
557.368
557.34
557.328
557.323
557.321
557.32
557.32
557.32
557.32
557.321
557.321
557.321
557.321
557.322
557.322
557.322
557.323
557.323
557.323
557.324
557.324
557.324
557.325
557.325
557.325
557.325
557.326
557.326
557.326
557.327
557.327
557.327
557.328
557.328
557.328
557.328
557.329
557.329
557.329
557.329
557.329
557.33
557.33
557.33
557.33
557.331
557.331
557.331
557.331
557.331
557.331
557.331
557.332
557.332
557.332
557.332
557.332
557.332
557.332
557.332
557.333
557.333
557.333
557.333
557.333
557.333
557.333
557.333
557.333
557.333
557.333
557.333
557.333
557.333
557.333
557.333
557.333
557.333
557.334
557.334
557.333
557.333
557.333
557.333
557.333
557.333
557.333
557.333
557.333
557.333
557.333
557.333
557.333
557.333
557.333
557.333
557.332
557.332
557.332
557.332
557.332
557.332
557.332
557.332
557.332
557.331
557.331
557.331
557.331
557.331
557.331
557.33
557.33
557.33
557.33
557.33
557.329
557.329
557.329
557.329
557.329
557.328
557.328
557.328
557.327
557.327
557.327
557.327
557.326
557.326
557.326
557.325
557.325
557.325
557.324
557.324
557.324
557.323
557.323
557.323
557.322
557.322
557.321
557.321
557.321
557.32
557.32
557.32
557.319
557.319
557.319
557.318
557.318
557.318
557.318
557.319
557.32
557.325
557.336
557.363
557.42
557.541
557.785
558.262
559.15
560.738
563.453
567.892
574.813
585.097
599.635
619.149
643.969
673.814
707.647
743.487
778.334
808.652
831.179
843.441
844.08
833.093
811.713
782.303
747.955
712.08
677.772
647.233
621.682
601.5
586.405
575.688
568.451
563.796
560.938
559.262
558.322
557.816
557.556
557.427
557.365
557.337
557.325
557.32
557.318
557.317
557.317
557.317
557.318
557.318
557.318
557.318
557.319
557.319
557.319
557.32
557.32
557.32
557.321
557.321
557.321
557.322
557.322
557.322
557.323
557.323
557.323
557.324
557.324
557.324
557.324
557.325
557.325
557.325
557.326
557.326
557.326
557.326
557.327
557.327
557.327
557.327
557.328
557.328
557.328
557.328
557.328
557.328
557.329
557.329
557.329
557.329
557.329
557.329
557.33
557.33
557.33
557.33
557.33
557.33
557.33
557.33
557.33
557.331
557.331
557.331
557.331
557.331
557.331
557.331
557.331
557.331
557.331
557.331
557.331
557.331
557.331
557.331
557.331
557.331
557.331
557.331
557.331
557.331
557.331
557.331
557.331
557.331
557.331
557.331
557.331
557.331
557.33
557.33
557.33
557.33
557.33
557.33
557.33
557.33
557.33
557.33
557.329
557.329
557.329
557.329
557.329
557.329
557.329
557.328
557.328
557.328
557.328
557.328
557.328
557.327
557.327
557.327
557.327
557.326
557.326
557.326
557.326
557.325
557.325
557.325
557.324
557.324
557.324
557.324
557.323
557.323
557.323
557.322
557.322
557.321
557.321
557.321
557.32
557.32
557.32
557.319
557.319
557.318
557.318
557.318
557.317
557.317
557.317
557.316
557.316
557.316
557.315
557.315
557.315
557.316
557.318
557.322
557.334
557.359
557.417
557.537
557.781
558.256
559.142
560.727
563.438
567.87
574.783
585.058
599.586
619.091
643.906
673.752
707.593
743.444
778.293
808.615
831.149
843.419
844.066
833.085
811.711
782.306
747.962
712.08
677.762
647.214
621.658
601.475
586.382
575.669
568.436
563.784
560.93
559.256
558.317
557.812
557.552
557.423
557.362
557.334
557.322
557.317
557.315
557.314
557.314
557.314
557.315
557.315
557.315
557.316
557.316
557.316
557.316
557.317
557.317
557.318
557.318
557.318
557.319
557.319
557.319
557.32
557.32
557.32
557.321
557.321
557.321
557.322
557.322
557.322
557.323
557.323
557.323
557.323
557.324
557.324
557.324
557.324
557.325
557.325
557.325
557.325
557.326
557.326
557.326
557.326
557.326
557.326
557.327
557.327
557.327
557.327
557.327
557.327
557.327
557.328
557.328
557.328
557.328
557.328
557.328
557.328
557.328
557.328
557.328
557.329
557.329
557.329
557.329
557.329
557.329
557.329
557.329
557.329
557.329
557.329
557.329
557.329
557.329
557.329
557.329
557.329
557.328
557.328
557.328
557.328
557.328
557.328
557.328
557.328
557.328
557.328
557.328
557.328
557.328
557.328
557.328
557.328
557.327
557.327
557.327
557.327
557.327
557.327
557.327
557.326
557.326
557.326
557.326
557.326
557.326
557.325
557.325
557.325
557.325
557.325
557.324
557.324
557.324
557.324
557.323
557.323
557.323
557.322
557.322
557.322
557.321
557.321
557.321
557.32
557.32
557.32
557.319
557.319
557.318
557.318
557.318
557.317
557.317
557.317
557.316
557.316
557.315
557.315
557.315
557.314
557.314
557.313
557.313
557.313
557.313
557.312
557.312
557.313
557.315
557.319
557.331
557.356
557.413
557.533
557.776
558.25
559.134
560.715
563.42
567.844
574.747
585.009
599.523
619.014
643.818
673.659
707.505
743.364
778.218
808.549
831.094
843.376
844.032
833.057
811.688
782.286
747.944
712.056
677.726
647.172
621.615
601.436
586.349
575.643
568.417
563.77
560.92
559.249
558.311
557.808
557.548
557.42
557.359
557.331
557.319
557.314
557.312
557.312
557.311
557.312
557.312
557.312
557.312
557.313
557.313
557.313
557.314
557.314
557.314
557.315
557.315
557.316
557.316
557.316
557.317
557.317
557.317
557.318
557.318
557.319
557.319
557.319
557.32
557.32
557.32
557.32
557.321
557.321
557.321
557.322
557.322
557.322
557.322
557.323
557.323
557.323
557.323
557.323
557.324
557.324
557.324
557.324
557.324
557.324
557.325
557.325
557.325
557.325
557.325
557.325
557.325
557.325
557.326
557.326
557.326
557.326
557.326
557.326
557.326
557.326
557.326
557.326
557.326
557.326
557.326
557.326
557.326
557.326
557.327
557.327
557.327
557.327
557.326
557.326
557.326
557.326
557.326
557.326
557.326
557.326
557.326
557.326
557.326
557.326
557.326
557.326
557.326
557.326
557.325
557.325
557.325
557.325
557.325
557.325
557.325
557.325
557.324
557.324
557.324
557.324
557.324
557.324
557.324
557.323
557.323
557.323
557.323
557.323
557.322
557.322
557.322
557.322
557.321
557.321
557.321
557.32
557.32
557.32
557.32
557.319
557.319
557.319
557.318
557.318
557.317
557.317
557.317
557.316
557.316
557.315
557.315
557.315
557.314
557.314
557.313
557.313
557.313
557.312
557.312
557.311
557.311
557.311
557.31
557.31
557.31
557.309
557.309
557.31
557.312
557.316
557.327
557.353
557.41
557.529
557.771
558.243
559.124
560.701
563.4
567.814
574.703
584.95
599.445
618.918
643.705
673.535
707.381
743.248
778.11
808.455
831.015
843.31
843.976
833.007
811.639
782.238
747.895
712
677.66
647.105
621.553
601.382
586.306
575.61
568.393
563.753
560.908
559.24
558.305
557.803
557.545
557.417
557.356
557.328
557.316
557.311
557.309
557.309
557.309
557.309
557.309
557.309
557.31
557.31
557.31
557.311
557.311
557.311
557.312
557.312
557.312
557.313
557.313
557.314
557.314
557.314
557.315
557.315
557.316
557.316
557.316
557.317
557.317
557.317
557.318
557.318
557.318
557.319
557.319
557.319
557.319
557.32
557.32
557.32
557.32
557.321
557.321
557.321
557.321
557.321
557.321
557.322
557.322
557.322
557.322
557.322
557.322
557.323
557.323
557.323
557.323
557.323
557.323
557.323
557.323
557.323
557.324
557.324
557.324
557.324
557.324
557.324
557.324
557.324
557.324
557.324
557.324
557.324
557.324
557.324
557.324
557.324
557.324
557.324
557.324
557.324
557.323
557.323
557.323
557.323
557.323
557.323
557.323
557.323
557.323
557.323
557.323
557.323
557.323
557.323
557.323
557.323
557.322
557.322
557.322
557.322
557.322
557.322
557.322
557.321
557.321
557.321
557.321
557.321
557.321
557.32
557.32
557.32
557.32
557.319
557.319
557.319
557.319
557.318
557.318
557.318
557.318
557.317
557.317
557.317
557.316
557.316
557.316
557.315
557.315
557.314
557.314
557.314
557.313
557.313
557.312
557.312
557.311
557.311
557.311
557.31
557.31
557.309
557.309
557.309
557.308
557.308
557.307
557.307
557.307
557.307
557.307
557.307
557.309
557.313
557.324
557.35
557.406
557.525
557.766
558.236
559.114
560.685
563.376
567.778
574.652
584.878
599.351
618.8
643.565
673.38
707.222
743.095
777.968
808.332
830.912
843.224
843.9
832.934
811.563
782.158
747.812
711.91
677.563
647.011
621.468
601.312
586.25
575.568
568.363
563.733
560.894
559.231
558.299
557.798
557.54
557.413
557.353
557.325
557.313
557.308
557.306
557.306
557.306
557.306
557.306
557.306
557.307
557.307
557.307
557.308
557.308
557.308
557.309
557.309
557.31
557.31
557.31
557.311
557.311
557.312
557.312
557.312
557.313
557.313
557.314
557.314
557.314
557.315
557.315
557.315
557.316
557.316
557.316
557.316
557.317
557.317
557.317
557.317
557.318
557.318
557.318
557.318
557.319
557.319
557.319
557.319
557.319
557.319
557.32
557.32
557.32
557.32
557.32
557.32
557.32
557.32
557.321
557.321
557.321
557.321
557.321
557.321
557.321
557.321
557.321
557.321
557.321
557.321
557.321
557.321
557.321
557.321
557.322
557.322
557.322
557.322
557.32
557.32
557.32
557.32
557.32
557.32
557.32
557.32
557.32
557.32
557.32
557.32
557.32
557.32
557.32
557.32
557.32
557.32
557.32
557.319
557.319
557.319
557.319
557.319
557.319
557.319
557.319
557.318
557.318
557.318
557.318
557.318
557.318
557.317
557.317
557.317
557.317
557.316
557.316
557.316
557.316
557.315
557.315
557.315
557.315
557.314
557.314
557.314
557.313
557.313
557.312
557.312
557.312
557.311
557.311
557.311
557.31
557.31
557.309
557.309
557.308
557.308
557.308
557.307
557.307
557.306
557.306
557.306
557.305
557.305
557.305
557.304
557.304
557.304
557.304
557.304
557.306
557.31
557.321
557.346
557.402
557.52
557.76
558.228
559.102
560.667
563.348
567.736
574.591
584.794
599.239
618.657
643.395
673.189
707.025
742.905
777.792
808.179
830.784
843.116
843.802
832.837
811.46
782.046
747.693
711.782
677.432
646.887
621.36
601.222
586.181
575.517
568.327
563.708
560.878
559.22
558.291
557.793
557.536
557.409
557.349
557.322
557.31
557.305
557.303
557.303
557.303
557.303
557.303
557.303
557.304
557.304
557.304
557.305
557.305
557.305
557.306
557.306
557.307
557.307
557.307
557.308
557.308
557.309
557.309
557.309
557.31
557.31
557.311
557.311
557.311
557.312
557.312
557.312
557.313
557.313
557.313
557.313
557.314
557.314
557.314
557.314
557.315
557.315
557.315
557.315
557.315
557.316
557.316
557.316
557.316
557.316
557.317
557.317
557.317
557.317
557.317
557.317
557.317
557.317
557.318
557.318
557.318
557.318
557.318
557.318
557.318
557.318
557.318
557.318
557.318
557.318
557.318
557.318
557.318
557.318
557.318
557.318
557.318
557.318
557.316
557.316
557.316
557.316
557.316
557.316
557.316
557.316
557.316
557.316
557.316
557.316
557.316
557.316
557.316
557.316
557.316
557.316
557.315
557.315
557.315
557.315
557.315
557.315
557.315
557.315
557.315
557.314
557.314
557.314
557.314
557.314
557.314
557.313
557.313
557.313
557.313
557.312
557.312
557.312
557.312
557.311
557.311
557.311
557.311
557.31
557.31
557.31
557.309
557.309
557.309
557.308
557.308
557.308
557.307
557.307
557.306
557.306
557.306
557.305
557.305
557.304
557.304
557.304
557.303
557.303
557.303
557.303
557.302
557.302
557.302
557.301
557.301
557.301
557.3
557.301
557.302
557.307
557.317
557.343
557.398
557.515
557.754
558.219
559.089
560.646
563.316
567.688
574.52
584.694
599.105
618.487
643.19
672.958
706.785
742.673
777.577
807.993
830.627
842.982
843.679
832.713
811.326
781.898
747.534
711.615
677.262
646.728
621.223
601.111
586.096
575.455
568.284
563.679
560.858
559.207
558.282
557.786
557.531
557.405
557.345
557.318
557.306
557.302
557.3
557.299
557.3
557.3
557.3
557.301
557.301
557.301
557.301
557.302
557.302
557.302
557.302
557.303
557.303
557.303
557.304
557.304
557.305
557.305
557.305
557.306
557.306
557.306
557.307
557.307
557.308
557.308
557.308
557.308
557.309
557.309
557.309
557.31
557.31
557.31
557.31
557.311
557.311
557.311
557.311
557.311
557.312
557.312
557.312
557.312
557.312
557.312
557.313
557.313
557.313
557.313
557.313
557.313
557.313
557.313
557.314
557.314
557.314
557.314
557.314
557.314
557.314
557.314
557.314
557.314
557.314
557.314
557.314
557.314
557.314
557.314
557.314
557.314
557.314
557.314
557.31
557.31
557.31
557.31
557.31
557.31
557.31
557.31
557.31
557.31
557.31
557.31
557.31
557.31
557.309
557.309
557.309
557.309
557.309
557.309
557.309
557.309
557.309
557.309
557.309
557.308
557.308
557.308
557.308
557.308
557.308
557.308
557.307
557.307
557.307
557.307
557.307
557.307
557.306
557.306
557.306
557.306
557.305
557.305
557.305
557.305
557.304
557.304
557.304
557.303
557.303
557.303
557.303
557.302
557.302
557.301
557.301
557.301
557.3
557.3
557.3
557.3
557.299
557.299
557.299
557.299
557.299
557.299
557.299
557.299
557.299
557.298
557.298
557.297
557.297
557.297
557.298
557.303
557.313
557.338
557.393
557.509
557.746
558.208
559.073
560.622
563.278
567.631
574.437
584.576
598.946
618.284
642.945
672.681
706.496
742.392
777.317
807.767
830.437
842.818
843.527
832.558
811.155
781.708
747.329
711.399
677.046
646.53
621.053
600.974
585.992
575.38
568.232
563.645
560.836
559.192
558.272
557.779
557.525
557.4
557.341
557.314
557.302
557.298
557.296
557.296
557.296
557.297
557.297
557.298
557.298
557.298
557.298
557.298
557.298
557.298
557.298
557.298
557.298
557.299
557.299
557.299
557.299
557.3
557.3
557.301
557.301
557.301
557.302
557.302
557.302
557.302
557.303
557.303
557.303
557.304
557.304
557.304
557.304
557.304
557.305
557.305
557.305
557.305
557.305
557.306
557.306
557.306
557.306
557.306
557.306
557.307
557.307
557.307
557.307
557.307
557.307
557.307
557.307
557.307
557.307
557.308
557.308
557.308
557.308
557.308
557.308
557.308
557.308
557.308
557.308
557.308
557.308
557.308
557.308
557.308
557.308
557.308
557.308
557.308
557.299
557.299
557.299
557.299
557.299
557.299
557.299
557.299
557.299
557.299
557.299
557.299
557.298
557.298
557.298
557.298
557.298
557.298
557.298
557.298
557.298
557.298
557.298
557.298
557.298
557.298
557.298
557.298
557.297
557.297
557.297
557.297
557.297
557.297
557.297
557.297
557.297
557.296
557.296
557.296
557.296
557.296
557.296
557.295
557.295
557.295
557.295
557.295
557.294
557.294
557.294
557.294
557.294
557.293
557.293
557.293
557.293
557.292
557.292
557.292
557.292
557.292
557.292
557.293
557.293
557.294
557.294
557.295
557.295
557.295
557.295
557.295
557.294
557.294
557.293
557.293
557.294
557.297
557.307
557.332
557.386
557.501
557.736
558.195
559.053
560.592
563.233
567.563
574.337
584.436
598.756
618.042
642.652
672.349
706.148
742.055
777.004
807.495
830.207
842.618
843.34
832.364
810.941
781.468
747.071
711.128
676.775
646.283
620.842
600.806
585.865
575.289
568.169
563.602
560.807
559.173
558.259
557.769
557.517
557.393
557.334
557.308
557.297
557.293
557.292
557.292
557.293
557.293
557.294
557.294
557.294
557.294
557.294
557.293
557.293
557.292
557.292
557.292
557.291
557.291
557.291
557.291
557.292
557.292
557.292
557.292
557.292
557.293
557.293
557.293
557.293
557.293
557.294
557.294
557.294
557.294
557.294
557.295
557.295
557.295
557.295
557.295
557.295
557.296
557.296
557.296
557.296
557.296
557.296
557.296
557.296
557.296
557.297
557.297
557.297
557.297
557.297
557.297
557.297
557.297
557.297
557.297
557.297
557.297
557.297
557.297
557.297
557.297
557.298
557.298
557.298
557.298
557.298
557.298
557.298
557.298
557.298
557.298
557.298
557.298
557.278
557.278
557.278
557.278
557.278
557.278
557.278
557.278
557.278
557.278
557.278
557.278
557.278
557.278
557.278
557.278
557.278
557.278
557.278
557.278
557.278
557.278
557.278
557.278
557.278
557.278
557.278
557.278
557.278
557.278
557.278
557.278
557.278
557.278
557.278
557.278
557.278
557.278
557.278
557.278
557.278
557.278
557.278
557.278
557.278
557.278
557.278
557.278
557.278
557.278
557.278
557.278
557.278
557.278
557.278
557.278
557.278
557.278
557.278
557.278
557.279
557.28
557.281
557.282
557.284
557.285
557.287
557.289
557.29
557.291
557.292
557.291
557.291
557.289
557.288
557.287
557.286
557.289
557.298
557.322
557.375
557.489
557.722
558.176
559.028
560.555
563.178
567.482
574.218
584.268
598.53
617.752
642.301
671.951
705.73
741.648
776.625
807.166
829.927
842.374
843.109
832.123
810.673
781.167
746.746
710.788
676.439
645.977
620.583
600.6
585.709
575.177
568.091
563.549
560.772
559.148
558.241
557.755
557.505
557.382
557.325
557.299
557.289
557.286
557.286
557.287
557.288
557.289
557.29
557.29
557.29
557.289
557.288
557.286
557.285
557.283
557.282
557.28
557.279
557.279
557.278
557.278
557.278
557.277
557.277
557.277
557.277
557.277
557.277
557.277
557.277
557.278
557.278
557.278
557.278
557.278
557.278
557.278
557.278
557.278
557.278
557.278
557.278
557.278
557.278
557.278
557.278
557.278
557.278
557.278
557.278
557.278
557.278
557.278
557.278
557.278
557.278
557.278
557.278
557.278
557.278
557.278
557.278
557.278
557.278
557.278
557.278
557.278
557.278
557.278
557.278
557.278
557.278
557.278
557.278
557.278
557.278
557.278
557.278
557.278
557.239
557.239
557.239
557.239
557.239
557.239
557.24
557.24
557.24
557.24
557.24
557.24
557.24
557.24
557.24
557.24
557.24
557.24
557.24
557.24
557.24
557.241
557.241
557.241
557.241
557.241
557.241
557.241
557.242
557.242
557.242
557.242
557.242
557.242
557.243
557.243
557.243
557.243
557.243
557.244
557.244
557.244
557.245
557.245
557.245
557.245
557.246
557.246
557.246
557.247
557.247
557.248
557.248
557.248
557.249
557.249
557.25
557.251
557.252
557.253
557.255
557.257
557.26
557.263
557.267
557.271
557.275
557.279
557.282
557.285
557.286
557.286
557.285
557.283
557.28
557.277
557.275
557.276
557.284
557.305
557.357
557.469
557.699
558.149
558.992
560.507
563.109
567.381
574.073
584.065
598.258
617.403
641.879
671.47
705.226
741.156
776.167
806.766
829.586
842.075
842.824
831.824
810.339
780.791
746.341
710.365
676.021
645.598
620.264
600.346
585.517
575.037
567.993
563.481
560.724
559.113
558.213
557.732
557.485
557.365
557.308
557.284
557.276
557.274
557.276
557.278
557.281
557.284
557.285
557.285
557.284
557.282
557.279
557.275
557.271
557.267
557.263
557.26
557.258
557.256
557.254
557.253
557.252
557.251
557.251
557.25
557.25
557.249
557.249
557.248
557.248
557.248
557.248
557.247
557.247
557.247
557.246
557.246
557.246
557.246
557.246
557.245
557.245
557.245
557.245
557.245
557.244
557.244
557.244
557.244
557.244
557.244
557.244
557.243
557.243
557.243
557.243
557.243
557.243
557.243
557.243
557.243
557.243
557.242
557.242
557.242
557.242
557.242
557.242
557.242
557.242
557.242
557.242
557.242
557.242
557.242
557.242
557.242
557.242
557.242
557.168
557.168
557.168
557.168
557.168
557.168
557.168
557.168
557.168
557.168
557.169
557.169
557.169
557.169
557.169
557.17
557.17
557.17
557.17
557.171
557.171
557.171
557.172
557.172
557.172
557.173
557.173
557.173
557.174
557.174
557.175
557.175
557.176
557.177
557.177
557.178
557.178
557.179
557.18
557.18
557.181
557.182
557.183
557.184
557.184
557.185
557.186
557.187
557.188
557.189
557.19
557.192
557.193
557.194
557.196
557.197
557.199
557.201
557.203
557.206
557.21
557.215
557.221
557.227
557.235
557.244
557.253
557.261
557.269
557.275
557.278
557.279
557.277
557.272
557.266
557.26
557.255
557.252
557.257
557.276
557.325
557.435
557.661
558.105
558.939
560.439
563.016
567.251
573.893
583.817
597.927
616.981
641.368
670.889
704.615
740.561
775.61
806.277
829.168
841.706
842.471
831.451
809.922
780.322
745.835
709.838
675.502
645.13
619.869
600.031
585.277
574.861
567.866
563.39
560.656
559.061
558.17
557.694
557.451
557.333
557.279
557.258
557.252
557.254
557.259
557.265
557.271
557.275
557.277
557.277
557.275
557.27
557.263
557.255
557.246
557.238
557.23
557.223
557.218
557.213
557.21
557.207
557.204
557.202
557.201
557.199
557.198
557.197
557.196
557.195
557.194
557.193
557.192
557.191
557.19
557.189
557.188
557.188
557.187
557.186
557.186
557.185
557.184
557.184
557.183
557.183
557.182
557.182
557.181
557.181
557.18
557.18
557.179
557.179
557.179
557.178
557.178
557.178
557.177
557.177
557.177
557.177
557.176
557.176
557.176
557.176
557.176
557.175
557.175
557.175
557.175
557.175
557.175
557.175
557.175
557.175
557.175
557.175
557.175
557.175
557.039
557.039
557.039
557.039
557.039
557.039
557.04
557.04
557.04
557.04
557.041
557.041
557.041
557.042
557.042
557.043
557.043
557.044
557.044
557.045
557.045
557.046
557.047
557.048
557.048
557.049
557.05
557.051
557.052
557.053
557.054
557.055
557.056
557.057
557.059
557.06
557.061
557.063
557.064
557.066
557.067
557.069
557.071
557.072
557.074
557.076
557.078
557.08
557.083
557.085
557.087
557.09
557.092
557.095
557.098
557.102
557.105
557.11
557.115
557.121
557.128
557.138
557.149
557.162
557.178
557.195
557.212
557.229
557.244
557.256
557.263
557.265
557.262
557.254
557.243
557.23
557.218
557.21
557.209
557.223
557.268
557.374
557.595
558.033
558.856
560.338
562.888
567.08
573.661
583.506
597.519
616.464
640.746
670.183
703.872
739.836
774.928
805.677
828.652
841.248
842.032
830.986
809.401
779.736
745.205
709.181
674.857
644.548
619.377
599.636
584.973
574.633
567.696
563.262
560.556
558.978
558.099
557.629
557.391
557.276
557.227
557.21
557.209
557.217
557.228
557.24
557.252
557.26
557.264
557.263
557.257
557.247
557.233
557.217
557.2
557.184
557.169
557.156
557.145
557.136
557.128
557.122
557.117
557.113
557.11
557.107
557.104
557.101
557.099
557.096
557.094
557.092
557.09
557.088
557.086
557.085
557.083
557.081
557.08
557.078
557.077
557.075
557.074
557.073
557.072
557.07
557.069
557.068
557.067
557.066
557.065
557.064
557.064
557.063
557.062
557.061
557.06
557.06
557.059
557.059
557.058
557.057
557.057
557.056
557.056
557.056
557.055
557.055
557.055
557.054
557.054
557.054
557.054
557.053
557.053
557.053
557.053
557.053
557.053
557.053
556.814
556.814
556.815
556.815
556.815
556.815
556.816
556.816
556.816
556.817
556.817
556.818
556.819
556.82
556.82
556.821
556.822
556.823
556.824
556.825
556.826
556.828
556.829
556.83
556.832
556.834
556.835
556.837
556.839
556.841
556.843
556.845
556.847
556.849
556.851
556.854
556.856
556.859
556.862
556.865
556.868
556.871
556.874
556.877
556.881
556.885
556.888
556.892
556.897
556.901
556.905
556.91
556.915
556.921
556.926
556.933
556.94
556.948
556.957
556.969
556.982
557
557.021
557.045
557.074
557.105
557.138
557.17
557.199
557.221
557.235
557.239
557.234
557.22
557.2
557.177
557.153
557.134
557.123
557.129
557.167
557.266
557.481
557.911
558.722
560.183
562.701
566.845
573.357
583.109
597.008
615.826
639.983
669.319
702.963
738.949
774.092
804.937
828.013
840.679
841.482
830.401
808.747
779.002
744.42
708.362
674.054
643.822
618.76
599.135
584.581
574.33
567.462
563.075
560.402
558.845
557.978
557.517
557.284
557.176
557.133
557.123
557.132
557.151
557.173
557.197
557.217
557.232
557.239
557.236
557.225
557.204
557.178
557.148
557.116
557.086
557.058
557.034
557.013
556.997
556.983
556.972
556.963
556.955
556.948
556.942
556.937
556.932
556.927
556.923
556.919
556.915
556.911
556.907
556.904
556.9
556.897
556.894
556.891
556.888
556.886
556.883
556.88
556.878
556.876
556.873
556.871
556.869
556.867
556.866
556.864
556.862
556.86
556.859
556.857
556.856
556.855
556.853
556.852
556.851
556.85
556.849
556.848
556.847
556.846
556.846
556.845
556.844
556.844
556.843
556.842
556.842
556.842
556.841
556.841
556.841
556.841
556.84
556.84
556.84
556.439
556.439
556.439
556.439
556.44
556.44
556.441
556.441
556.442
556.443
556.444
556.445
556.446
556.447
556.449
556.45
556.452
556.454
556.455
556.457
556.459
556.462
556.464
556.466
556.469
556.472
556.474
556.477
556.48
556.484
556.487
556.491
556.494
556.498
556.502
556.506
556.511
556.515
556.52
556.525
556.53
556.536
556.541
556.547
556.553
556.56
556.567
556.574
556.581
556.588
556.596
556.605
556.614
556.623
556.633
556.644
556.656
556.67
556.687
556.707
556.731
556.761
556.797
556.841
556.891
556.947
557.005
557.062
557.113
557.154
557.18
557.189
557.181
557.158
557.123
557.081
557.039
557
556.973
556.965
556.991
557.081
557.287
557.706
558.502
559.941
562.422
566.512
572.944
582.59
596.358
615.029
639.038
668.256
701.846
737.861
773.061
804.02
827.216
839.965
840.79
829.667
807.925
778.084
743.438
707.338
673.05
642.912
617.978
598.492
584.064
573.917
567.128
562.798
560.161
558.627
557.775
557.324
557.1
557.001
556.969
556.973
556.998
557.035
557.076
557.118
557.154
557.179
557.19
557.185
557.162
557.126
557.078
557.024
556.968
556.914
556.865
556.822
556.786
556.756
556.733
556.713
556.697
556.684
556.672
556.662
556.652
556.643
556.635
556.627
556.62
556.613
556.606
556.6
556.594
556.588
556.582
556.577
556.571
556.567
556.562
556.557
556.553
556.549
556.545
556.541
556.537
556.534
556.53
556.527
556.524
556.521
556.518
556.515
556.513
556.51
556.508
556.506
556.504
556.502
556.5
556.498
556.497
556.495
556.494
556.492
556.491
556.49
556.489
556.488
556.487
556.486
556.486
556.485
556.484
556.484
556.484
556.483
556.483
556.483
555.835
555.835
555.836
555.836
555.837
555.838
555.838
555.84
555.841
555.842
555.844
555.845
555.847
555.849
555.852
555.854
555.857
555.859
555.862
555.865
555.869
555.872
555.876
555.88
555.884
555.888
555.893
555.898
555.903
555.908
555.913
555.919
555.925
555.932
555.938
555.945
555.952
555.96
555.967
555.976
555.984
555.993
556.002
556.012
556.022
556.032
556.043
556.054
556.066
556.079
556.092
556.106
556.12
556.135
556.152
556.17
556.19
556.213
556.24
556.273
556.314
556.363
556.424
556.497
556.581
556.675
556.774
556.872
556.96
557.031
557.078
557.096
557.084
557.047
556.989
556.918
556.844
556.775
556.719
556.688
556.696
556.77
556.964
557.369
558.148
559.561
562.002
566.029
572.373
581.898
595.516
614.018
637.859
666.94
700.465
736.518
771.783
802.876
826.217
839.067
839.917
828.741
806.891
776.93
742.21
706.054
671.79
641.761
616.979
597.653
583.37
573.344
566.645
562.378
559.783
558.276
557.441
557.003
556.792
556.707
556.692
556.719
556.77
556.837
556.91
556.981
557.042
557.083
557.1
557.088
557.048
556.983
556.9
556.807
556.712
556.62
556.537
556.466
556.406
556.357
556.317
556.285
556.258
556.236
556.217
556.2
556.184
556.17
556.156
556.143
556.131
556.119
556.108
556.098
556.088
556.078
556.069
556.06
556.051
556.043
556.036
556.028
556.021
556.014
556.008
556.001
555.995
555.989
555.984
555.979
555.974
555.969
555.964
555.96
555.956
555.952
555.948
555.944
555.941
555.938
555.935
555.932
555.929
555.927
555.924
555.922
555.92
555.918
555.917
555.915
555.914
555.912
555.911
555.91
555.909
555.909
555.908
555.908
555.907
555.907
554.907
554.908
554.908
554.909
554.91
554.911
554.912
554.914
554.916
554.918
554.92
554.923
554.926
554.929
554.932
554.936
554.94
554.944
554.949
554.954
554.959
554.964
554.97
554.976
554.982
554.989
554.996
555.003
555.011
555.019
555.027
555.036
555.045
555.055
555.065
555.076
555.087
555.098
555.11
555.123
555.136
555.149
555.164
555.178
555.194
555.21
555.227
555.245
555.263
555.282
555.303
555.324
555.346
555.37
555.396
555.424
555.456
555.492
555.534
555.586
555.649
555.727
555.824
555.939
556.075
556.226
556.386
556.546
556.692
556.811
556.892
556.926
556.912
556.855
556.762
556.647
556.524
556.407
556.308
556.239
556.218
556.269
556.443
556.832
557.59
558.973
561.368
565.327
571.57
580.96
594.41
612.721
636.372
665.297
698.75
734.855
770.195
801.446
824.962
837.933
838.812
827.57
805.586
775.481
740.672
704.437
670.2
640.297
615.689
596.545
582.429
572.539
565.942
561.746
559.198
557.722
556.907
556.487
556.293
556.229
556.243
556.305
556.398
556.512
556.634
556.75
556.848
556.913
556.936
556.912
556.842
556.733
556.595
556.442
556.287
556.139
556.006
555.891
555.796
555.718
555.655
555.605
555.563
555.528
555.498
555.471
555.447
555.424
555.403
555.383
555.364
555.346
555.329
555.313
555.297
555.282
555.267
555.254
555.241
555.228
555.216
555.204
555.193
555.183
555.173
555.163
555.154
555.145
555.136
555.128
555.12
555.113
555.106
555.099
555.093
555.087
555.081
555.075
555.07
555.065
555.061
555.056
555.052
555.048
555.045
555.041
555.038
555.035
555.033
555.03
555.028
555.026
555.024
555.023
555.022
555.02
555.02
555.019
555.019
555.018
553.543
553.544
553.544
553.545
553.547
553.548
553.55
553.553
553.555
553.559
553.562
553.566
553.57
553.575
553.579
553.585
553.591
553.597
553.603
553.61
553.617
553.625
553.633
553.642
553.651
553.661
553.671
553.682
553.693
553.705
553.717
553.73
553.743
553.758
553.772
553.788
553.804
553.821
553.838
553.856
553.876
553.896
553.916
553.938
553.961
553.985
554.009
554.035
554.063
554.091
554.121
554.152
554.185
554.221
554.259
554.3
554.347
554.4
554.463
554.54
554.635
554.752
554.898
555.073
555.28
555.512
555.761
556.011
556.242
556.434
556.568
556.631
556.617
556.534
556.393
556.215
556.02
555.832
555.667
555.542
555.475
555.492
555.638
556.003
556.735
558.084
560.428
564.308
570.439
579.678
592.94
611.038
634.478
663.231
696.604
732.786
768.215
799.652
823.38
836.499
837.413
826.088
803.938
773.656
738.739
702.394
668.183
638.42
614.006
595.069
581.141
571.405
564.924
560.808
558.314
556.873
556.084
555.686
555.518
555.487
555.543
555.658
555.816
556
556.194
556.377
556.526
556.622
556.651
556.606
556.489
556.312
556.093
555.852
555.609
555.38
555.176
555.001
554.857
554.74
554.646
554.57
554.508
554.456
554.411
554.371
554.335
554.302
554.27
554.241
554.213
554.186
554.161
554.137
554.113
554.091
554.07
554.05
554.031
554.012
553.994
553.977
553.961
553.946
553.931
553.916
553.903
553.89
553.877
553.866
553.854
553.843
553.833
553.823
553.814
553.805
553.796
553.788
553.781
553.774
553.767
553.76
553.754
553.749
553.744
553.739
553.734
553.73
553.726
553.723
553.719
553.716
553.714
553.712
553.71
553.708
553.707
553.706
553.706
553.705
551.627
551.627
551.628
551.629
551.631
551.634
551.636
551.64
551.644
551.648
551.653
551.658
551.664
551.67
551.677
551.684
551.692
551.7
551.709
551.719
551.729
551.74
551.751
551.763
551.776
551.789
551.803
551.818
551.834
551.85
551.867
551.885
551.903
551.923
551.943
551.965
551.987
552.01
552.035
552.06
552.087
552.115
552.144
552.174
552.206
552.239
552.273
552.31
552.348
552.387
552.429
552.473
552.52
552.569
552.623
552.681
552.746
552.822
552.911
553.019
553.154
553.322
553.53
553.784
554.084
554.425
554.793
555.167
555.518
555.816
556.03
556.139
556.134
556.022
555.82
555.555
555.262
554.972
554.712
554.505
554.37
554.335
554.442
554.774
555.474
556.781
559.065
562.856
568.859
577.926
590.975
608.838
632.046
660.614
693.905
730.199
765.739
797.396
821.384
834.688
835.644
824.212
801.853
771.356
736.305
699.799
665.608
635.996
611.799
593.094
579.38
569.82
563.472
559.45
557.017
555.618
554.861
554.494
554.363
554.379
554.498
554.692
554.943
555.228
555.523
555.796
556.015
556.149
556.179
556.096
555.906
555.63
555.296
554.933
554.572
554.235
553.936
553.682
553.474
553.306
553.172
553.064
552.976
552.903
552.84
552.784
552.733
552.685
552.641
552.6
552.56
552.523
552.487
552.453
552.421
552.39
552.36
552.332
552.305
552.279
552.254
552.231
552.208
552.186
552.165
552.146
552.127
552.108
552.091
552.075
552.059
552.044
552.029
552.016
552.003
551.99
551.979
551.967
551.957
551.947
551.938
551.929
551.92
551.912
551.905
551.898
551.892
551.886
551.881
551.876
551.872
551.868
551.864
551.861
551.859
551.856
551.855
551.853
551.852
551.852
549.056
549.057
549.058
549.06
549.063
549.066
549.069
549.074
549.079
549.084
549.09
549.097
549.105
549.113
549.122
549.132
549.142
549.153
549.165
549.177
549.191
549.205
549.22
549.236
549.252
549.27
549.288
549.308
549.328
549.349
549.372
549.395
549.42
549.446
549.473
549.501
549.53
549.561
549.593
549.627
549.662
549.699
549.737
549.778
549.82
549.864
549.91
549.958
550.008
550.061
550.117
550.176
550.238
550.304
550.375
550.453
550.54
550.64
550.76
550.906
551.087
551.314
551.598
551.947
552.362
552.838
553.357
553.891
554.401
554.842
555.172
555.355
555.375
555.239
554.965
554.594
554.171
553.744
553.354
553.031
552.801
552.691
552.742
553.027
553.684
554.939
557.15
560.835
566.685
575.55
588.353
605.946
628.897
657.27
690.484
726.943
762.634
794.555
818.866
832.402
833.41
821.842
799.217
768.453
733.225
696.482
662.299
632.848
608.892
590.455
576.992
567.641
561.451
557.54
555.182
553.835
553.12
552.795
552.716
552.801
553.009
553.314
553.692
554.115
554.545
554.934
555.236
555.409
555.428
555.283
554.988
554.575
554.085
553.564
553.051
552.577
552.161
551.811
551.525
551.297
551.115
550.97
550.852
550.753
550.669
550.593
550.525
550.462
550.403
550.348
550.295
550.245
550.198
550.152
550.109
550.068
550.028
549.99
549.954
549.92
549.887
549.856
549.825
549.797
549.769
549.743
549.718
549.694
549.671
549.649
549.628
549.608
549.589
549.571
549.554
549.537
549.522
549.507
549.493
549.48
549.468
549.456
549.445
549.435
549.425
549.416
549.408
549.4
549.393
549.387
549.381
549.376
549.371
549.367
549.364
549.361
549.358
549.357
549.356
549.355
545.768
545.769
545.771
545.773
545.776
545.78
545.784
545.79
545.796
545.803
545.81
545.819
545.828
545.839
545.85
545.862
545.875
545.888
545.903
545.919
545.935
545.953
545.972
545.991
546.012
546.034
546.057
546.081
546.107
546.134
546.162
546.191
546.222
546.254
546.288
546.323
546.361
546.399
546.44
546.482
546.526
546.573
546.621
546.672
546.725
546.78
546.838
546.899
546.963
547.03
547.1
547.175
547.253
547.337
547.427
547.526
547.636
547.764
547.915
548.101
548.332
548.624
548.991
549.444
549.989
550.62
551.317
552.044
552.751
553.379
553.866
554.163
554.237
554.092
553.749
553.256
552.676
552.075
551.514
551.036
550.676
550.462
550.432
550.653
551.25
552.437
554.556
558.105
563.766
572.379
584.878
602.145
624.798
652.96
686.109
722.805
758.732
790.972
815.691
829.529
830.603
818.854
795.884
764.783
729.301
692.209
658.015
628.738
605.067
586.955
573.803
564.712
558.719
554.948
552.686
551.406
550.747
550.481
550.473
550.654
550.984
551.438
551.986
552.586
553.184
553.712
554.104
554.305
554.289
554.047
553.605
553.011
552.325
551.609
550.916
550.283
549.734
549.275
548.904
548.608
548.375
548.189
548.039
547.914
547.806
547.71
547.623
547.543
547.468
547.398
547.331
547.268
547.207
547.15
547.095
547.042
546.992
546.945
546.899
546.856
546.814
546.774
546.736
546.7
546.665
546.632
546.6
546.57
546.541
546.514
546.487
546.462
546.439
546.416
546.394
546.374
546.354
546.336
546.318
546.302
546.286
546.271
546.258
546.245
546.233
546.221
546.211
546.201
546.193
546.185
546.177
546.171
546.165
546.16
546.156
546.152
546.149
546.147
546.146
546.145
541.757
541.758
541.759
541.762
541.766
541.77
541.776
541.782
541.789
541.797
541.807
541.817
541.828
541.84
541.853
541.867
541.883
541.899
541.916
541.935
541.955
541.976
541.998
542.021
542.046
542.072
542.099
542.128
542.158
542.19
542.224
542.259
542.295
542.334
542.374
542.416
542.46
542.507
542.555
542.605
542.658
542.714
542.772
542.832
542.896
542.962
543.032
543.105
543.182
543.262
543.347
543.436
543.531
543.631
543.74
543.859
543.992
544.145
544.327
544.55
544.83
545.184
545.632
546.189
546.865
547.657
548.545
549.487
550.422
551.276
551.969
552.429
552.606
552.487
552.095
551.481
550.727
549.921
549.146
548.469
547.936
547.58
547.44
547.572
548.086
549.181
551.175
554.547
559.956
568.236
580.333
597.17
619.439
647.349
680.448
717.468
753.801
786.445
811.695
825.935
827.097
815.098
791.663
760.123
724.234
686.649
652.421
623.356
600.054
582.373
569.632
560.885
555.154
551.567
549.43
548.24
547.657
547.471
547.562
547.871
548.363
549.01
549.772
550.59
551.382
552.059
552.531
552.734
552.64
552.251
551.613
550.795
549.878
548.941
548.05
547.248
546.56
545.992
545.536
545.176
544.892
544.668
544.486
544.335
544.205
544.089
543.985
543.888
543.798
543.712
543.632
543.555
543.482
543.413
543.347
543.284
543.224
543.166
543.112
543.059
543.009
542.962
542.916
542.872
542.831
542.791
542.753
542.717
542.682
542.649
542.618
542.588
542.559
542.532
542.506
542.482
542.459
542.437
542.416
542.396
542.378
542.36
542.344
542.328
542.314
542.3
542.288
542.277
542.266
542.257
542.248
542.24
542.233
542.227
542.222
542.218
542.215
542.212
542.21
542.209
537.092
537.093
537.095
537.098
537.102
537.107
537.113
537.12
537.128
537.137
537.148
537.159
537.172
537.185
537.2
537.216
537.233
537.251
537.271
537.292
537.314
537.338
537.363
537.389
537.417
537.446
537.477
537.51
537.544
537.58
537.618
537.657
537.699
537.742
537.788
537.836
537.886
537.938
537.993
538.05
538.11
538.173
538.239
538.308
538.381
538.456
538.536
538.619
538.706
538.798
538.895
538.997
539.105
539.22
539.343
539.479
539.63
539.804
540.011
540.265
540.583
540.988
541.502
542.147
542.939
543.878
544.946
546.103
547.28
548.391
549.337
550.02
550.367
550.338
549.948
549.243
548.318
547.287
546.263
545.339
544.584
544.043
543.751
543.761
544.161
545.129
546.955
550.084
555.149
562.967
574.496
590.715
612.423
639.966
672.999
710.426
747.508
780.697
806.656
821.456
822.74
810.382
786.301
754.157
717.543
679.303
645.043
616.297
593.54
576.48
564.319
556.049
550.674
547.335
545.368
544.3
543.82
543.741
543.965
544.441
545.141
546.028
547.049
548.115
549.115
549.927
550.444
550.596
550.361
549.764
548.876
547.796
546.626
545.462
544.375
543.415
542.603
541.939
541.41
540.996
540.672
540.415
540.208
540.036
539.887
539.755
539.635
539.524
539.421
539.323
539.23
539.143
539.059
538.98
538.904
538.832
538.763
538.698
538.635
538.575
538.518
538.464
538.412
538.362
538.315
538.27
538.226
538.185
538.146
538.108
538.073
538.039
538.006
537.976
537.946
537.918
537.892
537.867
537.843
537.821
537.8
537.78
537.762
537.744
537.728
537.713
537.699
537.686
537.674
537.663
537.653
537.645
537.637
537.63
537.624
537.619
537.616
537.613
537.611
537.61
531.921
531.922
531.924
531.928
531.932
531.937
531.944
531.951
531.96
531.97
531.981
531.993
532.006
532.021
532.037
532.054
532.072
532.092
532.113
532.135
532.159
532.184
532.211
532.239
532.269
532.3
532.333
532.368
532.405
532.443
532.484
532.526
532.571
532.618
532.667
532.718
532.772
532.828
532.887
532.949
533.014
533.082
533.153
533.227
533.306
533.387
533.473
533.563
533.658
533.757
533.862
533.972
534.089
534.214
534.347
534.494
534.657
534.844
535.065
535.336
535.676
536.109
536.663
537.363
538.232
539.278
540.489
541.831
543.236
544.612
545.846
546.818
547.422
547.581
547.282
546.558
545.502
544.252
542.954
541.74
540.71
539.928
539.436
539.277
539.523
540.316
541.914
544.715
549.306
556.472
567.173
582.45
603.248
630.132
662.97
700.826
739.271
773.298
800.239
815.86
817.33
804.427
779.403
746.361
708.376
669.382
635.194
607.045
585.18
569.07
557.756
550.158
545.27
542.267
540.527
539.623
539.282
539.347
539.744
540.433
541.39
542.567
543.882
545.213
546.408
547.312
547.8
547.816
547.352
546.473
545.288
543.924
542.503
541.131
539.882
538.798
537.895
537.167
536.593
536.146
535.797
535.522
535.299
535.113
534.953
534.81
534.68
534.559
534.447
534.34
534.24
534.144
534.054
533.967
533.885
533.807
533.732
533.661
533.593
533.528
533.467
533.408
533.351
533.298
533.246
533.197
533.151
533.106
533.064
533.023
532.985
532.948
532.913
532.88
532.848
532.818
532.79
532.763
532.738
532.714
532.691
532.67
532.65
532.631
532.613
532.597
532.582
532.568
532.555
532.544
532.533
532.524
532.516
532.508
532.502
532.497
532.493
532.49
532.488
532.487
526.461
526.462
526.464
526.467
526.472
526.477
526.484
526.491
526.5
526.51
526.521
526.533
526.547
526.562
526.578
526.595
526.613
526.633
526.655
526.677
526.701
526.727
526.754
526.783
526.813
526.845
526.878
526.914
526.951
526.99
527.032
527.075
527.12
527.168
527.218
527.27
527.325
527.383
527.443
527.506
527.572
527.642
527.715
527.791
527.871
527.955
528.043
528.135
528.232
528.334
528.441
528.555
528.674
528.802
528.939
529.087
529.253
529.442
529.664
529.935
530.274
530.706
531.261
531.969
532.857
533.944
535.229
536.689
538.271
539.888
541.424
542.743
543.703
544.184
544.112
543.494
542.397
540.972
539.399
537.86
536.499
535.414
534.66
534.275
534.312
534.874
536.168
538.534
542.487
548.749
558.249
572.07
591.325
616.895
649.061
687.163
727.775
763.42
791.785
808.712
810.517
796.706
770.218
735.601
695.173
655.569
621.888
594.978
574.646
560.013
549.931
543.263
539.031
536.47
535.028
534.339
534.179
534.433
535.05
536.006
537.272
538.784
540.421
542.009
543.35
544.256
544.603
544.355
543.554
542.318
540.801
539.157
537.521
535.995
534.644
533.499
532.562
531.817
531.235
530.785
530.434
530.158
529.933
529.745
529.581
529.435
529.302
529.178
529.062
528.952
528.849
528.75
528.657
528.568
528.483
528.402
528.326
528.252
528.183
528.116
528.052
527.992
527.934
527.879
527.826
527.776
527.728
527.682
527.639
527.598
527.558
527.52
527.485
527.451
527.418
527.388
527.359
527.331
527.305
527.281
527.257
527.236
527.215
527.196
527.178
527.162
527.146
527.132
527.119
527.107
527.097
527.087
527.078
527.071
527.065
527.059
527.055
527.052
527.05
527.049
520.965
520.967
520.969
520.972
520.976
520.981
520.987
520.995
521.003
521.013
521.023
521.035
521.048
521.062
521.078
521.094
521.112
521.131
521.151
521.173
521.196
521.221
521.247
521.275
521.304
521.334
521.367
521.401
521.437
521.475
521.514
521.556
521.6
521.646
521.694
521.745
521.798
521.853
521.912
521.973
522.037
522.104
522.175
522.249
522.326
522.407
522.493
522.582
522.676
522.775
522.879
522.989
523.105
523.228
523.36
523.503
523.66
523.839
524.047
524.299
524.612
525.01
525.522
526.18
527.017
528.059
529.322
530.802
532.469
534.26
536.073
537.77
539.184
540.142
540.491
540.162
539.179
537.677
535.865
533.981
532.236
530.777
529.687
529.005
528.763
529.027
529.936
531.749
534.88
539.941
547.762
559.399
576.072
599.021
629.176
666.62
709.588
748.829
779.41
798.819
801.457
785.801
756.717
718.644
674.959
635.655
603.792
579.45
561.723
549.327
540.972
535.544
532.155
530.151
529.083
528.665
528.737
529.232
530.125
531.406
533.039
534.926
536.893
538.699
540.089
540.855
540.897
540.222
538.962
537.305
535.45
533.568
531.789
530.198
528.836
527.712
526.812
526.107
525.562
525.143
524.817
524.558
524.347
524.168
524.011
523.871
523.742
523.621
523.508
523.402
523.301
523.205
523.114
523.027
522.944
522.866
522.791
522.719
522.651
522.586
522.524
522.465
522.409
522.355
522.304
522.255
522.209
522.164
522.122
522.082
522.043
522.007
521.972
521.939
521.908
521.878
521.85
521.823
521.798
521.774
521.752
521.731
521.711
521.692
521.675
521.659
521.644
521.63
521.618
521.606
521.596
521.587
521.578
521.571
521.565
521.56
521.556
521.553
521.551
521.55
515.696
515.697
515.699
515.702
515.706
515.71
515.716
515.723
515.73
515.739
515.749
515.759
515.771
515.784
515.798
515.813
515.829
515.846
515.865
515.885
515.906
515.928
515.952
515.977
516.003
516.031
516.061
516.092
516.125
516.159
516.195
516.233
516.273
516.315
516.359
516.405
516.454
516.505
516.558
516.614
516.672
516.734
516.798
516.866
516.937
517.011
517.089
517.171
517.257
517.347
517.442
517.542
517.648
517.76
517.879
518.007
518.147
518.304
518.485
518.699
518.962
519.295
519.722
520.275
520.987
521.894
523.025
524.401
526.026
527.875
529.886
531.944
533.879
535.472
536.479
536.695
536.048
534.647
532.685
530.462
528.282
526.371
524.857
523.792
523.192
523.08
523.525
524.673
526.808
530.373
536.003
544.567
557.182
575.232
600.256
633.654
675.931
720.379
754.391
781.61
787.458
765.722
730.067
686.561
641.928
606.239
579.409
560.036
546.486
537.274
531.194
527.313
524.944
523.604
522.98
522.889
523.252
524.047
525.281
526.954
529.011
531.308
533.593
535.534
536.813
537.252
536.76
535.471
533.634
531.521
529.364
527.331
525.522
523.982
522.716
521.706
520.917
520.311
519.848
519.492
519.214
518.992
518.809
518.651
518.511
518.384
518.267
518.157
518.054
517.956
517.863
517.775
517.691
517.611
517.535
517.462
517.393
517.328
517.265
517.205
517.148
517.093
517.042
516.992
516.945
516.9
516.857
516.816
516.777
516.74
516.705
516.671
516.639
516.609
516.58
516.553
516.527
516.502
516.479
516.457
516.437
516.417
516.399
516.382
516.366
516.352
516.338
516.325
516.314
516.303
516.294
516.285
516.278
516.271
516.265
516.261
516.257
516.254
516.252
516.251
510.883
510.884
510.886
510.888
510.892
510.896
510.9
510.906
510.913
510.92
510.928
510.938
510.948
510.959
510.97
510.983
510.997
511.012
511.028
511.045
511.063
511.082
511.102
511.124
511.146
511.17
511.196
511.222
511.25
511.28
511.311
511.344
511.378
511.414
511.452
511.492
511.533
511.577
511.623
511.671
511.721
511.774
511.829
511.887
511.948
512.012
512.079
512.149
512.223
512.301
512.382
512.467
512.557
512.652
512.752
512.859
512.975
513.101
513.243
513.408
513.605
513.85
514.163
514.568
515.098
515.791
516.69
517.837
519.274
521.025
523.09
525.413
527.863
530.207
532.116
533.216
533.168
532.157
530.199
527.679
525.026
522.582
520.548
519.004
517.956
517.385
517.312
517.713
518.739
520.6
523.616
528.244
535.113
545.037
559.084
578.718
606.299
643.985
677.391
729.588
755.243
704.262
654.357
615.982
584.908
563.222
547.849
537.028
529.536
524.465
521.129
519.023
517.789
517.187
517.051
517.343
518.057
519.219
520.867
523.003
525.544
528.279
530.847
532.792
533.716
533.594
532.287
530.186
527.692
525.149
522.791
520.741
519.04
517.678
516.615
515.803
515.189
514.727
514.379
514.112
513.901
513.729
513.583
513.456
513.34
513.234
513.135
513.041
512.952
512.868
512.788
512.712
512.639
512.57
512.504
512.441
512.382
512.324
512.27
512.218
512.168
512.121
512.076
512.033
511.992
511.953
511.915
511.88
511.846
511.814
511.783
511.754
511.726
511.7
511.675
511.651
511.628
511.607
511.587
511.568
511.55
511.533
511.517
511.503
511.489
511.476
511.464
511.453
511.443
511.434
511.426
511.418
511.412
511.406
511.401
511.397
511.394
511.391
511.39
511.389
506.711
506.712
506.713
506.715
506.717
506.721
506.725
506.729
506.735
506.741
506.748
506.755
506.763
506.772
506.782
506.793
506.804
506.816
506.829
506.843
506.858
506.873
506.89
506.908
506.926
506.946
506.967
506.989
507.012
507.036
507.062
507.088
507.117
507.146
507.177
507.21
507.244
507.28
507.318
507.358
507.399
507.443
507.489
507.536
507.587
507.639
507.694
507.752
507.813
507.877
507.943
508.013
508.087
508.164
508.245
508.331
508.423
508.522
508.631
508.755
508.901
509.079
509.306
509.604
510.004
510.545
511.279
512.267
513.576
515.268
517.383
519.908
522.734
525.62
528.179
529.937
530.423
529.705
527.829
525.121
522.092
519.181
516.671
514.688
513.247
512.306
511.817
511.764
512.109
512.969
514.499
516.938
520.631
526.06
533.921
545.325
562.291
588.142
623.779
694.112
735.907
668.83
607.838
573.223
551.477
537.581
528.341
522.082
517.856
515.056
513.265
512.195
511.653
511.509
511.728
512.328
513.35
514.858
516.903
519.476
522.451
525.539
528.287
530.163
530.829
530.198
528.296
525.609
522.633
519.761
517.232
515.145
513.504
512.257
511.333
510.66
510.172
509.818
509.556
509.357
509.2
509.07
508.958
508.858
508.766
508.681
508.6
508.524
508.451
508.381
508.315
508.252
508.192
508.135
508.08
508.028
507.978
507.93
507.885
507.842
507.8
507.761
507.723
507.688
507.653
507.621
507.59
507.56
507.532
507.505
507.479
507.455
507.432
507.41
507.389
507.369
507.35
507.333
507.316
507.3
507.285
507.271
507.258
507.246
507.234
507.224
507.214
507.205
507.196
507.189
507.182
507.176
507.17
507.165
507.161
507.158
507.155
507.153
507.152
507.151
503.291
503.291
503.292
503.294
503.296
503.299
503.302
503.305
503.309
503.314
503.319
503.325
503.332
503.339
503.346
503.355
503.363
503.373
503.383
503.394
503.405
503.418
503.431
503.445
503.459
503.475
503.491
503.508
503.526
503.545
503.565
503.587
503.609
503.632
503.657
503.682
503.709
503.738
503.768
503.799
503.832
503.866
503.902
503.94
503.979
504.021
504.064
504.11
504.158
504.208
504.26
504.315
504.373
504.433
504.496
504.563
504.633
504.708
504.79
504.882
504.989
505.119
505.286
505.511
505.822
506.263
506.891
507.777
509.007
510.667
512.825
515.49
518.569
521.814
524.809
527.022
527.927
527.431
525.665
522.867
519.58
516.315
513.426
511.085
509.327
508.103
507.337
506.96
506.952
507.266
508.02
509.354
511.505
514.853
520.022
528.118
541.22
563.219
601.075
672.436
724.911
654.244
591.351
555.979
535.978
524.35
517.31
512.921
510.158
508.44
507.424
506.899
506.726
506.86
507.32
508.146
509.416
511.212
513.589
516.517
519.823
523.153
525.989
527.765
528.224
527.21
524.895
521.813
518.51
515.409
512.752
510.626
509.011
507.832
506.996
506.413
506.01
505.729
505.528
505.379
505.262
505.166
505.082
505.006
504.936
504.869
504.807
504.747
504.689
504.635
504.582
504.532
504.485
504.439
504.396
504.354
504.314
504.277
504.24
504.206
504.173
504.142
504.112
504.083
504.056
504.03
504.005
503.981
503.959
503.937
503.917
503.898
503.879
503.862
503.845
503.829
503.814
503.8
503.787
503.774
503.762
503.751
503.741
503.731
503.722
503.713
503.705
503.698
503.692
503.686
503.68
503.675
503.671
503.667
503.664
503.661
503.659
503.657
503.656
503.656
500.638
500.638
500.639
500.64
500.642
500.644
500.646
500.649
500.652
500.655
500.659
500.664
500.668
500.674
500.679
500.685
500.692
500.699
500.707
500.715
500.723
500.732
500.742
500.752
500.763
500.775
500.787
500.8
500.814
500.828
500.843
500.859
500.876
500.893
500.912
500.931
500.951
500.973
500.995
501.019
501.043
501.069
501.096
501.125
501.155
501.186
501.219
501.253
501.289
501.327
501.367
501.408
501.451
501.496
501.543
501.593
501.645
501.7
501.76
501.827
501.905
502.002
502.129
502.306
502.563
502.943
503.508
504.337
505.526
507.176
509.368
512.125
515.359
518.82
522.079
524.58
525.775
525.445
523.794
520.976
517.542
514.044
510.885
508.281
506.289
504.862
503.915
503.357
503.134
503.22
503.623
504.489
506.03
508.622
512.93
520.156
532.56
554.361
593.175
659.488
716.713
656.036
590.849
551.876
530.48
518.545
511.712
507.733
505.398
504.055
503.338
503.046
503.031
503.32
503.923
504.904
506.355
508.369
510.993
514.173
517.698
521.166
524.021
525.691
525.99
524.714
522.139
518.817
515.316
512.07
509.325
507.163
505.553
504.406
503.616
503.086
502.734
502.499
502.338
502.224
502.136
502.065
502.003
501.947
501.895
501.846
501.798
501.753
501.71
501.669
501.629
501.592
501.555
501.521
501.488
501.456
501.426
501.397
501.37
501.343
501.318
501.294
501.272
501.25
501.229
501.209
501.19
501.172
501.155
501.139
501.123
501.109
501.095
501.081
501.069
501.057
501.045
501.035
501.024
501.015
501.006
500.997
500.989
500.982
500.975
500.969
500.963
500.957
500.952
500.948
500.943
500.94
500.936
500.934
500.931
500.929
500.928
500.926
500.926
500.925
498.689
498.689
498.69
498.69
498.692
498.693
498.694
498.696
498.699
498.701
498.704
498.707
498.71
498.714
498.718
498.722
498.727
498.732
498.737
498.743
498.749
498.756
498.763
498.77
498.778
498.786
498.795
498.804
498.814
498.824
498.835
498.846
498.858
498.87
498.884
498.898
498.912
498.928
498.944
498.961
498.978
498.997
499.017
499.037
499.059
499.081
499.105
499.13
499.156
499.183
499.211
499.241
499.272
499.304
499.338
499.374
499.411
499.451
499.494
499.542
499.6
499.674
499.775
499.924
500.15
500.498
501.033
501.837
503.014
504.671
506.894
509.71
513.032
516.607
520.006
522.667
524.041
523.829
522.281
519.487
515.989
512.357
509.025
506.243
504.088
502.526
501.466
500.813
500.496
500.506
500.805
501.559
502.995
505.523
509.877
517.344
530.233
552.823
591.608
652.169
709.777
659.342
594.443
553.648
530.192
517.018
509.54
505.214
502.744
501.372
500.675
500.421
500.451
500.801
501.478
502.556
504.131
506.295
509.085
512.427
516.077
519.603
522.433
524.005
524.192
522.757
520.038
516.592
512.985
509.655
506.85
504.653
503.031
501.89
501.118
500.612
500.286
500.077
499.941
499.849
499.781
499.728
499.683
499.643
499.605
499.57
499.536
499.503
499.472
499.442
499.414
499.386
499.36
499.335
499.311
499.288
499.266
499.245
499.225
499.206
499.188
499.17
499.154
499.138
499.123
499.108
499.095
499.082
499.069
499.057
499.046
499.035
499.025
499.016
499.006
498.998
498.99
498.982
498.974
498.968
498.961
498.955
498.949
498.944
498.939
498.934
498.93
498.926
498.922
498.919
498.916
498.913
498.911
498.909
498.907
498.906
498.904
498.904
498.903
498.903
497.331
497.331
497.331
497.332
497.333
497.334
497.335
497.336
497.337
497.339
497.341
497.343
497.345
497.348
497.35
497.353
497.357
497.36
497.364
497.367
497.372
497.376
497.381
497.386
497.391
497.397
497.402
497.409
497.415
497.422
497.43
497.437
497.445
497.454
497.463
497.473
497.483
497.493
497.504
497.516
497.528
497.541
497.554
497.568
497.583
497.599
497.615
497.632
497.65
497.669
497.688
497.709
497.73
497.752
497.776
497.8
497.826
497.853
497.884
497.919
497.963
498.023
498.109
498.243
498.454
498.79
499.317
500.122
501.309
502.987
505.245
508.104
511.475
515.104
518.561
521.295
522.765
522.627
521.161
518.408
514.897
511.197
507.764
504.866
502.603
500.951
499.825
499.128
498.791
498.804
499.134
499.965
501.556
504.359
509.108
517.181
530.941
554.197
592.327
648.175
703.601
662.156
600.598
558.134
532.729
517.931
509.363
504.416
501.547
499.926
499.092
498.771
498.772
499.125
499.833
500.967
502.622
504.885
507.781
511.216
514.926
518.463
521.252
522.747
522.863
521.346
518.567
515.07
511.415
508.036
505.185
502.95
501.301
500.146
499.37
498.868
498.551
498.353
498.23
498.151
498.096
498.056
498.023
497.994
497.968
497.943
497.92
497.898
497.876
497.855
497.835
497.816
497.798
497.781
497.764
497.748
497.733
497.718
497.704
497.691
497.679
497.666
497.655
497.644
497.634
497.624
497.614
497.605
497.596
497.588
497.58
497.573
497.566
497.559
497.553
497.547
497.541
497.536
497.531
497.526
497.522
497.517
497.513
497.51
497.506
497.503
497.5
497.497
497.495
497.493
497.491
497.489
497.487
497.486
497.485
497.483
497.483
497.482
497.482
497.481
496.433
496.433
496.433
496.433
496.434
496.434
496.435
496.436
496.437
496.438
496.439
496.441
496.442
496.444
496.445
496.447
496.449
496.451
496.454
496.456
496.459
496.462
496.465
496.468
496.472
496.475
496.479
496.483
496.487
496.492
496.497
496.502
496.507
496.513
496.518
496.525
496.531
496.538
496.545
496.553
496.561
496.569
496.578
496.587
496.597
496.607
496.618
496.629
496.641
496.653
496.666
496.68
496.694
496.709
496.724
496.74
496.758
496.777
496.798
496.824
496.859
496.91
496.989
497.116
497.325
497.662
498.198
499.02
500.235
501.951
504.253
507.156
510.563
514.217
517.691
520.444
521.952
521.856
520.441
517.727
514.22
510.487
506.989
504.014
501.676
499.964
498.798
498.089
497.77
497.828
498.258
499.264
501.114
504.292
509.649
518.532
533.148
556.874
594.004
646.033
697.95
663.848
607.166
563.884
536.724
520.311
510.512
504.698
501.29
499.341
498.282
497.829
497.768
498.089
498.8
499.963
501.671
504
506.965
510.458
514.197
517.726
520.478
521.925
522.004
520.461
517.671
514.163
510.485
507.069
504.172
501.89
500.2
499.013
498.217
497.704
497.384
497.188
497.07
496.997
496.95
496.918
496.894
496.874
496.856
496.839
496.823
496.808
496.794
496.78
496.767
496.754
496.742
496.731
496.72
496.709
496.699
496.689
496.68
496.671
496.663
496.655
496.647
496.64
496.633
496.627
496.62
496.614
496.609
496.603
496.598
496.593
496.589
496.584
496.58
496.576
496.572
496.569
496.565
496.562
496.559
496.557
496.554
496.551
496.549
496.547
496.545
496.543
496.542
496.54
496.539
496.538
496.537
496.536
496.535
496.534
496.534
496.533
496.533
496.533
495.868
495.868
495.868
495.869
495.869
495.869
495.87
495.87
495.871
495.872
495.872
495.873
495.874
495.875
495.876
495.877
495.878
495.88
495.881
495.883
495.885
495.886
495.888
495.89
495.892
495.895
495.897
495.899
495.902
495.905
495.908
495.911
495.914
495.918
495.922
495.925
495.93
495.934
495.938
495.943
495.948
495.953
495.959
495.965
495.971
495.977
495.984
495.991
495.999
496.007
496.015
496.023
496.032
496.042
496.052
496.062
496.073
496.086
496.102
496.122
496.152
496.198
496.274
496.401
496.614
496.963
497.519
498.373
499.632
501.402
503.762
506.719
510.167
513.843
517.321
520.07
521.581
521.498
520.105
517.407
513.898
510.137
506.589
503.551
501.154
499.396
498.206
497.499
497.221
497.345
497.912
499.117
501.289
504.96
510.975
520.662
536.069
560.135
596.232
644.896
692.703
664.555
613.082
569.912
541.387
523.479
512.442
505.712
501.664
499.294
497.993
497.375
497.23
497.5
498.199
499.379
501.124
503.504
506.523
510.061
513.823
517.353
520.091
521.522
521.593
520.058
517.279
513.772
510.073
506.615
503.661
501.317
499.571
498.338
497.509
496.974
496.642
496.441
496.322
496.252
496.209
496.182
496.163
496.149
496.137
496.126
496.116
496.106
496.097
496.088
496.079
496.071
496.064
496.056
496.049
496.043
496.036
496.03
496.024
496.018
496.013
496.008
496.003
495.999
495.994
495.99
495.986
495.982
495.979
495.975
495.972
495.969
495.966
495.963
495.961
495.958
495.956
495.953
495.951
495.949
495.948
495.946
495.944
495.943
495.941
495.94
495.939
495.938
495.936
495.936
495.935
495.934
495.933
495.933
495.932
495.932
495.931
495.931
495.931
495.931
495.531
495.531
495.531
495.531
495.531
495.531
495.532
495.532
495.532
495.533
495.533
495.534
495.534
495.535
495.535
495.536
495.537
495.538
495.539
495.54
495.541
495.542
495.543
495.544
495.545
495.547
495.548
495.55
495.551
495.553
495.555
495.557
495.559
495.561
495.563
495.565
495.568
495.57
495.573
495.576
495.579
495.582
495.586
495.589
495.593
495.597
495.601
495.605
495.61
495.614
495.619
495.625
495.63
495.636
495.642
495.649
495.656
495.665
495.677
495.694
495.72
495.765
495.842
495.973
496.196
496.564
497.149
498.046
499.363
501.201
503.633
506.663
510.172
513.885
517.375
520.116
521.613
521.522
520.117
517.404
513.866
510.06
506.455
503.358
500.905
499.107
497.899
497.202
496.975
497.177
497.881
499.33
501.867
506.046
512.722
523.177
539.286
563.576
598.654
644.257
687.781
664.325
617.94
575.722
546.25
527.034
514.815
507.164
502.452
499.627
498.023
497.235
496.997
497.204
497.883
499.073
500.849
503.277
506.35
509.936
513.739
517.298
520.056
521.509
521.595
520.081
517.317
513.801
510.066
506.546
503.518
501.099
499.281
497.989
497.116
496.551
496.2
495.989
495.866
495.795
495.754
495.729
495.714
495.703
495.694
495.687
495.681
495.674
495.669
495.663
495.658
495.653
495.648
495.644
495.64
495.635
495.631
495.628
495.624
495.621
495.617
495.614
495.611
495.608
495.606
495.603
495.601
495.599
495.596
495.594
495.592
495.59
495.589
495.587
495.585
495.584
495.582
495.581
495.58
495.579
495.577
495.576
495.575
495.574
495.574
495.573
495.572
495.571
495.571
495.57
495.57
495.569
495.569
495.568
495.568
495.568
495.568
495.567
495.567
495.567
495.339
495.339
495.339
495.339
495.339
495.339
495.339
495.339
495.34
495.34
495.34
495.34
495.341
495.341
495.341
495.342
495.342
495.343
495.343
495.344
495.344
495.345
495.346
495.346
495.347
495.348
495.349
495.35
495.351
495.352
495.353
495.354
495.355
495.356
495.358
495.359
495.36
495.362
495.364
495.365
495.367
495.369
495.371
495.373
495.375
495.378
495.38
495.383
495.385
495.388
495.391
495.394
495.398
495.401
495.405
495.409
495.414
495.421
495.43
495.445
495.471
495.516
495.596
495.735
495.972
496.363
496.985
497.933
499.314
501.236
503.764
506.888
510.475
514.24
517.751
520.486
521.957
521.842
520.4
517.643
514.053
510.181
506.502
503.334
500.826
498.99
497.767
497.085
496.911
497.193
498.065
499.77
502.679
507.369
514.689
525.863
542.582
566.994
601.057
643.815
683.156
663.663
621.789
581.036
551.03
530.727
517.421
508.872
503.49
500.196
498.278
497.287
496.945
497.088
497.743
498.938
500.744
503.218
506.352
510.006
513.873
517.484
520.289
521.787
521.906
520.428
517.678
514.147
510.362
506.762
503.638
501.121
499.219
497.86
496.935
496.333
495.959
495.734
495.603
495.529
495.487
495.463
495.45
495.441
495.435
495.43
495.426
495.422
495.419
495.415
495.412
495.409
495.406
495.404
495.401
495.398
495.396
495.394
495.392
495.39
495.388
495.386
495.384
495.382
495.381
495.379
495.378
495.377
495.375
495.374
495.373
495.372
495.371
495.37
495.369
495.368
495.367
495.366
495.365
495.365
495.364
495.363
495.363
495.362
495.362
495.361
495.361
495.36
495.36
495.36
495.359
495.359
495.359
495.359
495.358
495.358
495.358
495.358
495.358
495.358
495.234
495.234
495.234
495.235
495.235
495.235
495.235
495.235
495.235
495.235
495.235
495.235
495.236
495.236
495.236
495.236
495.237
495.237
495.237
495.238
495.238
495.238
495.239
495.239
495.24
495.24
495.241
495.241
495.242
495.242
495.243
495.244
495.244
495.245
495.246
495.247
495.247
495.248
495.249
495.25
495.251
495.252
495.254
495.255
495.256
495.258
495.259
495.261
495.262
495.264
495.266
495.267
495.269
495.271
495.274
495.277
495.28
495.285
495.294
495.308
495.334
495.381
495.466
495.615
495.869
496.288
496.949
497.955
499.417
501.437
504.076
507.316
511.008
514.854
518.41
521.152
522.596
522.442
520.931
518.093
514.411
510.442
506.668
503.417
500.844
498.968
497.733
497.066
496.955
497.332
498.376
500.343
503.628
508.822
516.763
528.598
545.842
570.289
603.342
643.452
678.786
662.598
624.766
585.755
555.572
534.406
520.124
510.723
504.678
500.908
498.666
497.465
497.004
497.071
497.701
498.899
500.734
503.263
506.471
510.213
514.172
517.876
520.769
522.346
522.515
521.075
518.328
514.758
510.893
507.188
503.946
501.314
499.311
497.871
496.888
496.246
495.844
495.602
495.462
495.383
495.339
495.315
495.302
495.294
495.29
495.286
495.284
495.281
495.279
495.277
495.275
495.273
495.272
495.27
495.269
495.267
495.266
495.264
495.263
495.262
495.261
495.26
495.259
495.258
495.257
495.256
495.255
495.254
495.253
495.253
495.252
495.251
495.251
495.25
495.249
495.249
495.248
495.248
495.247
495.247
495.247
495.246
495.246
495.246
495.245
495.245
495.245
495.245
495.244
495.244
495.244
495.244
495.244
495.243
495.243
495.243
495.243
495.243
495.243
495.243
495.18
495.181
495.181
495.181
495.181
495.181
495.181
495.181
495.181
495.181
495.181
495.181
495.181
495.181
495.182
495.182
495.182
495.182
495.182
495.183
495.183
495.183
495.183
495.184
495.184
495.184
495.184
495.185
495.185
495.185
495.186
495.186
495.187
495.187
495.188
495.188
495.189
495.189
495.19
495.19
495.191
495.192
495.193
495.193
495.194
495.195
495.196
495.197
495.198
495.199
495.2
495.201
495.202
495.203
495.205
495.207
495.21
495.214
495.222
495.237
495.264
495.314
495.406
495.566
495.839
496.286
496.994
498.066
499.616
501.746
504.513
507.889
511.711
515.664
519.289
522.053
523.47
523.263
521.656
518.7
514.889
510.792
506.903
503.558
500.916
499
497.754
497.108
497.061
497.538
498.76
500.994
504.655
510.343
518.873
531.315
549.003
573.41
605.454
643.058
674.667
661.226
627.008
589.864
559.797
537.976
522.84
512.642
505.954
501.707
499.134
497.715
497.126
497.116
497.712
498.912
500.777
503.364
506.656
510.505
514.587
518.421
521.439
523.126
523.362
521.962
519.203
515.569
511.6
507.764
504.383
501.62
499.505
497.976
496.925
496.237
495.806
495.545
495.394
495.309
495.262
495.237
495.224
495.217
495.212
495.21
495.208
495.206
495.205
495.204
495.203
495.201
495.2
495.199
495.198
495.198
495.197
495.196
495.195
495.194
495.194
495.193
495.192
495.192
495.191
495.191
495.19
495.19
495.189
495.189
495.188
495.188
495.188
495.187
495.187
495.186
495.186
495.186
495.186
495.185
495.185
495.185
495.185
495.184
495.184
495.184
495.184
495.184
495.184
495.183
495.183
495.183
495.183
495.183
495.183
495.183
495.183
495.183
495.183
495.183
495.154
495.154
495.154
495.154
495.154
495.154
495.154
495.154
495.154
495.154
495.154
495.154
495.155
495.155
495.155
495.155
495.155
495.155
495.155
495.155
495.156
495.156
495.156
495.156
495.156
495.157
495.157
495.157
495.157
495.158
495.158
495.158
495.158
495.159
495.159
495.159
495.16
495.16
495.16
495.161
495.161
495.162
495.162
495.163
495.163
495.164
495.164
495.165
495.166
495.166
495.167
495.168
495.169
495.169
495.171
495.172
495.175
495.179
495.187
495.202
495.231
495.286
495.384
495.556
495.85
496.331
497.089
498.231
499.876
502.126
505.036
508.565
512.539
516.622
520.336
523.135
524.525
524.253
522.524
519.417
515.444
511.193
507.172
503.723
501.01
499.055
497.802
497.182
497.196
497.784
499.188
501.691
505.724
511.891
520.979
533.971
552.03
576.328
607.354
642.574
670.805
659.635
628.637
593.392
563.673
541.383
525.511
514.579
507.274
502.557
499.652
498.01
497.279
497.196
497.752
498.948
500.841
503.487
506.872
510.844
515.076
519.073
522.251
524.075
524.392
523.033
520.25
516.534
512.438
508.448
504.91
502.002
499.763
498.137
497.014
496.276
495.811
495.531
495.367
495.275
495.225
495.198
495.184
495.177
495.173
495.171
495.169
495.168
495.167
495.167
495.166
495.165
495.164
495.164
495.163
495.163
495.162
495.161
495.161
495.16
495.16
495.16
495.159
495.159
495.158
495.158
495.158
495.157
495.157
495.157
495.156
495.156
495.156
495.156
495.155
495.155
495.155
495.155
495.155
495.154
495.154
495.154
495.154
495.154
495.154
495.154
495.153
495.153
495.153
495.153
495.153
495.153
495.153
495.153
495.153
495.153
495.153
495.153
495.153
495.153
495.141
495.141
495.142
495.142
495.142
495.142
495.142
495.142
495.142
495.142
495.142
495.142
495.142
495.142
495.142
495.142
495.142
495.142
495.143
495.143
495.143
495.143
495.143
495.143
495.143
495.144
495.144
495.144
495.144
495.144
495.145
495.145
495.145
495.145
495.146
495.146
495.146
495.146
495.147
495.147
495.147
495.148
495.148
495.149
495.149
495.149
495.15
495.15
495.151
495.151
495.152
495.152
495.153
495.153
495.154
495.156
495.158
495.163
495.171
495.187
495.219
495.277
495.383
495.569
495.885
496.401
497.212
498.429
500.175
502.554
505.617
509.316
513.459
517.691
521.512
524.356
525.717
525.367
523.494
520.207
516.046
511.619
507.451
503.893
501.109
499.117
497.861
497.273
497.347
498.053
499.642
502.413
506.813
513.441
523.052
536.541
554.901
579.026
609.023
641.976
667.198
657.895
629.759
596.39
567.185
544.592
528.1
516.501
508.612
503.437
500.199
498.331
497.452
497.292
497.803
498.99
500.908
503.613
507.095
511.204
515.606
519.793
523.16
525.147
525.56
524.245
521.431
517.616
513.372
509.212
505.5
502.435
500.064
498.333
497.135
496.343
495.843
495.54
495.363
495.264
495.21
495.181
495.166
495.158
495.154
495.152
495.151
495.15
495.149
495.149
495.148
495.148
495.147
495.147
495.146
495.146
495.145
495.145
495.145
495.144
495.144
495.144
495.143
495.143
495.143
495.142
495.142
495.142
495.142
495.141
495.141
495.141
495.141
495.141
495.14
495.14
495.14
495.14
495.14
495.14
495.14
495.139
495.139
495.139
495.139
495.139
495.139
495.139
495.139
495.139
495.139
495.139
495.139
495.138
495.138
495.138
495.138
495.138
495.138
495.138
495.136
495.136
495.136
495.136
495.136
495.136
495.136
495.136
495.136
495.136
495.136
495.136
495.137
495.137
495.137
495.137
495.137
495.137
495.137
495.137
495.137
495.137
495.138
495.138
495.138
495.138
495.138
495.138
495.139
495.139
495.139
495.139
495.139
495.14
495.14
495.14
495.14
495.141
495.141
495.141
495.141
495.142
495.142
495.142
495.143
495.143
495.143
495.144
495.144
495.145
495.145
495.145
495.146
495.146
495.147
495.149
495.151
495.156
495.165
495.182
495.216
495.279
495.393
495.594
495.933
496.487
497.352
498.648
500.501
503.016
506.242
510.122
514.449
518.844
522.784
525.68
527.008
526.569
524.531
521.041
516.669
512.051
507.728
504.057
501.203
499.178
497.922
497.371
497.507
498.335
500.11
503.147
507.904
514.975
525.074
539.006
557.601
581.495
610.456
641.265
663.839
656.059
630.453
598.906
570.337
547.583
530.579
518.383
509.946
504.328
500.763
498.667
497.639
497.395
497.858
499.031
500.969
503.732
507.313
511.565
516.152
520.551
524.132
526.303
526.827
525.562
522.712
518.787
514.382
510.035
506.138
502.904
500.393
498.553
497.274
496.426
495.889
495.562
495.372
495.264
495.205
495.174
495.158
495.15
495.146
495.144
495.143
495.142
495.141
495.141
495.14
495.14
495.139
495.139
495.139
495.138
495.138
495.138
495.137
495.137
495.137
495.136
495.136
495.136
495.136
495.135
495.135
495.135
495.135
495.135
495.134
495.134
495.134
495.134
495.134
495.134
495.133
495.133
495.133
495.133
495.133
495.133
495.133
495.133
495.132
495.132
495.132
495.132
495.132
495.132
495.132
495.132
495.132
495.132
495.132
495.132
495.132
495.132
495.132
495.132
495.134
495.134
495.134
495.134
495.134
495.134
495.134
495.134
495.134
495.134
495.134
495.134
495.134
495.134
495.135
495.135
495.135
495.135
495.135
495.135
495.135
495.135
495.135
495.136
495.136
495.136
495.136
495.136
495.136
495.137
495.137
495.137
495.137
495.137
495.138
495.138
495.138
495.138
495.139
495.139
495.139
495.139
495.14
495.14
495.14
495.141
495.141
495.141
495.142
495.142
495.142
495.143
495.143
495.144
495.145
495.146
495.149
495.154
495.163
495.182
495.219
495.286
495.41
495.625
495.989
496.581
497.504
498.882
500.845
503.503
506.9
510.971
515.492
520.062
524.129
527.079
528.37
527.83
525.609
521.896
517.297
512.476
507.993
504.211
501.288
499.234
497.983
497.471
497.672
498.624
500.584
503.884
508.987
516.478
527.028
541.353
560.122
583.737
611.654
640.452
660.712
654.171
630.859
601.009
573.144
550.35
532.932
520.205
511.259
505.22
501.335
499.013
497.832
497.502
497.912
499.068
501.022
503.837
507.516
511.916
516.698
521.325
525.139
527.515
528.163
526.956
524.068
520.026
515.449
510.906
506.812
503.401
500.743
498.788
497.425
496.519
495.943
495.592
495.386
495.27
495.207
495.173
495.156
495.147
495.143
495.14
495.139
495.138
495.138
495.137
495.137
495.136
495.136
495.136
495.135
495.135
495.135
495.134
495.134
495.134
495.134
495.133
495.133
495.133
495.133
495.132
495.132
495.132
495.132
495.132
495.131
495.131
495.131
495.131
495.131
495.131
495.131
495.13
495.13
495.13
495.13
495.13
495.13
495.13
495.13
495.13
495.13
495.129
495.129
495.129
495.129
495.129
495.129
495.129
495.129
495.129
495.129
495.129
495.129
495.129
495.133
495.133
495.133
495.133
495.133
495.133
495.133
495.133
495.133
495.133
495.134
495.134
495.134
495.134
495.134
495.134
495.134
495.134
495.134
495.134
495.135
495.135
495.135
495.135
495.135
495.135
495.135
495.136
495.136
495.136
495.136
495.136
495.137
495.137
495.137
495.137
495.138
495.138
495.138
495.138
495.139
495.139
495.139
495.139
495.14
495.14
495.14
495.141
495.141
495.141
495.142
495.142
495.143
495.143
495.144
495.145
495.148
495.153
495.164
495.184
495.224
495.297
495.429
495.66
496.05
496.681
497.664
499.126
501.205
504.009
507.584
511.854
516.578
521.33
525.528
528.532
529.779
529.127
526.707
522.756
517.918
512.888
508.244
504.351
501.364
499.285
498.042
497.571
497.841
498.916
501.059
504.614
510.05
517.937
528.902
543.57
562.459
585.749
612.629
639.552
657.798
652.249
630.839
602.707
575.617
552.887
535.145
521.952
512.54
506.101
501.908
499.363
498.031
497.611
497.965
499.099
501.064
503.928
507.701
512.248
517.231
522.097
526.161
528.758
529.546
528.405
525.482
521.319
516.564
511.815
507.516
503.922
501.11
499.036
497.586
496.619
496.003
495.626
495.405
495.279
495.211
495.175
495.156
495.146
495.142
495.139
495.138
495.137
495.137
495.136
495.136
495.135
495.135
495.135
495.134
495.134
495.134
495.133
495.133
495.133
495.133
495.132
495.132
495.132
495.132
495.131
495.131
495.131
495.131
495.131
495.13
495.13
495.13
495.13
495.13
495.13
495.129
495.129
495.129
495.129
495.129
495.129
495.129
495.129
495.129
495.129
495.128
495.128
495.128
495.128
495.128
495.128
495.128
495.128
495.128
495.128
495.128
495.128
495.128
495.128
495.133
495.133
495.133
495.133
495.133
495.133
495.133
495.133
495.133
495.133
495.133
495.134
495.134
495.134
495.134
495.134
495.134
495.134
495.134
495.134
495.135
495.135
495.135
495.135
495.135
495.135
495.135
495.136
495.136
495.136
495.136
495.136
495.137
495.137
495.137
495.137
495.138
495.138
495.138
495.138
495.139
495.139
495.139
495.14
495.14
495.14
495.14
495.141
495.141
495.141
495.142
495.142
495.143
495.143
495.144
495.146
495.149
495.154
495.165
495.188
495.23
495.308
495.45
495.698
496.114
496.786
497.83
499.38
501.576
504.533
508.291
512.765
517.698
522.636
526.968
530.024
531.218
530.443
527.811
523.609
518.524
513.283
508.478
504.478
501.431
499.331
498.098
497.672
498.01
499.207
501.529
505.331
511.084
519.341
530.685
545.648
564.605
587.537
613.394
638.58
655.076
650.322
630.668
604.063
577.773
555.19
537.208
523.612
513.776
506.964
502.475
499.713
498.231
497.72
498.016
499.126
501.097
504.004
507.867
512.56
517.744
522.856
527.183
530.016
530.957
529.892
526.938
522.654
517.716
512.756
508.246
504.462
501.492
499.295
497.754
496.724
496.066
495.663
495.425
495.29
495.216
495.177
495.157
495.147
495.142
495.139
495.138
495.137
495.136
495.136
495.135
495.135
495.135
495.134
495.134
495.134
495.133
495.133
495.133
495.133
495.132
495.132
495.132
495.132
495.131
495.131
495.131
495.131
495.131
495.13
495.13
495.13
495.13
495.13
495.129
495.129
495.129
495.129
495.129
495.129
495.129
495.129
495.128
495.128
495.128
495.128
495.128
495.128
495.128
495.128
495.128
495.128
495.128
495.128
495.128
495.128
495.128
495.128
495.128
495.128
495.133
495.133
495.133
495.133
495.133
495.133
495.133
495.134
495.134
495.134
495.134
495.134
495.134
495.134
495.134
495.134
495.134
495.134
495.135
495.135
495.135
495.135
495.135
495.135
495.135
495.136
495.136
495.136
495.136
495.136
495.137
495.137
495.137
495.137
495.137
495.138
495.138
495.138
495.139
495.139
495.139
495.139
495.14
495.14
495.14
495.141
495.141
495.141
495.142
495.142
495.142
495.143
495.143
495.144
495.145
495.146
495.149
495.155
495.168
495.191
495.237
495.321
495.473
495.737
496.18
496.895
498.001
499.641
501.959
505.071
509.017
513.7
518.845
523.972
528.438
531.542
532.674
531.766
528.911
524.449
519.112
513.658
508.695
504.593
501.491
499.373
498.153
497.77
498.178
499.495
501.99
506.028
512.079
520.681
532.365
547.579
566.559
589.103
613.964
637.55
652.525
648.406
630.307
605.123
579.635
557.264
539.115
525.176
514.957
507.799
503.03
500.061
498.432
497.829
498.067
499.149
501.122
504.067
508.014
512.848
518.232
523.595
528.192
531.275
532.382
531.405
528.426
524.023
518.901
513.725
508.999
505.019
501.887
499.563
497.928
496.833
496.132
495.701
495.447
495.302
495.223
495.18
495.159
495.148
495.142
495.139
495.138
495.137
495.136
495.136
495.136
495.135
495.135
495.135
495.134
495.134
495.134
495.133
495.133
495.133
495.132
495.132
495.132
495.132
495.131
495.131
495.131
495.131
495.131
495.13
495.13
495.13
495.13
495.13
495.13
495.129
495.129
495.129
495.129
495.129
495.129
495.129
495.128
495.128
495.128
495.128
495.128
495.128
495.128
495.128
495.128
495.128
495.128
495.128
495.128
495.128
495.128
495.128
495.128
495.128
495.134
495.134
495.134
495.134
495.134
495.134
495.134
495.134
495.134
495.134
495.134
495.134
495.134
495.134
495.134
495.134
495.135
495.135
495.135
495.135
495.135
495.135
495.135
495.136
495.136
495.136
495.136
495.136
495.137
495.137
495.137
495.137
495.137
495.138
495.138
495.138
495.138
495.139
495.139
495.139
495.14
495.14
495.14
495.14
495.141
495.141
495.141
495.142
495.142
495.142
495.143
495.143
495.144
495.144
495.145
495.147
495.15
495.157
495.17
495.195
495.244
495.334
495.496
495.778
496.249
497.007
498.178
499.909
502.352
505.623
509.759
514.656
520.016
525.333
529.93
533.076
534.138
533.087
529.998
525.27
519.678
514.014
508.897
504.697
501.544
499.411
498.206
497.867
498.344
499.776
502.437
506.697
513.028
521.945
533.934
549.356
568.32
590.456
614.355
636.473
650.124
646.512
629.778
605.917
581.226
559.114
540.861
526.635
516.075
508.599
503.568
500.401
498.631
497.936
498.116
499.169
501.141
504.119
508.144
513.112
518.695
524.308
529.183
532.526
533.812
532.934
529.938
525.419
520.112
514.719
509.773
505.593
502.293
499.839
498.109
496.947
496.2
495.741
495.469
495.315
495.229
495.184
495.161
495.149
495.143
495.14
495.138
495.137
495.137
495.136
495.136
495.136
495.135
495.135
495.135
495.134
495.134
495.134
495.133
495.133
495.133
495.132
495.132
495.132
495.132
495.131
495.131
495.131
495.131
495.131
495.13
495.13
495.13
495.13
495.13
495.13
495.129
495.129
495.129
495.129
495.129
495.129
495.129
495.129
495.128
495.128
495.128
495.128
495.128
495.128
495.128
495.128
495.128
495.128
495.128
495.128
495.128
495.128
495.128
495.128
495.134
495.134
495.134
495.134
495.134
495.134
495.134
495.134
495.134
495.134
495.134
495.134
495.134
495.135
495.135
495.135
495.135
495.135
495.135
495.135
495.135
495.136
495.136
495.136
495.136
495.136
495.137
495.137
495.137
495.137
495.137
495.138
495.138
495.138
495.138
495.139
495.139
495.139
495.139
495.14
495.14
495.14
495.141
495.141
495.141
495.142
495.142
495.142
495.143
495.143
495.143
495.144
495.144
495.145
495.146
495.148
495.151
495.158
495.172
495.199
495.251
495.347
495.52
495.819
496.319
497.121
498.358
500.184
502.753
506.186
510.517
515.629
521.206
526.712
531.438
534.62
535.604
534.4
531.068
526.069
520.222
514.351
509.085
504.792
501.592
499.447
498.257
497.961
498.504
500.046
502.864
507.333
513.921
523.124
535.382
550.973
569.886
591.605
614.602
635.357
647.855
644.643
629.108
606.475
582.564
560.746
542.444
527.981
517.122
509.356
504.084
500.731
498.826
498.041
498.165
499.187
501.155
504.161
508.258
513.355
519.13
524.993
530.149
533.761
535.24
534.471
531.467
526.837
521.347
515.734
510.565
506.182
502.712
500.124
498.295
497.064
496.271
495.783
495.493
495.327
495.236
495.188
495.163
495.15
495.143
495.14
495.139
495.138
495.137
495.137
495.136
495.136
495.135
495.135
495.135
495.134
495.134
495.134
495.134
495.133
495.133
495.133
495.132
495.132
495.132
495.132
495.131
495.131
495.131
495.131
495.131
495.13
495.13
495.13
495.13
495.13
495.13
495.129
495.129
495.129
495.129
495.129
495.129
495.129
495.129
495.128
495.128
495.128
495.128
495.128
495.128
495.128
495.128
495.128
495.128
495.128
495.128
495.128
495.128
495.128
495.134
495.134
495.134
495.134
495.134
495.134
495.134
495.134
495.134
495.134
495.134
495.135
495.135
495.135
495.135
495.135
495.135
495.135
495.135
495.135
495.136
495.136
495.136
495.136
495.136
495.137
495.137
495.137
495.137
495.137
495.138
495.138
495.138
495.138
495.139
495.139
495.139
495.139
495.14
495.14
495.14
495.141
495.141
495.141
495.142
495.142
495.142
495.143
495.143
495.143
495.144
495.144
495.144
495.145
495.146
495.148
495.152
495.159
495.174
495.203
495.259
495.361
495.544
495.862
496.39
497.238
498.543
500.464
503.162
506.759
511.286
516.616
522.412
528.106
532.957
536.17
537.065
535.7
532.118
526.844
520.744
514.668
509.259
504.878
501.635
499.479
498.305
498.05
498.657
500.303
503.266
507.926
514.749
524.209
536.7
552.423
571.254
592.54
614.623
634.201
645.696
642.802
628.321
606.824
583.667
562.167
543.859
529.209
518.089
510.065
504.571
501.045
499.014
498.143
498.212
499.204
501.164
504.194
508.357
513.576
519.537
525.648
531.088
534.977
536.659
536.012
533.008
528.273
522.602
516.769
511.374
506.784
503.14
500.415
498.486
497.184
496.344
495.825
495.517
495.341
495.243
495.191
495.164
495.151
495.144
495.141
495.139
495.138
495.137
495.137
495.136
495.136
495.136
495.135
495.135
495.135
495.134
495.134
495.134
495.133
495.133
495.133
495.133
495.132
495.132
495.132
495.132
495.131
495.131
495.131
495.131
495.131
495.13
495.13
495.13
495.13
495.13
495.129
495.129
495.129
495.129
495.129
495.129
495.129
495.129
495.129
495.128
495.128
495.128
495.128
495.128
495.128
495.128
495.128
495.128
495.128
495.128
495.128
495.128
495.128
495.134
495.134
495.134
495.134
495.134
495.134
495.134
495.134
495.134
495.134
495.134
495.134
495.134
495.135
495.135
495.135
495.135
495.135
495.135
495.135
495.135
495.136
495.136
495.136
495.136
495.136
495.137
495.137
495.137
495.137
495.137
495.138
495.138
495.138
495.138
495.139
495.139
495.139
495.139
495.14
495.14
495.14
495.141
495.141
495.141
495.142
495.142
495.142
495.143
495.143
495.143
495.144
495.144
495.145
495.146
495.148
495.152
495.16
495.176
495.207
495.265
495.374
495.569
495.904
496.463
497.356
498.729
500.747
503.576
507.34
512.066
517.616
523.63
529.512
534.483
537.72
538.519
536.983
533.145
527.593
521.241
514.966
509.419
504.955
501.672
499.507
498.349
498.132
498.799
500.541
503.636
508.471
515.504
525.19
537.88
553.7
572.425
593.281
614.544
633.012
643.63
640.989
627.434
606.971
584.544
563.38
545.105
530.309
518.97
510.717
505.024
501.34
499.192
498.238
498.256
499.217
501.168
504.219
508.442
513.776
519.917
526.272
531.997
536.17
538.067
537.55
534.556
529.723
523.874
517.819
512.197
507.397
503.576
500.713
498.68
497.306
496.418
495.868
495.541
495.354
495.25
495.195
495.166
495.151
495.144
495.141
495.139
495.138
495.137
495.137
495.136
495.136
495.135
495.135
495.135
495.134
495.134
495.134
495.134
495.133
495.133
495.133
495.132
495.132
495.132
495.132
495.131
495.131
495.131
495.131
495.131
495.13
495.13
495.13
495.13
495.13
495.13
495.129
495.129
495.129
495.129
495.129
495.129
495.129
495.128
495.128
495.128
495.128
495.128
495.128
495.128
495.128
495.128
495.128
495.128
495.128
495.128
495.128
495.128
495.128
495.133
495.133
495.133
495.133
495.133
495.133
495.133
495.133
495.133
495.133
495.133
495.133
495.133
495.134
495.134
495.134
495.134
495.134
495.134
495.134
495.134
495.135
495.135
495.135
495.135
495.135
495.135
495.136
495.136
495.136
495.136
495.136
495.137
495.137
495.137
495.137
495.138
495.138
495.138
495.138
495.139
495.139
495.139
495.139
495.14
495.14
495.14
495.141
495.141
495.141
495.142
495.142
495.142
495.143
495.144
495.146
495.15
495.159
495.176
495.208
495.271
495.386
495.592
495.946
496.534
497.475
498.917
501.033
503.994
507.926
512.853
518.624
524.858
530.925
536.013
539.267
539.962
538.248
534.146
528.314
521.713
515.243
509.564
505.021
501.701
499.528
498.385
498.202
498.926
500.755
503.969
508.958
516.176
526.058
538.913
554.801
573.401
593.837
614.337
631.794
641.64
639.199
626.457
606.92
585.204
564.389
546.179
531.277
519.755
511.306
505.436
501.61
499.355
498.323
498.294
499.225
501.167
504.233
508.512
513.954
520.269
526.863
532.873
537.336
539.459
539.084
536.108
531.182
525.158
518.883
513.031
508.019
504.019
501.015
498.878
497.43
496.493
495.912
495.565
495.366
495.256
495.197
495.167
495.151
495.143
495.14
495.138
495.137
495.136
495.136
495.135
495.135
495.135
495.134
495.134
495.134
495.133
495.133
495.133
495.132
495.132
495.132
495.132
495.131
495.131
495.131
495.131
495.13
495.13
495.13
495.13
495.13
495.129
495.129
495.129
495.129
495.129
495.129
495.129
495.128
495.128
495.128
495.128
495.128
495.128
495.128
495.128
495.128
495.127
495.127
495.127
495.127
495.127
495.127
495.127
495.127
495.127
495.127
495.127
495.127
495.13
495.13
495.13
495.13
495.13
495.13
495.13
495.13
495.13
495.13
495.131
495.131
495.131
495.131
495.131
495.131
495.131
495.131
495.131
495.131
495.131
495.132
495.132
495.132
495.132
495.132
495.132
495.132
495.132
495.133
495.133
495.133
495.133
495.133
495.133
495.134
495.134
495.134
495.134
495.134
495.135
495.135
495.135
495.135
495.135
495.136
495.136
495.136
495.136
495.136
495.137
495.137
495.137
495.138
495.139
495.141
495.145
495.154
495.172
495.207
495.273
495.394
495.611
495.985
496.604
497.591
499.103
501.318
504.412
508.514
513.644
519.637
526.091
532.343
537.544
540.809
541.392
539.49
535.118
529.005
522.156
515.497
509.689
505.072
501.716
499.537
498.405
498.255
499.03
500.936
504.255
509.379
516.755
526.802
539.791
555.72
574.184
594.214
613.996
630.544
639.714
637.431
625.407
606.739
585.668
565.198
547.079
532.106
520.436
511.821
505.798
501.848
499.497
498.394
498.321
499.224
501.155
504.236
508.565
514.109
520.591
527.419
533.714
538.472
540.835
540.608
537.66
532.649
526.452
519.957
513.874
508.648
504.466
501.319
499.076
497.554
496.567
495.954
495.588
495.377
495.26
495.198
495.165
495.149
495.141
495.137
495.135
495.134
495.133
495.133
495.132
495.132
495.132
495.131
495.131
495.131
495.131
495.13
495.13
495.13
495.13
495.129
495.129
495.129
495.129
495.129
495.128
495.128
495.128
495.128
495.128
495.128
495.127
495.127
495.127
495.127
495.127
495.127
495.126
495.126
495.126
495.126
495.126
495.126
495.126
495.126
495.126
495.126
495.126
495.125
495.125
495.125
495.125
495.125
495.125
495.125
495.125
495.125
495.125
495.125
495.123
495.123
495.123
495.123
495.123
495.123
495.123
495.124
495.124
495.124
495.124
495.124
495.124
495.124
495.124
495.124
495.124
495.124
495.124
495.124
495.124
495.124
495.124
495.124
495.124
495.124
495.124
495.124
495.124
495.124
495.124
495.124
495.124
495.124
495.124
495.124
495.124
495.124
495.124
495.124
495.124
495.124
495.124
495.124
495.124
495.124
495.124
495.124
495.125
495.125
495.125
495.125
495.125
495.125
495.126
495.129
495.133
495.142
495.161
495.198
495.267
495.395
495.623
496.016
496.666
497.701
499.283
501.598
504.826
509.1
514.433
520.652
527.327
533.763
539.072
542.343
542.807
540.707
536.058
529.662
522.566
515.72
509.789
505.099
501.712
499.525
498.405
498.279
499.098
501.072
504.482
509.72
517.229
527.411
540.504
556.448
574.765
594.405
613.526
629.262
637.836
635.682
624.289
606.409
585.951
565.813
547.801
532.789
521.004
512.252
506.1
502.041
499.606
498.439
498.329
499.205
501.126
504.219
508.594
514.235
520.879
527.938
534.518
539.577
542.191
542.12
539.21
534.119
527.753
521.038
514.722
509.279
504.914
501.623
499.272
497.675
496.637
495.992
495.605
495.383
495.26
495.193
495.159
495.142
495.133
495.129
495.127
495.126
495.126
495.125
495.125
495.125
495.125
495.124
495.124
495.124
495.124
495.124
495.124
495.124
495.123
495.123
495.123
495.123
495.123
495.123
495.123
495.123
495.122
495.122
495.122
495.122
495.122
495.122
495.122
495.122
495.122
495.122
495.122
495.121
495.121
495.121
495.121
495.121
495.121
495.121
495.121
495.121
495.121
495.121
495.121
495.121
495.121
495.121
495.121
495.121
495.121
495.121
495.121
495.121
495.108
495.108
495.108
495.108
495.108
495.108
495.108
495.108
495.108
495.108
495.108
495.108
495.108
495.108
495.107
495.107
495.107
495.107
495.107
495.107
495.107
495.107
495.106
495.106
495.106
495.106
495.106
495.105
495.105
495.105
495.105
495.104
495.104
495.104
495.104
495.103
495.103
495.103
495.102
495.102
495.102
495.101
495.101
495.101
495.1
495.1
495.099
495.099
495.099
495.098
495.098
495.098
495.098
495.098
495.099
495.101
495.105
495.115
495.135
495.173
495.247
495.382
495.621
496.033
496.714
497.798
499.451
501.866
505.23
509.677
515.217
521.663
528.56
535.18
540.595
543.864
544.204
541.895
536.961
530.277
522.935
515.904
509.851
505.092
501.67
499.475
498.363
498.26
499.117
501.143
504.631
509.965
517.583
527.872
541.04
556.98
575.141
594.382
612.928
627.948
635.994
633.945
623.107
605.928
586.003
566.221
548.34
533.316
521.448
512.586
506.326
502.172
499.663
498.447
498.303
499.153
501.066
504.172
508.592
514.325
521.126
528.414
535.279
540.644
543.528
543.614
540.753
535.59
529.056
522.119
515.569
509.908
505.358
501.92
499.461
497.788
496.699
496.02
495.613
495.379
495.249
495.179
495.143
495.125
495.116
495.112
495.11
495.109
495.109
495.109
495.109
495.109
495.109
495.109
495.109
495.109
495.109
495.109
495.109
495.109
495.109
495.109
495.109
495.11
495.11
495.11
495.11
495.11
495.11
495.11
495.11
495.11
495.11
495.11
495.11
495.11
495.11
495.11
495.11
495.11
495.11
495.11
495.11
495.11
495.11
495.11
495.11
495.11
495.11
495.11
495.11
495.11
495.11
495.11
495.11
495.11
495.11
495.11
495.11
495.11
495.075
495.075
495.075
495.075
495.075
495.075
495.075
495.075
495.075
495.074
495.074
495.074
495.074
495.073
495.073
495.073
495.072
495.072
495.071
495.071
495.07
495.07
495.069
495.069
495.068
495.067
495.067
495.066
495.065
495.064
495.064
495.063
495.062
495.061
495.06
495.059
495.058
495.057
495.056
495.055
495.054
495.053
495.052
495.051
495.049
495.048
495.047
495.046
495.045
495.044
495.043
495.042
495.041
495.041
495.041
495.042
495.047
495.057
495.077
495.118
495.196
495.338
495.59
496.022
496.735
497.868
499.595
502.113
505.615
510.237
515.988
522.663
529.786
536.591
542.11
545.371
545.581
543.049
537.82
530.843
523.25
516.034
509.857
505.025
501.566
499.356
498.249
498.163
499.056
501.136
504.684
510.092
517.799
528.17
541.388
557.304
575.304
594.222
612.213
626.596
634.178
632.215
621.864
605.311
585.906
566.438
548.689
533.677
521.752
512.803
506.452
502.223
499.655
498.389
498.213
499.042
500.95
504.073
508.54
514.366
521.323
528.838
535.993
541.67
544.839
545.089
542.287
537.056
530.356
523.197
516.409
510.527
505.789
502.203
499.635
497.883
496.742
496.03
495.603
495.356
495.219
495.145
495.107
495.088
495.079
495.075
495.073
495.073
495.073
495.073
495.074
495.074
495.075
495.075
495.076
495.076
495.077
495.078
495.078
495.079
495.079
495.08
495.08
495.081
495.081
495.081
495.082
495.082
495.083
495.083
495.083
495.084
495.084
495.084
495.084
495.085
495.085
495.085
495.085
495.086
495.086
495.086
495.086
495.086
495.087
495.087
495.087
495.087
495.087
495.087
495.087
495.087
495.087
495.088
495.088
495.088
495.088
495.088
495.088
495.088
495.009
495.009
495.009
495.009
495.009
495.008
495.008
495.008
495.007
495.007
495.006
495.005
495.005
495.004
495.003
495.002
495.001
495
494.999
494.998
494.997
494.996
494.994
494.993
494.991
494.99
494.988
494.987
494.985
494.983
494.981
494.979
494.977
494.975
494.973
494.971
494.969
494.966
494.964
494.962
494.959
494.957
494.954
494.951
494.949
494.946
494.944
494.941
494.938
494.936
494.934
494.931
494.929
494.928
494.927
494.928
494.932
494.942
494.963
495.006
495.089
495.239
495.505
495.96
496.708
497.892
499.695
502.321
505.966
510.769
516.735
523.646
530.999
537.991
543.612
546.859
546.934
544.162
538.626
531.346
523.495
516.085
509.777
504.862
501.355
499.123
498.012
497.94
498.865
500.994
504.605
510.085
517.859
528.288
541.531
557.402
575.254
593.883
611.38
625.202
632.377
630.485
620.558
604.564
585.637
566.432
548.836
533.858
521.898
512.884
506.461
502.159
499.528
498.217
498.016
498.831
500.741
503.888
508.41
514.336
521.453
529.199
536.649
542.651
546.115
546.544
543.81
538.515
531.648
524.265
517.235
511.127
506.197
502.46
499.778
497.946
496.752
496.005
495.556
495.296
495.151
495.073
495.033
495.013
495.004
495
494.999
495
495.001
495.002
495.003
495.005
495.006
495.008
495.009
495.011
495.012
495.014
495.015
495.016
495.018
495.019
495.02
495.021
495.023
495.024
495.025
495.026
495.027
495.028
495.029
495.03
495.03
495.031
495.032
495.033
495.034
495.034
495.035
495.035
495.036
495.037
495.037
495.038
495.038
495.038
495.039
495.039
495.039
495.04
495.04
495.04
495.041
495.041
495.041
495.041
495.041
495.041
495.041
495.041
494.881
494.881
494.881
494.881
494.88
494.88
494.879
494.878
494.877
494.876
494.875
494.874
494.872
494.871
494.869
494.867
494.865
494.863
494.861
494.859
494.856
494.854
494.851
494.848
494.845
494.842
494.839
494.836
494.832
494.828
494.825
494.821
494.817
494.812
494.808
494.804
494.799
494.795
494.79
494.785
494.78
494.775
494.77
494.765
494.76
494.754
494.749
494.744
494.739
494.734
494.729
494.725
494.72
494.717
494.714
494.714
494.717
494.726
494.749
494.795
494.882
495.043
495.326
495.807
496.595
497.839
499.724
502.464
506.262
511.256
517.446
524.602
532.192
539.376
545.098
548.321
548.261
545.224
539.366
531.767
523.643
516.022
509.563
504.546
500.973
498.704
497.581
497.518
498.478
500.658
504.335
509.887
517.729
528.209
541.47
557.307
575.031
593.366
610.428
623.759
630.581
628.748
619.188
603.686
585.186
566.265
548.785
533.841
521.862
512.791
506.294
501.919
499.225
497.87
497.645
498.454
500.38
503.566
508.159
514.2
521.491
529.482
537.236
543.576
547.352
547.974
545.316
539.961
532.926
525.312
518.035
511.695
506.566
502.671
499.87
497.955
496.702
495.916
495.443
495.168
495.015
494.932
494.89
494.87
494.861
494.858
494.858
494.86
494.862
494.865
494.868
494.871
494.874
494.878
494.881
494.884
494.887
494.89
494.893
494.896
494.899
494.901
494.904
494.907
494.909
494.912
494.914
494.916
494.918
494.92
494.922
494.924
494.926
494.928
494.93
494.931
494.933
494.934
494.936
494.937
494.938
494.94
494.941
494.942
494.943
494.944
494.944
494.945
494.946
494.947
494.947
494.948
494.948
494.949
494.949
494.949
494.95
494.95
494.95
494.95
494.647
494.647
494.647
494.646
494.645
494.644
494.643
494.641
494.639
494.637
494.635
494.633
494.63
494.627
494.624
494.621
494.617
494.613
494.609
494.605
494.6
494.595
494.59
494.585
494.58
494.574
494.568
494.561
494.555
494.548
494.541
494.534
494.526
494.519
494.511
494.503
494.494
494.486
494.477
494.468
494.459
494.45
494.44
494.431
494.421
494.412
494.402
494.393
494.384
494.375
494.366
494.357
494.349
494.342
494.337
494.334
494.335
494.344
494.367
494.416
494.511
494.685
494.989
495.503
496.341
497.656
499.64
502.509
506.474
511.674
518.104
525.517
533.356
540.738
546.564
549.755
549.551
546.227
540.025
532.082
523.654
515.794
509.152
503.999
500.33
498.002
496.855
496.8
497.8
500.046
503.805
509.445
517.368
527.909
541.197
557.001
574.594
592.67
609.354
622.26
628.779
626.994
617.75
602.676
584.551
565.886
548.536
533.625
521.613
512.474
505.892
501.429
498.662
497.255
497.009
497.822
499.782
503.034
507.727
513.912
521.403
529.662
537.742
544.435
548.543
549.374
546.802
541.389
534.182
526.33
518.795
512.211
506.873
502.808
499.879
497.869
496.55
495.719
495.217
494.924
494.76
494.672
494.628
494.607
494.6
494.598
494.601
494.605
494.61
494.616
494.621
494.627
494.633
494.639
494.645
494.651
494.657
494.663
494.669
494.674
494.679
494.685
494.69
494.695
494.7
494.704
494.709
494.713
494.717
494.721
494.725
494.729
494.733
494.736
494.739
494.743
494.746
494.748
494.751
494.754
494.756
494.759
494.761
494.763
494.765
494.766
494.768
494.77
494.771
494.772
494.773
494.775
494.775
494.776
494.777
494.778
494.778
494.778
494.779
494.779
494.239
494.239
494.238
494.237
494.235
494.234
494.231
494.229
494.225
494.222
494.218
494.214
494.209
494.204
494.199
494.193
494.186
494.18
494.173
494.165
494.157
494.149
494.14
494.131
494.121
494.111
494.1
494.09
494.078
494.067
494.054
494.042
494.029
494.016
494.002
493.988
493.973
493.959
493.943
493.928
493.913
493.897
493.881
493.865
493.848
493.832
493.816
493.8
493.784
493.768
493.753
493.738
493.725
493.712
493.701
493.694
493.692
493.7
493.724
493.777
493.882
494.072
494.405
494.963
495.865
497.27
499.376
502.403
506.561
511.993
518.686
526.377
534.481
542.073
548.003
551.158
550.794
547.159
540.582
532.261
523.489
515.337
508.457
503.117
499.309
496.892
495.706
495.659
496.715
499.052
502.926
508.689
516.723
527.346
540.671
556.45
573.933
591.793
608.153
620.698
626.96
625.215
616.239
601.532
583.731
565.286
548.049
533.159
521.102
511.872
505.174
500.595
497.73
496.258
495.989
496.818
498.838
502.193
507.032
513.408
521.144
529.702
538.144
545.216
549.679
550.739
548.262
542.791
535.407
527.305
519.496
512.651
507.083
502.831
499.754
497.632
496.233
495.347
494.807
494.492
494.315
494.22
494.174
494.153
494.147
494.149
494.155
494.163
494.173
494.183
494.193
494.204
494.214
494.225
494.235
494.246
494.256
494.266
494.276
494.286
494.296
494.305
494.314
494.323
494.332
494.34
494.348
494.356
494.363
494.371
494.377
494.384
494.391
494.397
494.403
494.408
494.414
494.419
494.424
494.428
494.433
494.437
494.441
494.445
494.448
494.451
494.454
494.457
494.46
494.462
494.464
494.466
494.468
494.469
494.47
494.471
494.472
494.473
494.473
494.473
493.565
493.564
493.563
493.561
493.558
493.555
493.551
493.547
493.542
493.536
493.529
493.522
493.515
493.506
493.497
493.487
493.477
493.466
493.454
493.442
493.429
493.415
493.401
493.386
493.37
493.353
493.336
493.318
493.3
493.281
493.261
493.24
493.219
493.198
493.175
493.152
493.129
493.105
493.081
493.056
493.031
493.005
492.979
492.953
492.927
492.9
492.874
492.848
492.823
492.797
492.773
492.749
492.727
492.706
492.688
492.674
492.667
492.672
492.697
492.755
492.872
493.087
493.458
494.076
495.064
496.588
498.85
502.074
506.469
512.174
519.165
527.165
535.555
543.371
549.412
552.521
551.979
548.004
541.011
532.247
523.08
514.567
507.375
501.778
497.777
495.235
493.994
493.958
495.089
497.554
501.593
507.533
515.732
526.479
539.871
555.647
573.047
590.732
606.826
619.066
625.113
623.401
614.651
600.253
582.725
564.462
547.31
532.415
520.277
510.909
504.045
499.303
496.303
494.744
494.447
495.306
497.417
500.925
505.972
512.607
520.652
529.571
538.419
545.907
550.748
552.062
549.689
544.162
536.589
528.22
520.116
512.981
507.154
502.681
499.425
497.166
495.664
494.706
494.118
493.773
493.578
493.475
493.426
493.406
493.403
493.41
493.422
493.436
493.452
493.469
493.487
493.504
493.522
493.539
493.557
493.574
493.592
493.609
493.625
493.641
493.657
493.673
493.688
493.703
493.717
493.731
493.745
493.758
493.77
493.782
493.794
493.805
493.816
493.826
493.836
493.846
493.855
493.864
493.872
493.88
493.887
493.894
493.901
493.907
493.913
493.918
493.923
493.928
493.932
493.936
493.94
493.943
493.946
493.948
493.95
493.952
493.954
493.955
493.955
493.956
492.505
492.504
492.502
492.499
492.495
492.49
492.484
492.477
492.469
492.46
492.45
492.439
492.427
492.414
492.4
492.385
492.369
492.352
492.334
492.314
492.294
492.273
492.25
492.227
492.203
492.177
492.151
492.123
492.095
492.065
492.035
492.003
491.971
491.937
491.903
491.868
491.832
491.795
491.758
491.72
491.681
491.642
491.603
491.563
491.523
491.483
491.443
491.403
491.364
491.326
491.288
491.252
491.217
491.185
491.156
491.133
491.118
491.12
491.144
491.209
491.342
491.588
492.011
492.709
493.813
495.496
497.963
501.44
506.131
512.163
519.508
527.858
536.567
544.624
550.782
553.84
553.098
548.746
541.289
532.032
522.368
513.397
505.797
499.86
495.602
492.895
491.583
491.565
492.796
495.433
499.697
505.888
514.327
525.267
538.777
554.588
571.939
589.489
605.369
617.357
623.228
621.545
612.98
598.837
581.531
563.411
546.305
531.359
519.079
509.502
502.4
497.432
494.251
492.578
492.246
493.149
495.388
499.105
504.436
511.418
519.861
529.221
538.533
546.489
551.741
553.335
551.079
545.492
537.719
529.059
520.625
513.16
507.026
502.286
498.807
496.37
494.734
493.68
493.028
492.642
492.425
492.311
492.258
492.241
492.243
492.257
492.277
492.301
492.327
492.353
492.381
492.408
492.436
492.464
492.491
492.519
492.546
492.572
492.598
492.624
492.649
492.674
492.697
492.721
492.743
492.765
492.786
492.807
492.827
492.846
492.864
492.882
492.899
492.916
492.931
492.947
492.961
492.975
492.988
493
493.012
493.023
493.034
493.044
493.053
493.062
493.07
493.077
493.084
493.09
493.096
493.101
493.106
493.11
493.113
493.116
493.118
493.12
493.121
493.122
490.928
490.927
490.924
490.92
490.914
490.906
490.898
490.887
490.875
490.862
490.847
490.831
490.813
490.794
490.773
490.751
490.728
490.702
490.676
490.647
490.618
490.586
490.554
490.519
490.484
490.446
490.408
490.367
490.326
490.283
490.238
490.193
490.145
490.097
490.047
489.997
489.945
489.891
489.837
489.782
489.727
489.67
489.613
489.556
489.498
489.44
489.383
489.326
489.269
489.213
489.159
489.106
489.056
489.009
488.966
488.93
488.905
488.9
488.923
488.996
489.149
489.435
489.925
490.728
491.984
493.874
496.609
500.411
505.477
511.918
519.681
528.436
537.502
545.826
552.108
555.105
554.137
549.365
541.369
531.538
521.282
511.741
503.626
497.261
492.684
489.777
488.38
488.386
489.744
492.597
497.149
503.672
512.442
523.663
537.366
553.267
570.609
588.066
603.78
615.567
621.297
619.637
611.222
597.284
580.153
562.129
545.019
529.954
517.447
507.57
500.146
494.882
491.472
489.655
489.281
490.239
492.639
496.625
502.323
509.753
518.7
528.596
538.448
546.94
552.645
554.55
552.423
546.775
538.783
529.8
520.991
513.136
506.637
501.563
497.798
495.13
493.318
492.138
491.401
490.962
490.715
490.587
490.532
490.517
490.527
490.551
490.583
490.62
490.658
490.698
490.739
490.78
490.822
490.863
490.904
490.944
490.985
491.024
491.063
491.101
491.138
491.175
491.21
491.245
491.278
491.311
491.343
491.373
491.403
491.432
491.459
491.486
491.511
491.536
491.56
491.582
491.604
491.625
491.644
491.663
491.681
491.697
491.713
491.728
491.742
491.755
491.768
491.779
491.789
491.799
491.807
491.815
491.822
491.828
491.833
491.837
491.841
491.843
491.845
491.846
488.703
488.701
488.697
488.691
488.683
488.673
488.66
488.646
488.629
488.611
488.59
488.568
488.543
488.516
488.487
488.456
488.423
488.388
488.351
488.312
488.271
488.227
488.182
488.135
488.085
488.034
487.98
487.925
487.867
487.808
487.747
487.684
487.619
487.553
487.485
487.415
487.344
487.271
487.197
487.122
487.046
486.969
486.891
486.813
486.734
486.655
486.577
486.499
486.421
486.345
486.271
486.199
486.129
486.064
486.004
485.952
485.914
485.899
485.922
486.002
486.18
486.514
487.088
488.021
489.468
491.621
494.695
498.908
504.442
511.384
519.643
528.877
538.35
546.968
553.383
556.309
555.087
549.844
541.243
530.733
519.77
509.54
500.807
493.937
488.992
485.858
484.37
484.405
485.908
489.01
493.905
500.835
510.029
521.63
535.616
551.676
569.061
586.467
602.059
613.69
619.31
617.671
609.375
595.596
578.592
560.614
543.435
528.166
515.332
505.054
497.221
491.599
487.916
485.933
485.509
486.531
489.119
493.423
499.564
507.542
517.108
527.656
538.159
547.246
553.451
555.701
553.716
548.002
539.769
530.424
521.184
512.872
505.918
500.425
496.298
493.334
491.295
489.952
489.106
488.6
488.315
488.171
488.113
488.102
488.123
488.161
488.209
488.261
488.316
488.373
488.431
488.489
488.547
488.605
488.663
488.72
488.776
488.831
488.886
488.94
488.992
489.043
489.093
489.142
489.189
489.235
489.28
489.323
489.365
489.406
489.445
489.483
489.519
489.554
489.587
489.619
489.65
489.679
489.707
489.734
489.759
489.783
489.806
489.827
489.847
489.866
489.883
489.899
489.914
489.928
489.94
489.951
489.961
489.969
489.977
489.983
489.988
489.991
489.994
489.995
485.729
485.726
485.721
485.713
485.702
485.688
485.672
485.653
485.631
485.607
485.58
485.55
485.517
485.482
485.444
485.403
485.36
485.314
485.265
485.213
485.159
485.102
485.043
484.981
484.916
484.849
484.779
484.706
484.632
484.554
484.475
484.393
484.308
484.222
484.134
484.043
483.951
483.857
483.761
483.664
483.566
483.466
483.366
483.265
483.163
483.062
482.961
482.86
482.76
482.662
482.566
482.472
482.382
482.296
482.217
482.147
482.094
482.068
482.089
482.178
482.383
482.772
483.445
484.533
486.21
488.68
492.165
496.879
502.982
510.528
519.391
529.17
539.102
548.045
554.602
557.446
555.938
550.173
540.892
529.593
517.807
506.782
497.35
489.924
484.586
481.218
479.636
479.703
481.357
484.722
489.988
497.377
507.072
519.15
533.516
549.816
567.301
584.698
600.208
611.725
617.262
615.64
607.437
593.777
576.855
558.868
541.544
525.972
512.707
501.936
493.624
487.599
483.622
481.462
480.984
482.074
484.862
489.515
496.153
504.762
515.053
526.367
537.621
547.388
554.149
556.778
554.951
549.167
540.669
530.913
521.163
512.314
504.81
498.802
494.224
490.891
488.571
487.027
486.048
485.46
485.131
484.968
484.907
484.902
484.937
484.991
485.056
485.128
485.202
485.278
485.356
485.433
485.511
485.588
485.665
485.741
485.816
485.89
485.962
486.033
486.103
486.171
486.238
486.303
486.366
486.428
486.487
486.545
486.601
486.656
486.708
486.758
486.807
486.854
486.899
486.942
486.983
487.023
487.061
487.096
487.13
487.163
487.193
487.222
487.249
487.274
487.298
487.319
487.339
487.358
487.374
487.389
487.402
487.414
487.424
487.432
487.439
487.444
487.447
487.449
481.963
481.959
481.953
481.942
481.929
481.912
481.891
481.868
481.841
481.81
481.776
481.739
481.698
481.654
481.607
481.556
481.502
481.444
481.384
481.32
481.252
481.182
481.108
481.031
480.951
480.867
480.781
480.692
480.599
480.504
480.406
480.305
480.201
480.095
479.986
479.875
479.762
479.647
479.53
479.411
479.291
479.17
479.047
478.924
478.8
478.677
478.553
478.43
478.309
478.189
478.071
477.956
477.845
477.738
477.64
477.552
477.483
477.446
477.465
477.563
477.798
478.251
479.033
480.296
482.234
485.067
489.027
494.322
501.089
509.342
518.901
529.31
539.756
549.054
555.762
558.51
556.682
550.342
540.296
528.119
515.415
503.522
493.349
485.356
479.631
476.039
474.37
474.465
476.258
479.875
485.507
493.369
503.609
516.234
531.068
547.69
565.337
582.768
598.233
609.668
615.145
613.54
605.408
591.834
574.951
556.898
539.346
523.375
509.587
498.256
489.431
482.993
478.724
476.395
475.865
477.021
480.007
485.009
492.164
501.45
512.544
524.72
536.818
547.333
554.726
557.773
556.122
550.266
541.475
531.259
520.938
511.441
503.282
496.657
491.538
487.766
485.113
483.332
482.197
481.515
481.136
480.952
480.887
480.89
480.939
481.011
481.096
481.187
481.282
481.379
481.477
481.575
481.673
481.771
481.867
481.963
482.057
482.15
482.242
482.332
482.42
482.506
482.59
482.672
482.752
482.829
482.905
482.978
483.049
483.118
483.184
483.248
483.31
483.37
483.427
483.482
483.534
483.585
483.633
483.678
483.722
483.763
483.802
483.839
483.873
483.905
483.935
483.963
483.989
484.012
484.034
484.053
484.07
484.085
484.097
484.108
484.116
484.123
484.127
484.129
477.444
477.44
477.432
477.42
477.404
477.384
477.36
477.332
477.299
477.263
477.223
477.179
477.131
477.079
477.023
476.963
476.9
476.832
476.76
476.685
476.606
476.523
476.436
476.346
476.252
476.154
476.053
475.949
475.841
475.729
475.615
475.497
475.377
475.253
475.127
474.998
474.867
474.734
474.598
474.461
474.322
474.182
474.04
473.898
473.755
473.613
473.47
473.329
473.188
473.05
472.913
472.78
472.651
472.527
472.411
472.307
472.225
472.178
472.197
472.307
472.575
473.094
473.993
475.445
477.662
480.889
485.368
491.304
498.811
507.854
518.191
529.295
540.314
549.997
556.859
559.495
557.31
550.321
539.465
526.342
512.665
499.881
488.98
480.451
474.377
470.588
468.841
468.956
470.863
474.691
480.648
488.952
499.73
512.935
528.298
545.315
563.185
580.691
596.139
607.52
612.956
611.367
603.292
589.776
572.895
554.716
536.859
520.409
506.038
494.124
484.797
477.976
473.447
470.973
470.401
471.615
474.778
480.103
487.754
497.717
509.645
522.744
535.766
547.124
555.185
558.684
557.227
551.295
542.188
531.461
520.487
510.252
501.34
494.005
488.27
484
480.972
478.928
477.62
476.834
476.399
476.19
476.12
476.13
476.193
476.282
476.386
476.497
476.612
476.728
476.846
476.963
477.08
477.196
477.312
477.426
477.538
477.649
477.758
477.865
477.97
478.073
478.173
478.271
478.367
478.46
478.551
478.638
478.724
478.806
478.886
478.963
479.037
479.109
479.178
479.244
479.307
479.368
479.426
479.481
479.534
479.583
479.631
479.675
479.717
479.756
479.792
479.826
479.857
479.885
479.911
479.934
479.955
479.973
479.988
480.001
480.011
480.019
480.024
480.027
472.307
472.303
472.294
472.28
472.262
472.24
472.213
472.181
472.145
472.105
472.06
472.01
471.957
471.899
471.836
471.769
471.698
471.623
471.543
471.459
471.371
471.278
471.182
471.082
470.977
470.869
470.757
470.641
470.522
470.399
470.273
470.143
470.01
469.874
469.735
469.594
469.45
469.303
469.155
469.004
468.852
468.699
468.545
468.389
468.234
468.078
467.923
467.768
467.615
467.464
467.315
467.169
467.027
466.89
466.762
466.648
466.556
466.504
466.527
466.651
466.955
467.544
468.563
470.206
472.711
476.341
481.357
487.962
496.249
506.134
517.308
529.172
540.792
550.877
557.895
560.403
557.832
550.182
538.442
524.334
509.68
496.04
484.472
475.48
469.115
465.168
463.358
463.479
465.462
469.443
475.651
484.322
495.584
509.346
525.26
542.721
560.866
578.485
593.94
605.285
610.695
609.122
601.095
587.619
570.707
552.35
534.123
517.144
502.18
489.713
479.941
472.802
468.071
465.489
464.89
466.153
469.46
475.056
483.143
493.733
506.47
520.505
534.496
546.748
555.527
559.51
558.264
552.259
542.815
531.531
519.838
508.788
499.044
490.932
484.528
479.723
476.295
473.973
472.482
471.586
471.09
470.854
470.776
470.789
470.863
470.966
471.085
471.212
471.343
471.475
471.609
471.741
471.874
472.005
472.135
472.264
472.391
472.516
472.64
472.76
472.879
472.995
473.109
473.22
473.328
473.434
473.536
473.636
473.733
473.827
473.917
474.005
474.09
474.171
474.25
474.325
474.398
474.467
474.533
474.597
474.657
474.714
474.768
474.818
474.866
474.911
474.953
474.991
475.027
475.06
475.09
475.116
475.14
475.161
475.178
475.193
475.205
475.214
475.22
475.223
466.772
466.767
466.758
466.743
466.724
466.7
466.671
466.638
466.6
466.557
466.509
466.457
466.4
466.338
466.272
466.201
466.126
466.046
465.962
465.873
465.78
465.683
465.582
465.476
465.366
465.253
465.135
465.014
464.889
464.76
464.628
464.492
464.354
464.212
464.067
463.92
463.77
463.618
463.464
463.308
463.151
462.992
462.833
462.672
462.511
462.351
462.191
462.031
461.873
461.716
461.562
461.411
461.264
461.122
460.989
460.87
460.776
460.727
460.756
460.9
461.244
461.904
463.043
464.874
467.657
471.681
477.222
484.488
493.553
504.291
516.322
528.967
541.212
551.707
558.874
561.234
558.257
549.917
537.282
522.197
506.616
492.207
480.076
470.714
464.133
460.071
458.21
458.324
460.339
464.404
470.772
479.707
491.351
505.599
522.035
539.956
558.411
576.173
591.652
602.973
608.366
606.813
598.83
585.384
568.415
549.838
531.204
513.69
498.174
485.235
475.113
467.747
462.885
460.239
459.628
460.929
464.341
470.142
478.578
489.702
503.173
518.103
533.058
546.226
555.757
560.252
559.237
553.164
543.37
531.495
519.04
507.127
496.507
487.588
480.496
475.147
471.315
468.71
467.036
466.026
465.466
465.197
465.107
465.118
465.196
465.308
465.437
465.574
465.714
465.857
465.999
466.142
466.283
466.424
466.563
466.701
466.836
466.97
467.102
467.231
467.358
467.483
467.605
467.724
467.84
467.953
468.063
468.171
468.275
468.376
468.474
468.568
468.66
468.748
468.833
468.915
468.993
469.068
469.14
469.208
469.273
469.335
469.394
469.449
469.501
469.55
469.595
469.637
469.676
469.712
469.744
469.773
469.799
469.821
469.841
469.857
469.87
469.879
469.886
469.889
461.116
461.111
461.101
461.087
461.067
461.043
461.014
460.981
460.942
460.899
460.851
460.799
460.741
460.68
460.613
460.542
460.467
460.387
460.302
460.214
460.121
460.024
459.922
459.817
459.708
459.595
459.478
459.357
459.233
459.105
458.974
458.84
458.703
458.563
458.42
458.275
458.128
457.978
457.827
457.674
457.519
457.364
457.207
457.05
456.893
456.736
456.579
456.424
456.269
456.116
455.965
455.817
455.673
455.535
455.405
455.29
455.201
455.161
455.203
455.372
455.759
456.491
457.745
459.753
462.797
467.186
473.215
481.1
490.903
502.459
515.326
528.74
541.604
552.5
559.802
561.997
558.597
549.56
536.051
520.046
503.638
488.585
476.014
466.388
459.661
455.526
453.627
453.719
455.727
459.81
466.244
475.325
487.226
501.845
518.729
537.084
555.86
573.783
589.299
600.602
605.982
604.453
596.519
583.098
566.054
547.233
528.188
510.18
494.203
480.908
470.555
463.06
458.138
455.472
454.866
456.192
459.669
465.605
474.291
485.833
499.921
515.655
531.523
545.592
555.889
560.915
560.149
554.02
543.879
531.409
518.17
505.381
493.886
484.17
476.408
470.532
466.311
463.435
461.581
460.457
459.83
459.524
459.416
459.418
459.493
459.605
459.735
459.875
460.018
460.162
460.307
460.451
460.595
460.737
460.878
461.017
461.155
461.29
461.424
461.555
461.684
461.81
461.934
462.055
462.173
462.288
462.4
462.51
462.616
462.719
462.819
462.916
463.01
463.1
463.187
463.271
463.351
463.428
463.502
463.572
463.639
463.703
463.763
463.82
463.873
463.923
463.97
464.014
464.054
464.091
464.124
464.154
464.181
464.204
464.224
464.241
464.254
464.264
464.271
464.274
455.632
455.627
455.618
455.604
455.586
455.563
455.535
455.503
455.466
455.425
455.379
455.329
455.275
455.216
455.153
455.085
455.013
454.937
454.857
454.773
454.685
454.593
454.497
454.398
454.294
454.188
454.077
453.964
453.847
453.727
453.604
453.478
453.349
453.218
453.085
452.949
452.811
452.672
452.531
452.388
452.245
452.1
451.955
451.809
451.664
451.518
451.373
451.229
451.086
450.945
450.805
450.668
450.535
450.407
450.288
450.184
450.108
450.085
450.145
450.344
450.778
451.581
452.943
455.114
458.392
463.108
469.572
478.009
488.475
500.777
514.417
528.552
542.004
553.273
560.688
562.698
558.87
549.153
534.825
517.997
500.893
485.338
472.456
462.661
455.853
451.678
449.751
449.81
451.779
455.823
462.24
471.357
483.38
498.235
515.455
534.181
553.261
571.354
586.911
598.197
603.568
602.068
594.19
580.795
563.668
544.601
525.177
506.76
490.443
476.926
466.461
458.93
454.01
451.36
450.769
452.111
455.618
461.624
470.466
482.301
496.868
513.279
529.969
544.892
555.942
561.509
561.009
554.844
544.372
531.318
517.318
503.685
491.357
480.893
472.509
466.148
461.569
458.441
456.416
455.183
454.487
454.139
454.006
453.991
454.055
454.159
454.282
454.415
454.553
454.691
454.83
454.969
455.106
455.243
455.378
455.512
455.644
455.774
455.902
456.028
456.152
456.273
456.392
456.509
456.623
456.734
456.843
456.948
457.051
457.151
457.248
457.342
457.432
457.52
457.605
457.686
457.764
457.839
457.911
457.979
458.045
458.107
458.166
458.221
458.274
458.323
458.368
458.411
458.45
458.486
458.519
458.548
458.574
458.597
458.617
458.633
458.646
458.656
458.662
458.666
450.584
450.58
450.572
450.559
450.543
450.522
450.497
450.468
450.434
450.397
450.356
450.31
450.261
450.208
450.151
450.09
450.025
449.957
449.885
449.809
449.73
449.647
449.561
449.472
449.379
449.283
449.185
449.083
448.979
448.872
448.762
448.65
448.536
448.419
448.301
448.181
448.059
447.935
447.811
447.685
447.558
447.431
447.303
447.175
447.047
446.919
446.792
446.666
446.54
446.417
446.294
446.175
446.058
445.947
445.844
445.758
445.7
445.699
445.781
446.015
446.496
447.368
448.832
451.149
454.635
459.634
466.472
475.382
486.418
499.369
513.689
528.477
542.448
554.047
561.544
563.352
559.101
548.74
533.674
516.146
498.492
482.575
469.494
459.61
452.77
448.579
446.631
446.652
448.559
452.526
458.862
467.921
479.946
494.899
512.327
531.33
550.672
568.925
584.526
595.795
601.158
599.692
591.88
578.516
561.309
542.016
522.278
503.562
487.041
473.432
462.959
455.464
450.594
447.984
447.416
448.765
452.274
458.299
467.212
479.227
494.135
511.079
528.47
544.168
555.932
562.043
561.826
555.651
544.884
531.295
516.579
502.17
489.089
477.957
469.021
462.23
457.332
453.975
451.794
450.455
449.689
449.295
449.129
449.094
449.138
449.226
449.336
449.456
449.58
449.706
449.832
449.958
450.083
450.207
450.33
450.452
450.572
450.69
450.807
450.922
451.035
451.146
451.254
451.361
451.465
451.567
451.666
451.763
451.858
451.949
452.038
452.125
452.208
452.289
452.367
452.442
452.514
452.583
452.65
452.713
452.773
452.831
452.885
452.937
452.985
453.031
453.073
453.113
453.149
453.183
453.213
453.24
453.265
453.286
453.304
453.319
453.331
453.34
453.346
453.35
446.172
446.168
446.161
446.15
446.136
446.118
446.096
446.071
446.043
446.011
445.975
445.936
445.894
445.848
445.799
445.747
445.692
445.633
445.572
445.507
445.439
445.369
445.295
445.219
445.14
445.059
444.975
444.889
444.801
444.71
444.617
444.522
444.426
444.328
444.228
444.127
444.024
443.921
443.816
443.711
443.605
443.498
443.392
443.285
443.178
443.072
442.966
442.861
442.757
442.654
442.553
442.453
442.357
442.266
442.184
442.118
442.083
442.104
442.214
442.482
443.011
443.95
445.507
447.956
451.624
456.867
464.021
473.326
484.836
498.324
513.213
528.548
542.966
554.839
562.382
563.972
559.313
548.363
532.656
514.561
496.499
480.343
467.153
457.237
450.395
446.204
444.239
444.218
446.053
449.919
456.135
465.071
477.002
491.932
509.437
528.611
548.15
566.542
582.186
593.439
598.796
597.371
589.633
576.308
559.031
539.554
519.587
500.695
484.098
470.505
460.101
452.692
447.899
445.343
444.799
446.149
449.641
455.647
464.571
476.67
491.793
509.129
527.089
543.466
555.9
562.535
562.611
556.462
545.447
531.377
516.038
500.952
487.219
475.513
466.104
458.941
453.764
450.205
447.88
446.442
445.607
445.164
444.963
444.902
444.922
444.989
445.079
445.18
445.287
445.395
445.503
445.612
445.72
445.826
445.932
446.037
446.141
446.243
446.344
446.443
446.541
446.637
446.731
446.824
446.914
447.003
447.089
447.173
447.255
447.335
447.413
447.488
447.561
447.632
447.7
447.766
447.829
447.89
447.948
448.004
448.057
448.107
448.155
448.2
448.243
448.283
448.32
448.355
448.387
448.417
448.444
448.468
448.489
448.508
448.524
448.537
448.548
448.556
448.561
448.564
442.505
442.502
442.496
442.487
442.476
442.461
442.443
442.423
442.4
442.373
442.344
442.313
442.278
442.241
442.201
442.159
442.114
442.066
442.016
441.963
441.908
441.851
441.792
441.73
441.667
441.601
441.533
441.464
441.392
441.319
441.245
441.169
441.092
441.013
440.933
440.852
440.77
440.688
440.605
440.521
440.437
440.352
440.268
440.183
440.099
440.015
439.931
439.848
439.766
439.685
439.605
439.527
439.452
439.383
439.321
439.277
439.266
439.309
439.448
439.751
440.326
441.328
442.972
445.541
449.37
454.824
462.246
471.878
483.773
497.696
513.054
528.81
543.586
555.666
563.215
564.574
559.53
548.054
531.812
513.279
494.932
478.632
465.396
455.482
448.655
444.47
442.49
442.428
444.187
447.945
454.021
462.798
474.572
489.386
506.856
526.092
545.754
564.254
579.935
591.175
596.531
595.153
587.497
574.217
556.891
537.284
517.184
498.23
481.661
468.16
457.874
450.576
445.869
443.37
442.85
444.195
447.66
453.624
462.516
474.63
489.869
507.471
525.87
542.819
555.856
562.997
563.377
557.293
546.092
531.629
515.772
500.115
485.838
473.652
463.844
456.364
450.943
447.203
444.747
443.216
442.314
441.822
441.584
441.496
441.488
441.532
441.6
441.68
441.766
441.853
441.942
442.03
442.118
442.206
442.292
442.378
442.463
442.547
442.63
442.711
442.791
442.87
442.948
443.024
443.099
443.172
443.243
443.313
443.381
443.447
443.511
443.574
443.634
443.693
443.749
443.804
443.857
443.907
443.956
444.002
444.046
444.089
444.129
444.166
444.202
444.236
444.267
444.296
444.323
444.348
444.37
444.39
444.408
444.424
444.437
444.449
444.458
444.464
444.469
444.471
439.607
439.604
439.6
439.593
439.584
439.572
439.559
439.543
439.525
439.504
439.482
439.457
439.431
439.402
439.371
439.338
439.303
439.266
439.228
439.187
439.145
439.101
439.055
439.008
438.959
438.908
438.856
438.803
438.749
438.693
438.636
438.578
438.519
438.459
438.398
438.337
438.275
438.212
438.149
438.086
438.022
437.959
437.895
437.831
437.768
437.705
437.642
437.58
437.519
437.458
437.399
437.341
437.286
437.236
437.195
437.172
437.182
437.246
437.412
437.75
438.368
439.43
441.156
443.836
447.813
453.456
461.11
471.017
483.224
497.495
513.198
529.284
544.323
556.542
564.056
565.174
559.773
547.839
531.163
512.306
493.77
477.394
464.149
454.253
447.445
443.266
441.271
441.17
442.856
446.508
452.444
461.047
472.632
487.27
504.621
523.825
543.535
562.103
577.817
589.052
594.414
593.089
585.519
572.29
554.94
535.262
515.119
496.197
479.73
466.365
456.215
449.033
444.411
441.962
441.462
442.799
446.231
452.143
460.98
473.066
488.346
506.112
524.835
542.252
555.822
563.444
564.139
558.161
546.845
532.086
515.831
499.701
484.981
472.399
462.253
454.499
448.862
444.959
442.382
440.762
439.797
439.257
438.982
438.864
438.833
438.852
438.897
438.956
439.021
439.088
439.157
439.225
439.293
439.361
439.428
439.495
439.561
439.626
439.691
439.754
439.817
439.879
439.94
439.999
440.058
440.115
440.171
440.226
440.279
440.331
440.382
440.431
440.479
440.525
440.57
440.613
440.654
440.694
440.733
440.77
440.805
440.838
440.87
440.9
440.928
440.955
440.98
441.003
441.024
441.044
441.062
441.078
441.092
441.105
441.116
441.124
441.132
441.137
441.141
441.142
437.426
437.424
437.421
437.416
437.409
437.4
437.39
437.379
437.365
437.35
437.334
437.315
437.296
437.275
437.252
437.228
437.202
437.175
437.146
437.117
437.086
437.053
437.02
436.985
436.949
436.913
436.875
436.836
436.796
436.756
436.714
436.672
436.629
436.586
436.542
436.498
436.453
436.408
436.363
436.317
436.272
436.226
436.18
436.135
436.09
436.045
436
435.956
435.912
435.869
435.827
435.787
435.749
435.716
435.693
435.688
435.715
435.8
435.991
436.36
437.02
438.139
439.944
442.731
446.848
452.667
460.534
470.676
483.142
497.674
513.632
529.965
545.184
557.475
564.916
565.786
560.058
547.733
530.714
511.623
492.968
476.557
463.318
453.442
446.65
442.472
440.461
440.323
441.944
445.5
451.303
459.738
471.126
485.561
502.739
521.84
541.53
560.129
575.87
587.109
592.488
591.221
583.739
570.567
553.22
533.53
513.418
494.591
478.265
465.051
455.035
447.958
443.409
441.002
440.515
441.842
445.241
451.099
459.872
471.905
487.179
505.035
523.986
541.779
555.819
563.888
564.907
559.08
547.718
532.75
516.176
499.728
484.639
471.723
461.287
453.287
447.452
443.395
440.703
438.999
437.973
437.388
437.078
436.932
436.879
436.875
436.901
436.94
436.986
437.035
437.085
437.135
437.185
437.235
437.285
437.334
437.383
437.431
437.479
437.526
437.572
437.618
437.663
437.708
437.751
437.794
437.836
437.876
437.916
437.955
437.993
438.03
438.066
438.101
438.134
438.167
438.198
438.228
438.257
438.285
438.311
438.336
438.36
438.383
438.404
438.425
438.443
438.461
438.477
438.492
438.506
438.518
438.529
438.538
438.546
438.553
438.558
438.563
438.565
438.567
435.862
435.861
435.859
435.855
435.85
435.844
435.837
435.829
435.82
435.809
435.797
435.785
435.771
435.756
435.74
435.723
435.705
435.686
435.666
435.645
435.624
435.601
435.578
435.554
435.529
435.503
435.477
435.45
435.423
435.395
435.366
435.337
435.308
435.278
435.248
435.217
435.186
435.156
435.125
435.093
435.062
435.031
435
434.969
434.939
434.908
434.878
434.848
434.819
434.79
434.762
434.735
434.711
434.692
434.683
434.692
434.734
434.838
435.05
435.448
436.148
437.323
439.205
442.098
446.353
452.345
460.396
470.753
483.44
498.187
514.347
530.845
546.168
558.471
565.804
566.426
560.402
547.759
530.459
511.199
492.468
476.04
462.809
452.946
446.16
441.978
439.949
439.778
441.341
444.812
450.499
458.781
469.982
484.211
501.192
520.144
539.764
558.36
574.121
585.379
590.789
589.584
582.189
569.079
551.762
532.107
512.078
493.382
477.207
464.135
454.236
447.244
442.752
440.377
439.897
441.213
444.579
450.386
459.095
471.066
486.308
504.204
523.312
541.401
555.842
564.339
565.692
560.057
548.718
533.625
516.828
500.102
484.751
471.555
460.863
452.633
446.606
442.399
439.594
437.809
436.723
436.096
435.754
435.583
435.51
435.489
435.496
435.519
435.549
435.582
435.617
435.652
435.687
435.722
435.756
435.791
435.825
435.859
435.893
435.926
435.959
435.991
436.023
436.055
436.085
436.116
436.145
436.174
436.203
436.23
436.257
436.284
436.309
436.334
436.358
436.381
436.404
436.425
436.446
436.466
436.485
436.503
436.52
436.536
436.552
436.566
436.58
436.592
436.604
436.615
436.624
436.633
436.641
436.648
436.654
436.659
436.663
436.666
436.668
436.669
434.793
434.792
434.791
434.788
434.785
434.781
434.776
434.771
434.765
434.758
434.75
434.741
434.732
434.722
434.711
434.7
434.688
434.676
434.662
434.649
434.634
434.619
434.604
434.588
434.571
434.554
434.537
434.519
434.501
434.483
434.464
434.445
434.426
434.406
434.386
434.367
434.347
434.326
434.306
434.286
434.266
434.246
434.226
434.206
434.186
434.166
434.147
434.128
434.109
434.091
434.073
434.057
434.043
434.035
434.036
434.056
434.11
434.229
434.462
434.886
435.625
436.854
438.814
441.814
446.199
452.346
460.6
471.171
484.065
498.996
515.306
531.906
547.27
559.532
566.728
567.104
560.809
547.882
530.385
510.995
492.21
475.767
462.537
452.675
445.886
441.692
439.643
439.441
440.953
444.352
449.94
458.09
469.125
483.161
499.944
518.729
538.246
556.813
572.591
583.879
589.336
588.198
580.89
567.846
550.58
530.997
511.079
492.522
476.486
463.532
453.724
446.796
442.343
439.988
439.509
440.812
444.148
449.909
458.558
470.468
485.667
503.574
522.791
541.116
555.908
564.805
566.503
561.098
549.844
534.706
517.766
500.834
485.241
471.799
460.858
452.414
446.205
441.846
438.929
437.062
435.919
435.251
434.881
434.688
434.597
434.562
434.555
434.565
434.582
434.603
434.626
434.649
434.672
434.695
434.718
434.741
434.764
434.787
434.809
434.832
434.854
434.875
434.897
434.918
434.939
434.959
434.979
434.999
435.018
435.037
435.055
435.073
435.09
435.107
435.123
435.139
435.154
435.169
435.183
435.197
435.21
435.222
435.234
435.245
435.255
435.265
435.275
435.283
435.291
435.299
435.305
435.311
435.317
435.321
435.325
435.329
435.331
435.333
435.335
435.336
434.095
434.095
434.094
434.092
434.09
434.088
434.085
434.081
434.077
434.073
434.068
434.062
434.057
434.05
434.044
434.036
434.029
434.021
434.012
434.004
433.995
433.985
433.976
433.965
433.955
433.944
433.934
433.923
433.911
433.9
433.888
433.876
433.864
433.852
433.84
433.827
433.815
433.803
433.79
433.778
433.765
433.753
433.741
433.729
433.717
433.705
433.693
433.681
433.67
433.659
433.649
433.64
433.634
433.632
433.641
433.669
433.734
433.866
434.115
434.566
435.342
436.627
438.667
441.761
446.285
452.611
461.065
471.846
484.94
500.038
516.466
533.123
548.479
560.658
567.691
567.831
561.282
548.113
530.453
510.977
492.139
475.673
462.432
452.559
445.756
441.544
439.473
439.242
440.71
444.047
449.551
457.59
468.484
482.351
498.953
517.571
536.972
555.494
571.286
582.619
588.136
587.071
579.85
566.877
549.68
530.188
510.387
491.956
476.032
463.166
453.42
446.532
442.103
439.758
439.274
440.563
443.872
449.591
458.186
470.039
485.195
503.099
522.393
540.913
556.018
565.293
567.345
562.206
551.092
535.973
518.952
501.864
486.061
472.38
461.195
452.521
446.122
441.622
438.588
436.638
435.438
434.732
434.335
434.123
434.017
433.97
433.954
433.954
433.962
433.974
433.987
434.001
434.016
434.031
434.045
434.06
434.074
434.089
434.103
434.117
434.131
434.145
434.159
434.172
434.186
434.199
434.212
434.224
434.236
434.249
434.26
434.272
434.283
434.294
434.304
434.315
434.325
434.334
434.343
434.352
434.36
434.368
434.376
434.383
434.39
434.397
434.403
434.408
434.414
434.418
434.423
434.427
434.43
434.433
434.436
434.438
434.44
434.441
434.442
434.442
433.66
433.66
433.659
433.658
433.657
433.656
433.654
433.652
433.649
433.647
433.644
433.64
433.637
433.633
433.629
433.625
433.62
433.615
433.61
433.605
433.6
433.594
433.588
433.582
433.576
433.57
433.563
433.557
433.55
433.543
433.536
433.529
433.522
433.515
433.508
433.501
433.494
433.486
433.479
433.472
433.465
433.458
433.451
433.444
433.437
433.43
433.423
433.417
433.41
433.404
433.399
433.395
433.394
433.397
433.412
433.446
433.519
433.661
433.928
434.403
435.217
436.554
438.665
441.875
446.547
453.052
461.71
472.704
485.998
501.256
517.782
534.469
549.782
561.847
568.696
568.616
561.822
548.444
530.634
511.073
492.195
475.699
462.433
452.539
445.716
441.483
439.387
439.129
440.558
443.843
449.277
457.224
468
481.726
498.17
516.638
535.925
554.397
570.205
581.593
587.186
586.198
579.067
566.172
549.056
529.66
509.964
491.63
475.783
462.972
453.262
446.395
441.976
439.63
439.137
440.411
443.692
449.372
457.92
469.722
484.838
502.736
522.093
540.78
556.169
565.808
568.223
563.378
552.452
537.403
520.348
503.134
487.135
473.217
461.783
452.875
446.274
441.611
438.469
436.437
435.18
434.436
434.013
433.784
433.667
433.61
433.587
433.58
433.581
433.587
433.594
433.603
433.611
433.62
433.629
433.637
433.646
433.655
433.663
433.672
433.68
433.689
433.697
433.705
433.713
433.721
433.729
433.737
433.744
433.752
433.759
433.766
433.773
433.779
433.786
433.792
433.798
433.804
433.81
433.815
433.82
433.825
433.83
433.834
433.839
433.843
433.846
433.85
433.853
433.856
433.859
433.861
433.863
433.865
433.867
433.868
433.869
433.87
433.871
433.871
433.401
433.4
433.4
433.4
433.399
433.398
433.397
433.396
433.394
433.393
433.391
433.389
433.387
433.385
433.383
433.38
433.378
433.375
433.372
433.369
433.366
433.363
433.36
433.357
433.353
433.35
433.346
433.342
433.339
433.335
433.331
433.327
433.323
433.32
433.316
433.312
433.308
433.304
433.3
433.296
433.292
433.289
433.285
433.281
433.277
433.274
433.27
433.267
433.264
433.261
433.259
433.258
433.259
433.266
433.284
433.324
433.403
433.556
433.838
434.338
435.187
436.579
438.775
442.1
446.921
453.61
462.477
473.69
487.185
502.601
519.218
535.916
551.164
563.094
569.746
569.457
562.43
548.863
530.921
511.276
492.345
475.809
462.508
452.581
445.73
441.472
439.352
439.068
440.462
443.702
449.076
456.947
467.627
481.238
497.554
515.895
535.083
553.511
569.338
580.793
586.475
585.573
578.538
565.73
548.699
529.387
509.768
491.495
475.689
462.902
453.204
446.341
441.919
439.566
439.059
440.315
443.57
449.213
457.717
469.473
484.553
502.447
521.862
540.702
556.359
566.352
569.136
564.612
553.91
538.971
521.912
504.59
488.401
474.241
462.55
453.399
446.589
441.761
438.493
436.379
435.067
434.285
433.838
433.594
433.466
433.402
433.373
433.361
433.359
433.36
433.363
433.368
433.372
433.377
433.382
433.387
433.392
433.397
433.402
433.406
433.411
433.416
433.421
433.425
433.43
433.435
433.439
433.443
433.448
433.452
433.456
433.46
433.464
433.468
433.472
433.476
433.479
433.482
433.486
433.489
433.492
433.495
433.498
433.5
433.503
433.505
433.507
433.509
433.511
433.513
433.514
433.516
433.517
433.518
433.519
433.52
433.521
433.521
433.521
433.522
433.252
433.252
433.252
433.252
433.251
433.251
433.25
433.25
433.249
433.248
433.247
433.246
433.245
433.244
433.243
433.242
433.24
433.239
433.237
433.236
433.234
433.233
433.231
433.229
433.228
433.226
433.224
433.222
433.22
433.218
433.216
433.215
433.213
433.211
433.209
433.207
433.205
433.203
433.201
433.199
433.197
433.196
433.194
433.192
433.19
433.189
433.187
433.186
433.184
433.183
433.183
433.184
433.188
433.197
433.218
433.261
433.347
433.509
433.807
434.328
435.216
436.668
438.95
442.392
447.367
454.244
463.325
474.759
488.46
504.035
520.74
537.443
552.613
564.395
570.845
570.352
563.104
549.363
531.295
511.563
492.567
475.977
462.63
452.664
445.779
441.492
439.347
439.038
440.399
443.599
448.923
456.729
467.332
480.85
497.065
515.307
534.418
552.815
568.67
580.204
585.99
585.187
578.269
565.559
548.596
529.334
509.753
491.504
475.71
462.922
453.215
446.34
441.906
439.541
439.015
440.252
443.479
449.086
457.547
469.26
484.31
502.205
521.679
540.668
556.582
566.924
570.086
565.902
555.453
540.652
523.609
506.188
489.807
475.398
463.44
454.037
447.012
442.012
438.617
436.413
435.042
434.224
433.753
433.494
433.357
433.287
433.254
433.239
433.234
433.232
433.233
433.235
433.237
433.24
433.242
433.245
433.247
433.25
433.252
433.255
433.258
433.26
433.263
433.265
433.267
433.27
433.272
433.275
433.277
433.279
433.281
433.284
433.286
433.288
433.29
433.292
433.294
433.296
433.297
433.299
433.301
433.302
433.304
433.305
433.307
433.308
433.309
433.31
433.311
433.312
433.313
433.314
433.315
433.315
433.316
433.316
433.317
433.317
433.317
433.317
433.171
433.171
433.171
433.171
433.17
433.17
433.17
433.17
433.169
433.169
433.169
433.168
433.168
433.167
433.167
433.166
433.165
433.165
433.164
433.163
433.163
433.162
433.161
433.16
433.16
433.159
433.158
433.157
433.156
433.156
433.155
433.154
433.153
433.152
433.152
433.151
433.15
433.149
433.149
433.148
433.147
433.147
433.146
433.146
433.145
433.144
433.144
433.144
433.143
433.143
433.144
433.146
433.151
433.162
433.185
433.232
433.323
433.495
433.806
434.354
435.282
436.796
439.166
442.728
447.859
454.928
464.226
475.886
489.795
505.531
522.324
539.028
554.115
565.744
571.99
571.299
563.843
549.934
531.741
511.914
492.84
476.186
462.783
452.772
445.85
441.532
439.359
439.026
440.356
443.519
448.799
456.551
467.089
480.535
496.674
514.844
533.902
552.286
568.183
579.808
585.715
585.039
578.237
565.574
548.642
529.413
509.861
491.626
475.822
463.011
453.277
446.378
441.923
439.538
438.991
440.206
443.403
448.972
457.39
469.063
484.087
501.988
521.526
540.667
556.833
567.522
571.07
567.242
557.067
542.423
525.408
507.891
491.315
476.649
464.415
454.752
447.504
442.328
438.801
436.504
435.072
434.214
433.722
433.448
433.303
433.228
433.191
433.174
433.167
433.164
433.163
433.164
433.164
433.165
433.166
433.168
433.169
433.17
433.171
433.172
433.173
433.175
433.176
433.177
433.178
433.179
433.18
433.181
433.183
433.184
433.185
433.186
433.187
433.188
433.189
433.19
433.191
433.192
433.193
433.193
433.194
433.195
433.196
433.197
433.197
433.198
433.198
433.199
433.2
433.2
433.2
433.201
433.201
433.202
433.202
433.202
433.202
433.202
433.202
433.202
433.128
433.128
433.128
433.128
433.128
433.128
433.128
433.128
433.127
433.127
433.127
433.127
433.127
433.127
433.126
433.126
433.126
433.126
433.126
433.125
433.125
433.125
433.125
433.125
433.124
433.124
433.124
433.124
433.124
433.123
433.123
433.123
433.123
433.123
433.123
433.122
433.122
433.122
433.122
433.122
433.122
433.122
433.122
433.122
433.122
433.122
433.122
433.123
433.123
433.124
433.125
433.128
433.133
433.146
433.171
433.221
433.317
433.498
433.826
434.401
435.371
436.947
439.407
443.094
448.385
455.648
465.165
477.052
491.169
507.068
523.95
540.656
555.66
567.135
573.18
572.297
564.643
550.571
532.249
512.317
493.154
476.424
462.959
452.897
445.934
441.582
439.381
439.023
440.324
443.453
448.693
456.399
466.884
480.274
496.357
514.479
533.508
551.9
567.853
579.583
585.637
585.051
578.311
565.711
548.837
529.65
510.111
491.854
476.01
463.154
453.378
446.443
441.96
439.55
438.978
440.167
443.332
448.862
457.236
468.868
483.867
501.779
521.387
540.681
557.106
568.145
572.085
568.626
558.741
544.267
527.285
509.672
492.896
477.966
465.45
455.519
448.042
442.683
439.022
436.63
435.135
434.237
433.72
433.433
433.279
433.199
433.16
433.141
433.132
433.128
433.127
433.126
433.126
433.126
433.127
433.127
433.127
433.128
433.128
433.129
433.129
433.129
433.13
433.13
433.131
433.131
433.132
433.132
433.132
433.133
433.133
433.134
433.134
433.135
433.135
433.135
433.136
433.136
433.137
433.137
433.137
433.138
433.138
433.138
433.138
433.139
433.139
433.139
433.139
433.14
433.14
433.14
433.14
433.14
433.14
433.141
433.141
433.141
433.141
433.141
433.106
433.106
433.106
433.106
433.106
433.106
433.106
433.106
433.106
433.106
433.106
433.106
433.106
433.106
433.106
433.106
433.106
433.106
433.106
433.106
433.106
433.106
433.107
433.107
433.107
433.107
433.107
433.107
433.107
433.107
433.107
433.108
433.108
433.108
433.108
433.108
433.109
433.109
433.109
433.109
433.11
433.11
433.11
433.111
433.111
433.111
433.112
433.112
433.113
433.114
433.116
433.119
433.126
433.139
433.166
433.219
433.321
433.512
433.857
434.459
435.473
437.114
439.668
443.482
448.936
456.395
466.133
478.247
492.573
508.633
525.606
542.315
557.238
568.563
574.412
573.345
565.5
551.267
532.81
512.764
493.502
476.688
463.154
453.036
446.028
441.64
439.41
439.026
440.299
443.396
448.599
456.264
466.706
480.052
496.097
514.192
533.215
551.632
567.656
579.508
585.668
585.164
578.533
566.021
549.206
530.04
510.479
492.17
476.26
463.34
453.508
446.529
442.011
439.571
438.97
440.132
443.263
448.751
457.079
468.668
483.642
501.568
521.252
540.707
557.395
568.789
573.128
570.048
560.462
546.166
529.222
511.511
494.53
479.332
466.527
456.324
448.612
443.067
439.266
436.777
435.217
434.278
433.735
433.433
433.272
433.187
433.145
433.125
433.115
433.111
433.109
433.108
433.107
433.107
433.107
433.107
433.107
433.107
433.107
433.107
433.107
433.107
433.107
433.107
433.107
433.107
433.107
433.107
433.107
433.107
433.107
433.107
433.107
433.107
433.107
433.107
433.107
433.108
433.108
433.108
433.108
433.108
433.108
433.108
433.108
433.108
433.108
433.108
433.108
433.108
433.108
433.109
433.109
433.109
433.109
433.109
433.109
433.109
433.109
433.109
433.095
433.095
433.095
433.095
433.095
433.095
433.096
433.096
433.096
433.096
433.096
433.096
433.096
433.096
433.096
433.096
433.097
433.097
433.097
433.097
433.097
433.097
433.098
433.098
433.098
433.098
433.099
433.099
433.099
433.099
433.1
433.1
433.1
433.101
433.101
433.102
433.102
433.102
433.103
433.103
433.104
433.104
433.105
433.105
433.106
433.107
433.107
433.108
433.109
433.11
433.112
433.115
433.123
433.137
433.165
433.222
433.33
433.531
433.894
434.526
435.585
437.295
439.945
443.889
449.509
457.167
467.127
479.465
493.998
510.218
527.281
543.996
558.842
570.022
575.683
574.44
566.411
552.018
533.422
513.252
493.883
476.976
463.366
453.187
446.13
441.705
439.443
439.034
440.279
443.344
448.513
456.141
466.545
479.859
495.881
513.968
533.003
551.464
567.574
579.53
585.804
585.42
578.922
566.5
549.73
530.558
510.946
492.559
476.564
463.563
453.664
446.632
442.072
439.599
438.967
440.098
443.191
448.635
456.913
468.457
483.407
501.349
521.115
540.738
557.696
569.449
574.195
571.5
562.222
548.109
531.204
513.394
496.206
480.736
467.638
457.158
449.206
443.471
439.527
436.938
435.31
434.329
433.76
433.443
433.273
433.184
433.139
433.118
433.107
433.102
433.1
433.099
433.098
433.097
433.097
433.097
433.097
433.096
433.096
433.096
433.096
433.095
433.095
433.095
433.095
433.095
433.095
433.094
433.094
433.094
433.094
433.094
433.094
433.094
433.094
433.093
433.093
433.093
433.093
433.093
433.093
433.093
433.093
433.093
433.093
433.093
433.093
433.093
433.093
433.093
433.093
433.093
433.093
433.093
433.093
433.093
433.093
433.093
433.093
433.093
433.09
433.09
433.09
433.09
433.09
433.09
433.09
433.09
433.091
433.091
433.091
433.091
433.091
433.091
433.091
433.092
433.092
433.092
433.092
433.093
433.093
433.093
433.093
433.094
433.094
433.094
433.095
433.095
433.095
433.096
433.096
433.097
433.097
433.097
433.098
433.098
433.099
433.099
433.1
433.1
433.101
433.102
433.102
433.103
433.104
433.104
433.105
433.106
433.107
433.108
433.11
433.114
433.122
433.137
433.167
433.227
433.342
433.555
433.937
434.6
435.707
437.487
440.238
444.316
450.106
457.964
468.144
480.707
495.441
511.818
528.969
545.693
560.466
571.509
576.99
575.579
567.375
552.823
534.083
513.782
494.295
477.288
463.595
453.351
446.242
441.776
439.481
439.044
440.261
443.295
448.432
456.026
466.398
479.688
495.7
513.794
532.86
551.38
567.581
579.645
586.076
585.826
579.466
567.13
550.387
531.186
511.5
493.015
476.915
463.821
453.844
446.75
442.143
439.632
438.965
440.063
443.117
448.513
456.74
468.236
483.159
501.119
520.97
540.77
558.004
570.123
575.281
572.978
564.013
550.086
533.221
515.312
497.916
482.172
468.778
458.016
449.821
443.891
439.801
437.108
435.411
434.386
433.79
433.458
433.278
433.185
433.138
433.115
433.104
433.098
433.096
433.094
433.094
433.093
433.092
433.092
433.092
433.091
433.091
433.091
433.09
433.09
433.09
433.089
433.089
433.089
433.089
433.088
433.088
433.088
433.088
433.087
433.087
433.087
433.087
433.087
433.087
433.086
433.086
433.086
433.086
433.086
433.086
433.086
433.086
433.086
433.085
433.085
433.085
433.085
433.085
433.085
433.085
433.085
433.085
433.085
433.085
433.085
433.085
433.085
433.088
433.088
433.088
433.088
433.088
433.088
433.088
433.088
433.088
433.088
433.088
433.089
433.089
433.089
433.089
433.089
433.09
433.09
433.09
433.09
433.091
433.091
433.091
433.092
433.092
433.092
433.093
433.093
433.093
433.094
433.094
433.095
433.095
433.096
433.096
433.097
433.097
433.098
433.099
433.099
433.1
433.1
433.101
433.102
433.102
433.103
433.104
433.105
433.106
433.107
433.11
433.114
433.122
433.138
433.171
433.234
433.356
433.581
433.984
434.68
435.838
437.693
440.548
444.765
450.727
458.788
469.188
481.971
496.904
513.432
530.668
547.399
562.105
573.02
578.33
576.761
568.39
553.681
534.793
514.353
494.741
477.627
463.845
453.529
446.364
441.853
439.523
439.057
440.245
443.248
448.353
455.916
466.261
479.533
495.544
513.66
532.775
551.372
567.667
579.881
586.481
586.369
580.149
567.89
551.161
531.912
512.133
493.53
477.312
464.111
454.046
446.883
442.223
439.67
438.965
440.028
443.039
448.386
456.557
468.003
482.898
500.875
520.815
540.797
558.314
570.806
576.382
574.474
565.826
552.09
535.266
517.258
499.654
483.635
469.944
458.898
450.455
444.325
440.086
437.287
435.519
434.447
433.824
433.475
433.286
433.188
433.138
433.114
433.102
433.097
433.094
433.092
433.091
433.091
433.09
433.09
433.089
433.089
433.088
433.088
433.088
433.087
433.087
433.087
433.086
433.086
433.086
433.085
433.085
433.085
433.085
433.084
433.084
433.084
433.084
433.083
433.083
433.083
433.083
433.083
433.083
433.082
433.082
433.082
433.082
433.082
433.082
433.082
433.082
433.082
433.081
433.081
433.081
433.081
433.081
433.081
433.081
433.081
433.081
433.081
433.086
433.086
433.086
433.086
433.086
433.086
433.087
433.087
433.087
433.087
433.087
433.087
433.087
433.088
433.088
433.088
433.088
433.089
433.089
433.089
433.089
433.09
433.09
433.09
433.091
433.091
433.092
433.092
433.093
433.093
433.093
433.094
433.094
433.095
433.096
433.096
433.097
433.097
433.098
433.098
433.099
433.1
433.101
433.101
433.102
433.103
433.104
433.104
433.106
433.107
433.109
433.114
433.123
433.14
433.175
433.243
433.372
433.61
434.035
434.766
435.979
437.913
440.877
445.237
451.375
459.641
470.261
483.261
498.386
515.059
532.376
549.114
563.756
574.55
579.701
577.983
569.455
554.592
535.553
514.969
495.225
477.996
464.118
453.724
446.498
441.938
439.569
439.072
440.231
443.202
448.276
455.808
466.129
479.389
495.408
513.559
532.737
551.423
567.851
580.226
587.002
587.031
580.951
568.766
552.04
532.728
512.838
494.103
477.752
464.431
454.268
447.03
442.311
439.713
438.968
439.992
442.959
448.253
456.367
467.759
482.622
500.616
520.648
540.816
558.624
571.494
577.494
575.984
567.658
554.114
537.333
519.229
501.418
485.124
471.134
459.801
451.107
444.774
440.382
437.473
435.631
434.512
433.86
433.494
433.296
433.192
433.14
433.114
433.102
433.096
433.093
433.091
433.09
433.09
433.089
433.089
433.088
433.088
433.087
433.087
433.086
433.086
433.086
433.085
433.085
433.085
433.084
433.084
433.084
433.083
433.083
433.083
433.083
433.082
433.082
433.082
433.082
433.081
433.081
433.081
433.081
433.081
433.081
433.08
433.08
433.08
433.08
433.08
433.08
433.08
433.08
433.08
433.079
433.079
433.079
433.079
433.079
433.079
433.079
433.079
433.085
433.085
433.085
433.086
433.086
433.086
433.086
433.086
433.086
433.086
433.086
433.086
433.087
433.087
433.087
433.087
433.088
433.088
433.088
433.088
433.089
433.089
433.089
433.09
433.09
433.091
433.091
433.091
433.092
433.092
433.093
433.093
433.094
433.094
433.095
433.096
433.096
433.097
433.097
433.098
433.099
433.099
433.1
433.101
433.102
433.102
433.103
433.104
433.105
433.107
433.11
433.114
433.124
433.142
433.18
433.252
433.39
433.642
434.091
434.861
436.131
438.149
441.228
445.736
452.055
460.527
471.367
484.579
499.889
516.7
534.091
550.834
565.416
576.096
581.098
579.243
570.568
555.556
536.366
515.634
495.751
478.399
464.418
453.939
446.644
442.031
439.62
439.089
440.217
443.156
448.198
455.702
466
479.252
495.286
513.481
532.738
551.537
568.113
580.66
587.618
587.799
581.857
569.744
553.012
533.625
513.612
494.73
478.233
464.782
454.512
447.19
442.408
439.76
438.972
439.956
442.877
448.116
456.169
467.504
482.333
500.343
520.466
540.825
558.929
572.185
578.614
577.504
569.503
556.154
539.42
521.222
503.206
486.639
472.349
460.726
451.778
445.238
440.688
437.667
435.748
434.581
433.898
433.514
433.306
433.197
433.142
433.115
433.102
433.095
433.092
433.091
433.09
433.089
433.088
433.088
433.087
433.087
433.086
433.086
433.086
433.085
433.085
433.084
433.084
433.084
433.083
433.083
433.083
433.082
433.082
433.082
433.082
433.081
433.081
433.081
433.081
433.08
433.08
433.08
433.08
433.08
433.08
433.079
433.079
433.079
433.079
433.079
433.079
433.079
433.079
433.079
433.078
433.078
433.078
433.078
433.078
433.078
433.078
433.078
433.085
433.085
433.085
433.085
433.085
433.085
433.085
433.085
433.085
433.086
433.086
433.086
433.086
433.086
433.087
433.087
433.087
433.087
433.088
433.088
433.088
433.089
433.089
433.089
433.09
433.09
433.091
433.091
433.091
433.092
433.092
433.093
433.094
433.094
433.095
433.095
433.096
433.096
433.097
433.098
433.098
433.099
433.1
433.101
433.101
433.102
433.103
433.104
433.105
433.107
433.11
433.115
433.125
433.145
433.185
433.263
433.409
433.678
434.153
434.963
436.296
438.403
441.603
446.266
452.772
461.453
472.51
485.931
501.418
518.358
535.815
552.559
567.082
577.657
582.521
580.541
571.73
556.576
537.236
516.351
496.323
478.84
464.746
454.174
446.805
442.132
439.675
439.109
440.204
443.109
448.119
455.594
465.872
479.119
495.172
513.42
532.766
551.695
568.431
581.164
588.313
588.657
582.853
570.813
554.07
534.599
514.45
495.409
478.754
465.162
454.776
447.363
442.513
439.812
438.978
439.92
442.793
447.975
455.964
467.239
482.032
500.054
520.27
540.822
559.228
572.873
579.737
579.029
571.357
558.206
541.523
523.236
505.019
488.18
473.589
461.674
452.467
445.716
441.004
437.868
435.871
434.652
433.938
433.536
433.317
433.203
433.144
433.116
433.102
433.095
433.092
433.09
433.089
433.088
433.088
433.087
433.087
433.086
433.086
433.085
433.085
433.085
433.084
433.084
433.083
433.083
433.083
433.082
433.082
433.082
433.082
433.081
433.081
433.081
433.081
433.08
433.08
433.08
433.08
433.079
433.079
433.079
433.079
433.079
433.079
433.078
433.078
433.078
433.078
433.078
433.078
433.078
433.078
433.078
433.078
433.078
433.078
433.078
433.078
433.078
433.084
433.084
433.084
433.084
433.084
433.085
433.085
433.085
433.085
433.085
433.085
433.085
433.086
433.086
433.086
433.086
433.087
433.087
433.087
433.087
433.088
433.088
433.088
433.089
433.089
433.09
433.09
433.091
433.091
433.092
433.092
433.093
433.093
433.094
433.094
433.095
433.096
433.096
433.097
433.097
433.098
433.099
433.1
433.1
433.101
433.102
433.103
433.104
433.105
433.107
433.11
433.115
433.126
433.148
433.191
433.274
433.431
433.717
434.22
435.076
436.476
438.678
442.006
446.831
453.529
462.422
473.697
487.32
502.976
520.033
537.549
554.288
568.753
579.231
583.968
581.875
572.941
557.652
538.164
517.125
496.945
479.323
465.108
454.434
446.982
442.244
439.736
439.129
440.19
443.06
448.038
455.484
465.742
478.986
495.063
513.371
532.816
551.883
568.792
581.722
589.073
589.592
583.928
571.964
555.207
535.644
515.349
496.138
479.313
465.57
455.06
447.55
442.626
439.868
438.987
439.885
442.707
447.831
455.755
466.967
481.718
499.751
520.059
540.808
559.517
573.557
580.86
580.556
573.216
560.269
543.642
525.269
506.855
489.746
474.854
462.644
453.175
446.209
441.332
438.076
435.998
434.727
433.98
433.558
433.329
433.208
433.147
433.117
433.102
433.095
433.091
433.09
433.089
433.088
433.087
433.087
433.086
433.086
433.085
433.085
433.085
433.084
433.084
433.083
433.083
433.083
433.082
433.082
433.082
433.081
433.081
433.081
433.081
433.08
433.08
433.08
433.08
433.079
433.079
433.079
433.079
433.079
433.078
433.078
433.078
433.078
433.078
433.078
433.078
433.078
433.077
433.077
433.077
433.077
433.077
433.077
433.077
433.077
433.077
433.077
433.084
433.084
433.084
433.084
433.084
433.084
433.084
433.084
433.084
433.085
433.085
433.085
433.085
433.085
433.086
433.086
433.086
433.086
433.087
433.087
433.087
433.088
433.088
433.088
433.089
433.089
433.09
433.09
433.091
433.091
433.092
433.092
433.093
433.093
433.094
433.095
433.095
433.096
433.096
433.097
433.098
433.099
433.099
433.1
433.101
433.102
433.103
433.104
433.105
433.107
433.11
433.116
433.128
433.151
433.197
433.286
433.454
433.759
434.293
435.198
436.67
438.975
442.44
447.434
454.331
463.441
474.932
488.752
504.567
521.73
539.292
556.022
570.428
580.814
585.436
583.244
574.201
558.788
539.157
517.961
497.623
479.852
465.505
454.719
447.175
442.366
439.802
439.151
440.176
443.009
447.952
455.368
465.606
478.849
494.954
513.326
532.878
552.093
569.185
582.324
589.888
590.594
585.073
573.188
556.416
536.756
516.307
496.915
479.91
466.006
455.362
447.749
442.747
439.93
438.998
439.85
442.621
447.685
455.541
466.686
481.393
499.432
519.831
540.776
559.793
574.232
581.978
582.083
575.079
562.34
545.773
527.322
508.716
491.338
476.146
463.638
453.903
446.717
441.672
438.293
436.131
434.805
434.024
433.582
433.341
433.214
433.15
433.118
433.102
433.095
433.091
433.089
433.088
433.088
433.087
433.086
433.086
433.085
433.085
433.085
433.084
433.084
433.083
433.083
433.083
433.082
433.082
433.082
433.081
433.081
433.081
433.08
433.08
433.08
433.08
433.079
433.079
433.079
433.079
433.078
433.078
433.078
433.078
433.078
433.078
433.078
433.077
433.077
433.077
433.077
433.077
433.077
433.077
433.077
433.077
433.077
433.077
433.077
433.077
433.077
433.083
433.083
433.083
433.083
433.083
433.084
433.084
433.084
433.084
433.084
433.084
433.084
433.085
433.085
433.085
433.085
433.086
433.086
433.086
433.087
433.087
433.087
433.088
433.088
433.088
433.089
433.089
433.09
433.09
433.091
433.091
433.092
433.092
433.093
433.094
433.094
433.095
433.095
433.096
433.097
433.098
433.098
433.099
433.1
433.101
433.102
433.102
433.104
433.105
433.107
433.11
433.116
433.129
433.154
433.203
433.299
433.478
433.803
434.371
435.328
436.879
439.294
442.904
448.079
455.183
464.513
476.22
490.232
506.194
523.451
541.048
557.759
572.106
582.406
586.925
584.647
575.512
559.987
540.217
518.863
498.361
480.432
465.94
455.031
447.386
442.497
439.872
439.174
440.16
442.953
447.86
455.245
465.464
478.706
494.841
513.282
532.947
552.318
569.604
582.962
590.748
591.652
586.28
574.479
557.692
537.93
517.319
497.737
480.542
466.468
455.683
447.96
442.876
439.996
439.013
439.816
442.535
447.538
455.324
466.4
481.058
499.1
519.585
540.726
560.054
574.895
583.087
583.608
576.943
564.417
547.918
529.393
510.599
492.957
477.463
464.656
454.652
447.242
442.023
438.518
436.269
434.886
434.07
433.607
433.354
433.221
433.153
433.119
433.103
433.095
433.091
433.089
433.088
433.087
433.086
433.086
433.085
433.085
433.085
433.084
433.084
433.083
433.083
433.082
433.082
433.082
433.081
433.081
433.081
433.08
433.08
433.08
433.08
433.079
433.079
433.079
433.079
433.078
433.078
433.078
433.078
433.078
433.078
433.077
433.077
433.077
433.077
433.077
433.077
433.077
433.077
433.076
433.076
433.076
433.076
433.076
433.076
433.076
433.076
433.076
433.083
433.083
433.083
433.083
433.083
433.083
433.083
433.083
433.083
433.084
433.084
433.084
433.084
433.084
433.085
433.085
433.085
433.085
433.086
433.086
433.086
433.087
433.087
433.087
433.088
433.088
433.089
433.089
433.09
433.09
433.091
433.091
433.092
433.092
433.093
433.094
433.094
433.095
433.096
433.096
433.097
433.098
433.099
433.099
433.1
433.101
433.102
433.103
433.104
433.106
433.11
433.117
433.13
433.156
433.209
433.311
433.503
433.849
434.452
435.465
437.099
439.631
443.396
448.761
456.083
465.641
477.566
491.763
507.862
525.198
542.817
559.5
573.785
584.006
588.434
586.085
576.875
561.251
541.349
519.838
499.165
481.065
466.416
455.37
447.613
442.637
439.945
439.196
440.141
442.893
447.761
455.114
465.311
478.554
494.72
513.234
533.018
552.553
570.041
583.627
591.646
592.76
587.542
575.83
559.03
539.164
518.384
498.603
481.209
466.955
456.022
448.184
443.012
440.067
439.03
439.784
442.45
447.39
455.104
466.109
480.714
498.753
519.32
540.656
560.296
575.543
584.183
585.129
578.806
566.499
550.074
531.483
512.507
494.603
478.808
465.699
455.421
447.783
442.387
438.752
436.413
434.971
434.119
433.634
433.368
433.228
433.156
433.12
433.103
433.095
433.091
433.089
433.087
433.087
433.086
433.085
433.085
433.084
433.084
433.084
433.083
433.083
433.082
433.082
433.082
433.081
433.081
433.081
433.08
433.08
433.08
433.079
433.079
433.079
433.079
433.078
433.078
433.078
433.078
433.078
433.077
433.077
433.077
433.077
433.077
433.077
433.076
433.076
433.076
433.076
433.076
433.076
433.076
433.076
433.076
433.076
433.076
433.076
433.076
433.076
433.082
433.082
433.082
433.082
433.082
433.082
433.082
433.083
433.083
433.083
433.083
433.083
433.083
433.084
433.084
433.084
433.084
433.085
433.085
433.085
433.086
433.086
433.086
433.087
433.087
433.088
433.088
433.089
433.089
433.09
433.09
433.091
433.091
433.092
433.092
433.093
433.094
433.094
433.095
433.096
433.096
433.097
433.098
433.099
433.099
433.1
433.101
433.102
433.104
433.106
433.109
433.116
433.13
433.158
433.213
433.322
433.524
433.891
434.53
435.6
437.321
439.976
443.906
449.473
457.025
466.821
478.967
493.346
509.573
526.974
544.6
561.245
575.466
585.612
589.96
587.557
578.292
562.583
542.559
520.889
500.037
481.754
466.932
455.735
447.856
442.783
440.02
439.216
440.118
442.826
447.655
454.973
465.147
478.388
494.587
513.176
533.084
552.791
570.49
584.314
592.575
593.91
588.852
577.235
560.424
540.451
519.498
499.51
481.907
467.466
456.378
448.418
443.156
440.142
439.049
439.754
442.365
447.242
454.884
465.813
480.362
498.392
519.037
540.564
560.516
576.172
585.265
586.642
580.666
568.584
552.24
533.591
514.439
496.275
480.179
466.767
456.213
448.342
442.763
438.995
436.563
435.06
434.169
433.661
433.382
433.235
433.159
433.121
433.103
433.094
433.09
433.088
433.087
433.086
433.085
433.085
433.084
433.084
433.083
433.083
433.083
433.082
433.082
433.081
433.081
433.081
433.08
433.08
433.08
433.079
433.079
433.079
433.079
433.078
433.078
433.078
433.078
433.077
433.077
433.077
433.077
433.077
433.076
433.076
433.076
433.076
433.076
433.076
433.076
433.076
433.076
433.075
433.075
433.075
433.075
433.075
433.075
433.075
433.075
433.075
433.081
433.081
433.081
433.081
433.081
433.081
433.082
433.082
433.082
433.082
433.082
433.082
433.083
433.083
433.083
433.083
433.084
433.084
433.084
433.084
433.085
433.085
433.086
433.086
433.086
433.087
433.087
433.088
433.088
433.089
433.089
433.09
433.09
433.091
433.091
433.092
433.092
433.093
433.094
433.094
433.095
433.096
433.096
433.097
433.098
433.098
433.099
433.1
433.101
433.103
433.107
433.114
433.128
433.157
433.215
433.327
433.539
433.925
434.597
435.723
437.531
440.314
444.416
450.198
457.994
468.041
480.418
494.981
511.326
528.779
546.398
562.994
577.146
587.222
591.505
589.064
579.763
563.989
543.85
522.021
500.981
482.499
467.488
456.125
448.11
442.934
440.094
439.231
440.09
442.752
447.538
454.819
464.969
478.208
494.438
513.106
533.142
553.026
570.945
585.016
593.528
595.094
590.203
578.689
561.87
541.789
520.657
500.454
482.635
467.999
456.75
448.664
443.307
440.222
439.072
439.725
442.281
447.094
454.662
465.515
480.002
498.019
518.734
540.449
560.711
576.778
586.329
588.142
582.522
570.671
554.416
535.717
516.394
497.974
481.579
467.861
457.026
448.918
443.153
439.247
436.72
435.153
434.222
433.69
433.397
433.242
433.162
433.122
433.103
433.094
433.089
433.087
433.086
433.085
433.085
433.084
433.084
433.083
433.083
433.082
433.082
433.081
433.081
433.081
433.08
433.08
433.08
433.079
433.079
433.079
433.078
433.078
433.078
433.078
433.077
433.077
433.077
433.077
433.076
433.076
433.076
433.076
433.076
433.076
433.076
433.075
433.075
433.075
433.075
433.075
433.075
433.075
433.075
433.075
433.075
433.075
433.075
433.075
433.074
433.074
433.08
433.08
433.08
433.08
433.08
433.08
433.08
433.08
433.08
433.081
433.081
433.081
433.081
433.081
433.082
433.082
433.082
433.082
433.083
433.083
433.083
433.083
433.084
433.084
433.085
433.085
433.085
433.086
433.086
433.087
433.087
433.087
433.088
433.088
433.089
433.089
433.09
433.09
433.091
433.091
433.092
433.092
433.093
433.093
433.094
433.095
433.095
433.096
433.097
433.098
433.102
433.108
433.122
433.151
433.209
433.324
433.542
433.94
434.639
435.815
437.707
440.618
444.897
450.906
458.964
469.283
481.906
496.659
513.121
530.614
548.21
564.747
578.826
588.837
593.067
590.605
581.292
565.469
545.227
523.238
501.998
483.3
468.079
456.533
448.371
443.084
440.162
439.239
440.052
442.668
447.41
454.652
464.774
478.009
494.272
513.018
533.187
553.254
571.4
585.726
594.5
596.308
591.59
580.184
563.361
543.173
521.857
501.433
483.39
468.552
457.135
448.919
443.464
440.306
439.097
439.697
442.198
446.947
454.439
465.214
479.636
497.633
518.412
540.308
560.88
577.36
587.374
589.627
584.371
572.759
556.601
537.859
518.371
499.7
483.005
468.98
457.861
449.512
443.556
439.509
436.882
435.25
434.277
433.72
433.412
433.249
433.165
433.123
433.102
433.093
433.088
433.086
433.084
433.084
433.083
433.083
433.082
433.082
433.081
433.081
433.08
433.08
433.08
433.079
433.079
433.079
433.078
433.078
433.078
433.077
433.077
433.077
433.077
433.076
433.076
433.076
433.076
433.076
433.075
433.075
433.075
433.075
433.075
433.075
433.074
433.074
433.074
433.074
433.074
433.074
433.074
433.074
433.074
433.074
433.074
433.074
433.073
433.073
433.073
433.073
433.077
433.077
433.077
433.077
433.077
433.077
433.078
433.078
433.078
433.078
433.078
433.078
433.078
433.078
433.079
433.079
433.079
433.079
433.079
433.08
433.08
433.08
433.08
433.081
433.081
433.081
433.082
433.082
433.082
433.082
433.083
433.083
433.083
433.084
433.084
433.084
433.084
433.085
433.085
433.085
433.085
433.085
433.085
433.086
433.086
433.086
433.086
433.086
433.086
433.087
433.089
433.095
433.107
433.134
433.191
433.305
433.525
433.931
434.647
435.857
437.82
440.853
445.312
451.559
459.899
470.515
483.41
498.369
514.95
532.476
550.038
566.502
580.503
590.454
594.645
592.182
582.881
567.03
546.693
524.543
503.089
484.153
468.702
456.954
448.631
443.225
440.218
439.234
440.002
442.569
447.266
454.468
464.561
477.79
494.084
512.91
533.214
553.471
571.851
586.441
595.485
597.545
593.006
581.717
564.893
544.596
523.093
502.441
484.168
469.122
457.533
449.182
443.626
440.391
439.122
439.669
442.114
446.798
454.216
464.909
479.263
497.233
518.069
540.139
561.018
577.914
588.394
591.096
586.211
574.845
558.794
540.016
520.372
501.453
484.46
470.126
458.719
450.124
443.973
439.78
437.051
435.35
434.333
433.75
433.427
433.254
433.166
433.121
433.1
433.09
433.085
433.083
433.081
433.081
433.08
433.08
433.079
433.079
433.079
433.078
433.078
433.078
433.077
433.077
433.077
433.076
433.076
433.076
433.075
433.075
433.075
433.075
433.074
433.074
433.074
433.074
433.074
433.073
433.073
433.073
433.073
433.073
433.073
433.073
433.072
433.072
433.072
433.072
433.072
433.072
433.072
433.072
433.072
433.072
433.072
433.072
433.072
433.072
433.072
433.072
433.072
433.072
433.072
433.072
433.072
433.072
433.072
433.072
433.072
433.072
433.072
433.073
433.073
433.073
433.073
433.073
433.073
433.073
433.073
433.073
433.073
433.073
433.073
433.073
433.074
433.074
433.074
433.074
433.074
433.074
433.074
433.073
433.073
433.073
433.073
433.073
433.072
433.072
433.072
433.071
433.071
433.07
433.069
433.069
433.068
433.067
433.066
433.065
433.064
433.063
433.063
433.066
433.075
433.098
433.15
433.257
433.471
433.874
434.597
435.834
437.849
440.977
445.613
452.107
460.753
471.699
484.899
500.092
516.805
534.361
551.878
568.259
582.176
592.071
596.239
593.793
584.53
568.674
548.253
525.936
504.251
485.052
469.345
457.375
448.879
443.346
440.25
439.207
439.931
442.451
447.103
454.263
464.326
477.547
493.871
512.779
533.221
553.672
572.293
587.155
596.478
598.8
594.447
583.28
566.46
546.054
524.36
503.475
484.966
469.706
457.938
449.448
443.787
440.474
439.142
439.636
442.026
446.646
453.988
464.6
478.883
496.821
517.705
539.943
561.124
578.436
589.389
592.546
588.039
576.928
560.993
542.188
522.393
503.23
485.941
471.296
459.598
450.753
444.402
440.059
437.223
435.451
434.389
433.776
433.437
433.256
433.163
433.117
433.094
433.083
433.079
433.076
433.075
433.075
433.074
433.074
433.074
433.073
433.073
433.073
433.072
433.072
433.072
433.072
433.072
433.071
433.071
433.071
433.071
433.07
433.07
433.07
433.07
433.07
433.07
433.069
433.069
433.069
433.069
433.069
433.069
433.069
433.068
433.068
433.068
433.068
433.068
433.068
433.068
433.068
433.068
433.068
433.068
433.068
433.068
433.068
433.068
433.068
433.068
433.068
433.061
433.061
433.061
433.061
433.061
433.061
433.061
433.061
433.061
433.061
433.061
433.061
433.061
433.06
433.06
433.06
433.06
433.06
433.06
433.059
433.059
433.059
433.059
433.058
433.058
433.057
433.057
433.056
433.056
433.055
433.054
433.053
433.052
433.051
433.05
433.049
433.047
433.046
433.044
433.042
433.04
433.038
433.036
433.033
433.031
433.028
433.025
433.021
433.018
433.014
433.01
433.009
433.012
433.027
433.067
433.161
433.357
433.743
434.454
435.696
437.752
440.975
445.754
452.503
461.477
472.792
486.342
501.807
518.674
536.266
553.73
570.017
583.844
593.688
597.848
595.44
586.243
570.404
549.91
527.419
505.479
485.988
469.995
457.781
449.097
443.429
440.249
439.144
439.826
442.3
446.908
454.029
464.062
477.276
493.63
512.62
533.203
553.854
572.722
587.863
597.475
600.068
595.906
584.868
568.055
547.54
525.651
504.529
485.777
470.297
458.346
449.712
443.942
440.546
439.151
439.591
441.925
446.483
453.752
464.283
478.492
496.394
517.318
539.716
561.196
578.923
590.354
593.974
589.854
579.007
563.196
544.374
524.435
505.033
487.447
472.491
460.498
451.398
444.841
440.343
437.396
435.548
434.438
433.796
433.44
433.25
433.152
433.104
433.08
433.069
433.065
433.063
433.062
433.061
433.061
433.061
433.061
433.061
433.061
433.061
433.061
433.061
433.061
433.061
433.061
433.061
433.061
433.061
433.061
433.06
433.06
433.06
433.06
433.06
433.06
433.06
433.06
433.06
433.06
433.06
433.06
433.06
433.06
433.06
433.059
433.059
433.059
433.059
433.059
433.059
433.059
433.059
433.059
433.059
433.059
433.059
433.059
433.059
433.059
433.059
433.038
433.038
433.038
433.038
433.038
433.038
433.038
433.037
433.037
433.037
433.037
433.036
433.036
433.035
433.035
433.034
433.033
433.033
433.032
433.031
433.03
433.029
433.028
433.027
433.025
433.024
433.022
433.02
433.019
433.016
433.014
433.012
433.009
433.006
433.003
433
432.997
432.993
432.989
432.984
432.979
432.974
432.969
432.963
432.957
432.95
432.943
432.935
432.927
432.917
432.908
432.898
432.891
432.893
432.916
432.986
433.153
433.505
434.184
435.408
437.479
440.776
445.724
452.707
462.036
473.76
487.71
503.492
520.545
538.183
555.59
571.773
585.505
595.302
599.472
597.123
588.022
572.225
551.666
528.989
506.767
486.946
470.633
458.148
449.258
443.455
440.183
439.019
439.662
442.095
446.667
453.753
463.761
476.97
493.357
512.43
533.159
554.014
573.136
588.564
598.471
601.345
597.378
586.476
569.673
549.048
526.96
505.594
486.593
470.887
458.746
449.961
444.076
440.592
439.134
439.519
441.8
446.298
453.497
463.95
478.085
495.947
516.907
539.455
561.225
579.372
591.287
595.379
591.652
581.08
565.402
546.571
526.495
506.858
488.978
473.708
461.416
452.054
445.284
440.624
437.56
435.633
434.471
433.8
433.427
433.228
433.125
433.074
433.05
433.04
433.035
433.034
433.034
433.034
433.035
433.035
433.036
433.036
433.036
433.037
433.037
433.038
433.038
433.038
433.038
433.039
433.039
433.039
433.039
433.039
433.04
433.04
433.04
433.04
433.04
433.04
433.04
433.04
433.04
433.041
433.041
433.041
433.041
433.041
433.041
433.041
433.041
433.041
433.041
433.041
433.041
433.041
433.041
433.041
433.041
433.041
433.041
433.041
433.041
433.041
432.993
432.993
432.992
432.992
432.992
432.991
432.991
432.99
432.99
432.989
432.988
432.987
432.986
432.985
432.983
432.982
432.98
432.978
432.976
432.974
432.972
432.969
432.967
432.964
432.961
432.957
432.954
432.95
432.945
432.941
432.936
432.931
432.925
432.919
432.912
432.905
432.898
432.89
432.881
432.872
432.862
432.852
432.841
432.829
432.816
432.803
432.788
432.773
432.756
432.738
432.718
432.696
432.673
432.655
432.653
432.69
432.816
433.119
433.749
434.934
437
440.356
445.457
452.72
462.417
474.589
488.989
505.136
522.408
540.107
557.456
573.525
587.156
596.911
601.108
598.841
589.869
574.139
553.523
530.644
508.102
487.906
471.229
458.442
449.329
443.379
440.014
438.794
439.404
441.805
446.349
453.412
463.405
476.619
493.044
512.206
533.084
554.148
573.531
589.253
599.464
602.626
598.859
588.098
571.307
550.57
528.278
506.663
487.405
471.463
459.122
450.176
444.164
440.593
439.065
439.396
441.626
446.07
453.206
463.587
477.654
495.477
516.466
539.159
561.212
579.779
592.184
596.758
593.431
583.143
567.609
548.777
528.571
508.703
490.529
474.941
462.344
452.712
445.72
440.889
437.701
435.688
434.476
433.773
433.381
433.172
433.065
433.013
432.99
432.98
432.977
432.977
432.978
432.979
432.981
432.982
432.984
432.985
432.987
432.988
432.989
432.99
432.991
432.992
432.993
432.994
432.995
432.995
432.996
432.997
432.997
432.998
432.998
432.999
432.999
433
433
433.001
433.001
433.001
433.002
433.002
433.002
433.003
433.003
433.003
433.003
433.003
433.004
433.004
433.004
433.004
433.004
433.004
433.004
433.004
433.005
433.005
433.005
433.005
432.904
432.904
432.904
432.903
432.902
432.902
432.9
432.899
432.898
432.896
432.894
432.892
432.89
432.887
432.884
432.881
432.878
432.874
432.87
432.866
432.861
432.856
432.85
432.844
432.838
432.831
432.824
432.816
432.808
432.799
432.789
432.779
432.767
432.756
432.743
432.729
432.715
432.699
432.683
432.666
432.647
432.627
432.607
432.585
432.561
432.537
432.511
432.483
432.453
432.42
432.384
432.343
432.299
432.253
432.216
432.213
432.289
432.535
433.106
434.246
436.302
439.716
444.977
452.527
462.635
475.297
490.19
506.743
524.263
542.037
559.324
575.27
588.794
598.511
602.757
600.595
591.786
576.151
555.481
532.377
509.468
488.839
471.744
458.607
449.258
443.144
439.682
438.411
438.997
441.378
445.912
452.972
462.97
476.205
492.681
511.941
532.975
554.256
573.906
589.929
600.45
603.908
600.345
589.727
572.949
552.098
529.596
507.722
488.196
472.005
459.448
450.322
444.179
440.506
438.904
439.18
441.365
445.764
452.849
463.172
477.181
494.971
515.991
538.824
561.163
580.144
593.044
598.11
595.189
585.196
569.815
550.991
530.661
510.565
492.095
476.185
463.272
453.357
446.131
441.116
437.793
435.695
434.424
433.686
433.276
433.057
432.947
432.895
432.872
432.865
432.864
432.866
432.87
432.873
432.877
432.881
432.884
432.887
432.89
432.893
432.895
432.898
432.9
432.902
432.904
432.906
432.908
432.91
432.911
432.913
432.914
432.916
432.917
432.918
432.92
432.921
432.922
432.923
432.923
432.924
432.925
432.926
432.927
432.927
432.928
432.928
432.929
432.929
432.93
432.93
432.931
432.931
432.931
432.932
432.932
432.932
432.932
432.932
432.932
432.932
432.741
432.74
432.74
432.739
432.737
432.735
432.733
432.731
432.728
432.725
432.721
432.717
432.713
432.708
432.702
432.696
432.69
432.683
432.675
432.667
432.658
432.649
432.639
432.628
432.616
432.603
432.59
432.575
432.56
432.543
432.525
432.507
432.486
432.465
432.442
432.418
432.392
432.365
432.335
432.305
432.272
432.238
432.202
432.163
432.123
432.081
432.037
431.99
431.939
431.885
431.825
431.759
431.685
431.605
431.528
431.477
431.506
431.696
432.217
433.325
435.392
438.889
444.339
452.207
462.763
475.946
491.358
508.338
526.121
543.972
561.192
577.004
590.413
600.099
604.415
602.383
593.776
578.263
557.543
534.181
510.845
489.709
472.129
458.609
448.969
442.674
439.109
437.791
438.364
440.745
445.294
452.381
462.416
475.703
492.255
511.629
532.83
554.335
574.258
590.589
601.427
605.187
601.829
591.359
574.593
553.622
530.902
508.757
488.947
472.485
459.686
450.362
444.063
440.273
438.589
438.812
440.959
445.329
452.383
462.669
476.642
494.413
515.471
538.446
561.067
580.464
593.864
599.431
596.925
587.237
572.017
553.209
532.761
512.439
493.671
477.429
464.185
453.968
446.486
441.268
437.805
435.607
434.272
433.496
433.066
432.839
432.727
432.676
432.657
432.654
432.657
432.664
432.671
432.679
432.686
432.693
432.7
432.706
432.711
432.717
432.722
432.727
432.731
432.735
432.739
432.743
432.747
432.75
432.754
432.757
432.759
432.762
432.765
432.767
432.77
432.772
432.774
432.776
432.778
432.779
432.781
432.783
432.784
432.785
432.787
432.788
432.789
432.79
432.791
432.792
432.792
432.793
432.794
432.794
432.795
432.795
432.795
432.795
432.796
432.796
432.452
432.451
432.45
432.448
432.445
432.442
432.439
432.434
432.429
432.423
432.417
432.41
432.402
432.393
432.383
432.373
432.362
432.349
432.336
432.322
432.306
432.29
432.272
432.253
432.232
432.21
432.187
432.162
432.135
432.107
432.076
432.044
432.01
431.973
431.935
431.894
431.851
431.805
431.756
431.705
431.651
431.595
431.535
431.473
431.408
431.34
431.269
431.194
431.114
431.03
430.939
430.839
430.729
430.61
430.492
430.398
430.388
430.546
431.049
432.171
434.303
437.944
443.642
451.879
462.907
476.627
492.563
509.964
528.001
545.918
563.055
578.719
592.006
601.667
606.08
604.204
595.84
580.481
559.709
536.048
512.207
490.472
472.319
458.34
448.374
441.874
438.199
436.838
437.411
439.816
444.415
451.573
461.694
475.078
491.743
511.259
532.644
554.384
574.589
591.232
602.393
606.46
603.31
592.987
576.231
555.134
532.183
509.75
489.629
472.862
459.784
450.23
443.742
439.814
438.038
438.207
440.327
444.689
451.743
462.029
475.998
493.779
514.892
538.015
560.918
580.734
594.64
600.719
598.635
589.262
574.214
555.431
534.869
514.321
495.247
478.655
465.056
454.509
446.742
441.303
437.676
435.363
433.956
433.139
432.688
432.454
432.342
432.296
432.283
432.286
432.296
432.31
432.324
432.338
432.351
432.363
432.375
432.386
432.396
432.406
432.415
432.423
432.431
432.439
432.446
432.453
432.46
432.466
432.472
432.478
432.483
432.488
432.493
432.497
432.501
432.505
432.509
432.513
432.516
432.519
432.522
432.525
432.528
432.53
432.533
432.535
432.537
432.539
432.54
432.542
432.543
432.544
432.546
432.546
432.547
432.548
432.549
432.549
432.549
432.549
431.965
431.964
431.962
431.959
431.955
431.95
431.944
431.936
431.928
431.918
431.907
431.895
431.882
431.867
431.851
431.834
431.815
431.795
431.773
431.749
431.723
431.696
431.667
431.635
431.602
431.566
431.528
431.487
431.444
431.398
431.349
431.297
431.242
431.184
431.122
431.057
430.988
430.916
430.84
430.76
430.676
430.588
430.496
430.4
430.3
430.196
430.088
429.976
429.859
429.735
429.604
429.464
429.315
429.159
429.007
428.888
428.867
429.038
429.588
430.805
433.098
436.98
443.015
451.69
463.198
477.441
493.872
511.661
529.919
547.874
564.906
580.405
593.563
603.208
607.746
606.056
597.98
582.808
561.983
537.969
513.527
491.079
472.254
457.726
447.38
440.645
436.846
435.447
436.034
438.493
443.186
450.47
460.74
474.286
491.121
510.819
532.412
554.401
574.896
591.858
603.346
607.725
604.781
594.606
577.855
556.622
533.424
510.677
490.207
473.088
459.686
449.841
443.122
439.029
437.147
437.263
439.371
443.753
450.847
461.181
475.199
493.034
514.234
537.522
560.712
580.951
595.371
601.973
600.317
591.271
576.404
557.652
536.981
516.203
496.809
479.844
465.854
454.935
446.842
441.15
437.327
434.88
433.389
432.526
432.053
431.813
431.704
431.666
431.662
431.677
431.699
431.722
431.746
431.77
431.791
431.812
431.831
431.849
431.866
431.883
431.898
431.912
431.926
431.939
431.951
431.963
431.974
431.984
431.994
432.004
432.013
432.021
432.029
432.037
432.044
432.051
432.058
432.064
432.07
432.075
432.08
432.085
432.09
432.094
432.098
432.102
432.105
432.108
432.111
432.114
432.116
432.118
432.12
432.122
432.123
432.124
432.125
432.126
432.126
432.127
431.187
431.186
431.182
431.178
431.171
431.163
431.153
431.141
431.128
431.113
431.096
431.076
431.055
431.032
431.007
430.98
430.95
430.918
430.884
430.846
430.807
430.764
430.718
430.669
430.617
430.562
430.503
430.441
430.374
430.304
430.229
430.15
430.067
429.979
429.886
429.788
429.685
429.577
429.463
429.345
429.221
429.092
428.957
428.818
428.673
428.524
428.369
428.21
428.046
427.876
427.699
427.517
427.33
427.146
426.981
426.873
426.896
427.152
427.849
429.283
431.868
436.12
442.601
451.72
463.728
478.452
495.31
513.423
531.855
549.816
566.72
582.039
595.066
604.708
609.408
607.933
600.198
585.251
564.367
539.937
514.779
491.479
471.852
456.687
445.898
438.892
434.954
433.517
434.134
436.678
441.514
448.991
459.489
473.278
490.356
510.292
532.131
554.387
575.182
592.468
604.286
608.978
606.242
596.211
579.459
558.077
534.611
511.513
490.642
473.105
459.3
449.102
442.102
437.807
435.802
435.865
437.977
442.413
449.598
460.045
474.182
492.136
513.471
536.952
560.443
581.112
596.054
603.19
601.968
593.261
578.584
559.87
539.093
518.078
498.344
480.968
466.538
455.189
446.726
440.719
436.662
434.056
432.465
431.547
431.052
430.807
430.705
430.678
430.689
430.719
430.757
430.795
430.833
430.869
430.904
430.936
430.966
430.994
431.021
431.047
431.071
431.094
431.115
431.136
431.155
431.174
431.191
431.208
431.224
431.239
431.253
431.267
431.28
431.292
431.304
431.315
431.325
431.335
431.345
431.354
431.362
431.37
431.377
431.384
431.39
431.396
431.402
431.407
431.411
431.416
431.42
431.423
431.426
431.429
431.431
431.433
431.434
431.435
431.436
431.437
430.004
430.001
429.996
429.989
429.979
429.967
429.952
429.934
429.914
429.891
429.866
429.837
429.806
429.772
429.734
429.693
429.649
429.601
429.55
429.495
429.436
429.373
429.306
429.234
429.158
429.077
428.991
428.9
428.804
428.701
428.594
428.48
428.36
428.234
428.101
427.962
427.816
427.663
427.503
427.337
427.164
426.984
426.798
426.606
426.408
426.204
425.996
425.783
425.565
425.345
425.123
424.903
424.691
424.501
424.362
424.323
424.464
424.916
425.891
427.693
430.729
435.5
442.491
452.106
464.551
479.64
496.791
515.131
533.702
551.664
568.443
583.587
596.49
606.151
611.056
609.83
602.492
587.814
566.869
541.952
515.947
491.642
471.073
455.167
443.868
436.55
432.454
430.978
431.637
434.298
439.327
447.066
457.878
472.005
489.416
509.663
531.795
554.344
575.448
593.063
605.212
610.219
607.687
597.798
581.036
559.489
535.727
512.229
490.888
472.846
458.55
447.921
440.579
436.044
433.896
433.905
436.039
440.565
447.897
458.531
472.874
491.032
512.572
536.292
560.106
581.215
596.687
604.368
603.585
595.232
580.753
562.085
541.201
519.939
499.836
482.001
467.065
455.216
446.297
439.916
435.577
432.777
431.067
430.084
429.561
429.313
429.221
429.208
429.24
429.291
429.348
429.406
429.463
429.516
429.566
429.614
429.659
429.701
429.741
429.779
429.815
429.849
429.881
429.912
429.941
429.968
429.995
430.02
430.044
430.067
430.088
430.109
430.128
430.147
430.165
430.181
430.197
430.212
430.226
430.24
430.253
430.264
430.276
430.286
430.296
430.305
430.313
430.321
430.328
430.335
430.34
430.346
430.35
430.354
430.358
430.361
430.363
430.365
430.366
430.366
428.292
428.289
428.282
428.271
428.257
428.24
428.219
428.194
428.165
428.133
428.096
428.056
428.012
427.963
427.91
427.852
427.79
427.723
427.651
427.574
427.491
427.403
427.31
427.21
427.104
426.992
426.873
426.747
426.614
426.474
426.326
426.171
426.007
425.836
425.657
425.469
425.273
425.068
424.856
424.635
424.406
424.169
423.925
423.674
423.417
423.155
422.889
422.619
422.349
422.081
421.821
421.577
421.365
421.211
421.155
421.262
421.629
422.41
423.823
426.163
429.82
435.238
442.787
452.888
465.648
480.875
498.06
516.473
535.165
553.21
569.957
584.982
597.795
607.509
612.675
611.733
604.858
590.504
569.5
544.023
517.029
491.555
469.9
453.15
441.273
433.602
429.326
427.808
428.518
431.32
436.588
444.655
455.866
470.431
488.275
508.918
531.399
554.273
575.699
593.644
606.125
611.446
609.116
599.364
582.583
560.851
536.757
512.798
490.894
472.253
457.368
446.223
438.478
433.663
431.352
431.304
433.474
438.124
445.659
456.559
471.204
489.668
511.502
535.523
559.694
581.256
597.268
605.506
605.165
597.183
582.911
564.294
543.304
521.78
501.271
482.915
467.391
454.95
445.486
438.654
433.975
430.94
429.084
428.022
427.466
427.212
427.13
427.136
427.192
427.268
427.35
427.432
427.51
427.584
427.655
427.721
427.784
427.843
427.899
427.952
428.003
428.051
428.096
428.14
428.181
428.221
428.258
428.294
428.328
428.36
428.391
428.421
428.449
428.475
428.5
428.524
428.547
428.569
428.589
428.608
428.626
428.644
428.66
428.675
428.689
428.702
428.714
428.725
428.735
428.745
428.753
428.761
428.767
428.773
428.778
428.782
428.786
428.788
428.79
428.791
425.942
425.937
425.927
425.913
425.894
425.871
425.842
425.809
425.77
425.727
425.678
425.624
425.564
425.499
425.428
425.351
425.268
425.178
425.082
424.98
424.87
424.753
424.629
424.498
424.358
424.21
424.054
423.89
423.716
423.534
423.342
423.141
422.931
422.71
422.48
422.241
421.991
421.732
421.463
421.185
420.898
420.602
420.299
419.989
419.674
419.354
419.032
418.711
418.395
418.091
417.811
417.572
417.401
417.339
417.443
417.795
418.521
419.783
421.8
424.852
429.29
435.387
443.582
454.091
466.934
481.902
498.688
516.855
535.579
553.912
570.992
586.113
598.927
608.751
614.247
613.627
607.288
593.322
572.274
546.169
518.049
491.242
468.366
450.674
438.155
430.093
425.614
424.043
424.808
427.769
433.309
441.76
453.447
468.542
486.919
508.046
530.943
554.177
575.938
594.215
607.026
612.658
610.526
600.906
584.095
562.157
537.69
513.201
490.646
471.288
455.713
443.972
435.766
430.634
428.142
428.032
430.249
435.049
442.835
454.074
469.118
487.998
510.229
534.627
559.198
581.228
597.795
606.598
606.71
599.112
585.055
566.498
545.401
523.596
502.637
483.687
467.482
454.344
444.239
436.871
431.785
428.468
426.435
425.276
424.676
424.413
424.338
424.366
424.448
424.551
424.66
424.768
424.871
424.969
425.061
425.149
425.232
425.311
425.385
425.456
425.523
425.588
425.649
425.707
425.762
425.815
425.866
425.914
425.96
426.004
426.045
426.085
426.123
426.159
426.193
426.226
426.257
426.286
426.313
426.34
426.364
426.388
426.41
426.43
426.449
426.467
426.483
426.499
426.513
426.525
426.537
426.547
426.557
426.565
426.571
426.577
426.582
426.585
426.587
426.588
422.875
422.869
422.857
422.839
422.814
422.784
422.748
422.705
422.656
422.6
422.538
422.469
422.393
422.31
422.22
422.122
422.017
421.903
421.782
421.653
421.515
421.368
421.213
421.048
420.873
420.689
420.495
420.291
420.076
419.851
419.615
419.369
419.111
418.842
418.563
418.272
417.971
417.659
417.337
417.005
416.664
416.314
415.957
415.594
415.227
414.857
414.49
414.13
413.785
413.468
413.199
413.006
412.934
413.037
413.393
414.114
415.338
417.238
420.021
423.94
429.208
436.121
444.916
455.67
468.252
482.388
498.054
515.386
534.087
552.976
570.722
586.529
599.764
609.829
615.746
615.486
609.767
596.268
575.207
548.426
519.055
490.772
466.552
447.832
434.619
426.13
421.426
419.789
420.605
423.731
429.564
438.434
450.653
466.355
485.351
507.049
530.429
554.061
576.171
594.78
607.915
613.854
611.916
602.422
585.573
563.405
538.518
513.424
490.116
469.941
453.586
441.182
432.469
426.994
424.306
424.129
426.396
431.36
439.429
451.063
466.588
485.989
508.726
533.59
558.616
581.145
598.267
607.639
608.226
601.015
587.186
568.698
547.493
525.388
503.931
484.312
467.328
453.386
442.539
434.55
428.989
425.341
423.096
421.817
421.159
420.878
420.805
420.852
420.958
421.088
421.224
421.357
421.486
421.608
421.724
421.833
421.937
422.036
422.13
422.219
422.304
422.385
422.463
422.537
422.607
422.675
422.739
422.8
422.859
422.915
422.968
423.019
423.068
423.114
423.158
423.2
423.24
423.277
423.313
423.347
423.378
423.408
423.437
423.463
423.488
423.511
423.532
423.552
423.57
423.587
423.602
423.615
423.627
423.637
423.646
423.653
423.659
423.664
423.667
423.668
419.073
419.066
419.051
419.029
419
418.963
418.919
418.867
418.807
418.74
418.665
418.581
418.489
418.389
418.28
418.163
418.036
417.9
417.755
417.6
417.435
417.26
417.075
416.879
416.672
416.454
416.225
415.985
415.733
415.469
415.194
414.907
414.608
414.297
413.974
413.64
413.294
412.938
412.572
412.196
411.811
411.419
411.02
410.617
410.212
409.809
409.414
409.035
408.687
408.391
408.175
408.087
408.182
408.535
409.256
410.473
412.335
415.015
418.7
423.578
429.742
437.451
446.75
457.508
469.368
481.914
495.292
510.846
529.191
549.216
568.77
585.919
599.972
610.637
617.13
617.285
612.267
599.334
578.315
550.835
520.121
490.241
464.578
444.765
430.813
421.87
416.921
415.203
416.061
419.346
425.474
434.778
447.56
463.917
483.6
505.941
529.864
553.933
576.405
595.344
608.796
615.035
613.285
603.914
587.016
564.596
539.24
513.457
489.314
468.239
451.037
437.925
428.68
422.846
419.952
419.701
422.014
427.144
435.507
447.567
463.631
483.637
506.979
532.401
557.943
581
598.688
608.63
609.709
602.893
589.303
570.896
549.584
527.161
505.16
484.798
466.943
452.102
440.423
431.734
425.635
421.606
419.113
417.687
416.954
416.642
416.564
416.621
416.746
416.898
417.057
417.214
417.365
417.509
417.646
417.776
417.9
418.017
418.129
418.236
418.338
418.435
418.528
418.617
418.702
418.783
418.861
418.935
419.006
419.074
419.139
419.201
419.26
419.316
419.369
419.42
419.469
419.515
419.558
419.599
419.638
419.675
419.709
419.742
419.772
419.8
419.826
419.851
419.873
419.893
419.911
419.928
419.942
419.955
419.966
419.975
419.982
419.988
419.991
419.993
414.594
414.586
414.569
414.544
414.51
414.468
414.417
414.357
414.288
414.211
414.124
414.028
413.923
413.808
413.683
413.549
413.404
413.249
413.084
412.908
412.721
412.523
412.313
412.092
411.86
411.615
411.358
411.09
410.809
410.515
410.21
409.892
409.562
409.221
408.867
408.502
408.126
407.74
407.344
406.94
406.528
406.109
405.686
405.261
404.838
404.424
404.026
403.658
403.342
403.108
403.002
403.082
403.422
404.13
405.33
407.164
409.788
413.364
418.048
423.817
430.934
439.369
448.989
459.423
469.987
480.051
489.774
502.252
519.29
540.69
563.615
583.714
599.432
611.063
618.308
619.061
614.734
602.49
581.603
553.439
521.324
489.763
462.585
441.632
426.917
417.502
412.291
410.474
411.361
414.79
421.199
430.93
444.276
461.307
481.713
504.747
529.264
553.803
576.648
595.911
609.67
616.2
614.634
605.382
588.428
565.736
539.869
513.341
488.281
466.247
448.164
434.328
424.545
418.35
415.248
414.916
417.265
422.547
431.194
443.68
460.306
480.971
504.997
531.06
557.182
580.796
599.059
609.573
611.159
604.744
591.409
573.094
551.681
528.925
506.342
485.178
466.379
450.563
437.98
428.53
421.84
417.386
414.612
413.012
412.182
411.822
411.727
411.784
411.919
412.085
412.261
412.435
412.603
412.764
412.917
413.063
413.202
413.335
413.462
413.583
413.698
413.809
413.915
414.016
414.113
414.206
414.295
414.381
414.462
414.54
414.614
414.686
414.754
414.818
414.88
414.939
414.995
415.048
415.098
415.146
415.191
415.234
415.274
415.311
415.346
415.379
415.409
415.438
415.463
415.487
415.508
415.527
415.544
415.559
415.572
415.582
415.591
415.597
415.601
415.603
409.577
409.568
409.55
409.522
409.485
409.438
409.382
409.317
409.242
409.157
409.063
408.958
408.843
408.718
408.583
408.437
408.28
408.112
407.933
407.743
407.541
407.328
407.103
406.866
406.617
406.356
406.083
405.797
405.5
405.19
404.868
404.534
404.188
403.831
403.463
403.084
402.696
402.298
401.891
401.477
401.057
400.633
400.207
399.783
399.367
398.966
398.594
398.271
398.028
397.909
397.973
398.291
398.972
400.135
401.92
404.479
407.962
412.504
418.06
424.852
432.821
441.813
451.486
461.213
469.99
476.739
481.841
489.997
503.758
525.747
553.911
578.883
597.592
610.731
619.195
620.763
617.132
605.695
585.057
556.261
522.729
489.439
460.705
438.594
423.107
413.215
407.735
405.804
406.703
410.253
416.916
427.044
440.93
458.622
479.756
503.506
528.648
553.681
576.907
596.486
610.54
617.351
615.964
606.829
589.815
566.836
540.422
513.1
487.081
464.065
445.099
430.553
420.248
413.704
410.398
409.979
412.347
417.757
426.656
439.539
456.714
478.051
502.808
529.578
556.336
580.537
599.383
610.472
612.574
606.567
593.502
575.296
553.791
530.696
507.507
485.5
465.712
448.875
435.345
425.094
417.777
412.867
409.783
407.985
407.037
406.612
406.487
406.529
406.661
406.831
407.014
407.196
407.374
407.544
407.707
407.862
408.011
408.153
408.289
408.419
408.544
408.663
408.778
408.888
408.993
409.094
409.19
409.283
409.372
409.457
409.538
409.616
409.69
409.761
409.829
409.893
409.955
410.013
410.068
410.121
410.17
410.217
410.261
410.302
410.341
410.377
410.41
410.441
410.47
410.496
410.519
410.54
410.559
410.575
410.589
410.601
410.61
410.617
410.622
410.624
404.23
404.221
404.201
404.172
404.134
404.085
404.027
403.959
403.881
403.793
403.695
403.586
403.467
403.338
403.198
403.047
402.885
402.713
402.529
402.333
402.127
401.908
401.678
401.437
401.184
400.919
400.642
400.354
400.054
399.742
399.419
399.086
398.741
398.386
398.022
397.648
397.265
396.875
396.478
396.075
395.668
395.26
394.853
394.453
394.067
393.707
393.393
393.153
393.03
393.08
393.374
394.017
395.126
396.841
399.307
402.673
407.067
412.434
418.993
426.688
435.358
444.671
454.069
462.696
469.267
472.364
474.267
477.723
484.907
503.918
538.151
568.825
592.751
609.139
619.269
622.278
619.405
608.887
588.63
559.29
524.363
489.333
459.039
435.779
419.538
409.18
403.432
401.376
402.271
405.912
412.791
423.27
437.649
455.96
477.798
502.26
528.04
553.58
577.189
597.075
611.408
618.489
617.276
608.257
591.183
567.908
540.923
512.779
485.79
461.805
441.991
426.774
415.983
409.114
405.614
405.103
407.472
412.975
422.08
435.308
452.983
474.966
500.463
527.978
555.416
580.231
599.666
611.33
613.953
608.362
595.583
577.505
555.922
532.492
508.689
485.826
465.034
447.164
432.677
421.612
413.654
408.272
404.859
402.845
401.76
401.254
401.086
401.098
401.215
401.378
401.556
401.737
401.914
402.086
402.25
402.407
402.558
402.702
402.841
402.974
403.101
403.224
403.341
403.454
403.563
403.667
403.766
403.862
403.954
404.042
404.126
404.207
404.284
404.358
404.428
404.495
404.559
404.62
404.677
404.732
404.784
404.832
404.878
404.922
404.962
405
405.035
405.067
405.097
405.124
405.149
405.171
405.19
405.207
405.222
405.234
405.244
405.251
405.256
405.258
398.805
398.795
398.776
398.748
398.709
398.662
398.604
398.537
398.459
398.372
398.275
398.168
398.051
397.924
397.786
397.638
397.479
397.309
397.129
396.939
396.737
396.525
396.301
396.067
395.822
395.566
395.299
395.022
394.734
394.436
394.128
393.81
393.484
393.148
392.804
392.452
392.094
391.729
391.36
390.987
390.613
390.239
389.872
389.516
389.184
388.892
388.668
388.549
388.592
388.863
389.463
390.508
392.131
394.482
397.701
401.898
407.038
413.369
420.833
429.289
438.441
447.776
456.541
463.74
468.224
469.304
471.256
474.481
478.706
486.419
503.375
538.968
579.053
604.088
618.323
623.479
621.464
611.986
592.246
562.468
526.2
489.455
457.635
433.274
416.324
405.531
399.527
397.34
398.214
401.916
408.966
419.739
434.546
453.415
475.906
501.053
527.463
553.513
577.501
597.682
612.278
619.615
618.57
609.671
592.542
568.968
541.403
512.431
484.493
459.586
438.984
423.157
411.93
404.77
401.09
400.486
402.834
408.393
417.648
431.149
449.249
471.818
498.025
526.293
554.44
579.889
599.916
612.151
615.298
610.128
597.652
579.723
558.083
534.333
509.927
486.219
464.44
445.557
430.133
418.27
409.68
403.826
400.08
397.84
396.608
396.009
395.784
395.756
395.847
395.99
396.155
396.324
396.492
396.656
396.813
396.964
397.109
397.249
397.383
397.512
397.636
397.755
397.87
397.98
398.086
398.188
398.286
398.38
398.47
398.557
398.64
398.719
398.795
398.868
398.938
399.004
399.067
399.127
399.184
399.238
399.29
399.338
399.384
399.426
399.467
399.504
399.539
399.571
399.601
399.628
399.652
399.674
399.694
399.711
399.725
399.737
399.747
399.754
399.759
399.761
393.561
393.552
393.534
393.507
393.471
393.426
393.372
393.308
393.236
393.154
393.063
392.962
392.852
392.732
392.603
392.465
392.316
392.158
391.99
391.813
391.626
391.429
391.222
391.006
390.78
390.544
390.299
390.045
389.782
389.511
389.231
388.943
388.647
388.345
388.036
387.721
387.401
387.076
386.749
386.42
386.093
385.769
385.457
385.163
384.905
384.706
384.601
384.642
384.893
385.449
386.422
387.942
390.152
393.196
397.131
402.028
408.104
415.307
423.532
432.537
441.883
450.881
458.623
464.121
466.272
467.354
470.179
474.101
478.772
485.25
498.032
523.648
555.029
591.58
614.859
624.017
623.164
614.907
595.796
565.687
528.152
489.754
456.487
431.116
413.533
402.353
396.115
393.799
394.639
398.37
405.543
416.547
431.709
451.059
474.138
499.923
526.939
553.491
577.848
598.308
613.15
620.73
619.849
611.075
593.898
570.032
541.891
512.111
483.27
457.511
436.203
419.841
408.236
400.824
396.983
396.284
398.594
404.168
413.512
427.205
445.639
468.708
495.565
524.564
553.426
579.521
600.14
612.939
616.609
611.864
599.709
581.951
560.278
536.232
511.25
486.733
464.008
444.161
427.847
415.227
406.036
399.73
395.659
393.196
391.814
391.115
390.822
390.751
390.805
390.921
391.063
391.214
391.365
391.513
391.656
391.794
391.927
392.056
392.179
392.298
392.413
392.523
392.63
392.732
392.831
392.926
393.017
393.105
393.189
393.27
393.348
393.422
393.493
393.562
393.627
393.689
393.749
393.805
393.859
393.91
393.958
394.004
394.047
394.087
394.125
394.161
394.193
394.224
394.252
394.277
394.3
394.321
394.34
394.356
394.37
394.381
394.39
394.397
394.402
394.404
388.73
388.722
388.706
388.682
388.649
388.609
388.56
388.503
388.438
388.364
388.282
388.192
388.094
387.987
387.872
387.748
387.616
387.476
387.327
387.169
387.004
386.829
386.647
386.457
386.258
386.051
385.837
385.616
385.387
385.151
384.908
384.659
384.404
384.144
383.879
383.61
383.338
383.063
382.786
382.511
382.239
381.976
381.729
381.511
381.344
381.259
381.302
381.535
382.046
382.943
384.354
386.414
389.256
392.894
397.541
403.318
410.213
418.151
426.939
436.218
445.408
453.653
459.903
463.575
464.122
466.095
469.959
475.326
481.563
489.592
504.535
527.882
550.802
581.881
609.538
623.488
624.331
617.496
599.159
568.805
530.081
490.128
455.548
429.302
411.189
399.687
393.247
390.806
391.601
395.333
402.581
413.753
429.191
448.941
472.532
498.896
526.482
553.515
578.233
598.957
614.026
621.837
621.115
612.471
595.26
571.116
542.416
511.865
482.187
455.663
433.737
416.922
405.002
397.378
393.397
392.606
394.859
400.412
409.784
423.588
442.257
465.724
493.15
522.833
552.398
579.14
600.346
613.699
617.889
613.57
601.752
584.189
562.51
538.201
512.681
487.403
463.796
443.05
425.912
412.596
402.851
396.128
391.756
389.082
387.555
386.757
386.395
386.278
386.29
386.374
386.488
386.615
386.744
386.871
386.995
387.115
387.232
387.344
387.452
387.557
387.658
387.755
387.849
387.94
388.027
388.111
388.192
388.27
388.345
388.417
388.486
388.553
388.616
388.677
388.736
388.791
388.845
388.895
388.943
388.989
389.032
389.073
389.112
389.148
389.182
389.214
389.244
389.271
389.296
389.319
389.34
389.359
389.375
389.39
389.402
389.412
389.421
389.427
389.431
389.433
384.484
384.477
384.463
384.442
384.414
384.379
384.338
384.289
384.233
384.17
384.101
384.024
383.94
383.849
383.751
383.646
383.533
383.414
383.288
383.155
383.015
382.868
382.715
382.555
382.388
382.216
382.037
381.852
381.662
381.466
381.266
381.06
380.851
380.637
380.421
380.201
379.98
379.758
379.536
379.317
379.105
378.906
378.731
378.598
378.536
378.585
378.801
379.267
380.084
381.373
383.273
385.866
389.236
393.623
399.075
405.622
413.218
421.715
430.817
440.041
448.667
455.708
460.082
461.437
462.459
465.697
471.096
477.874
485.514
494.934
508.041
525.405
547.396
575.476
604.047
622.066
625.211
619.591
602.158
571.656
531.822
490.451
454.743
427.799
409.282
397.533
390.926
388.37
389.112
392.819
400.099
411.378
427.019
447.086
471.11
497.99
526.103
553.594
578.657
599.629
614.908
622.935
622.369
613.865
596.634
572.232
543.003
511.73
481.292
454.094
431.643
414.453
402.277
394.482
390.382
389.502
391.685
397.183
406.53
420.367
439.175
462.936
490.834
521.137
551.377
578.757
600.543
614.437
619.139
615.246
603.778
586.432
564.777
540.24
514.228
488.248
463.825
442.26
424.377
410.435
400.197
393.104
388.464
385.601
383.943
383.052
382.624
382.46
382.433
382.482
382.568
382.667
382.772
382.876
382.978
383.078
383.175
383.268
383.359
383.446
383.531
383.613
383.692
383.768
383.842
383.913
383.982
384.048
384.111
384.172
384.231
384.287
384.341
384.393
384.443
384.49
384.536
384.579
384.62
384.659
384.696
384.731
384.764
384.795
384.824
384.851
384.876
384.9
384.921
384.941
384.959
384.975
384.989
385.001
385.012
385.021
385.028
385.033
385.037
385.039
380.92
380.914
380.903
380.886
380.863
380.835
380.801
380.761
380.716
380.664
380.607
380.545
380.477
380.403
380.323
380.238
380.147
380.05
379.948
379.841
379.728
379.61
379.487
379.359
379.225
379.087
378.945
378.798
378.647
378.492
378.334
378.172
378.007
377.84
377.671
377.5
377.329
377.158
376.989
376.825
376.672
376.538
376.439
376.399
376.453
376.652
377.072
377.809
378.976
380.698
383.024
386.159
390.257
395.375
401.55
408.759
416.899
425.739
434.867
443.662
451.274
456.606
458.5
459.209
461.573
466.41
473.361
481.357
490.137
500.929
514.088
527.495
546.523
571.687
599.422
620.031
625.768
621.218
604.682
574.073
533.206
490.588
453.992
426.559
407.778
395.857
389.12
386.46
387.145
390.805
398.08
409.412
425.188
445.496
469.878
497.209
525.805
553.728
579.119
600.323
615.796
624.027
623.613
615.258
598.027
573.392
543.67
511.748
480.616
452.83
429.939
412.445
400.069
392.139
387.94
386.976
389.078
394.494
403.768
417.572
436.431
460.385
488.66
519.508
550.383
578.384
600.736
615.158
620.363
616.891
605.786
588.678
567.074
542.345
515.887
489.263
464.098
441.794
423.245
408.754
398.088
390.677
385.808
382.784
381.014
380.043
379.557
379.347
379.286
379.303
379.36
379.433
379.513
379.595
379.675
379.754
379.83
379.905
379.977
380.047
380.115
380.18
380.244
380.305
380.364
380.421
380.477
380.53
380.581
380.63
380.678
380.724
380.767
380.809
380.85
380.888
380.925
380.96
380.993
381.025
381.055
381.084
381.111
381.136
381.16
381.182
381.202
381.221
381.239
381.255
381.27
381.283
381.294
381.304
381.313
381.32
381.326
381.33
381.333
381.335
378.063
378.059
378.05
378.037
378.019
377.997
377.97
377.939
377.904
377.864
377.819
377.771
377.718
377.66
377.599
377.532
377.462
377.388
377.309
377.226
377.139
377.049
376.954
376.856
376.754
376.649
376.54
376.429
376.314
376.197
376.077
375.956
375.832
375.707
375.581
375.454
375.327
375.203
375.082
374.969
374.872
374.802
374.781
374.839
375.021
375.394
376.045
377.086
378.601
380.697
383.595
387.389
392.165
397.959
404.76
412.493
420.988
429.922
438.76
446.742
452.915
456.344
456.339
457.802
461.819
468.517
476.744
485.503
494.64
504.235
515.292
528.686
546.28
569.394
595.88
617.83
626.042
622.437
606.678
575.921
534.075
490.426
453.23
425.537
406.631
394.611
387.777
385.022
385.645
389.243
396.483
407.824
423.677
444.16
468.83
496.55
525.583
553.912
579.615
601.038
616.688
625.112
624.848
616.653
599.441
574.601
544.424
511.892
480.159
451.869
428.613
410.878
398.348
390.314
386.033
384.989
387.004
392.317
401.483
415.197
434.032
458.09
486.649
517.968
549.43
578.031
600.934
615.866
621.562
618.505
607.771
590.918
569.392
544.504
517.643
490.43
464.589
441.621
422.485
407.519
396.491
388.815
383.759
380.604
378.741
377.705
377.17
376.923
376.832
376.821
376.852
376.902
376.96
377.02
377.08
377.14
377.198
377.254
377.309
377.362
377.414
377.464
377.512
377.559
377.605
377.649
377.691
377.732
377.772
377.81
377.847
377.882
377.916
377.948
377.979
378.009
378.038
378.065
378.091
378.115
378.139
378.161
378.182
378.201
378.22
378.237
378.253
378.268
378.281
378.294
378.305
378.315
378.324
378.332
378.339
378.345
378.349
378.353
378.355
378.356
375.873
375.87
375.863
375.853
375.84
375.824
375.804
375.781
375.754
375.725
375.692
375.655
375.616
375.573
375.528
375.479
375.427
375.372
375.314
375.253
375.189
375.122
375.053
374.981
374.906
374.83
374.751
374.67
374.587
374.502
374.416
374.328
374.24
374.15
374.06
373.97
373.882
373.796
373.717
373.65
373.604
373.598
373.656
373.819
374.146
374.715
375.624
376.933
378.825
381.458
384.941
389.365
394.777
401.169
408.474
416.559
425.187
433.94
442.149
448.918
453.378
454.174
454.396
457.316
463.351
471.665
480.859
490.057
499.498
509.339
518.316
530.129
546.3
567.872
593.239
615.783
625.985
623.269
608.135
577.124
534.254
489.892
452.421
424.699
405.795
393.736
386.828
383.986
384.544
388.067
395.25
406.565
422.451
443.053
467.951
496.005
525.432
554.139
580.14
601.769
617.585
626.193
626.076
618.051
600.879
575.861
545.272
512.19
479.92
451.195
427.635
409.707
397.058
388.944
384.595
383.478
385.401
390.597
399.628
413.21
431.963
456.049
484.811
516.527
548.528
577.704
601.142
616.568
622.739
620.089
609.731
593.146
571.719
546.699
519.473
491.719
465.26
441.691
422.046
406.672
395.342
387.451
382.245
378.988
377.054
375.967
375.394
375.116
375
374.967
374.977
375.007
375.046
375.089
375.132
375.175
375.216
375.257
375.297
375.336
375.374
375.41
375.446
375.48
375.513
375.546
375.577
375.607
375.636
375.664
375.691
375.717
375.742
375.766
375.789
375.811
375.832
375.852
375.871
375.89
375.907
375.923
375.939
375.953
375.967
375.98
375.992
376.003
376.013
376.022
376.03
376.038
376.045
376.051
376.056
376.06
376.063
376.066
376.067
376.068
374.267
374.264
374.26
374.252
374.243
374.231
374.217
374.201
374.182
374.161
374.137
374.112
374.084
374.053
374.021
373.986
373.95
373.911
373.87
373.827
373.782
373.735
373.686
373.636
373.584
373.531
373.476
373.419
373.362
373.303
373.244
373.183
373.123
373.061
373.001
372.94
372.882
372.829
372.785
372.757
372.761
372.816
372.957
373.237
373.725
374.492
375.628
377.315
379.673
382.832
386.894
391.916
397.901
404.785
412.446
420.687
429.2
437.469
444.677
449.791
452.31
451.374
453.024
457.935
466.03
475.714
485.519
494.466
502.19
510.572
519.919
531.258
546.463
566.79
591.263
614.039
625.83
623.846
609.127
577.376
533.792
488.996
451.57
424.031
405.232
393.173
386.205
383.276
383.767
387.208
394.317
405.583
421.467
442.144
467.221
495.559
525.341
554.403
580.688
602.515
618.486
627.268
627.297
619.453
602.341
577.174
546.212
512.635
479.885
450.78
426.962
408.876
396.133
387.955
383.548
382.362
384.193
389.265
398.145
411.567
430.192
454.248
483.142
515.19
547.683
577.407
601.364
617.266
623.896
621.643
611.662
595.355
574.041
548.913
521.352
493.097
466.073
441.967
421.874
406.143
394.56
386.497
381.175
377.84
375.853
374.729
374.127
373.827
373.691
373.643
373.636
373.651
373.675
373.703
373.732
373.762
373.791
373.819
373.847
373.874
373.9
373.925
373.95
373.974
373.997
374.02
374.042
374.063
374.084
374.103
374.122
374.141
374.158
374.175
374.191
374.207
374.222
374.236
374.249
374.262
374.275
374.286
374.297
374.307
374.317
374.326
374.335
374.342
374.35
374.356
374.362
374.367
374.372
374.376
374.38
374.383
374.385
374.387
374.388
374.389
373.138
373.136
373.133
373.128
373.122
373.114
373.104
373.093
373.08
373.066
373.05
373.032
373.013
372.993
372.971
372.947
372.922
372.896
372.868
372.84
372.809
372.778
372.745
372.712
372.677
372.641
372.604
372.567
372.529
372.49
372.451
372.411
372.372
372.332
372.293
372.255
372.221
372.193
372.178
372.187
372.237
372.357
372.589
372.996
373.631
374.614
376.084
378.167
380.995
384.682
389.299
394.867
401.336
408.587
416.433
424.616
432.748
440.213
446.017
449.149
449.118
449.323
452.672
460.03
469.853
480.426
490.786
499.534
506.301
513.353
521.878
532.601
547.002
566.365
589.854
612.64
625.588
624.079
609.215
576.96
532.658
487.779
450.722
423.54
404.912
392.872
385.844
382.824
383.244
386.596
393.623
404.824
420.682
441.403
466.618
495.199
525.301
554.694
581.254
603.271
619.389
628.335
628.517
620.857
603.826
578.537
547.24
513.213
480.029
450.592
426.546
408.324
395.501
387.269
382.812
381.561
383.301
388.247
396.967
410.213
428.682
452.661
481.632
513.954
546.895
577.143
601.604
617.965
625.036
623.169
613.559
597.535
576.346
551.126
523.253
494.531
466.983
442.384
421.878
405.858
394.065
385.862
380.451
377.059
375.034
373.884
373.262
372.946
372.797
372.735
372.717
372.72
372.733
372.751
372.77
372.789
372.808
372.827
372.845
372.863
372.88
372.898
372.914
372.93
372.946
372.961
372.976
372.99
373.003
373.017
373.03
373.042
373.054
373.065
373.076
373.086
373.097
373.106
373.115
373.124
373.132
373.14
373.147
373.154
373.161
373.167
373.173
373.178
373.183
373.187
373.191
373.195
373.198
373.201
373.204
373.206
373.207
373.208
373.209
373.21
372.377
372.376
372.374
372.371
372.367
372.362
372.355
372.348
372.34
372.33
372.32
372.309
372.296
372.283
372.269
372.254
372.237
372.22
372.203
372.184
372.164
372.144
372.123
372.102
372.08
372.057
372.034
372.01
371.986
371.961
371.936
371.912
371.887
371.863
371.839
371.818
371.802
371.795
371.806
371.849
371.947
372.136
372.463
372.983
373.816
375.073
376.882
379.376
382.676
386.871
392
398.037
404.881
412.354
420.206
428.108
435.59
441.912
446.05
446.251
446.167
448.273
454.355
463.827
474.526
485.154
495.495
504.417
510.566
516.925
524.656
534.692
548.314
566.783
589.349
611.65
625.285
624.008
608.901
575.804
530.934
486.368
449.958
423.247
404.801
392.774
385.687
382.568
382.913
386.172
393.11
404.237
420.055
440.796
466.121
494.91
525.301
555.005
581.83
604.033
620.291
629.395
629.734
622.262
605.333
579.948
548.349
513.909
480.328
450.581
426.339
407.993
395.098
386.817
382.313
380.999
382.651
387.473
396.034
409.097
427.392
451.263
480.265
512.813
546.162
576.912
601.862
618.666
626.159
624.666
615.421
599.68
578.622
553.32
525.152
495.991
467.955
442.907
422.04
405.757
393.782
385.465
379.985
376.55
374.499
373.33
372.696
372.368
372.21
372.139
372.113
372.109
372.114
372.124
372.135
372.147
372.159
372.171
372.183
372.194
372.205
372.216
372.227
372.237
372.247
372.256
372.266
372.275
372.284
372.292
372.301
372.308
372.316
372.323
372.33
372.337
372.344
372.35
372.356
372.361
372.367
372.372
372.377
372.381
372.385
372.389
372.393
372.396
372.4
372.402
372.405
372.407
372.41
372.411
372.413
372.414
372.415
372.416
372.417
372.417
371.886
371.885
371.884
371.882
371.879
371.876
371.872
371.867
371.862
371.856
371.85
371.843
371.835
371.827
371.818
371.809
371.799
371.788
371.777
371.766
371.754
371.742
371.729
371.716
371.702
371.688
371.674
371.66
371.645
371.63
371.616
371.601
371.586
371.573
371.561
371.552
371.55
371.561
371.596
371.673
371.821
372.076
372.498
373.185
374.236
375.777
377.938
380.846
384.602
389.266
394.838
401.247
408.34
415.881
423.554
430.958
437.539
442.455
444.56
442.995
444.486
449.304
458.123
468.962
479.675
489.475
498.063
506.256
513.791
520.777
528.381
537.903
550.733
568.124
589.705
611.255
624.995
623.758
608.049
573.925
528.811
484.944
449.376
423.156
404.883
392.843
385.671
382.456
382.721
385.884
392.732
403.781
419.55
440.297
465.708
494.678
525.33
555.329
582.411
604.798
621.193
630.447
630.95
623.669
606.859
581.401
549.531
514.71
480.76
450.726
426.292
407.834
394.866
386.536
381.985
380.612
382.181
386.885
395.291
408.172
426.286
450.029
479.027
511.759
545.482
576.713
602.139
619.372
627.269
626.136
617.243
601.783
580.856
555.479
527.03
497.451
468.957
443.493
422.293
405.767
393.646
385.234
379.699
376.232
374.162
372.982
372.339
372.005
371.84
371.764
371.733
371.723
371.723
371.727
371.734
371.741
371.748
371.755
371.762
371.769
371.776
371.782
371.789
371.795
371.801
371.807
371.813
371.819
371.824
371.829
371.834
371.839
371.844
371.848
371.853
371.857
371.861
371.865
371.868
371.872
371.875
371.878
371.881
371.884
371.887
371.889
371.891
371.893
371.895
371.897
371.899
371.9
371.902
371.903
371.904
371.904
371.905
371.906
371.906
371.906
371.58
371.58
371.579
371.578
371.577
371.575
371.572
371.57
371.567
371.563
371.559
371.555
371.551
371.546
371.54
371.535
371.529
371.523
371.516
371.51
371.503
371.495
371.488
371.48
371.473
371.464
371.456
371.448
371.44
371.431
371.423
371.415
371.407
371.401
371.397
371.397
371.407
371.434
371.493
371.607
371.801
372.136
372.686
373.545
374.827
376.661
379.176
382.483
386.658
391.729
397.655
404.322
411.528
418.977
426.282
432.972
438.424
441.794
440.925
440.812
444.153
452.331
463.509
474.894
484.988
494.05
502.945
510.35
517.901
525.357
533.149
542.366
554.411
570.583
590.816
611.454
624.776
623.289
606.636
571.513
526.557
483.709
449.075
423.333
405.182
393.083
385.791
382.446
382.629
385.692
392.449
403.419
419.135
439.878
465.359
494.491
525.383
555.66
582.992
605.561
622.09
631.49
632.163
625.075
608.401
582.894
550.779
515.603
481.305
450.996
426.37
407.796
394.761
386.379
381.78
380.35
381.84
386.433
394.693
407.399
425.333
448.938
477.906
510.786
544.85
576.543
602.436
620.084
628.366
627.579
619.024
603.839
583.041
557.589
528.868
498.891
469.966
444.113
422.608
405.869
393.609
385.116
379.535
376.043
373.96
372.772
372.123
371.785
371.616
371.537
371.502
371.489
371.486
371.487
371.49
371.494
371.498
371.502
371.506
371.51
371.514
371.518
371.522
371.525
371.529
371.532
371.536
371.539
371.542
371.545
371.548
371.551
371.554
371.556
371.559
371.561
371.564
371.566
371.568
371.57
371.572
371.574
371.576
371.577
371.579
371.58
371.582
371.583
371.584
371.585
371.586
371.587
371.588
371.588
371.589
371.589
371.59
371.59
371.59
371.59
371.398
371.398
371.397
371.397
371.396
371.395
371.393
371.392
371.39
371.388
371.386
371.384
371.381
371.378
371.376
371.372
371.369
371.366
371.362
371.358
371.355
371.351
371.347
371.342
371.338
371.334
371.329
371.325
371.32
371.316
371.312
371.308
371.305
371.303
371.305
371.313
371.334
371.378
371.461
371.607
371.866
372.295
372.979
374.021
375.541
377.668
380.521
384.194
388.733
394.13
400.306
407.106
414.283
421.477
428.217
433.944
438.189
439.478
437.411
439.62
446.651
457.984
470.42
481.325
490.065
497.478
506.044
514.652
522.877
530.843
538.913
547.946
559.241
574.114
592.757
612.062
624.626
622.597
604.761
568.855
524.484
482.863
449.139
423.791
405.674
393.458
386.012
382.518
382.607
385.565
392.23
403.122
418.783
439.517
465.059
494.335
525.451
555.992
583.569
606.319
622.982
632.525
633.371
626.481
609.958
584.421
552.084
516.576
481.946
451.368
426.552
407.852
394.74
386.307
381.66
380.173
381.591
386.081
394.206
406.749
424.509
447.971
476.892
509.889
544.266
576.403
602.753
620.803
629.451
628.995
620.764
605.844
585.167
559.64
530.656
500.296
470.963
444.745
422.957
406.019
393.633
385.07
379.449
375.937
373.843
372.65
371.998
371.657
371.486
371.405
371.368
371.352
371.347
371.346
371.347
371.349
371.351
371.354
371.356
371.358
371.36
371.362
371.365
371.367
371.369
371.371
371.372
371.374
371.376
371.378
371.379
371.381
371.382
371.384
371.385
371.387
371.388
371.389
371.39
371.392
371.393
371.394
371.395
371.396
371.397
371.397
371.398
371.399
371.399
371.4
371.401
371.401
371.401
371.402
371.402
371.402
371.403
371.403
371.403
371.403
371.293
371.293
371.293
371.292
371.292
371.291
371.291
371.29
371.289
371.288
371.287
371.285
371.284
371.283
371.281
371.28
371.278
371.276
371.274
371.272
371.27
371.268
371.266
371.264
371.262
371.26
371.258
371.256
371.254
371.252
371.25
371.248
371.248
371.25
371.257
371.272
371.304
371.363
371.472
371.666
371.993
372.524
373.348
374.576
376.332
378.738
381.899
385.887
390.717
396.346
402.659
409.466
416.473
423.246
429.207
433.917
436.489
434.841
435.405
440.59
451.794
465.68
478.351
488.076
495.696
504.394
512.288
520.577
528.952
537.21
545.469
554.336
564.92
578.487
595.412
613.09
624.544
621.709
602.617
566.299
522.898
482.581
449.644
424.537
406.351
393.951
386.312
382.648
382.631
385.48
392.053
402.867
418.473
439.195
464.789
494.199
525.526
556.321
584.138
607.07
623.868
633.55
634.575
627.884
611.525
585.979
553.441
517.619
482.668
451.824
426.815
407.984
394.784
386.292
381.596
380.056
381.405
385.802
393.805
406.198
423.796
447.119
475.98
509.069
543.728
576.29
603.088
621.531
630.525
630.382
622.462
607.793
587.23
561.624
532.382
501.655
471.933
445.372
423.319
406.198
393.696
385.066
379.411
375.882
373.78
372.582
371.928
371.585
371.413
371.33
371.292
371.276
371.269
371.267
371.267
371.268
371.269
371.27
371.271
371.272
371.274
371.275
371.276
371.277
371.278
371.279
371.28
371.281
371.282
371.283
371.284
371.284
371.285
371.286
371.287
371.287
371.288
371.289
371.289
371.29
371.291
371.291
371.292
371.292
371.293
371.293
371.293
371.294
371.294
371.294
371.295
371.295
371.295
371.295
371.296
371.296
371.296
371.296
371.296
371.296
371.235
371.235
371.234
371.234
371.234
371.234
371.233
371.233
371.233
371.232
371.232
371.231
371.23
371.23
371.229
371.228
371.227
371.227
371.226
371.225
371.224
371.223
371.222
371.221
371.22
371.22
371.219
371.218
371.217
371.216
371.216
371.217
371.218
371.223
371.234
371.257
371.298
371.377
371.519
371.762
372.164
372.799
373.766
375.177
377.153
379.807
383.231
387.469
392.509
398.273
404.615
411.303
417.997
424.18
429.272
432.381
433.112
431.356
434.623
444.949
460.127
475.193
486.928
494.946
500.882
509.776
518.935
527.61
536.034
544.317
552.563
561.186
571.08
583.384
598.566
614.446
624.487
620.691
600.472
564.207
522.091
482.958
450.61
425.578
407.205
394.55
386.676
382.821
382.683
385.423
391.9
402.635
418.187
438.895
464.537
494.073
525.6
556.641
584.695
607.811
624.744
634.566
635.772
629.283
613.102
587.565
554.844
518.723
483.457
452.347
427.139
408.17
394.877
386.318
381.572
379.979
381.265
385.578
393.471
405.73
423.182
446.373
475.169
508.327
543.24
576.206
603.443
622.266
631.588
631.745
624.117
609.684
589.224
563.536
534.04
502.96
472.867
445.981
423.68
406.389
393.781
385.089
379.402
375.857
373.747
372.545
371.89
371.546
371.373
371.29
371.251
371.234
371.227
371.224
371.224
371.224
371.224
371.225
371.225
371.226
371.226
371.227
371.227
371.228
371.228
371.229
371.229
371.23
371.23
371.231
371.231
371.231
371.232
371.232
371.233
371.233
371.233
371.234
371.234
371.234
371.235
371.235
371.235
371.235
371.235
371.236
371.236
371.236
371.236
371.236
371.237
371.237
371.237
371.237
371.237
371.237
371.237
371.237
371.237
371.237
371.203
371.203
371.203
371.203
371.203
371.203
371.203
371.202
371.202
371.202
371.202
371.202
371.201
371.201
371.201
371.201
371.2
371.2
371.2
371.199
371.199
371.199
371.199
371.198
371.198
371.198
371.198
371.198
371.198
371.198
371.199
371.2
371.204
371.211
371.226
371.255
371.311
371.411
371.587
371.883
372.361
373.101
374.203
375.78
377.948
380.808
384.435
388.852
394.021
399.832
406.099
412.549
418.786
424.327
428.214
429.155
427.872
429.926
438.315
453.759
471.265
485.867
496.06
503.795
510.663
518.957
527.559
535.9
543.998
551.979
559.95
568.194
577.387
588.497
601.991
616.02
624.512
619.663
598.603
562.964
522.213
484.044
452.052
426.909
408.229
395.244
387.093
383.028
382.749
385.381
391.759
402.415
417.911
438.602
464.289
493.945
525.668
556.948
585.239
608.541
625.611
635.571
636.962
630.677
614.684
589.174
556.288
519.88
484.303
452.924
427.51
408.396
395.003
386.374
381.572
379.929
381.159
385.396
393.193
405.334
422.656
445.728
474.459
507.669
542.807
576.154
603.818
623.009
632.639
633.083
625.728
611.516
591.147
565.371
535.626
504.204
473.758
446.565
424.031
406.581
393.874
385.126
379.408
375.848
373.731
372.527
371.87
371.526
371.353
371.269
371.23
371.212
371.205
371.202
371.201
371.2
371.2
371.201
371.201
371.201
371.201
371.201
371.202
371.202
371.202
371.202
371.203
371.203
371.203
371.203
371.203
371.203
371.204
371.204
371.204
371.204
371.204
371.204
371.205
371.205
371.205
371.205
371.205
371.205
371.205
371.205
371.205
371.205
371.205
371.206
371.206
371.206
371.206
371.206
371.206
371.206
371.206
371.206
371.206
371.206
371.186
371.186
371.186
371.186
371.186
371.186
371.186
371.186
371.186
371.186
371.186
371.186
371.186
371.186
371.186
371.186
371.186
371.186
371.186
371.186
371.186
371.186
371.186
371.186
371.186
371.187
371.187
371.187
371.187
371.188
371.189
371.192
371.197
371.207
371.226
371.264
371.333
371.457
371.668
372.016
372.566
373.401
374.622
376.336
378.651
381.662
385.427
389.955
395.182
400.963
407.069
413.169
418.899
423.515
425.892
424.028
425.08
430.724
445.858
465.922
483.983
496.709
505.429
516.209
524.207
531.34
538.438
545.565
552.736
560.005
567.416
575.121
583.59
593.581
605.497
617.725
624.61
618.764
597.511
562.955
523.246
485.85
453.962
428.521
409.412
396.025
387.555
383.259
382.821
385.346
391.619
402.194
417.632
438.305
464.033
493.807
525.721
557.24
585.767
609.258
626.467
636.564
638.144
632.064
616.271
590.803
557.766
521.081
485.196
453.544
427.919
408.652
395.154
386.451
381.592
379.9
381.077
385.248
392.962
405.002
422.212
445.182
473.854
507.103
542.438
576.142
604.214
623.762
633.68
634.396
627.294
613.287
592.997
567.128
537.137
505.385
474.6
447.118
424.365
406.768
393.969
385.169
379.422
375.848
373.725
372.518
371.86
371.515
371.342
371.258
371.218
371.201
371.193
371.19
371.189
371.188
371.188
371.188
371.188
371.188
371.188
371.188
371.189
371.189
371.189
371.189
371.189
371.189
371.189
371.189
371.189
371.189
371.189
371.189
371.189
371.189
371.189
371.189
371.189
371.189
371.189
371.189
371.189
371.19
371.19
371.19
371.19
371.19
371.19
371.19
371.19
371.19
371.19
371.19
371.19
371.19
371.19
371.19
371.19
371.19
371.178
371.178
371.178
371.178
371.178
371.178
371.178
371.178
371.178
371.178
371.178
371.178
371.178
371.178
371.178
371.178
371.178
371.179
371.179
371.179
371.179
371.179
371.179
371.18
371.18
371.18
371.181
371.181
371.182
371.183
371.185
371.188
371.194
371.207
371.231
371.277
371.36
371.505
371.749
372.142
372.753
373.663
374.971
376.779
379.189
382.289
386.13
390.709
395.939
401.631
407.502
413.242
418.251
421.694
422.289
420.511
424.627
438.677
460.2
481.742
497.783
507.369
515.059
527.888
537.262
544.16
550.156
555.967
561.908
568.152
574.758
581.787
589.511
598.472
608.957
619.521
624.881
618.606
597.585
563.794
525.262
488.355
456.313
430.393
410.74
396.882
388.054
383.506
382.895
385.31
391.476
401.965
417.344
437.995
463.762
493.651
525.755
557.512
586.277
609.96
627.311
637.546
639.316
633.443
617.86
592.449
559.276
522.321
486.128
454.199
428.356
408.931
395.321
386.541
381.626
379.886
381.015
385.128
392.771
404.727
421.844
444.73
473.354
506.639
542.146
576.175
604.636
624.525
634.713
635.683
628.816
614.996
594.772
568.804
538.57
506.499
475.391
447.635
424.678
406.944
394.062
385.213
379.441
375.854
373.724
372.514
371.855
371.51
371.336
371.252
371.213
371.195
371.187
371.184
371.183
371.182
371.182
371.182
371.182
371.182
371.182
371.182
371.182
371.182
371.182
371.182
371.182
371.182
371.182
371.182
371.182
371.182
371.182
371.182
371.182
371.182
371.182
371.182
371.182
371.182
371.182
371.182
371.182
371.182
371.182
371.182
371.182
371.182
371.182
371.182
371.182
371.182
371.182
371.182
371.182
371.182
371.182
371.182
371.182
371.182
371.173
371.173
371.173
371.173
371.173
371.173
371.173
371.173
371.173
371.173
371.174
371.174
371.174
371.174
371.174
371.174
371.174
371.174
371.175
371.175
371.175
371.175
371.176
371.176
371.176
371.177
371.177
371.178
371.179
371.18
371.182
371.186
371.194
371.209
371.237
371.29
371.384
371.546
371.813
372.237
372.885
373.839
375.191
377.041
379.49
382.622
386.488
391.077
396.274
401.859
407.491
412.67
416.802
418.844
416.801
419.133
430.641
452.509
477.698
498.505
511.618
519.52
528.543
537.636
545.278
552.293
559.019
565.081
570.55
575.982
581.753
588.042
595.032
603.065
612.297
621.4
625.396
618.856
598.301
565.733
528.192
491.492
459.061
432.496
412.194
397.8
388.579
383.763
382.965
385.269
391.324
401.724
417.039
437.665
463.466
493.468
525.763
557.761
586.768
610.647
628.143
638.515
640.477
634.813
619.448
594.109
560.811
523.592
487.091
454.882
428.815
409.226
395.501
386.641
381.668
379.883
380.969
385.033
392.616
404.503
421.548
444.369
472.962
506.283
541.942
576.263
605.089
625.3
635.738
636.944
630.293
616.642
596.471
570.399
539.925
507.543
476.127
448.112
424.966
407.107
394.148
385.256
379.46
375.861
373.726
372.513
371.853
371.507
371.333
371.249
371.21
371.192
371.184
371.181
371.179
371.179
371.179
371.179
371.178
371.178
371.178
371.178
371.178
371.178
371.178
371.178
371.178
371.178
371.178
371.178
371.178
371.178
371.178
371.178
371.178
371.178
371.178
371.178
371.178
371.178
371.178
371.178
371.178
371.178
371.178
371.178
371.178
371.178
371.178
371.178
371.178
371.178
371.178
371.178
371.178
371.178
371.178
371.178
371.178
371.178
371.17
371.17
371.17
371.171
371.171
371.171
371.171
371.171
371.171
371.171
371.171
371.171
371.171
371.171
371.171
371.172
371.172
371.172
371.172
371.172
371.173
371.173
371.173
371.174
371.174
371.175
371.175
371.176
371.177
371.178
371.181
371.185
371.194
371.21
371.241
371.298
371.397
371.566
371.842
372.276
372.935
373.897
375.254
377.105
379.55
382.677
386.541
391.122
396.275
401.682
406.873
411.314
414.349
414.744
413.401
420.167
440.773
469.444
496.135
515.5
524.326
527.111
529.522
534.013
540.72
549.179
558.32
567.471
575.887
582.38
588.021
593.756
600.079
607.305
615.478
623.367
626.214
619.624
599.901
568.666
531.913
495.175
462.148
434.794
413.749
398.766
389.122
384.023
383.029
385.219
391.161
401.468
416.714
437.31
463.143
493.255
525.741
557.984
587.239
611.319
628.962
639.471
641.626
636.171
621.033
595.778
562.367
524.887
488.078
455.584
429.289
409.532
395.689
386.747
381.718
379.889
380.937
384.959
392.494
404.327
421.318
444.096
472.677
506.042
541.836
576.418
605.577
626.089
636.758
638.179
631.726
618.228
598.096
571.912
541.2
508.517
476.806
448.549
425.228
407.255
394.227
385.296
379.479
375.869
373.729
372.513
371.851
371.505
371.331
371.247
371.208
371.19
371.182
371.179
371.178
371.177
371.177
371.177
371.177
371.177
371.176
371.176
371.176
371.176
371.176
371.176
371.176
371.176
371.176
371.176
371.176
371.176
371.176
371.176
371.176
371.176
371.176
371.176
371.176
371.176
371.176
371.176
371.176
371.176
371.176
371.176
371.176
371.176
371.176
371.176
371.175
371.175
371.175
371.175
371.175
371.175
371.175
371.175
371.175
371.175
371.169
371.169
371.169
371.169
371.169
371.169
371.169
371.169
371.169
371.169
371.169
371.169
371.169
371.17
371.17
371.17
371.17
371.17
371.171
371.171
371.171
371.171
371.172
371.172
371.172
371.173
371.173
371.174
371.175
371.177
371.179
371.184
371.193
371.209
371.241
371.297
371.395
371.56
371.827
372.246
372.879
373.801
375.105
376.893
379.274
382.348
386.177
390.726
395.792
400.949
405.581
409.061
410.8
408.891
412.072
427.955
456.43
487.661
512.981
523.251
523.986
519.182
513.229
514.935
522.143
534.143
548.684
563.028
575.209
585.369
592.742
598.69
604.601
611.166
618.479
625.421
627.372
620.997
602.35
572.421
536.283
499.302
465.51
437.243
415.378
399.76
389.671
384.279
383.084
385.16
390.985
401.196
416.37
436.93
462.789
493.009
525.688
558.18
587.688
611.976
629.769
640.415
642.763
637.516
622.612
597.454
563.937
526.2
489.08
456.299
429.773
409.845
395.882
386.858
381.772
379.902
380.917
384.903
392.401
404.195
421.149
443.906
472.495
505.919
541.858
576.652
606.109
626.895
637.773
639.389
633.114
619.751
599.646
573.345
542.395
509.419
477.427
448.943
425.462
407.386
394.298
385.332
379.497
375.878
373.732
372.514
371.851
371.505
371.33
371.246
371.207
371.189
371.181
371.178
371.176
371.176
371.176
371.175
371.175
371.175
371.175
371.175
371.175
371.175
371.175
371.175
371.175
371.175
371.175
371.175
371.175
371.175
371.175
371.175
371.175
371.175
371.175
371.175
371.175
371.175
371.174
371.174
371.174
371.174
371.174
371.174
371.174
371.174
371.174
371.174
371.174
371.174
371.174
371.174
371.174
371.174
371.174
371.174
371.174
371.174
371.167
371.167
371.167
371.168
371.168
371.168
371.168
371.168
371.168
371.168
371.168
371.168
371.168
371.168
371.168
371.169
371.169
371.169
371.169
371.169
371.17
371.17
371.17
371.171
371.171
371.171
371.172
371.173
371.174
371.175
371.177
371.181
371.189
371.203
371.229
371.276
371.357
371.494
371.717
372.072
372.618
373.433
374.615
376.282
378.559
381.562
385.354
389.87
394.828
399.654
403.512
405.602
405.92
405.514
414.445
439.671
472.884
502.436
519.046
521.529
510.594
496.754
489.155
489.972
497.381
511.546
530.527
551.15
569.811
584.254
595.021
602.404
608.477
614.632
621.285
627.533
628.873
622.918
605.482
576.806
541.143
503.765
469.071
439.793
417.045
400.761
390.214
384.524
383.127
385.089
390.798
400.91
416.006
436.526
462.405
492.73
525.601
558.348
588.117
612.619
630.564
641.346
643.886
638.848
624.183
599.131
565.517
527.524
490.092
457.021
430.262
410.161
396.077
386.971
381.83
379.922
380.907
384.866
392.336
404.103
421.038
443.793
472.412
505.915
541.971
576.971
606.69
627.721
638.784
640.574
634.459
621.214
601.123
574.697
543.51
510.249
477.99
449.295
425.668
407.502
394.361
385.365
379.514
375.885
373.735
372.515
371.851
371.504
371.329
371.245
371.206
371.188
371.18
371.177
371.176
371.175
371.175
371.175
371.175
371.174
371.174
371.174
371.174
371.174
371.174
371.174
371.174
371.174
371.174
371.174
371.174
371.174
371.174
371.174
371.174
371.174
371.174
371.174
371.174
371.174
371.174
371.174
371.174
371.174
371.174
371.174
371.174
371.174
371.174
371.174
371.174
371.174
371.174
371.174
371.173
371.173
371.173
371.173
371.173
371.173
371.166
371.166
371.166
371.166
371.166
371.166
371.167
371.167
371.167
371.167
371.167
371.167
371.167
371.167
371.167
371.167
371.168
371.168
371.168
371.168
371.168
371.169
371.169
371.169
371.17
371.17
371.171
371.171
371.172
371.173
371.174
371.176
371.179
371.186
371.198
371.221
371.262
371.337
371.47
371.702
372.093
372.731
373.733
375.239
377.401
380.346
384.119
388.597
393.391
397.764
400.611
400.695
399.473
404.195
423.75
455.671
487.984
510.989
517.925
512.631
493.542
478.912
470.408
470.273
476.751
490.75
511.049
535.204
559.46
579.795
594.361
604.696
611.608
617.679
623.881
629.654
630.673
625.266
609.093
581.617
546.332
508.444
472.747
442.385
418.713
401.745
390.737
384.752
383.157
385.006
390.6
400.611
415.628
436.102
461.995
492.419
525.483
558.488
588.525
613.247
631.348
642.264
644.995
640.164
625.742
600.807
567.1
528.851
491.105
457.742
430.75
410.477
396.272
387.084
381.89
379.946
380.906
384.844
392.296
404.049
420.98
443.75
472.415
506.004
542.196
577.382
607.327
628.57
639.794
641.733
635.761
622.618
602.527
575.97
544.547
511.008
478.494
449.604
425.848
407.602
394.415
385.395
379.529
375.893
373.739
372.516
371.851
371.503
371.329
371.244
371.205
371.187
371.179
371.176
371.175
371.174
371.174
371.174
371.174
371.174
371.174
371.174
371.174
371.174
371.174
371.173
371.173
371.173
371.173
371.173
371.173
371.173
371.173
371.173
371.173
371.173
371.173
371.173
371.173
371.173
371.173
371.173
371.173
371.173
371.173
371.173
371.173
371.173
371.173
371.173
371.173
371.173
371.173
371.173
371.173
371.173
371.173
371.173
371.173
371.173
371.165
371.165
371.165
371.165
371.165
371.165
371.165
371.166
371.166
371.166
371.166
371.166
371.166
371.166
371.166
371.166
371.166
371.167
371.167
371.167
371.167
371.167
371.168
371.168
371.168
371.169
371.169
371.169
371.169
371.169
371.168
371.166
371.161
371.152
371.137
371.114
371.083
371.052
371.037
371.077
371.242
371.639
372.417
373.751
375.819
378.742
382.519
386.931
391.45
395.168
396.753
394.396
396.771
409.258
437.662
471.728
499.091
512.242
514.225
499.661
482.152
466.851
457.467
456.384
461.956
475.031
494.911
519.888
547.05
572.215
591.64
604.66
613.607
620.216
626.247
631.725
632.693
627.89
612.978
586.654
551.684
513.215
476.449
444.955
420.338
402.685
391.224
384.954
383.172
384.913
390.394
400.305
415.239
435.663
461.564
492.082
525.335
558.602
588.915
613.863
632.122
643.17
646.09
641.462
627.288
602.475
568.679
530.174
492.113
458.459
431.233
410.789
396.464
387.197
381.951
379.975
380.915
384.837
392.28
404.03
420.968
443.769
472.504
506.202
542.538
577.895
608.029
629.446
640.802
642.868
637.021
623.964
603.862
577.167
545.506
511.697
478.94
449.872
426.001
407.688
394.463
385.421
379.544
375.901
373.742
372.518
371.851
371.503
371.328
371.244
371.204
371.186
371.179
371.175
371.174
371.173
371.173
371.173
371.173
371.173
371.173
371.173
371.173
371.173
371.173
371.173
371.173
371.173
371.173
371.173
371.173
371.173
371.173
371.173
371.173
371.173
371.173
371.173
371.173
371.173
371.173
371.173
371.173
371.172
371.172
371.172
371.172
371.172
371.172
371.172
371.172
371.172
371.172
371.172
371.172
371.172
371.172
371.172
371.172
371.172
371.164
371.164
371.164
371.164
371.164
371.164
371.164
371.165
371.165
371.165
371.165
371.165
371.165
371.165
371.165
371.165
371.165
371.165
371.166
371.166
371.166
371.166
371.166
371.167
371.167
371.167
371.167
371.167
371.166
371.164
371.158
371.147
371.127
371.09
371.029
370.932
370.79
370.597
370.368
370.145
370.015
370.122
370.657
371.839
373.86
376.81
380.598
384.875
388.952
391.732
391.845
390.404
398.287
422.227
455.951
486.793
506.12
511.672
507.625
491.607
473.22
457.457
447.796
446.283
451.289
463.576
482.672
507.283
535.282
563.232
586.868
603.59
614.721
622.213
628.35
633.696
634.829
630.637
616.945
591.728
557.04
517.952
480.078
447.433
421.874
403.552
391.659
385.123
383.169
384.81
390.183
399.997
414.848
435.219
461.121
491.727
525.166
558.695
589.29
614.47
632.888
644.064
647.169
642.743
628.818
604.132
570.25
531.487
493.11
459.164
431.707
411.094
396.652
387.308
382.013
380.007
380.931
384.843
392.284
404.042
421.005
443.854
472.673
506.499
542.994
578.511
608.799
630.352
641.811
643.98
638.24
625.254
605.129
578.289
546.391
512.316
479.332
450.103
426.132
407.762
394.506
385.446
379.558
375.909
373.746
372.519
371.852
371.503
371.328
371.243
371.203
371.186
371.178
371.175
371.173
371.173
371.173
371.172
371.172
371.172
371.172
371.172
371.172
371.172
371.172
371.172
371.172
371.172
371.172
371.172
371.172
371.172
371.172
371.172
371.172
371.172
371.172
371.172
371.172
371.172
371.172
371.172
371.172
371.172
371.172
371.172
371.172
371.172
371.172
371.172
371.172
371.172
371.172
371.172
371.172
371.172
371.172
371.172
371.172
371.172
371.163
371.163
371.163
371.163
371.163
371.163
371.163
371.163
371.164
371.164
371.164
371.164
371.164
371.164
371.164
371.164
371.164
371.164
371.164
371.164
371.165
371.165
371.165
371.165
371.165
371.165
371.165
371.164
371.161
371.154
371.141
371.116
371.07
370.99
370.857
370.65
370.346
369.932
369.419
368.864
368.385
368.175
368.48
369.556
371.593
374.606
378.369
382.379
385.797
387.287
384.865
388.824
407.608
439.946
473.774
498.773
509.612
510.684
499.874
482.902
464.283
448.941
439.731
438.365
443.183
455.021
473.471
497.446
525.315
554.431
580.927
601.192
614.586
623.555
630.151
635.532
636.978
633.374
620.836
596.675
562.249
522.524
483.533
449.746
423.271
404.318
392.028
385.252
383.146
384.697
389.972
399.694
414.463
434.778
460.678
491.363
524.982
558.773
589.653
615.07
633.647
644.949
648.233
644.004
630.328
605.774
571.804
532.781
494.088
459.853
432.169
411.39
396.834
387.415
382.074
380.043
380.955
384.865
392.313
404.09
421.087
443.997
472.915
506.885
543.553
579.23
609.643
631.291
642.822
645.069
639.42
626.49
606.332
579.34
547.202
512.87
479.673
450.299
426.243
407.827
394.545
385.471
379.573
375.917
373.751
372.521
371.852
371.503
371.327
371.242
371.203
371.185
371.177
371.174
371.173
371.172
371.172
371.172
371.172
371.172
371.172
371.172
371.172
371.172
371.172
371.172
371.172
371.172
371.172
371.172
371.172
371.172
371.172
371.172
371.172
371.172
371.172
371.172
371.172
371.172
371.171
371.171
371.171
371.171
371.171
371.171
371.171
371.171
371.171
371.171
371.171
371.171
371.171
371.171
371.171
371.171
371.171
371.171
371.171
371.171
371.162
371.162
371.162
371.162
371.162
371.162
371.162
371.162
371.162
371.163
371.163
371.163
371.163
371.163
371.163
371.163
371.163
371.163
371.163
371.163
371.163
371.164
371.164
371.164
371.164
371.163
371.162
371.159
371.153
371.14
371.114
371.066
370.98
370.834
370.598
370.237
369.715
369.015
368.154
367.212
366.353
365.828
365.944
366.981
369.09
372.16
375.775
379.271
381.709
381.665
380.56
391.611
421.442
458.481
489.236
507.16
511.952
507.701
492.958
473.794
455.27
440.875
432.581
431.764
436.718
448.442
466.482
489.876
517.292
546.659
574.767
597.834
613.862
624.383
631.644
637.212
639.062
636.007
624.533
601.362
567.172
526.806
486.709
451.816
424.48
404.953
392.315
385.335
383.104
384.578
389.765
399.401
414.092
434.352
460.245
491.003
524.794
558.844
590.011
615.667
634.402
645.823
649.282
645.245
631.817
607.394
573.336
534.051
495.041
460.521
432.614
411.674
397.009
387.519
382.135
380.082
380.986
384.899
392.362
404.168
421.212
444.195
473.223
507.349
544.204
580.046
610.561
632.268
643.832
646.137
640.563
627.676
607.473
580.323
547.945
513.363
479.968
450.466
426.34
407.887
394.585
385.497
379.59
375.927
373.756
372.524
371.853
371.503
371.327
371.242
371.202
371.184
371.176
371.173
371.172
371.171
371.171
371.171
371.171
371.171
371.171
371.171
371.171
371.171
371.171
371.171
371.171
371.171
371.171
371.171
371.171
371.171
371.171
371.171
371.171
371.171
371.171
371.171
371.171
371.171
371.171
371.171
371.171
371.171
371.171
371.171
371.171
371.171
371.171
371.171
371.171
371.171
371.171
371.171
371.171
371.171
371.171
371.171
371.171
371.171
371.161
371.161
371.161
371.161
371.161
371.161
371.161
371.161
371.161
371.161
371.161
371.162
371.162
371.162
371.162
371.162
371.162
371.162
371.162
371.162
371.162
371.162
371.162
371.162
371.162
371.161
371.158
371.152
371.14
371.116
371.071
370.988
370.843
370.604
370.226
369.66
368.863
367.815
366.551
365.187
363.945
363.141
363.13
364.194
366.4
369.449
372.674
375.274
376.369
373.8
378.827
402.276
440.048
476.369
501.519
511.296
511.469
500.513
483.093
463.654
446.165
433.166
426.107
426.051
431.427
443.31
461.163
484.115
511.022
540.206
569.05
594.062
612.509
624.687
632.829
638.728
641.031
638.476
627.959
605.688
571.69
530.676
489.503
453.569
425.455
405.429
392.507
385.37
383.043
384.455
389.566
399.126
413.747
433.953
459.837
490.66
524.615
558.917
590.369
616.265
635.156
646.691
650.315
646.465
633.281
608.991
574.84
535.289
495.964
461.164
433.04
411.946
397.175
387.618
382.194
380.122
381.024
384.945
392.432
404.276
421.378
444.444
473.593
507.885
544.936
580.949
611.551
633.283
644.844
647.185
641.67
628.815
608.558
581.243
548.624
513.802
480.225
450.613
426.429
407.947
394.627
385.527
379.61
375.94
373.763
372.528
371.855
371.503
371.326
371.241
371.201
371.183
371.176
371.172
371.171
371.171
371.17
371.17
371.17
371.17
371.17
371.17
371.17
371.17
371.17
371.17
371.17
371.17
371.17
371.17
371.17
371.17
371.17
371.17
371.17
371.17
371.17
371.17
371.17
371.17
371.17
371.17
371.17
371.17
371.17
371.17
371.17
371.17
371.17
371.17
371.17
371.17
371.17
371.17
371.17
371.17
371.17
371.17
371.17
371.17
371.16
371.16
371.16
371.16
371.16
371.16
371.16
371.16
371.16
371.16
371.16
371.16
371.16
371.16
371.16
371.16
371.16
371.161
371.161
371.161
371.161
371.161
371.161
371.16
371.159
371.157
371.152
371.142
371.121
371.08
371.005
370.871
370.644
370.277
369.711
368.887
367.755
366.305
364.601
362.809
361.214
360.191
360.122
361.254
363.521
366.374
368.803
369.844
369.492
369.049
382.618
417.636
458.966
491.244
508.712
512.712
506.36
491.086
472.19
453.347
437.304
425.893
420.275
421.012
427.095
439.319
457.168
479.827
506.27
535.09
564.135
590.349
610.749
624.571
633.733
640.08
642.864
640.756
631.076
609.582
575.701
534.022
491.821
454.936
426.15
405.726
392.595
385.352
382.96
384.328
389.38
398.878
413.437
433.595
459.468
490.35
524.458
559.003
590.735
616.87
635.913
647.552
651.333
647.663
634.719
610.558
576.31
536.491
496.852
461.778
433.445
412.203
397.333
387.712
382.252
380.165
381.069
385.004
392.521
404.413
421.583
444.744
474.022
508.487
545.742
581.931
612.61
634.336
645.856
648.214
642.745
629.91
609.591
582.105
549.247
514.195
480.454
450.749
426.52
408.014
394.678
385.563
379.635
375.955
373.772
372.532
371.857
371.504
371.326
371.24
371.201
371.183
371.175
371.172
371.17
371.17
371.17
371.17
371.17
371.17
371.17
371.17
371.17
371.17
371.17
371.17
371.17
371.17
371.17
371.17
371.17
371.17
371.17
371.17
371.17
371.17
371.17
371.17
371.17
371.17
371.17
371.17
371.17
371.17
371.17
371.17
371.17
371.17
371.17
371.17
371.17
371.17
371.17
371.17
371.17
371.17
371.17
371.17
371.17
371.17
371.159
371.159
371.159
371.159
371.159
371.159
371.159
371.159
371.159
371.159
371.159
371.159
371.159
371.159
371.159
371.159
371.159
371.159
371.159
371.159
371.159
371.159
371.159
371.158
371.156
371.152
371.144
371.126
371.091
371.025
370.906
370.701
370.362
369.826
369.024
367.885
366.364
364.472
362.313
360.113
358.221
357.055
356.979
358.165
360.369
362.752
363.871
362.324
360.214
367.142
395.033
437.489
476.738
502.575
512.035
511.431
498.118
480.284
461.148
443.361
428.9
419.135
415.055
416.663
423.57
436.276
454.268
476.767
502.828
531.23
560.171
587.026
608.867
624.254
634.424
641.286
644.555
642.842
633.866
612.997
579.118
536.745
493.575
455.857
426.526
405.839
392.581
385.275
382.858
384.202
389.214
398.664
413.172
433.289
459.153
490.089
524.339
559.115
591.12
617.487
636.675
648.409
652.336
648.839
636.129
612.093
577.741
537.65
497.701
462.36
433.828
412.445
397.48
387.8
382.308
380.21
381.119
385.076
392.63
404.58
421.83
445.095
474.509
509.152
546.614
582.983
613.73
635.422
646.871
649.226
643.789
630.966
610.578
582.916
549.821
514.553
480.667
450.887
426.621
408.095
394.741
385.61
379.666
375.975
373.783
372.538
371.859
371.504
371.326
371.24
371.2
371.182
371.174
371.171
371.169
371.169
371.169
371.168
371.168
371.168
371.169
371.169
371.169
371.169
371.169
371.169
371.169
371.169
371.169
371.169
371.169
371.169
371.169
371.169
371.169
371.169
371.169
371.169
371.169
371.169
371.169
371.169
371.169
371.169
371.169
371.169
371.169
371.169
371.169
371.169
371.169
371.169
371.169
371.169
371.169
371.169
371.169
371.169
371.169
371.169
371.158
371.158
371.158
371.158
371.158
371.158
371.158
371.158
371.158
371.158
371.158
371.158
371.158
371.158
371.158
371.158
371.158
371.158
371.158
371.158
371.158
371.157
371.157
371.155
371.152
371.145
371.13
371.101
371.046
370.944
370.764
370.462
369.974
369.225
368.133
366.625
364.669
362.31
359.704
357.142
355.025
353.784
353.713
354.851
356.752
358.296
357.693
352.898
356.151
373.464
412.6
457.139
491.015
508.528
511.741
503.807
487.684
468.956
450.32
433.851
421.057
412.967
410.461
412.989
420.785
434.063
452.301
474.749
500.514
528.506
557.184
584.294
607.108
623.812
634.969
642.376
646.114
644.739
636.329
615.902
581.873
538.757
494.684
456.288
426.606
405.741
392.436
385.138
382.739
384.079
389.07
398.49
412.962
433.049
458.907
489.892
524.274
559.266
591.532
618.124
637.448
649.265
653.326
649.993
637.509
613.592
579.128
538.763
498.507
462.91
434.188
412.672
397.619
387.884
382.363
380.257
381.177
385.159
392.76
404.778
422.117
445.497
475.055
509.878
547.548
584.097
614.907
636.54
647.888
650.221
644.804
631.986
611.524
583.684
550.359
514.891
480.88
451.039
426.745
408.198
394.824
385.67
379.707
375.999
373.797
372.544
371.862
371.504
371.325
371.238
371.198
371.18
371.172
371.169
371.168
371.167
371.167
371.167
371.167
371.167
371.167
371.167
371.167
371.167
371.167
371.167
371.167
371.167
371.167
371.167
371.167
371.167
371.167
371.167
371.167
371.167
371.167
371.167
371.167
371.167
371.167
371.167
371.167
371.167
371.167
371.167
371.167
371.167
371.167
371.167
371.167
371.167
371.167
371.167
371.167
371.167
371.167
371.167
371.167
371.167
371.156
371.156
371.156
371.156
371.156
371.156
371.156
371.156
371.156
371.156
371.156
371.156
371.156
371.156
371.156
371.156
371.156
371.156
371.156
371.156
371.156
371.155
371.154
371.151
371.145
371.133
371.11
371.064
370.979
370.826
370.564
370.133
369.457
368.445
367.009
365.083
362.659
359.826
356.802
353.938
351.669
350.391
350.268
351.147
352.373
352.691
350.403
346.598
356.421
388.797
434.504
475.226
500.993
509.652
508.769
494.399
476.544
457.65
439.891
424.924
413.871
407.476
406.492
409.984
418.703
432.597
451.145
473.62
499.171
526.791
555.134
582.246
605.65
623.381
635.44
643.383
647.555
646.464
638.471
618.274
583.908
539.982
495.1
456.199
426.287
405.411
392.174
384.947
382.606
383.962
388.954
398.363
412.816
432.886
458.747
489.777
524.279
559.471
591.983
618.787
638.234
650.12
654.302
651.125
638.858
615.053
580.467
539.826
499.27
463.428
434.527
412.886
397.75
387.963
382.416
380.306
381.24
385.256
392.912
405.008
422.449
445.953
475.662
510.666
548.543
585.269
616.134
637.686
648.908
651.201
645.795
632.975
612.435
584.418
550.872
515.225
481.111
451.224
426.906
408.335
394.932
385.748
379.758
376.03
373.813
372.552
371.864
371.504
371.323
371.236
371.195
371.177
371.169
371.166
371.165
371.164
371.164
371.164
371.164
371.164
371.164
371.164
371.164
371.164
371.164
371.164
371.164
371.164
371.164
371.164
371.164
371.164
371.164
371.164
371.164
371.164
371.164
371.164
371.164
371.164
371.164
371.164
371.164
371.164
371.164
371.164
371.164
371.164
371.164
371.164
371.164
371.164
371.164
371.164
371.164
371.164
371.164
371.164
371.164
371.164
371.153
371.153
371.153
371.153
371.153
371.153
371.153
371.153
371.153
371.153
371.153
371.153
371.153
371.153
371.153
371.153
371.153
371.153
371.153
371.153
371.153
371.152
371.15
371.145
371.135
371.116
371.079
371.008
370.881
370.659
370.288
369.693
368.783
367.458
365.627
363.242
360.33
357.034
353.636
350.537
348.172
346.845
346.525
346.807
346.909
345.524
340.128
343.912
366.018
408.636
454.999
489.198
505.625
508.556
499.65
483.652
465.092
446.563
430.006
416.703
407.444
402.766
403.097
407.656
417.289
431.805
450.692
473.255
498.673
525.952
553.934
580.904
604.61
623.013
635.893
644.344
648.897
648.032
640.3
620.088
585.163
540.251
494.719
455.513
425.605
404.875
391.804
384.707
382.464
383.857
388.871
398.291
412.743
432.81
458.681
489.759
524.367
559.744
592.484
619.486
639.04
650.979
655.267
652.234
640.175
616.474
581.757
540.837
499.99
463.915
434.847
413.09
397.875
388.039
382.469
380.357
381.31
385.365
393.086
405.272
422.828
446.468
476.334
511.52
549.598
586.496
617.408
638.857
649.929
652.167
646.763
633.939
613.32
585.129
551.379
515.576
481.382
451.461
427.12
408.517
395.073
385.848
379.822
376.067
373.832
372.559
371.865
371.502
371.319
371.231
371.19
371.172
371.164
371.161
371.159
371.159
371.158
371.158
371.158
371.158
371.158
371.158
371.158
371.158
371.158
371.158
371.158
371.158
371.158
371.158
371.158
371.158
371.158
371.158
371.158
371.158
371.158
371.158
371.158
371.158
371.158
371.158
371.158
371.158
371.158
371.158
371.158
371.158
371.158
371.158
371.158
371.158
371.158
371.158
371.158
371.158
371.158
371.158
371.158
371.158
371.148
371.148
371.148
371.148
371.148
371.148
371.148
371.148
371.148
371.148
371.149
371.149
371.149
371.149
371.149
371.149
371.149
371.149
371.149
371.149
371.148
371.146
371.143
371.135
371.12
371.089
371.032
370.927
370.742
370.428
369.916
369.117
367.926
366.237
363.969
361.096
357.692
353.96
350.24
346.964
344.525
343.076
342.326
341.566
340.054
337.548
333.553
343.546
378.772
428.618
472.376
498.717
506.591
504.582
490.577
472.682
453.716
435.939
420.846
409.309
401.838
398.87
400.291
405.984
416.485
431.576
450.813
473.537
498.919
526.017
553.611
580.215
603.959
623.005
636.417
645.294
650.161
649.461
641.833
621.4
585.361
539.662
493.57
454.279
424.582
404.149
391.338
384.426
382.317
383.765
388.827
398.273
412.747
432.833
458.73
489.856
524.563
560.103
593.049
620.227
639.871
651.844
656.22
653.323
641.461
617.853
582.996
541.797
500.668
464.376
435.153
413.286
397.995
388.112
382.52
380.41
381.386
385.488
393.284
405.574
423.259
447.048
477.079
512.446
550.718
587.777
618.725
640.05
650.951
653.121
647.711
634.881
614.185
585.831
551.897
515.967
481.715
451.771
427.402
408.754
395.254
385.973
379.9
376.11
373.851
372.563
371.861
371.494
371.31
371.221
371.179
371.161
371.153
371.149
371.148
371.147
371.147
371.147
371.146
371.146
371.146
371.146
371.146
371.146
371.146
371.146
371.146
371.146
371.146
371.145
371.145
371.145
371.145
371.145
371.145
371.145
371.145
371.145
371.145
371.145
371.145
371.145
371.145
371.145
371.145
371.145
371.145
371.145
371.145
371.145
371.145
371.145
371.145
371.145
371.145
371.145
371.145
371.145
371.145
371.145
371.138
371.138
371.138
371.138
371.138
371.138
371.139
371.139
371.139
371.139
371.139
371.139
371.139
371.14
371.14
371.14
371.14
371.141
371.141
371.14
371.139
371.137
371.131
371.119
371.094
371.048
370.962
370.81
370.547
370.113
369.424
368.378
366.859
364.763
362.022
358.648
354.763
350.634
346.646
343.232
340.703
339.017
337.586
335.351
331.59
327.805
330.86
351.626
396.558
448.042
485.98
503.204
505.581
496.303
480.163
461.25
442.552
425.966
412.545
402.818
397.074
395.704
398.156
404.913
416.218
431.878
451.495
474.397
499.743
526.612
553.944
580.353
604.036
623.2
637.048
646.265
651.363
650.763
643.03
621.874
584.839
538.133
491.649
452.525
423.252
403.256
390.79
384.113
382.169
383.693
388.822
398.328
412.851
432.977
458.91
490.086
524.88
560.563
593.69
621.021
640.731
652.717
657.164
654.392
642.715
619.191
584.184
542.707
501.311
464.818
435.45
413.479
398.113
388.182
382.567
380.461
381.466
385.624
393.507
405.917
423.748
447.701
477.905
513.453
551.908
589.115
620.084
641.263
651.974
654.063
648.643
635.807
615.04
586.537
552.447
516.422
482.137
452.176
427.77
409.058
395.48
386.123
379.988
376.153
373.864
372.56
371.849
371.477
371.29
371.199
371.157
371.138
371.13
371.126
371.125
371.124
371.123
371.123
371.122
371.122
371.122
371.121
371.121
371.121
371.121
371.12
371.12
371.12
371.12
371.12
371.119
371.119
371.119
371.119
371.119
371.119
371.119
371.119
371.118
371.118
371.118
371.118
371.118
371.118
371.118
371.118
371.118
371.118
371.118
371.118
371.118
371.118
371.118
371.118
371.118
371.118
371.118
371.118
371.118
371.118
371.118
371.118
371.118
371.118
371.118
371.119
371.119
371.119
371.12
371.12
371.12
371.121
371.121
371.122
371.123
371.123
371.124
371.125
371.125
371.125
371.123
371.119
371.11
371.091
371.054
370.985
370.86
370.642
370.278
369.693
368.788
367.449
365.559
363.019
359.786
355.913
351.577
347.098
342.889
339.355
336.689
334.645
332.414
328.728
322.952
322.587
330.343
362.235
415.268
465.294
495.38
504.593
500.99
487.144
468.886
449.664
431.846
416.798
405.177
397.249
393.157
393.183
396.656
404.419
416.453
432.674
452.673
475.777
501.133
527.817
554.836
580.931
604.447
623.685
637.817
647.279
652.519
651.948
643.906
621.673
583.35
535.638
488.995
450.304
421.658
402.228
390.178
383.774
382.025
383.642
388.867
398.459
413.058
433.249
459.237
490.466
525.336
561.14
594.42
621.877
641.626
653.602
658.1
655.442
643.939
620.488
585.324
543.573
501.927
465.25
435.748
413.674
398.231
388.248
382.608
380.507
381.546
385.768
393.754
406.302
424.302
448.437
478.824
514.551
553.179
590.516
621.487
642.496
652.997
654.996
649.56
636.721
615.894
587.263
553.051
516.967
482.671
452.696
428.237
409.435
395.751
386.295
380.08
376.187
373.865
372.54
371.817
371.439
371.249
371.157
371.114
371.094
371.085
371.081
371.079
371.077
371.076
371.076
371.075
371.074
371.073
371.073
371.072
371.071
371.071
371.07
371.07
371.069
371.069
371.068
371.068
371.067
371.067
371.067
371.066
371.066
371.066
371.066
371.065
371.065
371.065
371.065
371.065
371.064
371.064
371.064
371.064
371.064
371.064
371.064
371.064
371.064
371.064
371.063
371.063
371.063
371.063
371.063
371.063
371.063
371.078
371.078
371.078
371.079
371.079
371.08
371.08
371.081
371.082
371.083
371.084
371.085
371.086
371.088
371.089
371.091
371.092
371.093
371.094
371.095
371.093
371.087
371.073
371.045
370.99
370.889
370.711
370.408
369.915
369.142
367.979
366.306
364.007
360.999
357.271
352.921
348.179
343.403
339.015
335.361
332.502
330.027
327.078
322.87
317.763
320.792
336.481
377.88
434.801
479.894
501.062
504.05
493.209
476.215
456.967
438.244
421.798
408.524
398.756
392.576
390.088
391.176
395.757
404.375
417.138
433.908
454.293
477.619
503.017
529.557
556.277
582.018
605.279
624.477
638.747
648.353
653.641
653.023
644.525
620.906
580.844
532.213
485.681
447.692
419.858
401.098
389.517
383.417
381.885
383.611
388.959
398.668
413.376
433.664
459.728
491.016
525.951
561.852
595.255
622.805
642.563
654.502
659.03
656.474
645.134
621.744
586.421
544.403
502.525
465.683
436.054
413.874
398.346
388.303
382.634
380.537
381.616
385.916
394.021
406.732
424.925
449.266
479.849
515.756
554.543
591.988
622.935
643.747
654.02
655.919
650.465
637.63
616.757
588.026
553.732
517.628
483.343
453.349
428.814
409.888
396.063
386.478
380.161
376.199
373.835
372.485
371.748
371.363
371.169
371.075
371.031
371.01
371
370.995
370.992
370.989
370.988
370.986
370.984
370.982
370.981
370.979
370.978
370.977
370.976
370.974
370.973
370.972
370.971
370.97
370.969
370.968
370.968
370.967
370.966
370.966
370.965
370.965
370.964
370.964
370.963
370.963
370.962
370.962
370.962
370.961
370.961
370.961
370.961
370.961
370.96
370.96
370.96
370.96
370.96
370.96
370.96
370.96
370.96
370.96
371.002
371.002
371.003
371.003
371.004
371.005
371.006
371.008
371.01
371.012
371.014
371.016
371.019
371.022
371.025
371.028
371.031
371.034
371.037
371.038
371.036
371.027
371.008
370.966
370.887
370.744
370.496
370.085
369.431
368.432
366.971
364.925
362.189
358.705
354.5
349.716
344.627
339.616
335.087
331.315
328.243
325.36
321.802
317.075
315.618
321.003
343.026
394.092
452.878
490.616
502.433
498.576
483.21
464.211
444.875
427.267
412.545
401.185
393.265
388.737
387.708
389.771
395.377
404.814
418.238
435.537
456.31
479.87
505.332
531.753
558.192
583.571
606.517
625.566
639.845
649.493
654.735
653.967
644.506
619.305
577.316
527.925
481.809
444.78
417.912
399.896
388.82
383.042
381.744
383.597
389.097
398.957
413.813
434.233
460.399
491.755
526.743
562.715
596.207
623.815
643.547
655.42
659.955
657.492
646.302
622.964
587.479
545.205
503.121
466.129
436.375
414.079
398.452
388.336
382.637
380.544
381.661
386.052
394.3
407.202
425.622
450.198
480.997
517.083
556.015
593.541
624.434
645.02
655.044
656.834
651.361
638.537
617.638
588.842
554.513
518.429
484.173
454.15
429.503
410.407
396.397
386.647
380.202
376.165
373.748
372.368
371.615
371.221
371.023
370.926
370.88
370.857
370.845
370.838
370.833
370.829
370.825
370.822
370.818
370.815
370.812
370.809
370.807
370.804
370.802
370.799
370.797
370.795
370.793
370.791
370.789
370.788
370.786
370.785
370.784
370.782
370.781
370.78
370.779
370.778
370.777
370.777
370.776
370.775
370.775
370.774
370.774
370.773
370.773
370.772
370.772
370.772
370.772
370.771
370.771
370.771
370.771
370.771
370.771
370.771
370.862
370.862
370.863
370.865
370.866
370.868
370.871
370.874
370.877
370.881
370.885
370.89
370.895
370.901
370.906
370.913
370.919
370.925
370.93
370.933
370.932
370.921
370.894
370.835
370.725
370.526
370.19
369.644
368.796
367.535
365.737
363.287
360.1
356.15
351.506
346.354
340.996
335.82
331.196
327.334
324.109
321.028
317.521
313.533
314.467
322.318
350.24
410.577
468.42
497.512
501.476
489.186
471.093
451.469
432.922
416.942
404.19
394.802
388.671
385.687
385.89
388.911
395.403
405.626
419.696
437.518
458.684
482.487
508.022
534.339
560.512
585.525
608.118
626.93
641.107
650.699
655.803
654.767
644.191
616.746
572.761
522.881
477.513
441.671
415.879
398.648
388.091
382.645
381.592
383.59
389.273
399.324
414.37
434.965
461.264
492.7
527.733
563.748
597.291
624.918
644.584
656.359
660.879
658.496
647.447
624.153
588.505
545.994
503.727
466.599
436.713
414.282
398.532
388.336
382.591
380.5
381.667
386.155
394.573
407.704
426.393
451.243
482.281
518.553
557.612
595.19
625.991
646.315
656.068
657.743
652.249
639.448
618.546
589.726
555.412
519.389
485.173
455.099
430.292
410.968
396.719
386.76
380.18
376.039
373.56
372.146
371.375
370.971
370.767
370.666
370.616
370.589
370.574
370.564
370.555
370.548
370.541
370.535
370.529
370.523
370.518
370.512
370.507
370.502
370.498
370.494
370.49
370.486
370.482
370.479
370.476
370.473
370.47
370.467
370.465
370.463
370.461
370.459
370.457
370.455
370.454
370.452
370.451
370.45
370.449
370.448
370.447
370.446
370.445
370.445
370.444
370.444
370.443
370.443
370.443
370.442
370.442
370.442
370.442
370.442
370.616
370.617
370.618
370.621
370.624
370.628
370.632
370.638
370.644
370.651
370.658
370.667
370.676
370.686
370.697
370.708
370.72
370.731
370.741
370.749
370.749
370.737
370.7
370.621
370.471
370.204
369.76
369.052
367.978
366.419
364.253
361.379
357.742
353.358
348.338
342.904
337.374
332.12
327.47
323.585
320.335
317.267
313.924
312.347
314.071
323.825
357.266
426.172
480.083
497.701
494.314
477.574
457.868
438.543
421.451
407.47
396.823
389.379
384.919
383.368
384.522
388.529
395.841
406.774
421.468
439.814
461.379
485.428
511.041
537.26
563.173
587.819
610.028
628.536
642.521
651.965
656.839
655.371
643.386
613.193
567.263
517.243
472.947
438.463
413.803
397.364
387.321
382.209
381.407
383.57
389.473
399.759
415.048
435.867
462.337
493.869
528.938
564.966
598.521
626.123
645.681
657.322
661.803
659.49
648.573
625.32
589.509
546.782
504.358
467.099
437.062
414.464
398.561
388.258
382.457
380.367
381.591
386.195
394.812
408.217
427.228
452.403
483.717
520.182
559.354
596.948
627.614
647.636
657.094
658.646
653.132
640.367
619.492
590.691
556.444
520.52
486.347
456.183
431.15
411.524
396.969
386.776
380.016
375.759
373.212
371.76
370.968
370.552
370.34
370.232
370.176
370.144
370.123
370.107
370.093
370.081
370.069
370.058
370.047
370.037
370.027
370.018
370.009
370
369.993
369.985
369.978
369.971
369.965
369.959
369.954
369.949
369.944
369.94
369.936
369.932
369.928
369.925
369.922
369.919
369.917
369.914
369.912
369.91
369.908
369.907
369.905
369.904
369.902
369.901
369.9
369.9
369.899
369.898
369.898
369.897
369.897
369.896
369.896
369.896
370.202
370.203
370.206
370.21
370.215
370.222
370.23
370.239
370.25
370.262
370.275
370.29
370.306
370.323
370.341
370.361
370.381
370.402
370.421
370.435
370.441
370.428
370.383
370.28
370.082
369.734
369.162
368.268
366.939
365.053
362.497
359.196
355.13
350.362
345.049
339.44
333.855
328.634
324.057
320.259
317.182
314.55
311.775
311.703
313.946
325.12
363.201
439.405
487.889
496.11
483.102
463.993
444.038
425.9
410.786
399.03
390.498
384.884
381.928
381.603
383.61
388.466
396.558
408.187
423.506
442.387
464.359
488.658
514.346
540.467
566.122
590.397
612.199
630.349
644.065
653.292
657.83
655.885
641.986
608.662
560.979
511.215
468.265
435.237
411.709
396.034
386.487
381.706
381.158
383.511
389.672
400.244
415.836
436.94
463.629
495.278
530.374
566.387
599.909
627.439
646.842
658.313
662.731
660.477
649.68
626.474
590.503
547.586
505.026
467.627
437.403
414.583
398.502
388.057
382.184
380.093
381.383
386.135
394.971
408.71
428.111
453.678
485.315
521.991
561.26
598.832
629.313
648.986
658.123
659.546
654.013
641.297
620.48
591.746
557.619
521.825
487.681
457.367
432.02
412
397.072
386.601
379.631
375.243
372.621
371.129
370.314
369.884
369.661
369.543
369.477
369.436
369.406
369.381
369.359
369.338
369.318
369.3
369.282
369.265
369.248
369.233
369.218
369.204
369.191
369.179
369.168
369.157
369.147
369.137
369.128
369.12
369.113
369.105
369.099
369.092
369.087
369.081
369.077
369.072
369.068
369.064
369.061
369.057
369.054
369.052
369.049
369.047
369.045
369.043
369.042
369.04
369.039
369.038
369.037
369.036
369.036
369.035
369.035
369.035
369.536
369.538
369.543
369.549
369.558
369.569
369.582
369.597
369.614
369.634
369.656
369.68
369.706
369.734
369.765
369.798
369.831
369.866
369.898
369.925
369.94
369.931
369.878
369.749
369.499
369.06
368.344
367.244
365.638
363.408
360.457
356.74
352.285
347.204
341.697
336.035
330.527
325.471
321.092
317.501
314.704
312.619
311.123
311.347
314.008
326.047
367.075
447.62
486.282
487.451
469.821
449.402
430.219
413.983
401.199
391.736
385.21
381.24
379.605
380.211
383.066
388.693
397.493
409.801
425.759
445.195
467.587
492.137
517.896
543.912
569.308
593.206
614.583
632.333
645.723
654.656
658.749
655.909
639.89
603.213
554.111
505.005
463.598
432.039
409.587
394.625
385.543
381.091
380.793
383.371
389.829
400.748
416.715
438.18
465.144
496.939
532.059
568.024
601.469
628.876
648.073
659.336
663.665
661.46
650.772
627.623
591.498
548.417
505.732
468.166
437.696
414.605
398.275
387.66
381.702
379.608
380.973
385.894
395.011
409.137
429.01
455.054
487.08
523.996
563.35
600.86
631.095
650.367
659.157
660.442
654.891
642.242
621.516
592.897
558.937
523.29
489.141
458.589
432.813
412.284
396.953
386.122
378.919
374.392
371.693
370.158
369.318
368.87
368.632
368.5
368.42
368.365
368.321
368.282
368.247
368.214
368.183
368.153
368.124
368.097
368.071
368.047
368.024
368.003
367.983
367.963
367.946
367.929
367.913
367.899
367.885
367.872
367.86
367.849
367.839
367.83
367.821
367.813
367.805
367.798
367.792
367.786
367.781
367.776
367.772
367.767
367.764
367.76
367.757
367.755
367.752
367.75
367.748
367.747
367.745
367.744
367.744
367.743
367.742
367.742
368.516
368.519
368.526
368.536
368.549
368.566
368.586
368.61
368.637
368.667
368.701
368.739
368.78
368.825
368.873
368.924
368.977
369.032
369.085
369.132
369.162
369.162
369.105
368.953
368.648
368.112
367.244
365.926
364.034
361.458
358.123
354.024
349.236
343.927
338.336
332.748
327.451
322.696
318.656
315.399
312.945
311.31
310.707
311.172
314.126
326.536
368.531
449.062
480.23
472.787
454.032
434.22
416.92
403.149
392.856
385.596
380.869
378.301
377.765
379.118
382.723
389.047
398.531
411.533
428.163
448.186
471.021
495.826
521.647
547.551
572.681
596.198
617.134
634.452
647.468
656.024
659.588
655.717
636.994
596.933
546.872
498.802
459.028
428.865
407.392
393.074
384.426
380.303
380.244
383.09
389.888
401.225
417.655
439.568
466.88
498.86
534.003
569.891
603.209
630.44
649.378
660.393
664.609
662.443
651.856
628.774
592.506
549.284
506.469
468.681
437.867
414.437
397.799
386.98
380.923
378.828
380.281
385.4
394.852
409.425
429.878
456.507
489.008
526.206
565.641
603.047
632.971
651.785
660.195
661.338
655.77
643.204
622.601
594.139
560.387
524.886
490.663
459.751
433.405
412.306
396.431
385.214
377.765
373.096
370.32
368.743
367.875
367.406
367.146
366.994
366.893
366.817
366.754
366.697
366.643
366.593
366.545
366.5
366.457
366.417
366.378
366.342
366.308
366.276
366.247
366.218
366.192
366.168
366.145
366.123
366.103
366.085
366.068
366.052
366.037
366.023
366.01
365.999
365.988
365.978
365.969
365.96
365.953
365.946
365.939
365.933
365.928
365.923
365.919
365.915
365.912
365.909
365.906
365.904
365.902
365.9
365.899
365.898
365.897
365.897
367.024
367.029
367.039
367.054
367.074
367.098
367.128
367.163
367.203
367.248
367.298
367.354
367.415
367.482
367.553
367.63
367.711
367.794
367.876
367.951
368.006
368.023
367.97
367.799
367.444
366.812
365.792
364.259
362.089
359.183
355.498
351.069
346.024
340.579
335.012
329.612
324.641
320.298
316.705
313.886
311.647
310.584
310.482
311.141
314.419
326.839
368.627
442.981
466.683
455.589
437.043
419.239
404.65
393.638
385.787
380.508
377.304
375.883
376.174
378.19
382.43
389.38
399.551
413.281
430.635
451.297
474.606
499.676
525.556
551.336
576.194
599.324
619.807
636.673
649.271
657.368
660.333
655.149
633.159
589.932
539.486
492.745
454.57
425.658
405.04
391.293
383.047
379.261
379.426
382.599
389.805
401.621
418.609
441.076
468.826
501.042
536.215
571.995
605.139
632.138
650.761
661.487
665.567
663.432
652.942
629.934
593.536
550.186
507.208
469.111
437.87
413.968
396.963
385.912
379.75
377.658
379.212
384.557
394.39
409.514
430.658
457.999
491.085
528.629
568.148
605.407
634.947
653.24
661.241
662.234
656.65
644.183
623.733
595.465
561.943
526.556
492.151
460.718
433.643
411.848
395.371
383.742
376.047
371.246
368.4
366.783
365.886
365.389
365.101
364.921
364.792
364.688
364.598
364.516
364.439
364.367
364.298
364.233
364.172
364.115
364.06
364.009
363.962
363.917
363.875
363.836
363.799
363.765
363.734
363.704
363.677
363.651
363.627
363.605
363.585
363.566
363.549
363.533
363.518
363.504
363.492
363.48
363.47
363.46
363.451
363.443
363.436
363.43
363.424
363.419
363.414
363.41
363.406
363.403
363.401
363.398
363.397
363.395
363.395
363.394
364.948
364.955
364.968
364.989
365.016
365.051
365.093
365.141
365.197
365.261
365.332
365.41
365.497
365.591
365.693
365.803
365.918
366.039
366.159
366.271
366.362
366.407
366.369
366.191
365.796
365.08
363.922
362.191
359.769
356.574
352.594
347.908
342.692
337.21
331.765
326.647
322.082
318.204
315.067
312.698
310.915
310.256
310.372
311.344
315.081
327.501
368.981
436.765
449.629
436.983
420.162
405.297
393.804
385.529
379.879
376.265
374.277
373.752
374.638
377.228
382.014
389.541
400.407
414.921
433.072
454.444
478.275
503.633
529.571
555.219
579.798
602.538
622.564
638.957
651.102
658.653
660.936
654.05
628.199
582.387
532.173
486.894
450.156
422.305
402.412
389.172
381.308
377.864
378.266
381.802
389.465
401.836
419.511
442.66
470.956
503.474
538.694
574.343
607.263
633.975
652.225
662.623
666.543
664.427
654.044
631.114
594.593
551.11
507.899
469.348
437.545
413.073
395.647
384.347
378.084
376.007
377.675
383.272
393.543
409.328
431.267
459.473
493.284
531.258
570.879
607.95
637.029
654.735
662.295
663.133
657.533
645.178
624.904
596.854
563.565
528.218
493.47
461.299
433.402
410.726
393.609
381.577
373.661
368.75
365.849
364.197
363.269
362.738
362.416
362.198
362.034
361.896
361.773
361.659
361.554
361.454
361.361
361.273
361.19
361.113
361.04
360.972
360.909
360.849
360.794
360.742
360.694
360.649
360.607
360.569
360.533
360.499
360.468
360.44
360.413
360.389
360.366
360.346
360.326
360.309
360.293
360.278
360.264
360.252
360.241
360.23
360.221
360.213
360.205
360.199
360.193
360.187
360.183
360.179
360.175
360.173
360.171
360.169
360.168
360.167
362.194
362.203
362.221
362.248
362.285
362.331
362.386
362.451
362.526
362.61
362.705
362.811
362.927
363.054
363.192
363.341
363.499
363.664
363.832
363.992
364.129
364.215
364.205
364.037
363.621
362.843
361.575
359.682
357.055
353.633
349.436
344.584
339.296
333.871
328.632
323.863
319.752
316.365
313.676
311.465
310.341
310.081
310.345
311.745
316.406
329.969
370.768
423.698
429.468
417.896
404.307
392.943
384.536
378.715
374.892
372.584
371.511
371.624
372.975
376.018
381.286
389.407
400.927
416.294
435.339
457.514
481.941
507.626
533.634
559.15
583.446
605.794
625.361
641.269
652.928
659.857
661.406
652.279
622.066
574.594
525.094
481.19
445.638
418.645
399.367
386.592
379.104
376.014
376.67
380.602
388.781
401.832
420.29
444.256
473.228
506.136
541.432
576.932
609.584
635.951
653.772
663.804
667.543
665.435
655.17
632.324
595.675
552.023
508.47
469.321
436.748
411.606
393.722
382.18
375.836
373.793
375.586
381.454
392.202
408.71
431.578
460.854
495.56
534.076
573.834
610.683
639.22
656.272
663.36
664.037
658.421
646.188
626.104
598.277
565.187
529.756
494.453
461.358
432.351
408.751
391.003
378.616
370.531
365.55
362.618
360.94
359.981
359.412
359.048
358.787
358.58
358.402
358.241
358.093
357.955
357.826
357.705
357.592
357.486
357.388
357.295
357.209
357.129
357.055
356.985
356.92
356.86
356.805
356.753
356.705
356.66
356.619
356.581
356.546
356.513
356.483
356.455
356.43
356.406
356.385
356.365
356.347
356.33
356.315
356.302
356.289
356.278
356.268
356.259
356.25
356.243
356.237
356.231
356.226
356.222
356.219
356.216
356.214
356.213
356.213
358.716
358.727
358.75
358.784
358.83
358.888
358.958
359.04
359.135
359.242
359.363
359.498
359.646
359.809
359.987
360.179
360.384
360.6
360.822
361.038
361.232
361.371
361.407
361.268
360.856
360.05
358.713
356.712
353.946
350.379
346.061
341.149
335.895
330.619
325.652
321.269
317.627
314.718
312.456
310.737
309.993
309.987
310.463
312.468
318.874
336.145
375.695
407.703
409.435
400.344
390.426
382.449
376.745
372.917
370.495
369.141
368.72
369.243
370.958
374.348
380.032
388.712
401
417.206
437.256
460.363
485.491
511.57
537.68
563.073
587.089
609.048
628.159
643.576
654.727
660.937
661.648
649.754
615.156
566.917
518.253
475.448
440.803
414.494
395.757
383.437
376.34
373.626
374.554
378.908
387.657
401.468
420.821
445.774
475.579
508.988
544.407
579.753
612.098
638.07
655.405
665.034
668.574
666.464
656.329
633.569
596.769
552.868
508.791
468.812
435.303
409.41
391.069
379.324
372.941
370.956
372.884
379.027
390.274
407.585
431.578
462.057
497.849
537.052
577.002
613.602
641.517
657.848
664.436
664.95
659.314
647.209
627.314
599.692
566.723
531.014
494.867
460.576
430.294
405.741
387.432
374.79
366.626
361.638
358.708
357.019
356.032
355.424
355.014
354.707
354.454
354.233
354.033
353.849
353.678
353.519
353.371
353.234
353.106
352.987
352.876
352.773
352.677
352.588
352.506
352.429
352.358
352.292
352.231
352.175
352.123
352.075
352.03
351.989
351.951
351.916
351.884
351.855
351.827
351.802
351.78
351.759
351.74
351.722
351.706
351.692
351.679
351.667
351.657
351.647
351.639
351.632
351.625
351.62
351.615
351.611
351.608
351.606
351.605
351.604
354.533
354.547
354.574
354.615
354.67
354.739
354.823
354.922
355.036
355.165
355.311
355.474
355.655
355.853
356.07
356.306
356.559
356.828
357.107
357.385
357.642
357.845
357.941
357.853
357.477
356.682
355.329
353.287
350.466
346.85
342.521
337.664
332.553
327.514
322.87
318.886
315.715
313.309
311.237
310.173
309.811
309.935
310.717
313.553
322.704
345.277
379.925
393.144
391.954
385.446
378.836
373.689
370.102
367.753
366.321
365.615
365.62
366.415
368.377
372.027
378.066
387.275
400.322
417.493
438.595
462.792
488.773
515.356
541.628
566.926
590.678
612.258
630.92
645.85
656.466
661.867
661.539
646.503
608.163
559.52
511.438
469.39
435.406
409.662
391.448
379.615
372.948
370.631
371.844
376.635
385.977
400.603
420.989
447.096
477.914
511.965
547.584
582.786
614.798
640.33
657.127
666.323
669.646
667.526
657.528
634.855
597.844
553.56
508.715
467.619
433.004
406.328
387.584
375.718
369.362
367.469
369.533
375.935
387.671
405.822
431.032
462.923
500.051
540.13
580.36
616.699
643.915
659.462
665.528
665.876
660.215
648.235
628.51
601.037
568.051
531.8
494.471
458.591
426.946
401.519
382.815
370.086
361.973
357.059
354.178
352.501
351.495
350.851
350.397
350.044
349.748
349.486
349.25
349.033
348.833
348.648
348.477
348.319
348.172
348.036
347.91
347.793
347.685
347.584
347.492
347.406
347.327
347.253
347.185
347.123
347.065
347.012
346.962
346.917
346.875
346.837
346.801
346.769
346.739
346.712
346.687
346.664
346.643
346.624
346.607
346.591
346.577
346.564
346.553
346.543
346.534
346.526
346.519
346.513
346.508
346.504
346.5
346.498
346.496
346.495
349.744
349.76
349.791
349.837
349.9
349.978
350.074
350.186
350.316
350.464
350.632
350.819
351.027
351.256
351.508
351.783
352.081
352.399
352.732
353.07
353.393
353.665
353.834
353.817
353.507
352.769
351.46
349.45
346.663
343.101
338.873
334.188
329.328
324.612
320.337
316.736
313.97
312.07
310.532
309.82
309.713
309.956
311.127
314.978
326.252
351.733
372.01
378.735
377.341
373.251
369.275
366.242
364.16
362.817
362.035
361.745
361.994
362.974
365.086
368.914
375.228
384.896
398.666
416.87
439.122
464.539
491.585
518.84
545.381
570.641
594.159
615.383
633.611
648.057
658.088
662.709
661.133
642.619
601.389
552.146
504.285
462.706
429.206
403.983
386.344
375.075
368.892
366.994
368.496
373.713
383.643
399.122
420.688
448.043
480.087
514.969
550.9
585.999
617.67
642.73
658.945
667.681
670.775
668.641
658.782
636.18
598.847
553.961
508.006
465.482
429.627
402.211
383.193
371.341
365.105
363.342
365.53
372.145
384.311
403.277
429.774
463.278
502.036
543.228
583.864
619.953
646.402
661.113
666.637
666.819
661.126
649.257
629.654
602.219
568.978
531.741
492.748
455.038
422.04
395.955
377.13
364.555
356.661
351.924
349.147
347.51
346.503
345.834
345.345
344.954
344.623
344.329
344.065
343.823
343.602
343.398
343.21
343.038
342.878
342.731
342.595
342.47
342.354
342.247
342.149
342.058
341.974
341.896
341.825
341.759
341.698
341.642
341.591
341.543
341.5
341.46
341.423
341.389
341.358
341.33
341.304
341.28
341.259
341.239
341.221
341.205
341.19
341.177
341.165
341.155
341.146
341.137
341.13
341.124
341.119
341.115
341.111
341.109
341.107
341.106
344.523
344.539
344.572
344.622
344.69
344.775
344.877
344.999
345.139
345.3
345.482
345.687
345.914
346.166
346.444
346.749
347.08
347.438
347.816
348.207
348.589
348.931
349.177
349.246
349.029
348.389
347.182
345.28
342.615
339.207
335.185
330.776
326.266
321.955
318.104
314.895
312.46
310.911
309.984
309.621
309.665
310.09
311.764
317.062
329.676
351.094
362.638
366.255
365.49
363.314
361.204
359.595
358.487
357.777
357.394
357.353
357.746
358.828
361.014
364.931
371.413
381.411
395.782
414.95
438.555
465.302
493.656
521.834
548.815
574.134
597.475
618.379
636.199
650.17
659.581
663.453
660.329
638.12
594.448
544.313
496.43
455.097
421.985
397.344
380.407
369.818
364.187
362.717
364.493
370.088
380.541
396.824
419.558
448.371
481.887
517.85
554.264
589.34
620.692
645.27
660.869
669.131
671.99
669.834
660.111
637.538
599.686
553.82
506.348
462.074
424.933
396.93
377.866
366.218
360.218
358.624
360.908
367.651
380.129
399.812
427.622
463.018
503.63
546.223
587.45
623.335
648.964
662.797
667.77
667.791
662.053
650.264
630.689
603.095
569.166
530.441
489.217
449.481
415.332
388.986
370.441
358.323
350.844
346.397
343.788
342.228
341.243
340.567
340.059
339.647
339.294
338.982
338.702
338.447
338.215
338.003
337.809
337.63
337.467
337.316
337.178
337.05
336.933
336.825
336.726
336.635
336.551
336.473
336.402
336.336
336.276
336.22
336.169
336.122
336.079
336.04
336.003
335.97
335.94
335.912
335.886
335.863
335.842
335.823
335.805
335.789
335.775
335.762
335.751
335.741
335.732
335.724
335.717
335.711
335.706
335.702
335.698
335.696
335.694
335.693
339.1
339.117
339.151
339.202
339.271
339.358
339.463
339.587
339.732
339.897
340.085
340.296
340.532
340.795
341.086
341.406
341.757
342.139
342.547
342.974
343.404
343.804
344.123
344.284
344.178
343.67
342.615
340.887
338.423
335.254
331.526
327.476
323.39
319.545
316.167
313.402
311.167
310.117
309.625
309.527
309.654
310.313
312.63
319.204
333.271
346.478
353.582
355.967
355.896
355.001
354.058
353.31
352.78
352.44
352.292
352.391
352.869
353.99
356.18
360.086
366.585
376.715
391.465
411.41
436.289
464.751
494.633
524.083
551.772
577.307
600.559
621.201
638.653
652.166
660.94
664.079
659.057
632.877
586.736
535.642
487.565
446.29
413.585
389.706
373.675
363.908
358.896
357.843
359.854
365.728
376.565
393.521
417.389
447.846
482.991
520.384
557.541
592.733
623.831
647.952
662.922
670.713
673.343
671.148
661.545
638.91
600.253
552.954
503.34
457.012
418.682
390.404
371.626
360.427
354.796
353.404
355.738
362.481
375.074
395.262
424.264
461.608
504.482
548.933
591.026
626.801
651.584
664.512
668.949
668.796
662.999
651.231
631.521
603.4
568.248
527.192
483.187
441.466
406.66
380.667
362.911
351.594
344.733
340.691
338.312
336.869
335.936
335.279
334.774
334.36
334.004
333.69
333.41
333.156
332.927
332.718
332.527
332.353
332.194
332.049
331.915
331.793
331.681
331.578
331.483
331.396
331.316
331.243
331.175
331.113
331.057
331.004
330.956
330.912
330.872
330.835
330.801
330.77
330.742
330.716
330.692
330.671
330.651
330.633
330.617
330.602
330.589
330.577
330.567
330.557
330.549
330.541
330.535
330.53
330.525
330.521
330.518
330.516
330.514
330.514
333.737
333.753
333.786
333.836
333.902
333.986
334.088
334.209
334.35
334.511
334.695
334.902
335.134
335.394
335.682
336.002
336.354
336.74
337.158
337.602
338.057
338.497
338.877
339.122
339.132
338.776
337.91
336.409
334.207
331.343
327.97
324.334
320.714
317.354
314.435
312.101
310.428
309.713
309.468
309.491
309.732
310.667
313.915
321.319
333.499
341.516
345.845
347.563
347.906
347.72
347.412
347.129
346.913
346.78
346.768
346.948
347.466
348.577
350.7
354.476
360.802
370.789
385.575
405.961
431.903
462.095
494.077
525.246
554.039
580.032
603.332
623.798
640.942
654.029
662.155
664.535
657.212
626.625
577.956
525.943
477.382
436.041
403.935
381.132
366.268
357.474
353.133
352.459
354.637
360.634
371.624
388.984
413.769
445.812
483.081
522.268
560.528
596.065
627.037
650.782
665.148
672.511
674.944
672.658
663.127
640.243
600.165
550.829
498.412
449.866
410.67
382.626
364.575
354.106
348.978
347.811
350.128
356.702
369.133
389.485
419.416
458.754
504.376
551.156
594.469
630.301
654.244
666.265
670.196
669.854
663.972
652.137
632.039
602.725
565.516
521.055
473.872
430.644
396.05
371.216
354.819
344.643
338.584
335.043
332.952
331.665
330.814
330.201
329.724
329.33
328.991
328.693
328.428
328.19
327.975
327.781
327.604
327.444
327.298
327.164
327.042
326.931
326.829
326.736
326.65
326.572
326.5
326.434
326.374
326.319
326.268
326.221
326.179
326.14
326.104
326.071
326.041
326.014
325.989
325.966
325.945
325.926
325.909
325.893
325.879
325.866
325.854
325.844
325.835
325.826
325.819
325.813
325.807
325.802
325.798
325.795
325.792
325.79
325.789
325.788
328.683
328.698
328.728
328.773
328.834
328.911
329.005
329.116
329.246
329.396
329.566
329.758
329.975
330.218
330.489
330.791
331.126
331.496
331.901
332.337
332.793
333.249
333.665
333.979
334.095
333.894
333.235
331.993
330.097
327.58
324.596
321.398
318.26
315.396
312.938
310.839
309.887
309.488
309.406
309.481
309.879
311.148
315.298
323.627
331.37
336.395
339.167
340.456
340.946
341.073
341.058
341.001
340.944
340.925
340.989
341.214
341.737
342.794
344.775
348.293
354.231
363.739
378.101
398.401
424.969
456.759
491.123
524.698
555.257
582.136
605.697
626.113
643.031
655.744
663.235
664.87
654.643
619.138
568.185
514.976
465.504
424.177
393.097
371.803
358.39
350.703
347.058
346.698
348.945
354.853
365.671
383.015
408.304
441.736
481.29
522.918
562.899
599.165
630.234
653.767
667.631
674.723
677.075
674.507
664.937
641.527
599.316
546.793
490.822
440.198
400.793
373.707
356.902
347.451
342.945
342.012
344.231
350.435
362.354
382.379
412.744
453.88
502.584
552.471
597.586
633.765
656.93
668.076
671.547
671.004
664.983
652.882
631.7
600.58
559.792
510.805
460.615
416.977
383.809
361.042
346.545
337.791
332.668
329.694
327.93
326.83
326.088
325.545
325.117
324.763
324.458
324.191
323.954
323.743
323.553
323.382
323.227
323.087
322.96
322.844
322.739
322.643
322.556
322.476
322.403
322.336
322.275
322.219
322.167
322.12
322.077
322.038
322.002
321.969
321.939
321.912
321.886
321.863
321.842
321.823
321.806
321.79
321.776
321.763
321.751
321.74
321.731
321.722
321.714
321.707
321.701
321.696
321.691
321.688
321.684
321.681
321.679
321.678
321.677
321.676
324.143
324.156
324.182
324.222
324.275
324.342
324.424
324.521
324.635
324.765
324.915
325.084
325.276
325.491
325.732
326.003
326.304
326.64
327.011
327.415
327.847
328.291
328.715
329.068
329.27
329.209
328.757
327.785
326.216
324.067
321.484
318.72
316.05
313.658
311.626
310.169
309.579
309.375
309.377
309.523
310.148
311.944
316.657
323.681
328.436
331.499
333.278
334.223
334.69
334.908
335.003
335.041
335.062
335.104
335.21
335.451
335.947
336.907
338.677
341.814
347.148
355.822
369.222
388.729
415.179
448.089
484.965
521.708
554.754
583.344
607.526
628.079
644.885
657.307
664.142
664.82
651.204
610.583
557.432
502.193
451.519
410.677
381.298
362.019
350.321
343.83
340.873
340.743
342.939
348.507
358.75
375.501
400.619
434.93
476.792
521.583
564.112
601.775
633.282
656.919
670.538
677.917
680.64
677.008
667.008
642.139
596.948
539.767
479.69
427.646
389.131
363.913
348.895
340.714
336.917
336.209
338.241
343.867
354.874
373.942
403.977
446.376
498.375
552.194
600.124
637.13
659.644
669.993
673.069
672.311
666.014
653.303
630.329
595.833
549.553
495.421
443.317
400.946
370.58
350.716
338.531
331.365
327.24
324.857
323.437
322.539
321.924
321.468
321.106
320.804
320.546
320.32
320.121
319.944
319.785
319.643
319.515
319.399
319.294
319.2
319.113
319.035
318.964
318.899
318.839
318.785
318.736
318.691
318.65
318.612
318.578
318.546
318.517
318.491
318.467
318.445
318.425
318.407
318.39
318.375
318.361
318.349
318.337
318.327
318.318
318.309
318.302
318.295
318.289
318.284
318.279
318.275
318.271
318.268
318.265
318.263
318.262
318.26
318.26
318.259
320.256
320.267
320.288
320.321
320.365
320.42
320.488
320.568
320.662
320.771
320.895
321.036
321.196
321.376
321.58
321.808
322.065
322.353
322.673
323.028
323.413
323.818
324.221
324.582
324.836
324.888
324.621
323.912
322.672
320.896
318.706
316.349
314.123
312.224
310.486
309.718
309.408
309.326
309.362
309.596
310.55
313.129
317.913
322.065
324.975
326.861
328.008
328.674
329.052
329.265
329.385
329.457
329.514
329.585
329.707
329.941
330.385
331.212
332.714
335.37
339.922
347.44
359.337
377.23
402.522
435.571
474.589
515.15
552.077
582.937
608.667
629.589
646.458
658.7
664.888
664.535
646.818
601.378
545.048
486.728
435.143
395.764
368.952
352.18
342.388
337.119
334.809
334.817
336.836
341.809
351.043
366.51
390.509
424.727
468.47
517.03
563.307
603.382
636.042
660.231
674.195
684.015
688.699
680.938
669.232
641.286
591.699
528.069
464.119
412.142
376.057
353.688
340.923
334.183
331.133
330.625
332.393
337.251
346.953
364.343
392.998
435.623
490.737
549.724
601.617
640.227
662.405
672.118
674.906
673.904
667.069
653.094
626.925
587.006
533.481
474.75
422.728
383.575
357.258
340.883
331.203
325.652
322.502
320.689
319.603
318.908
318.425
318.063
317.773
317.532
317.325
317.145
316.987
316.847
316.721
316.61
316.509
316.419
316.337
316.263
316.197
316.136
316.081
316.031
315.986
315.944
315.906
315.872
315.84
315.812
315.785
315.761
315.74
315.72
315.702
315.685
315.67
315.656
315.644
315.632
315.622
315.613
315.604
315.596
315.589
315.583
315.578
315.572
315.568
315.564
315.56
315.557
315.555
315.552
315.551
315.549
315.548
315.547
315.546
315.546
317.081
317.089
317.106
317.131
317.166
317.209
317.262
317.325
317.399
317.484
317.582
317.693
317.819
317.962
318.124
318.307
318.513
318.745
319.007
319.299
319.621
319.968
320.324
320.662
320.933
321.059
320.942
320.469
319.541
318.13
316.318
314.323
312.457
311.024
309.923
309.475
309.319
309.301
309.362
309.689
310.911
314.043
317.242
319.731
321.477
322.629
323.359
323.814
324.095
324.271
324.385
324.465
324.533
324.613
324.734
324.941
325.312
325.983
327.185
329.306
332.967
339.107
349.057
364.538
387.432
419.105
459.059
503.518
545.721
580.705
608.354
630.652
647.687
659.885
665.543
663.847
641.346
591.029
529.501
467.692
416.443
379.971
356.635
342.747
334.935
330.844
329.107
329.179
330.902
335.071
342.91
356.386
378.114
410.726
455.091
507.54
559.334
602.954
637.928
663.451
679.097
697.661
707.381
688.022
672.273
638.002
581.016
509.584
443.541
394.165
362.288
343.619
333.397
328.154
325.834
325.491
326.939
330.899
338.977
353.979
379.976
421.19
478.371
543.401
600.825
642.886
665.297
674.678
677.433
676.027
668.092
651.793
620.187
572.728
511.16
449.604
400.274
366.191
344.789
332.124
324.897
320.848
318.577
317.275
316.489
315.98
315.622
315.351
315.133
314.951
314.795
314.66
314.541
314.436
314.343
314.26
314.185
314.119
314.059
314.004
313.955
313.911
313.871
313.834
313.801
313.771
313.743
313.718
313.696
313.675
313.656
313.639
313.623
313.609
313.596
313.584
313.573
313.563
313.554
313.546
313.539
313.532
313.526
313.521
313.516
313.512
313.508
313.504
313.501
313.498
313.496
313.493
313.492
313.49
313.489
313.488
313.487
313.486
313.486
313.485
314.605
314.612
314.624
314.643
314.668
314.7
314.739
314.786
314.841
314.904
314.977
315.06
315.154
315.261
315.383
315.52
315.676
315.853
316.053
316.279
316.532
316.809
317.101
317.392
317.645
317.806
317.793
317.512
316.864
315.796
314.352
312.699
311.117
310.103
309.562
309.344
309.279
309.287
309.379
309.818
311.193
313.83
315.787
317.234
318.254
318.946
319.406
319.711
319.913
320.05
320.148
320.222
320.29
320.366
320.472
320.641
320.93
321.438
322.338
323.924
326.678
331.361
339.122
351.596
370.903
399.293
437.991
485.051
533.616
575.024
606.593
630.449
648.69
660.872
666.045
662.59
634.174
577.378
508.759
444.63
396.026
364.138
345.02
334.177
328.277
325.254
323.997
324.078
325.428
328.674
334.863
345.782
364.094
393.165
435.771
490.815
549.648
599.893
637.623
666.627
685.185
721.051
732.045
699.31
674.222
628.16
560.097
482.595
418.502
374.936
348.828
334.344
326.706
322.883
321.225
321.011
322.12
325.143
331.425
343.501
365.537
403.076
460.014
531.234
597.528
645.144
668.476
678.255
681.878
679.173
668.737
647.98
607.779
550.816
481.948
421.135
377.586
350.097
333.951
324.837
319.801
317.035
315.5
314.619
314.084
313.733
313.484
313.293
313.138
313.009
312.899
312.803
312.719
312.645
312.58
312.521
312.469
312.422
312.38
312.343
312.309
312.278
312.25
312.225
312.202
312.181
312.162
312.145
312.13
312.115
312.102
312.091
312.08
312.07
312.061
312.053
312.046
312.039
312.033
312.028
312.023
312.019
312.014
312.011
312.008
312.005
312.002
312
311.997
311.996
311.994
311.993
311.991
311.99
311.989
311.989
311.988
311.988
311.987
311.987
312.762
312.766
312.775
312.788
312.806
312.829
312.856
312.889
312.927
312.972
313.023
313.081
313.148
313.223
313.309
313.406
313.517
313.643
313.787
313.95
314.135
314.34
314.563
314.791
315.003
315.162
315.207
315.063
314.643
313.88
312.78
311.476
310.152
309.598
309.366
309.279
309.26
309.279
309.4
309.923
311.486
312.956
314.081
314.908
315.501
315.918
316.209
316.413
316.557
316.661
316.74
316.804
316.863
316.928
317.013
317.14
317.348
317.705
318.332
319.432
321.353
324.659
330.245
339.486
354.401
377.674
412.101
458.605
512.856
563.284
601.854
629.175
648.651
661.573
666.553
660.417
623.591
556.883
481.16
418.062
375.142
349.307
334.758
326.851
322.66
320.541
319.663
319.718
320.678
322.997
327.483
335.581
349.664
373.287
410.809
464.809
530.329
591.014
634.979
668.384
690.878
737.863
741.938
710.9
672.775
604.993
525.111
447.934
391.262
356.277
336.742
326.415
321.139
318.551
317.448
317.329
318.123
320.271
324.793
333.733
350.831
382.17
434.94
509.986
588.683
644.17
671.689
684.421
691.876
684.791
669.6
638.987
585.311
516.383
445.128
390.972
356.404
336.34
325.22
319.187
315.941
314.186
313.218
312.662
312.321
312.094
311.931
311.805
311.702
311.616
311.543
311.479
311.423
311.374
311.33
311.292
311.257
311.226
311.199
311.174
311.151
311.131
311.113
311.097
311.082
311.068
311.056
311.045
311.034
311.025
311.017
311.009
311.002
310.996
310.99
310.985
310.981
310.976
310.973
310.969
310.966
310.963
310.96
310.958
310.956
310.954
310.953
310.951
310.95
310.949
310.948
310.947
310.946
310.945
310.945
310.944
310.944
310.944
310.944
310.943
311.451
311.453
311.459
311.468
311.48
311.494
311.513
311.534
311.56
311.589
311.623
311.662
311.706
311.756
311.812
311.877
311.951
312.035
312.131
312.241
312.366
312.507
312.661
312.825
312.984
313.115
313.177
313.116
312.862
312.343
311.528
310.497
309.697
309.395
309.289
309.251
309.25
309.275
309.429
309.962
311.064
311.883
312.507
312.975
313.323
313.579
313.766
313.903
314.005
314.082
314.144
314.195
314.242
314.292
314.354
314.442
314.58
314.812
315.214
315.917
317.148
319.285
322.951
329.159
339.531
356.576
383.812
424.919
480.392
541.062
591.219
625.555
647.995
662.149
666.542
656.425
605.94
525.747
446.671
389.87
355.537
336.513
326.357
321.01
318.219
316.809
316.213
316.226
316.834
318.334
321.277
326.687
336.369
353.383
382.517
429.597
496.589
570.815
626.136
667.108
697.132
739.971
742.175
713.605
666.659
569.6
481.168
410.327
365.196
340.023
326.856
320.17
316.836
315.226
314.555
314.508
315.048
316.473
319.473
325.492
337.392
360.592
403.999
476.248
568.518
638.27
676.752
695.95
712.759
694.643
667.841
619.947
547.899
468.008
403.734
362.306
338.524
325.602
318.74
315.122
313.21
312.186
311.622
311.296
311.094
310.958
310.858
310.78
310.716
310.663
310.617
310.577
310.542
310.511
310.484
310.46
310.438
310.419
310.402
310.387
310.373
310.36
310.349
310.339
310.33
310.321
310.314
310.307
310.301
310.295
310.29
310.285
310.281
310.277
310.274
310.271
310.268
310.265
310.263
310.261
310.259
310.257
310.256
310.254
310.253
310.252
310.251
310.25
310.249
310.249
310.248
310.247
310.247
310.247
310.246
310.246
310.246
310.246
310.246
310.246
310.558
310.56
310.563
310.569
310.576
310.585
310.597
310.61
310.626
310.644
310.665
310.689
310.716
310.747
310.782
310.822
310.868
310.92
310.979
311.047
311.125
311.213
311.311
311.416
311.522
311.613
311.667
311.644
311.495
311.157
310.585
309.791
309.438
309.302
309.255
309.239
309.242
309.273
309.45
309.991
310.492
310.913
311.254
311.522
311.729
311.887
312.007
312.099
312.17
312.226
312.271
312.309
312.344
312.38
312.422
312.478
312.562
312.7
312.934
313.342
314.057
315.305
317.467
321.185
327.553
338.433
356.944
387.863
436.554
502.625
568.63
616.66
645.726
662.03
666.168
648.054
575.126
482.101
407.952
363.139
339.017
326.523
320.078
316.726
314.969
314.064
313.659
313.626
313.957
314.82
316.54
319.742
325.572
336.139
355.269
389.465
447.039
529.087
602.805
660.144
699.801
739.015
740.914
711.632
650.483
528.017
433.197
374.537
343.204
327.393
319.55
315.677
313.774
312.868
312.507
312.517
312.888
313.798
315.66
319.351
326.689
341.451
371.267
429.206
524.805
615.186
676.454
713.048
734.459
705.394
659.798
579.44
490.518
412.999
365.254
339.047
325.239
318.066
314.351
312.422
311.41
310.869
310.57
310.395
310.285
310.209
310.153
310.108
310.071
310.04
310.013
309.99
309.97
309.952
309.936
309.922
309.909
309.898
309.888
309.879
309.871
309.864
309.857
309.851
309.846
309.841
309.836
309.832
309.829
309.826
309.823
309.82
309.817
309.815
309.813
309.811
309.81
309.808
309.807
309.806
309.805
309.804
309.803
309.802
309.801
309.801
309.8
309.8
309.799
309.799
309.799
309.798
309.798
309.798
309.798
309.798
309.798
309.797
309.797
309.797
309.977
309.978
309.98
309.983
309.988
309.993
310
310.007
310.016
310.027
310.039
310.053
310.068
310.086
310.106
310.129
310.155
310.184
310.217
310.256
310.299
310.349
310.404
310.464
310.524
310.578
310.611
310.598
310.507
310.283
309.878
309.486
309.319
309.259
309.238
309.231
309.235
309.271
309.411
309.713
309.963
310.184
310.37
310.523
310.646
310.742
310.818
310.877
310.924
310.963
310.994
311.021
311.045
311.069
311.095
311.127
311.174
311.247
311.37
311.581
311.949
312.592
313.71
315.647
319.004
324.869
335.258
353.962
387.712
445.324
523.746
594.746
638.745
661.224
664.502
626.769
523.54
428.314
370.48
341.264
326.875
319.646
315.904
313.907
312.817
312.223
311.926
311.85
311.988
312.412
313.289
314.937
317.949
323.457
333.677
353.031
390.051
457.177
549.15
632.335
696.253
736.194
737.633
701.404
598.052
462.961
382.338
344.558
327.071
318.768
314.74
312.762
311.794
311.344
311.191
311.255
311.542
312.152
313.305
315.457
319.548
327.574
343.915
378.071
447.083
546.3
667.243
723.313
738.868
703.466
626.995
505.133
415.066
362.458
336.157
323.191
316.685
313.369
311.663
310.776
310.31
310.059
309.918
309.834
309.78
309.741
309.712
309.689
309.669
309.653
309.638
309.626
309.614
309.605
309.596
309.588
309.581
309.575
309.57
309.565
309.56
309.556
309.553
309.55
309.547
309.544
309.542
309.539
309.537
309.536
309.534
309.533
309.531
309.53
309.529
309.528
309.527
309.526
309.526
309.525
309.524
309.524
309.523
309.523
309.523
309.522
309.522
309.522
309.521
309.521
309.521
309.521
309.521
309.521
309.521
309.521
309.52
309.52
309.52
309.52
309.615
309.616
309.617
309.619
309.621
309.624
309.627
309.632
309.636
309.642
309.648
309.656
309.664
309.673
309.683
309.695
309.708
309.723
309.739
309.758
309.779
309.803
309.83
309.858
309.887
309.912
309.926
309.914
309.854
309.693
309.485
309.333
309.264
309.239
309.229
309.224
309.229
309.27
309.361
309.48
309.6
309.711
309.809
309.892
309.961
310.016
310.061
310.098
310.127
310.152
310.173
310.19
310.206
310.22
310.235
310.253
310.275
310.309
310.364
310.457
310.618
310.897
311.379
312.213
313.655
316.177
320.686
329.06
345.473
379.424
447.615
540.298
610.256
656.703
656.388
561.948
445.186
373.457
341.188
326.638
319.493
315.712
313.593
312.352
311.604
311.151
310.888
310.767
310.777
310.938
311.311
312.03
313.336
315.685
319.969
328.052
344.153
378.397
451.742
540.099
670.688
730.45
728.998
656.819
473.829
378.179
340.354
324.532
317.283
313.76
311.995
311.103
310.664
310.479
310.459
310.577
310.852
311.338
312.153
313.509
315.816
319.888
327.456
342.429
373.588
437.145
619.945
721.277
732.67
673.924
495.687
399.427
349.5
328.232
318.776
314.256
311.981
310.805
310.19
309.865
309.691
309.595
309.54
309.505
309.482
309.465
309.452
309.44
309.431
309.423
309.416
309.41
309.404
309.399
309.395
309.391
309.387
309.384
309.382
309.379
309.377
309.375
309.373
309.371
309.37
309.368
309.367
309.366
309.365
309.364
309.363
309.362
309.361
309.361
309.36
309.36
309.359
309.359
309.358
309.358
309.358
309.358
309.357
309.357
309.357
309.357
309.357
309.356
309.356
309.356
309.356
309.356
309.356
309.356
309.356
309.356
309.356
309.356
309.356
309.356
309.402
309.402
309.403
309.404
309.405
309.406
309.408
309.41
309.412
309.415
309.418
309.421
309.425
309.429
309.433
309.439
309.444
309.45
309.457
309.465
309.474
309.483
309.493
309.503
309.512
309.52
309.522
309.514
309.483
309.399
309.312
309.26
309.238
309.229
309.223
309.218
309.221
309.248
309.29
309.339
309.39
309.439
309.484
309.524
309.559
309.588
309.613
309.634
309.651
309.666
309.679
309.69
309.699
309.707
309.715
309.724
309.733
309.746
309.766
309.797
309.85
309.941
310.097
310.364
310.816
311.59
312.925
315.28
319.576
327.755
345.155
388.7
445.355
595.927
606.807
416.306
357.252
335.552
325.576
319.857
316.389
314.193
312.757
311.798
311.145
310.692
310.396
310.218
310.142
310.167
310.287
310.557
311.052
311.91
313.377
315.908
320.382
328.496
343.335
373.392
489.843
664.034
635.398
439.794
348.054
328.622
319.739
315.209
312.791
311.465
310.731
310.334
310.141
310.093
310.157
310.328
310.623
311.093
311.812
312.897
314.541
317.08
321.154
328.12
341.503
376.958
563.821
682.99
591.052
541.632
341.099
322.572
315.828
312.692
311.136
310.318
309.874
309.631
309.496
309.422
309.379
309.354
309.339
309.328
309.32
309.314
309.308
309.304
309.3
309.296
309.293
309.29
309.288
309.285
309.283
309.281
309.28
309.278
309.277
309.276
309.274
309.273
309.272
309.272
309.271
309.27
309.269
309.269
309.268
309.268
309.267
309.267
309.267
309.266
309.266
309.266
309.265
309.265
309.265
309.265
309.265
309.264
309.264
309.264
309.264
309.264
309.264
309.264
309.264
309.264
309.264
309.263
309.263
309.263
309.263
309.263
309.263
309.263
309.263
309.263
309.283
309.283
309.283
309.283
309.284
309.284
309.285
309.286
309.287
309.288
309.29
309.291
309.293
309.294
309.296
309.298
309.301
309.303
309.306
309.309
309.312
309.315
309.318
309.321
309.324
309.325
309.323
309.317
309.297
309.266
309.245
309.233
309.227
309.222
309.218
309.213
309.21
309.216
309.23
309.247
309.268
309.289
309.309
309.327
309.344
309.359
309.373
309.384
309.394
309.402
309.41
309.416
309.421
309.426
309.43
309.434
309.438
309.444
309.451
309.464
309.485
309.521
309.585
309.697
309.889
310.221
310.793
311.784
313.531
316.699
322.894
336.56
369.98
545.419
595.929
445.86
356.008
334.363
325.423
320.375
317.041
314.725
313.093
311.945
311.149
310.612
310.255
310.028
309.902
309.887
309.953
310.136
310.488
311.084
312.06
313.67
316.376
321.078
330.09
352.753
433.427
653.197
576.364
377.99
336.196
322.442
316.543
313.544
311.894
310.955
310.418
310.126
309.998
310.005
310.129
310.406
310.883
311.625
312.738
314.387
316.842
320.586
326.672
338.046
365.722
468.105
603.719
644.875
387.768
360.326
318.447
312.151
310.589
309.958
309.643
309.472
309.376
309.321
309.29
309.272
309.261
309.254
309.249
309.245
309.242
309.24
309.237
309.235
309.234
309.232
309.23
309.229
309.227
309.226
309.225
309.224
309.223
309.222
309.222
309.221
309.22
309.22
309.219
309.219
309.218
309.218
309.217
309.217
309.217
309.216
309.216
309.216
309.215
309.215
309.215
309.215
309.215
309.214
309.214
309.214
309.214
309.214
309.214
309.214
309.214
309.214
309.214
309.213
309.213
309.213
309.213
309.213
309.213
309.213
309.213
309.213
309.213
309.213
309.213
309.213
309.221
309.221
309.221
309.221
309.221
309.221
309.222
309.222
309.223
309.223
309.224
309.225
309.225
309.226
309.227
309.228
309.229
309.23
309.232
309.233
309.234
309.236
309.238
309.239
309.24
309.242
309.242
309.24
309.235
309.229
309.226
309.223
309.221
309.217
309.213
309.208
309.205
309.205
309.207
309.212
309.218
309.225
309.233
309.24
309.247
309.254
309.26
309.266
309.271
309.275
309.279
309.282
309.285
309.288
309.29
309.292
309.295
309.298
309.303
309.312
309.327
309.355
309.405
309.495
309.655
309.925
310.394
311.216
312.677
315.364
320.762
333.63
373.041
514.266
588.195
489.426
379.115
345.832
332.211
324.729
319.916
316.619
314.316
312.706
311.592
310.833
310.332
310.023
309.863
309.838
309.904
310.099
310.477
311.126
312.207
313.999
317.046
322.588
334.346
367.737
508.026
644.709
507.157
374.718
337.46
324.058
317.564
314.116
312.196
311.103
310.484
310.162
310.044
310.103
310.33
310.775
311.513
312.66
314.398
317.009
320.96
327.146
337.679
358.906
413.104
548.246
615.396
617.92
359.154
324.833
313.811
310.842
309.919
309.559
309.389
309.307
309.264
309.241
309.229
309.222
309.217
309.214
309.212
309.21
309.208
309.207
309.205
309.204
309.203
309.202
309.201
309.2
309.199
309.198
309.197
309.197
309.196
309.195
309.195
309.194
309.194
309.193
309.193
309.192
309.192
309.192
309.191
309.191
309.191
309.191
309.19
309.19
309.19
309.19
309.189
309.189
309.189
309.189
309.189
309.189
309.189
309.189
309.188
309.188
309.188
309.188
309.188
309.188
309.188
309.188
309.188
309.188
309.188
309.188
309.188
309.188
309.188
309.188
309.188
309.188
309.19
309.19
309.191
309.191
309.191
309.191
309.191
309.191
309.192
309.192
309.192
309.193
309.193
309.194
309.195
309.195
309.196
309.197
309.198
309.199
309.201
309.202
309.204
309.206
309.209
309.211
309.214
309.216
309.218
309.219
309.22
309.219
309.217
309.213
309.209
309.204
309.202
309.2
309.2
309.2
309.201
309.202
309.204
309.206
309.209
309.211
309.214
309.216
309.218
309.22
309.222
309.223
309.225
309.226
309.228
309.23
309.232
309.235
309.241
309.252
309.271
309.305
309.364
309.467
309.651
309.988
310.585
311.636
313.5
316.915
323.709
339.29
381.013
494.608
581.24
514.482
402.172
358.785
340.273
330.071
323.508
319.018
315.89
313.714
312.218
311.209
310.552
310.151
309.944
309.917
310.015
310.293
310.819
311.709
313.169
315.564
319.598
326.853
341.972
382.887
523.439
637.709
458.483
375.728
343.033
327.765
319.841
315.478
313
311.576
310.772
310.356
310.214
310.309
310.642
311.285
312.354
314.029
316.593
320.49
326.482
336.092
353.119
389.352
484.374
584.601
615.026
590.249
363.474
323.213
313.712
310.972
309.976
309.559
309.375
309.289
309.246
309.225
309.213
309.206
309.202
309.199
309.197
309.196
309.194
309.193
309.192
309.191
309.19
309.189
309.188
309.187
309.186
309.185
309.185
309.184
309.184
309.183
309.182
309.182
309.182
309.181
309.181
309.18
309.18
309.18
309.179
309.179
309.179
309.178
309.178
309.178
309.178
309.178
309.177
309.177
309.177
309.177
309.177
309.177
309.176
309.176
309.176
309.176
309.176
309.176
309.176
309.176
309.176
309.176
309.176
309.176
309.176
309.175
309.175
309.175
309.175
309.175
309.175
309.175
309.177
309.177
309.177
309.177
309.177
309.177
309.177
309.178
309.178
309.178
309.179
309.179
309.179
309.18
309.181
309.181
309.182
309.183
309.185
309.186
309.188
309.19
309.192
309.195
309.198
309.202
309.206
309.211
309.214
309.216
309.216
309.215
309.213
309.209
309.205
309.201
309.2
309.198
309.197
309.196
309.195
309.195
309.195
309.195
309.195
309.196
309.196
309.197
309.198
309.199
309.199
309.2
309.201
309.202
309.203
309.205
309.208
309.212
309.22
309.235
309.259
309.304
309.387
309.538
309.805
310.272
311.084
312.486
314.914
319.237
327.486
345.139
387.175
483.557
575.18
526.528
424.33
371.427
348.506
335.692
327.359
321.618
317.609
314.823
312.915
311.638
310.813
310.317
310.07
310.053
310.193
310.569
311.267
312.435
314.329
317.394
322.465
331.354
349.057
392.637
516.276
634.621
473.648
385.569
349.095
331.577
322.216
316.928
313.87
312.095
311.088
310.572
310.405
310.545
311.005
311.887
313.357
315.68
319.267
324.778
333.372
347.471
373.389
430.386
540.035
602.456
610.773
542.433
363.87
324.605
314.964
311.703
310.357
309.748
309.462
309.325
309.259
309.226
309.211
309.203
309.198
309.195
309.192
309.191
309.189
309.188
309.187
309.186
309.185
309.184
309.183
309.182
309.181
309.18
309.18
309.179
309.178
309.178
309.177
309.177
309.176
309.176
309.175
309.175
309.175
309.174
309.174
309.174
309.173
309.173
309.173
309.173
309.172
309.172
309.172
309.172
309.172
309.171
309.171
309.171
309.171
309.171
309.171
309.171
309.17
309.17
309.17
309.17
309.17
309.17
309.17
309.17
309.17
309.17
309.17
309.17
309.17
309.17
309.17
309.17
309.171
309.171
309.171
309.171
309.171
309.172
309.172
309.172
309.172
309.173
309.173
309.173
309.174
309.175
309.175
309.176
309.177
309.179
309.18
309.182
309.184
309.186
309.189
309.192
309.196
309.2
309.205
309.209
309.212
309.213
309.213
309.211
309.209
309.205
309.201
309.199
309.198
309.197
309.196
309.195
309.194
309.193
309.192
309.192
309.191
309.191
309.191
309.191
309.191
309.192
309.192
309.192
309.193
309.194
309.195
309.197
309.201
309.207
309.217
309.236
309.272
309.338
309.457
309.668
310.037
310.672
311.752
313.574
316.647
321.941
331.599
350.974
392.944
478.063
570.245
531.655
440.309
382.759
356.374
341.236
331.229
324.262
319.367
315.958
313.627
312.074
311.08
310.491
310.208
310.205
310.4
310.893
311.79
313.27
315.641
319.418
325.533
335.923
355.564
399.651
508.91
632.253
498.297
396.626
355.228
335.335
324.56
318.371
314.741
312.613
311.402
310.786
310.598
310.793
311.401
312.561
314.502
317.588
322.389
329.826
341.567
361.221
398.324
481.113
570.313
601.976
592.57
448.592
350.938
324.882
316.116
312.484
310.801
309.986
309.585
309.387
309.289
309.241
309.216
309.204
309.198
309.194
309.191
309.189
309.188
309.187
309.185
309.184
309.183
309.182
309.181
309.18
309.179
309.179
309.178
309.177
309.177
309.176
309.175
309.175
309.174
309.174
309.173
309.173
309.173
309.172
309.172
309.172
309.171
309.171
309.171
309.17
309.17
309.17
309.17
309.169
309.169
309.169
309.169
309.169
309.169
309.168
309.168
309.168
309.168
309.168
309.168
309.168
309.168
309.168
309.168
309.167
309.167
309.167
309.167
309.167
309.167
309.167
309.167
309.167
309.169
309.169
309.169
309.169
309.169
309.17
309.17
309.17
309.17
309.171
309.171
309.172
309.172
309.173
309.174
309.175
309.176
309.178
309.179
309.181
309.183
309.186
309.189
309.192
309.196
309.199
309.204
309.207
309.209
309.21
309.209
309.207
309.204
309.2
309.198
309.197
309.196
309.196
309.195
309.194
309.193
309.192
309.192
309.191
309.19
309.19
309.19
309.19
309.19
309.19
309.19
309.19
309.191
309.192
309.193
309.196
309.2
309.208
309.223
309.251
309.302
309.394
309.558
309.847
310.343
311.183
312.583
314.889
318.677
324.991
336.043
357.026
399.372
479.23
566.624
533.949
450.736
392.269
363.543
346.48
334.97
326.851
321.101
317.08
314.329
312.501
311.339
310.66
310.349
310.365
310.63
311.26
312.382
314.211
317.099
321.619
328.772
340.555
361.863
406.713
511.483
630.104
500.248
404.263
360.548
338.822
326.799
319.773
315.593
313.119
311.706
310.99
310.785
311.045
311.822
313.298
315.774
319.729
325.909
335.538
350.876
376.935
426.414
518.218
583.5
599.891
562.317
390.197
345.231
325.85
317.44
313.385
311.337
310.286
309.746
309.471
309.332
309.262
309.227
309.209
309.2
309.195
309.192
309.19
309.188
309.186
309.185
309.184
309.183
309.182
309.181
309.18
309.179
309.178
309.178
309.177
309.176
309.176
309.175
309.174
309.174
309.173
309.173
309.172
309.172
309.172
309.171
309.171
309.171
309.17
309.17
309.17
309.169
309.169
309.169
309.169
309.168
309.168
309.168
309.168
309.168
309.168
309.167
309.167
309.167
309.167
309.167
309.167
309.167
309.167
309.167
309.167
309.166
309.166
309.166
309.166
309.166
309.166
309.166
309.166
309.169
309.169
309.169
309.169
309.169
309.169
309.169
309.17
309.17
309.17
309.171
309.171
309.172
309.173
309.174
309.175
309.176
309.178
309.179
309.181
309.184
309.186
309.189
309.191
309.194
309.196
309.198
309.201
309.204
309.205
309.205
309.203
309.201
309.198
309.196
309.195
309.195
309.194
309.194
309.193
309.193
309.192
309.191
309.191
309.19
309.19
309.19
309.19
309.19
309.19
309.19
309.19
309.191
309.192
309.194
309.197
309.203
309.214
309.235
309.273
309.343
309.47
309.692
310.078
310.731
311.818
313.592
316.449
321.017
328.401
340.858
363.459
406.572
482.736
564.178
533.542
456.735
399.835
369.825
351.284
338.49
329.333
322.782
318.173
315.011
312.913
311.585
310.821
310.49
310.533
310.883
311.673
313.051
315.267
318.71
324.001
332.181
345.285
368.191
414.499
518.677
627.851
498.286
408.627
364.8
341.936
328.901
321.122
316.423
313.611
311.996
311.181
310.962
311.296
312.262
314.09
317.158
322.066
329.746
341.741
360.943
393.82
457.231
543.266
589.326
594.884
527.606
389.275
345.844
327.773
318.998
314.429
311.978
310.658
309.953
309.582
309.389
309.291
309.242
309.217
309.204
309.197
309.193
309.191
309.189
309.187
309.186
309.184
309.183
309.182
309.181
309.18
309.179
309.179
309.178
309.177
309.176
309.176
309.175
309.174
309.174
309.173
309.173
309.172
309.172
309.172
309.171
309.171
309.17
309.17
309.17
309.17
309.169
309.169
309.169
309.168
309.168
309.168
309.168
309.168
309.168
309.167
309.167
309.167
309.167
309.167
309.167
309.167
309.166
309.166
309.166
309.166
309.166
309.166
309.166
309.166
309.166
309.166
309.166
309.166
309.169
309.169
309.169
309.169
309.169
309.169
309.17
309.17
309.17
309.171
309.171
309.172
309.172
309.173
309.174
309.175
309.176
309.178
309.179
309.181
309.183
309.185
309.186
309.186
309.185
309.184
309.187
309.192
309.197
309.2
309.2
309.199
309.197
309.195
309.194
309.194
309.194
309.193
309.193
309.193
309.192
309.192
309.191
309.191
309.19
309.19
309.19
309.19
309.19
309.19
309.19
309.191
309.192
309.193
309.195
309.2
309.208
309.223
309.251
309.303
309.398
309.568
309.865
310.372
311.217
312.598
314.806
318.28
323.692
332.194
346.077
370.336
414.519
489.004
562.145
532.232
459.616
405.636
375.174
355.59
341.753
331.688
324.402
319.234
315.673
313.308
311.817
310.97
310.627
310.707
311.161
312.136
313.806
316.451
320.492
326.578
335.774
350.138
374.605
422.756
527.597
625.392
495.485
411.505
368.292
344.724
330.875
322.426
317.234
314.089
312.269
311.354
311.122
311.54
312.714
314.924
318.63
324.547
333.784
348.182
371.25
410.587
482.976
558.417
588.797
586.205
490.621
388.363
348.177
330.068
320.76
315.632
312.741
311.116
310.215
309.726
309.466
309.331
309.262
309.227
309.209
309.2
309.195
309.192
309.189
309.188
309.186
309.185
309.184
309.183
309.182
309.181
309.18
309.179
309.178
309.177
309.177
309.176
309.175
309.175
309.174
309.174
309.173
309.173
309.172
309.172
309.171
309.171
309.171
309.17
309.17
309.17
309.169
309.169
309.169
309.169
309.168
309.168
309.168
309.168
309.168
309.167
309.167
309.167
309.167
309.167
309.167
309.167
309.166
309.166
309.166
309.166
309.166
309.166
309.166
309.166
309.166
309.166
309.166
309.166
309.169
309.169
309.17
309.17
309.17
309.17
309.17
309.17
309.17
309.171
309.171
309.172
309.172
309.173
309.174
309.175
309.175
309.176
309.177
309.178
309.178
309.177
309.175
309.17
309.162
309.161
309.167
309.178
309.187
309.194
309.196
309.196
309.194
309.193
309.192
309.192
309.192
309.192
309.192
309.192
309.191
309.191
309.191
309.191
309.19
309.19
309.19
309.19
309.19
309.19
309.191
309.191
309.192
309.194
309.197
309.202
309.213
309.233
309.271
309.342
309.47
309.696
310.087
310.744
311.823
313.551
316.257
320.416
326.735
336.395
351.727
377.713
423.286
496.734
560.252
530.096
460.646
409.951
379.652
359.408
344.765
333.928
325.974
320.275
316.321
313.686
312.03
311.102
310.755
310.884
311.462
312.653
314.656
317.777
322.46
329.365
339.559
355.118
381.057
430.985
535.587
622.915
493.496
413.905
371.329
347.279
332.756
323.698
318.031
314.551
312.521
311.499
311.253
311.765
313.165
315.784
320.158
327.105
337.87
354.548
381.166
425.975
501.922
566.552
587.894
574.282
459.036
384.982
350.158
332.52
322.733
317.025
313.652
311.679
310.547
309.913
309.568
309.384
309.289
309.24
309.215
309.203
309.196
309.192
309.19
309.188
309.187
309.186
309.184
309.183
309.182
309.181
309.18
309.179
309.179
309.178
309.177
309.176
309.176
309.175
309.175
309.174
309.173
309.173
309.173
309.172
309.172
309.171
309.171
309.171
309.17
309.17
309.17
309.169
309.169
309.169
309.168
309.168
309.168
309.168
309.168
309.167
309.167
309.167
309.167
309.167
309.167
309.167
309.167
309.166
309.166
309.166
309.166
309.166
309.166
309.166
309.166
309.166
309.166
309.166
309.17
309.17
309.17
309.17
309.17
309.17
309.17
309.17
309.17
309.171
309.171
309.171
309.171
309.171
309.172
309.171
309.171
309.171
309.169
309.167
309.162
309.155
309.144
309.128
309.116
309.122
309.14
309.16
309.176
309.187
309.191
309.192
309.191
309.191
309.19
309.19
309.19
309.19
309.19
309.19
309.19
309.19
309.19
309.19
309.19
309.189
309.189
309.19
309.19
309.19
309.19
309.191
309.192
309.194
309.197
309.204
309.219
309.246
309.297
309.392
309.562
309.861
310.371
311.215
312.576
314.714
317.989
322.903
330.184
341.033
357.831
385.625
432.964
504.779
558.413
527.247
460.438
413.135
383.38
362.792
347.562
336.08
327.519
321.306
316.958
314.047
312.218
311.204
310.861
311.052
311.778
313.222
315.604
319.252
324.622
332.367
343.538
360.217
387.502
438.905
541.991
620.57
493.301
416.242
374.119
349.691
334.583
324.955
318.817
314.992
312.738
311.599
311.337
311.951
313.595
316.643
321.7
329.655
341.841
360.514
390.091
439.244
514.607
570.62
586.633
562.263
441.806
383.508
352.546
335.269
324.98
318.651
314.746
312.372
310.965
310.154
309.7
309.454
309.324
309.257
309.223
309.206
309.198
309.193
309.19
309.188
309.187
309.186
309.185
309.183
309.182
309.182
309.181
309.18
309.179
309.178
309.177
309.177
309.176
309.175
309.175
309.174
309.174
309.173
309.173
309.172
309.172
309.172
309.171
309.171
309.17
309.17
309.17
309.169
309.169
309.169
309.169
309.168
309.168
309.168
309.168
309.168
309.167
309.167
309.167
309.167
309.167
309.167
309.167
309.167
309.166
309.166
309.166
309.166
309.166
309.166
309.166
309.166
309.166
309.166
309.17
309.17
309.17
309.17
309.17
309.17
309.17
309.17
309.169
309.169
309.169
309.168
309.167
309.166
309.164
309.162
309.159
309.154
309.148
309.138
309.123
309.102
309.077
309.044
309.043
309.066
309.102
309.137
309.163
309.18
309.186
309.188
309.188
309.188
309.188
309.188
309.188
309.188
309.188
309.188
309.188
309.188
309.187
309.187
309.187
309.187
309.187
309.187
309.187
309.188
309.188
309.188
309.189
309.192
309.196
309.205
309.223
309.259
309.328
309.455
309.681
310.074
310.734
311.811
313.515
316.135
320.057
325.796
334.086
346.14
364.4
394.053
443.611
512.228
556.573
523.756
459.859
415.517
386.502
365.823
350.192
338.176
329.054
322.336
317.582
314.38
312.364
311.261
310.927
311.194
312.096
313.831
316.642
320.872
326.976
335.581
347.703
365.424
393.932
446.613
547.126
618.377
493.606
418.577
376.779
352.027
336.386
326.204
319.587
315.397
312.901
311.64
311.367
312.077
313.977
317.468
323.203
332.108
345.535
365.801
397.534
449.233
521.975
572.646
585.217
553.267
439.378
385.136
355.853
338.493
327.592
320.575
316.069
313.232
311.495
310.464
309.874
309.546
309.37
309.279
309.233
309.209
309.198
309.193
309.19
309.188
309.186
309.185
309.184
309.183
309.182
309.182
309.181
309.18
309.179
309.178
309.178
309.177
309.176
309.176
309.175
309.174
309.174
309.173
309.173
309.172
309.172
309.172
309.171
309.171
309.171
309.17
309.17
309.17
309.169
309.169
309.169
309.169
309.168
309.168
309.168
309.168
309.168
309.167
309.167
309.167
309.167
309.167
309.167
309.167
309.167
309.167
309.166
309.166
309.166
309.166
309.166
309.166
309.166
309.166
309.17
309.17
309.169
309.169
309.169
309.168
309.168
309.167
309.166
309.164
309.162
309.159
309.156
309.151
309.145
309.138
309.128
309.115
309.098
309.074
309.038
308.988
308.939
308.909
308.934
308.991
309.056
309.111
309.149
309.172
309.181
309.183
309.183
309.183
309.183
309.183
309.183
309.183
309.183
309.183
309.182
309.182
309.182
309.182
309.182
309.182
309.182
309.182
309.182
309.181
309.181
309.182
309.182
309.184
309.189
309.2
309.223
309.271
309.363
309.532
309.831
310.346
311.199
312.567
314.689
317.875
322.527
329.159
338.49
351.742
371.437
402.915
454.511
518.715
554.668
519.642
458.981
417.328
389.16
368.583
352.702
340.236
330.585
323.357
318.179
314.662
312.446
311.27
310.945
311.287
312.394
314.462
317.755
322.624
329.508
338.99
352.036
370.723
400.342
454.329
551.306
616.332
494.386
420.922
379.374
354.335
338.186
327.446
320.328
315.751
312.988
311.63
311.338
312.128
314.277
318.213
324.606
334.375
348.82
370.204
403.198
456.182
526.854
573.015
583.862
547.249
443.182
389.767
360.284
342.344
330.672
322.875
317.684
314.303
312.167
310.864
310.099
309.665
309.429
309.305
309.241
309.21
309.196
309.19
309.187
309.185
309.184
309.183
309.183
309.182
309.181
309.181
309.18
309.179
309.179
309.178
309.177
309.177
309.176
309.175
309.175
309.174
309.174
309.173
309.173
309.172
309.172
309.172
309.171
309.171
309.171
309.17
309.17
309.17
309.169
309.169
309.169
309.169
309.168
309.168
309.168
309.168
309.168
309.167
309.167
309.167
309.167
309.167
309.167
309.167
309.167
309.167
309.166
309.166
309.166
309.166
309.166
309.166
309.166
309.166
309.168
309.167
309.167
309.166
309.165
309.163
309.162
309.159
309.156
309.151
309.146
309.138
309.129
309.118
309.103
309.084
309.061
309.032
308.994
308.943
308.871
308.769
308.706
308.717
308.791
308.898
309
309.08
309.134
309.163
309.173
309.175
309.175
309.174
309.174
309.173
309.173
309.173
309.172
309.172
309.172
309.171
309.171
309.171
309.17
309.17
309.169
309.169
309.168
309.167
309.166
309.166
309.165
309.167
309.172
309.185
309.215
309.275
309.397
309.622
310.019
310.693
311.794
313.527
316.155
320.005
325.475
333.058
343.443
357.859
378.933
412.124
465.201
524.134
552.634
514.969
457.95
418.728
391.477
371.141
355.117
342.259
332.093
324.343
318.714
314.858
312.459
311.184
310.883
311.314
312.646
315.088
318.92
324.487
332.197
342.572
356.514
376.091
406.691
461.701
554.816
614.416
495.505
423.278
381.946
356.645
339.994
328.676
321.024
316.03
313
311.487
311.169
312.088
314.456
318.831
325.846
336.375
351.602
373.619
406.888
459.264
526.553
572.599
582.95
546.125
451.561
396.455
365.835
346.93
334.325
325.64
319.664
315.641
313.021
311.378
310.389
309.817
309.5
309.332
309.246
309.207
309.189
309.181
309.178
309.178
309.178
309.178
309.178
309.178
309.178
309.178
309.177
309.177
309.177
309.176
309.176
309.175
309.175
309.174
309.174
309.174
309.173
309.173
309.172
309.172
309.172
309.171
309.171
309.171
309.17
309.17
309.17
309.169
309.169
309.169
309.169
309.168
309.168
309.168
309.168
309.168
309.168
309.167
309.167
309.167
309.167
309.167
309.167
309.167
309.167
309.166
309.166
309.166
309.166
309.166
309.166
309.166
309.166
309.166
309.162
309.161
309.16
309.158
309.155
309.151
309.147
309.14
309.132
309.122
309.109
309.093
309.072
309.047
309.015
308.976
308.927
308.868
308.794
308.697
308.563
308.399
308.376
308.458
308.615
308.786
308.934
309.044
309.115
309.149
309.158
309.159
309.159
309.157
309.156
309.155
309.154
309.153
309.152
309.151
309.15
309.149
309.148
309.147
309.146
309.145
309.144
309.142
309.14
309.137
309.135
309.132
309.129
309.129
309.133
309.148
309.185
309.265
309.422
309.722
310.248
311.131
312.55
314.738
317.978
322.6
328.974
337.549
348.974
364.494
386.877
421.642
475.46
528.497
550.416
509.885
456.793
419.819
393.543
373.544
357.439
344.215
333.533
325.242
319.138
314.937
312.329
310.951
310.679
311.239
312.815
315.682
320.112
326.438
335.02
346.303
361.11
381.501
412.94
468.62
557.85
612.599
496.78
425.636
384.517
358.972
341.813
329.886
321.659
316.204
312.883
311.203
310.849
311.866
314.509
319.269
326.858
338.041
353.836
376.072
408.78
458.889
524.807
571.548
582.144
547.567
463.479
405.046
372.53
352.332
338.641
328.96
322.088
317.312
314.105
312.036
310.759
310.006
309.583
309.356
309.243
309.19
309.168
309.16
309.159
309.16
309.162
309.165
309.166
309.168
309.169
309.17
309.17
309.171
309.171
309.171
309.171
309.171
309.171
309.171
309.171
309.171
309.171
309.171
309.17
309.17
309.17
309.17
309.169
309.169
309.169
309.169
309.169
309.168
309.168
309.168
309.168
309.168
309.167
309.167
309.167
309.167
309.167
309.167
309.167
309.166
309.166
309.166
309.166
309.166
309.166
309.166
309.166
309.166
309.166
309.166
309.166
309.166
309.166
309.166
309.147
309.146
309.143
309.138
309.132
309.124
309.113
309.1
309.083
309.061
309.034
309
308.959
308.908
308.846
308.77
308.678
308.569
308.436
308.265
308.028
307.875
307.943
308.144
308.404
308.653
308.859
309.005
309.09
309.123
309.13
309.129
309.127
309.125
309.122
309.119
309.117
309.114
309.112
309.11
309.108
309.106
309.104
309.101
309.099
309.096
309.092
309.088
309.084
309.078
309.072
309.065
309.058
309.053
309.055
309.07
309.115
309.219
309.427
309.825
310.519
311.673
313.498
316.252
320.225
325.728
333.083
342.669
355.09
371.635
395.266
431.635
485.089
531.866
547.994
504.649
455.516
420.684
395.427
375.809
359.64
346.047
334.837
325.989
319.395
314.887
312.03
310.547
310.314
311.006
312.874
316.223
321.31
328.454
337.952
350.154
365.796
386.923
419.065
475.103
560.519
610.862
498.094
427.985
387.097
361.326
343.644
331.071
322.225
316.264
312.611
310.755
310.358
311.47
314.369
319.485
327.587
339.325
355.521
377.694
409.414
457.151
521.457
569.72
581.366
550.741
476.635
415.245
380.35
358.59
343.69
332.917
325.041
319.388
315.472
312.873
311.228
310.237
309.671
309.366
309.217
309.148
309.122
309.116
309.118
309.124
309.13
309.136
309.141
309.146
309.149
309.152
309.155
309.157
309.159
309.16
309.161
309.162
309.163
309.163
309.164
309.164
309.165
309.165
309.165
309.165
309.165
309.165
309.166
309.166
309.166
309.166
309.166
309.165
309.165
309.165
309.165
309.165
309.165
309.165
309.165
309.165
309.165
309.165
309.165
309.165
309.165
309.165
309.164
309.164
309.164
309.164
309.164
309.164
309.164
309.164
309.164
309.164
309.164
309.164
309.115
309.112
309.106
309.097
309.084
309.067
309.045
309.018
308.984
308.942
308.889
308.826
308.748
308.654
308.542
308.407
308.246
308.058
307.838
307.561
307.23
307.208
307.417
307.775
308.158
308.499
308.773
308.956
309.046
309.072
309.076
309.073
309.068
309.063
309.057
309.052
309.048
309.043
309.038
309.034
309.03
309.025
309.02
309.015
309.01
309.004
308.997
308.988
308.979
308.968
308.956
308.942
308.927
308.914
308.91
308.924
308.978
309.111
309.389
309.91
310.825
312.331
314.668
318.114
322.95
329.441
337.832
348.418
361.764
379.246
404.059
442.009
493.916
534.331
545.392
499.619
454.205
421.416
397.176
377.929
361.669
347.681
335.922
326.505
319.468
314.588
311.512
309.94
309.762
310.616
312.843
316.701
322.496
330.513
340.968
354.097
370.54
392.329
425.045
481.175
562.876
609.193
499.409
430.319
389.693
363.714
345.49
332.227
322.719
316.24
312.192
310.131
309.673
310.857
313.979
319.514
327.995
340.194
356.674
378.624
409.339
454.283
516.577
567.014
580.576
554.92
490.106
426.835
389.247
365.71
349.508
337.574
328.596
321.941
317.181
313.926
311.813
310.513
309.76
309.352
309.149
309.061
309.031
309.027
309.037
309.051
309.066
309.079
309.09
309.1
309.108
309.115
309.121
309.127
309.131
309.135
309.138
309.141
309.144
309.146
309.148
309.149
309.151
309.152
309.153
309.154
309.155
309.156
309.156
309.157
309.157
309.158
309.158
309.158
309.159
309.159
309.159
309.159
309.16
309.16
309.16
309.16
309.16
309.16
309.16
309.16
309.16
309.16
309.16
309.16
309.16
309.16
309.16
309.16
309.161
309.161
309.161
309.161
309.161
309.161
309.047
309.041
309.03
309.012
308.987
308.955
308.914
308.863
308.8
308.723
308.629
308.516
308.382
308.222
308.033
307.81
307.545
307.241
306.907
306.481
306.225
306.392
306.82
307.357
307.878
308.326
308.678
308.883
308.961
308.978
308.977
308.969
308.96
308.951
308.942
308.932
308.924
308.915
308.907
308.898
308.89
308.881
308.872
308.863
308.852
308.84
308.827
308.812
308.795
308.775
308.753
308.727
308.701
308.676
308.66
308.672
308.735
308.905
309.269
309.951
311.159
313.111
316.084
320.359
326.187
333.757
343.214
354.758
368.942
387.27
413.188
452.475
501.887
535.997
542.68
495.138
452.992
422.097
398.816
379.877
363.463
349.032
336.7
326.727
319.288
314.043
310.753
309.112
309.006
310.051
312.656
317.088
323.651
332.594
344.04
358.101
375.312
397.693
430.859
486.842
564.944
607.596
500.739
432.631
392.316
366.147
347.355
333.354
323.13
316.067
311.614
309.324
308.785
310.015
313.322
319.174
328.112
340.643
357.328
378.976
408.277
450.559
510.336
563.297
579.709
559.278
503.272
440.153
399.194
373.666
356.098
342.965
332.813
325.039
319.29
315.238
312.533
310.833
309.831
309.283
309.011
308.897
308.864
308.865
308.889
308.917
308.945
308.97
308.992
309.011
309.028
309.042
309.055
309.066
309.076
309.084
309.091
309.098
309.104
309.109
309.113
309.117
309.121
309.124
309.127
309.129
309.132
309.134
309.136
309.137
309.139
309.14
309.141
309.143
309.144
309.145
309.145
309.146
309.147
309.147
309.148
309.148
309.149
309.149
309.15
309.15
309.15
309.151
309.151
309.151
309.151
309.151
309.152
309.152
309.152
309.152
309.152
309.152
309.152
309.152
308.916
308.905
308.884
308.851
308.806
308.748
308.675
308.586
308.477
308.346
308.189
308.003
307.784
307.529
307.234
306.89
306.484
306.019
305.558
305.044
305.06
305.476
306.155
306.888
307.562
308.138
308.557
308.747
308.804
308.811
308.803
308.789
308.774
308.758
308.742
308.727
308.712
308.697
308.683
308.668
308.653
308.638
308.622
308.605
308.586
308.566
308.543
308.518
308.489
308.456
308.419
308.377
308.332
308.289
308.258
308.265
308.339
308.558
309.036
309.943
311.509
314.014
317.754
322.999
329.94
338.66
349.181
361.618
376.543
395.642
422.596
462.857
509.016
537.024
539.946
491.4
451.986
422.783
400.346
381.608
364.946
350.011
337.108
326.719
318.756
313.19
309.73
308.052
308.037
309.307
312.325
317.373
324.756
334.672
347.138
362.131
380.081
402.988
436.486
492.097
566.725
606.085
502.139
434.969
395.007
368.646
349.246
334.454
323.459
315.768
310.879
308.334
307.692
308.931
312.37
318.477
327.812
340.744
357.559
379.001
406.859
446.299
502.948
558.418
578.662
563.229
515.65
454.522
410.086
382.41
363.43
349.091
337.725
328.734
321.856
316.85
313.412
311.196
309.862
309.131
308.766
308.617
308.578
308.591
308.634
308.684
308.732
308.776
308.815
308.85
308.88
308.907
308.93
308.951
308.969
308.985
309
309.013
309.025
309.035
309.044
309.053
309.06
309.067
309.073
309.079
309.084
309.089
309.093
309.097
309.1
309.104
309.106
309.109
309.112
309.114
309.116
309.118
309.119
309.121
309.122
309.124
309.125
309.126
309.127
309.128
309.129
309.129
309.13
309.131
309.131
309.132
309.132
309.132
309.133
309.133
309.133
309.133
309.133
309.133
308.676
308.658
308.621
308.565
308.489
308.391
308.27
308.122
307.946
307.737
307.491
307.204
306.87
306.488
306.055
305.562
304.983
304.304
303.728
303.419
303.75
304.496
305.429
306.362
307.202
307.909
308.347
308.5
308.536
308.531
308.513
308.49
308.465
308.441
308.416
308.392
308.368
308.344
308.32
308.296
308.272
308.247
308.221
308.193
308.163
308.13
308.094
308.053
308.008
307.957
307.9
307.836
307.768
307.701
307.65
307.65
307.74
308.024
308.65
309.835
311.854
315.03
319.676
326.028
334.184
344.098
355.655
368.902
384.478
404.303
432.291
472.999
515.273
537.342
537.274
488.416
451.236
423.494
401.747
383.067
366.044
350.558
337.189
326.217
317.849
312.021
308.438
306.769
306.858
308.395
311.857
317.551
325.798
336.718
350.224
366.152
384.816
408.193
441.915
496.948
568.23
604.724
503.827
437.464
397.83
371.237
351.174
335.534
323.719
315.36
310.003
307.173
306.402
307.608
311.119
317.385
326.953
340.229
357.322
378.395
405.073
441.703
494.657
552.236
577.307
566.462
526.939
469.322
421.835
391.88
371.443
355.919
343.338
333.062
324.927
318.806
314.475
311.609
309.852
308.865
308.373
308.173
308.125
308.153
308.222
308.302
308.379
308.451
308.515
308.572
308.623
308.669
308.709
308.745
308.777
308.807
308.833
308.856
308.878
308.897
308.915
308.931
308.945
308.958
308.971
308.982
308.992
309.001
309.009
309.017
309.024
309.031
309.037
309.043
309.048
309.052
309.057
309.061
309.064
309.068
309.071
309.073
309.076
309.078
309.081
309.083
309.084
309.086
309.087
309.089
309.09
309.091
309.092
309.093
309.093
309.094
309.094
309.095
309.095
309.095
308.265
308.236
308.177
308.087
307.965
307.81
307.621
307.393
307.125
306.813
306.451
306.034
305.557
305.018
304.423
303.762
302.998
302.076
301.571
301.691
302.383
303.449
304.634
305.776
306.801
307.599
307.982
308.092
308.104
308.084
308.053
308.018
307.982
307.945
307.908
307.872
307.836
307.8
307.763
307.726
307.689
307.65
307.61
307.568
307.522
307.473
307.419
307.359
307.293
307.219
307.137
307.047
306.951
306.857
306.784
306.779
306.895
307.264
308.077
309.602
312.171
316.143
321.831
329.413
338.867
349.991
362.535
376.504
392.654
413.184
442.262
482.593
520.444
537.684
534.431
486.068
450.727
424.218
402.976
384.192
366.691
350.709
336.749
325.248
316.54
310.529
306.886
305.272
305.494
307.327
311.261
317.619
326.757
338.699
353.259
370.128
389.493
413.296
447.148
501.433
569.491
603.455
506.322
440.276
400.85
373.941
353.145
336.598
323.916
314.857
309.001
305.859
304.933
306.06
309.58
315.925
325.632
339.067
356.283
377.282
403.019
437.022
485.776
544.661
575.491
568.699
536.843
484.007
434.471
402.016
380.058
363.385
349.622
338.032
328.535
321.146
315.753
312.086
309.783
308.462
307.792
307.518
307.453
307.495
307.597
307.714
307.83
307.937
308.036
308.124
308.204
308.276
308.34
308.399
308.452
308.5
308.544
308.584
308.621
308.654
308.685
308.713
308.739
308.762
308.784
308.804
308.822
308.839
308.855
308.87
308.883
308.895
308.907
308.917
308.927
308.936
308.944
308.952
308.959
308.965
308.971
308.977
308.982
308.987
308.991
308.995
308.998
309.002
309.005
309.007
309.01
309.012
309.013
309.015
309.016
309.018
309.018
309.019
309.02
309.02
307.609
307.564
307.474
307.338
307.155
306.925
306.646
306.317
305.934
305.495
304.995
304.426
303.783
303.066
302.29
301.46
300.512
299.479
299.365
299.908
300.985
302.337
303.769
305.119
306.315
307.104
307.389
307.455
307.444
307.408
307.361
307.311
307.26
307.209
307.157
307.106
307.054
307.002
306.95
306.897
306.843
306.787
306.73
306.669
306.604
306.535
306.459
306.377
306.287
306.187
306.077
305.958
305.832
305.711
305.619
305.616
305.77
306.251
307.296
309.231
312.445
317.331
324.187
333.105
343.917
356.247
369.715
384.319
400.982
422.2
452.276
491.447
524.695
538.026
531.385
484.185
450.409
424.916
403.98
384.916
366.906
350.33
335.69
323.777
314.841
308.735
305.099
303.589
303.968
306.119
310.54
317.609
327.605
340.572
356.204
374.028
394.089
418.289
452.204
505.607
570.557
602.265
509.499
443.469
404.095
376.766
355.16
337.648
324.057
314.269
307.894
304.416
303.308
304.313
307.779
314.119
323.879
337.436
354.792
375.752
400.773
432.522
476.882
535.741
573.073
570.242
545.417
498.044
447.97
412.754
389.191
371.402
356.52
343.626
332.696
323.902
317.278
312.646
309.66
307.907
306.997
306.614
306.517
306.566
306.701
306.86
307.021
307.173
307.313
307.441
307.558
307.664
307.762
307.851
307.932
308.007
308.076
308.139
308.198
308.251
308.301
308.347
308.39
308.429
308.465
308.499
308.53
308.559
308.586
308.611
308.634
308.656
308.675
308.694
308.711
308.727
308.742
308.756
308.768
308.78
308.791
308.801
308.81
308.819
308.827
308.834
308.84
308.846
308.852
308.857
308.861
308.865
308.869
308.872
308.874
308.876
308.878
308.879
308.88
308.88
306.626
306.562
306.433
306.239
305.982
305.66
305.274
304.824
304.309
303.728
303.078
302.348
301.531
300.628
299.668
298.69
297.557
296.855
297.177
298.146
299.545
301.155
302.839
304.4
305.674
306.311
306.501
306.524
306.492
306.437
306.374
306.308
306.24
306.171
306.102
306.033
305.963
305.893
305.823
305.751
305.678
305.602
305.524
305.443
305.356
305.265
305.166
305.06
304.944
304.818
304.681
304.534
304.381
304.237
304.133
304.142
304.354
304.978
306.303
308.714
312.659
318.566
326.696
337.034
349.246
362.765
377.091
392.251
409.385
431.28
462.149
499.483
528.234
538.37
528.139
482.609
450.212
425.531
404.696
385.203
366.652
349.225
334.065
321.849
312.786
306.676
303.115
301.751
302.308
304.784
309.688
317.427
328.291
342.296
359.022
377.823
398.588
423.165
457.097
509.522
571.482
601.156
512.976
446.994
407.552
379.703
357.211
338.679
324.142
313.61
306.7
302.869
301.557
302.4
305.749
311.999
321.717
335.312
352.78
373.777
398.336
428.343
468.813
525.758
569.946
570.122
552.373
511.127
461.911
424.012
398.753
379.871
363.947
349.793
337.396
327.086
319.077
313.316
309.503
307.206
305.978
305.437
305.285
305.325
305.488
305.69
305.898
306.098
306.285
306.459
306.619
306.768
306.904
307.031
307.149
307.257
307.359
307.453
307.54
307.621
307.697
307.767
307.833
307.894
307.951
308.005
308.054
308.101
308.144
308.184
308.222
308.257
308.29
308.32
308.348
308.375
308.4
308.423
308.444
308.464
308.482
308.499
308.515
308.53
308.543
308.556
308.567
308.577
308.587
308.595
308.603
308.61
308.615
308.621
308.625
308.629
308.632
308.634
308.635
308.636
305.251
305.164
304.99
304.73
304.388
303.964
303.461
302.881
302.228
301.503
300.704
299.823
298.846
297.768
296.633
295.573
294.46
294.371
295.084
296.41
298.075
299.914
301.841
303.55
304.713
305.144
305.254
305.244
305.191
305.118
305.039
304.956
304.87
304.784
304.696
304.608
304.519
304.43
304.339
304.247
304.154
304.058
303.958
303.855
303.748
303.634
303.513
303.384
303.245
303.095
302.934
302.765
302.592
302.434
302.331
302.367
302.66
303.459
305.106
308.05
312.789
319.806
329.293
341.12
354.762
369.449
384.567
400.217
417.801
440.408
471.701
506.698
531.15
538.5
524.731
481.206
450.054
425.999
405.068
385.147
365.618
347.526
331.924
319.506
310.424
304.401
300.978
299.796
300.544
303.338
308.7
317.076
328.782
343.836
361.681
381.49
402.974
427.917
461.827
513.209
572.306
600.117
516.459
450.757
411.176
382.726
359.28
339.681
324.174
312.886
305.438
301.246
299.713
300.36
303.536
309.613
319.186
332.72
350.25
371.342
395.668
424.415
461.86
515.198
565.536
569.923
557.431
522.724
475.844
435.74
408.662
388.688
371.805
356.461
342.593
330.686
321.16
314.119
309.337
306.38
304.748
303.99
303.75
303.758
303.936
304.172
304.423
304.67
304.905
305.126
305.333
305.526
305.707
305.877
306.036
306.184
306.324
306.455
306.578
306.693
306.801
306.903
306.998
307.087
307.172
307.25
307.324
307.394
307.459
307.52
307.578
307.631
307.682
307.729
307.773
307.815
307.853
307.889
307.923
307.954
307.984
308.011
308.036
308.06
308.081
308.101
308.119
308.136
308.151
308.165
308.177
308.188
308.198
308.207
308.214
308.22
308.224
308.228
308.23
308.231
303.451
303.339
303.117
302.789
302.358
301.831
301.211
300.506
299.722
298.866
297.94
296.938
295.838
294.626
293.334
292.276
291.65
292.045
293.141
294.727
296.601
298.649
300.803
302.459
303.303
303.571
303.617
303.582
303.51
303.423
303.328
303.228
303.127
303.023
302.917
302.811
302.704
302.595
302.486
302.374
302.261
302.146
302.027
301.905
301.777
301.644
301.504
301.357
301.2
301.033
300.857
300.674
300.493
300.335
300.248
300.327
300.724
301.722
303.722
307.239
312.83
321
331.896
345.266
360.368
376.204
392.057
408.146
426.17
449.498
480.767
513.083
533.48
538.38
521.21
479.86
449.857
426.25
405.122
384.335
364.001
345.261
329.304
316.802
307.814
301.966
298.738
297.762
298.704
301.797
307.58
316.553
329.062
345.164
364.152
385.01
407.236
432.536
466.391
516.677
573.05
599.13
519.823
454.664
414.915
385.805
361.346
340.636
324.164
312.101
304.123
299.574
297.81
298.238
301.191
307.015
316.34
329.708
347.229
368.442
392.725
420.58
455.532
504.582
559.66
569.523
560.995
532.603
489.21
447.929
418.843
397.752
379.987
363.538
348.222
334.663
323.512
315.061
309.185
305.46
303.34
302.302
301.925
301.883
302.051
302.306
302.589
302.875
303.152
303.416
303.667
303.904
304.129
304.342
304.544
304.735
304.916
305.088
305.25
305.404
305.549
305.687
305.817
305.94
306.056
306.166
306.27
306.368
306.46
306.547
306.629
306.707
306.78
306.848
306.913
306.974
307.031
307.084
307.134
307.181
307.224
307.265
307.303
307.338
307.371
307.401
307.429
307.454
307.477
307.498
307.517
307.534
307.549
307.562
307.573
307.582
307.589
307.594
307.598
307.6
301.242
301.107
300.839
300.446
299.933
299.311
298.589
297.775
296.884
295.926
294.912
293.834
292.671
291.4
290.011
289.205
289.224
289.969
291.333
293.107
295.147
297.4
299.619
300.918
301.438
301.594
301.598
301.542
301.456
301.356
301.248
301.136
301.019
300.901
300.78
300.659
300.535
300.411
300.285
300.158
300.029
299.898
299.764
299.626
299.484
299.337
299.185
299.025
298.859
298.684
298.503
298.319
298.142
297.998
297.945
298.082
298.598
299.81
302.174
306.276
312.747
322.069
334.41
349.373
365.969
382.943
399.486
415.976
434.434
458.431
489.232
518.645
535.27
538.011
517.592
478.461
449.546
426.273
404.634
382.974
361.777
342.448
326.252
313.799
305.023
299.433
296.445
295.69
296.818
300.176
306.326
315.843
329.15
346.248
366.41
388.365
411.361
437.016
470.784
519.926
573.717
598.173
523.029
458.646
418.722
388.913
363.39
341.523
324.043
311.251
302.771
297.881
295.882
296.08
298.768
304.269
313.248
326.335
343.755
365.084
389.484
416.794
449.535
494.432
552.363
568.734
563.246
540.654
501.571
460.246
429.201
406.972
388.39
370.926
354.198
338.95
326.089
316.127
309.056
304.476
301.795
300.421
299.862
299.744
299.873
300.126
300.424
300.734
301.041
301.338
301.625
301.9
302.163
302.416
302.657
302.888
303.11
303.321
303.523
303.716
303.899
304.075
304.242
304.401
304.552
304.696
304.833
304.963
305.086
305.203
305.314
305.419
305.518
305.612
305.701
305.784
305.863
305.937
306.007
306.073
306.134
306.191
306.245
306.295
306.341
306.384
306.423
306.46
306.493
306.523
306.55
306.574
306.596
306.614
306.63
306.643
306.654
306.662
306.667
306.669
298.698
298.543
298.237
297.789
297.21
296.515
295.714
294.824
293.861
292.844
291.788
290.69
289.526
288.273
287.001
286.708
287.131
288.158
289.672
291.567
293.713
296.081
298.031
298.892
299.203
299.275
299.247
299.174
299.077
298.968
298.851
298.728
298.602
298.473
298.342
298.209
298.075
297.94
297.803
297.665
297.526
297.384
297.241
297.095
296.945
296.792
296.634
296.472
296.305
296.132
295.957
295.784
295.624
295.508
295.5
295.707
296.348
297.771
300.486
305.145
312.442
322.92
336.735
353.34
371.474
389.59
406.79
423.657
442.554
467.105
497.041
523.412
536.451
537.31
513.831
476.906
449.033
425.888
403.617
381.001
358.945
339.119
322.829
310.572
302.122
296.865
294.153
293.62
294.917
298.492
304.938
314.922
328.973
347.044
368.43
391.54
415.342
441.35
474.996
522.966
574.3
597.218
526.053
462.653
422.556
392.024
365.391
342.331
323.85
310.343
301.395
296.192
293.96
293.934
296.326
301.444
309.984
322.674
339.885
361.29
385.934
413.096
444.175
485.308
543.894
567.381
564.88
547.288
512.714
472.39
439.668
416.269
396.918
378.528
360.434
343.467
328.823
317.274
308.94
303.45
300.161
298.409
297.632
297.41
297.473
297.7
297.993
298.309
298.629
298.945
299.254
299.554
299.845
300.127
300.4
300.664
300.919
301.165
301.402
301.63
301.849
302.059
302.261
302.455
302.641
302.818
302.988
303.151
303.305
303.453
303.594
303.727
303.855
303.976
304.09
304.199
304.301
304.398
304.49
304.576
304.657
304.733
304.805
304.871
304.933
304.99
305.043
305.092
305.137
305.178
305.214
305.247
305.276
305.301
305.323
305.341
305.355
305.365
305.373
305.376
295.941
295.771
295.437
294.952
294.33
293.59
292.747
291.821
290.831
289.803
288.76
287.702
286.598
285.405
284.607
284.728
285.401
286.57
288.156
290.13
292.342
294.599
295.988
296.52
296.688
296.701
296.65
296.564
296.46
296.346
296.224
296.097
295.966
295.833
295.697
295.559
295.42
295.28
295.139
294.997
294.854
294.71
294.564
294.416
294.267
294.116
293.962
293.805
293.647
293.486
293.327
293.174
293.042
292.963
293.005
293.286
294.044
295.657
298.685
303.847
311.916
323.478
338.778
357.07
376.8
396.075
413.911
431.14
450.485
475.398
504.107
527.338
537.231
536.089
509.85
475.131
448.282
425.124
402.064
378.398
355.516
335.325
319.11
307.201
299.186
294.324
291.912
291.59
293.029
296.763
303.426
313.783
328.467
347.527
370.19
394.517
419.169
445.534
479.024
525.805
574.786
596.239
528.86
466.633
426.384
395.114
367.329
343.04
323.562
309.375
300.005
294.533
292.074
291.848
293.92
298.61
306.629
318.808
335.686
357.095
382.056
409.443
439.683
477.671
534.67
565.369
564.961
552.412
522.612
484.093
450.225
425.577
405.484
386.252
366.84
348.125
331.633
318.441
308.813
302.391
298.478
296.331
295.315
294.964
294.943
295.124
295.391
295.693
296.008
296.325
296.64
296.95
297.255
297.553
297.845
298.129
298.407
298.677
298.939
299.194
299.441
299.679
299.91
300.133
300.347
300.554
300.753
300.944
301.127
301.303
301.471
301.632
301.785
301.932
302.071
302.204
302.33
302.45
302.563
302.67
302.771
302.866
302.955
303.039
303.116
303.189
303.256
303.318
303.375
303.426
303.473
303.515
303.552
303.584
303.612
303.635
303.653
303.666
303.676
303.68
293.117
292.939
292.592
292.09
291.453
290.702
289.859
288.942
287.974
286.984
286.005
285.044
284.062
283.082
282.828
283.174
283.987
285.201
286.798
288.801
290.963
292.788
293.624
293.934
294.012
293.99
293.923
293.831
293.725
293.611
293.489
293.363
293.233
293.101
292.966
292.83
292.693
292.555
292.417
292.278
292.138
291.998
291.858
291.717
291.575
291.433
291.29
291.147
291.004
290.863
290.726
290.601
290.502
290.464
290.554
290.904
291.759
293.523
296.799
302.379
311.131
323.705
340.456
360.475
381.872
402.338
420.798
438.373
458.148
483.166
510.288
530.357
537.809
534.161
505.643
473.157
447.294
423.949
399.928
375.148
351.517
331.131
315.18
303.772
296.29
291.872
289.771
289.637
291.187
295.013
301.804
312.442
327.704
347.719
371.659
397.275
422.83
449.562
482.869
528.452
575.175
595.212
531.416
470.537
430.174
398.163
369.182
343.625
323.163
308.343
298.611
292.919
290.271
289.855
291.603
295.834
303.265
314.823
331.234
352.541
377.829
405.697
435.814
471.621
525.213
562.349
564.865
556.072
531.087
495.109
460.72
434.824
414.01
394.012
373.329
352.837
334.431
319.556
308.632
301.297
296.779
294.248
292.994
292.495
292.392
292.508
292.732
293.004
293.297
293.598
293.902
294.205
294.507
294.806
295.102
295.393
295.679
295.959
296.234
296.503
296.766
297.021
297.27
297.512
297.747
297.974
298.193
298.406
298.611
298.808
298.998
299.18
299.355
299.523
299.683
299.836
299.982
300.121
300.253
300.378
300.497
300.608
300.714
300.813
300.905
300.991
301.071
301.145
301.213
301.275
301.331
301.381
301.426
301.465
301.498
301.525
301.548
301.564
301.575
301.581
290.375
290.197
289.851
289.354
288.731
288.006
287.201
286.338
285.438
284.531
283.658
282.84
282.005
281.448
281.519
281.994
282.847
284.046
285.615
287.608
289.48
290.655
291.134
291.298
291.318
291.276
291.2
291.108
291.005
290.894
290.778
290.658
290.535
290.41
290.283
290.154
290.026
289.896
289.767
289.637
289.508
289.379
289.25
289.121
288.993
288.866
288.74
288.616
288.494
288.376
288.265
288.17
288.104
288.105
288.236
288.637
289.558
291.419
294.859
300.744
310.058
323.674
341.682
363.472
386.622
408.324
427.405
445.304
465.459
490.269
515.508
532.518
537.843
531.519
501.409
471.108
446.099
422.345
397.179
371.252
346.995
326.619
311.132
300.371
293.505
289.561
287.774
287.794
289.419
293.265
300.09
310.899
326.639
347.66
372.787
399.788
426.317
453.429
486.527
530.903
575.465
594.12
533.724
474.318
433.903
401.15
370.923
344.06
322.639
307.245
297.22
291.369
288.577
287.99
289.423
293.177
299.97
310.807
326.611
347.678
373.239
401.712
432.15
466.762
516.02
558.188
564.625
558.574
538.099
505.216
470.994
443.94
422.425
401.727
379.82
357.516
337.127
320.541
308.351
300.156
295.086
292.211
290.741
290.102
289.917
289.961
290.133
290.363
290.621
290.892
291.171
291.454
291.738
292.022
292.306
292.588
292.868
293.145
293.418
293.687
293.952
294.211
294.465
294.714
294.956
295.192
295.422
295.645
295.861
296.071
296.273
296.468
296.657
296.838
297.012
297.178
297.338
297.491
297.636
297.774
297.906
298.03
298.147
298.257
298.361
298.458
298.548
298.631
298.708
298.778
298.841
298.898
298.949
298.993
299.031
299.062
299.088
299.106
299.119
299.125
287.842
287.671
287.341
286.87
286.287
285.617
284.887
284.114
283.32
282.53
281.788
281.145
280.532
280.364
280.575
281.105
281.936
283.083
284.614
286.449
287.763
288.416
288.681
288.755
288.742
288.688
288.611
288.523
288.426
288.324
288.218
288.109
287.997
287.884
287.769
287.654
287.538
287.422
287.307
287.192
287.078
286.964
286.851
286.74
286.63
286.521
286.415
286.312
286.213
286.119
286.035
285.967
285.932
285.962
286.123
286.553
287.502
289.396
292.905
298.958
308.661
323.019
342.372
365.985
390.983
413.983
433.693
451.896
472.333
496.617
519.784
533.999
537.662
528.298
497.526
469.154
444.74
420.292
393.792
366.726
342.016
321.883
307.065
297.081
290.891
287.439
285.956
286.094
287.754
291.546
298.304
309.164
325.246
347.031
373.513
402.032
429.615
457.13
489.995
533.152
575.594
592.953
535.793
477.953
437.555
404.053
372.52
344.319
321.97
306.073
295.837
289.899
287.014
286.284
287.42
290.696
296.814
306.845
321.9
342.565
368.291
397.394
428.346
462.373
507.417
552.957
564.124
560.179
543.732
514.249
480.85
452.877
430.663
409.324
386.235
362.078
339.637
321.319
307.924
298.955
293.417
290.262
288.62
287.867
287.605
287.584
287.702
287.884
288.1
288.333
288.576
288.826
289.081
289.338
289.598
289.858
290.118
290.377
290.635
290.891
291.144
291.393
291.639
291.881
292.118
292.351
292.578
292.8
293.017
293.227
293.431
293.629
293.821
294.006
294.185
294.357
294.522
294.68
294.831
294.975
295.113
295.243
295.367
295.483
295.593
295.696
295.791
295.88
295.962
296.037
296.105
296.166
296.22
296.268
296.308
296.342
296.369
296.39
296.403
296.41
285.608
285.45
285.147
284.72
284.198
283.607
282.975
282.319
281.656
281.005
280.399
279.93
279.614
279.645
279.915
280.436
281.208
282.269
283.702
285.146
285.927
286.282
286.41
286.428
286.395
286.336
286.263
286.182
286.096
286.006
285.913
285.817
285.72
285.622
285.524
285.425
285.326
285.227
285.129
285.031
284.935
284.839
284.745
284.653
284.562
284.474
284.389
284.307
284.23
284.159
284.099
284.054
284.042
284.092
284.269
284.703
285.638
287.502
290.978
297.058
306.98
321.968
342.599
367.928
394.886
419.27
439.626
458.119
478.696
502.19
523.229
534.938
537.171
524.78
494.306
467.411
443.237
417.756
389.748
361.604
336.66
317.027
303.074
293.976
288.503
285.541
284.341
284.569
286.213
289.879
296.471
307.252
323.55
346.073
373.858
403.98
432.708
460.657
493.276
535.206
575.589
591.713
537.64
481.436
441.117
406.852
373.933
344.404
321.132
304.82
294.466
288.517
285.597
284.757
285.623
288.431
293.858
303.017
317.19
337.27
363.014
392.722
424.276
457.914
499.542
546.855
563.244
561.177
548.218
522.146
490.101
461.551
438.66
416.734
392.502
366.442
341.879
321.825
307.315
297.684
291.786
288.437
286.681
285.85
285.526
285.457
285.524
285.659
285.83
286.021
286.224
286.435
286.653
286.875
287.101
287.329
287.559
287.79
288.021
288.252
288.482
288.71
288.936
289.16
289.38
289.598
289.811
290.021
290.226
290.426
290.622
290.812
290.997
291.176
291.349
291.517
291.679
291.834
291.983
292.126
292.262
292.392
292.515
292.632
292.741
292.844
292.94
293.03
293.112
293.188
293.257
293.319
293.374
293.423
293.464
293.498
293.526
293.547
293.56
293.567
283.72
283.581
283.314
282.943
282.494
281.996
281.474
280.946
280.423
279.918
279.45
279.162
279.069
279.17
279.453
279.932
280.626
281.592
282.818
283.748
284.184
284.362
284.41
284.396
284.353
284.296
284.23
284.16
284.086
284.01
283.932
283.852
283.772
283.691
283.61
283.529
283.448
283.367
283.287
283.208
283.131
283.054
282.979
282.906
282.835
282.766
282.701
282.639
282.581
282.531
282.489
282.463
282.466
282.526
282.703
283.118
284.003
285.773
289.12
295.082
305.032
320.435
342.172
369.205
398.261
424.139
445.172
463.946
484.509
507.028
525.989
535.453
536.388
521.304
491.798
465.901
441.563
414.687
385.032
355.932
331.025
312.16
299.249
291.118
286.377
283.89
282.945
283.234
284.814
288.287
294.614
305.181
321.538
344.673
373.905
405.59
435.586
464.011
496.379
537.085
575.531
590.413
539.287
484.766
444.582
409.525
375.111
344.19
320.09
303.472
293.107
287.229
284.335
283.424
284.051
286.415
291.151
299.392
312.564
331.877
357.462
387.727
420.019
453.383
492.481
540.161
561.921
561.443
551.714
528.964
498.631
469.878
446.35
423.896
398.552
370.526
343.772
322.03
306.496
296.337
290.208
286.763
284.959
284.093
283.732
283.63
283.655
283.749
283.879
284.028
284.189
284.36
284.537
284.72
284.908
285.099
285.293
285.489
285.686
285.885
286.083
286.282
286.479
286.676
286.87
287.063
287.254
287.441
287.626
287.807
287.984
288.158
288.327
288.492
288.652
288.807
288.957
289.101
289.241
289.374
289.502
289.625
289.741
289.851
289.955
290.053
290.145
290.23
290.309
290.382
290.448
290.507
290.56
290.607
290.647
290.68
290.707
290.727
290.74
290.746
282.189
282.071
281.846
281.535
281.165
280.764
280.352
279.947
279.557
279.191
278.866
278.731
278.739
278.862
279.124
279.546
280.15
280.998
281.9
282.411
282.641
282.721
282.727
282.7
282.656
282.605
282.549
282.491
282.431
282.369
282.307
282.244
282.18
282.116
282.052
281.988
281.925
281.863
281.801
281.74
281.68
281.621
281.564
281.509
281.455
281.404
281.356
281.311
281.27
281.235
281.208
281.195
281.206
281.268
281.432
281.809
282.612
284.239
287.37
293.075
302.856
318.44
341.036
369.793
401.022
428.544
450.301
469.367
489.77
511.204
528.185
535.622
535.403
518.153
489.867
464.58
439.646
411.012
379.63
349.772
325.215
307.386
295.668
288.553
284.536
282.497
281.774
282.096
283.57
286.79
292.758
302.972
319.218
342.805
373.221
406.802
438.25
467.201
499.312
538.805
575.395
589.074
540.76
487.946
447.938
412.047
376.012
343.675
318.825
302.02
291.756
286.036
283.229
282.286
282.713
284.663
288.726
296.026
308.103
326.472
351.704
382.454
415.672
449.17
486.35
533.22
559.987
561.383
554.27
534.731
506.372
477.79
453.679
430.754
404.316
374.242
345.222
321.932
305.439
294.915
288.696
285.257
283.474
282.615
282.245
282.124
282.12
282.181
282.274
282.386
282.509
282.641
282.779
282.923
283.072
283.225
283.38
283.539
283.7
283.862
284.025
284.189
284.354
284.518
284.682
284.844
285.006
285.166
285.323
285.479
285.632
285.782
285.929
286.073
286.213
286.349
286.481
286.609
286.732
286.851
286.965
287.075
287.179
287.278
287.372
287.46
287.543
287.62
287.692
287.758
287.818
287.872
287.92
287.963
287.999
288.029
288.054
288.072
288.084
288.09
280.995
280.898
280.716
280.466
280.174
279.863
279.554
279.257
278.979
278.723
278.545
278.499
278.537
278.658
278.886
279.249
279.766
280.445
280.985
281.251
281.361
281.388
281.377
281.347
281.309
281.266
281.221
281.176
281.129
281.082
281.034
280.986
280.938
280.889
280.841
280.794
280.746
280.7
280.654
280.609
280.565
280.522
280.48
280.44
280.402
280.365
280.331
280.3
280.272
280.249
280.232
280.226
280.241
280.298
280.441
280.767
281.469
282.914
285.757
291.082
300.499
316.012
339.255
369.861
403.044
432.437
455.013
474.358
494.489
514.769
529.872
535.779
534.245
515.481
488.353
463.371
437.371
406.639
373.529
343.195
319.343
302.806
292.394
286.308
282.986
281.356
280.82
281.15
282.484
285.403
290.928
300.649
316.599
340.493
372.129
407.607
440.705
470.234
502.084
540.379
575.185
587.72
542.077
490.982
451.166
414.383
376.583
342.816
317.303
300.448
290.409
284.934
282.272
281.338
281.602
283.177
286.599
292.96
303.872
321.139
345.819
376.951
411.258
445.425
481.198
526.399
557.378
561.251
556.049
539.481
513.276
485.194
460.635
437.255
409.719
377.487
346.133
321.29
304.118
293.425
287.261
283.927
282.228
281.416
281.061
280.934
280.914
280.95
281.014
281.094
281.184
281.282
281.385
281.493
281.606
281.722
281.842
281.964
282.089
282.216
282.344
282.473
282.603
282.734
282.865
282.995
283.126
283.255
283.383
283.51
283.636
283.759
283.881
284
284.116
284.23
284.341
284.448
284.552
284.652
284.749
284.842
284.93
285.015
285.095
285.17
285.241
285.308
285.369
285.426
285.478
285.525
285.567
285.603
285.635
285.661
285.682
285.698
285.709
285.714
280.097
280.021
279.879
279.687
279.465
279.234
279.011
278.805
278.618
278.454
278.375
278.37
278.413
278.52
278.71
279.015
279.438
279.902
280.176
280.308
280.356
280.36
280.343
280.317
280.286
280.253
280.219
280.185
280.151
280.116
280.081
280.046
280.011
279.976
279.942
279.908
279.874
279.841
279.809
279.777
279.746
279.716
279.687
279.659
279.632
279.607
279.584
279.563
279.545
279.53
279.52
279.519
279.534
279.581
279.699
279.969
280.558
281.798
284.304
289.145
298.007
313.16
336.708
368.578
404.198
435.758
459.284
478.904
498.683
517.787
531.194
535.936
533.017
513.303
487.133
462.166
434.593
401.458
366.724
336.286
313.524
298.509
289.472
284.394
281.719
280.451
280.068
280.383
281.555
284.136
289.145
298.241
313.698
337.695
370.476
407.964
442.942
473.111
504.703
541.824
574.92
586.375
543.256
493.875
454.249
416.474
376.805
341.557
315.488
298.746
289.063
283.918
281.453
280.563
280.704
281.949
284.773
290.216
299.925
315.95
339.875
371.257
406.749
442.013
476.992
520.038
554.199
560.998
557.258
543.314
519.321
492.012
467.168
443.337
414.672
380.121
346.498
320.228
302.546
291.876
285.912
282.775
281.212
280.476
280.155
280.034
280.007
280.026
280.068
280.124
280.187
280.256
280.33
280.408
280.489
280.574
280.661
280.752
280.844
280.938
281.034
281.131
281.229
281.328
281.428
281.528
281.628
281.728
281.827
281.926
282.024
282.12
282.216
282.309
282.402
282.492
282.58
282.665
282.749
282.829
282.907
282.982
283.053
283.122
283.187
283.248
283.306
283.36
283.411
283.457
283.499
283.538
283.572
283.602
283.628
283.65
283.668
283.681
283.689
283.694
279.445
279.388
279.282
279.14
278.979
278.814
278.66
278.523
278.402
278.316
278.286
278.294
278.336
278.425
278.579
278.833
279.141
279.395
279.529
279.59
279.608
279.603
279.588
279.567
279.544
279.52
279.496
279.472
279.447
279.423
279.399
279.375
279.35
279.327
279.303
279.28
279.257
279.234
279.212
279.191
279.17
279.15
279.13
279.112
279.094
279.078
279.063
279.049
279.038
279.029
279.023
279.024
279.036
279.074
279.166
279.379
279.855
280.882
283.022
287.299
295.433
309.928
333.433
366.509
404.575
438.393
463.079
482.993
502.376
520.335
532.256
536.072
531.798
511.541
486.099
460.819
431.127
395.346
359.219
329.147
307.874
294.568
286.928
282.807
280.713
279.756
279.493
279.778
280.774
282.996
287.434
295.782
310.533
334.384
368.184
407.992
444.915
475.822
507.174
543.155
574.622
585.061
544.308
496.623
457.175
418.226
376.546
339.807
313.342
296.903
287.716
282.981
280.759
279.944
279.998
280.957
283.238
287.805
296.296
310.962
333.925
365.393
402.115
438.803
473.648
514.401
550.639
560.58
558.047
546.37
524.527
498.192
473.246
448.931
419.059
381.956
346.231
318.626
300.705
290.279
284.655
281.791
280.404
279.765
279.489
279.383
279.355
279.364
279.39
279.427
279.469
279.516
279.567
279.62
279.677
279.736
279.797
279.86
279.925
279.992
280.061
280.13
280.201
280.272
280.345
280.417
280.491
280.564
280.637
280.71
280.783
280.855
280.926
280.996
281.066
281.134
281.2
281.265
281.329
281.39
281.45
281.507
281.562
281.614
281.665
281.712
281.757
281.799
281.838
281.874
281.907
281.937
281.964
281.988
282.008
282.025
282.039
282.049
282.056
282.059
278.989
278.948
278.872
278.771
278.658
278.545
278.443
278.358
278.285
278.248
278.239
278.25
278.286
278.357
278.482
278.679
278.863
278.984
279.048
279.075
279.079
279.073
279.06
279.045
279.029
279.013
278.997
278.98
278.964
278.948
278.932
278.916
278.9
278.884
278.869
278.853
278.838
278.824
278.81
278.796
278.782
278.769
278.757
278.745
278.734
278.724
278.715
278.706
278.699
278.694
278.691
278.692
278.702
278.729
278.798
278.959
279.328
280.149
281.916
285.579
292.837
306.364
329.366
363.222
403.626
440.148
466.35
486.616
505.594
522.483
533.131
536.202
530.625
510.089
485.139
459.145
426.737
388.169
351.04
321.901
302.51
291.042
284.769
281.526
279.939
279.24
279.067
279.311
280.129
281.986
285.818
293.309
307.13
330.522
365.093
407.016
446.501
478.353
509.503
544.386
574.308
583.796
545.239
499.221
459.93
419.515
375.59
337.465
310.832
294.923
286.373
282.12
280.174
279.457
279.455
280.176
281.973
285.723
293.008
306.217
327.999
359.35
397.312
435.697
471
509.636
546.924
559.98
558.499
548.778
528.948
503.706
478.826
453.985
422.706
382.846
344.878
316.417
298.598
288.649
283.493
280.962
279.777
279.245
279.019
278.932
278.907
278.909
278.926
278.949
278.976
279.007
279.04
279.075
279.112
279.151
279.192
279.235
279.279
279.324
279.37
279.418
279.466
279.516
279.566
279.616
279.667
279.718
279.77
279.821
279.873
279.924
279.974
280.025
280.074
280.123
280.171
280.218
280.264
280.308
280.351
280.393
280.433
280.472
280.509
280.544
280.577
280.608
280.637
280.663
280.688
280.71
280.73
280.747
280.762
280.775
280.785
280.793
280.798
280.8
278.68
278.651
278.599
278.53
278.455
278.38
278.314
278.264
278.228
278.213
278.213
278.223
278.252
278.306
278.404
278.534
278.627
278.684
278.713
278.723
278.723
278.717
278.708
278.698
278.688
278.677
278.667
278.656
278.646
278.635
278.625
278.615
278.605
278.595
278.586
278.576
278.567
278.558
278.549
278.54
278.532
278.524
278.517
278.51
278.503
278.497
278.491
278.486
278.482
278.479
278.477
278.478
278.485
278.505
278.553
278.67
278.945
279.576
280.982
284.012
290.282
302.543
324.522
358.636
401.245
440.926
469.062
489.765
508.364
524.291
533.841
536.238
529.508
508.841
484.117
456.893
421.125
379.789
342.249
314.697
297.541
287.97
282.989
280.522
279.361
278.869
278.76
278.959
279.606
281.108
284.318
290.865
303.527
326.075
361.089
405.286
447.632
480.684
511.69
545.532
573.993
582.589
546.041
501.655
462.501
420.232
373.831
334.415
307.932
292.816
285.048
281.335
279.688
279.081
279.05
279.576
280.954
283.955
290.068
301.742
322.105
353.074
392.246
432.619
468.825
505.769
543.267
559.214
558.718
550.683
532.664
508.551
483.861
458.454
425.332
382.961
342.556
313.575
296.24
287.008
282.43
280.274
279.299
278.876
278.7
278.632
278.612
278.611
278.621
278.635
278.652
278.671
278.691
278.714
278.737
278.762
278.788
278.815
278.844
278.873
278.903
278.934
278.966
278.998
279.031
279.064
279.098
279.132
279.167
279.201
279.236
279.27
279.304
279.339
279.372
279.406
279.439
279.471
279.502
279.533
279.563
279.592
279.62
279.647
279.672
279.697
279.72
279.742
279.762
279.781
279.798
279.814
279.828
279.84
279.851
279.859
279.867
279.872
279.876
279.877
278.478
278.458
278.423
278.379
278.33
278.284
278.242
278.216
278.2
278.195
278.197
278.206
278.227
278.268
278.338
278.409
278.454
278.48
278.492
278.495
278.494
278.489
278.483
278.477
278.471
278.464
278.458
278.451
278.445
278.439
278.433
278.426
278.42
278.415
278.409
278.403
278.398
278.392
278.387
278.382
278.377
278.372
278.368
278.364
278.36
278.356
278.353
278.35
278.348
278.346
278.345
278.346
278.351
278.364
278.397
278.478
278.674
279.138
280.212
282.623
287.838
298.567
318.943
352.587
397.133
440.791
471.151
492.42
510.703
525.794
534.409
536.21
528.436
507.694
482.876
453.694
413.919
370.084
332.964
307.712
293.068
285.374
281.566
279.761
278.944
278.611
278.547
278.7
279.191
280.36
282.958
288.5
299.775
321.018
355.965
402.331
448.131
482.773
513.729
546.601
573.686
581.445
546.702
503.89
464.813
420.386
370.962
330.516
304.628
290.614
283.761
280.627
279.286
278.797
278.755
279.126
280.15
282.483
287.477
297.557
316.239
346.462
386.735
429.429
466.952
502.73
539.842
558.288
558.703
552.143
535.756
512.746
488.323
462.292
426.651
380.811
338.877
310.035
293.665
285.388
281.475
279.71
278.943
278.621
278.49
278.441
278.426
278.424
278.429
278.437
278.447
278.459
278.471
278.485
278.499
278.514
278.53
278.546
278.564
278.582
278.6
278.62
278.639
278.66
278.68
278.701
278.723
278.744
278.766
278.788
278.81
278.832
278.855
278.877
278.898
278.92
278.942
278.963
278.983
279.003
279.023
279.042
279.061
279.078
279.095
279.112
279.127
279.142
279.155
279.168
279.179
279.19
279.199
279.207
279.214
279.22
279.225
279.229
279.231
279.232
278.35
278.337
278.314
278.286
278.257
278.229
278.205
278.192
278.186
278.185
278.187
278.194
278.21
278.239
278.283
278.316
278.336
278.348
278.353
278.354
278.352
278.349
278.346
278.342
278.338
278.334
278.33
278.327
278.323
278.32
278.316
278.312
278.309
278.306
278.302
278.299
278.296
278.293
278.29
278.287
278.285
278.282
278.279
278.277
278.275
278.273
278.271
278.27
278.268
278.267
278.267
278.268
278.271
278.279
278.3
278.353
278.486
278.813
279.597
281.429
285.579
294.573
312.745
344.962
390.737
438.411
472.387
494.538
512.621
527.017
534.846
536.127
527.387
506.544
481.232
449.004
404.688
358.997
323.39
301.147
289.176
283.254
280.468
279.204
278.654
278.438
278.402
278.514
278.869
279.741
281.759
286.271
295.961
315.38
349.548
397.796
447.808
484.547
515.604
547.599
573.393
580.364
547.165
505.855
466.617
418.826
366.57
325.64
300.945
288.366
282.543
280.006
278.961
278.587
278.545
278.798
279.531
281.281
285.23
293.679
310.393
339.377
380.493
425.87
465.294
500.4
536.762
557.205
558.681
553.217
538.28
516.309
492.174
465.411
426.897
377.022
333.795
305.843
290.946
283.832
280.635
279.257
278.682
278.449
278.358
278.323
278.313
278.311
278.314
278.318
278.324
278.33
278.337
278.345
278.353
278.362
278.371
278.381
278.391
278.402
278.413
278.424
278.436
278.448
278.46
278.473
278.486
278.499
278.512
278.525
278.539
278.552
278.566
278.579
278.593
278.606
278.62
278.633
278.646
278.658
278.67
278.682
278.694
278.705
278.716
278.726
278.736
278.745
278.754
278.762
278.769
278.776
278.781
278.787
278.791
278.795
278.798
278.801
278.802
278.803
278.271
278.262
278.248
278.231
278.214
278.197
278.186
278.18
278.178
278.178
278.18
278.186
278.197
278.216
278.238
278.253
278.262
278.267
278.269
278.269
278.268
278.266
278.264
278.262
278.26
278.258
278.256
278.254
278.252
278.25
278.248
278.246
278.244
278.242
278.241
278.239
278.237
278.235
278.234
278.232
278.231
278.23
278.228
278.227
278.226
278.225
278.224
278.223
278.222
278.222
278.222
278.222
278.224
278.229
278.242
278.275
278.361
278.579
279.122
280.444
283.575
290.732
306.154
335.772
381.69
433.61
472.351
496.06
514.121
527.995
535.169
535.971
526.326
505.277
478.94
442.125
392.998
346.605
313.842
295.213
285.922
281.592
279.653
278.812
278.459
278.326
278.307
278.384
278.628
279.246
280.738
284.242
292.204
309.265
341.722
391.183
445.689
485.835
517.284
548.526
573.118
579.342
547.426
507.432
467.819
415.557
360.317
319.719
296.964
286.148
281.431
279.477
278.706
278.436
278.401
278.565
279.067
280.326
283.324
290.138
304.587
331.675
373.127
421.512
463.747
498.626
534.068
556.019
558.644
554.004
540.298
519.25
495.35
467.436
424.033
370.585
327.162
301.114
288.198
282.394
279.921
278.904
278.496
278.337
278.276
278.254
278.247
278.245
278.247
278.249
278.252
278.255
278.259
278.264
278.268
278.273
278.278
278.283
278.289
278.295
278.301
278.307
278.314
278.321
278.328
278.335
278.342
278.35
278.357
278.365
278.373
278.381
278.389
278.397
278.405
278.412
278.42
278.428
278.436
278.443
278.45
278.457
278.464
278.471
278.477
278.484
278.489
278.495
278.5
278.505
278.509
278.513
278.517
278.52
278.523
278.525
278.527
278.528
278.529
278.53
278.223
278.218
278.209
278.199
278.189
278.181
278.176
278.174
278.173
278.174
278.175
278.179
278.186
278.198
278.207
278.214
278.218
278.22
278.22
278.22
278.22
278.219
278.218
278.217
278.216
278.214
278.213
278.212
278.211
278.21
278.209
278.208
278.207
278.206
278.205
278.205
278.204
278.203
278.202
278.201
278.201
278.2
278.199
278.199
278.198
278.197
278.197
278.197
278.196
278.196
278.196
278.196
278.197
278.2
278.207
278.227
278.28
278.417
278.771
279.667
281.887
287.232
299.522
325.264
369.589
425.4
471.153
496.962
515.19
528.716
535.412
535.734
525.202
503.733
475.627
432.165
378.517
333.233
304.752
290.106
283.329
280.348
279.076
278.547
278.334
278.256
278.247
278.297
278.455
278.867
279.907
282.475
288.658
302.894
332.507
382.113
441.371
486.553
518.752
549.379
572.86
578.369
547.278
508.726
467.851
409.436
351.75
312.808
292.848
284.061
280.462
279.047
278.513
278.33
278.304
278.406
278.733
279.591
281.751
286.978
298.899
323.271
364.159
415.664
462.02
497.215
531.732
554.781
558.584
554.585
541.868
521.591
497.744
468.123
418.221
361.306
319.121
296.1
285.571
281.134
279.342
278.638
278.367
278.265
278.227
278.213
278.209
278.208
278.209
278.21
278.211
278.213
278.215
278.217
278.219
278.222
278.225
278.227
278.23
278.234
278.237
278.24
278.244
278.247
278.251
278.255
278.259
278.263
278.267
278.272
278.276
278.28
278.284
278.289
278.293
278.298
278.302
278.306
278.311
278.315
278.319
278.323
278.327
278.331
278.334
278.338
278.341
278.344
278.347
278.35
278.352
278.355
278.357
278.359
278.36
278.361
278.363
278.363
278.364
278.364
278.195
278.192
278.187
278.181
278.176
278.172
278.17
278.17
278.17
278.17
278.171
278.174
278.178
278.183
278.187
278.19
278.192
278.193
278.193
278.193
278.193
278.192
278.192
278.191
278.191
278.19
278.19
278.189
278.189
278.188
278.188
278.187
278.187
278.186
278.186
278.185
278.185
278.184
278.184
278.184
278.183
278.183
278.183
278.182
278.182
278.182
278.182
278.181
278.181
278.181
278.181
278.181
278.182
278.183
278.187
278.198
278.228
278.309
278.525
279.09
280.551
284.248
293.303
314.04
354.362
412.441
467.138
496.618
515.843
529.29
535.518
535.396
523.928
501.623
470.354
417.979
361.212
319.561
296.62
285.968
281.379
279.468
278.689
278.377
278.256
278.214
278.21
278.24
278.335
278.592
279.267
281.018
285.495
296.603
322.134
370.214
434.053
486.326
519.897
550.142
572.615
577.371
546.834
508.518
464.56
399.269
340.673
305.204
288.845
282.215
279.667
278.718
278.374
278.26
278.243
278.302
278.501
279.049
280.506
284.261
293.492
314.235
353.111
407.32
459.39
495.885
529.656
553.518
558.499
555.017
543.06
523.224
499.32
466.203
407.897
348.876
310.08
291.166
283.233
280.1
278.899
278.448
278.281
278.22
278.198
278.19
278.188
278.187
278.187
278.188
278.188
278.189
278.19
278.191
278.192
278.194
278.195
278.196
278.198
278.199
278.201
278.203
278.204
278.206
278.208
278.21
278.212
278.214
278.216
278.219
278.221
278.223
278.225
278.228
278.23
278.232
278.235
278.237
278.239
278.241
278.244
278.246
278.248
278.25
278.252
278.254
278.255
278.257
278.259
278.26
278.262
278.263
278.264
278.265
278.266
278.266
278.267
278.267
278.268
278.268
278.178
278.177
278.174
278.17
278.168
278.167
278.166
278.166
278.166
278.167
278.168
278.169
278.172
278.174
278.175
278.176
278.177
278.177
278.178
278.178
278.177
278.177
278.177
278.177
278.176
278.176
278.176
278.176
278.176
278.175
278.175
278.175
278.175
278.174
278.174
278.174
278.174
278.174
278.174
278.173
278.173
278.173
278.173
278.173
278.173
278.173
278.172
278.172
278.172
278.172
278.172
278.172
278.173
278.173
278.175
278.181
278.197
278.241
278.362
278.69
279.57
281.901
287.96
303.085
336.654
393.479
456.948
494.987
515.685
529.462
535.512
534.924
522.379
498.33
460.132
398.224
341.703
306.634
289.902
282.853
280.009
278.884
278.444
278.274
278.211
278.189
278.187
278.204
278.257
278.404
278.806
279.901
282.868
290.815
311.133
355.226
422.769
485.329
520.893
550.774
572.368
576.319
546.017
507.322
455.607
384.115
327.391
297.493
285.259
280.705
279.064
278.482
278.28
278.215
278.205
278.237
278.349
278.671
279.575
282.052
288.617
304.912
339.707
395.163
454.226
494.215
527.679
552.216
558.382
555.335
543.857
524.48
498.889
458.24
391.678
333.652
300.832
286.741
281.325
279.317
278.585
278.321
278.226
278.193
278.181
278.177
278.175
278.175
278.175
278.175
278.176
278.176
278.176
278.177
278.177
278.178
278.178
278.179
278.18
278.18
278.181
278.182
278.183
278.184
278.185
278.186
278.187
278.188
278.189
278.19
278.191
278.192
278.193
278.194
278.195
278.196
278.197
278.199
278.2
278.201
278.202
278.203
278.204
278.205
278.206
278.207
278.208
278.209
278.209
278.21
278.211
278.211
278.212
278.213
278.213
278.213
278.214
278.214
278.214
278.214
278.168
278.167
278.166
278.164
278.163
278.163
278.163
278.163
278.163
278.164
278.164
278.165
278.166
278.167
278.168
278.168
278.168
278.168
278.168
278.168
278.168
278.168
278.168
278.168
278.168
278.168
278.168
278.168
278.168
278.168
278.168
278.167
278.167
278.167
278.167
278.167
278.167
278.167
278.167
278.167
278.167
278.167
278.167
278.167
278.167
278.167
278.167
278.166
278.166
278.166
278.166
278.166
278.167
278.167
278.168
278.171
278.178
278.2
278.262
278.434
278.911
280.226
283.832
293.564
318.219
368.727
438.105
491.141
514.998
529.342
535.454
534.293
520.403
493.017
440.565
372.593
321.701
295.645
284.869
280.707
279.124
278.525
278.299
278.215
278.184
278.174
278.174
278.182
278.209
278.285
278.501
279.114
280.875
285.956
300.405
337.241
405.486
481.722
520.66
551.193
572.106
575.188
544.75
504.681
440.15
363.983
312.989
290.468
282.362
279.587
278.646
278.328
278.221
278.188
278.182
278.198
278.255
278.427
278.931
280.395
284.564
295.994
324.243
377.858
444.171
491.738
525.58
550.807
558.224
555.58
544.504
524.417
496.874
442.102
369.319
317
292.434
283.193
279.922
278.779
278.38
278.241
278.193
278.176
278.171
278.168
278.168
278.168
278.168
278.168
278.168
278.168
278.168
278.168
278.168
278.169
278.169
278.169
278.169
278.17
278.17
278.17
278.171
278.171
278.171
278.172
278.172
278.173
278.173
278.174
278.174
278.175
278.175
278.176
278.176
278.177
278.177
278.178
278.178
278.179
278.179
278.18
278.18
278.181
278.181
278.182
278.182
278.182
278.183
278.183
278.183
278.184
278.184
278.184
278.184
278.185
278.185
278.185
278.185
278.185
278.162
278.161
278.161
278.16
278.16
278.16
278.16
278.16
278.16
278.161
278.161
278.161
278.162
278.162
278.162
278.162
278.163
278.163
278.163
278.163
278.163
278.163
278.163
278.163
278.163
278.162
278.162
278.162
278.162
278.162
278.162
278.162
278.162
278.162
278.162
278.162
278.162
278.162
278.162
278.162
278.162
278.162
278.162
278.162
278.162
278.162
278.162
278.162
278.162
278.162
278.162
278.162
278.162
278.162
278.163
278.164
278.167
278.177
278.205
278.285
278.512
279.159
281.016
286.372
301.641
340.395
410.311
483.036
513.331
528.974
535.313
533.467
517.669
484.248
412.903
343.66
303.835
287.463
281.511
279.376
278.604
278.323
278.22
278.183
278.17
278.165
278.165
278.169
278.181
278.216
278.318
278.618
279.524
282.332
291.149
317.58
379.303
467.136
519.172
551.334
571.818
573.932
542.791
499.805
417.019
339.586
299.258
284.877
280.304
278.854
278.388
278.236
278.187
278.172
278.169
278.176
278.202
278.282
278.528
279.278
281.557
288.404
308.042
354.597
426.629
487.916
522.97
549.116
557.995
555.742
544.551
523.694
491.737
416.834
342.268
301.3
285.849
280.706
279.012
278.449
278.26
278.196
278.174
278.166
278.164
278.163
278.163
278.163
278.162
278.162
278.162
278.163
278.163
278.163
278.163
278.163
278.163
278.163
278.163
278.163
278.163
278.163
278.163
278.164
278.164
278.164
278.164
278.164
278.164
278.165
278.165
278.165
278.165
278.165
278.166
278.166
278.166
278.166
278.166
278.167
278.167
278.167
278.167
278.167
278.168
278.168
278.168
278.168
278.168
278.168
278.169
278.169
278.169
278.169
278.169
278.169
278.169
278.169
278.169
278.169
278.158
278.157
278.157
278.157
278.157
278.157
278.157
278.157
278.157
278.158
278.158
278.158
278.158
278.158
278.158
278.158
278.158
278.158
278.158
278.158
278.158
278.158
278.158
278.158
278.158
278.158
278.158
278.158
278.158
278.158
278.158
278.158
278.158
278.158
278.158
278.158
278.158
278.158
278.158
278.158
278.158
278.158
278.158
278.158
278.158
278.158
278.158
278.158
278.158
278.158
278.158
278.158
278.158
278.158
278.159
278.159
278.16
278.164
278.175
278.206
278.298
278.565
279.356
281.762
289.258
312.329
370.531
459.497
509.33
528.297
535.059
532.379
512.972
463.243
374.408
314.857
290.417
282.249
279.559
278.649
278.332
278.22
278.18
278.166
278.161
278.16
278.16
278.161
278.166
278.179
278.22
278.342
278.729
280.005
284.394
299.641
345.722
433.579
515.662
551.309
571.477
572.457
539.258
484.815
380.982
313.175
288.315
281.126
279.056
278.439
278.248
278.187
278.168
278.162
278.161
278.164
278.174
278.205
278.306
278.623
279.639
282.925
293.624
326.146
396.489
478.443
518.516
546.744
557.631
555.886
544.359
521.181
474.157
378.22
313.869
289.112
281.521
279.219
278.502
278.272
278.196
278.171
278.163
278.16
278.159
278.159
278.159
278.159
278.158
278.158
278.158
278.158
278.158
278.158
278.158
278.158
278.158
278.158
278.158
278.158
278.158
278.159
278.159
278.159
278.159
278.159
278.159
278.159
278.159
278.159
278.159
278.159
278.159
278.159
278.159
278.159
278.159
278.159
278.159
278.16
278.16
278.16
278.16
278.16
278.16
278.16
278.16
278.16
278.16
278.16
278.16
278.16
278.16
278.16
278.16
278.16
278.16
278.161
278.161
278.161
278.154
278.154
278.154
278.154
278.154
278.154
278.154
278.154
278.154
278.154
278.155
278.155
278.155
278.155
278.155
278.155
278.155
278.155
278.155
278.155
278.155
278.155
278.155
278.155
278.155
278.155
278.155
278.155
278.155
278.155
278.155
278.155
278.155
278.155
278.155
278.155
278.155
278.155
278.155
278.155
278.155
278.155
278.155
278.155
278.155
278.155
278.155
278.155
278.155
278.155
278.155
278.155
278.155
278.155
278.155
278.155
278.156
278.157
278.16
278.17
278.198
278.282
278.536
279.334
281.967
291.095
322.433
401.356
501.873
527.408
534.732
531.151
504.521
406.242
325.381
292.272
282.4
279.498
278.6
278.307
278.208
278.174
278.161
278.157
278.156
278.155
278.155
278.156
278.157
278.161
278.174
278.211
278.335
278.764
280.374
286.868
313.811
396.465
512.179
551.335
571.113
571.11
531.894
424.389
328.487
291.246
281.583
279.108
278.435
278.241
278.182
278.164
278.158
278.156
278.156
278.157
278.16
278.169
278.2
278.301
278.634
279.759
283.708
298.132
345.454
435.158
504.556
543.042
557.115
555.893
544.001
514.902
412.901
325.784
291.326
281.825
279.232
278.486
278.26
278.189
278.166
278.159
278.156
278.155
278.155
278.155
278.155
278.155
278.155
278.155
278.155
278.155
278.155
278.155
278.155
278.155
278.155
278.155
278.155
278.155
278.155
278.155
278.155
278.155
278.155
278.155
278.155
278.155
278.155
278.155
278.155
278.155
278.155
278.155
278.155
278.155
278.155
278.155
278.155
278.155
278.155
278.155
278.155
278.155
278.155
278.155
278.155
278.155
278.155
278.155
278.155
278.155
278.155
278.155
278.155
278.155
278.155
278.155
278.155
278.155
278.151
278.151
278.151
278.151
278.151
278.151
278.151
278.151
278.151
278.152
278.152
278.152
278.152
278.152
278.152
278.152
278.152
278.152
278.152
278.152
278.152
278.152
278.152
278.152
278.152
278.152
278.152
278.152
278.152
278.152
278.152
278.152
278.152
278.152
278.152
278.152
278.152
278.152
278.152
278.152
278.152
278.152
278.152
278.152
278.152
278.152
278.152
278.152
278.152
278.152
278.152
278.152
278.152
278.152
278.152
278.152
278.152
278.152
278.152
278.154
278.158
278.17
278.206
278.324
278.728
280.321
288.163
336.725
491.754
525.733
534.021
529.055
493.559
336.627
288.667
280.522
278.799
278.349
278.216
278.173
278.159
278.154
278.153
278.152
278.152
278.152
278.152
278.152
278.152
278.153
278.154
278.159
278.177
278.238
278.486
279.661
286.806
342.687
509.085
551.249
570.498
569.267
524.157
344.432
288.518
280.196
278.644
278.285
278.19
278.163
278.155
278.153
278.152
278.152
278.152
278.152
278.152
278.154
278.158
278.172
278.22
278.384
278.965
281.184
290.722
333.551
428.354
527.915
555.794
555.765
543.264
506.806
340.986
288.253
280.234
278.682
278.303
278.198
278.166
278.156
278.153
278.152
278.152
278.152
278.152
278.152
278.152
278.152
278.152
278.152
278.152
278.152
278.152
278.152
278.152
278.152
278.152
278.152
278.152
278.152
278.152
278.152
278.152
278.152
278.152
278.152
278.152
278.152
278.152
278.152
278.152
278.152
278.152
278.152
278.152
278.152
278.152
278.152
278.152
278.152
278.152
278.152
278.152
278.152
278.152
278.152
278.152
278.152
278.152
278.152
278.152
278.152
278.152
278.152
278.152
278.152
278.152
278.152
278.152
278.152
)
;

boundaryField
{
    left
    {
        type            zeroGradient;
    }
    right
    {
        type            zeroGradient;
    }
    bottom
    {
        type            fixedValue;
        value           uniform 773.15;
    }
    top
    {
        type            inletOutlet;
        inletValue      uniform 278.15;
        value           nonuniform List<scalar> 
200
(
278.15
278.15
278.15
278.15
278.15
278.15
278.15
278.15
278.15
278.15
278.15
278.15
278.15
278.15
278.15
278.15
278.15
278.15
278.15
278.15
278.15
278.15
278.15
278.15
278.15
278.15
278.15
278.15
278.15
278.15
278.15
278.15
278.15
278.15
278.15
278.15
278.15
278.15
278.15
278.15
278.15
278.15
278.15
278.15
278.15
278.15
278.15
278.15
278.15
278.15
278.15
278.15
278.15
278.15
278.15
278.15
278.15
278.15
278.15
278.15
278.15
278.15
278.15
278.15
278.15
278.15
278.15
278.15
491.754
525.733
534.021
529.055
493.559
278.15
278.15
278.15
278.15
278.15
278.15
278.15
278.15
278.15
278.15
278.15
278.15
278.15
278.15
278.15
278.15
278.15
278.15
278.15
278.15
278.15
278.15
278.15
278.15
278.15
509.085
551.249
570.498
569.267
524.157
278.15
278.15
278.15
278.15
278.15
278.15
278.15
278.15
278.15
278.15
278.15
278.15
278.15
278.15
278.15
278.15
278.15
278.15
278.15
278.15
278.15
278.15
278.15
278.15
527.915
555.794
555.765
543.264
506.806
278.15
278.15
278.15
278.15
278.15
278.15
278.15
278.15
278.15
278.15
278.15
278.15
278.15
278.15
278.15
278.15
278.15
278.15
278.15
278.15
278.15
278.15
278.15
278.15
278.15
278.15
278.15
278.15
278.15
278.15
278.15
278.15
278.15
278.15
278.15
278.15
278.15
278.15
278.15
278.15
278.15
278.15
278.15
278.15
278.15
278.15
278.15
278.15
278.15
278.15
278.15
278.15
278.15
278.15
278.15
278.15
278.15
278.15
278.15
278.15
278.15
278.15
278.15
278.15
278.15
278.15
278.15
278.15
)
;
    }
    frontAndBack
    {
        type            empty;
    }
}


// ************************************************************************* //
