/*--------------------------------*- C++ -*----------------------------------*\
  =========                 |
  \\      /  F ield         | OpenFOAM: The Open Source CFD Toolbox
   \\    /   O peration     | Website:  https://openfoam.org
    \\  /    A nd           | Version:  10
     \\/     M anipulation  |
\*---------------------------------------------------------------------------*/
FoamFile
{
    format      ascii;
    class       volScalarField;
    location    "1988128800";
    object      T;
}
// * * * * * * * * * * * * * * * * * * * * * * * * * * * * * * * * * * * * * //

dimensions      [0 0 0 1 0 0 0];

internalField   nonuniform List<scalar> 
80000
(
770.649
770.649
770.649
770.649
770.649
770.649
770.649
770.649
770.649
770.649
770.649
770.649
770.649
770.649
770.649
770.649
770.649
770.649
770.649
770.649
770.649
770.649
770.649
770.649
770.649
770.649
770.649
770.649
770.649
770.649
770.649
770.649
770.649
770.649
770.649
770.649
770.649
770.649
770.649
770.649
770.649
770.649
770.649
770.649
770.649
770.649
770.649
770.649
770.649
770.649
770.649
770.649
770.649
770.649
770.649
770.649
770.649
770.649
770.649
770.649
770.649
770.649
770.649
770.649
770.649
770.649
770.649
770.649
770.649
770.649
770.649
770.649
770.649
770.649
770.649
770.649
770.649
770.649
770.649
770.649
770.649
770.649
770.649
770.649
770.649
770.649
770.649
770.649
770.649
770.649
770.649
770.649
770.649
770.649
770.649
770.649
770.649
770.649
770.649
770.649
770.649
770.649
770.649
770.649
770.649
770.649
770.649
770.649
770.649
770.649
770.649
770.649
770.649
770.649
770.649
770.649
770.649
770.649
770.649
770.649
770.649
770.649
770.649
770.649
770.649
770.649
770.649
770.649
770.649
770.649
770.649
770.649
770.649
770.649
770.649
770.649
770.649
770.649
770.649
770.649
770.649
770.649
770.649
770.649
770.649
770.649
770.649
770.649
770.649
770.649
770.649
770.649
770.649
770.649
770.649
770.649
770.649
770.649
770.649
770.649
770.649
770.649
770.649
770.649
770.649
770.649
770.649
770.649
770.649
770.649
770.649
770.649
770.649
770.649
770.649
770.649
770.649
770.649
770.649
770.649
770.649
770.649
770.649
770.649
770.649
770.649
770.649
770.649
770.649
770.649
770.649
770.649
770.649
770.649
770.649
770.649
770.649
770.649
770.649
770.649
765.75
765.75
765.75
765.75
765.75
765.75
765.75
765.75
765.75
765.75
765.75
765.75
765.75
765.75
765.75
765.75
765.75
765.75
765.75
765.75
765.75
765.75
765.75
765.75
765.75
765.75
765.75
765.75
765.75
765.75
765.75
765.75
765.75
765.75
765.75
765.75
765.75
765.75
765.75
765.75
765.75
765.75
765.75
765.75
765.75
765.75
765.75
765.75
765.75
765.75
765.75
765.75
765.75
765.75
765.75
765.75
765.75
765.75
765.75
765.75
765.75
765.75
765.75
765.75
765.75
765.75
765.75
765.75
765.75
765.75
765.75
765.75
765.75
765.75
765.75
765.75
765.75
765.75
765.75
765.75
765.75
765.75
765.75
765.75
765.75
765.75
765.75
765.75
765.75
765.75
765.75
765.75
765.75
765.75
765.75
765.75
765.75
765.75
765.75
765.75
765.75
765.75
765.75
765.75
765.75
765.75
765.75
765.75
765.75
765.75
765.75
765.75
765.75
765.75
765.75
765.75
765.75
765.75
765.75
765.75
765.75
765.75
765.75
765.75
765.75
765.75
765.75
765.75
765.75
765.75
765.75
765.75
765.75
765.75
765.75
765.75
765.75
765.75
765.75
765.75
765.75
765.75
765.75
765.75
765.75
765.75
765.75
765.75
765.75
765.75
765.75
765.75
765.75
765.75
765.75
765.75
765.75
765.75
765.75
765.75
765.75
765.75
765.75
765.75
765.75
765.75
765.75
765.75
765.75
765.75
765.75
765.75
765.75
765.75
765.75
765.75
765.75
765.75
765.75
765.75
765.75
765.75
765.75
765.75
765.75
765.75
765.75
765.75
765.75
765.75
765.75
765.75
765.75
765.75
765.75
765.75
765.75
765.75
765.75
765.75
761.147
761.147
761.147
761.147
761.147
761.147
761.147
761.147
761.147
761.147
761.147
761.147
761.147
761.147
761.147
761.147
761.147
761.147
761.147
761.147
761.147
761.147
761.147
761.147
761.147
761.147
761.147
761.147
761.147
761.147
761.147
761.147
761.147
761.147
761.147
761.147
761.147
761.147
761.147
761.147
761.147
761.147
761.147
761.147
761.147
761.147
761.147
761.147
761.147
761.147
761.147
761.147
761.147
761.147
761.147
761.147
761.147
761.147
761.147
761.147
761.147
761.147
761.147
761.147
761.147
761.147
761.147
761.147
761.147
761.147
761.147
761.147
761.147
761.147
761.147
761.147
761.147
761.147
761.147
761.147
761.147
761.147
761.147
761.147
761.147
761.147
761.147
761.147
761.147
761.147
761.147
761.147
761.147
761.147
761.147
761.147
761.147
761.147
761.147
761.147
761.147
761.147
761.147
761.147
761.147
761.147
761.147
761.147
761.147
761.147
761.147
761.147
761.147
761.147
761.147
761.147
761.147
761.147
761.147
761.147
761.147
761.147
761.147
761.147
761.147
761.147
761.147
761.147
761.147
761.147
761.147
761.147
761.147
761.147
761.147
761.147
761.147
761.147
761.147
761.147
761.147
761.147
761.147
761.147
761.147
761.147
761.147
761.147
761.147
761.147
761.147
761.147
761.147
761.147
761.147
761.147
761.147
761.147
761.147
761.147
761.147
761.147
761.147
761.147
761.147
761.147
761.147
761.147
761.147
761.147
761.147
761.147
761.147
761.147
761.147
761.147
761.147
761.147
761.147
761.147
761.147
761.147
761.147
761.147
761.147
761.147
761.147
761.147
761.147
761.147
761.147
761.147
761.147
761.147
761.147
761.147
761.147
761.147
761.147
761.147
756.999
756.999
756.999
756.999
756.999
756.999
756.999
756.999
756.999
756.999
756.999
756.999
756.999
756.999
756.999
756.999
756.999
756.999
756.999
756.999
756.999
756.999
756.999
756.999
756.999
756.999
756.999
756.999
756.999
756.999
756.999
756.999
756.999
756.999
756.999
756.999
756.999
756.999
756.999
756.999
756.999
756.999
756.999
756.999
756.999
756.999
756.999
756.999
756.999
756.999
756.999
756.999
756.999
756.999
756.999
756.999
756.999
756.999
756.999
756.999
756.999
756.999
756.999
756.999
756.999
756.999
756.999
756.999
756.999
756.999
756.999
756.999
756.999
756.999
756.999
756.999
756.999
756.999
756.999
756.999
756.999
756.999
756.999
756.999
756.999
756.999
756.999
756.999
756.999
756.999
756.999
756.999
756.999
756.999
756.999
756.999
756.999
756.999
756.999
756.999
756.999
756.999
756.999
756.999
756.999
756.999
756.999
756.999
756.999
756.999
756.999
756.999
756.999
756.999
756.999
756.999
756.999
756.999
756.999
756.999
756.999
756.999
756.999
756.999
756.999
756.999
756.999
756.999
756.999
756.999
756.999
756.999
756.999
756.999
756.999
756.999
756.999
756.999
756.999
756.999
756.999
756.999
756.999
756.999
756.999
756.999
756.999
756.999
756.999
756.999
756.999
756.999
756.999
756.999
756.999
756.999
756.999
756.999
756.999
756.999
756.999
756.999
756.999
756.999
756.999
756.999
756.999
756.999
756.999
756.999
756.999
756.999
756.999
756.999
756.999
756.999
756.999
756.999
756.999
756.999
756.999
756.999
756.999
756.999
756.999
756.999
756.999
756.999
756.999
756.999
756.999
756.999
756.999
756.999
756.999
756.999
756.999
756.999
756.999
756.999
753.412
753.412
753.412
753.412
753.412
753.412
753.412
753.412
753.412
753.412
753.412
753.412
753.412
753.412
753.412
753.412
753.412
753.412
753.412
753.412
753.412
753.412
753.412
753.412
753.412
753.412
753.412
753.412
753.412
753.412
753.412
753.412
753.412
753.412
753.412
753.412
753.412
753.412
753.412
753.412
753.412
753.412
753.412
753.412
753.412
753.412
753.412
753.412
753.412
753.412
753.412
753.412
753.412
753.412
753.412
753.412
753.412
753.412
753.412
753.412
753.412
753.412
753.412
753.412
753.412
753.412
753.412
753.412
753.412
753.412
753.412
753.412
753.412
753.412
753.412
753.412
753.412
753.412
753.412
753.412
753.412
753.412
753.412
753.412
753.412
753.412
753.412
753.412
753.412
753.412
753.412
753.412
753.412
753.412
753.412
753.412
753.412
753.412
753.412
753.412
753.412
753.412
753.412
753.412
753.412
753.412
753.412
753.412
753.412
753.412
753.412
753.412
753.412
753.412
753.412
753.412
753.412
753.412
753.412
753.412
753.412
753.412
753.412
753.412
753.412
753.412
753.412
753.412
753.412
753.412
753.412
753.412
753.412
753.412
753.412
753.412
753.412
753.412
753.412
753.412
753.412
753.412
753.412
753.412
753.412
753.412
753.412
753.412
753.412
753.412
753.412
753.412
753.412
753.412
753.412
753.412
753.412
753.412
753.412
753.412
753.412
753.412
753.412
753.412
753.412
753.412
753.412
753.412
753.412
753.412
753.412
753.412
753.412
753.412
753.412
753.412
753.412
753.412
753.412
753.412
753.412
753.412
753.412
753.412
753.412
753.412
753.412
753.412
753.412
753.412
753.412
753.412
753.412
753.412
753.412
753.412
753.412
753.412
753.412
753.412
750.435
750.435
750.435
750.435
750.435
750.435
750.435
750.435
750.435
750.435
750.435
750.435
750.435
750.435
750.435
750.435
750.435
750.435
750.435
750.435
750.435
750.435
750.435
750.435
750.435
750.435
750.435
750.435
750.435
750.435
750.435
750.435
750.435
750.435
750.435
750.435
750.435
750.435
750.435
750.435
750.435
750.435
750.435
750.435
750.435
750.435
750.435
750.435
750.435
750.435
750.435
750.435
750.435
750.435
750.435
750.435
750.435
750.435
750.435
750.435
750.435
750.435
750.435
750.435
750.435
750.435
750.435
750.435
750.435
750.435
750.435
750.435
750.435
750.435
750.435
750.435
750.435
750.435
750.435
750.435
750.435
750.435
750.435
750.435
750.435
750.435
750.435
750.435
750.435
750.435
750.435
750.435
750.435
750.435
750.435
750.435
750.435
750.435
750.435
750.435
750.435
750.435
750.435
750.435
750.435
750.435
750.435
750.435
750.435
750.435
750.435
750.435
750.435
750.435
750.435
750.435
750.435
750.435
750.435
750.435
750.435
750.435
750.435
750.435
750.435
750.435
750.435
750.435
750.435
750.435
750.435
750.435
750.435
750.435
750.435
750.435
750.435
750.435
750.435
750.435
750.435
750.435
750.435
750.435
750.435
750.435
750.435
750.435
750.435
750.435
750.435
750.435
750.435
750.435
750.435
750.435
750.435
750.435
750.435
750.435
750.435
750.435
750.435
750.435
750.435
750.435
750.435
750.435
750.435
750.435
750.435
750.435
750.435
750.435
750.435
750.435
750.435
750.435
750.435
750.435
750.435
750.435
750.435
750.435
750.435
750.435
750.435
750.435
750.435
750.435
750.435
750.435
750.435
750.435
750.435
750.435
750.435
750.435
750.435
750.435
748.064
748.064
748.064
748.064
748.064
748.064
748.064
748.064
748.064
748.064
748.064
748.064
748.064
748.064
748.064
748.064
748.064
748.064
748.064
748.064
748.064
748.064
748.064
748.064
748.064
748.064
748.064
748.064
748.064
748.064
748.064
748.064
748.064
748.064
748.064
748.064
748.064
748.064
748.064
748.064
748.064
748.064
748.064
748.064
748.064
748.064
748.064
748.064
748.064
748.064
748.064
748.064
748.064
748.064
748.064
748.064
748.064
748.064
748.064
748.064
748.064
748.064
748.064
748.064
748.064
748.064
748.064
748.064
748.064
748.064
748.064
748.064
748.064
748.064
748.064
748.064
748.064
748.064
748.064
748.064
748.064
748.064
748.064
748.064
748.064
748.064
748.064
748.064
748.064
748.064
748.064
748.064
748.064
748.064
748.064
748.064
748.064
748.064
748.064
748.064
748.064
748.064
748.064
748.064
748.064
748.064
748.064
748.064
748.064
748.064
748.064
748.064
748.064
748.064
748.064
748.064
748.064
748.064
748.064
748.064
748.064
748.064
748.064
748.064
748.064
748.064
748.064
748.064
748.064
748.064
748.064
748.064
748.064
748.064
748.064
748.064
748.064
748.064
748.064
748.064
748.064
748.064
748.064
748.064
748.064
748.064
748.064
748.064
748.064
748.064
748.064
748.064
748.064
748.064
748.064
748.064
748.064
748.064
748.064
748.064
748.064
748.064
748.064
748.064
748.064
748.064
748.064
748.064
748.064
748.064
748.064
748.064
748.064
748.064
748.064
748.064
748.064
748.064
748.064
748.064
748.064
748.064
748.064
748.064
748.064
748.064
748.064
748.064
748.064
748.064
748.064
748.064
748.064
748.064
748.064
748.064
748.064
748.064
748.064
748.064
746.251
746.251
746.251
746.251
746.251
746.251
746.251
746.251
746.251
746.251
746.251
746.251
746.251
746.251
746.251
746.251
746.251
746.251
746.251
746.251
746.251
746.251
746.251
746.251
746.251
746.251
746.251
746.251
746.251
746.251
746.251
746.251
746.251
746.251
746.251
746.251
746.251
746.251
746.251
746.251
746.251
746.251
746.251
746.251
746.251
746.251
746.251
746.251
746.251
746.251
746.251
746.251
746.251
746.251
746.251
746.251
746.251
746.251
746.251
746.251
746.251
746.251
746.251
746.251
746.251
746.251
746.251
746.251
746.251
746.251
746.251
746.251
746.251
746.251
746.251
746.251
746.251
746.251
746.251
746.251
746.251
746.251
746.251
746.251
746.251
746.251
746.251
746.251
746.251
746.251
746.251
746.251
746.251
746.251
746.251
746.251
746.251
746.251
746.251
746.251
746.251
746.251
746.251
746.251
746.251
746.251
746.251
746.251
746.251
746.251
746.251
746.251
746.251
746.251
746.251
746.251
746.251
746.251
746.251
746.251
746.251
746.251
746.251
746.251
746.251
746.251
746.251
746.251
746.251
746.251
746.251
746.251
746.251
746.251
746.251
746.251
746.251
746.251
746.251
746.251
746.251
746.251
746.251
746.251
746.251
746.251
746.251
746.251
746.251
746.251
746.251
746.251
746.251
746.251
746.251
746.251
746.251
746.251
746.251
746.251
746.251
746.251
746.251
746.251
746.251
746.251
746.251
746.251
746.251
746.251
746.251
746.251
746.251
746.251
746.251
746.251
746.251
746.251
746.251
746.251
746.251
746.251
746.251
746.251
746.251
746.251
746.251
746.251
746.251
746.251
746.251
746.251
746.251
746.251
746.251
746.251
746.251
746.251
746.251
746.251
744.917
744.917
744.917
744.917
744.917
744.917
744.917
744.917
744.917
744.917
744.917
744.917
744.917
744.917
744.917
744.917
744.917
744.917
744.917
744.917
744.917
744.917
744.917
744.917
744.917
744.917
744.917
744.917
744.917
744.917
744.917
744.917
744.917
744.917
744.917
744.917
744.917
744.917
744.917
744.917
744.917
744.917
744.917
744.917
744.917
744.917
744.917
744.917
744.917
744.917
744.917
744.917
744.917
744.917
744.917
744.917
744.917
744.917
744.917
744.917
744.917
744.917
744.917
744.917
744.917
744.917
744.917
744.917
744.917
744.917
744.917
744.917
744.917
744.917
744.917
744.917
744.917
744.917
744.917
744.917
744.917
744.917
744.917
744.917
744.917
744.917
744.917
744.917
744.917
744.917
744.917
744.917
744.917
744.917
744.917
744.917
744.917
744.917
744.917
744.917
744.917
744.917
744.917
744.917
744.917
744.917
744.917
744.917
744.917
744.917
744.917
744.917
744.917
744.917
744.917
744.917
744.917
744.917
744.917
744.917
744.917
744.917
744.917
744.917
744.917
744.917
744.917
744.917
744.917
744.917
744.917
744.917
744.917
744.917
744.917
744.917
744.917
744.917
744.917
744.917
744.917
744.917
744.917
744.917
744.917
744.917
744.917
744.917
744.917
744.917
744.917
744.917
744.917
744.917
744.917
744.917
744.917
744.917
744.917
744.917
744.917
744.917
744.917
744.917
744.917
744.917
744.917
744.917
744.917
744.917
744.917
744.917
744.917
744.917
744.917
744.917
744.917
744.917
744.917
744.917
744.917
744.917
744.917
744.917
744.917
744.917
744.917
744.917
744.917
744.917
744.917
744.917
744.917
744.917
744.917
744.917
744.917
744.917
744.917
744.917
743.975
743.975
743.975
743.975
743.975
743.975
743.975
743.975
743.975
743.975
743.975
743.975
743.975
743.975
743.975
743.975
743.975
743.975
743.975
743.975
743.975
743.975
743.975
743.975
743.975
743.975
743.975
743.975
743.975
743.975
743.975
743.975
743.975
743.975
743.975
743.975
743.975
743.975
743.975
743.975
743.975
743.975
743.975
743.975
743.975
743.975
743.975
743.975
743.975
743.975
743.975
743.975
743.975
743.975
743.975
743.975
743.975
743.975
743.975
743.975
743.975
743.975
743.975
743.975
743.975
743.975
743.975
743.975
743.975
743.975
743.975
743.975
743.975
743.975
743.975
743.975
743.975
743.975
743.975
743.975
743.975
743.975
743.975
743.975
743.975
743.975
743.975
743.975
743.975
743.975
743.975
743.975
743.975
743.975
743.975
743.975
743.975
743.975
743.975
743.975
743.975
743.975
743.975
743.975
743.975
743.975
743.975
743.975
743.975
743.975
743.975
743.975
743.975
743.975
743.975
743.975
743.975
743.975
743.975
743.975
743.975
743.975
743.975
743.975
743.975
743.975
743.975
743.975
743.975
743.975
743.975
743.975
743.975
743.975
743.975
743.975
743.975
743.975
743.975
743.975
743.975
743.975
743.975
743.975
743.975
743.975
743.975
743.975
743.975
743.975
743.975
743.975
743.975
743.975
743.975
743.975
743.975
743.975
743.975
743.975
743.975
743.975
743.975
743.975
743.975
743.975
743.975
743.975
743.975
743.975
743.975
743.975
743.975
743.975
743.975
743.975
743.975
743.975
743.975
743.975
743.975
743.975
743.975
743.975
743.975
743.975
743.975
743.975
743.975
743.975
743.975
743.975
743.975
743.975
743.975
743.975
743.975
743.975
743.975
743.975
743.333
743.333
743.333
743.333
743.333
743.333
743.333
743.333
743.333
743.333
743.333
743.333
743.333
743.333
743.333
743.333
743.333
743.333
743.333
743.333
743.333
743.333
743.333
743.333
743.333
743.333
743.333
743.333
743.333
743.333
743.333
743.333
743.333
743.333
743.333
743.333
743.333
743.333
743.333
743.333
743.333
743.333
743.333
743.333
743.333
743.333
743.333
743.333
743.333
743.333
743.333
743.333
743.333
743.333
743.333
743.333
743.333
743.333
743.333
743.333
743.333
743.333
743.333
743.333
743.333
743.333
743.333
743.333
743.333
743.333
743.333
743.333
743.333
743.333
743.333
743.333
743.333
743.333
743.333
743.333
743.333
743.333
743.333
743.333
743.333
743.333
743.333
743.333
743.333
743.333
743.333
743.333
743.333
743.333
743.333
743.333
743.333
743.333
743.333
743.333
743.333
743.333
743.333
743.333
743.333
743.333
743.333
743.333
743.333
743.333
743.333
743.333
743.333
743.333
743.333
743.333
743.333
743.333
743.333
743.333
743.333
743.333
743.333
743.333
743.333
743.333
743.333
743.333
743.333
743.333
743.333
743.333
743.333
743.333
743.333
743.333
743.333
743.333
743.333
743.333
743.333
743.333
743.333
743.333
743.333
743.333
743.333
743.333
743.333
743.333
743.333
743.333
743.333
743.333
743.333
743.333
743.333
743.333
743.333
743.333
743.333
743.333
743.333
743.333
743.333
743.333
743.333
743.333
743.333
743.333
743.333
743.333
743.333
743.333
743.333
743.333
743.333
743.333
743.333
743.333
743.333
743.333
743.333
743.333
743.333
743.333
743.333
743.333
743.333
743.333
743.333
743.333
743.333
743.333
743.333
743.333
743.333
743.333
743.333
743.333
742.911
742.911
742.911
742.911
742.911
742.911
742.911
742.911
742.911
742.911
742.911
742.911
742.911
742.911
742.911
742.911
742.911
742.911
742.911
742.911
742.911
742.911
742.911
742.911
742.911
742.911
742.911
742.911
742.911
742.911
742.911
742.911
742.911
742.911
742.911
742.911
742.911
742.911
742.911
742.911
742.911
742.911
742.911
742.911
742.911
742.911
742.911
742.911
742.911
742.911
742.911
742.911
742.911
742.911
742.911
742.911
742.911
742.911
742.911
742.911
742.911
742.911
742.911
742.911
742.911
742.911
742.911
742.911
742.911
742.911
742.911
742.911
742.911
742.911
742.911
742.911
742.911
742.911
742.911
742.911
742.911
742.911
742.911
742.911
742.911
742.911
742.911
742.911
742.911
742.911
742.911
742.911
742.911
742.911
742.911
742.911
742.911
742.911
742.911
742.911
742.911
742.911
742.911
742.911
742.911
742.911
742.911
742.911
742.911
742.911
742.911
742.911
742.911
742.911
742.911
742.911
742.911
742.911
742.911
742.911
742.911
742.911
742.911
742.911
742.911
742.911
742.911
742.911
742.911
742.911
742.911
742.911
742.911
742.911
742.911
742.911
742.911
742.911
742.911
742.911
742.911
742.911
742.911
742.911
742.911
742.911
742.911
742.911
742.911
742.911
742.911
742.911
742.911
742.911
742.911
742.911
742.911
742.911
742.911
742.911
742.911
742.911
742.911
742.911
742.911
742.911
742.911
742.911
742.911
742.911
742.911
742.911
742.911
742.911
742.911
742.911
742.911
742.911
742.911
742.911
742.911
742.911
742.911
742.911
742.911
742.911
742.911
742.911
742.911
742.911
742.911
742.911
742.911
742.911
742.911
742.911
742.911
742.911
742.911
742.911
742.644
742.644
742.644
742.644
742.644
742.644
742.644
742.644
742.644
742.644
742.644
742.644
742.644
742.644
742.644
742.644
742.644
742.644
742.644
742.644
742.644
742.644
742.644
742.644
742.644
742.644
742.644
742.644
742.644
742.644
742.644
742.644
742.644
742.644
742.644
742.644
742.644
742.644
742.644
742.644
742.644
742.644
742.644
742.644
742.644
742.644
742.644
742.644
742.644
742.644
742.644
742.644
742.644
742.644
742.644
742.644
742.644
742.644
742.644
742.644
742.644
742.644
742.644
742.644
742.644
742.644
742.644
742.644
742.644
742.644
742.644
742.644
742.644
742.644
742.644
742.644
742.644
742.644
742.644
742.644
742.644
742.644
742.644
742.644
742.644
742.644
742.644
742.644
742.644
742.644
742.644
742.644
742.644
742.644
742.644
742.644
742.644
742.644
742.644
742.644
742.644
742.644
742.644
742.644
742.644
742.644
742.644
742.644
742.644
742.644
742.644
742.644
742.644
742.644
742.644
742.644
742.644
742.644
742.644
742.644
742.644
742.644
742.644
742.644
742.644
742.644
742.644
742.644
742.644
742.644
742.644
742.644
742.644
742.644
742.644
742.644
742.644
742.644
742.644
742.644
742.644
742.644
742.644
742.644
742.644
742.644
742.644
742.644
742.644
742.644
742.644
742.644
742.644
742.644
742.644
742.644
742.644
742.644
742.644
742.644
742.644
742.644
742.644
742.644
742.644
742.644
742.644
742.644
742.644
742.644
742.644
742.644
742.644
742.644
742.644
742.644
742.644
742.644
742.644
742.644
742.644
742.644
742.644
742.644
742.644
742.644
742.644
742.644
742.644
742.644
742.644
742.644
742.644
742.644
742.644
742.644
742.644
742.644
742.644
742.644
742.479
742.479
742.479
742.479
742.479
742.479
742.479
742.479
742.479
742.479
742.479
742.479
742.479
742.479
742.479
742.479
742.479
742.479
742.479
742.479
742.479
742.479
742.479
742.479
742.479
742.479
742.479
742.479
742.479
742.479
742.479
742.479
742.479
742.479
742.479
742.479
742.479
742.479
742.479
742.479
742.479
742.479
742.479
742.479
742.479
742.479
742.479
742.479
742.479
742.479
742.479
742.479
742.479
742.479
742.479
742.479
742.479
742.479
742.479
742.479
742.479
742.479
742.479
742.479
742.479
742.479
742.479
742.479
742.479
742.479
742.479
742.479
742.479
742.479
742.479
742.479
742.479
742.479
742.479
742.479
742.479
742.479
742.479
742.479
742.479
742.479
742.479
742.479
742.479
742.479
742.479
742.479
742.479
742.479
742.479
742.479
742.479
742.479
742.479
742.479
742.479
742.479
742.479
742.479
742.479
742.479
742.479
742.479
742.479
742.479
742.479
742.479
742.479
742.479
742.479
742.479
742.479
742.479
742.479
742.479
742.479
742.479
742.479
742.479
742.479
742.479
742.479
742.479
742.479
742.479
742.479
742.479
742.479
742.479
742.479
742.479
742.479
742.479
742.479
742.479
742.479
742.479
742.479
742.479
742.479
742.479
742.479
742.479
742.479
742.479
742.479
742.479
742.479
742.479
742.479
742.479
742.479
742.479
742.479
742.479
742.479
742.479
742.479
742.479
742.479
742.479
742.479
742.479
742.479
742.479
742.479
742.479
742.479
742.479
742.479
742.479
742.479
742.479
742.479
742.479
742.479
742.479
742.479
742.479
742.479
742.479
742.479
742.479
742.479
742.479
742.479
742.479
742.479
742.479
742.479
742.479
742.479
742.479
742.479
742.479
742.381
742.381
742.381
742.381
742.381
742.381
742.381
742.381
742.381
742.381
742.381
742.381
742.381
742.381
742.381
742.381
742.381
742.381
742.381
742.381
742.381
742.381
742.381
742.381
742.381
742.381
742.381
742.381
742.381
742.381
742.381
742.381
742.381
742.381
742.381
742.381
742.381
742.381
742.381
742.381
742.381
742.381
742.381
742.381
742.381
742.381
742.381
742.381
742.381
742.381
742.381
742.381
742.381
742.381
742.381
742.381
742.381
742.381
742.381
742.381
742.381
742.381
742.381
742.381
742.381
742.381
742.381
742.381
742.381
742.381
742.381
742.381
742.381
742.381
742.381
742.381
742.381
742.381
742.381
742.381
742.381
742.381
742.381
742.381
742.381
742.381
742.381
742.381
742.381
742.381
742.381
742.381
742.381
742.381
742.381
742.381
742.381
742.381
742.381
742.381
742.381
742.381
742.381
742.381
742.381
742.381
742.381
742.381
742.381
742.381
742.381
742.381
742.381
742.381
742.381
742.381
742.381
742.381
742.381
742.381
742.381
742.381
742.381
742.381
742.381
742.381
742.381
742.381
742.381
742.381
742.381
742.381
742.381
742.381
742.381
742.381
742.381
742.381
742.381
742.381
742.381
742.381
742.381
742.381
742.381
742.381
742.381
742.381
742.381
742.381
742.381
742.381
742.381
742.381
742.381
742.381
742.381
742.381
742.381
742.381
742.381
742.381
742.381
742.381
742.381
742.381
742.381
742.381
742.381
742.381
742.381
742.381
742.381
742.381
742.381
742.381
742.381
742.381
742.381
742.381
742.381
742.381
742.381
742.381
742.381
742.381
742.381
742.381
742.381
742.381
742.381
742.381
742.381
742.381
742.381
742.381
742.381
742.381
742.381
742.381
742.323
742.323
742.323
742.323
742.323
742.323
742.323
742.323
742.323
742.323
742.323
742.323
742.323
742.323
742.323
742.323
742.323
742.323
742.323
742.323
742.323
742.323
742.323
742.323
742.323
742.323
742.323
742.323
742.323
742.323
742.323
742.323
742.323
742.323
742.323
742.323
742.323
742.323
742.323
742.323
742.323
742.323
742.323
742.323
742.323
742.323
742.323
742.323
742.323
742.323
742.323
742.323
742.323
742.323
742.323
742.323
742.323
742.323
742.323
742.323
742.323
742.323
742.323
742.323
742.323
742.323
742.323
742.323
742.323
742.323
742.323
742.323
742.323
742.323
742.323
742.323
742.323
742.323
742.323
742.323
742.323
742.323
742.323
742.323
742.323
742.323
742.323
742.323
742.323
742.323
742.323
742.323
742.323
742.323
742.323
742.323
742.323
742.323
742.323
742.323
742.323
742.323
742.323
742.323
742.323
742.323
742.323
742.323
742.323
742.323
742.323
742.323
742.323
742.323
742.323
742.323
742.323
742.323
742.323
742.323
742.323
742.323
742.323
742.323
742.323
742.323
742.323
742.323
742.323
742.323
742.323
742.323
742.323
742.323
742.323
742.323
742.323
742.323
742.323
742.323
742.323
742.323
742.323
742.323
742.323
742.323
742.323
742.323
742.323
742.323
742.323
742.323
742.323
742.323
742.323
742.323
742.323
742.323
742.323
742.323
742.323
742.323
742.323
742.323
742.323
742.323
742.323
742.323
742.323
742.323
742.323
742.323
742.323
742.323
742.323
742.323
742.323
742.323
742.323
742.323
742.323
742.323
742.323
742.323
742.323
742.323
742.323
742.323
742.323
742.323
742.323
742.323
742.323
742.323
742.323
742.323
742.323
742.323
742.323
742.323
742.289
742.289
742.289
742.289
742.289
742.289
742.289
742.289
742.289
742.289
742.289
742.289
742.289
742.289
742.289
742.289
742.289
742.289
742.289
742.289
742.289
742.289
742.289
742.289
742.289
742.289
742.289
742.289
742.289
742.289
742.289
742.289
742.289
742.289
742.289
742.289
742.289
742.289
742.289
742.289
742.289
742.289
742.289
742.289
742.289
742.289
742.289
742.289
742.289
742.289
742.289
742.289
742.289
742.289
742.289
742.289
742.289
742.289
742.289
742.289
742.289
742.289
742.289
742.289
742.289
742.289
742.289
742.289
742.289
742.289
742.289
742.289
742.289
742.289
742.289
742.289
742.289
742.289
742.289
742.289
742.289
742.289
742.289
742.289
742.289
742.289
742.289
742.289
742.289
742.289
742.289
742.289
742.289
742.289
742.289
742.289
742.289
742.289
742.289
742.289
742.289
742.289
742.289
742.289
742.289
742.289
742.289
742.289
742.289
742.289
742.289
742.289
742.289
742.289
742.289
742.289
742.289
742.289
742.289
742.289
742.289
742.289
742.289
742.289
742.289
742.289
742.289
742.289
742.289
742.289
742.289
742.289
742.289
742.289
742.289
742.289
742.289
742.289
742.289
742.289
742.289
742.289
742.289
742.289
742.289
742.289
742.289
742.289
742.289
742.289
742.289
742.289
742.289
742.289
742.289
742.289
742.289
742.289
742.289
742.289
742.289
742.289
742.289
742.289
742.289
742.289
742.289
742.289
742.289
742.289
742.289
742.289
742.289
742.289
742.289
742.289
742.289
742.289
742.289
742.289
742.289
742.289
742.289
742.289
742.289
742.289
742.289
742.289
742.289
742.289
742.289
742.289
742.289
742.289
742.289
742.289
742.289
742.289
742.289
742.289
742.27
742.27
742.27
742.27
742.27
742.27
742.27
742.27
742.27
742.27
742.27
742.27
742.27
742.27
742.27
742.27
742.27
742.27
742.27
742.27
742.27
742.27
742.27
742.27
742.27
742.27
742.27
742.27
742.27
742.27
742.27
742.27
742.27
742.27
742.27
742.27
742.27
742.27
742.27
742.27
742.27
742.27
742.27
742.27
742.27
742.27
742.27
742.27
742.27
742.27
742.27
742.27
742.27
742.27
742.27
742.27
742.27
742.27
742.27
742.27
742.27
742.27
742.27
742.27
742.27
742.27
742.27
742.27
742.27
742.27
742.27
742.27
742.27
742.27
742.27
742.27
742.27
742.27
742.27
742.27
742.27
742.27
742.27
742.27
742.27
742.27
742.27
742.27
742.27
742.27
742.27
742.27
742.27
742.27
742.27
742.27
742.27
742.27
742.27
742.27
742.27
742.27
742.27
742.27
742.27
742.27
742.27
742.27
742.27
742.27
742.27
742.27
742.27
742.27
742.27
742.27
742.27
742.27
742.27
742.27
742.27
742.27
742.27
742.27
742.27
742.27
742.27
742.27
742.27
742.27
742.27
742.27
742.27
742.27
742.27
742.27
742.27
742.27
742.27
742.27
742.27
742.27
742.27
742.27
742.27
742.27
742.27
742.27
742.27
742.27
742.27
742.27
742.27
742.27
742.27
742.27
742.27
742.27
742.27
742.27
742.27
742.27
742.27
742.27
742.27
742.27
742.27
742.27
742.27
742.27
742.27
742.27
742.27
742.27
742.27
742.27
742.27
742.27
742.27
742.27
742.27
742.27
742.27
742.27
742.27
742.27
742.27
742.27
742.27
742.27
742.27
742.27
742.27
742.27
742.27
742.27
742.27
742.27
742.27
742.27
742.258
742.258
742.258
742.258
742.258
742.258
742.258
742.258
742.258
742.258
742.258
742.258
742.258
742.258
742.258
742.258
742.258
742.258
742.258
742.258
742.258
742.258
742.258
742.258
742.258
742.258
742.258
742.258
742.258
742.258
742.258
742.258
742.258
742.258
742.258
742.258
742.258
742.258
742.258
742.258
742.258
742.258
742.258
742.258
742.258
742.258
742.258
742.258
742.258
742.258
742.258
742.258
742.258
742.258
742.258
742.258
742.258
742.258
742.258
742.258
742.258
742.258
742.258
742.258
742.258
742.258
742.258
742.258
742.258
742.258
742.258
742.258
742.258
742.258
742.258
742.258
742.258
742.258
742.258
742.258
742.258
742.258
742.258
742.258
742.258
742.258
742.258
742.258
742.258
742.258
742.258
742.258
742.258
742.258
742.258
742.258
742.258
742.258
742.258
742.258
742.258
742.258
742.258
742.258
742.258
742.258
742.258
742.258
742.258
742.258
742.258
742.258
742.258
742.258
742.258
742.258
742.258
742.258
742.258
742.258
742.258
742.258
742.258
742.258
742.258
742.258
742.258
742.258
742.258
742.258
742.258
742.258
742.258
742.258
742.258
742.258
742.258
742.258
742.258
742.258
742.258
742.258
742.258
742.258
742.258
742.258
742.258
742.258
742.258
742.258
742.258
742.258
742.258
742.258
742.258
742.258
742.258
742.258
742.258
742.258
742.258
742.258
742.258
742.258
742.258
742.258
742.258
742.258
742.258
742.258
742.258
742.258
742.258
742.258
742.258
742.258
742.258
742.258
742.258
742.258
742.258
742.258
742.258
742.258
742.258
742.258
742.258
742.258
742.258
742.258
742.258
742.258
742.258
742.258
742.258
742.258
742.258
742.258
742.258
742.258
742.25
742.25
742.25
742.25
742.25
742.25
742.25
742.25
742.25
742.25
742.25
742.25
742.25
742.25
742.25
742.25
742.25
742.25
742.25
742.25
742.25
742.25
742.25
742.25
742.25
742.25
742.25
742.25
742.25
742.25
742.25
742.25
742.25
742.25
742.25
742.25
742.25
742.25
742.25
742.25
742.25
742.25
742.25
742.25
742.25
742.25
742.25
742.25
742.25
742.25
742.25
742.25
742.25
742.25
742.25
742.25
742.25
742.25
742.25
742.25
742.25
742.25
742.25
742.25
742.25
742.25
742.25
742.25
742.25
742.25
742.25
742.25
742.25
742.25
742.25
742.25
742.25
742.25
742.25
742.25
742.25
742.25
742.25
742.25
742.25
742.25
742.25
742.25
742.25
742.25
742.25
742.25
742.25
742.25
742.25
742.25
742.25
742.25
742.25
742.25
742.25
742.25
742.25
742.25
742.25
742.25
742.25
742.25
742.25
742.25
742.25
742.25
742.25
742.25
742.25
742.25
742.25
742.25
742.25
742.25
742.25
742.25
742.25
742.25
742.25
742.25
742.25
742.25
742.25
742.25
742.25
742.25
742.25
742.25
742.25
742.25
742.25
742.25
742.25
742.25
742.25
742.25
742.25
742.25
742.25
742.25
742.25
742.25
742.25
742.25
742.25
742.25
742.25
742.25
742.25
742.25
742.25
742.25
742.25
742.25
742.25
742.25
742.25
742.25
742.25
742.25
742.25
742.25
742.25
742.25
742.25
742.25
742.25
742.25
742.25
742.25
742.25
742.25
742.25
742.25
742.25
742.25
742.25
742.25
742.25
742.25
742.25
742.25
742.25
742.25
742.25
742.25
742.25
742.25
742.25
742.25
742.25
742.25
742.25
742.25
742.244
742.244
742.244
742.244
742.244
742.244
742.244
742.244
742.244
742.244
742.244
742.244
742.244
742.244
742.244
742.244
742.244
742.244
742.244
742.244
742.244
742.244
742.244
742.244
742.244
742.244
742.244
742.244
742.244
742.244
742.244
742.244
742.244
742.244
742.244
742.244
742.244
742.244
742.244
742.244
742.244
742.244
742.244
742.244
742.244
742.244
742.244
742.244
742.244
742.244
742.244
742.244
742.244
742.244
742.244
742.244
742.244
742.244
742.244
742.244
742.244
742.244
742.244
742.244
742.244
742.244
742.244
742.244
742.244
742.244
742.244
742.244
742.244
742.244
742.244
742.244
742.244
742.244
742.244
742.244
742.244
742.244
742.244
742.244
742.244
742.244
742.244
742.244
742.244
742.244
742.244
742.244
742.244
742.244
742.244
742.244
742.244
742.244
742.244
742.244
742.244
742.244
742.244
742.244
742.244
742.244
742.244
742.244
742.244
742.244
742.244
742.244
742.244
742.244
742.244
742.244
742.244
742.244
742.244
742.244
742.244
742.244
742.244
742.244
742.244
742.244
742.244
742.244
742.244
742.244
742.244
742.244
742.244
742.244
742.244
742.244
742.244
742.244
742.244
742.244
742.244
742.244
742.244
742.244
742.244
742.244
742.244
742.244
742.244
742.244
742.244
742.244
742.244
742.244
742.244
742.244
742.244
742.244
742.244
742.244
742.244
742.244
742.244
742.244
742.244
742.244
742.244
742.244
742.244
742.244
742.244
742.244
742.244
742.244
742.244
742.244
742.244
742.244
742.244
742.244
742.244
742.244
742.244
742.244
742.244
742.244
742.244
742.244
742.244
742.244
742.244
742.244
742.244
742.244
742.244
742.244
742.244
742.244
742.244
742.244
742.241
742.241
742.241
742.241
742.241
742.241
742.241
742.241
742.241
742.241
742.241
742.241
742.241
742.241
742.241
742.241
742.241
742.241
742.241
742.241
742.241
742.241
742.241
742.241
742.241
742.241
742.241
742.241
742.241
742.241
742.241
742.241
742.241
742.241
742.241
742.241
742.241
742.241
742.241
742.241
742.241
742.241
742.241
742.241
742.241
742.241
742.241
742.241
742.241
742.241
742.241
742.241
742.241
742.241
742.241
742.241
742.241
742.241
742.241
742.241
742.241
742.241
742.241
742.241
742.241
742.241
742.241
742.241
742.241
742.241
742.241
742.241
742.241
742.241
742.241
742.241
742.241
742.241
742.241
742.241
742.241
742.241
742.241
742.241
742.241
742.241
742.241
742.241
742.241
742.241
742.241
742.241
742.241
742.241
742.241
742.241
742.241
742.241
742.241
742.241
742.241
742.241
742.241
742.241
742.241
742.241
742.241
742.241
742.241
742.241
742.241
742.241
742.241
742.241
742.241
742.241
742.241
742.241
742.241
742.241
742.241
742.241
742.241
742.241
742.241
742.241
742.241
742.241
742.241
742.241
742.241
742.241
742.241
742.241
742.241
742.241
742.241
742.241
742.241
742.241
742.241
742.241
742.241
742.241
742.241
742.241
742.241
742.241
742.241
742.241
742.241
742.241
742.241
742.241
742.241
742.241
742.241
742.241
742.241
742.241
742.241
742.241
742.241
742.241
742.241
742.241
742.241
742.241
742.241
742.241
742.241
742.241
742.241
742.241
742.241
742.241
742.241
742.241
742.241
742.241
742.241
742.241
742.241
742.241
742.241
742.241
742.241
742.241
742.241
742.241
742.241
742.241
742.241
742.241
742.241
742.241
742.241
742.241
742.241
742.241
742.238
742.238
742.238
742.238
742.238
742.238
742.238
742.238
742.238
742.238
742.238
742.238
742.238
742.238
742.238
742.238
742.238
742.238
742.238
742.238
742.238
742.238
742.238
742.238
742.238
742.238
742.238
742.238
742.238
742.238
742.238
742.238
742.238
742.238
742.238
742.238
742.238
742.238
742.238
742.238
742.238
742.238
742.238
742.238
742.238
742.238
742.238
742.238
742.238
742.238
742.238
742.238
742.238
742.238
742.238
742.238
742.238
742.238
742.238
742.238
742.238
742.238
742.238
742.238
742.238
742.238
742.238
742.238
742.238
742.238
742.238
742.238
742.238
742.238
742.238
742.238
742.238
742.238
742.238
742.238
742.238
742.238
742.238
742.238
742.238
742.238
742.238
742.238
742.238
742.238
742.238
742.238
742.238
742.238
742.238
742.238
742.238
742.238
742.238
742.238
742.238
742.238
742.238
742.238
742.238
742.238
742.238
742.238
742.238
742.238
742.238
742.238
742.238
742.238
742.238
742.238
742.238
742.238
742.238
742.238
742.238
742.238
742.238
742.238
742.238
742.238
742.238
742.238
742.238
742.238
742.238
742.238
742.238
742.238
742.238
742.238
742.238
742.238
742.238
742.238
742.238
742.238
742.238
742.238
742.238
742.238
742.238
742.238
742.238
742.238
742.238
742.238
742.238
742.238
742.238
742.238
742.238
742.238
742.238
742.238
742.238
742.238
742.238
742.238
742.238
742.238
742.238
742.238
742.238
742.238
742.238
742.238
742.238
742.238
742.238
742.238
742.238
742.238
742.238
742.238
742.238
742.238
742.238
742.238
742.238
742.238
742.238
742.238
742.238
742.238
742.238
742.238
742.238
742.238
742.238
742.238
742.238
742.238
742.238
742.238
742.235
742.235
742.235
742.235
742.235
742.235
742.235
742.235
742.235
742.235
742.235
742.235
742.235
742.235
742.235
742.235
742.235
742.235
742.235
742.235
742.235
742.235
742.235
742.235
742.235
742.235
742.235
742.235
742.235
742.235
742.235
742.235
742.235
742.235
742.235
742.235
742.235
742.235
742.235
742.235
742.235
742.235
742.235
742.235
742.235
742.235
742.235
742.235
742.235
742.235
742.235
742.235
742.235
742.235
742.235
742.235
742.235
742.235
742.235
742.235
742.235
742.235
742.235
742.235
742.235
742.235
742.235
742.235
742.235
742.235
742.235
742.235
742.235
742.235
742.235
742.235
742.235
742.235
742.235
742.235
742.235
742.235
742.235
742.235
742.235
742.235
742.235
742.235
742.235
742.235
742.235
742.235
742.235
742.235
742.235
742.235
742.235
742.235
742.235
742.235
742.235
742.235
742.235
742.235
742.235
742.235
742.235
742.235
742.235
742.235
742.235
742.235
742.235
742.235
742.235
742.235
742.235
742.235
742.235
742.235
742.235
742.235
742.235
742.235
742.235
742.235
742.235
742.235
742.235
742.235
742.235
742.235
742.235
742.235
742.235
742.235
742.235
742.235
742.235
742.235
742.235
742.235
742.235
742.235
742.235
742.235
742.235
742.235
742.235
742.235
742.235
742.235
742.235
742.235
742.235
742.235
742.235
742.235
742.235
742.235
742.235
742.235
742.235
742.235
742.235
742.235
742.235
742.235
742.235
742.235
742.235
742.235
742.235
742.235
742.235
742.235
742.235
742.235
742.235
742.235
742.235
742.235
742.235
742.235
742.235
742.235
742.235
742.235
742.235
742.235
742.235
742.235
742.235
742.235
742.235
742.235
742.235
742.235
742.235
742.235
742.234
742.234
742.234
742.234
742.234
742.234
742.234
742.234
742.234
742.234
742.234
742.234
742.234
742.234
742.234
742.234
742.234
742.234
742.234
742.234
742.234
742.234
742.234
742.234
742.234
742.234
742.234
742.234
742.234
742.234
742.234
742.234
742.234
742.234
742.234
742.234
742.234
742.234
742.234
742.234
742.234
742.234
742.234
742.234
742.234
742.234
742.234
742.234
742.234
742.234
742.234
742.234
742.234
742.234
742.234
742.234
742.234
742.234
742.234
742.234
742.234
742.234
742.234
742.234
742.234
742.234
742.234
742.234
742.234
742.234
742.234
742.234
742.234
742.234
742.234
742.234
742.234
742.234
742.234
742.234
742.234
742.234
742.234
742.234
742.234
742.234
742.234
742.234
742.234
742.234
742.234
742.234
742.234
742.234
742.234
742.234
742.234
742.234
742.234
742.234
742.234
742.234
742.234
742.234
742.234
742.234
742.234
742.234
742.234
742.234
742.234
742.234
742.234
742.234
742.234
742.234
742.234
742.234
742.234
742.234
742.234
742.234
742.234
742.234
742.234
742.234
742.234
742.234
742.234
742.234
742.234
742.234
742.234
742.234
742.234
742.234
742.234
742.234
742.234
742.234
742.234
742.234
742.234
742.234
742.234
742.234
742.234
742.234
742.234
742.234
742.234
742.234
742.234
742.234
742.234
742.234
742.234
742.234
742.234
742.234
742.234
742.234
742.234
742.234
742.234
742.234
742.234
742.234
742.234
742.234
742.234
742.234
742.234
742.234
742.234
742.234
742.234
742.234
742.234
742.234
742.234
742.234
742.234
742.234
742.234
742.234
742.234
742.234
742.234
742.234
742.234
742.234
742.234
742.234
742.234
742.234
742.234
742.234
742.234
742.234
742.232
742.232
742.232
742.232
742.232
742.232
742.232
742.232
742.232
742.232
742.232
742.232
742.232
742.232
742.232
742.232
742.232
742.232
742.232
742.232
742.232
742.232
742.232
742.232
742.232
742.232
742.232
742.232
742.232
742.232
742.232
742.232
742.232
742.232
742.232
742.232
742.232
742.232
742.232
742.232
742.232
742.232
742.232
742.232
742.232
742.232
742.232
742.232
742.232
742.232
742.232
742.232
742.232
742.232
742.232
742.232
742.232
742.232
742.232
742.232
742.232
742.232
742.232
742.232
742.232
742.232
742.232
742.232
742.232
742.232
742.232
742.232
742.232
742.232
742.232
742.232
742.232
742.232
742.232
742.232
742.232
742.232
742.232
742.232
742.232
742.232
742.232
742.232
742.232
742.232
742.232
742.232
742.232
742.232
742.232
742.232
742.232
742.232
742.232
742.232
742.232
742.232
742.232
742.232
742.232
742.232
742.232
742.232
742.232
742.232
742.232
742.232
742.232
742.232
742.232
742.232
742.232
742.232
742.232
742.232
742.232
742.232
742.232
742.232
742.232
742.232
742.232
742.232
742.232
742.232
742.232
742.232
742.232
742.232
742.232
742.232
742.232
742.232
742.232
742.232
742.232
742.232
742.232
742.232
742.232
742.232
742.232
742.232
742.232
742.232
742.232
742.232
742.232
742.232
742.232
742.232
742.232
742.232
742.232
742.232
742.232
742.232
742.232
742.232
742.232
742.232
742.232
742.232
742.232
742.232
742.232
742.232
742.232
742.232
742.232
742.232
742.232
742.232
742.232
742.232
742.232
742.232
742.232
742.232
742.232
742.232
742.232
742.232
742.232
742.232
742.232
742.232
742.232
742.232
742.232
742.232
742.232
742.232
742.232
742.232
742.232
742.232
742.232
742.232
742.232
742.232
742.232
742.232
742.232
742.232
742.232
742.232
742.232
742.232
742.232
742.232
742.232
742.232
742.232
742.232
742.232
742.232
742.232
742.232
742.232
742.232
742.232
742.232
742.232
742.232
742.232
742.232
742.232
742.232
742.232
742.232
742.232
742.232
742.232
742.232
742.232
742.232
742.232
742.232
742.232
742.232
742.232
742.232
742.232
742.232
742.232
742.232
742.232
742.232
742.232
742.232
742.232
742.232
742.232
742.232
742.232
742.232
742.232
742.232
742.232
742.232
742.232
742.232
742.232
742.232
742.232
742.232
742.232
742.232
742.232
742.232
742.232
742.232
742.232
742.232
742.232
742.232
742.232
742.232
742.232
742.232
742.232
742.232
742.232
742.232
742.232
742.232
742.232
742.232
742.232
742.232
742.232
742.232
742.232
742.232
742.232
742.232
742.232
742.232
742.232
742.232
742.232
742.232
742.232
742.232
742.232
742.232
742.232
742.232
742.232
742.232
742.232
742.232
742.232
742.232
742.232
742.232
742.232
742.232
742.232
742.232
742.232
742.232
742.232
742.232
742.232
742.232
742.232
742.232
742.232
742.232
742.232
742.232
742.232
742.232
742.232
742.232
742.232
742.232
742.232
742.232
742.232
742.232
742.232
742.232
742.232
742.232
742.232
742.232
742.232
742.232
742.232
742.232
742.232
742.232
742.232
742.232
742.232
742.232
742.232
742.232
742.232
742.232
742.232
742.232
742.232
742.232
742.232
742.232
742.232
742.232
742.232
742.232
742.232
742.232
742.232
742.232
742.232
742.232
742.232
742.232
742.232
742.232
742.232
742.232
742.232
742.232
742.232
742.232
742.232
742.232
742.232
742.232
742.232
742.232
742.231
742.231
742.231
742.231
742.231
742.231
742.231
742.231
742.231
742.231
742.231
742.231
742.231
742.231
742.231
742.231
742.231
742.231
742.231
742.231
742.231
742.231
742.231
742.231
742.231
742.231
742.231
742.231
742.231
742.231
742.231
742.231
742.231
742.231
742.231
742.231
742.231
742.231
742.231
742.231
742.231
742.231
742.231
742.231
742.231
742.231
742.231
742.231
742.231
742.231
742.231
742.231
742.231
742.231
742.231
742.231
742.231
742.231
742.231
742.231
742.231
742.231
742.231
742.231
742.231
742.231
742.231
742.231
742.231
742.231
742.231
742.231
742.231
742.231
742.231
742.231
742.231
742.231
742.231
742.231
742.231
742.231
742.231
742.231
742.231
742.231
742.231
742.231
742.231
742.231
742.231
742.231
742.231
742.231
742.231
742.231
742.231
742.231
742.231
742.231
742.231
742.231
742.231
742.231
742.231
742.231
742.231
742.231
742.231
742.231
742.231
742.231
742.231
742.231
742.231
742.231
742.231
742.231
742.231
742.231
742.231
742.231
742.231
742.231
742.231
742.231
742.231
742.231
742.231
742.231
742.231
742.231
742.231
742.231
742.231
742.231
742.231
742.231
742.231
742.231
742.231
742.231
742.231
742.231
742.231
742.231
742.231
742.231
742.231
742.231
742.231
742.231
742.231
742.231
742.231
742.231
742.231
742.231
742.231
742.231
742.231
742.231
742.231
742.231
742.231
742.231
742.231
742.231
742.231
742.231
742.231
742.231
742.231
742.231
742.231
742.231
742.231
742.231
742.231
742.231
742.231
742.231
742.231
742.231
742.231
742.231
742.231
742.231
742.231
742.231
742.231
742.231
742.231
742.231
742.231
742.231
742.231
742.231
742.231
742.231
742.231
742.231
742.231
742.231
742.231
742.231
742.231
742.231
742.231
742.231
742.231
742.231
742.231
742.231
742.231
742.231
742.231
742.231
742.231
742.231
742.231
742.231
742.231
742.231
742.231
742.231
742.231
742.231
742.231
742.231
742.231
742.231
742.231
742.231
742.231
742.231
742.231
742.231
742.231
742.231
742.231
742.231
742.231
742.231
742.231
742.231
742.231
742.231
742.231
742.231
742.231
742.231
742.231
742.231
742.231
742.231
742.231
742.231
742.231
742.231
742.231
742.231
742.231
742.231
742.231
742.231
742.231
742.231
742.231
742.231
742.231
742.231
742.231
742.231
742.231
742.231
742.231
742.231
742.231
742.231
742.231
742.231
742.231
742.231
742.231
742.231
742.231
742.231
742.231
742.231
742.231
742.231
742.231
742.231
742.231
742.231
742.231
742.231
742.231
742.231
742.231
742.231
742.231
742.231
742.231
742.231
742.231
742.231
742.231
742.231
742.231
742.231
742.231
742.231
742.231
742.231
742.231
742.231
742.231
742.231
742.231
742.231
742.231
742.231
742.231
742.231
742.231
742.231
742.231
742.231
742.231
742.231
742.231
742.231
742.231
742.231
742.231
742.231
742.231
742.231
742.231
742.231
742.231
742.231
742.231
742.231
742.231
742.231
742.231
742.231
742.231
742.231
742.231
742.231
742.231
742.231
742.231
742.231
742.231
742.231
742.231
742.231
742.231
742.231
742.231
742.231
742.231
742.231
742.231
742.231
742.231
742.231
742.231
742.231
742.231
742.231
742.231
742.231
742.231
742.231
742.231
742.231
742.231
742.231
742.231
742.231
742.231
742.231
742.231
742.231
742.231
742.231
742.231
742.231
742.231
742.231
742.231
742.231
742.231
742.231
742.231
742.231
742.231
742.231
742.231
742.231
742.231
742.231
742.231
742.231
742.231
742.231
742.231
742.231
742.231
742.231
742.231
742.231
742.231
742.231
742.231
742.231
742.231
742.231
742.231
742.231
742.231
742.231
742.231
742.231
742.231
742.231
742.231
742.231
742.231
742.231
742.231
742.231
742.231
742.231
742.231
742.231
742.231
742.231
742.231
742.231
742.231
742.231
742.231
742.231
742.231
742.231
742.231
742.231
742.231
742.231
742.231
742.231
742.231
742.231
742.231
742.231
742.231
742.231
742.231
742.231
742.231
742.231
742.231
742.231
742.231
742.231
742.231
742.231
742.231
742.231
742.231
742.231
742.231
742.231
742.231
742.231
742.231
742.231
742.231
742.231
742.231
742.231
742.231
742.231
742.231
742.231
742.231
742.231
742.231
742.231
742.231
742.231
742.231
742.231
742.231
742.231
742.231
742.231
742.231
742.231
742.231
742.231
742.231
742.231
742.231
742.231
742.231
742.231
742.231
742.231
742.231
742.231
742.231
742.231
742.231
742.231
742.231
742.231
742.231
742.231
742.231
742.231
742.231
742.231
742.231
742.231
742.231
742.231
742.231
742.231
742.231
742.231
742.231
742.231
742.231
742.231
742.231
742.231
742.231
742.231
742.231
742.231
742.231
742.231
742.231
742.231
742.231
742.231
742.231
742.231
742.231
742.231
742.231
742.231
742.231
742.231
742.231
742.231
742.231
742.231
742.231
742.231
742.231
742.231
742.231
742.231
742.231
742.231
742.231
742.231
742.231
742.231
742.231
742.231
742.231
742.231
742.231
742.231
742.231
742.231
742.231
742.231
742.231
742.231
742.231
742.231
742.231
742.231
742.231
742.231
742.231
742.231
742.231
742.231
742.23
742.23
742.23
742.23
742.23
742.23
742.23
742.23
742.23
742.23
742.23
742.23
742.23
742.23
742.23
742.23
742.23
742.23
742.23
742.23
742.23
742.23
742.23
742.23
742.23
742.23
742.23
742.23
742.23
742.23
742.23
742.23
742.23
742.23
742.23
742.23
742.23
742.23
742.23
742.23
742.23
742.23
742.23
742.23
742.23
742.23
742.23
742.23
742.23
742.23
742.23
742.23
742.23
742.23
742.23
742.23
742.23
742.23
742.23
742.23
742.23
742.23
742.23
742.23
742.23
742.23
742.23
742.23
742.23
742.23
742.23
742.23
742.23
742.23
742.23
742.23
742.23
742.23
742.23
742.23
742.23
742.23
742.23
742.23
742.23
742.23
742.23
742.23
742.23
742.23
742.23
742.23
742.23
742.23
742.23
742.23
742.23
742.23
742.23
742.23
742.23
742.23
742.23
742.23
742.23
742.23
742.23
742.23
742.23
742.23
742.23
742.23
742.23
742.23
742.23
742.23
742.23
742.23
742.23
742.23
742.23
742.23
742.23
742.23
742.23
742.23
742.23
742.23
742.23
742.23
742.23
742.23
742.23
742.23
742.23
742.23
742.23
742.23
742.23
742.23
742.23
742.23
742.23
742.23
742.23
742.23
742.23
742.23
742.23
742.23
742.23
742.23
742.23
742.23
742.23
742.23
742.23
742.23
742.23
742.23
742.23
742.23
742.23
742.23
742.23
742.23
742.23
742.23
742.23
742.23
742.23
742.23
742.23
742.23
742.23
742.23
742.23
742.23
742.23
742.23
742.23
742.23
742.23
742.23
742.23
742.23
742.23
742.23
742.23
742.23
742.23
742.23
742.23
742.23
742.23
742.23
742.23
742.23
742.23
742.23
742.228
742.228
742.228
742.228
742.228
742.228
742.228
742.228
742.228
742.228
742.228
742.228
742.228
742.228
742.228
742.228
742.228
742.228
742.228
742.228
742.228
742.228
742.228
742.228
742.228
742.228
742.228
742.228
742.228
742.228
742.228
742.228
742.228
742.228
742.228
742.228
742.228
742.228
742.228
742.228
742.228
742.228
742.228
742.228
742.228
742.228
742.228
742.228
742.228
742.228
742.228
742.228
742.228
742.228
742.228
742.228
742.228
742.228
742.228
742.228
742.228
742.228
742.228
742.228
742.228
742.228
742.228
742.228
742.228
742.228
742.228
742.228
742.228
742.228
742.228
742.228
742.228
742.228
742.228
742.228
742.228
742.228
742.228
742.228
742.228
742.228
742.228
742.228
742.228
742.228
742.228
742.228
742.228
742.228
742.228
742.228
742.228
742.228
742.228
742.228
742.228
742.228
742.228
742.228
742.228
742.228
742.228
742.228
742.228
742.228
742.228
742.228
742.228
742.228
742.228
742.228
742.228
742.228
742.228
742.228
742.228
742.228
742.228
742.228
742.228
742.228
742.228
742.228
742.228
742.228
742.228
742.228
742.228
742.228
742.228
742.228
742.228
742.228
742.228
742.228
742.228
742.228
742.228
742.228
742.228
742.228
742.228
742.228
742.228
742.228
742.228
742.228
742.228
742.228
742.228
742.228
742.228
742.228
742.228
742.228
742.228
742.228
742.228
742.228
742.228
742.228
742.228
742.228
742.228
742.228
742.228
742.228
742.228
742.228
742.228
742.228
742.228
742.228
742.228
742.228
742.228
742.228
742.228
742.228
742.228
742.228
742.228
742.228
742.228
742.228
742.228
742.228
742.228
742.228
742.228
742.228
742.228
742.228
742.228
742.228
742.222
742.222
742.222
742.222
742.222
742.222
742.222
742.222
742.222
742.222
742.222
742.222
742.222
742.222
742.222
742.222
742.222
742.222
742.222
742.222
742.222
742.222
742.222
742.222
742.222
742.222
742.222
742.222
742.222
742.222
742.222
742.222
742.222
742.222
742.222
742.222
742.222
742.222
742.222
742.222
742.222
742.222
742.222
742.222
742.222
742.222
742.222
742.222
742.222
742.222
742.222
742.222
742.222
742.222
742.222
742.222
742.222
742.222
742.222
742.222
742.222
742.222
742.222
742.222
742.222
742.222
742.222
742.222
742.222
742.222
742.222
742.222
742.222
742.222
742.222
742.222
742.222
742.222
742.222
742.222
742.222
742.222
742.222
742.222
742.222
742.222
742.222
742.222
742.222
742.222
742.222
742.222
742.222
742.222
742.222
742.222
742.222
742.222
742.222
742.222
742.222
742.222
742.222
742.222
742.222
742.222
742.222
742.222
742.222
742.222
742.222
742.222
742.222
742.222
742.222
742.222
742.222
742.222
742.222
742.222
742.222
742.222
742.222
742.222
742.222
742.222
742.222
742.222
742.222
742.222
742.222
742.222
742.222
742.222
742.222
742.222
742.222
742.222
742.222
742.222
742.222
742.222
742.222
742.222
742.222
742.222
742.222
742.222
742.222
742.222
742.222
742.222
742.222
742.222
742.222
742.222
742.222
742.222
742.222
742.222
742.222
742.222
742.222
742.222
742.222
742.222
742.222
742.222
742.222
742.222
742.222
742.222
742.222
742.222
742.222
742.222
742.222
742.222
742.222
742.222
742.222
742.222
742.222
742.222
742.222
742.222
742.222
742.222
742.222
742.222
742.222
742.222
742.222
742.222
742.222
742.222
742.222
742.222
742.222
742.222
742.209
742.209
742.209
742.209
742.209
742.209
742.209
742.209
742.209
742.209
742.209
742.209
742.209
742.209
742.209
742.209
742.209
742.209
742.209
742.209
742.209
742.209
742.209
742.209
742.209
742.209
742.209
742.209
742.209
742.209
742.209
742.209
742.209
742.209
742.209
742.209
742.209
742.209
742.209
742.209
742.209
742.209
742.209
742.209
742.209
742.209
742.209
742.209
742.209
742.209
742.209
742.209
742.209
742.209
742.209
742.209
742.209
742.209
742.209
742.209
742.209
742.209
742.209
742.209
742.209
742.209
742.209
742.209
742.209
742.209
742.209
742.209
742.209
742.209
742.209
742.209
742.209
742.209
742.209
742.209
742.209
742.209
742.209
742.209
742.209
742.209
742.209
742.209
742.209
742.209
742.209
742.209
742.209
742.209
742.209
742.209
742.209
742.209
742.209
742.209
742.209
742.209
742.209
742.209
742.209
742.209
742.209
742.209
742.209
742.209
742.209
742.209
742.209
742.209
742.209
742.209
742.209
742.209
742.209
742.209
742.209
742.209
742.209
742.209
742.209
742.209
742.209
742.209
742.209
742.209
742.209
742.209
742.209
742.209
742.209
742.209
742.209
742.209
742.209
742.209
742.209
742.209
742.209
742.209
742.209
742.209
742.209
742.209
742.209
742.209
742.209
742.209
742.209
742.209
742.209
742.209
742.209
742.209
742.209
742.209
742.209
742.209
742.209
742.209
742.209
742.209
742.209
742.209
742.209
742.209
742.209
742.209
742.209
742.209
742.209
742.209
742.209
742.209
742.209
742.209
742.209
742.209
742.209
742.209
742.209
742.209
742.209
742.209
742.209
742.209
742.209
742.209
742.209
742.209
742.209
742.209
742.209
742.209
742.209
742.209
742.182
742.182
742.182
742.182
742.182
742.182
742.182
742.182
742.182
742.182
742.182
742.182
742.182
742.182
742.182
742.182
742.182
742.182
742.182
742.182
742.182
742.182
742.182
742.182
742.182
742.182
742.182
742.182
742.182
742.182
742.182
742.182
742.182
742.182
742.182
742.182
742.182
742.182
742.182
742.182
742.182
742.182
742.182
742.182
742.182
742.182
742.182
742.182
742.182
742.182
742.182
742.182
742.182
742.182
742.182
742.182
742.182
742.182
742.182
742.182
742.182
742.182
742.182
742.182
742.182
742.182
742.182
742.182
742.182
742.182
742.182
742.182
742.182
742.182
742.182
742.182
742.182
742.182
742.182
742.182
742.182
742.182
742.182
742.182
742.182
742.182
742.182
742.182
742.182
742.182
742.182
742.182
742.182
742.182
742.182
742.182
742.182
742.182
742.182
742.182
742.182
742.182
742.182
742.182
742.182
742.182
742.182
742.182
742.182
742.182
742.182
742.182
742.182
742.182
742.182
742.182
742.182
742.182
742.182
742.182
742.182
742.182
742.182
742.182
742.182
742.182
742.182
742.182
742.182
742.182
742.182
742.182
742.182
742.182
742.182
742.182
742.182
742.182
742.182
742.182
742.182
742.182
742.182
742.182
742.182
742.182
742.182
742.182
742.182
742.182
742.182
742.182
742.182
742.182
742.182
742.182
742.182
742.182
742.182
742.182
742.182
742.182
742.182
742.182
742.182
742.182
742.182
742.182
742.182
742.182
742.182
742.182
742.182
742.182
742.182
742.182
742.182
742.182
742.182
742.182
742.182
742.182
742.182
742.182
742.182
742.182
742.182
742.182
742.182
742.182
742.182
742.182
742.182
742.182
742.182
742.182
742.182
742.182
742.182
742.182
742.132
742.132
742.132
742.132
742.132
742.132
742.132
742.132
742.132
742.132
742.132
742.132
742.132
742.132
742.132
742.132
742.132
742.132
742.132
742.132
742.132
742.132
742.132
742.132
742.132
742.132
742.132
742.132
742.132
742.132
742.132
742.132
742.132
742.132
742.132
742.132
742.132
742.132
742.132
742.132
742.132
742.132
742.132
742.132
742.132
742.132
742.132
742.132
742.132
742.132
742.132
742.132
742.132
742.132
742.132
742.132
742.132
742.132
742.132
742.132
742.132
742.132
742.132
742.132
742.132
742.132
742.132
742.132
742.132
742.132
742.132
742.132
742.132
742.132
742.132
742.132
742.132
742.132
742.132
742.132
742.132
742.132
742.132
742.132
742.132
742.132
742.132
742.132
742.132
742.132
742.132
742.132
742.132
742.132
742.132
742.132
742.132
742.132
742.132
742.132
742.132
742.132
742.132
742.132
742.132
742.132
742.132
742.132
742.132
742.132
742.132
742.132
742.132
742.132
742.132
742.132
742.132
742.132
742.132
742.132
742.132
742.132
742.132
742.132
742.132
742.132
742.132
742.132
742.132
742.132
742.132
742.132
742.132
742.132
742.132
742.132
742.132
742.132
742.132
742.132
742.132
742.132
742.132
742.132
742.132
742.132
742.132
742.132
742.132
742.132
742.132
742.132
742.132
742.132
742.132
742.132
742.132
742.132
742.132
742.132
742.132
742.132
742.132
742.132
742.132
742.132
742.132
742.132
742.132
742.132
742.132
742.132
742.132
742.132
742.132
742.132
742.132
742.132
742.132
742.132
742.132
742.132
742.132
742.132
742.132
742.132
742.132
742.132
742.132
742.132
742.132
742.132
742.132
742.132
742.132
742.132
742.132
742.132
742.132
742.132
742.041
742.041
742.041
742.041
742.041
742.041
742.041
742.041
742.041
742.041
742.041
742.041
742.041
742.041
742.041
742.041
742.041
742.041
742.041
742.041
742.041
742.041
742.041
742.041
742.041
742.041
742.041
742.041
742.041
742.041
742.041
742.041
742.041
742.041
742.041
742.041
742.041
742.041
742.041
742.041
742.041
742.041
742.041
742.041
742.041
742.041
742.041
742.041
742.041
742.041
742.041
742.041
742.041
742.041
742.041
742.041
742.041
742.041
742.041
742.041
742.041
742.041
742.041
742.041
742.041
742.041
742.041
742.041
742.041
742.041
742.041
742.041
742.041
742.041
742.041
742.041
742.041
742.041
742.041
742.041
742.041
742.041
742.041
742.041
742.041
742.041
742.041
742.041
742.041
742.041
742.041
742.041
742.041
742.041
742.041
742.041
742.041
742.041
742.041
742.041
742.041
742.041
742.041
742.041
742.041
742.041
742.041
742.041
742.041
742.041
742.041
742.041
742.041
742.041
742.041
742.041
742.041
742.041
742.041
742.041
742.041
742.041
742.041
742.041
742.041
742.041
742.041
742.041
742.041
742.041
742.041
742.041
742.041
742.041
742.041
742.041
742.041
742.041
742.041
742.041
742.041
742.041
742.041
742.041
742.041
742.041
742.041
742.041
742.041
742.041
742.041
742.041
742.041
742.041
742.041
742.041
742.041
742.041
742.041
742.041
742.041
742.041
742.041
742.041
742.041
742.041
742.041
742.041
742.041
742.041
742.041
742.041
742.041
742.041
742.041
742.041
742.041
742.041
742.041
742.041
742.041
742.041
742.041
742.041
742.041
742.041
742.041
742.041
742.041
742.041
742.041
742.041
742.041
742.041
742.041
742.041
742.041
742.041
742.041
742.041
741.882
741.882
741.882
741.882
741.882
741.882
741.882
741.882
741.882
741.882
741.882
741.882
741.882
741.882
741.882
741.882
741.882
741.882
741.882
741.882
741.882
741.882
741.882
741.882
741.882
741.882
741.882
741.882
741.882
741.882
741.882
741.882
741.882
741.882
741.882
741.882
741.882
741.882
741.882
741.882
741.882
741.882
741.882
741.882
741.882
741.882
741.882
741.882
741.882
741.882
741.882
741.882
741.882
741.882
741.882
741.882
741.882
741.882
741.882
741.882
741.882
741.882
741.882
741.882
741.882
741.882
741.882
741.882
741.882
741.882
741.882
741.882
741.882
741.882
741.882
741.882
741.882
741.882
741.882
741.882
741.882
741.882
741.882
741.882
741.882
741.882
741.882
741.882
741.882
741.882
741.882
741.882
741.882
741.882
741.882
741.882
741.882
741.882
741.882
741.882
741.882
741.882
741.882
741.882
741.882
741.882
741.882
741.882
741.882
741.882
741.882
741.882
741.882
741.882
741.882
741.882
741.882
741.882
741.882
741.882
741.882
741.882
741.882
741.882
741.882
741.882
741.882
741.882
741.882
741.882
741.882
741.882
741.882
741.882
741.882
741.882
741.882
741.882
741.882
741.882
741.882
741.882
741.882
741.882
741.882
741.882
741.882
741.882
741.882
741.882
741.882
741.882
741.882
741.882
741.882
741.882
741.882
741.882
741.882
741.882
741.882
741.882
741.882
741.882
741.882
741.882
741.882
741.882
741.882
741.882
741.882
741.882
741.882
741.882
741.882
741.882
741.882
741.882
741.882
741.882
741.882
741.882
741.882
741.882
741.882
741.882
741.882
741.882
741.882
741.882
741.882
741.882
741.882
741.882
741.882
741.882
741.882
741.882
741.882
741.882
741.619
741.619
741.619
741.619
741.619
741.619
741.619
741.619
741.619
741.619
741.619
741.619
741.619
741.619
741.619
741.619
741.619
741.619
741.619
741.619
741.619
741.619
741.619
741.619
741.619
741.619
741.619
741.619
741.619
741.619
741.619
741.619
741.619
741.619
741.619
741.619
741.619
741.619
741.619
741.619
741.619
741.619
741.619
741.619
741.619
741.619
741.619
741.619
741.619
741.619
741.619
741.619
741.619
741.619
741.619
741.619
741.619
741.619
741.619
741.619
741.619
741.619
741.619
741.619
741.619
741.619
741.619
741.619
741.619
741.619
741.619
741.619
741.619
741.619
741.619
741.619
741.619
741.619
741.619
741.619
741.619
741.619
741.619
741.619
741.619
741.619
741.619
741.619
741.619
741.619
741.619
741.619
741.619
741.619
741.619
741.619
741.619
741.619
741.619
741.619
741.619
741.619
741.619
741.619
741.619
741.619
741.619
741.619
741.619
741.619
741.619
741.619
741.619
741.619
741.619
741.619
741.619
741.619
741.619
741.619
741.619
741.619
741.619
741.619
741.619
741.619
741.619
741.619
741.619
741.619
741.619
741.619
741.619
741.619
741.619
741.619
741.619
741.619
741.619
741.619
741.619
741.619
741.619
741.619
741.619
741.619
741.619
741.619
741.619
741.619
741.619
741.619
741.619
741.619
741.619
741.619
741.619
741.619
741.619
741.619
741.619
741.619
741.619
741.619
741.619
741.619
741.619
741.619
741.619
741.619
741.619
741.619
741.619
741.619
741.619
741.619
741.619
741.619
741.619
741.619
741.619
741.619
741.619
741.619
741.619
741.619
741.619
741.619
741.619
741.619
741.619
741.619
741.619
741.619
741.619
741.619
741.619
741.619
741.619
741.619
741.197
741.197
741.197
741.197
741.197
741.197
741.197
741.197
741.197
741.197
741.197
741.197
741.197
741.197
741.197
741.197
741.197
741.197
741.197
741.197
741.197
741.197
741.197
741.197
741.197
741.197
741.197
741.197
741.197
741.197
741.197
741.197
741.197
741.197
741.197
741.197
741.197
741.197
741.197
741.197
741.197
741.197
741.197
741.197
741.197
741.197
741.197
741.197
741.197
741.197
741.197
741.197
741.197
741.197
741.197
741.197
741.197
741.197
741.197
741.197
741.197
741.197
741.197
741.197
741.197
741.197
741.197
741.197
741.197
741.197
741.197
741.197
741.197
741.197
741.197
741.197
741.197
741.197
741.197
741.197
741.197
741.197
741.197
741.197
741.197
741.197
741.197
741.197
741.197
741.197
741.197
741.197
741.197
741.197
741.197
741.197
741.197
741.197
741.197
741.197
741.197
741.197
741.197
741.197
741.197
741.197
741.197
741.197
741.197
741.197
741.197
741.197
741.197
741.197
741.197
741.197
741.197
741.197
741.197
741.197
741.197
741.197
741.197
741.197
741.197
741.197
741.197
741.197
741.197
741.197
741.197
741.197
741.197
741.197
741.197
741.197
741.197
741.197
741.197
741.197
741.197
741.197
741.197
741.197
741.197
741.197
741.197
741.197
741.197
741.197
741.197
741.197
741.197
741.197
741.197
741.197
741.197
741.197
741.197
741.197
741.197
741.197
741.197
741.197
741.197
741.197
741.197
741.197
741.197
741.197
741.197
741.197
741.197
741.197
741.197
741.197
741.197
741.197
741.197
741.197
741.197
741.197
741.197
741.197
741.197
741.197
741.197
741.197
741.197
741.197
741.197
741.197
741.197
741.197
741.197
741.197
741.197
741.197
741.197
741.197
740.549
740.549
740.549
740.549
740.549
740.549
740.549
740.549
740.549
740.549
740.549
740.549
740.549
740.549
740.549
740.549
740.549
740.549
740.549
740.549
740.549
740.549
740.549
740.549
740.549
740.549
740.549
740.549
740.549
740.549
740.549
740.549
740.549
740.549
740.549
740.549
740.549
740.549
740.549
740.549
740.549
740.549
740.549
740.549
740.549
740.549
740.549
740.549
740.549
740.549
740.549
740.549
740.549
740.549
740.549
740.549
740.549
740.549
740.549
740.549
740.549
740.549
740.549
740.549
740.549
740.549
740.549
740.549
740.549
740.549
740.549
740.549
740.549
740.549
740.549
740.549
740.549
740.549
740.549
740.549
740.549
740.549
740.549
740.549
740.549
740.549
740.549
740.549
740.549
740.549
740.549
740.549
740.549
740.549
740.549
740.549
740.549
740.549
740.549
740.549
740.549
740.549
740.549
740.549
740.549
740.549
740.549
740.549
740.549
740.549
740.549
740.549
740.549
740.549
740.549
740.549
740.549
740.549
740.549
740.549
740.549
740.549
740.549
740.549
740.549
740.549
740.549
740.549
740.549
740.549
740.549
740.549
740.549
740.549
740.549
740.549
740.549
740.549
740.549
740.549
740.549
740.549
740.549
740.549
740.549
740.549
740.549
740.549
740.549
740.549
740.549
740.549
740.549
740.549
740.549
740.549
740.549
740.549
740.549
740.549
740.549
740.549
740.549
740.549
740.549
740.549
740.549
740.549
740.549
740.549
740.549
740.549
740.549
740.549
740.549
740.549
740.549
740.549
740.549
740.549
740.549
740.549
740.549
740.549
740.549
740.549
740.549
740.549
740.549
740.549
740.549
740.549
740.549
740.549
740.549
740.549
740.549
740.549
740.549
740.549
739.591
739.591
739.591
739.591
739.591
739.591
739.591
739.591
739.591
739.591
739.591
739.591
739.591
739.591
739.591
739.591
739.591
739.591
739.591
739.591
739.591
739.591
739.591
739.591
739.591
739.591
739.591
739.591
739.591
739.591
739.591
739.591
739.591
739.591
739.591
739.591
739.591
739.591
739.591
739.591
739.591
739.591
739.591
739.591
739.591
739.591
739.591
739.591
739.591
739.591
739.591
739.591
739.591
739.591
739.591
739.591
739.591
739.591
739.591
739.591
739.591
739.591
739.591
739.591
739.591
739.591
739.591
739.591
739.591
739.591
739.591
739.591
739.591
739.591
739.591
739.591
739.591
739.591
739.591
739.591
739.591
739.591
739.591
739.591
739.591
739.591
739.591
739.591
739.591
739.591
739.591
739.591
739.591
739.591
739.591
739.591
739.591
739.591
739.591
739.591
739.591
739.591
739.591
739.591
739.591
739.591
739.591
739.591
739.591
739.591
739.591
739.591
739.591
739.591
739.591
739.591
739.591
739.591
739.591
739.591
739.591
739.591
739.591
739.591
739.591
739.591
739.591
739.591
739.591
739.591
739.591
739.591
739.591
739.591
739.591
739.591
739.591
739.591
739.591
739.591
739.591
739.591
739.591
739.591
739.591
739.591
739.591
739.591
739.591
739.591
739.591
739.591
739.591
739.591
739.591
739.591
739.591
739.591
739.591
739.591
739.591
739.591
739.591
739.591
739.591
739.591
739.591
739.591
739.591
739.591
739.591
739.591
739.591
739.591
739.591
739.591
739.591
739.591
739.591
739.591
739.591
739.591
739.591
739.591
739.591
739.591
739.591
739.591
739.591
739.591
739.591
739.591
739.591
739.591
739.591
739.591
739.591
739.591
739.591
739.591
738.232
738.232
738.232
738.232
738.232
738.232
738.232
738.232
738.232
738.232
738.232
738.232
738.232
738.232
738.232
738.232
738.232
738.232
738.232
738.232
738.232
738.232
738.232
738.232
738.232
738.232
738.232
738.232
738.232
738.232
738.232
738.232
738.232
738.232
738.232
738.232
738.232
738.232
738.232
738.232
738.232
738.232
738.232
738.232
738.232
738.232
738.232
738.232
738.232
738.232
738.232
738.232
738.232
738.232
738.232
738.232
738.232
738.232
738.232
738.232
738.232
738.232
738.232
738.232
738.232
738.232
738.232
738.232
738.232
738.232
738.232
738.232
738.232
738.232
738.232
738.232
738.232
738.232
738.232
738.232
738.232
738.232
738.232
738.232
738.232
738.232
738.232
738.232
738.232
738.232
738.232
738.232
738.232
738.232
738.232
738.232
738.232
738.232
738.232
738.232
738.232
738.232
738.232
738.232
738.232
738.232
738.232
738.232
738.232
738.232
738.232
738.232
738.232
738.232
738.232
738.232
738.232
738.232
738.232
738.232
738.232
738.232
738.232
738.232
738.232
738.232
738.232
738.232
738.232
738.232
738.232
738.232
738.232
738.232
738.232
738.232
738.232
738.232
738.232
738.232
738.232
738.232
738.232
738.232
738.232
738.232
738.232
738.232
738.232
738.232
738.232
738.232
738.232
738.232
738.232
738.232
738.232
738.232
738.232
738.232
738.232
738.232
738.232
738.232
738.232
738.232
738.232
738.232
738.232
738.232
738.232
738.232
738.232
738.232
738.232
738.232
738.232
738.232
738.232
738.232
738.232
738.232
738.232
738.232
738.232
738.232
738.232
738.232
738.232
738.232
738.232
738.232
738.232
738.232
738.232
738.232
738.232
738.232
738.232
738.232
736.376
736.376
736.376
736.376
736.376
736.376
736.376
736.376
736.376
736.376
736.376
736.376
736.376
736.376
736.376
736.376
736.376
736.376
736.376
736.376
736.376
736.376
736.376
736.376
736.376
736.376
736.376
736.376
736.376
736.376
736.376
736.376
736.376
736.376
736.376
736.376
736.376
736.376
736.376
736.376
736.376
736.376
736.376
736.376
736.376
736.376
736.376
736.376
736.376
736.376
736.376
736.376
736.376
736.376
736.376
736.376
736.376
736.376
736.376
736.376
736.376
736.376
736.376
736.376
736.376
736.376
736.376
736.376
736.376
736.376
736.376
736.376
736.376
736.376
736.376
736.376
736.376
736.376
736.376
736.376
736.376
736.376
736.376
736.376
736.376
736.376
736.376
736.376
736.376
736.376
736.376
736.376
736.376
736.376
736.376
736.376
736.376
736.376
736.376
736.376
736.376
736.376
736.376
736.376
736.376
736.376
736.376
736.376
736.376
736.376
736.376
736.376
736.376
736.376
736.376
736.376
736.376
736.376
736.376
736.376
736.376
736.376
736.376
736.376
736.376
736.376
736.376
736.376
736.376
736.376
736.376
736.376
736.376
736.376
736.376
736.376
736.376
736.376
736.376
736.376
736.376
736.376
736.376
736.376
736.376
736.376
736.376
736.376
736.376
736.376
736.376
736.376
736.376
736.376
736.376
736.376
736.376
736.376
736.376
736.376
736.376
736.376
736.376
736.376
736.376
736.376
736.376
736.376
736.376
736.376
736.376
736.376
736.376
736.376
736.376
736.376
736.376
736.376
736.376
736.376
736.376
736.376
736.376
736.376
736.376
736.376
736.376
736.376
736.376
736.376
736.376
736.376
736.376
736.376
736.376
736.376
736.376
736.376
736.376
736.376
733.945
733.945
733.945
733.945
733.945
733.945
733.945
733.945
733.945
733.945
733.945
733.945
733.945
733.945
733.945
733.945
733.945
733.945
733.945
733.945
733.945
733.945
733.945
733.945
733.945
733.945
733.945
733.945
733.945
733.945
733.945
733.945
733.945
733.945
733.945
733.945
733.945
733.945
733.945
733.945
733.945
733.945
733.945
733.945
733.945
733.945
733.945
733.945
733.945
733.945
733.945
733.945
733.945
733.945
733.945
733.945
733.945
733.945
733.945
733.945
733.945
733.945
733.945
733.945
733.945
733.945
733.945
733.945
733.945
733.945
733.945
733.945
733.945
733.945
733.945
733.945
733.945
733.945
733.945
733.945
733.945
733.945
733.945
733.945
733.945
733.945
733.945
733.945
733.945
733.945
733.945
733.945
733.945
733.945
733.945
733.945
733.945
733.945
733.945
733.945
733.945
733.945
733.945
733.945
733.945
733.945
733.945
733.945
733.945
733.945
733.945
733.945
733.945
733.945
733.945
733.945
733.945
733.945
733.945
733.945
733.945
733.945
733.945
733.945
733.945
733.945
733.945
733.945
733.945
733.945
733.945
733.945
733.945
733.945
733.945
733.945
733.945
733.945
733.945
733.945
733.945
733.945
733.945
733.945
733.945
733.945
733.945
733.945
733.945
733.945
733.945
733.945
733.945
733.945
733.945
733.945
733.945
733.945
733.945
733.945
733.945
733.945
733.945
733.945
733.945
733.945
733.945
733.945
733.945
733.945
733.945
733.945
733.945
733.945
733.945
733.945
733.945
733.945
733.945
733.945
733.945
733.945
733.945
733.945
733.945
733.945
733.945
733.945
733.945
733.945
733.945
733.945
733.945
733.945
733.945
733.945
733.945
733.945
733.945
733.945
730.887
730.887
730.887
730.887
730.887
730.887
730.887
730.887
730.887
730.887
730.887
730.887
730.887
730.887
730.887
730.887
730.887
730.887
730.887
730.887
730.887
730.887
730.887
730.887
730.887
730.887
730.887
730.887
730.887
730.887
730.887
730.887
730.887
730.887
730.887
730.887
730.887
730.887
730.887
730.887
730.887
730.887
730.887
730.887
730.887
730.887
730.887
730.887
730.887
730.887
730.887
730.887
730.887
730.887
730.887
730.887
730.887
730.887
730.887
730.887
730.887
730.887
730.887
730.887
730.887
730.887
730.887
730.887
730.887
730.887
730.887
730.887
730.887
730.887
730.887
730.887
730.887
730.887
730.887
730.887
730.887
730.887
730.887
730.887
730.887
730.887
730.887
730.887
730.887
730.887
730.887
730.887
730.887
730.887
730.887
730.887
730.887
730.887
730.887
730.887
730.887
730.887
730.887
730.887
730.887
730.887
730.887
730.887
730.887
730.887
730.887
730.887
730.887
730.887
730.887
730.887
730.887
730.887
730.887
730.887
730.887
730.887
730.887
730.887
730.887
730.887
730.887
730.887
730.887
730.887
730.887
730.887
730.887
730.887
730.887
730.887
730.887
730.887
730.887
730.887
730.887
730.887
730.887
730.887
730.887
730.887
730.887
730.887
730.887
730.887
730.887
730.887
730.887
730.887
730.887
730.887
730.887
730.887
730.887
730.887
730.887
730.887
730.887
730.887
730.887
730.887
730.887
730.887
730.887
730.887
730.887
730.887
730.887
730.887
730.887
730.887
730.887
730.887
730.887
730.887
730.887
730.887
730.887
730.887
730.887
730.887
730.887
730.887
730.887
730.887
730.887
730.887
730.887
730.887
730.887
730.887
730.887
730.887
730.887
730.887
727.195
727.195
727.195
727.195
727.195
727.195
727.195
727.195
727.195
727.195
727.195
727.195
727.195
727.195
727.195
727.195
727.195
727.195
727.195
727.195
727.195
727.195
727.195
727.195
727.195
727.195
727.195
727.195
727.195
727.195
727.195
727.195
727.195
727.195
727.195
727.195
727.195
727.195
727.195
727.195
727.195
727.195
727.195
727.195
727.195
727.195
727.195
727.195
727.195
727.195
727.195
727.195
727.195
727.195
727.195
727.195
727.195
727.195
727.195
727.195
727.195
727.195
727.195
727.195
727.195
727.195
727.195
727.195
727.195
727.195
727.195
727.195
727.195
727.195
727.195
727.195
727.195
727.195
727.195
727.195
727.195
727.195
727.195
727.195
727.195
727.195
727.195
727.195
727.195
727.195
727.195
727.195
727.195
727.195
727.195
727.195
727.195
727.195
727.195
727.195
727.195
727.195
727.195
727.195
727.195
727.195
727.195
727.195
727.195
727.195
727.195
727.195
727.195
727.195
727.195
727.195
727.195
727.195
727.195
727.195
727.195
727.195
727.195
727.195
727.195
727.195
727.195
727.195
727.195
727.195
727.195
727.195
727.195
727.195
727.195
727.195
727.195
727.195
727.195
727.195
727.195
727.195
727.195
727.195
727.195
727.195
727.195
727.195
727.195
727.195
727.195
727.195
727.195
727.195
727.195
727.195
727.195
727.195
727.195
727.195
727.195
727.195
727.195
727.195
727.195
727.195
727.195
727.195
727.195
727.195
727.195
727.195
727.195
727.195
727.195
727.195
727.195
727.195
727.195
727.195
727.195
727.195
727.195
727.195
727.195
727.195
727.195
727.195
727.195
727.195
727.195
727.195
727.195
727.195
727.195
727.195
727.195
727.195
727.195
727.195
722.92
722.92
722.92
722.92
722.92
722.92
722.92
722.92
722.92
722.92
722.92
722.92
722.92
722.92
722.92
722.92
722.92
722.92
722.92
722.92
722.92
722.92
722.92
722.92
722.92
722.92
722.92
722.92
722.92
722.92
722.92
722.92
722.92
722.92
722.92
722.92
722.92
722.92
722.92
722.92
722.92
722.92
722.92
722.92
722.92
722.92
722.92
722.92
722.92
722.92
722.92
722.92
722.92
722.92
722.92
722.92
722.92
722.92
722.92
722.92
722.92
722.92
722.92
722.92
722.92
722.92
722.92
722.92
722.92
722.92
722.92
722.92
722.92
722.92
722.92
722.92
722.92
722.92
722.92
722.92
722.92
722.92
722.92
722.92
722.92
722.92
722.92
722.92
722.92
722.92
722.92
722.92
722.92
722.92
722.92
722.92
722.92
722.92
722.92
722.92
722.92
722.92
722.92
722.92
722.92
722.92
722.92
722.92
722.92
722.92
722.92
722.92
722.92
722.92
722.92
722.92
722.92
722.92
722.92
722.92
722.92
722.92
722.92
722.92
722.92
722.92
722.92
722.92
722.92
722.92
722.92
722.92
722.92
722.92
722.92
722.92
722.92
722.92
722.92
722.92
722.92
722.92
722.92
722.92
722.92
722.92
722.92
722.92
722.92
722.92
722.92
722.92
722.92
722.92
722.92
722.92
722.92
722.92
722.92
722.92
722.92
722.92
722.92
722.92
722.92
722.92
722.92
722.92
722.92
722.92
722.92
722.92
722.92
722.92
722.92
722.92
722.92
722.92
722.92
722.92
722.92
722.92
722.92
722.92
722.92
722.92
722.92
722.92
722.92
722.92
722.92
722.92
722.92
722.92
722.92
722.92
722.92
722.92
722.92
722.92
718.174
718.174
718.174
718.174
718.174
718.174
718.174
718.174
718.174
718.174
718.174
718.174
718.174
718.174
718.174
718.174
718.174
718.174
718.174
718.174
718.174
718.174
718.174
718.174
718.174
718.174
718.174
718.174
718.174
718.174
718.174
718.174
718.174
718.174
718.174
718.174
718.174
718.174
718.174
718.174
718.174
718.174
718.174
718.174
718.174
718.174
718.174
718.174
718.174
718.174
718.174
718.174
718.174
718.174
718.174
718.174
718.174
718.174
718.174
718.174
718.174
718.174
718.174
718.174
718.174
718.174
718.174
718.174
718.174
718.174
718.174
718.174
718.174
718.174
718.174
718.174
718.174
718.174
718.174
718.174
718.174
718.174
718.174
718.174
718.174
718.174
718.174
718.174
718.174
718.174
718.174
718.174
718.174
718.174
718.174
718.174
718.174
718.174
718.174
718.174
718.174
718.174
718.174
718.174
718.174
718.174
718.174
718.174
718.174
718.174
718.174
718.174
718.174
718.174
718.174
718.174
718.174
718.174
718.174
718.174
718.174
718.174
718.174
718.174
718.174
718.174
718.174
718.174
718.174
718.174
718.174
718.174
718.174
718.174
718.174
718.174
718.174
718.174
718.174
718.174
718.174
718.174
718.174
718.174
718.174
718.174
718.174
718.174
718.174
718.174
718.174
718.174
718.174
718.174
718.174
718.174
718.174
718.174
718.174
718.174
718.174
718.174
718.174
718.174
718.174
718.174
718.174
718.174
718.174
718.174
718.174
718.174
718.174
718.174
718.174
718.174
718.174
718.174
718.174
718.174
718.174
718.174
718.174
718.174
718.174
718.174
718.174
718.174
718.174
718.174
718.174
718.174
718.174
718.174
718.174
718.174
718.174
718.174
718.174
718.174
713.124
713.124
713.124
713.124
713.124
713.124
713.124
713.124
713.124
713.124
713.124
713.124
713.124
713.124
713.124
713.124
713.124
713.124
713.124
713.124
713.124
713.124
713.124
713.124
713.124
713.124
713.124
713.124
713.124
713.124
713.124
713.124
713.124
713.124
713.124
713.124
713.124
713.124
713.124
713.124
713.124
713.124
713.124
713.124
713.124
713.124
713.124
713.124
713.124
713.124
713.124
713.124
713.124
713.124
713.124
713.124
713.124
713.124
713.124
713.124
713.124
713.124
713.124
713.124
713.124
713.124
713.124
713.124
713.124
713.124
713.124
713.124
713.124
713.124
713.124
713.124
713.124
713.124
713.124
713.124
713.124
713.124
713.124
713.124
713.124
713.124
713.124
713.124
713.124
713.124
713.124
713.124
713.124
713.124
713.124
713.124
713.124
713.124
713.124
713.124
713.124
713.124
713.124
713.124
713.124
713.124
713.124
713.124
713.124
713.124
713.124
713.124
713.124
713.124
713.124
713.124
713.124
713.124
713.124
713.124
713.124
713.124
713.124
713.124
713.124
713.124
713.124
713.124
713.124
713.124
713.124
713.124
713.124
713.124
713.124
713.124
713.124
713.124
713.124
713.124
713.124
713.124
713.124
713.124
713.124
713.124
713.124
713.124
713.124
713.124
713.124
713.124
713.124
713.124
713.124
713.124
713.124
713.124
713.124
713.124
713.124
713.124
713.124
713.124
713.124
713.124
713.124
713.124
713.124
713.124
713.124
713.124
713.124
713.124
713.124
713.124
713.124
713.124
713.124
713.124
713.124
713.124
713.124
713.124
713.124
713.124
713.124
713.124
713.124
713.124
713.124
713.124
713.124
713.124
713.124
713.124
713.124
713.124
713.124
713.124
707.977
707.977
707.977
707.977
707.977
707.977
707.977
707.977
707.977
707.977
707.977
707.977
707.977
707.977
707.977
707.977
707.977
707.977
707.977
707.977
707.977
707.977
707.977
707.977
707.977
707.977
707.977
707.977
707.977
707.977
707.977
707.977
707.977
707.977
707.977
707.977
707.977
707.977
707.977
707.977
707.977
707.977
707.977
707.977
707.977
707.977
707.977
707.977
707.977
707.977
707.977
707.977
707.977
707.977
707.977
707.977
707.977
707.977
707.977
707.977
707.977
707.977
707.977
707.977
707.977
707.977
707.977
707.977
707.977
707.977
707.977
707.977
707.977
707.977
707.977
707.977
707.977
707.977
707.977
707.977
707.977
707.977
707.977
707.977
707.977
707.977
707.977
707.977
707.977
707.977
707.977
707.977
707.977
707.977
707.977
707.977
707.977
707.977
707.977
707.977
707.977
707.977
707.977
707.977
707.977
707.977
707.977
707.977
707.977
707.977
707.977
707.977
707.977
707.977
707.977
707.977
707.977
707.977
707.977
707.977
707.977
707.977
707.977
707.977
707.977
707.977
707.977
707.977
707.977
707.977
707.977
707.977
707.977
707.977
707.977
707.977
707.977
707.977
707.977
707.977
707.977
707.977
707.977
707.977
707.977
707.977
707.977
707.977
707.977
707.977
707.977
707.977
707.977
707.977
707.977
707.977
707.977
707.977
707.977
707.977
707.977
707.977
707.977
707.977
707.977
707.977
707.977
707.977
707.977
707.977
707.977
707.977
707.977
707.977
707.977
707.977
707.977
707.977
707.977
707.977
707.977
707.977
707.977
707.977
707.977
707.977
707.977
707.977
707.977
707.977
707.977
707.977
707.977
707.977
707.977
707.977
707.977
707.977
707.977
707.977
702.958
702.958
702.958
702.958
702.958
702.958
702.958
702.958
702.958
702.958
702.958
702.958
702.958
702.958
702.958
702.958
702.958
702.958
702.958
702.958
702.958
702.958
702.958
702.958
702.958
702.958
702.958
702.958
702.958
702.958
702.958
702.958
702.958
702.958
702.958
702.958
702.958
702.958
702.958
702.958
702.958
702.958
702.958
702.958
702.958
702.958
702.958
702.958
702.958
702.958
702.958
702.958
702.958
702.958
702.958
702.958
702.958
702.958
702.958
702.958
702.958
702.958
702.958
702.958
702.958
702.958
702.958
702.958
702.958
702.958
702.958
702.958
702.958
702.958
702.958
702.958
702.958
702.958
702.958
702.958
702.958
702.958
702.958
702.958
702.958
702.958
702.958
702.958
702.958
702.958
702.958
702.958
702.958
702.958
702.958
702.958
702.958
702.958
702.958
702.958
702.958
702.958
702.958
702.958
702.958
702.958
702.958
702.958
702.958
702.958
702.958
702.958
702.958
702.958
702.958
702.958
702.958
702.958
702.958
702.958
702.958
702.958
702.958
702.958
702.958
702.958
702.958
702.958
702.958
702.958
702.958
702.958
702.958
702.958
702.958
702.958
702.958
702.958
702.958
702.958
702.958
702.958
702.958
702.958
702.958
702.958
702.958
702.958
702.958
702.958
702.958
702.958
702.958
702.958
702.958
702.958
702.958
702.958
702.958
702.958
702.958
702.958
702.958
702.958
702.958
702.958
702.958
702.958
702.958
702.958
702.958
702.958
702.958
702.958
702.958
702.958
702.958
702.958
702.958
702.958
702.958
702.958
702.958
702.958
702.958
702.958
702.958
702.958
702.958
702.958
702.958
702.958
702.958
702.958
702.958
702.958
702.958
702.958
702.958
702.958
698.28
698.28
698.28
698.28
698.28
698.28
698.28
698.28
698.28
698.28
698.28
698.28
698.28
698.28
698.28
698.28
698.28
698.28
698.28
698.28
698.28
698.28
698.28
698.28
698.28
698.28
698.28
698.28
698.28
698.28
698.28
698.28
698.28
698.28
698.28
698.28
698.28
698.28
698.28
698.28
698.28
698.28
698.28
698.28
698.28
698.28
698.28
698.28
698.28
698.28
698.28
698.28
698.28
698.28
698.28
698.28
698.28
698.28
698.28
698.28
698.28
698.28
698.28
698.28
698.28
698.28
698.28
698.28
698.28
698.28
698.28
698.28
698.28
698.28
698.28
698.28
698.28
698.28
698.28
698.28
698.28
698.28
698.28
698.28
698.28
698.28
698.28
698.28
698.28
698.28
698.28
698.28
698.28
698.28
698.28
698.28
698.28
698.28
698.28
698.28
698.28
698.28
698.28
698.28
698.28
698.28
698.28
698.28
698.28
698.28
698.28
698.28
698.28
698.28
698.28
698.28
698.28
698.28
698.28
698.28
698.28
698.28
698.28
698.28
698.28
698.28
698.28
698.28
698.28
698.28
698.28
698.28
698.28
698.28
698.28
698.28
698.28
698.28
698.28
698.28
698.28
698.28
698.28
698.28
698.28
698.28
698.28
698.28
698.28
698.28
698.28
698.28
698.28
698.28
698.28
698.28
698.28
698.28
698.28
698.28
698.28
698.28
698.28
698.28
698.28
698.28
698.28
698.28
698.28
698.28
698.28
698.28
698.28
698.28
698.28
698.28
698.28
698.28
698.28
698.28
698.28
698.28
698.28
698.28
698.28
698.28
698.28
698.28
698.28
698.28
698.28
698.28
698.28
698.28
698.28
698.28
698.28
698.28
698.28
698.28
694.115
694.115
694.115
694.115
694.115
694.115
694.115
694.115
694.115
694.115
694.115
694.115
694.115
694.115
694.115
694.115
694.115
694.115
694.115
694.115
694.115
694.115
694.115
694.115
694.115
694.115
694.115
694.115
694.115
694.115
694.115
694.115
694.115
694.115
694.115
694.115
694.115
694.115
694.115
694.115
694.115
694.115
694.115
694.115
694.115
694.115
694.115
694.115
694.115
694.115
694.115
694.115
694.115
694.115
694.115
694.115
694.115
694.115
694.115
694.115
694.115
694.115
694.115
694.115
694.115
694.115
694.115
694.115
694.115
694.115
694.115
694.115
694.115
694.115
694.115
694.115
694.115
694.115
694.115
694.115
694.115
694.115
694.115
694.115
694.115
694.115
694.115
694.115
694.115
694.115
694.115
694.115
694.115
694.115
694.115
694.115
694.115
694.115
694.115
694.115
694.115
694.115
694.115
694.115
694.115
694.115
694.115
694.115
694.115
694.115
694.115
694.115
694.115
694.115
694.115
694.115
694.115
694.115
694.115
694.115
694.115
694.115
694.115
694.115
694.115
694.115
694.115
694.115
694.115
694.115
694.115
694.115
694.115
694.115
694.115
694.115
694.115
694.115
694.115
694.115
694.115
694.115
694.115
694.115
694.115
694.115
694.115
694.115
694.115
694.115
694.115
694.115
694.115
694.115
694.115
694.115
694.115
694.115
694.115
694.115
694.115
694.115
694.115
694.115
694.115
694.115
694.115
694.115
694.115
694.115
694.115
694.115
694.115
694.115
694.115
694.115
694.115
694.115
694.115
694.115
694.115
694.115
694.115
694.115
694.115
694.115
694.115
694.115
694.115
694.115
694.115
694.115
694.115
694.115
694.115
694.115
694.115
694.115
694.115
694.115
690.583
690.583
690.583
690.583
690.583
690.583
690.583
690.583
690.583
690.583
690.583
690.583
690.583
690.583
690.583
690.583
690.583
690.583
690.583
690.583
690.583
690.583
690.583
690.583
690.583
690.583
690.583
690.583
690.583
690.583
690.583
690.583
690.583
690.583
690.583
690.583
690.583
690.583
690.583
690.583
690.583
690.583
690.583
690.583
690.583
690.583
690.583
690.583
690.583
690.583
690.583
690.583
690.583
690.583
690.583
690.583
690.583
690.583
690.583
690.583
690.583
690.583
690.583
690.583
690.583
690.583
690.583
690.583
690.583
690.583
690.583
690.583
690.583
690.583
690.583
690.583
690.583
690.583
690.583
690.583
690.583
690.583
690.583
690.583
690.583
690.583
690.583
690.583
690.583
690.583
690.583
690.583
690.583
690.583
690.583
690.583
690.583
690.583
690.583
690.583
690.583
690.583
690.583
690.583
690.583
690.583
690.583
690.583
690.583
690.583
690.583
690.583
690.583
690.583
690.583
690.583
690.583
690.583
690.583
690.583
690.583
690.583
690.583
690.583
690.583
690.583
690.583
690.583
690.583
690.583
690.583
690.583
690.583
690.583
690.583
690.583
690.583
690.583
690.583
690.583
690.583
690.583
690.583
690.583
690.583
690.583
690.583
690.583
690.583
690.583
690.583
690.583
690.583
690.583
690.583
690.583
690.583
690.583
690.583
690.583
690.583
690.583
690.583
690.583
690.583
690.583
690.583
690.583
690.583
690.583
690.583
690.583
690.583
690.583
690.583
690.583
690.583
690.583
690.583
690.583
690.583
690.583
690.583
690.583
690.583
690.583
690.583
690.583
690.583
690.583
690.583
690.583
690.583
690.583
690.583
690.583
690.583
690.583
690.583
690.583
687.73
687.73
687.73
687.73
687.73
687.73
687.73
687.73
687.73
687.73
687.73
687.73
687.73
687.73
687.73
687.73
687.73
687.73
687.73
687.73
687.73
687.73
687.73
687.73
687.73
687.73
687.73
687.73
687.73
687.73
687.73
687.73
687.73
687.73
687.73
687.73
687.73
687.73
687.73
687.73
687.73
687.73
687.73
687.73
687.73
687.73
687.73
687.73
687.73
687.73
687.73
687.73
687.73
687.73
687.73
687.73
687.73
687.73
687.73
687.73
687.73
687.73
687.73
687.73
687.73
687.73
687.73
687.73
687.73
687.73
687.73
687.73
687.73
687.73
687.73
687.73
687.73
687.73
687.73
687.73
687.73
687.73
687.73
687.73
687.73
687.73
687.73
687.73
687.73
687.73
687.73
687.73
687.73
687.73
687.73
687.73
687.73
687.73
687.73
687.73
687.73
687.73
687.73
687.73
687.73
687.73
687.73
687.73
687.73
687.73
687.73
687.73
687.73
687.73
687.73
687.73
687.73
687.73
687.73
687.73
687.73
687.73
687.73
687.73
687.73
687.73
687.73
687.73
687.73
687.73
687.73
687.73
687.73
687.73
687.73
687.73
687.73
687.73
687.73
687.73
687.73
687.73
687.73
687.73
687.73
687.73
687.73
687.73
687.73
687.73
687.73
687.73
687.73
687.73
687.73
687.73
687.73
687.73
687.73
687.73
687.73
687.73
687.73
687.73
687.73
687.73
687.73
687.73
687.73
687.73
687.73
687.73
687.73
687.73
687.73
687.73
687.73
687.73
687.73
687.73
687.73
687.73
687.73
687.73
687.73
687.73
687.73
687.73
687.73
687.73
687.73
687.73
687.73
687.73
687.73
687.73
687.73
687.73
687.73
687.73
685.537
685.537
685.537
685.537
685.537
685.537
685.537
685.537
685.537
685.537
685.537
685.537
685.537
685.537
685.537
685.537
685.537
685.537
685.537
685.537
685.537
685.537
685.537
685.537
685.537
685.537
685.537
685.537
685.537
685.537
685.537
685.537
685.537
685.537
685.537
685.537
685.537
685.537
685.537
685.537
685.537
685.537
685.537
685.537
685.537
685.537
685.537
685.537
685.537
685.537
685.537
685.537
685.537
685.537
685.537
685.537
685.537
685.537
685.537
685.537
685.537
685.537
685.537
685.537
685.537
685.537
685.537
685.537
685.537
685.537
685.537
685.537
685.537
685.537
685.537
685.537
685.537
685.537
685.537
685.537
685.537
685.537
685.537
685.537
685.537
685.537
685.537
685.537
685.537
685.537
685.537
685.537
685.537
685.537
685.537
685.537
685.537
685.537
685.537
685.537
685.537
685.537
685.537
685.537
685.537
685.537
685.537
685.537
685.537
685.537
685.537
685.537
685.537
685.537
685.537
685.537
685.537
685.537
685.537
685.537
685.537
685.537
685.537
685.537
685.537
685.537
685.537
685.537
685.537
685.537
685.537
685.537
685.537
685.537
685.537
685.537
685.537
685.537
685.537
685.537
685.537
685.537
685.537
685.537
685.537
685.537
685.537
685.537
685.537
685.537
685.537
685.537
685.537
685.537
685.537
685.537
685.537
685.537
685.537
685.537
685.537
685.537
685.537
685.537
685.537
685.537
685.537
685.537
685.537
685.537
685.537
685.537
685.537
685.537
685.537
685.537
685.537
685.537
685.537
685.537
685.537
685.537
685.537
685.537
685.537
685.537
685.537
685.537
685.537
685.537
685.537
685.537
685.537
685.537
685.537
685.537
685.537
685.537
685.537
685.537
683.929
683.929
683.929
683.929
683.929
683.929
683.929
683.929
683.929
683.929
683.929
683.929
683.929
683.929
683.929
683.929
683.929
683.929
683.929
683.929
683.929
683.929
683.929
683.929
683.929
683.929
683.929
683.929
683.929
683.929
683.929
683.929
683.929
683.929
683.929
683.929
683.929
683.929
683.929
683.929
683.929
683.929
683.929
683.929
683.929
683.929
683.929
683.929
683.929
683.929
683.929
683.929
683.929
683.929
683.929
683.929
683.929
683.929
683.929
683.929
683.929
683.929
683.929
683.929
683.929
683.929
683.929
683.929
683.929
683.929
683.929
683.929
683.929
683.929
683.929
683.929
683.929
683.929
683.929
683.929
683.929
683.929
683.929
683.929
683.929
683.929
683.929
683.929
683.929
683.929
683.929
683.929
683.929
683.929
683.929
683.929
683.929
683.929
683.929
683.929
683.929
683.929
683.929
683.929
683.929
683.929
683.929
683.929
683.929
683.929
683.929
683.929
683.929
683.929
683.929
683.929
683.929
683.929
683.929
683.929
683.929
683.929
683.929
683.929
683.929
683.929
683.929
683.929
683.929
683.929
683.929
683.929
683.929
683.929
683.929
683.929
683.929
683.929
683.929
683.929
683.929
683.929
683.929
683.929
683.929
683.929
683.929
683.929
683.929
683.929
683.929
683.929
683.929
683.929
683.929
683.929
683.929
683.929
683.929
683.929
683.929
683.929
683.929
683.929
683.929
683.929
683.929
683.929
683.929
683.929
683.929
683.929
683.929
683.929
683.929
683.929
683.929
683.929
683.929
683.929
683.929
683.929
683.929
683.929
683.929
683.929
683.929
683.929
683.929
683.929
683.929
683.929
683.929
683.929
683.929
683.929
683.929
683.929
683.929
683.929
682.8
682.8
682.8
682.8
682.8
682.8
682.8
682.8
682.8
682.8
682.8
682.8
682.8
682.8
682.8
682.8
682.8
682.8
682.8
682.8
682.8
682.8
682.8
682.8
682.8
682.8
682.8
682.8
682.8
682.8
682.8
682.8
682.8
682.8
682.8
682.8
682.8
682.8
682.8
682.8
682.8
682.8
682.8
682.8
682.8
682.8
682.8
682.8
682.8
682.8
682.8
682.8
682.8
682.8
682.8
682.8
682.8
682.8
682.8
682.8
682.8
682.8
682.8
682.8
682.8
682.8
682.8
682.8
682.8
682.8
682.8
682.8
682.8
682.8
682.8
682.8
682.8
682.8
682.8
682.8
682.8
682.8
682.8
682.8
682.8
682.8
682.8
682.8
682.8
682.8
682.8
682.8
682.8
682.8
682.8
682.8
682.8
682.8
682.8
682.8
682.8
682.8
682.8
682.8
682.8
682.8
682.8
682.8
682.8
682.8
682.8
682.8
682.8
682.8
682.8
682.8
682.8
682.8
682.8
682.8
682.8
682.8
682.8
682.8
682.8
682.8
682.8
682.8
682.8
682.8
682.8
682.8
682.8
682.8
682.8
682.8
682.8
682.8
682.8
682.8
682.8
682.8
682.8
682.8
682.8
682.8
682.8
682.8
682.8
682.8
682.8
682.8
682.8
682.8
682.8
682.8
682.8
682.8
682.8
682.8
682.8
682.8
682.8
682.8
682.8
682.8
682.8
682.8
682.8
682.8
682.8
682.8
682.8
682.8
682.8
682.8
682.8
682.8
682.8
682.8
682.8
682.8
682.8
682.8
682.8
682.8
682.8
682.8
682.8
682.8
682.8
682.8
682.8
682.8
682.8
682.8
682.8
682.8
682.8
682.8
682.034
682.034
682.034
682.034
682.034
682.034
682.034
682.034
682.034
682.034
682.034
682.034
682.034
682.034
682.034
682.034
682.034
682.034
682.034
682.034
682.034
682.034
682.034
682.034
682.034
682.034
682.034
682.034
682.034
682.034
682.034
682.034
682.034
682.034
682.034
682.034
682.034
682.034
682.034
682.034
682.034
682.034
682.034
682.034
682.034
682.034
682.034
682.034
682.034
682.034
682.034
682.034
682.034
682.034
682.034
682.034
682.034
682.034
682.034
682.034
682.034
682.034
682.034
682.034
682.034
682.034
682.034
682.034
682.034
682.034
682.034
682.034
682.034
682.034
682.034
682.034
682.034
682.034
682.034
682.034
682.034
682.034
682.034
682.034
682.034
682.034
682.034
682.034
682.034
682.034
682.034
682.034
682.034
682.034
682.034
682.034
682.034
682.034
682.034
682.034
682.034
682.034
682.034
682.034
682.034
682.034
682.034
682.034
682.034
682.034
682.034
682.034
682.034
682.034
682.034
682.034
682.034
682.034
682.034
682.034
682.034
682.034
682.034
682.034
682.034
682.034
682.034
682.034
682.034
682.034
682.034
682.034
682.034
682.034
682.034
682.034
682.034
682.034
682.034
682.034
682.034
682.034
682.034
682.034
682.034
682.034
682.034
682.034
682.034
682.034
682.034
682.034
682.034
682.034
682.034
682.034
682.034
682.034
682.034
682.034
682.034
682.034
682.034
682.034
682.034
682.034
682.034
682.034
682.034
682.034
682.034
682.034
682.034
682.034
682.034
682.034
682.034
682.034
682.034
682.034
682.034
682.034
682.034
682.034
682.034
682.034
682.034
682.034
682.034
682.034
682.034
682.034
682.034
682.034
682.034
682.034
682.034
682.034
682.034
682.034
681.528
681.528
681.528
681.528
681.528
681.528
681.528
681.528
681.528
681.528
681.528
681.528
681.528
681.528
681.528
681.528
681.528
681.528
681.528
681.528
681.528
681.528
681.528
681.528
681.528
681.528
681.528
681.528
681.528
681.528
681.528
681.528
681.528
681.528
681.528
681.528
681.528
681.528
681.528
681.528
681.528
681.528
681.528
681.528
681.528
681.528
681.528
681.528
681.528
681.528
681.528
681.528
681.528
681.528
681.528
681.528
681.528
681.528
681.528
681.528
681.528
681.528
681.528
681.528
681.528
681.528
681.528
681.528
681.528
681.528
681.528
681.528
681.528
681.528
681.528
681.528
681.528
681.528
681.528
681.528
681.528
681.528
681.528
681.528
681.528
681.528
681.528
681.528
681.528
681.528
681.528
681.528
681.528
681.528
681.528
681.528
681.528
681.528
681.528
681.528
681.528
681.528
681.528
681.528
681.528
681.528
681.528
681.528
681.528
681.528
681.528
681.528
681.528
681.528
681.528
681.528
681.528
681.528
681.528
681.528
681.528
681.528
681.528
681.528
681.528
681.528
681.528
681.528
681.528
681.528
681.528
681.528
681.528
681.528
681.528
681.528
681.528
681.528
681.528
681.528
681.528
681.528
681.528
681.528
681.528
681.528
681.528
681.528
681.528
681.528
681.528
681.528
681.528
681.528
681.528
681.528
681.528
681.528
681.528
681.528
681.528
681.528
681.528
681.528
681.528
681.528
681.528
681.528
681.528
681.528
681.528
681.528
681.528
681.528
681.528
681.528
681.528
681.528
681.528
681.528
681.528
681.528
681.528
681.528
681.528
681.528
681.528
681.528
681.528
681.528
681.528
681.528
681.528
681.528
681.528
681.528
681.528
681.528
681.528
681.528
681.197
681.197
681.197
681.197
681.197
681.197
681.197
681.197
681.197
681.197
681.197
681.197
681.197
681.197
681.197
681.197
681.197
681.197
681.197
681.197
681.197
681.197
681.197
681.197
681.197
681.197
681.197
681.197
681.197
681.197
681.197
681.197
681.197
681.197
681.197
681.197
681.197
681.197
681.197
681.197
681.197
681.197
681.197
681.197
681.197
681.197
681.197
681.197
681.197
681.197
681.197
681.197
681.197
681.197
681.197
681.197
681.197
681.197
681.197
681.197
681.197
681.197
681.197
681.197
681.197
681.197
681.197
681.197
681.197
681.197
681.197
681.197
681.197
681.197
681.197
681.197
681.197
681.197
681.197
681.197
681.197
681.197
681.197
681.197
681.197
681.197
681.197
681.197
681.197
681.197
681.198
681.198
681.198
681.198
681.198
681.198
681.198
681.198
681.198
681.198
681.198
681.198
681.198
681.198
681.198
681.198
681.198
681.198
681.198
681.198
681.197
681.197
681.197
681.197
681.197
681.197
681.197
681.197
681.197
681.197
681.197
681.197
681.197
681.197
681.197
681.197
681.197
681.197
681.197
681.197
681.197
681.197
681.197
681.197
681.197
681.197
681.197
681.197
681.197
681.197
681.197
681.197
681.197
681.197
681.197
681.197
681.197
681.197
681.197
681.197
681.197
681.197
681.197
681.197
681.197
681.197
681.197
681.197
681.197
681.197
681.197
681.197
681.197
681.197
681.197
681.197
681.197
681.197
681.197
681.197
681.197
681.197
681.197
681.197
681.197
681.197
681.197
681.197
681.197
681.197
681.197
681.197
681.197
681.197
681.197
681.197
681.197
681.197
681.197
681.197
681.197
681.197
681.197
681.197
681.197
681.197
681.197
681.197
681.197
681.197
680.979
680.979
680.979
680.979
680.979
680.979
680.979
680.979
680.979
680.979
680.979
680.979
680.979
680.979
680.979
680.979
680.979
680.979
680.979
680.979
680.979
680.979
680.979
680.979
680.979
680.979
680.979
680.979
680.979
680.979
680.979
680.979
680.979
680.979
680.979
680.979
680.979
680.979
680.979
680.979
680.979
680.979
680.979
680.979
680.979
680.979
680.979
680.979
680.979
680.979
680.979
680.979
680.979
680.979
680.979
680.979
680.979
680.979
680.979
680.979
680.979
680.979
680.979
680.979
680.979
680.979
680.979
680.979
680.979
680.979
680.979
680.979
680.979
680.979
680.979
680.979
680.979
680.979
680.979
680.98
680.98
680.98
680.98
680.98
680.98
680.98
680.98
680.98
680.98
680.98
680.98
680.98
680.98
680.98
680.98
680.98
680.98
680.98
680.98
680.98
680.98
680.98
680.98
680.98
680.98
680.98
680.98
680.98
680.98
680.98
680.98
680.98
680.98
680.98
680.98
680.98
680.98
680.98
680.98
680.98
680.979
680.979
680.979
680.979
680.979
680.979
680.979
680.979
680.979
680.979
680.979
680.979
680.979
680.979
680.979
680.979
680.979
680.979
680.979
680.979
680.979
680.979
680.979
680.979
680.979
680.979
680.979
680.979
680.979
680.979
680.979
680.979
680.979
680.979
680.979
680.979
680.979
680.979
680.979
680.979
680.979
680.979
680.979
680.979
680.979
680.979
680.979
680.979
680.979
680.979
680.979
680.979
680.979
680.979
680.979
680.979
680.979
680.979
680.979
680.979
680.979
680.979
680.979
680.979
680.979
680.979
680.979
680.979
680.979
680.979
680.979
680.979
680.979
680.979
680.979
680.979
680.979
680.979
680.979
680.979
680.833
680.833
680.833
680.833
680.833
680.833
680.833
680.833
680.833
680.833
680.833
680.833
680.833
680.833
680.833
680.833
680.833
680.833
680.833
680.833
680.833
680.833
680.833
680.833
680.833
680.833
680.833
680.833
680.833
680.833
680.833
680.833
680.833
680.833
680.833
680.833
680.833
680.833
680.833
680.833
680.833
680.833
680.833
680.833
680.833
680.833
680.833
680.833
680.833
680.833
680.833
680.833
680.833
680.833
680.833
680.833
680.833
680.833
680.833
680.833
680.833
680.833
680.833
680.833
680.833
680.833
680.833
680.833
680.833
680.833
680.833
680.833
680.833
680.833
680.833
680.833
680.833
680.833
680.833
680.833
680.833
680.833
680.833
680.833
680.833
680.833
680.833
680.834
680.834
680.834
680.834
680.834
680.834
680.834
680.834
680.834
680.834
680.834
680.834
680.834
680.834
680.834
680.834
680.834
680.834
680.834
680.834
680.834
680.834
680.834
680.834
680.834
680.834
680.833
680.833
680.833
680.833
680.833
680.833
680.833
680.833
680.833
680.833
680.833
680.833
680.833
680.833
680.833
680.833
680.833
680.833
680.833
680.833
680.833
680.833
680.833
680.833
680.833
680.833
680.833
680.833
680.833
680.833
680.833
680.833
680.833
680.833
680.833
680.833
680.833
680.833
680.833
680.833
680.833
680.833
680.833
680.833
680.833
680.833
680.833
680.833
680.833
680.833
680.833
680.833
680.833
680.833
680.833
680.833
680.833
680.833
680.833
680.833
680.833
680.833
680.833
680.833
680.833
680.833
680.833
680.833
680.833
680.833
680.833
680.833
680.833
680.833
680.833
680.833
680.833
680.833
680.833
680.833
680.833
680.833
680.833
680.833
680.833
680.833
680.833
680.732
680.732
680.732
680.732
680.732
680.732
680.732
680.732
680.732
680.732
680.732
680.732
680.732
680.732
680.732
680.732
680.732
680.732
680.732
680.732
680.732
680.732
680.732
680.732
680.732
680.732
680.732
680.732
680.732
680.732
680.732
680.732
680.732
680.732
680.732
680.732
680.732
680.732
680.732
680.732
680.732
680.732
680.732
680.732
680.732
680.732
680.732
680.732
680.732
680.732
680.732
680.732
680.732
680.732
680.732
680.732
680.732
680.732
680.732
680.732
680.732
680.732
680.732
680.732
680.732
680.732
680.732
680.732
680.732
680.732
680.732
680.732
680.732
680.732
680.732
680.732
680.732
680.732
680.732
680.732
680.732
680.732
680.732
680.732
680.732
680.732
680.733
680.733
680.733
680.733
680.733
680.733
680.733
680.733
680.733
680.733
680.733
680.733
680.733
680.733
680.733
680.733
680.733
680.733
680.733
680.733
680.733
680.733
680.733
680.733
680.733
680.733
680.733
680.733
680.732
680.732
680.732
680.732
680.732
680.732
680.732
680.732
680.732
680.732
680.732
680.732
680.732
680.732
680.732
680.732
680.732
680.732
680.732
680.732
680.732
680.732
680.732
680.732
680.732
680.732
680.732
680.732
680.732
680.732
680.732
680.732
680.732
680.732
680.732
680.732
680.732
680.732
680.732
680.732
680.732
680.732
680.732
680.732
680.732
680.732
680.732
680.732
680.732
680.732
680.732
680.732
680.732
680.732
680.732
680.732
680.732
680.732
680.732
680.732
680.732
680.732
680.732
680.732
680.732
680.732
680.732
680.732
680.732
680.732
680.732
680.732
680.732
680.732
680.732
680.732
680.732
680.732
680.732
680.732
680.732
680.732
680.732
680.732
680.732
680.732
680.661
680.661
680.661
680.661
680.661
680.661
680.661
680.661
680.661
680.661
680.661
680.661
680.661
680.661
680.661
680.661
680.661
680.661
680.661
680.661
680.661
680.661
680.661
680.661
680.661
680.661
680.661
680.661
680.661
680.661
680.661
680.661
680.661
680.661
680.661
680.661
680.661
680.661
680.661
680.661
680.661
680.661
680.661
680.661
680.661
680.661
680.661
680.661
680.661
680.661
680.661
680.661
680.661
680.661
680.661
680.661
680.661
680.661
680.661
680.661
680.661
680.661
680.661
680.661
680.661
680.661
680.661
680.661
680.661
680.661
680.661
680.661
680.661
680.661
680.661
680.661
680.661
680.661
680.661
680.661
680.661
680.661
680.661
680.661
680.661
680.662
680.662
680.662
680.662
680.662
680.662
680.662
680.662
680.663
680.663
680.663
680.663
680.663
680.663
680.663
680.663
680.663
680.663
680.663
680.663
680.663
680.663
680.662
680.662
680.662
680.662
680.662
680.662
680.662
680.662
680.661
680.661
680.661
680.661
680.661
680.661
680.661
680.661
680.661
680.661
680.661
680.661
680.661
680.661
680.661
680.661
680.661
680.661
680.661
680.661
680.661
680.661
680.661
680.661
680.661
680.661
680.661
680.661
680.661
680.661
680.661
680.661
680.661
680.661
680.661
680.661
680.661
680.661
680.661
680.661
680.661
680.661
680.661
680.661
680.661
680.661
680.661
680.661
680.661
680.661
680.661
680.661
680.661
680.661
680.661
680.661
680.661
680.661
680.661
680.661
680.661
680.661
680.661
680.661
680.661
680.661
680.661
680.661
680.661
680.661
680.661
680.661
680.661
680.661
680.661
680.661
680.661
680.661
680.661
680.661
680.661
680.661
680.661
680.661
680.661
680.612
680.612
680.612
680.612
680.612
680.612
680.612
680.612
680.612
680.612
680.612
680.612
680.612
680.612
680.612
680.612
680.612
680.612
680.612
680.612
680.612
680.612
680.612
680.612
680.612
680.612
680.612
680.612
680.612
680.612
680.612
680.612
680.612
680.612
680.612
680.612
680.612
680.612
680.612
680.612
680.612
680.612
680.612
680.612
680.612
680.612
680.612
680.612
680.612
680.612
680.612
680.612
680.612
680.612
680.612
680.612
680.612
680.612
680.612
680.612
680.612
680.612
680.612
680.612
680.612
680.612
680.612
680.612
680.612
680.612
680.612
680.612
680.612
680.612
680.612
680.612
680.612
680.612
680.612
680.612
680.612
680.612
680.612
680.612
680.612
680.613
680.613
680.613
680.613
680.613
680.614
680.614
680.614
680.614
680.614
680.614
680.614
680.615
680.615
680.615
680.615
680.615
680.615
680.614
680.614
680.614
680.614
680.614
680.614
680.614
680.613
680.613
680.613
680.613
680.613
680.612
680.612
680.612
680.612
680.612
680.612
680.612
680.612
680.612
680.612
680.612
680.612
680.612
680.612
680.612
680.612
680.612
680.612
680.612
680.612
680.612
680.612
680.612
680.612
680.612
680.612
680.612
680.612
680.612
680.612
680.612
680.612
680.612
680.612
680.612
680.612
680.612
680.612
680.612
680.612
680.612
680.612
680.612
680.612
680.612
680.612
680.612
680.612
680.612
680.612
680.612
680.612
680.612
680.612
680.612
680.612
680.612
680.612
680.612
680.612
680.612
680.612
680.612
680.612
680.612
680.612
680.612
680.612
680.612
680.612
680.612
680.612
680.612
680.612
680.612
680.612
680.612
680.612
680.612
680.612
680.612
680.612
680.612
680.612
680.612
680.581
680.581
680.581
680.581
680.581
680.581
680.581
680.581
680.581
680.581
680.581
680.581
680.581
680.581
680.581
680.581
680.581
680.581
680.581
680.581
680.581
680.581
680.581
680.581
680.581
680.581
680.581
680.581
680.581
680.581
680.581
680.581
680.581
680.581
680.581
680.581
680.581
680.581
680.581
680.581
680.581
680.581
680.581
680.581
680.581
680.581
680.581
680.581
680.581
680.581
680.581
680.581
680.581
680.581
680.581
680.581
680.581
680.581
680.581
680.581
680.581
680.581
680.581
680.581
680.581
680.581
680.581
680.581
680.581
680.581
680.581
680.581
680.581
680.581
680.581
680.581
680.581
680.581
680.581
680.581
680.581
680.581
680.581
680.582
680.582
680.582
680.582
680.582
680.583
680.583
680.583
680.584
680.584
680.584
680.584
680.584
680.585
680.585
680.585
680.585
680.585
680.585
680.585
680.585
680.584
680.584
680.584
680.584
680.583
680.583
680.583
680.583
680.582
680.582
680.582
680.582
680.582
680.581
680.581
680.581
680.581
680.581
680.581
680.581
680.581
680.581
680.581
680.581
680.581
680.58
680.58
680.58
680.58
680.58
680.58
680.58
680.58
680.581
680.581
680.581
680.581
680.581
680.581
680.581
680.581
680.581
680.581
680.581
680.581
680.581
680.581
680.581
680.581
680.581
680.581
680.581
680.581
680.581
680.581
680.581
680.581
680.581
680.581
680.581
680.581
680.581
680.581
680.581
680.581
680.581
680.581
680.581
680.581
680.581
680.581
680.581
680.581
680.581
680.581
680.581
680.581
680.581
680.581
680.581
680.581
680.581
680.581
680.581
680.581
680.581
680.581
680.581
680.581
680.581
680.581
680.581
680.581
680.581
680.581
680.581
680.567
680.567
680.567
680.567
680.567
680.567
680.567
680.567
680.567
680.567
680.567
680.567
680.567
680.567
680.567
680.567
680.567
680.567
680.567
680.567
680.567
680.567
680.567
680.567
680.567
680.567
680.567
680.567
680.567
680.567
680.567
680.567
680.567
680.567
680.567
680.567
680.567
680.567
680.567
680.567
680.567
680.567
680.567
680.567
680.567
680.567
680.567
680.567
680.567
680.567
680.567
680.567
680.567
680.567
680.567
680.567
680.567
680.567
680.567
680.567
680.566
680.566
680.566
680.566
680.566
680.566
680.566
680.566
680.566
680.566
680.566
680.566
680.566
680.567
680.567
680.567
680.567
680.567
680.567
680.567
680.567
680.567
680.568
680.568
680.568
680.568
680.569
680.569
680.569
680.57
680.57
680.571
680.571
680.571
680.572
680.572
680.572
680.572
680.572
680.572
680.572
680.572
680.572
680.572
680.572
680.572
680.571
680.571
680.571
680.57
680.57
680.569
680.569
680.569
680.568
680.568
680.568
680.568
680.567
680.567
680.567
680.567
680.567
680.567
680.567
680.567
680.566
680.566
680.566
680.566
680.566
680.566
680.566
680.566
680.566
680.566
680.566
680.566
680.566
680.566
680.566
680.566
680.566
680.566
680.566
680.567
680.567
680.567
680.567
680.567
680.567
680.567
680.567
680.567
680.567
680.567
680.567
680.567
680.567
680.567
680.567
680.567
680.567
680.567
680.567
680.567
680.567
680.567
680.567
680.567
680.567
680.567
680.567
680.567
680.567
680.567
680.567
680.567
680.567
680.567
680.567
680.567
680.567
680.567
680.567
680.567
680.567
680.567
680.567
680.567
680.567
680.567
680.567
680.567
680.567
680.567
680.567
680.567
680.567
680.567
680.57
680.57
680.57
680.57
680.57
680.57
680.57
680.57
680.57
680.57
680.57
680.57
680.57
680.57
680.57
680.57
680.57
680.57
680.57
680.57
680.57
680.57
680.57
680.57
680.57
680.57
680.57
680.57
680.57
680.57
680.57
680.57
680.57
680.57
680.57
680.57
680.57
680.57
680.57
680.57
680.57
680.57
680.57
680.57
680.57
680.57
680.57
680.57
680.57
680.57
680.57
680.57
680.57
680.57
680.57
680.57
680.57
680.57
680.57
680.57
680.57
680.57
680.57
680.57
680.57
680.57
680.57
680.57
680.57
680.57
680.57
680.57
680.57
680.57
680.57
680.57
680.57
680.57
680.57
680.571
680.571
680.571
680.571
680.572
680.572
680.572
680.573
680.573
680.574
680.574
680.575
680.575
680.576
680.576
680.577
680.577
680.577
680.577
680.578
680.578
680.578
680.578
680.577
680.577
680.577
680.577
680.576
680.576
680.575
680.575
680.574
680.574
680.573
680.573
680.572
680.572
680.572
680.571
680.571
680.571
680.571
680.57
680.57
680.57
680.57
680.57
680.57
680.57
680.57
680.57
680.57
680.57
680.57
680.57
680.57
680.57
680.57
680.57
680.57
680.57
680.57
680.57
680.57
680.57
680.57
680.57
680.57
680.57
680.57
680.57
680.57
680.57
680.57
680.57
680.57
680.57
680.57
680.57
680.57
680.57
680.57
680.57
680.57
680.57
680.57
680.57
680.57
680.57
680.57
680.57
680.57
680.57
680.57
680.57
680.57
680.57
680.57
680.57
680.57
680.57
680.57
680.57
680.57
680.57
680.57
680.57
680.57
680.57
680.57
680.57
680.57
680.57
680.57
680.57
680.57
680.57
680.57
680.57
680.57
680.57
680.593
680.593
680.593
680.593
680.593
680.593
680.593
680.593
680.593
680.593
680.593
680.593
680.593
680.593
680.593
680.593
680.593
680.593
680.593
680.593
680.593
680.593
680.593
680.593
680.593
680.593
680.593
680.593
680.593
680.593
680.593
680.593
680.593
680.593
680.593
680.592
680.592
680.592
680.592
680.592
680.592
680.592
680.592
680.592
680.592
680.592
680.592
680.592
680.592
680.592
680.592
680.592
680.592
680.592
680.592
680.592
680.592
680.592
680.592
680.592
680.592
680.592
680.592
680.592
680.592
680.592
680.592
680.592
680.592
680.592
680.592
680.592
680.592
680.592
680.592
680.592
680.592
680.593
680.593
680.593
680.593
680.594
680.594
680.594
680.595
680.596
680.596
680.597
680.597
680.598
680.599
680.599
680.6
680.601
680.601
680.602
680.602
680.602
680.602
680.603
680.603
680.602
680.602
680.602
680.602
680.601
680.601
680.6
680.599
680.599
680.598
680.597
680.597
680.596
680.595
680.595
680.594
680.594
680.594
680.593
680.593
680.593
680.592
680.592
680.592
680.592
680.592
680.592
680.592
680.592
680.592
680.592
680.592
680.592
680.592
680.592
680.592
680.592
680.592
680.592
680.592
680.592
680.592
680.592
680.592
680.592
680.592
680.592
680.592
680.592
680.592
680.592
680.592
680.592
680.592
680.592
680.592
680.592
680.592
680.592
680.592
680.592
680.592
680.592
680.592
680.592
680.592
680.592
680.592
680.592
680.592
680.592
680.592
680.592
680.592
680.592
680.592
680.592
680.592
680.592
680.592
680.592
680.593
680.593
680.593
680.593
680.593
680.593
680.593
680.593
680.593
680.593
680.593
680.593
680.593
680.593
680.593
680.593
680.593
680.593
680.636
680.636
680.636
680.636
680.636
680.636
680.636
680.636
680.636
680.636
680.636
680.636
680.636
680.636
680.636
680.636
680.636
680.636
680.636
680.636
680.636
680.636
680.636
680.636
680.636
680.636
680.636
680.636
680.636
680.636
680.636
680.636
680.636
680.636
680.636
680.636
680.636
680.636
680.636
680.636
680.636
680.636
680.636
680.636
680.636
680.636
680.636
680.636
680.636
680.636
680.636
680.635
680.635
680.635
680.635
680.635
680.635
680.635
680.635
680.635
680.635
680.635
680.635
680.635
680.635
680.635
680.635
680.635
680.635
680.635
680.635
680.635
680.635
680.635
680.635
680.635
680.636
680.636
680.636
680.637
680.637
680.637
680.638
680.639
680.639
680.64
680.641
680.642
680.642
680.643
680.644
680.645
680.646
680.647
680.647
680.648
680.648
680.649
680.649
680.649
680.649
680.649
680.649
680.648
680.648
680.647
680.647
680.646
680.645
680.644
680.643
680.642
680.641
680.641
680.64
680.639
680.638
680.638
680.637
680.637
680.636
680.636
680.636
680.636
680.635
680.635
680.635
680.635
680.635
680.635
680.635
680.635
680.635
680.635
680.635
680.635
680.635
680.635
680.635
680.635
680.635
680.635
680.635
680.635
680.635
680.635
680.635
680.635
680.635
680.635
680.635
680.635
680.635
680.635
680.635
680.635
680.636
680.636
680.636
680.636
680.636
680.636
680.636
680.636
680.636
680.636
680.636
680.636
680.636
680.636
680.636
680.636
680.636
680.636
680.636
680.636
680.636
680.636
680.636
680.636
680.636
680.636
680.636
680.636
680.636
680.636
680.636
680.636
680.636
680.636
680.636
680.636
680.636
680.636
680.636
680.636
680.636
680.636
680.636
680.636
680.704
680.704
680.704
680.704
680.704
680.704
680.704
680.704
680.704
680.704
680.704
680.704
680.704
680.704
680.704
680.704
680.704
680.704
680.704
680.704
680.704
680.704
680.704
680.704
680.704
680.704
680.704
680.704
680.704
680.704
680.704
680.703
680.703
680.703
680.703
680.703
680.703
680.703
680.703
680.703
680.703
680.703
680.703
680.703
680.703
680.703
680.703
680.703
680.703
680.703
680.703
680.703
680.703
680.703
680.703
680.703
680.703
680.702
680.702
680.702
680.702
680.702
680.702
680.702
680.702
680.702
680.702
680.702
680.702
680.702
680.702
680.702
680.702
680.702
680.702
680.703
680.703
680.703
680.704
680.704
680.705
680.705
680.706
680.707
680.708
680.709
680.71
680.711
680.712
680.713
680.714
680.715
680.716
680.717
680.718
680.719
680.72
680.72
680.721
680.721
680.721
680.721
680.72
680.72
680.719
680.718
680.717
680.716
680.715
680.714
680.713
680.712
680.711
680.709
680.708
680.708
680.707
680.706
680.705
680.705
680.704
680.704
680.703
680.703
680.703
680.702
680.702
680.702
680.702
680.702
680.702
680.702
680.702
680.702
680.702
680.702
680.702
680.702
680.702
680.702
680.702
680.702
680.702
680.702
680.702
680.702
680.702
680.702
680.702
680.703
680.703
680.703
680.703
680.703
680.703
680.703
680.703
680.703
680.703
680.703
680.703
680.703
680.703
680.703
680.703
680.703
680.703
680.703
680.703
680.703
680.703
680.703
680.703
680.703
680.703
680.703
680.703
680.703
680.703
680.703
680.703
680.703
680.703
680.703
680.703
680.703
680.703
680.703
680.703
680.704
680.704
680.704
680.704
680.704
680.704
680.704
680.704
680.704
680.704
680.704
680.799
680.799
680.799
680.799
680.799
680.799
680.799
680.799
680.799
680.799
680.799
680.799
680.799
680.799
680.799
680.799
680.799
680.798
680.798
680.798
680.798
680.798
680.798
680.798
680.798
680.798
680.798
680.798
680.798
680.798
680.798
680.798
680.798
680.798
680.798
680.798
680.798
680.798
680.798
680.798
680.798
680.798
680.798
680.798
680.798
680.797
680.797
680.797
680.797
680.797
680.797
680.797
680.797
680.797
680.797
680.797
680.797
680.797
680.797
680.797
680.796
680.796
680.796
680.796
680.796
680.796
680.796
680.796
680.796
680.796
680.796
680.796
680.796
680.797
680.797
680.797
680.797
680.798
680.798
680.799
680.8
680.8
680.801
680.802
680.803
680.804
680.806
680.807
680.809
680.81
680.811
680.813
680.814
680.816
680.817
680.818
680.819
680.819
680.82
680.82
680.82
680.82
680.819
680.819
680.818
680.817
680.815
680.814
680.813
680.811
680.81
680.808
680.807
680.806
680.804
680.803
680.802
680.801
680.8
680.799
680.799
680.798
680.798
680.797
680.797
680.797
680.796
680.796
680.796
680.796
680.796
680.796
680.796
680.796
680.796
680.796
680.796
680.796
680.796
680.796
680.796
680.796
680.796
680.796
680.797
680.797
680.797
680.797
680.797
680.797
680.797
680.797
680.797
680.797
680.797
680.797
680.797
680.797
680.797
680.797
680.797
680.797
680.797
680.797
680.798
680.798
680.798
680.798
680.798
680.798
680.798
680.798
680.798
680.798
680.798
680.798
680.798
680.798
680.798
680.798
680.798
680.798
680.798
680.798
680.798
680.798
680.798
680.798
680.798
680.798
680.798
680.798
680.798
680.798
680.798
680.798
680.798
680.798
680.798
680.798
680.924
680.924
680.924
680.924
680.924
680.924
680.924
680.924
680.924
680.924
680.924
680.924
680.924
680.923
680.923
680.923
680.923
680.923
680.923
680.923
680.923
680.923
680.923
680.923
680.923
680.923
680.923
680.923
680.923
680.923
680.923
680.923
680.923
680.923
680.923
680.923
680.923
680.923
680.923
680.922
680.922
680.922
680.922
680.922
680.922
680.922
680.922
680.922
680.922
680.922
680.922
680.922
680.921
680.921
680.921
680.921
680.921
680.921
680.921
680.921
680.921
680.921
680.921
680.92
680.92
680.92
680.92
680.92
680.92
680.92
680.92
680.92
680.921
680.921
680.921
680.921
680.922
680.922
680.923
680.924
680.925
680.926
680.927
680.928
680.929
680.931
680.932
680.934
680.936
680.938
680.939
680.941
680.943
680.945
680.946
680.947
680.948
680.949
680.95
680.95
680.95
680.95
680.949
680.948
680.947
680.946
680.944
680.943
680.941
680.939
680.937
680.936
680.934
680.932
680.931
680.929
680.928
680.926
680.925
680.924
680.923
680.923
680.922
680.922
680.921
680.921
680.92
680.92
680.92
680.92
680.92
680.92
680.92
680.92
680.92
680.92
680.92
680.92
680.92
680.92
680.92
680.921
680.921
680.921
680.921
680.921
680.921
680.921
680.921
680.921
680.921
680.921
680.921
680.921
680.922
680.922
680.922
680.922
680.922
680.922
680.922
680.922
680.922
680.922
680.922
680.922
680.922
680.922
680.922
680.922
680.922
680.922
680.922
680.923
680.923
680.923
680.923
680.923
680.923
680.923
680.923
680.923
680.923
680.923
680.923
680.923
680.923
680.923
680.923
680.923
680.923
680.923
680.923
680.923
680.923
680.923
680.923
680.923
680.923
680.923
681.081
681.081
681.081
681.081
681.081
681.081
681.081
681.081
681.081
681.081
681.081
681.081
681.081
681.081
681.081
681.081
681.081
681.081
681.081
681.081
681.081
681.081
681.081
681.08
681.08
681.08
681.08
681.08
681.08
681.08
681.08
681.08
681.08
681.08
681.08
681.08
681.08
681.08
681.08
681.08
681.079
681.079
681.079
681.079
681.079
681.079
681.079
681.079
681.079
681.079
681.078
681.078
681.078
681.078
681.078
681.078
681.078
681.078
681.078
681.077
681.077
681.077
681.077
681.077
681.077
681.077
681.077
681.077
681.077
681.077
681.077
681.077
681.077
681.077
681.078
681.078
681.079
681.079
681.08
681.081
681.082
681.083
681.085
681.086
681.088
681.09
681.091
681.094
681.096
681.098
681.1
681.102
681.104
681.106
681.108
681.11
681.111
681.112
681.113
681.113
681.113
681.113
681.112
681.111
681.109
681.108
681.106
681.104
681.102
681.1
681.098
681.096
681.093
681.091
681.089
681.088
681.086
681.084
681.083
681.082
681.081
681.08
681.079
681.078
681.078
681.077
681.077
681.077
681.077
681.076
681.076
681.076
681.076
681.076
681.076
681.076
681.077
681.077
681.077
681.077
681.077
681.077
681.077
681.077
681.077
681.077
681.078
681.078
681.078
681.078
681.078
681.078
681.078
681.078
681.078
681.078
681.079
681.079
681.079
681.079
681.079
681.079
681.079
681.079
681.079
681.079
681.079
681.079
681.079
681.079
681.079
681.08
681.08
681.08
681.08
681.08
681.08
681.08
681.08
681.08
681.08
681.08
681.08
681.08
681.08
681.08
681.08
681.08
681.08
681.08
681.08
681.08
681.08
681.08
681.08
681.08
681.08
681.08
681.08
681.08
681.271
681.271
681.271
681.271
681.271
681.271
681.271
681.271
681.271
681.271
681.271
681.271
681.271
681.271
681.271
681.271
681.271
681.271
681.271
681.271
681.271
681.271
681.271
681.271
681.271
681.271
681.271
681.271
681.27
681.27
681.27
681.27
681.27
681.27
681.27
681.27
681.27
681.27
681.27
681.27
681.269
681.269
681.269
681.269
681.269
681.269
681.269
681.269
681.269
681.268
681.268
681.268
681.268
681.268
681.268
681.268
681.267
681.267
681.267
681.267
681.267
681.267
681.266
681.266
681.266
681.266
681.266
681.266
681.266
681.266
681.266
681.266
681.266
681.267
681.267
681.268
681.268
681.269
681.27
681.271
681.272
681.274
681.275
681.277
681.279
681.281
681.284
681.286
681.289
681.291
681.294
681.296
681.299
681.301
681.303
681.305
681.306
681.307
681.308
681.309
681.309
681.308
681.307
681.306
681.305
681.303
681.301
681.298
681.296
681.293
681.291
681.288
681.286
681.283
681.281
681.279
681.277
681.275
681.273
681.272
681.271
681.27
681.269
681.268
681.267
681.267
681.266
681.266
681.266
681.266
681.266
681.265
681.265
681.266
681.266
681.266
681.266
681.266
681.266
681.266
681.266
681.266
681.267
681.267
681.267
681.267
681.267
681.267
681.267
681.268
681.268
681.268
681.268
681.268
681.268
681.268
681.268
681.268
681.269
681.269
681.269
681.269
681.269
681.269
681.269
681.269
681.269
681.269
681.269
681.269
681.27
681.27
681.27
681.27
681.27
681.27
681.27
681.27
681.27
681.27
681.27
681.27
681.27
681.27
681.27
681.27
681.27
681.27
681.27
681.27
681.27
681.27
681.27
681.27
681.27
681.27
681.27
681.27
681.27
681.27
681.493
681.493
681.493
681.493
681.493
681.493
681.493
681.493
681.493
681.493
681.493
681.493
681.492
681.492
681.492
681.492
681.492
681.492
681.492
681.492
681.492
681.492
681.492
681.492
681.492
681.492
681.492
681.492
681.492
681.491
681.491
681.491
681.491
681.491
681.491
681.491
681.491
681.491
681.491
681.49
681.49
681.49
681.49
681.49
681.49
681.49
681.489
681.489
681.489
681.489
681.489
681.489
681.488
681.488
681.488
681.488
681.488
681.488
681.487
681.487
681.487
681.487
681.487
681.487
681.486
681.486
681.486
681.486
681.486
681.486
681.486
681.486
681.487
681.487
681.487
681.488
681.489
681.49
681.491
681.492
681.493
681.495
681.497
681.499
681.501
681.504
681.506
681.509
681.512
681.515
681.518
681.52
681.523
681.526
681.528
681.53
681.532
681.533
681.534
681.534
681.534
681.534
681.533
681.532
681.53
681.528
681.525
681.523
681.52
681.517
681.515
681.512
681.509
681.506
681.503
681.501
681.499
681.497
681.495
681.493
681.492
681.49
681.489
681.488
681.488
681.487
681.486
681.486
681.486
681.486
681.486
681.485
681.485
681.486
681.486
681.486
681.486
681.486
681.486
681.486
681.486
681.487
681.487
681.487
681.487
681.487
681.487
681.488
681.488
681.488
681.488
681.488
681.488
681.489
681.489
681.489
681.489
681.489
681.489
681.489
681.489
681.49
681.49
681.49
681.49
681.49
681.49
681.49
681.49
681.49
681.49
681.49
681.491
681.491
681.491
681.491
681.491
681.491
681.491
681.491
681.491
681.491
681.491
681.491
681.491
681.491
681.491
681.491
681.491
681.491
681.491
681.491
681.491
681.491
681.491
681.492
681.492
681.492
681.492
681.492
681.739
681.739
681.739
681.739
681.739
681.739
681.739
681.739
681.739
681.739
681.739
681.739
681.739
681.739
681.739
681.739
681.739
681.739
681.738
681.738
681.738
681.738
681.738
681.738
681.738
681.738
681.738
681.738
681.738
681.738
681.737
681.737
681.737
681.737
681.737
681.737
681.737
681.737
681.736
681.736
681.736
681.736
681.736
681.736
681.736
681.735
681.735
681.735
681.735
681.735
681.734
681.734
681.734
681.734
681.734
681.733
681.733
681.733
681.733
681.733
681.732
681.732
681.732
681.732
681.732
681.732
681.731
681.731
681.731
681.731
681.731
681.732
681.732
681.732
681.733
681.734
681.734
681.735
681.737
681.738
681.74
681.741
681.743
681.746
681.748
681.751
681.754
681.757
681.76
681.763
681.766
681.769
681.772
681.774
681.777
681.779
681.781
681.782
681.783
681.784
681.784
681.783
681.782
681.781
681.779
681.777
681.774
681.772
681.769
681.766
681.763
681.759
681.756
681.753
681.751
681.748
681.745
681.743
681.741
681.739
681.737
681.736
681.735
681.734
681.733
681.732
681.732
681.731
681.731
681.731
681.731
681.731
681.731
681.731
681.731
681.731
681.731
681.731
681.731
681.732
681.732
681.732
681.732
681.732
681.733
681.733
681.733
681.733
681.733
681.734
681.734
681.734
681.734
681.734
681.734
681.735
681.735
681.735
681.735
681.735
681.735
681.735
681.735
681.736
681.736
681.736
681.736
681.736
681.736
681.736
681.736
681.736
681.737
681.737
681.737
681.737
681.737
681.737
681.737
681.737
681.737
681.737
681.737
681.737
681.737
681.737
681.737
681.737
681.737
681.738
681.738
681.738
681.738
681.738
681.738
681.738
681.738
681.738
681.738
681.738
682.001
682.001
682.001
682.001
682.001
682.001
682.001
682.001
682.001
682.001
682.001
682.001
682.001
682.001
682.001
682.001
682.001
682
682
682
682
682
682
682
682
682
682
682
681.999
681.999
681.999
681.999
681.999
681.999
681.999
681.999
681.998
681.998
681.998
681.998
681.998
681.998
681.997
681.997
681.997
681.997
681.997
681.997
681.996
681.996
681.996
681.996
681.995
681.995
681.995
681.995
681.995
681.994
681.994
681.994
681.994
681.993
681.993
681.993
681.993
681.993
681.993
681.992
681.992
681.992
681.993
681.993
681.993
681.994
681.994
681.995
681.996
681.997
681.998
682
682.001
682.003
682.005
682.008
682.01
682.013
682.016
682.019
682.022
682.026
682.029
682.032
682.035
682.038
682.04
682.042
682.044
682.046
682.047
682.047
682.047
682.047
682.046
682.044
682.042
682.04
682.037
682.035
682.032
682.028
682.025
682.022
682.019
682.016
682.013
682.01
682.007
682.005
682.003
682.001
681.999
681.998
681.996
681.995
681.994
681.993
681.993
681.992
681.992
681.992
681.992
681.992
681.992
681.992
681.992
681.992
681.992
681.992
681.992
681.993
681.993
681.993
681.993
681.994
681.994
681.994
681.994
681.994
681.995
681.995
681.995
681.995
681.995
681.996
681.996
681.996
681.996
681.996
681.996
681.997
681.997
681.997
681.997
681.997
681.997
681.997
681.998
681.998
681.998
681.998
681.998
681.998
681.998
681.998
681.998
681.999
681.999
681.999
681.999
681.999
681.999
681.999
681.999
681.999
681.999
681.999
681.999
681.999
681.999
681.999
681.999
681.999
681.999
681.999
681.999
682
682
682
682
682
682.267
682.267
682.267
682.267
682.267
682.267
682.267
682.267
682.266
682.266
682.266
682.266
682.266
682.266
682.266
682.266
682.266
682.266
682.266
682.266
682.266
682.266
682.266
682.265
682.265
682.265
682.265
682.265
682.265
682.265
682.265
682.265
682.264
682.264
682.264
682.264
682.264
682.264
682.264
682.263
682.263
682.263
682.263
682.263
682.262
682.262
682.262
682.262
682.262
682.261
682.261
682.261
682.261
682.26
682.26
682.26
682.26
682.259
682.259
682.259
682.259
682.258
682.258
682.258
682.258
682.258
682.257
682.257
682.257
682.257
682.258
682.258
682.258
682.259
682.259
682.26
682.261
682.262
682.263
682.265
682.267
682.269
682.271
682.273
682.276
682.279
682.282
682.285
682.288
682.291
682.294
682.297
682.3
682.303
682.306
682.309
682.311
682.313
682.314
682.315
682.315
682.314
682.313
682.311
682.309
682.306
682.303
682.3
682.297
682.294
682.291
682.288
682.285
682.281
682.279
682.276
682.273
682.271
682.268
682.266
682.264
682.263
682.261
682.26
682.259
682.259
682.258
682.257
682.257
682.257
682.257
682.257
682.257
682.257
682.257
682.257
682.257
682.257
682.257
682.258
682.258
682.258
682.258
682.259
682.259
682.259
682.259
682.259
682.26
682.26
682.26
682.26
682.261
682.261
682.261
682.261
682.261
682.262
682.262
682.262
682.262
682.262
682.262
682.262
682.263
682.263
682.263
682.263
682.263
682.263
682.263
682.263
682.264
682.264
682.264
682.264
682.264
682.264
682.264
682.264
682.264
682.264
682.264
682.265
682.265
682.265
682.265
682.265
682.265
682.265
682.265
682.265
682.265
682.265
682.265
682.265
682.265
682.265
682.265
682.265
682.523
682.523
682.523
682.523
682.523
682.523
682.523
682.523
682.523
682.523
682.523
682.523
682.523
682.523
682.522
682.522
682.522
682.522
682.522
682.522
682.522
682.522
682.522
682.522
682.522
682.522
682.521
682.521
682.521
682.521
682.521
682.521
682.521
682.52
682.52
682.52
682.52
682.52
682.52
682.519
682.519
682.519
682.519
682.519
682.518
682.518
682.518
682.518
682.518
682.517
682.517
682.517
682.517
682.516
682.516
682.516
682.516
682.515
682.515
682.515
682.514
682.514
682.514
682.514
682.514
682.513
682.513
682.513
682.513
682.513
682.513
682.514
682.514
682.515
682.515
682.516
682.517
682.518
682.52
682.521
682.523
682.525
682.527
682.53
682.532
682.535
682.538
682.541
682.544
682.547
682.55
682.554
682.557
682.561
682.564
682.568
682.571
682.574
682.576
682.577
682.577
682.576
682.574
682.571
682.568
682.564
682.561
682.557
682.554
682.55
682.547
682.544
682.541
682.538
682.535
682.532
682.529
682.527
682.524
682.522
682.521
682.519
682.518
682.516
682.515
682.515
682.514
682.513
682.513
682.513
682.513
682.512
682.512
682.512
682.513
682.513
682.513
682.513
682.513
682.513
682.514
682.514
682.514
682.514
682.515
682.515
682.515
682.515
682.516
682.516
682.516
682.516
682.517
682.517
682.517
682.517
682.517
682.518
682.518
682.518
682.518
682.518
682.518
682.519
682.519
682.519
682.519
682.519
682.519
682.519
682.52
682.52
682.52
682.52
682.52
682.52
682.52
682.52
682.52
682.52
682.521
682.521
682.521
682.521
682.521
682.521
682.521
682.521
682.521
682.521
682.521
682.521
682.521
682.521
682.521
682.521
682.521
682.521
682.521
682.521
682.758
682.758
682.758
682.758
682.758
682.758
682.758
682.758
682.758
682.758
682.758
682.758
682.758
682.758
682.757
682.757
682.757
682.757
682.757
682.757
682.757
682.757
682.757
682.757
682.757
682.756
682.756
682.756
682.756
682.756
682.756
682.756
682.756
682.755
682.755
682.755
682.755
682.755
682.755
682.754
682.754
682.754
682.754
682.754
682.753
682.753
682.753
682.753
682.752
682.752
682.752
682.752
682.751
682.751
682.751
682.751
682.75
682.75
682.75
682.75
682.749
682.749
682.749
682.749
682.748
682.748
682.748
682.748
682.748
682.748
682.748
682.749
682.749
682.75
682.75
682.751
682.752
682.753
682.755
682.756
682.758
682.76
682.762
682.765
682.767
682.77
682.773
682.776
682.779
682.783
682.787
682.791
682.796
682.802
682.807
682.813
682.819
682.824
682.828
682.83
682.83
682.828
682.824
682.819
682.813
682.807
682.801
682.796
682.791
682.786
682.782
682.779
682.775
682.772
682.769
682.767
682.764
682.762
682.759
682.757
682.756
682.754
682.753
682.751
682.75
682.749
682.749
682.748
682.748
682.748
682.747
682.747
682.747
682.747
682.747
682.748
682.748
682.748
682.748
682.748
682.749
682.749
682.749
682.749
682.75
682.75
682.75
682.75
682.751
682.751
682.751
682.751
682.751
682.752
682.752
682.752
682.752
682.752
682.753
682.753
682.753
682.753
682.753
682.754
682.754
682.754
682.754
682.754
682.754
682.754
682.754
682.755
682.755
682.755
682.755
682.755
682.755
682.755
682.755
682.755
682.755
682.756
682.756
682.756
682.756
682.756
682.756
682.756
682.756
682.756
682.756
682.756
682.756
682.756
682.756
682.756
682.756
682.756
682.756
682.756
682.961
682.961
682.961
682.961
682.961
682.961
682.961
682.961
682.96
682.96
682.96
682.96
682.96
682.96
682.96
682.96
682.96
682.96
682.96
682.96
682.96
682.96
682.96
682.959
682.959
682.959
682.959
682.959
682.959
682.959
682.959
682.958
682.958
682.958
682.958
682.958
682.958
682.957
682.957
682.957
682.957
682.957
682.957
682.956
682.956
682.956
682.956
682.955
682.955
682.955
682.955
682.954
682.954
682.954
682.954
682.953
682.953
682.953
682.953
682.952
682.952
682.952
682.952
682.951
682.951
682.951
682.951
682.951
682.951
682.951
682.951
682.951
682.952
682.952
682.953
682.954
682.955
682.956
682.957
682.959
682.961
682.963
682.965
682.967
682.97
682.973
682.976
682.979
682.983
682.988
682.994
683.002
683.011
683.021
683.032
683.044
683.056
683.066
683.074
683.078
683.078
683.074
683.066
683.056
683.044
683.032
683.021
683.01
683.002
682.994
682.988
682.983
682.979
682.975
682.972
682.97
682.967
682.965
682.962
682.96
682.958
682.957
682.955
682.954
682.953
682.952
682.952
682.951
682.951
682.95
682.95
682.95
682.95
682.95
682.95
682.95
682.95
682.951
682.951
682.951
682.951
682.952
682.952
682.952
682.952
682.953
682.953
682.953
682.953
682.954
682.954
682.954
682.954
682.954
682.955
682.955
682.955
682.955
682.955
682.956
682.956
682.956
682.956
682.956
682.956
682.957
682.957
682.957
682.957
682.957
682.957
682.957
682.957
682.958
682.958
682.958
682.958
682.958
682.958
682.958
682.958
682.958
682.958
682.958
682.959
682.959
682.959
682.959
682.959
682.959
682.959
682.959
682.959
682.959
682.959
682.959
682.959
682.959
682.959
682.959
683.119
683.119
683.119
683.119
683.119
683.119
683.119
683.119
683.119
683.119
683.119
683.119
683.119
683.119
683.119
683.119
683.119
683.119
683.119
683.119
683.118
683.118
683.118
683.118
683.118
683.118
683.118
683.118
683.118
683.117
683.117
683.117
683.117
683.117
683.117
683.117
683.116
683.116
683.116
683.116
683.116
683.116
683.115
683.115
683.115
683.115
683.114
683.114
683.114
683.114
683.114
683.113
683.113
683.113
683.112
683.112
683.112
683.112
683.111
683.111
683.111
683.111
683.11
683.11
683.11
683.11
683.11
683.11
683.11
683.11
683.11
683.11
683.111
683.111
683.112
683.113
683.114
683.115
683.116
683.118
683.12
683.122
683.124
683.126
683.129
683.132
683.136
683.141
683.147
683.156
683.166
683.18
683.198
683.218
683.242
683.267
683.291
683.313
683.329
683.337
683.337
683.329
683.313
683.291
683.267
683.242
683.218
683.198
683.18
683.166
683.155
683.147
683.141
683.136
683.132
683.129
683.126
683.124
683.121
683.119
683.117
683.116
683.114
683.113
683.112
683.111
683.111
683.11
683.11
683.109
683.109
683.109
683.109
683.109
683.109
683.109
683.109
683.11
683.11
683.11
683.11
683.11
683.111
683.111
683.111
683.111
683.112
683.112
683.112
683.112
683.113
683.113
683.113
683.113
683.113
683.114
683.114
683.114
683.114
683.114
683.115
683.115
683.115
683.115
683.115
683.115
683.116
683.116
683.116
683.116
683.116
683.116
683.116
683.116
683.117
683.117
683.117
683.117
683.117
683.117
683.117
683.117
683.117
683.117
683.117
683.117
683.117
683.117
683.118
683.118
683.118
683.118
683.118
683.118
683.118
683.118
683.118
683.118
683.118
683.118
683.218
683.218
683.218
683.218
683.218
683.218
683.218
683.218
683.218
683.218
683.218
683.218
683.218
683.218
683.218
683.218
683.218
683.217
683.217
683.217
683.217
683.217
683.217
683.217
683.217
683.217
683.217
683.216
683.216
683.216
683.216
683.216
683.216
683.216
683.216
683.215
683.215
683.215
683.215
683.215
683.215
683.214
683.214
683.214
683.214
683.213
683.213
683.213
683.213
683.213
683.212
683.212
683.212
683.212
683.211
683.211
683.211
683.211
683.21
683.21
683.21
683.21
683.209
683.209
683.209
683.209
683.209
683.209
683.209
683.209
683.209
683.209
683.21
683.21
683.211
683.212
683.213
683.214
683.215
683.217
683.219
683.221
683.223
683.226
683.229
683.234
683.239
683.247
683.258
683.273
683.293
683.32
683.355
683.396
683.444
683.494
683.544
683.587
683.62
683.637
683.637
683.62
683.587
683.544
683.495
683.444
683.397
683.355
683.32
683.293
683.273
683.258
683.247
683.239
683.233
683.229
683.226
683.223
683.22
683.218
683.216
683.215
683.213
683.212
683.211
683.21
683.21
683.209
683.209
683.208
683.208
683.208
683.208
683.208
683.208
683.208
683.208
683.208
683.209
683.209
683.209
683.209
683.21
683.21
683.21
683.21
683.211
683.211
683.211
683.211
683.211
683.212
683.212
683.212
683.212
683.213
683.213
683.213
683.213
683.213
683.213
683.214
683.214
683.214
683.214
683.214
683.214
683.214
683.215
683.215
683.215
683.215
683.215
683.215
683.215
683.215
683.216
683.216
683.216
683.216
683.216
683.216
683.216
683.216
683.216
683.216
683.216
683.216
683.216
683.216
683.216
683.216
683.216
683.216
683.217
683.217
683.217
683.217
683.217
683.217
683.236
683.236
683.236
683.236
683.236
683.236
683.236
683.236
683.236
683.236
683.236
683.236
683.235
683.235
683.235
683.235
683.235
683.235
683.235
683.235
683.235
683.235
683.235
683.235
683.235
683.234
683.234
683.234
683.234
683.234
683.234
683.234
683.234
683.233
683.233
683.233
683.233
683.233
683.233
683.232
683.232
683.232
683.232
683.232
683.232
683.231
683.231
683.231
683.231
683.23
683.23
683.23
683.23
683.229
683.229
683.229
683.229
683.228
683.228
683.228
683.228
683.227
683.227
683.227
683.227
683.227
683.227
683.227
683.227
683.227
683.227
683.227
683.228
683.228
683.229
683.23
683.231
683.232
683.233
683.235
683.237
683.239
683.242
683.245
683.25
683.256
683.264
683.277
683.296
683.323
683.361
683.413
683.48
683.56
683.651
683.749
683.844
683.928
683.991
684.024
684.025
683.991
683.929
683.845
683.749
683.652
683.56
683.48
683.414
683.362
683.323
683.296
683.277
683.264
683.255
683.249
683.245
683.241
683.239
683.236
683.234
683.233
683.231
683.23
683.229
683.228
683.228
683.227
683.227
683.226
683.226
683.226
683.226
683.226
683.226
683.226
683.226
683.226
683.227
683.227
683.227
683.227
683.228
683.228
683.228
683.228
683.228
683.229
683.229
683.229
683.229
683.23
683.23
683.23
683.23
683.23
683.231
683.231
683.231
683.231
683.231
683.231
683.232
683.232
683.232
683.232
683.232
683.232
683.232
683.233
683.233
683.233
683.233
683.233
683.233
683.233
683.233
683.233
683.234
683.234
683.234
683.234
683.234
683.234
683.234
683.234
683.234
683.234
683.234
683.234
683.234
683.234
683.234
683.234
683.234
683.234
683.234
683.234
683.234
683.234
683.137
683.137
683.137
683.137
683.137
683.137
683.137
683.137
683.137
683.137
683.137
683.137
683.136
683.136
683.136
683.136
683.136
683.136
683.136
683.136
683.136
683.136
683.136
683.136
683.136
683.135
683.135
683.135
683.135
683.135
683.135
683.135
683.135
683.135
683.134
683.134
683.134
683.134
683.134
683.134
683.133
683.133
683.133
683.133
683.133
683.132
683.132
683.132
683.132
683.132
683.131
683.131
683.131
683.131
683.13
683.13
683.13
683.13
683.129
683.129
683.129
683.129
683.128
683.128
683.128
683.128
683.128
683.128
683.128
683.128
683.128
683.128
683.129
683.129
683.13
683.131
683.132
683.133
683.134
683.136
683.138
683.141
683.144
683.149
683.155
683.164
683.179
683.201
683.234
683.283
683.352
683.446
683.567
683.714
683.882
684.061
684.237
684.392
684.508
684.57
684.57
684.508
684.393
684.238
684.063
683.883
683.715
683.568
683.446
683.353
683.283
683.234
683.201
683.179
683.164
683.155
683.148
683.144
683.141
683.138
683.136
683.134
683.133
683.131
683.13
683.129
683.129
683.128
683.128
683.128
683.127
683.127
683.127
683.127
683.127
683.127
683.128
683.128
683.128
683.128
683.128
683.129
683.129
683.129
683.129
683.129
683.13
683.13
683.13
683.13
683.131
683.131
683.131
683.131
683.131
683.132
683.132
683.132
683.132
683.132
683.133
683.133
683.133
683.133
683.133
683.133
683.133
683.134
683.134
683.134
683.134
683.134
683.134
683.134
683.134
683.134
683.134
683.135
683.135
683.135
683.135
683.135
683.135
683.135
683.135
683.135
683.135
683.135
683.135
683.135
683.135
683.135
683.135
683.135
683.135
683.135
683.135
683.135
683.135
683.135
682.869
682.869
682.869
682.869
682.869
682.869
682.869
682.869
682.869
682.869
682.869
682.869
682.869
682.869
682.869
682.869
682.868
682.868
682.868
682.868
682.868
682.868
682.868
682.868
682.868
682.868
682.868
682.868
682.867
682.867
682.867
682.867
682.867
682.867
682.867
682.867
682.866
682.866
682.866
682.866
682.866
682.866
682.865
682.865
682.865
682.865
682.865
682.864
682.864
682.864
682.864
682.864
682.863
682.863
682.863
682.863
682.862
682.862
682.862
682.862
682.861
682.861
682.861
682.861
682.861
682.861
682.86
682.86
682.86
682.86
682.861
682.861
682.861
682.862
682.862
682.863
682.864
682.865
682.867
682.869
682.871
682.874
682.878
682.884
682.894
682.909
682.932
682.969
683.027
683.111
683.231
683.394
683.605
683.862
684.157
684.472
684.781
685.053
685.257
685.367
685.367
685.258
685.055
684.783
684.474
684.159
683.864
683.606
683.396
683.232
683.112
683.027
682.97
682.932
682.909
682.894
682.884
682.878
682.874
682.871
682.868
682.867
682.865
682.864
682.863
682.862
682.861
682.861
682.86
682.86
682.86
682.86
682.86
682.86
682.86
682.86
682.86
682.86
682.861
682.861
682.861
682.861
682.861
682.862
682.862
682.862
682.862
682.863
682.863
682.863
682.863
682.863
682.864
682.864
682.864
682.864
682.864
682.865
682.865
682.865
682.865
682.865
682.865
682.865
682.866
682.866
682.866
682.866
682.866
682.866
682.866
682.866
682.867
682.867
682.867
682.867
682.867
682.867
682.867
682.867
682.867
682.867
682.867
682.867
682.867
682.867
682.868
682.868
682.868
682.868
682.868
682.868
682.868
682.868
682.868
682.868
682.868
682.868
682.868
682.868
682.363
682.363
682.363
682.363
682.363
682.363
682.363
682.363
682.363
682.363
682.363
682.362
682.362
682.362
682.362
682.362
682.362
682.362
682.362
682.362
682.362
682.362
682.362
682.362
682.362
682.362
682.361
682.361
682.361
682.361
682.361
682.361
682.361
682.361
682.361
682.36
682.36
682.36
682.36
682.36
682.36
682.36
682.359
682.359
682.359
682.359
682.359
682.358
682.358
682.358
682.358
682.358
682.357
682.357
682.357
682.357
682.356
682.356
682.356
682.356
682.355
682.355
682.355
682.355
682.355
682.355
682.354
682.354
682.354
682.354
682.355
682.355
682.355
682.356
682.356
682.357
682.358
682.359
682.361
682.363
682.365
682.369
682.374
682.383
682.397
682.42
682.458
682.519
682.613
682.752
682.951
683.223
683.574
684.003
684.496
685.025
685.544
686.003
686.347
686.531
686.532
686.349
686.006
685.549
685.029
684.501
684.007
683.577
683.225
682.953
682.753
682.613
682.519
682.459
682.42
682.397
682.383
682.374
682.369
682.365
682.362
682.36
682.359
682.358
682.357
682.356
682.355
682.355
682.354
682.354
682.354
682.354
682.354
682.354
682.354
682.354
682.354
682.354
682.355
682.355
682.355
682.355
682.356
682.356
682.356
682.356
682.356
682.357
682.357
682.357
682.357
682.358
682.358
682.358
682.358
682.358
682.358
682.359
682.359
682.359
682.359
682.359
682.359
682.359
682.36
682.36
682.36
682.36
682.36
682.36
682.36
682.36
682.361
682.361
682.361
682.361
682.361
682.361
682.361
682.361
682.361
682.361
682.361
682.361
682.361
682.361
682.361
682.362
682.362
682.362
682.362
682.362
682.362
682.362
682.362
682.362
682.362
682.362
682.362
682.362
681.53
681.53
681.53
681.53
681.53
681.53
681.53
681.53
681.53
681.53
681.53
681.53
681.53
681.53
681.53
681.53
681.53
681.529
681.529
681.529
681.529
681.529
681.529
681.529
681.529
681.529
681.529
681.529
681.529
681.529
681.528
681.528
681.528
681.528
681.528
681.528
681.528
681.528
681.527
681.527
681.527
681.527
681.527
681.527
681.527
681.526
681.526
681.526
681.526
681.526
681.525
681.525
681.525
681.525
681.525
681.524
681.524
681.524
681.524
681.523
681.523
681.523
681.523
681.522
681.522
681.522
681.522
681.522
681.522
681.522
681.522
681.522
681.522
681.523
681.523
681.524
681.525
681.526
681.528
681.53
681.533
681.537
681.545
681.557
681.578
681.613
681.671
681.766
681.913
682.133
682.449
682.879
683.438
684.123
684.912
685.759
686.595
687.335
687.89
688.19
688.191
687.895
687.341
686.603
685.767
684.92
684.129
683.444
682.884
682.452
682.136
681.914
681.767
681.672
681.613
681.578
681.557
681.545
681.537
681.533
681.53
681.527
681.526
681.525
681.524
681.523
681.522
681.522
681.522
681.522
681.522
681.522
681.522
681.522
681.522
681.522
681.522
681.522
681.522
681.523
681.523
681.523
681.523
681.524
681.524
681.524
681.524
681.524
681.525
681.525
681.525
681.525
681.525
681.526
681.526
681.526
681.526
681.526
681.526
681.527
681.527
681.527
681.527
681.527
681.527
681.527
681.527
681.528
681.528
681.528
681.528
681.528
681.528
681.528
681.528
681.528
681.528
681.528
681.529
681.529
681.529
681.529
681.529
681.529
681.529
681.529
681.529
681.529
681.529
681.529
681.529
681.529
681.529
681.529
681.529
681.529
681.529
681.529
681.529
681.529
680.269
680.269
680.269
680.269
680.269
680.269
680.269
680.269
680.269
680.269
680.269
680.269
680.269
680.269
680.269
680.269
680.269
680.269
680.269
680.269
680.269
680.269
680.269
680.268
680.268
680.268
680.268
680.268
680.268
680.268
680.268
680.268
680.268
680.268
680.267
680.267
680.267
680.267
680.267
680.267
680.267
680.267
680.266
680.266
680.266
680.266
680.266
680.266
680.265
680.265
680.265
680.265
680.265
680.264
680.264
680.264
680.264
680.264
680.263
680.263
680.263
680.263
680.262
680.262
680.262
680.262
680.261
680.261
680.261
680.261
680.261
680.261
680.261
680.262
680.262
680.263
680.263
680.264
680.266
680.268
680.271
680.277
680.287
680.304
680.334
680.385
680.472
680.613
680.833
681.165
681.641
682.294
683.142
684.185
685.393
686.694
687.983
689.126
689.988
690.453
690.456
689.996
689.138
687.997
686.709
685.407
684.197
683.152
682.301
681.647
681.169
680.836
680.614
680.473
680.386
680.334
680.304
680.287
680.277
680.271
680.268
680.266
680.264
680.263
680.262
680.262
680.261
680.261
680.261
680.261
680.261
680.261
680.261
680.261
680.261
680.262
680.262
680.262
680.262
680.263
680.263
680.263
680.263
680.263
680.264
680.264
680.264
680.264
680.265
680.265
680.265
680.265
680.265
680.265
680.266
680.266
680.266
680.266
680.266
680.266
680.267
680.267
680.267
680.267
680.267
680.267
680.267
680.267
680.267
680.267
680.268
680.268
680.268
680.268
680.268
680.268
680.268
680.268
680.268
680.268
680.268
680.268
680.268
680.268
680.268
680.268
680.269
680.269
680.269
680.269
680.269
680.269
680.269
680.269
680.269
680.269
680.269
680.269
680.269
680.269
678.475
678.475
678.475
678.475
678.475
678.475
678.475
678.475
678.475
678.475
678.475
678.475
678.475
678.475
678.475
678.475
678.475
678.475
678.475
678.475
678.475
678.475
678.475
678.475
678.475
678.475
678.475
678.475
678.475
678.474
678.474
678.474
678.474
678.474
678.474
678.474
678.474
678.474
678.474
678.473
678.473
678.473
678.473
678.473
678.473
678.473
678.472
678.472
678.472
678.472
678.472
678.472
678.471
678.471
678.471
678.471
678.47
678.47
678.47
678.47
678.469
678.469
678.469
678.468
678.468
678.468
678.468
678.467
678.467
678.467
678.467
678.467
678.467
678.467
678.467
678.467
678.467
678.468
678.47
678.472
678.475
678.482
678.495
678.517
678.558
678.63
678.753
678.954
679.269
679.745
680.432
681.375
682.606
684.126
685.893
687.806
689.709
691.406
692.689
693.384
693.389
692.703
691.426
689.733
687.831
685.916
684.146
682.622
681.387
680.44
679.751
679.273
678.956
678.754
678.631
678.559
678.518
678.495
678.482
678.475
678.472
678.47
678.468
678.467
678.467
678.467
678.467
678.467
678.467
678.467
678.467
678.467
678.467
678.468
678.468
678.468
678.468
678.469
678.469
678.469
678.47
678.47
678.47
678.47
678.471
678.471
678.471
678.471
678.471
678.472
678.472
678.472
678.472
678.472
678.473
678.473
678.473
678.473
678.473
678.473
678.473
678.473
678.474
678.474
678.474
678.474
678.474
678.474
678.474
678.474
678.474
678.474
678.474
678.475
678.475
678.475
678.475
678.475
678.475
678.475
678.475
678.475
678.475
678.475
678.475
678.475
678.475
678.475
678.475
678.475
678.475
678.475
678.475
678.475
678.475
678.475
678.475
678.475
678.475
678.475
676.056
676.056
676.056
676.056
676.056
676.056
676.056
676.056
676.056
676.056
676.056
676.056
676.056
676.056
676.056
676.056
676.055
676.055
676.055
676.055
676.055
676.055
676.055
676.055
676.055
676.055
676.055
676.055
676.055
676.055
676.055
676.055
676.055
676.055
676.055
676.054
676.054
676.054
676.054
676.054
676.054
676.054
676.054
676.054
676.053
676.053
676.053
676.053
676.053
676.053
676.052
676.052
676.052
676.052
676.051
676.051
676.051
676.05
676.05
676.05
676.049
676.049
676.049
676.048
676.048
676.047
676.047
676.047
676.046
676.046
676.045
676.045
676.044
676.044
676.044
676.044
676.044
676.044
676.044
676.046
676.05
676.058
676.073
676.102
676.156
676.252
676.417
676.689
677.12
677.771
678.713
680.014
681.719
683.835
686.307
689.001
691.697
694.114
695.951
696.949
696.957
695.975
694.149
691.737
689.042
686.345
683.867
681.744
680.033
678.727
677.78
677.126
676.693
676.42
676.254
676.157
676.103
676.073
676.058
676.05
676.046
676.045
676.044
676.044
676.044
676.044
676.044
676.045
676.045
676.045
676.046
676.046
676.047
676.047
676.048
676.048
676.048
676.049
676.049
676.05
676.05
676.05
676.051
676.051
676.051
676.052
676.052
676.052
676.052
676.052
676.053
676.053
676.053
676.053
676.053
676.054
676.054
676.054
676.054
676.054
676.054
676.054
676.054
676.055
676.055
676.055
676.055
676.055
676.055
676.055
676.055
676.055
676.055
676.055
676.055
676.055
676.055
676.056
676.056
676.056
676.056
676.056
676.056
676.056
676.056
676.056
676.056
676.056
676.056
676.056
676.056
676.056
676.056
676.056
676.056
676.056
676.056
676.056
676.056
676.056
672.948
672.948
672.948
672.948
672.948
672.948
672.948
672.948
672.948
672.948
672.948
672.948
672.948
672.948
672.948
672.948
672.948
672.948
672.948
672.948
672.948
672.948
672.948
672.948
672.948
672.948
672.948
672.948
672.948
672.948
672.947
672.947
672.947
672.947
672.947
672.947
672.947
672.947
672.947
672.947
672.947
672.946
672.946
672.946
672.946
672.946
672.946
672.945
672.945
672.945
672.945
672.944
672.944
672.944
672.944
672.943
672.943
672.942
672.942
672.941
672.941
672.94
672.94
672.939
672.939
672.938
672.937
672.937
672.936
672.935
672.934
672.933
672.932
672.931
672.93
672.929
672.928
672.927
672.927
672.928
672.931
672.94
672.957
672.993
673.06
673.182
673.393
673.744
674.302
675.15
676.382
678.091
680.344
683.157
686.464
690.097
693.76
697.069
699.601
700.983
700.997
699.64
697.126
693.826
690.163
686.524
683.207
680.384
678.121
676.403
675.164
674.311
673.75
673.397
673.184
673.061
672.994
672.958
672.94
672.932
672.928
672.927
672.928
672.928
672.929
672.93
672.931
672.932
672.933
672.934
672.935
672.936
672.937
672.938
672.938
672.939
672.94
672.94
672.941
672.941
672.942
672.942
672.943
672.943
672.944
672.944
672.944
672.945
672.945
672.945
672.945
672.946
672.946
672.946
672.946
672.946
672.947
672.947
672.947
672.947
672.947
672.947
672.947
672.948
672.948
672.948
672.948
672.948
672.948
672.948
672.948
672.948
672.948
672.948
672.948
672.948
672.948
672.948
672.948
672.948
672.949
672.949
672.949
672.949
672.949
672.949
672.949
672.949
672.949
672.949
672.949
672.949
672.949
672.949
672.949
672.949
672.949
672.949
672.949
672.949
669.141
669.141
669.141
669.141
669.141
669.141
669.141
669.141
669.141
669.141
669.141
669.141
669.141
669.141
669.141
669.141
669.141
669.141
669.141
669.141
669.141
669.141
669.141
669.141
669.141
669.141
669.141
669.141
669.141
669.141
669.141
669.141
669.14
669.14
669.14
669.14
669.14
669.14
669.14
669.14
669.14
669.139
669.139
669.139
669.139
669.139
669.138
669.138
669.138
669.138
669.137
669.137
669.136
669.136
669.136
669.135
669.135
669.134
669.133
669.133
669.132
669.131
669.13
669.129
669.128
669.127
669.126
669.125
669.123
669.122
669.12
669.119
669.117
669.115
669.113
669.11
669.108
669.106
669.104
669.103
669.105
669.113
669.132
669.172
669.251
669.398
669.654
670.083
670.769
671.818
673.351
675.489
678.326
681.893
686.123
690.805
695.589
699.951
703.317
705.168
705.191
703.381
700.044
695.694
690.91
686.216
681.97
678.385
675.533
673.383
671.839
670.783
670.092
669.659
669.401
669.253
669.173
669.132
669.113
669.105
669.103
669.104
669.106
669.108
669.111
669.113
669.115
669.117
669.119
669.121
669.122
669.124
669.125
669.127
669.128
669.129
669.13
669.131
669.132
669.133
669.133
669.134
669.135
669.135
669.136
669.136
669.137
669.137
669.138
669.138
669.138
669.139
669.139
669.139
669.139
669.14
669.14
669.14
669.14
669.14
669.141
669.141
669.141
669.141
669.141
669.141
669.141
669.141
669.142
669.142
669.142
669.142
669.142
669.142
669.142
669.142
669.142
669.142
669.142
669.142
669.142
669.142
669.142
669.142
669.142
669.142
669.142
669.142
669.142
669.142
669.142
669.142
669.142
669.142
669.142
669.142
669.142
669.142
669.142
669.142
664.688
664.688
664.688
664.688
664.688
664.688
664.688
664.688
664.688
664.688
664.688
664.688
664.688
664.688
664.688
664.688
664.688
664.688
664.688
664.688
664.688
664.688
664.688
664.688
664.688
664.688
664.688
664.688
664.688
664.688
664.688
664.687
664.687
664.687
664.687
664.687
664.687
664.687
664.687
664.686
664.686
664.686
664.686
664.685
664.685
664.685
664.684
664.684
664.684
664.683
664.683
664.682
664.682
664.681
664.68
664.68
664.679
664.678
664.677
664.676
664.675
664.674
664.672
664.671
664.669
664.668
664.666
664.664
664.661
664.659
664.656
664.653
664.65
664.647
664.643
664.639
664.634
664.63
664.625
664.622
664.621
664.626
664.644
664.687
664.774
664.939
665.233
665.729
666.529
667.759
669.569
672.11
675.508
679.821
684.99
690.784
696.764
702.315
706.654
709.065
709.104
706.759
702.465
696.931
690.943
685.13
679.935
675.595
672.174
669.614
667.789
666.548
665.741
665.24
664.944
664.777
664.688
664.645
664.627
664.621
664.622
664.626
664.63
664.635
664.639
664.644
664.647
664.651
664.654
664.657
664.66
664.662
664.664
664.666
664.668
664.67
664.672
664.673
664.675
664.676
664.677
664.678
664.679
664.68
664.681
664.681
664.682
664.683
664.683
664.684
664.684
664.685
664.685
664.686
664.686
664.686
664.687
664.687
664.687
664.687
664.688
664.688
664.688
664.688
664.688
664.689
664.689
664.689
664.689
664.689
664.689
664.689
664.689
664.689
664.689
664.689
664.689
664.69
664.69
664.69
664.69
664.69
664.69
664.69
664.69
664.69
664.69
664.69
664.69
664.69
664.69
664.69
664.69
664.69
664.69
664.69
664.69
664.69
664.69
664.69
659.713
659.713
659.713
659.713
659.713
659.713
659.713
659.713
659.713
659.713
659.713
659.713
659.713
659.713
659.713
659.713
659.713
659.713
659.713
659.713
659.713
659.713
659.712
659.712
659.712
659.712
659.712
659.712
659.712
659.712
659.712
659.712
659.712
659.711
659.711
659.711
659.711
659.71
659.71
659.71
659.71
659.709
659.709
659.708
659.708
659.708
659.707
659.706
659.706
659.705
659.704
659.704
659.703
659.702
659.701
659.7
659.698
659.697
659.696
659.694
659.692
659.691
659.688
659.686
659.684
659.681
659.678
659.675
659.672
659.668
659.664
659.659
659.654
659.649
659.642
659.635
659.628
659.62
659.611
659.604
659.598
659.599
659.613
659.654
659.743
659.917
660.233
660.773
661.652
663.016
665.038
667.9
671.765
676.726
682.752
689.617
696.839
703.655
709.115
712.2
712.263
709.287
703.892
697.094
689.856
682.957
676.89
671.888
667.989
665.099
663.057
661.678
660.789
660.242
659.922
659.746
659.655
659.614
659.6
659.599
659.604
659.612
659.62
659.629
659.636
659.643
659.649
659.655
659.66
659.665
659.669
659.673
659.676
659.68
659.682
659.685
659.688
659.69
659.692
659.694
659.695
659.697
659.699
659.7
659.701
659.702
659.703
659.704
659.705
659.706
659.707
659.707
659.708
659.709
659.709
659.71
659.71
659.711
659.711
659.711
659.712
659.712
659.712
659.713
659.713
659.713
659.713
659.713
659.714
659.714
659.714
659.714
659.714
659.714
659.714
659.714
659.715
659.715
659.715
659.715
659.715
659.715
659.715
659.715
659.715
659.715
659.715
659.715
659.715
659.715
659.715
659.715
659.715
659.715
659.715
659.715
659.715
659.715
659.715
659.715
654.401
654.401
654.401
654.401
654.401
654.401
654.401
654.401
654.401
654.401
654.401
654.401
654.401
654.401
654.401
654.401
654.401
654.401
654.401
654.401
654.401
654.401
654.401
654.401
654.4
654.4
654.4
654.4
654.4
654.4
654.399
654.399
654.399
654.399
654.398
654.398
654.398
654.397
654.397
654.396
654.396
654.395
654.395
654.394
654.394
654.393
654.392
654.391
654.39
654.389
654.388
654.387
654.385
654.384
654.383
654.381
654.379
654.377
654.375
654.373
654.37
654.367
654.364
654.361
654.357
654.353
654.349
654.344
654.339
654.333
654.327
654.32
654.313
654.304
654.295
654.284
654.272
654.26
654.246
654.232
654.221
654.214
654.22
654.253
654.335
654.504
654.82
655.37
656.277
657.699
659.827
662.872
667.031
672.447
679.141
686.933
695.349
703.542
710.282
714.214
714.316
710.555
703.907
695.732
687.282
679.432
672.675
667.201
662.993
659.91
657.753
656.311
655.391
654.832
654.511
654.338
654.255
654.222
654.215
654.221
654.233
654.247
654.26
654.273
654.285
654.296
654.305
654.314
654.321
654.328
654.335
654.341
654.346
654.351
654.355
654.359
654.363
654.366
654.369
654.372
654.374
654.377
654.379
654.381
654.383
654.385
654.386
654.388
654.389
654.39
654.391
654.392
654.393
654.394
654.395
654.396
654.397
654.397
654.398
654.398
654.399
654.399
654.4
654.4
654.401
654.401
654.401
654.402
654.402
654.402
654.402
654.403
654.403
654.403
654.403
654.403
654.403
654.404
654.404
654.404
654.404
654.404
654.404
654.404
654.404
654.404
654.404
654.404
654.404
654.404
654.404
654.404
654.404
654.404
654.404
654.404
654.404
654.404
654.404
654.404
648.983
648.983
648.983
648.983
648.983
648.983
648.983
648.983
648.983
648.983
648.983
648.983
648.983
648.983
648.983
648.983
648.983
648.982
648.982
648.982
648.982
648.982
648.982
648.982
648.981
648.981
648.981
648.981
648.98
648.98
648.98
648.979
648.979
648.978
648.978
648.977
648.977
648.976
648.976
648.975
648.974
648.973
648.972
648.971
648.97
648.969
648.968
648.967
648.965
648.964
648.962
648.96
648.958
648.956
648.954
648.952
648.949
648.946
648.943
648.939
648.936
648.932
648.927
648.923
648.917
648.912
648.905
648.899
648.891
648.883
648.874
648.864
648.853
648.84
648.827
648.811
648.795
648.776
648.756
648.734
648.714
648.697
648.691
648.709
648.774
648.921
649.211
649.729
650.6
651.984
654.083
657.124
661.34
666.929
673.993
682.457
691.943
701.604
709.976
715.065
715.232
710.415
702.163
692.501
682.947
674.391
667.234
661.564
657.281
654.189
652.053
650.643
649.756
649.226
648.93
648.778
648.712
648.692
648.697
648.714
648.735
648.756
648.777
648.796
648.813
648.828
648.842
648.854
648.865
648.875
648.885
648.893
648.901
648.907
648.914
648.919
648.925
648.93
648.934
648.938
648.942
648.945
648.949
648.951
648.954
648.957
648.959
648.961
648.963
648.965
648.967
648.968
648.97
648.971
648.972
648.974
648.975
648.976
648.977
648.977
648.978
648.979
648.98
648.98
648.981
648.981
648.982
648.982
648.983
648.983
648.984
648.984
648.984
648.985
648.985
648.985
648.985
648.986
648.986
648.986
648.986
648.986
648.986
648.986
648.987
648.987
648.987
648.987
648.987
648.987
648.987
648.987
648.987
648.987
648.987
648.987
648.987
648.987
648.987
648.987
643.687
643.687
643.687
643.687
643.687
643.687
643.687
643.687
643.687
643.687
643.687
643.686
643.686
643.686
643.686
643.686
643.686
643.686
643.685
643.685
643.685
643.685
643.684
643.684
643.684
643.683
643.683
643.682
643.682
643.681
643.681
643.68
643.68
643.679
643.678
643.677
643.677
643.676
643.675
643.674
643.672
643.671
643.67
643.668
643.667
643.665
643.663
643.662
643.659
643.657
643.655
643.652
643.649
643.646
643.643
643.64
643.636
643.632
643.627
643.623
643.617
643.612
643.606
643.599
643.592
643.584
643.575
643.565
643.555
643.544
643.531
643.517
643.502
643.485
643.466
643.445
643.422
643.396
643.368
643.337
643.305
643.276
643.254
643.252
643.29
643.4
643.636
644.081
644.848
646.095
648.018
650.853
654.858
660.287
667.347
676.129
686.482
697.742
708.274
715.149
715.422
708.971
698.575
687.264
676.784
667.862
660.674
655.138
651.048
648.149
646.18
644.901
644.112
643.654
643.409
643.294
643.255
643.255
643.276
643.306
643.337
643.368
643.397
643.423
643.446
643.468
643.487
643.504
643.519
643.533
643.546
643.557
643.568
643.578
643.586
643.594
643.602
643.608
643.615
643.62
643.626
643.631
643.635
643.639
643.643
643.647
643.65
643.653
643.656
643.659
643.661
643.663
643.666
643.668
643.669
643.671
643.673
643.674
643.676
643.677
643.678
643.679
643.68
643.681
643.682
643.683
643.684
643.684
643.685
643.686
643.686
643.687
643.687
643.688
643.688
643.689
643.689
643.689
643.69
643.69
643.69
643.69
643.691
643.691
643.691
643.691
643.691
643.692
643.692
643.692
643.692
643.692
643.692
643.692
643.692
643.692
643.692
643.692
643.692
643.692
638.738
638.738
638.738
638.738
638.738
638.738
638.738
638.738
638.738
638.737
638.737
638.737
638.737
638.737
638.737
638.736
638.736
638.736
638.735
638.735
638.735
638.734
638.734
638.733
638.733
638.732
638.732
638.731
638.731
638.73
638.729
638.728
638.727
638.726
638.725
638.724
638.723
638.722
638.72
638.719
638.717
638.716
638.714
638.712
638.71
638.708
638.705
638.703
638.7
638.697
638.694
638.69
638.686
638.682
638.678
638.674
638.669
638.663
638.657
638.651
638.644
638.637
638.629
638.62
638.611
638.6
638.589
638.577
638.563
638.548
638.532
638.514
638.494
638.473
638.448
638.422
638.392
638.358
638.322
638.282
638.24
638.199
638.164
638.148
638.172
638.267
638.491
638.93
639.705
640.984
642.983
645.963
650.215
656.036
663.683
673.281
684.685
697.179
708.856
716.427
716.753
709.689
698.201
685.653
674.096
664.328
656.521
650.566
646.207
643.147
641.09
639.77
638.968
638.513
638.278
638.177
638.151
638.165
638.199
638.24
638.282
638.323
638.359
638.393
638.423
638.45
638.475
638.497
638.517
638.535
638.551
638.566
638.58
638.592
638.604
638.614
638.624
638.632
638.641
638.648
638.655
638.661
638.667
638.673
638.678
638.683
638.687
638.691
638.695
638.698
638.702
638.705
638.708
638.71
638.713
638.715
638.717
638.719
638.721
638.723
638.725
638.726
638.727
638.729
638.73
638.731
638.732
638.733
638.734
638.735
638.736
638.737
638.737
638.738
638.739
638.739
638.74
638.74
638.741
638.741
638.742
638.742
638.742
638.743
638.743
638.743
638.743
638.744
638.744
638.744
638.744
638.744
638.744
638.744
638.745
638.745
638.745
638.745
638.745
638.745
634.326
634.326
634.326
634.326
634.326
634.326
634.326
634.326
634.326
634.325
634.325
634.325
634.325
634.325
634.324
634.324
634.324
634.323
634.323
634.322
634.322
634.322
634.321
634.32
634.32
634.319
634.318
634.318
634.317
634.316
634.315
634.314
634.313
634.312
634.31
634.309
634.308
634.306
634.304
634.303
634.301
634.299
634.296
634.294
634.292
634.289
634.286
634.283
634.28
634.276
634.272
634.268
634.264
634.259
634.254
634.249
634.243
634.236
634.229
634.222
634.214
634.205
634.196
634.186
634.175
634.163
634.149
634.135
634.119
634.102
634.083
634.063
634.04
634.015
633.987
633.955
633.921
633.883
633.841
633.795
633.747
633.699
633.659
633.64
633.665
633.77
634.022
634.516
635.394
636.845
639.117
642.502
647.327
653.912
662.487
673.158
685.662
699.076
711.375
719.241
719.593
712.29
700.215
686.775
674.121
663.261
654.503
647.76
642.805
639.321
636.978
635.476
634.565
634.049
633.785
633.672
633.643
633.66
633.699
633.747
633.795
633.841
633.884
633.922
633.957
633.989
634.017
634.042
634.065
634.086
634.105
634.123
634.139
634.153
634.166
634.179
634.19
634.2
634.21
634.219
634.227
634.234
634.241
634.248
634.254
634.259
634.264
634.269
634.274
634.278
634.282
634.285
634.289
634.292
634.295
634.298
634.3
634.303
634.305
634.307
634.309
634.311
634.313
634.314
634.316
634.317
634.318
634.32
634.321
634.322
634.323
634.324
634.325
634.326
634.326
634.327
634.328
634.328
634.329
634.329
634.33
634.33
634.331
634.331
634.332
634.332
634.332
634.332
634.333
634.333
634.333
634.333
634.333
634.334
634.334
634.334
634.334
634.334
634.334
634.334
630.572
630.572
630.572
630.572
630.572
630.572
630.572
630.571
630.571
630.571
630.571
630.571
630.57
630.57
630.57
630.569
630.569
630.569
630.568
630.568
630.567
630.567
630.566
630.565
630.565
630.564
630.563
630.562
630.561
630.56
630.559
630.558
630.557
630.556
630.554
630.553
630.551
630.55
630.548
630.546
630.544
630.542
630.539
630.537
630.534
630.531
630.528
630.525
630.521
630.518
630.514
630.509
630.504
630.499
630.494
630.488
630.482
630.475
630.468
630.46
630.452
630.442
630.432
630.422
630.41
630.397
630.383
630.368
630.352
630.334
630.314
630.292
630.268
630.242
630.212
630.18
630.144
630.105
630.061
630.014
629.965
629.919
629.882
629.872
629.914
630.054
630.368
630.971
632.026
633.757
636.445
640.425
646.045
653.602
663.329
675.206
688.821
703.075
715.812
723.795
724.16
716.777
704.309
690.06
676.304
664.231
654.302
646.562
640.793
636.696
633.92
632.128
631.031
630.402
630.072
629.923
629.876
629.884
629.919
629.966
630.015
630.062
630.106
630.146
630.182
630.215
630.244
630.271
630.295
630.317
630.337
630.355
630.372
630.387
630.401
630.414
630.426
630.437
630.447
630.456
630.465
630.473
630.48
630.487
630.493
630.499
630.505
630.51
630.515
630.519
630.523
630.527
630.531
630.534
630.538
630.541
630.543
630.546
630.548
630.551
630.553
630.555
630.557
630.558
630.56
630.562
630.563
630.564
630.566
630.567
630.568
630.569
630.57
630.571
630.572
630.572
630.573
630.574
630.574
630.575
630.576
630.576
630.576
630.577
630.577
630.578
630.578
630.578
630.579
630.579
630.579
630.579
630.579
630.58
630.58
630.58
630.58
630.58
630.58
630.58
627.521
627.521
627.521
627.521
627.521
627.521
627.521
627.52
627.52
627.52
627.52
627.52
627.519
627.519
627.519
627.518
627.518
627.518
627.517
627.517
627.516
627.516
627.515
627.514
627.514
627.513
627.512
627.511
627.51
627.509
627.508
627.507
627.506
627.505
627.503
627.502
627.5
627.499
627.497
627.495
627.493
627.491
627.489
627.486
627.483
627.481
627.478
627.474
627.471
627.467
627.463
627.459
627.454
627.449
627.444
627.439
627.432
627.426
627.419
627.411
627.403
627.394
627.384
627.374
627.363
627.35
627.337
627.323
627.307
627.289
627.27
627.25
627.227
627.201
627.174
627.143
627.109
627.071
627.031
626.987
626.943
626.904
626.879
626.888
626.961
627.155
627.56
628.31
629.599
631.687
634.896
639.593
646.132
654.839
665.858
679.05
693.838
708.955
722.151
730.272
730.647
723.155
710.27
695.191
680.278
666.888
655.653
646.744
640.031
635.198
631.885
629.724
628.385
627.603
627.179
626.973
626.894
626.882
626.905
626.944
626.988
627.031
627.072
627.11
627.144
627.175
627.204
627.229
627.252
627.273
627.292
627.31
627.326
627.341
627.354
627.367
627.378
627.389
627.398
627.407
627.416
627.424
627.431
627.437
627.444
627.449
627.455
627.46
627.464
627.469
627.473
627.477
627.48
627.484
627.487
627.49
627.492
627.495
627.497
627.499
627.502
627.504
627.505
627.507
627.509
627.51
627.512
627.513
627.514
627.515
627.517
627.518
627.519
627.519
627.52
627.521
627.522
627.522
627.523
627.524
627.524
627.525
627.525
627.526
627.526
627.526
627.527
627.527
627.527
627.528
627.528
627.528
627.528
627.528
627.529
627.529
627.529
627.529
627.529
627.529
625.152
625.152
625.152
625.152
625.152
625.152
625.152
625.152
625.151
625.151
625.151
625.151
625.151
625.15
625.15
625.15
625.149
625.149
625.148
625.148
625.148
625.147
625.146
625.146
625.145
625.145
625.144
625.143
625.142
625.141
625.14
625.139
625.138
625.137
625.136
625.134
625.133
625.131
625.13
625.128
625.126
625.124
625.122
625.12
625.118
625.115
625.112
625.109
625.106
625.103
625.099
625.095
625.091
625.087
625.082
625.077
625.072
625.066
625.059
625.052
625.045
625.037
625.029
625.019
625.009
624.998
624.986
624.973
624.959
624.944
624.927
624.909
624.889
624.866
624.842
624.815
624.785
624.753
624.718
624.682
624.647
624.62
624.613
624.648
624.762
625.024
625.539
626.464
628.026
630.523
634.318
639.803
647.38
657.335
669.747
684.362
700.45
716.601
730.476
738.906
739.296
731.529
718.003
701.919
685.72
670.907
658.265
648.088
640.316
634.673
630.759
628.176
626.555
625.592
625.054
624.778
624.655
624.617
624.622
624.648
624.683
624.719
624.754
624.787
624.817
624.844
624.868
624.891
624.911
624.93
624.947
624.962
624.977
624.99
625.002
625.013
625.023
625.032
625.041
625.049
625.057
625.064
625.07
625.076
625.082
625.087
625.092
625.096
625.1
625.104
625.108
625.111
625.115
625.118
625.12
625.123
625.125
625.128
625.13
625.132
625.134
625.136
625.137
625.139
625.14
625.142
625.143
625.144
625.146
625.147
625.148
625.149
625.149
625.15
625.151
625.152
625.152
625.153
625.154
625.154
625.155
625.155
625.156
625.156
625.156
625.157
625.157
625.157
625.158
625.158
625.158
625.158
625.158
625.159
625.159
625.159
625.159
625.159
625.159
625.159
623.394
623.394
623.393
623.393
623.393
623.393
623.393
623.393
623.393
623.393
623.393
623.392
623.392
623.392
623.392
623.391
623.391
623.391
623.39
623.39
623.39
623.389
623.389
623.388
623.388
623.387
623.386
623.386
623.385
623.384
623.383
623.382
623.382
623.38
623.379
623.378
623.377
623.376
623.374
623.373
623.371
623.37
623.368
623.366
623.364
623.362
623.359
623.357
623.354
623.351
623.348
623.345
623.342
623.338
623.334
623.33
623.325
623.32
623.315
623.309
623.303
623.297
623.289
623.282
623.273
623.264
623.254
623.244
623.232
623.22
623.206
623.191
623.174
623.156
623.136
623.114
623.09
623.064
623.037
623.01
622.987
622.975
622.988
623.053
623.215
623.553
624.188
625.306
627.164
630.101
634.515
640.857
649.532
660.808
674.706
690.875
708.473
725.983
740.924
749.926
750.337
742.044
727.491
710.071
692.373
676.002
661.861
650.341
641.45
634.928
630.376
627.341
625.414
624.251
623.588
623.234
623.062
622.993
622.977
622.988
623.011
623.038
623.065
623.091
623.115
623.137
623.158
623.176
623.193
623.208
623.222
623.235
623.246
623.257
623.267
623.276
623.285
623.293
623.3
623.306
623.313
623.319
623.324
623.329
623.334
623.338
623.342
623.346
623.349
623.353
623.356
623.359
623.361
623.364
623.366
623.368
623.371
623.373
623.374
623.376
623.378
623.379
623.381
623.382
623.383
623.384
623.386
623.387
623.388
623.389
623.389
623.39
623.391
623.392
623.392
623.393
623.394
623.394
623.395
623.395
623.396
623.396
623.396
623.397
623.397
623.397
623.398
623.398
623.398
623.398
623.399
623.399
623.399
623.399
623.399
623.399
623.399
623.399
623.399
623.399
622.145
622.145
622.145
622.145
622.145
622.145
622.144
622.144
622.144
622.144
622.144
622.144
622.144
622.143
622.143
622.143
622.143
622.142
622.142
622.142
622.141
622.141
622.141
622.14
622.14
622.139
622.139
622.138
622.138
622.137
622.136
622.136
622.135
622.134
622.133
622.132
622.131
622.13
622.129
622.128
622.127
622.125
622.124
622.122
622.121
622.119
622.117
622.115
622.113
622.111
622.109
622.106
622.103
622.1
622.097
622.094
622.09
622.086
622.082
622.078
622.073
622.068
622.062
622.056
622.05
622.043
622.035
622.027
622.018
622.008
621.998
621.986
621.974
621.96
621.945
621.928
621.91
621.891
621.872
621.854
621.843
621.846
621.88
621.976
622.188
622.604
623.366
624.684
626.851
630.239
635.309
642.537
652.348
665.002
680.475
698.356
717.741
737.043
753.489
763.304
763.741
754.693
738.685
719.49
700.005
681.913
666.18
653.262
643.211
635.782
630.557
627.055
624.81
623.441
622.646
622.211
621.988
621.886
621.849
621.844
621.855
621.873
621.892
621.911
621.929
621.946
621.961
621.975
621.988
621.999
622.01
622.02
622.029
622.037
622.045
622.052
622.059
622.065
622.07
622.076
622.08
622.085
622.089
622.093
622.097
622.1
622.103
622.106
622.109
622.112
622.114
622.117
622.119
622.121
622.123
622.124
622.126
622.128
622.129
622.13
622.132
622.133
622.134
622.135
622.136
622.137
622.138
622.139
622.14
622.14
622.141
622.142
622.142
622.143
622.144
622.144
622.145
622.145
622.145
622.146
622.146
622.147
622.147
622.147
622.147
622.148
622.148
622.148
622.148
622.148
622.149
622.149
622.149
622.149
622.149
622.149
622.149
622.149
622.149
622.149
621.296
621.296
621.296
621.296
621.296
621.296
621.296
621.295
621.295
621.295
621.295
621.295
621.295
621.295
621.295
621.294
621.294
621.294
621.294
621.293
621.293
621.293
621.293
621.292
621.292
621.291
621.291
621.291
621.29
621.29
621.289
621.289
621.288
621.287
621.287
621.286
621.285
621.284
621.284
621.283
621.282
621.281
621.28
621.279
621.277
621.276
621.275
621.273
621.272
621.27
621.268
621.266
621.264
621.262
621.26
621.257
621.255
621.252
621.249
621.245
621.242
621.238
621.234
621.23
621.225
621.22
621.214
621.208
621.202
621.195
621.187
621.179
621.17
621.16
621.15
621.138
621.126
621.113
621.101
621.092
621.091
621.108
621.163
621.289
621.55
622.045
622.935
624.456
626.929
630.784
636.517
644.644
655.612
669.681
686.808
706.562
728.033
749.53
767.735
778.427
778.887
769.019
751.321
729.952
708.374
688.395
670.989
656.632
645.4
637.051
631.144
627.161
624.599
623.02
622.093
621.576
621.303
621.17
621.112
621.093
621.093
621.102
621.114
621.126
621.139
621.15
621.161
621.171
621.18
621.189
621.196
621.203
621.21
621.216
621.222
621.227
621.231
621.236
621.24
621.244
621.247
621.251
621.254
621.257
621.259
621.262
621.264
621.266
621.269
621.27
621.272
621.274
621.276
621.277
621.279
621.28
621.281
621.282
621.283
621.285
621.285
621.286
621.287
621.288
621.289
621.29
621.29
621.291
621.292
621.292
621.293
621.293
621.294
621.294
621.295
621.295
621.295
621.296
621.296
621.296
621.297
621.297
621.297
621.297
621.298
621.298
621.298
621.298
621.298
621.298
621.299
621.299
621.299
621.299
621.299
621.299
621.299
621.299
621.299
621.299
620.743
620.743
620.743
620.743
620.743
620.742
620.742
620.742
620.742
620.742
620.742
620.742
620.742
620.742
620.742
620.742
620.741
620.741
620.741
620.741
620.741
620.74
620.74
620.74
620.74
620.739
620.739
620.739
620.738
620.738
620.738
620.737
620.737
620.736
620.736
620.735
620.735
620.734
620.734
620.733
620.732
620.731
620.731
620.73
620.729
620.728
620.727
620.726
620.725
620.724
620.722
620.721
620.72
620.718
620.716
620.715
620.713
620.711
620.709
620.707
620.704
620.701
620.699
620.696
620.693
620.689
620.685
620.681
620.677
620.672
620.667
620.662
620.656
620.649
620.642
620.634
620.627
620.619
620.613
620.611
620.619
620.649
620.722
620.877
621.184
621.756
622.772
624.489
627.275
631.594
637.986
647.008
659.133
674.631
693.464
715.216
738.994
762.835
782.662
794.065
794.535
783.997
764.755
741.091
717.2
695.205
676.07
660.26
647.847
638.581
631.997
627.536
624.651
622.868
621.811
621.214
620.893
620.73
620.653
620.622
620.612
620.614
620.62
620.627
620.635
620.643
620.65
620.656
620.662
620.668
620.673
620.678
620.682
620.686
620.69
620.694
620.697
620.7
620.703
620.705
620.708
620.71
620.712
620.714
620.716
620.718
620.72
620.721
620.723
620.724
620.725
620.727
620.728
620.729
620.73
620.731
620.732
620.732
620.733
620.734
620.735
620.735
620.736
620.737
620.737
620.738
620.738
620.739
620.739
620.74
620.74
620.74
620.741
620.741
620.741
620.742
620.742
620.742
620.743
620.743
620.743
620.743
620.743
620.744
620.744
620.744
620.744
620.744
620.744
620.744
620.744
620.745
620.745
620.745
620.745
620.745
620.745
620.745
620.745
620.745
620.397
620.397
620.397
620.397
620.397
620.397
620.397
620.397
620.397
620.396
620.396
620.396
620.396
620.396
620.396
620.396
620.396
620.396
620.396
620.395
620.395
620.395
620.395
620.395
620.394
620.394
620.394
620.394
620.394
620.393
620.393
620.393
620.392
620.392
620.392
620.391
620.391
620.391
620.39
620.39
620.389
620.389
620.388
620.387
620.387
620.386
620.386
620.385
620.384
620.383
620.382
620.382
620.381
620.38
620.378
620.377
620.376
620.375
620.373
620.372
620.37
620.369
620.367
620.365
620.363
620.361
620.358
620.356
620.353
620.35
620.347
620.343
620.34
620.336
620.331
620.327
620.323
620.319
620.318
620.321
620.337
620.377
620.465
620.647
620.998
621.644
622.779
624.694
627.786
632.559
639.596
649.494
662.753
679.663
700.204
723.992
750.11
776.034
797.023
808.851
809.319
798.371
778.036
752.367
726.144
702.098
681.231
663.985
650.414
640.251
633.004
628.075
624.874
622.887
621.706
621.032
620.665
620.475
620.381
620.339
620.323
620.318
620.32
620.323
620.327
620.332
620.336
620.34
620.344
620.347
620.351
620.354
620.356
620.359
620.361
620.364
620.366
620.368
620.37
620.371
620.373
620.374
620.376
620.377
620.378
620.379
620.381
620.382
620.383
620.383
620.384
620.385
620.386
620.387
620.387
620.388
620.389
620.389
620.39
620.39
620.391
620.391
620.392
620.392
620.393
620.393
620.393
620.394
620.394
620.394
620.395
620.395
620.395
620.395
620.396
620.396
620.396
620.396
620.396
620.397
620.397
620.397
620.397
620.397
620.397
620.397
620.398
620.398
620.398
620.398
620.398
620.398
620.398
620.398
620.398
620.398
620.398
620.398
620.398
620.398
620.189
620.189
620.189
620.189
620.189
620.189
620.189
620.189
620.189
620.189
620.189
620.189
620.188
620.188
620.188
620.188
620.188
620.188
620.188
620.188
620.188
620.188
620.187
620.187
620.187
620.187
620.187
620.187
620.186
620.186
620.186
620.186
620.186
620.185
620.185
620.185
620.185
620.184
620.184
620.184
620.183
620.183
620.183
620.182
620.182
620.181
620.181
620.18
620.18
620.179
620.179
620.178
620.178
620.177
620.176
620.176
620.175
620.174
620.173
620.172
620.171
620.17
620.169
620.168
620.167
620.166
620.164
620.163
620.161
620.159
620.158
620.156
620.154
620.151
620.149
620.147
620.145
620.144
620.146
620.154
620.175
620.224
620.327
620.532
620.924
621.639
622.893
624.999
628.385
633.596
641.255
651.993
666.34
684.606
706.799
732.542
760.779
788.214
809.836
821.829
822.287
811.168
790.242
763.152
734.846
708.837
686.3
667.674
652.992
641.968
634.082
628.702
625.196
623.011
621.707
620.962
620.552
620.337
620.229
620.178
620.155
620.147
620.144
620.145
620.147
620.149
620.152
620.154
620.156
620.158
620.16
620.161
620.163
620.165
620.166
620.167
620.169
620.17
620.171
620.172
620.173
620.174
620.175
620.175
620.176
620.177
620.178
620.178
620.179
620.179
620.18
620.181
620.181
620.182
620.182
620.182
620.183
620.183
620.184
620.184
620.184
620.185
620.185
620.185
620.186
620.186
620.186
620.186
620.187
620.187
620.187
620.187
620.187
620.188
620.188
620.188
620.188
620.188
620.188
620.188
620.189
620.189
620.189
620.189
620.189
620.189
620.189
620.189
620.189
620.189
620.189
620.19
620.19
620.19
620.19
620.19
620.19
620.19
620.19
620.19
620.068
620.068
620.068
620.068
620.068
620.068
620.068
620.068
620.068
620.068
620.068
620.068
620.068
620.068
620.068
620.068
620.068
620.068
620.068
620.068
620.067
620.067
620.067
620.067
620.067
620.067
620.067
620.067
620.066
620.066
620.066
620.066
620.066
620.066
620.065
620.065
620.065
620.065
620.065
620.064
620.064
620.064
620.064
620.063
620.063
620.063
620.063
620.062
620.062
620.062
620.061
620.061
620.061
620.06
620.06
620.059
620.059
620.058
620.058
620.057
620.057
620.056
620.056
620.055
620.054
620.054
620.053
620.052
620.051
620.051
620.05
620.049
620.048
620.047
620.046
620.045
620.045
620.046
620.05
620.061
620.087
620.143
620.258
620.486
620.916
621.699
623.066
625.353
629.022
634.649
642.896
654.425
669.792
689.323
713.043
740.544
770.463
798.782
820.627
832.611
833.055
821.927
800.798
772.899
742.976
715.211
691.133
671.222
655.5
643.665
635.175
629.365
625.568
623.194
621.773
620.957
620.508
620.269
620.148
620.089
620.062
620.05
620.046
620.045
620.045
620.046
620.047
620.048
620.049
620.05
620.051
620.052
620.053
620.053
620.054
620.055
620.055
620.056
620.057
620.057
620.058
620.058
620.059
620.059
620.06
620.06
620.061
620.061
620.061
620.062
620.062
620.062
620.063
620.063
620.063
620.064
620.064
620.064
620.064
620.065
620.065
620.065
620.065
620.065
620.066
620.066
620.066
620.066
620.066
620.067
620.067
620.067
620.067
620.067
620.067
620.067
620.067
620.068
620.068
620.068
620.068
620.068
620.068
620.068
620.068
620.068
620.068
620.068
620.068
620.069
620.069
620.069
620.069
620.069
620.069
620.069
620.069
620.069
620.069
620.069
620.001
620.001
620.001
620.001
620.001
620.001
620.001
620.001
620.001
620.001
620
620
620
620
620
620
620
620
620
620
620
620
620
620
620
619.999
619.999
619.999
619.999
619.999
619.999
619.999
619.999
619.999
619.998
619.998
619.998
619.998
619.998
619.998
619.997
619.997
619.997
619.997
619.997
619.997
619.996
619.996
619.996
619.996
619.996
619.995
619.995
619.995
619.995
619.994
619.994
619.994
619.994
619.993
619.993
619.993
619.993
619.992
619.992
619.992
619.991
619.991
619.991
619.991
619.99
619.99
619.99
619.989
619.989
619.989
619.99
619.992
619.998
620.011
620.041
620.103
620.23
620.478
620.945
621.792
623.266
625.726
629.661
635.68
644.475
656.735
673.033
693.707
718.778
747.756
778.832
807.542
829.353
841.232
841.662
830.617
809.525
781.288
750.282
721.056
695.622
674.552
657.88
645.296
636.243
630.03
625.958
623.405
621.872
620.99
620.502
620.242
620.109
620.044
620.013
619.999
619.992
619.99
619.989
619.989
619.989
619.99
619.99
619.99
619.991
619.991
619.991
619.992
619.992
619.992
619.992
619.993
619.993
619.993
619.994
619.994
619.994
619.994
619.995
619.995
619.995
619.995
619.995
619.996
619.996
619.996
619.996
619.997
619.997
619.997
619.997
619.997
619.997
619.998
619.998
619.998
619.998
619.998
619.998
619.998
619.999
619.999
619.999
619.999
619.999
619.999
619.999
619.999
620
620
620
620
620
620
620
620
620
620
620
620
620
620
620.001
620.001
620.001
620.001
620.001
620.001
620.001
620.001
620.001
620.001
620.001
620.001
619.963
619.963
619.963
619.963
619.963
619.963
619.963
619.963
619.963
619.963
619.963
619.963
619.963
619.963
619.963
619.963
619.963
619.963
619.963
619.963
619.963
619.963
619.963
619.963
619.962
619.962
619.962
619.962
619.962
619.962
619.962
619.962
619.962
619.962
619.962
619.961
619.961
619.961
619.961
619.961
619.961
619.961
619.961
619.96
619.96
619.96
619.96
619.96
619.96
619.96
619.96
619.959
619.959
619.959
619.959
619.959
619.959
619.959
619.959
619.959
619.958
619.958
619.958
619.958
619.958
619.958
619.958
619.958
619.958
619.958
619.958
619.958
619.958
619.958
619.959
619.959
619.96
619.964
619.97
619.985
620.018
620.086
620.223
620.49
620.992
621.9
623.475
626.099
630.283
636.665
645.963
658.885
676.016
697.692
723.906
754.04
785.8
814.579
836.221
847.953
848.37
837.451
816.523
788.248
756.629
726.275
699.698
677.614
660.094
646.833
637.263
630.676
626.346
623.624
621.986
621.04
620.516
620.236
620.092
620.021
619.987
619.971
619.964
619.961
619.959
619.959
619.958
619.958
619.958
619.958
619.958
619.958
619.958
619.958
619.958
619.958
619.958
619.958
619.958
619.958
619.959
619.959
619.959
619.959
619.959
619.959
619.959
619.959
619.959
619.96
619.96
619.96
619.96
619.96
619.96
619.96
619.96
619.961
619.961
619.961
619.961
619.961
619.961
619.961
619.961
619.961
619.962
619.962
619.962
619.962
619.962
619.962
619.962
619.962
619.962
619.962
619.962
619.963
619.963
619.963
619.963
619.963
619.963
619.963
619.963
619.963
619.963
619.963
619.963
619.963
619.963
619.963
619.963
619.963
619.963
619.963
619.963
619.963
619.963
619.963
619.943
619.943
619.943
619.943
619.943
619.943
619.943
619.943
619.943
619.943
619.943
619.943
619.943
619.943
619.943
619.943
619.943
619.943
619.943
619.942
619.942
619.942
619.942
619.942
619.942
619.942
619.942
619.942
619.942
619.942
619.942
619.942
619.942
619.941
619.941
619.941
619.941
619.941
619.941
619.941
619.941
619.941
619.941
619.941
619.94
619.94
619.94
619.94
619.94
619.94
619.94
619.94
619.94
619.94
619.94
619.94
619.94
619.94
619.94
619.94
619.94
619.94
619.94
619.94
619.94
619.94
619.94
619.94
619.94
619.94
619.941
619.941
619.941
619.941
619.942
619.943
619.945
619.948
619.956
619.972
620.008
620.08
620.227
620.513
621.048
622.012
623.684
626.459
630.874
637.589
647.343
660.857
678.716
701.249
728.393
759.37
791.458
820.125
841.538
853.111
853.517
842.738
822.031
793.886
761.993
730.834
703.333
680.386
662.124
648.258
638.22
631.29
626.721
623.842
622.104
621.099
620.54
620.241
620.088
620.011
619.974
619.957
619.949
619.945
619.943
619.942
619.942
619.941
619.941
619.941
619.94
619.94
619.94
619.94
619.94
619.94
619.94
619.94
619.94
619.939
619.939
619.939
619.94
619.94
619.94
619.94
619.94
619.94
619.94
619.94
619.94
619.94
619.94
619.94
619.94
619.94
619.94
619.94
619.941
619.941
619.941
619.941
619.941
619.941
619.941
619.941
619.941
619.941
619.941
619.942
619.942
619.942
619.942
619.942
619.942
619.942
619.942
619.942
619.942
619.942
619.942
619.942
619.942
619.942
619.942
619.943
619.943
619.943
619.943
619.943
619.943
619.943
619.943
619.943
619.943
619.943
619.943
619.943
619.943
619.943
619.932
619.932
619.932
619.932
619.932
619.932
619.932
619.931
619.931
619.931
619.931
619.931
619.931
619.931
619.931
619.931
619.931
619.931
619.931
619.931
619.931
619.931
619.931
619.931
619.931
619.931
619.931
619.931
619.93
619.93
619.93
619.93
619.93
619.93
619.93
619.93
619.93
619.93
619.93
619.93
619.93
619.929
619.929
619.929
619.929
619.929
619.929
619.929
619.929
619.929
619.929
619.929
619.929
619.929
619.929
619.929
619.929
619.929
619.929
619.929
619.929
619.929
619.929
619.929
619.929
619.93
619.93
619.93
619.93
619.93
619.931
619.931
619.932
619.932
619.933
619.934
619.936
619.94
619.948
619.966
620.003
620.081
620.237
620.539
621.105
622.124
623.884
626.801
631.429
638.447
648.608
662.644
681.131
704.378
732.256
763.803
795.988
824.454
845.622
857.041
857.439
846.798
826.326
798.391
766.441
734.752
706.528
682.863
663.963
649.565
639.108
631.865
627.077
624.052
622.221
621.16
620.568
620.252
620.088
620.007
619.967
619.949
619.94
619.936
619.934
619.933
619.932
619.932
619.931
619.931
619.93
619.93
619.93
619.93
619.929
619.929
619.929
619.929
619.929
619.929
619.929
619.929
619.929
619.929
619.929
619.929
619.929
619.929
619.929
619.929
619.929
619.929
619.929
619.929
619.929
619.929
619.929
619.929
619.929
619.929
619.929
619.929
619.93
619.93
619.93
619.93
619.93
619.93
619.93
619.93
619.93
619.93
619.93
619.93
619.93
619.93
619.931
619.931
619.931
619.931
619.931
619.931
619.931
619.931
619.931
619.931
619.931
619.931
619.931
619.931
619.931
619.931
619.931
619.931
619.931
619.931
619.931
619.931
619.931
619.931
619.925
619.925
619.925
619.925
619.925
619.925
619.925
619.925
619.925
619.924
619.924
619.924
619.924
619.924
619.924
619.924
619.924
619.924
619.924
619.924
619.924
619.924
619.924
619.924
619.924
619.924
619.924
619.924
619.924
619.923
619.923
619.923
619.923
619.923
619.923
619.923
619.923
619.923
619.923
619.923
619.923
619.923
619.923
619.923
619.922
619.922
619.922
619.922
619.922
619.922
619.922
619.922
619.922
619.922
619.922
619.922
619.922
619.922
619.922
619.922
619.923
619.923
619.923
619.923
619.923
619.923
619.924
619.924
619.924
619.924
619.925
619.925
619.926
619.926
619.927
619.928
619.93
619.935
619.943
619.962
620.002
620.084
620.248
620.567
621.162
622.231
624.075
627.122
631.943
639.234
649.759
664.249
683.272
707.104
735.545
767.45
799.596
827.826
848.758
860.036
860.427
849.913
829.67
801.974
770.093
738.085
709.311
685.058
665.616
650.753
639.923
632.4
627.411
624.25
622.333
621.219
620.598
620.264
620.092
620.006
619.964
619.944
619.935
619.931
619.928
619.927
619.926
619.926
619.925
619.925
619.924
619.924
619.924
619.923
619.923
619.923
619.923
619.923
619.922
619.922
619.922
619.922
619.922
619.922
619.922
619.922
619.922
619.922
619.922
619.922
619.922
619.922
619.922
619.922
619.922
619.922
619.922
619.922
619.922
619.922
619.922
619.923
619.923
619.923
619.923
619.923
619.923
619.923
619.923
619.923
619.923
619.923
619.923
619.923
619.923
619.923
619.924
619.924
619.924
619.924
619.924
619.924
619.924
619.924
619.924
619.924
619.924
619.924
619.924
619.924
619.924
619.924
619.924
619.924
619.924
619.924
619.924
619.924
619.924
619.924
619.92
619.92
619.92
619.92
619.92
619.92
619.92
619.92
619.92
619.92
619.92
619.92
619.92
619.92
619.92
619.92
619.919
619.919
619.919
619.919
619.919
619.919
619.919
619.919
619.919
619.919
619.919
619.919
619.919
619.919
619.919
619.919
619.919
619.918
619.918
619.918
619.918
619.918
619.918
619.918
619.918
619.918
619.918
619.918
619.918
619.918
619.918
619.918
619.918
619.918
619.918
619.918
619.918
619.918
619.918
619.918
619.918
619.918
619.918
619.918
619.918
619.918
619.918
619.919
619.919
619.919
619.919
619.919
619.92
619.92
619.921
619.921
619.922
619.922
619.923
619.924
619.926
619.931
619.94
619.96
620.001
620.087
620.26
620.594
621.216
622.333
624.253
627.42
632.418
639.954
650.799
665.684
685.159
709.467
738.333
770.441
802.474
830.465
851.18
862.333
862.718
852.32
832.286
804.831
773.083
740.905
711.721
686.993
667.093
651.827
640.668
632.892
627.722
624.437
622.44
621.277
620.626
620.277
620.096
620.005
619.962
619.941
619.931
619.927
619.924
619.923
619.922
619.921
619.921
619.92
619.92
619.92
619.919
619.919
619.919
619.919
619.918
619.918
619.918
619.918
619.918
619.918
619.918
619.918
619.917
619.917
619.917
619.917
619.917
619.917
619.917
619.917
619.917
619.917
619.917
619.918
619.918
619.918
619.918
619.918
619.918
619.918
619.918
619.918
619.918
619.918
619.918
619.918
619.918
619.918
619.918
619.918
619.919
619.919
619.919
619.919
619.919
619.919
619.919
619.919
619.919
619.919
619.919
619.919
619.919
619.919
619.919
619.919
619.919
619.919
619.919
619.919
619.919
619.919
619.919
619.919
619.919
619.919
619.919
619.919
619.916
619.916
619.916
619.916
619.916
619.916
619.916
619.916
619.916
619.916
619.916
619.916
619.916
619.916
619.916
619.916
619.916
619.916
619.916
619.916
619.916
619.915
619.915
619.915
619.915
619.915
619.915
619.915
619.915
619.915
619.915
619.915
619.915
619.915
619.915
619.915
619.915
619.914
619.914
619.914
619.914
619.914
619.914
619.914
619.914
619.914
619.914
619.914
619.914
619.914
619.914
619.914
619.914
619.914
619.914
619.914
619.914
619.914
619.914
619.914
619.915
619.915
619.915
619.915
619.915
619.915
619.916
619.916
619.916
619.917
619.917
619.918
619.918
619.919
619.92
619.921
619.923
619.928
619.937
619.958
620.001
620.091
620.272
620.62
621.268
622.428
624.419
627.696
632.853
640.608
651.736
666.962
686.818
711.512
740.692
772.9
804.787
832.552
853.072
864.115
864.496
854.2
834.355
807.127
775.539
743.29
713.805
688.694
668.409
652.795
641.346
633.344
628.009
624.61
622.54
621.331
620.654
620.289
620.1
620.006
619.96
619.938
619.928
619.923
619.921
619.92
619.919
619.918
619.918
619.917
619.917
619.916
619.916
619.916
619.915
619.915
619.915
619.915
619.914
619.914
619.914
619.914
619.914
619.914
619.914
619.914
619.914
619.914
619.914
619.914
619.914
619.914
619.914
619.914
619.914
619.914
619.914
619.914
619.914
619.914
619.914
619.914
619.914
619.914
619.914
619.914
619.914
619.914
619.915
619.915
619.915
619.915
619.915
619.915
619.915
619.915
619.915
619.915
619.915
619.915
619.915
619.915
619.915
619.915
619.915
619.915
619.915
619.915
619.916
619.916
619.916
619.916
619.916
619.916
619.916
619.916
619.916
619.916
619.916
619.916
619.913
619.913
619.913
619.913
619.913
619.913
619.913
619.913
619.913
619.913
619.913
619.913
619.913
619.913
619.913
619.912
619.912
619.912
619.912
619.912
619.912
619.912
619.912
619.912
619.912
619.912
619.912
619.912
619.912
619.912
619.912
619.912
619.912
619.911
619.911
619.911
619.911
619.911
619.911
619.911
619.911
619.911
619.911
619.911
619.911
619.911
619.911
619.911
619.911
619.911
619.911
619.911
619.911
619.911
619.911
619.911
619.911
619.911
619.911
619.911
619.911
619.912
619.912
619.912
619.912
619.912
619.913
619.913
619.913
619.914
619.914
619.914
619.915
619.916
619.916
619.918
619.92
619.925
619.935
619.956
620.001
620.095
620.282
620.644
621.316
622.516
624.573
627.949
633.25
641.201
652.578
668.099
688.276
713.281
742.695
774.936
806.667
834.223
854.571
865.52
865.897
855.69
836.012
808.992
777.572
745.313
715.609
690.19
669.579
653.665
641.96
633.757
628.273
624.771
622.632
621.381
620.679
620.301
620.104
620.006
619.958
619.936
619.925
619.92
619.918
619.916
619.916
619.915
619.914
619.914
619.913
619.913
619.913
619.912
619.912
619.912
619.912
619.912
619.911
619.911
619.911
619.911
619.911
619.911
619.911
619.911
619.911
619.911
619.911
619.91
619.91
619.91
619.911
619.911
619.911
619.911
619.911
619.911
619.911
619.911
619.911
619.911
619.911
619.911
619.911
619.911
619.911
619.911
619.911
619.911
619.911
619.911
619.911
619.912
619.912
619.912
619.912
619.912
619.912
619.912
619.912
619.912
619.912
619.912
619.912
619.912
619.912
619.912
619.912
619.912
619.912
619.912
619.912
619.912
619.912
619.912
619.912
619.912
619.912
619.912
619.91
619.91
619.91
619.91
619.91
619.91
619.91
619.91
619.91
619.91
619.91
619.91
619.91
619.909
619.909
619.909
619.909
619.909
619.909
619.909
619.909
619.909
619.909
619.909
619.909
619.909
619.909
619.909
619.909
619.909
619.909
619.909
619.908
619.908
619.908
619.908
619.908
619.908
619.908
619.908
619.908
619.908
619.908
619.908
619.908
619.908
619.908
619.908
619.908
619.908
619.908
619.908
619.908
619.908
619.908
619.908
619.908
619.908
619.908
619.908
619.908
619.908
619.909
619.909
619.909
619.909
619.91
619.91
619.91
619.911
619.911
619.911
619.912
619.913
619.913
619.915
619.917
619.922
619.932
619.954
620.001
620.099
620.293
620.667
621.361
622.598
624.715
628.181
633.612
641.737
653.333
669.109
689.558
714.817
744.403
776.637
808.213
835.582
855.779
866.645
867.02
856.891
837.361
810.527
779.27
747.039
717.175
691.506
670.621
654.446
642.517
634.133
628.515
624.919
622.718
621.429
620.703
620.312
620.108
620.006
619.957
619.933
619.922
619.917
619.915
619.913
619.912
619.912
619.911
619.911
619.91
619.91
619.91
619.909
619.909
619.909
619.909
619.908
619.908
619.908
619.908
619.908
619.908
619.908
619.908
619.908
619.907
619.907
619.907
619.907
619.907
619.907
619.907
619.907
619.907
619.907
619.908
619.908
619.908
619.908
619.908
619.908
619.908
619.908
619.908
619.908
619.908
619.908
619.908
619.908
619.908
619.908
619.908
619.908
619.908
619.909
619.909
619.909
619.909
619.909
619.909
619.909
619.909
619.909
619.909
619.909
619.909
619.909
619.909
619.909
619.909
619.909
619.909
619.909
619.909
619.909
619.909
619.909
619.909
619.909
619.907
619.907
619.907
619.907
619.907
619.907
619.907
619.907
619.907
619.907
619.907
619.907
619.906
619.906
619.906
619.906
619.906
619.906
619.906
619.906
619.906
619.906
619.906
619.906
619.906
619.906
619.906
619.906
619.906
619.906
619.906
619.905
619.905
619.905
619.905
619.905
619.905
619.905
619.905
619.905
619.905
619.905
619.905
619.905
619.905
619.905
619.905
619.905
619.905
619.905
619.905
619.905
619.905
619.905
619.905
619.905
619.905
619.905
619.905
619.905
619.905
619.906
619.906
619.906
619.906
619.906
619.907
619.907
619.907
619.908
619.908
619.908
619.909
619.909
619.91
619.912
619.914
619.919
619.93
619.953
620.001
620.101
620.302
620.687
621.402
622.674
624.845
628.394
633.941
642.221
654.01
670.008
690.688
716.155
745.868
778.072
809.501
836.703
856.768
867.562
867.936
857.875
838.474
811.808
780.704
748.519
718.54
692.667
671.548
655.147
643.019
634.476
628.737
625.056
622.798
621.472
620.725
620.322
620.111
620.006
619.955
619.931
619.919
619.914
619.912
619.91
619.909
619.909
619.908
619.908
619.907
619.907
619.907
619.906
619.906
619.906
619.906
619.905
619.905
619.905
619.905
619.905
619.905
619.905
619.905
619.905
619.904
619.904
619.904
619.904
619.904
619.904
619.904
619.904
619.904
619.904
619.904
619.904
619.905
619.905
619.905
619.905
619.905
619.905
619.905
619.905
619.905
619.905
619.905
619.905
619.905
619.905
619.905
619.905
619.905
619.905
619.906
619.906
619.906
619.906
619.906
619.906
619.906
619.906
619.906
619.906
619.906
619.906
619.906
619.906
619.906
619.906
619.906
619.906
619.906
619.906
619.906
619.906
619.906
619.906
619.904
619.904
619.904
619.904
619.904
619.904
619.904
619.904
619.904
619.904
619.904
619.903
619.903
619.903
619.903
619.903
619.903
619.903
619.903
619.903
619.903
619.903
619.903
619.903
619.903
619.903
619.903
619.903
619.903
619.903
619.903
619.902
619.902
619.902
619.902
619.902
619.902
619.902
619.902
619.902
619.902
619.902
619.902
619.902
619.902
619.902
619.902
619.902
619.902
619.902
619.902
619.902
619.902
619.902
619.902
619.902
619.902
619.902
619.902
619.902
619.902
619.902
619.903
619.903
619.903
619.903
619.904
619.904
619.904
619.904
619.905
619.905
619.906
619.906
619.907
619.908
619.911
619.916
619.927
619.951
620.001
620.104
620.31
620.707
621.44
622.743
624.964
628.587
634.239
642.657
654.617
670.807
691.686
717.324
747.132
779.294
810.587
837.64
857.59
868.321
868.694
858.694
839.407
812.889
781.926
749.797
719.734
693.692
672.374
655.776
643.473
634.787
628.939
625.181
622.871
621.512
620.746
620.331
620.114
620.006
619.953
619.928
619.916
619.911
619.908
619.907
619.906
619.906
619.905
619.905
619.904
619.904
619.904
619.903
619.903
619.903
619.903
619.902
619.902
619.902
619.902
619.902
619.902
619.902
619.902
619.902
619.901
619.901
619.901
619.901
619.901
619.901
619.901
619.901
619.901
619.901
619.901
619.901
619.901
619.902
619.902
619.902
619.902
619.902
619.902
619.902
619.902
619.902
619.902
619.902
619.902
619.902
619.902
619.902
619.902
619.902
619.902
619.903
619.903
619.903
619.903
619.903
619.903
619.903
619.903
619.903
619.903
619.903
619.903
619.903
619.903
619.903
619.903
619.903
619.903
619.903
619.903
619.903
619.903
619.903
619.901
619.901
619.901
619.901
619.901
619.901
619.901
619.901
619.901
619.9
619.9
619.9
619.9
619.9
619.9
619.9
619.9
619.9
619.9
619.9
619.9
619.9
619.9
619.9
619.9
619.9
619.9
619.9
619.9
619.9
619.899
619.899
619.899
619.899
619.899
619.899
619.899
619.899
619.899
619.899
619.899
619.899
619.899
619.899
619.899
619.899
619.899
619.899
619.899
619.899
619.899
619.899
619.899
619.899
619.899
619.899
619.899
619.899
619.899
619.899
619.899
619.899
619.9
619.9
619.9
619.9
619.9
619.901
619.901
619.901
619.902
619.902
619.903
619.903
619.904
619.905
619.908
619.913
619.924
619.948
620
620.106
620.318
620.724
621.475
622.807
625.073
628.763
634.509
643.05
655.16
671.519
692.567
718.349
748.229
780.342
811.511
838.433
858.281
868.958
869.33
859.383
840.196
813.81
782.976
750.907
720.782
694.6
673.11
656.34
643.882
635.068
629.123
625.295
622.938
621.549
620.764
620.339
620.117
620.005
619.951
619.925
619.913
619.908
619.905
619.904
619.903
619.902
619.902
619.902
619.901
619.901
619.901
619.9
619.9
619.9
619.9
619.899
619.899
619.899
619.899
619.899
619.899
619.899
619.899
619.898
619.898
619.898
619.898
619.898
619.898
619.898
619.898
619.898
619.898
619.898
619.898
619.898
619.898
619.898
619.899
619.899
619.899
619.899
619.899
619.899
619.899
619.899
619.899
619.899
619.899
619.899
619.899
619.899
619.899
619.899
619.899
619.899
619.899
619.9
619.9
619.9
619.9
619.9
619.9
619.9
619.9
619.9
619.9
619.9
619.9
619.9
619.9
619.9
619.9
619.9
619.9
619.9
619.9
619.9
619.898
619.898
619.898
619.898
619.898
619.897
619.897
619.897
619.897
619.897
619.897
619.897
619.897
619.897
619.897
619.897
619.897
619.897
619.897
619.897
619.897
619.897
619.897
619.897
619.897
619.897
619.897
619.897
619.896
619.896
619.896
619.896
619.896
619.896
619.896
619.896
619.896
619.896
619.896
619.896
619.896
619.896
619.896
619.896
619.896
619.896
619.896
619.896
619.896
619.896
619.896
619.896
619.896
619.896
619.896
619.896
619.896
619.896
619.896
619.896
619.896
619.896
619.896
619.897
619.897
619.897
619.897
619.898
619.898
619.898
619.899
619.899
619.899
619.9
619.901
619.902
619.904
619.91
619.921
619.946
619.999
620.108
620.324
620.74
621.506
622.865
625.172
628.922
634.752
643.403
655.645
672.151
693.346
719.248
749.182
781.245
812.303
839.109
858.868
869.497
869.869
859.969
840.871
814.602
783.883
751.874
721.703
695.404
673.766
656.844
644.25
635.323
629.29
625.399
622.999
621.583
620.781
620.346
620.119
620.004
619.949
619.922
619.91
619.905
619.902
619.901
619.9
619.899
619.899
619.898
619.898
619.898
619.897
619.897
619.897
619.897
619.896
619.896
619.896
619.896
619.896
619.896
619.896
619.895
619.895
619.895
619.895
619.895
619.895
619.895
619.895
619.895
619.895
619.895
619.895
619.895
619.895
619.895
619.895
619.895
619.895
619.895
619.895
619.896
619.896
619.896
619.896
619.896
619.896
619.896
619.896
619.896
619.896
619.896
619.896
619.896
619.896
619.896
619.896
619.896
619.896
619.897
619.897
619.897
619.897
619.897
619.897
619.897
619.897
619.897
619.897
619.897
619.897
619.897
619.897
619.897
619.897
619.897
619.897
619.897
619.894
619.894
619.894
619.894
619.894
619.894
619.894
619.894
619.894
619.894
619.894
619.894
619.894
619.894
619.894
619.894
619.894
619.894
619.894
619.894
619.894
619.894
619.894
619.894
619.894
619.893
619.893
619.893
619.893
619.893
619.893
619.893
619.893
619.893
619.893
619.893
619.893
619.893
619.893
619.893
619.893
619.893
619.893
619.892
619.892
619.892
619.892
619.892
619.892
619.892
619.892
619.892
619.892
619.892
619.892
619.892
619.893
619.893
619.893
619.893
619.893
619.893
619.893
619.893
619.894
619.894
619.894
619.894
619.895
619.895
619.895
619.896
619.896
619.897
619.897
619.899
619.901
619.906
619.918
619.944
619.998
620.109
620.33
620.754
621.535
622.917
625.261
629.066
634.97
643.718
656.078
672.713
694.035
720.039
750.014
782.027
812.985
839.688
859.369
869.957
870.329
860.47
841.45
815.284
784.67
752.718
722.515
696.116
674.349
657.295
644.58
635.552
629.441
625.493
623.054
621.613
620.796
620.352
620.12
620.003
619.946
619.919
619.907
619.901
619.899
619.897
619.896
619.896
619.895
619.895
619.895
619.894
619.894
619.894
619.894
619.893
619.893
619.893
619.893
619.893
619.893
619.892
619.892
619.892
619.892
619.892
619.892
619.892
619.892
619.892
619.892
619.892
619.892
619.892
619.892
619.892
619.892
619.892
619.892
619.892
619.892
619.892
619.892
619.892
619.892
619.892
619.892
619.893
619.893
619.893
619.893
619.893
619.893
619.893
619.893
619.893
619.893
619.893
619.893
619.893
619.893
619.893
619.893
619.893
619.893
619.893
619.894
619.894
619.894
619.894
619.894
619.894
619.894
619.894
619.894
619.894
619.894
619.894
619.894
619.894
619.891
619.891
619.891
619.891
619.891
619.891
619.891
619.891
619.891
619.891
619.891
619.891
619.891
619.891
619.891
619.891
619.891
619.891
619.891
619.89
619.89
619.89
619.89
619.89
619.89
619.89
619.89
619.89
619.89
619.89
619.89
619.89
619.89
619.89
619.89
619.889
619.889
619.889
619.889
619.889
619.889
619.889
619.889
619.889
619.889
619.889
619.889
619.889
619.889
619.889
619.889
619.889
619.889
619.889
619.889
619.889
619.889
619.889
619.889
619.889
619.889
619.89
619.89
619.89
619.89
619.89
619.891
619.891
619.891
619.891
619.892
619.892
619.892
619.893
619.894
619.895
619.897
619.903
619.915
619.941
619.996
620.109
620.335
620.766
621.56
622.964
625.341
629.194
635.166
644
656.461
673.209
694.641
720.732
750.738
782.704
813.572
840.186
859.798
870.351
870.723
860.9
841.949
815.874
785.352
753.456
723.228
696.744
674.867
657.697
644.875
635.757
629.577
625.578
623.104
621.64
620.81
620.357
620.121
620.001
619.943
619.916
619.903
619.897
619.895
619.893
619.893
619.892
619.892
619.891
619.891
619.891
619.891
619.89
619.89
619.89
619.89
619.889
619.889
619.889
619.889
619.889
619.889
619.889
619.889
619.889
619.889
619.889
619.889
619.889
619.889
619.889
619.889
619.889
619.889
619.889
619.889
619.889
619.889
619.889
619.889
619.889
619.889
619.889
619.889
619.889
619.889
619.889
619.889
619.889
619.889
619.889
619.889
619.889
619.89
619.89
619.89
619.89
619.89
619.89
619.89
619.89
619.89
619.89
619.89
619.89
619.89
619.89
619.89
619.89
619.89
619.89
619.89
619.89
619.89
619.89
619.89
619.89
619.89
619.89
619.887
619.887
619.887
619.887
619.887
619.887
619.887
619.887
619.887
619.887
619.887
619.887
619.887
619.887
619.887
619.887
619.887
619.887
619.887
619.887
619.887
619.887
619.886
619.886
619.886
619.886
619.886
619.886
619.886
619.886
619.886
619.886
619.886
619.886
619.886
619.886
619.886
619.886
619.885
619.885
619.885
619.885
619.885
619.885
619.885
619.885
619.885
619.885
619.885
619.885
619.885
619.885
619.885
619.885
619.885
619.885
619.885
619.885
619.885
619.885
619.886
619.886
619.886
619.886
619.886
619.886
619.887
619.887
619.887
619.887
619.888
619.888
619.888
619.889
619.889
619.891
619.893
619.899
619.911
619.937
619.993
620.109
620.338
620.776
621.583
623.005
625.412
629.309
635.339
644.248
656.8
673.646
695.172
721.336
751.367
783.288
814.077
840.612
860.166
870.687
871.06
861.269
842.378
816.383
785.944
754.098
723.853
697.297
675.323
658.052
645.136
635.94
629.698
625.653
623.148
621.664
620.821
620.361
620.12
619.999
619.94
619.912
619.899
619.893
619.891
619.889
619.889
619.888
619.888
619.887
619.887
619.887
619.887
619.886
619.886
619.886
619.886
619.886
619.885
619.885
619.885
619.885
619.885
619.885
619.885
619.885
619.885
619.885
619.885
619.885
619.885
619.885
619.885
619.885
619.885
619.885
619.885
619.885
619.885
619.885
619.885
619.885
619.885
619.885
619.885
619.885
619.885
619.885
619.885
619.885
619.886
619.886
619.886
619.886
619.886
619.886
619.886
619.886
619.886
619.886
619.886
619.886
619.886
619.886
619.886
619.886
619.886
619.886
619.886
619.886
619.886
619.886
619.887
619.887
619.887
619.887
619.887
619.887
619.887
619.887
619.882
619.882
619.882
619.882
619.882
619.882
619.882
619.882
619.882
619.882
619.882
619.882
619.882
619.882
619.882
619.882
619.882
619.882
619.882
619.882
619.882
619.882
619.882
619.882
619.882
619.882
619.882
619.881
619.881
619.881
619.881
619.881
619.881
619.881
619.881
619.881
619.881
619.881
619.881
619.881
619.881
619.881
619.881
619.881
619.88
619.88
619.88
619.88
619.88
619.88
619.88
619.88
619.88
619.88
619.88
619.88
619.88
619.88
619.881
619.881
619.881
619.881
619.881
619.881
619.881
619.881
619.882
619.882
619.882
619.882
619.882
619.883
619.883
619.883
619.884
619.885
619.888
619.893
619.906
619.933
619.989
620.107
620.339
620.784
621.601
623.041
625.474
629.409
635.491
644.466
657.096
674.026
695.634
721.86
751.909
783.789
814.509
840.976
860.479
870.974
871.347
861.585
842.746
816.82
786.453
754.654
724.396
697.78
675.723
658.363
645.366
636.101
629.804
625.719
623.187
621.684
620.83
620.363
620.119
619.995
619.935
619.907
619.894
619.888
619.885
619.884
619.883
619.883
619.883
619.882
619.882
619.882
619.882
619.881
619.881
619.881
619.881
619.881
619.881
619.88
619.88
619.88
619.88
619.88
619.88
619.88
619.88
619.88
619.88
619.88
619.88
619.88
619.88
619.88
619.88
619.88
619.88
619.88
619.88
619.88
619.88
619.88
619.88
619.88
619.88
619.881
619.881
619.881
619.881
619.881
619.881
619.881
619.881
619.881
619.881
619.881
619.881
619.881
619.881
619.881
619.881
619.881
619.881
619.882
619.882
619.882
619.882
619.882
619.882
619.882
619.882
619.882
619.882
619.882
619.882
619.882
619.882
619.882
619.882
619.882
619.876
619.876
619.876
619.876
619.876
619.876
619.876
619.876
619.876
619.876
619.876
619.876
619.876
619.876
619.876
619.876
619.876
619.875
619.875
619.875
619.875
619.875
619.875
619.875
619.875
619.875
619.875
619.875
619.875
619.875
619.875
619.875
619.875
619.875
619.874
619.874
619.874
619.874
619.874
619.874
619.874
619.874
619.874
619.874
619.874
619.874
619.874
619.874
619.874
619.874
619.874
619.874
619.874
619.874
619.874
619.874
619.874
619.874
619.874
619.874
619.874
619.874
619.874
619.874
619.874
619.874
619.875
619.875
619.875
619.875
619.875
619.875
619.876
619.876
619.877
619.878
619.88
619.886
619.898
619.926
619.983
620.102
620.338
620.788
621.614
623.07
625.526
629.494
635.621
644.653
657.35
674.352
696.029
722.308
752.371
784.214
814.873
841.283
860.743
871.216
871.591
861.852
843.057
817.192
786.887
755.13
724.863
698.195
676.067
658.632
645.565
636.239
629.894
625.775
623.218
621.699
620.834
620.362
620.115
619.989
619.928
619.9
619.887
619.881
619.878
619.877
619.876
619.876
619.875
619.875
619.875
619.875
619.875
619.874
619.874
619.874
619.874
619.874
619.874
619.874
619.874
619.874
619.873
619.873
619.873
619.873
619.873
619.873
619.873
619.873
619.873
619.873
619.873
619.873
619.873
619.874
619.874
619.874
619.874
619.874
619.874
619.874
619.874
619.874
619.874
619.874
619.874
619.874
619.874
619.874
619.874
619.874
619.874
619.875
619.875
619.875
619.875
619.875
619.875
619.875
619.875
619.875
619.875
619.875
619.875
619.875
619.875
619.875
619.875
619.875
619.875
619.875
619.875
619.875
619.875
619.875
619.875
619.875
619.875
619.875
619.865
619.865
619.865
619.865
619.865
619.865
619.865
619.865
619.865
619.865
619.865
619.865
619.865
619.865
619.865
619.865
619.865
619.865
619.865
619.865
619.865
619.865
619.865
619.865
619.865
619.865
619.865
619.864
619.864
619.864
619.864
619.864
619.864
619.864
619.864
619.864
619.864
619.864
619.864
619.864
619.864
619.864
619.864
619.863
619.863
619.863
619.863
619.863
619.863
619.863
619.863
619.863
619.863
619.863
619.863
619.863
619.863
619.863
619.863
619.863
619.863
619.863
619.863
619.863
619.863
619.863
619.863
619.864
619.864
619.864
619.864
619.864
619.864
619.865
619.865
619.866
619.869
619.874
619.887
619.914
619.973
620.093
620.331
620.786
621.621
623.089
625.565
629.562
635.727
644.808
657.562
674.626
696.361
722.683
752.756
784.566
815.175
841.536
860.962
871.417
871.793
862.074
843.317
817.501
787.25
755.53
725.257
698.546
676.357
658.858
645.731
636.354
629.968
625.818
623.24
621.707
620.834
620.356
620.105
619.979
619.917
619.888
619.875
619.869
619.866
619.865
619.865
619.864
619.864
619.864
619.864
619.864
619.864
619.863
619.863
619.863
619.863
619.863
619.863
619.863
619.863
619.863
619.863
619.863
619.863
619.863
619.863
619.863
619.863
619.863
619.863
619.863
619.863
619.863
619.863
619.863
619.863
619.863
619.863
619.863
619.863
619.864
619.864
619.864
619.864
619.864
619.864
619.864
619.864
619.864
619.864
619.864
619.864
619.864
619.864
619.864
619.864
619.864
619.865
619.865
619.865
619.865
619.865
619.865
619.865
619.865
619.865
619.865
619.865
619.865
619.865
619.865
619.865
619.865
619.865
619.865
619.865
619.865
619.865
619.865
619.847
619.847
619.847
619.847
619.847
619.847
619.847
619.847
619.847
619.847
619.847
619.847
619.847
619.847
619.847
619.847
619.847
619.847
619.847
619.847
619.847
619.847
619.847
619.847
619.847
619.846
619.846
619.846
619.846
619.846
619.846
619.846
619.846
619.846
619.846
619.846
619.846
619.846
619.846
619.846
619.846
619.846
619.845
619.845
619.845
619.845
619.845
619.845
619.845
619.845
619.845
619.845
619.845
619.845
619.845
619.845
619.845
619.845
619.845
619.845
619.845
619.844
619.844
619.844
619.844
619.844
619.844
619.844
619.844
619.844
619.844
619.844
619.844
619.845
619.845
619.846
619.848
619.854
619.866
619.894
619.953
620.074
620.315
620.774
621.616
623.096
625.589
629.61
635.808
644.929
657.73
674.844
696.628
722.986
753.066
784.849
815.416
841.739
861.137
871.579
871.956
862.253
843.526
817.751
787.545
755.857
725.58
698.832
676.593
659.041
645.863
636.442
630.022
625.845
623.249
621.704
620.823
620.341
620.087
619.959
619.897
619.868
619.855
619.849
619.846
619.845
619.845
619.845
619.845
619.845
619.845
619.845
619.845
619.845
619.845
619.845
619.845
619.845
619.845
619.845
619.845
619.845
619.845
619.845
619.845
619.845
619.845
619.845
619.845
619.845
619.845
619.845
619.845
619.845
619.845
619.845
619.846
619.846
619.846
619.846
619.846
619.846
619.846
619.846
619.846
619.846
619.846
619.846
619.846
619.846
619.846
619.846
619.846
619.847
619.847
619.847
619.847
619.847
619.847
619.847
619.847
619.847
619.847
619.847
619.847
619.847
619.847
619.847
619.847
619.847
619.847
619.847
619.847
619.847
619.847
619.847
619.847
619.847
619.847
619.847
619.814
619.814
619.814
619.814
619.814
619.814
619.814
619.814
619.814
619.814
619.814
619.814
619.814
619.814
619.814
619.814
619.814
619.814
619.814
619.814
619.814
619.814
619.814
619.814
619.814
619.814
619.814
619.814
619.814
619.814
619.814
619.814
619.814
619.814
619.813
619.813
619.813
619.813
619.813
619.813
619.813
619.813
619.813
619.813
619.813
619.813
619.813
619.813
619.813
619.812
619.812
619.812
619.812
619.812
619.812
619.812
619.812
619.812
619.811
619.811
619.811
619.811
619.811
619.811
619.811
619.81
619.81
619.81
619.81
619.81
619.809
619.809
619.809
619.809
619.809
619.81
619.812
619.817
619.83
619.857
619.917
620.039
620.282
620.745
621.593
623.083
625.591
629.632
635.856
645.012
657.851
675.006
696.828
723.217
753.303
785.062
815.596
841.89
861.269
871.702
872.081
862.39
843.686
817.942
787.771
756.109
725.829
699.052
676.771
659.175
645.955
636.498
630.048
625.85
623.238
621.682
620.794
620.308
620.053
619.924
619.861
619.832
619.819
619.813
619.811
619.81
619.81
619.81
619.81
619.81
619.81
619.811
619.811
619.811
619.811
619.811
619.811
619.812
619.812
619.812
619.812
619.812
619.812
619.812
619.813
619.813
619.813
619.813
619.813
619.813
619.813
619.813
619.813
619.814
619.814
619.814
619.814
619.814
619.814
619.814
619.814
619.814
619.814
619.814
619.814
619.814
619.814
619.814
619.815
619.815
619.815
619.815
619.815
619.815
619.815
619.815
619.815
619.815
619.815
619.815
619.815
619.815
619.815
619.815
619.815
619.815
619.815
619.815
619.815
619.815
619.815
619.815
619.815
619.815
619.815
619.815
619.815
619.815
619.815
619.815
619.755
619.755
619.755
619.755
619.755
619.755
619.755
619.755
619.755
619.755
619.755
619.755
619.755
619.755
619.755
619.755
619.755
619.755
619.755
619.755
619.755
619.755
619.755
619.755
619.755
619.755
619.755
619.755
619.755
619.755
619.755
619.755
619.755
619.755
619.755
619.755
619.755
619.755
619.755
619.755
619.754
619.754
619.754
619.754
619.754
619.754
619.754
619.754
619.754
619.754
619.753
619.753
619.753
619.753
619.753
619.752
619.752
619.752
619.752
619.751
619.751
619.751
619.75
619.75
619.75
619.749
619.749
619.748
619.748
619.747
619.747
619.746
619.746
619.746
619.745
619.746
619.747
619.752
619.765
619.792
619.852
619.975
620.219
620.686
621.539
623.037
625.558
629.617
635.864
645.046
657.917
675.104
696.958
723.371
753.462
785.204
815.714
841.99
861.356
871.785
872.166
862.483
843.794
818.073
787.928
756.286
726.003
699.2
676.885
659.253
645.999
636.513
630.039
625.821
623.195
621.63
620.736
620.247
619.989
619.859
619.796
619.767
619.754
619.749
619.747
619.747
619.747
619.747
619.748
619.748
619.749
619.749
619.75
619.75
619.751
619.751
619.752
619.752
619.752
619.753
619.753
619.753
619.754
619.754
619.754
619.754
619.755
619.755
619.755
619.755
619.756
619.756
619.756
619.756
619.756
619.756
619.756
619.756
619.756
619.757
619.757
619.757
619.757
619.757
619.757
619.757
619.757
619.757
619.757
619.757
619.757
619.757
619.757
619.757
619.757
619.757
619.757
619.757
619.757
619.757
619.757
619.757
619.757
619.757
619.757
619.757
619.757
619.757
619.757
619.757
619.757
619.757
619.757
619.757
619.757
619.757
619.757
619.757
619.757
619.757
619.648
619.648
619.648
619.648
619.648
619.648
619.648
619.649
619.649
619.649
619.649
619.649
619.649
619.649
619.649
619.649
619.649
619.649
619.649
619.649
619.649
619.649
619.649
619.649
619.649
619.65
619.65
619.65
619.65
619.65
619.65
619.65
619.65
619.65
619.65
619.65
619.65
619.65
619.65
619.65
619.65
619.65
619.65
619.65
619.65
619.65
619.649
619.649
619.649
619.649
619.649
619.648
619.648
619.648
619.647
619.647
619.647
619.646
619.646
619.645
619.645
619.644
619.643
619.643
619.642
619.641
619.64
619.639
619.638
619.637
619.637
619.635
619.634
619.633
619.633
619.632
619.634
619.638
619.65
619.677
619.737
619.86
620.106
620.575
621.433
622.94
625.472
629.546
635.814
645.019
657.914
675.127
697.004
723.438
753.536
785.265
815.764
842.031
861.396
871.825
872.208
862.53
843.848
818.138
788.008
756.381
726.093
699.266
676.924
659.263
645.982
636.469
629.973
625.739
623.1
621.526
620.627
620.135
619.876
619.745
619.682
619.653
619.641
619.636
619.635
619.635
619.636
619.637
619.638
619.639
619.64
619.641
619.642
619.643
619.644
619.645
619.646
619.647
619.647
619.648
619.649
619.649
619.65
619.65
619.651
619.651
619.651
619.652
619.652
619.653
619.653
619.653
619.653
619.653
619.654
619.654
619.654
619.654
619.654
619.654
619.654
619.654
619.654
619.655
619.655
619.655
619.655
619.655
619.655
619.655
619.655
619.655
619.655
619.654
619.654
619.654
619.654
619.654
619.654
619.654
619.654
619.654
619.654
619.654
619.654
619.654
619.654
619.654
619.654
619.654
619.654
619.654
619.654
619.654
619.654
619.654
619.654
619.654
619.654
619.654
619.464
619.464
619.464
619.464
619.464
619.464
619.465
619.465
619.465
619.465
619.465
619.465
619.465
619.465
619.465
619.466
619.466
619.466
619.466
619.466
619.466
619.466
619.467
619.467
619.467
619.467
619.467
619.468
619.468
619.468
619.468
619.468
619.468
619.468
619.469
619.469
619.469
619.469
619.469
619.469
619.469
619.469
619.469
619.469
619.469
619.469
619.468
619.468
619.468
619.468
619.467
619.467
619.466
619.466
619.465
619.465
619.464
619.463
619.463
619.462
619.461
619.46
619.459
619.457
619.456
619.455
619.453
619.452
619.45
619.449
619.447
619.445
619.443
619.441
619.44
619.439
619.439
619.442
619.453
619.48
619.539
619.663
619.91
620.382
621.245
622.759
625.303
629.393
635.68
644.908
657.827
675.064
696.961
723.41
753.513
785.241
815.741
842.013
861.383
871.817
872.202
862.524
843.839
818.126
787.997
756.372
726.08
699.239
676.875
659.188
645.88
636.343
629.825
625.574
622.922
621.34
620.436
619.941
619.68
619.55
619.487
619.459
619.447
619.443
619.443
619.444
619.446
619.448
619.45
619.452
619.454
619.456
619.457
619.459
619.46
619.462
619.463
619.465
619.466
619.467
619.468
619.469
619.47
619.471
619.471
619.472
619.473
619.473
619.474
619.475
619.475
619.475
619.476
619.476
619.476
619.476
619.477
619.477
619.477
619.477
619.477
619.477
619.477
619.477
619.477
619.477
619.477
619.477
619.477
619.477
619.477
619.477
619.477
619.476
619.476
619.476
619.476
619.476
619.476
619.476
619.476
619.475
619.475
619.475
619.475
619.475
619.475
619.475
619.475
619.475
619.474
619.474
619.474
619.474
619.474
619.474
619.474
619.474
619.474
619.474
619.156
619.156
619.156
619.156
619.156
619.157
619.157
619.157
619.157
619.157
619.157
619.158
619.158
619.158
619.158
619.159
619.159
619.159
619.159
619.16
619.16
619.16
619.161
619.161
619.161
619.162
619.162
619.163
619.163
619.163
619.164
619.164
619.164
619.165
619.165
619.165
619.165
619.165
619.166
619.166
619.166
619.166
619.166
619.166
619.166
619.166
619.166
619.165
619.165
619.165
619.164
619.164
619.163
619.162
619.161
619.16
619.159
619.158
619.157
619.155
619.154
619.152
619.151
619.149
619.147
619.145
619.142
619.14
619.137
619.135
619.132
619.129
619.126
619.123
619.12
619.118
619.117
619.119
619.129
619.154
619.213
619.337
619.585
620.06
620.928
622.451
625.007
629.115
635.425
644.679
657.627
674.892
696.816
723.289
753.406
785.139
815.649
841.936
861.321
871.765
872.153
862.469
843.774
818.051
787.914
756.285
725.98
699.113
676.719
659.001
645.662
636.096
629.555
625.283
622.618
621.026
620.116
619.618
619.357
619.226
619.164
619.137
619.127
619.124
619.125
619.128
619.131
619.134
619.137
619.14
619.143
619.146
619.149
619.152
619.154
619.157
619.159
619.161
619.163
619.165
619.166
619.168
619.169
619.171
619.172
619.173
619.174
619.175
619.176
619.177
619.177
619.178
619.178
619.179
619.179
619.179
619.18
619.18
619.18
619.18
619.18
619.18
619.18
619.18
619.18
619.18
619.179
619.179
619.179
619.179
619.179
619.178
619.178
619.178
619.178
619.177
619.177
619.177
619.177
619.176
619.176
619.176
619.176
619.175
619.175
619.175
619.175
619.174
619.174
619.174
619.174
619.174
619.174
619.174
619.173
619.173
619.173
619.173
619.173
619.173
618.66
618.66
618.66
618.66
618.66
618.66
618.661
618.661
618.661
618.661
618.662
618.662
618.663
618.663
618.663
618.664
618.664
618.665
618.666
618.666
618.667
618.667
618.668
618.669
618.669
618.67
618.67
618.671
618.672
618.672
618.673
618.674
618.674
618.675
618.675
618.676
618.676
618.677
618.677
618.677
618.678
618.678
618.678
618.678
618.678
618.678
618.678
618.678
618.677
618.677
618.676
618.675
618.674
618.673
618.672
618.671
618.669
618.668
618.666
618.664
618.661
618.659
618.656
618.654
618.651
618.647
618.644
618.64
618.636
618.632
618.628
618.624
618.619
618.614
618.61
618.606
618.603
618.604
618.612
618.636
618.693
618.817
619.066
619.544
620.419
621.953
624.527
628.658
634.998
644.288
657.275
674.578
696.539
723.046
753.186
784.936
815.469
841.783
861.193
871.653
872.044
862.35
843.636
817.89
787.732
756.088
725.76
698.856
676.423
658.663
645.283
635.679
629.105
624.809
622.125
620.522
619.605
619.103
618.841
618.71
618.649
618.624
618.615
618.615
618.618
618.622
618.627
618.632
618.637
618.642
618.647
618.651
618.655
618.659
618.663
618.667
618.67
618.673
618.676
618.679
618.681
618.684
618.686
618.688
618.69
618.691
618.693
618.694
618.695
618.697
618.697
618.698
618.699
618.699
618.7
618.7
618.7
618.701
618.701
618.701
618.701
618.701
618.7
618.7
618.7
618.7
618.699
618.699
618.699
618.698
618.698
618.697
618.697
618.696
618.696
618.695
618.695
618.694
618.694
618.693
618.693
618.692
618.692
618.691
618.691
618.691
618.69
618.69
618.69
618.689
618.689
618.689
618.689
618.688
618.688
618.688
618.688
618.688
618.688
618.688
617.892
617.892
617.892
617.892
617.893
617.893
617.893
617.894
617.894
617.895
617.895
617.896
617.896
617.897
617.898
617.899
617.9
617.9
617.901
617.902
617.903
617.904
617.905
617.906
617.907
617.908
617.909
617.911
617.912
617.913
617.914
617.915
617.916
617.917
617.918
617.919
617.92
617.92
617.921
617.922
617.922
617.923
617.923
617.923
617.924
617.924
617.924
617.923
617.923
617.922
617.921
617.921
617.919
617.918
617.916
617.915
617.912
617.91
617.908
617.905
617.901
617.898
617.894
617.89
617.886
617.881
617.876
617.871
617.866
617.86
617.854
617.847
617.841
617.834
617.827
617.821
617.816
617.814
617.82
617.843
617.899
618.022
618.273
618.755
619.638
621.187
623.784
627.949
634.332
643.675
656.72
674.083
696.1
722.658
752.835
784.615
815.187
841.544
860.989
871.471
871.865
862.157
843.413
817.629
787.435
755.761
725.396
698.439
675.947
658.125
644.683
635.024
628.405
624.074
621.366
619.747
618.821
618.315
618.051
617.921
617.862
617.838
617.832
617.834
617.839
617.846
617.854
617.861
617.868
617.875
617.882
617.888
617.894
617.9
617.906
617.911
617.916
617.92
617.925
617.929
617.932
617.936
617.939
617.942
617.944
617.946
617.948
617.95
617.952
617.953
617.955
617.956
617.956
617.957
617.958
617.958
617.958
617.958
617.958
617.958
617.958
617.958
617.957
617.957
617.956
617.956
617.955
617.954
617.954
617.953
617.952
617.951
617.95
617.95
617.949
617.948
617.947
617.946
617.945
617.945
617.944
617.943
617.942
617.942
617.941
617.94
617.94
617.939
617.939
617.938
617.938
617.937
617.937
617.936
617.936
617.936
617.936
617.936
617.935
617.935
616.753
616.754
616.754
616.754
616.754
616.755
616.755
616.756
616.757
616.757
616.758
616.759
616.76
616.761
616.762
616.764
616.765
616.766
616.768
616.769
616.771
616.772
616.774
616.775
616.777
616.779
616.78
616.782
616.784
616.785
616.787
616.789
616.79
616.792
616.794
616.795
616.797
616.798
616.799
616.8
616.801
616.802
616.803
616.804
616.804
616.804
616.804
616.804
616.804
616.803
616.802
616.801
616.8
616.798
616.796
616.794
616.791
616.788
616.785
616.781
616.777
616.772
616.767
616.762
616.756
616.75
616.743
616.736
616.728
616.72
616.712
616.703
616.694
616.685
616.675
616.666
616.658
616.654
616.657
616.677
616.732
616.855
617.107
617.595
618.49
620.059
622.688
626.899
633.345
642.766
655.899
673.354
695.459
722.096
752.331
784.16
814.788
841.203
860.696
871.206
871.604
861.875
843.09
817.254
787.005
755.284
724.861
697.823
675.241
657.324
643.791
634.051
627.367
622.987
620.246
618.606
617.668
617.156
616.891
616.761
616.704
616.683
616.68
616.685
616.693
616.703
616.714
616.724
616.734
616.743
616.753
616.762
616.77
616.778
616.786
616.793
616.799
616.806
616.811
616.817
616.822
616.826
616.83
616.834
616.838
616.841
616.843
616.846
616.848
616.85
616.851
616.852
616.853
616.854
616.855
616.855
616.855
616.855
616.855
616.854
616.854
616.853
616.853
616.852
616.851
616.85
616.849
616.847
616.846
616.845
616.844
616.842
616.841
616.84
616.838
616.837
616.836
616.835
616.833
616.832
616.831
616.83
616.828
616.827
616.826
616.825
616.824
616.823
616.822
616.822
616.821
616.82
616.82
616.819
616.819
616.818
616.818
616.818
616.818
616.818
615.136
615.137
615.137
615.137
615.138
615.138
615.139
615.14
615.141
615.142
615.143
615.145
615.146
615.148
615.149
615.151
615.153
615.155
615.157
615.159
615.161
615.164
615.166
615.168
615.171
615.173
615.176
615.178
615.181
615.183
615.186
615.188
615.191
615.193
615.196
615.198
615.2
615.202
615.204
615.206
615.208
615.209
615.211
615.212
615.213
615.214
615.214
615.214
615.214
615.214
615.213
615.212
615.21
615.208
615.206
615.203
615.2
615.196
615.192
615.187
615.182
615.176
615.169
615.163
615.155
615.147
615.138
615.129
615.119
615.109
615.098
615.086
615.075
615.062
615.05
615.038
615.027
615.019
615.02
615.037
615.09
615.212
615.467
615.962
616.872
618.467
621.139
625.414
631.946
641.477
654.74
672.333
694.571
721.326
751.651
783.549
814.255
840.745
860.297
870.842
871.245
861.489
842.652
816.746
786.424
754.633
724.122
696.964
674.245
656.188
642.522
632.669
625.895
621.45
618.665
616.997
616.044
615.525
615.257
615.128
615.073
615.055
615.055
615.064
615.076
615.089
615.103
615.117
615.13
615.143
615.155
615.166
615.177
615.188
615.198
615.207
615.216
615.224
615.231
615.238
615.245
615.25
615.256
615.261
615.265
615.269
615.272
615.275
615.277
615.28
615.281
615.283
615.284
615.284
615.285
615.285
615.285
615.284
615.284
615.283
615.282
615.281
615.28
615.278
615.277
615.275
615.273
615.272
615.27
615.268
615.266
615.264
615.262
615.26
615.258
615.256
615.254
615.252
615.25
615.248
615.246
615.245
615.243
615.241
615.24
615.238
615.237
615.235
615.234
615.233
615.232
615.231
615.23
615.229
615.229
615.228
615.228
615.227
615.227
615.227
612.939
612.939
612.94
612.94
612.941
612.942
612.943
612.944
612.945
612.947
612.949
612.951
612.953
612.955
612.957
612.96
612.962
612.965
612.968
612.971
612.974
612.977
612.98
612.984
612.987
612.991
612.994
612.998
613.001
613.005
613.008
613.012
613.015
613.019
613.022
613.026
613.029
613.032
613.035
613.038
613.04
613.043
613.045
613.047
613.049
613.05
613.051
613.052
613.052
613.052
613.051
613.05
613.049
613.047
613.044
613.041
613.038
613.033
613.028
613.023
613.016
613.009
613.002
612.993
612.984
612.974
612.963
612.952
612.94
612.927
612.914
612.9
612.885
612.87
612.854
612.839
612.824
612.814
612.811
612.825
612.876
612.998
613.256
613.76
614.689
616.317
619.043
623.399
630.046
639.725
653.165
670.952
693.383
720.311
750.765
782.761
813.565
840.148
859.774
870.36
870.767
860.98
842.078
816.086
785.669
753.781
723.143
695.811
672.897
654.641
640.794
630.789
623.897
619.368
616.527
614.825
613.852
613.324
613.053
612.925
612.872
612.857
612.861
612.874
612.89
612.907
612.924
612.941
612.958
612.974
612.989
613.003
613.017
613.03
613.042
613.054
613.065
613.075
613.084
613.092
613.1
613.107
613.114
613.12
613.125
613.129
613.133
613.136
613.139
613.141
613.143
613.145
613.145
613.146
613.146
613.146
613.145
613.144
613.143
613.142
613.14
613.139
613.136
613.134
613.132
613.13
613.127
613.124
613.122
613.119
613.116
613.113
613.11
613.107
613.105
613.102
613.099
613.096
613.093
613.091
613.088
613.086
613.083
613.081
613.079
613.077
613.075
613.073
613.071
613.07
613.068
613.067
613.066
613.065
613.064
613.063
613.062
613.062
613.062
613.061
610.084
610.084
610.085
610.086
610.087
610.088
610.089
610.091
610.093
610.095
610.097
610.099
610.102
610.105
610.108
610.111
610.115
610.118
610.122
610.126
610.13
610.134
610.139
610.143
610.148
610.152
610.157
610.162
610.167
610.171
610.176
610.181
610.186
610.191
610.195
610.2
610.204
610.209
610.213
610.217
610.221
610.224
610.228
610.231
610.233
610.235
610.237
610.239
610.24
610.24
610.24
610.24
610.238
610.237
610.234
610.231
610.227
610.222
610.217
610.211
610.204
610.196
610.187
610.177
610.167
610.155
610.143
610.13
610.115
610.1
610.084
610.068
610.05
610.032
610.014
609.995
609.978
609.964
609.958
609.97
610.019
610.141
610.403
610.918
611.869
613.537
616.327
620.782
627.57
637.436
651.105
669.15
691.843
719.009
749.645
781.77
812.697
839.391
859.103
869.738
870.15
860.324
841.346
815.25
784.714
752.698
721.883
694.312
671.132
652.614
638.532
628.335
621.298
616.667
613.759
612.016
611.021
610.482
610.207
610.079
610.029
610.017
610.025
610.041
610.061
610.081
610.102
610.123
610.142
610.161
610.18
610.197
610.213
610.229
610.243
610.257
610.269
610.281
610.292
610.302
610.311
610.319
610.326
610.333
610.338
610.343
610.347
610.351
610.354
610.356
610.358
610.359
610.359
610.36
610.359
610.358
610.357
610.356
610.354
610.351
610.349
610.346
610.343
610.34
610.337
610.333
610.33
610.326
610.322
610.318
610.314
610.311
610.307
610.303
610.299
610.295
610.291
610.288
610.284
610.28
610.277
610.274
610.271
610.267
610.265
610.262
610.259
610.257
610.254
610.252
610.25
610.249
610.247
610.246
610.244
610.243
610.243
610.242
610.242
610.241
606.539
606.54
606.54
606.541
606.542
606.544
606.545
606.547
606.55
606.552
606.555
606.558
606.562
606.565
606.569
606.573
606.577
606.582
606.587
606.592
606.597
606.602
606.608
606.613
606.619
606.625
606.631
606.637
606.643
606.649
606.656
606.662
606.668
606.674
606.68
606.686
606.692
606.698
606.704
606.709
606.714
606.719
606.724
606.728
606.732
606.735
606.738
606.741
606.743
606.744
606.745
606.745
606.744
606.743
606.741
606.738
606.734
606.729
606.724
606.717
606.71
606.702
606.692
606.682
606.67
606.658
606.644
606.629
606.613
606.597
606.579
606.56
606.541
606.52
606.499
606.478
606.458
606.441
606.433
606.442
606.49
606.614
606.881
607.407
608.382
610.094
612.957
617.524
624.476
634.563
648.51
666.876
689.903
717.38
748.259
780.552
811.626
838.45
858.26
868.951
869.369
859.499
840.433
814.215
783.537
751.356
720.303
692.419
668.901
650.056
635.69
625.265
618.06
613.313
610.329
608.542
607.522
606.97
606.691
606.562
606.514
606.505
606.516
606.535
606.558
606.582
606.606
606.629
606.652
606.673
606.694
606.713
606.732
606.749
606.765
606.781
606.795
606.808
606.82
606.83
606.84
606.849
606.857
606.864
606.87
606.875
606.879
606.883
606.885
606.887
606.888
606.889
606.889
606.888
606.887
606.886
606.883
606.881
606.878
606.875
606.871
606.867
606.863
606.859
606.855
606.85
606.845
606.84
606.835
606.83
606.825
606.82
606.815
606.81
606.805
606.8
606.795
606.791
606.786
606.781
606.777
606.773
606.769
606.765
606.761
606.758
606.754
606.751
606.748
606.746
606.743
606.741
606.739
606.737
606.736
606.735
606.734
606.733
606.732
606.732
602.334
602.334
602.335
602.336
602.337
602.339
602.341
602.344
602.346
602.349
602.353
602.356
602.36
602.365
602.369
602.374
602.38
602.385
602.391
602.397
602.403
602.409
602.416
602.423
602.43
602.437
602.444
602.452
602.459
602.467
602.474
602.482
602.49
602.497
602.505
602.512
602.52
602.527
602.534
602.541
602.547
602.554
602.56
602.565
602.57
602.575
602.579
602.583
602.586
602.589
602.591
602.592
602.592
602.591
602.59
602.588
602.585
602.58
602.575
602.569
602.562
602.553
602.544
602.533
602.521
602.508
602.494
602.479
602.462
602.444
602.426
602.406
602.385
602.363
602.34
602.317
602.295
602.277
602.266
602.275
602.322
602.447
602.72
603.259
604.259
606.017
608.956
613.643
620.77
631.101
645.363
664.102
687.531
715.393
746.583
779.082
810.33
837.302
857.222
867.974
868.399
858.481
839.316
812.96
782.113
749.73
718.372
690.099
666.174
646.948
632.26
621.585
614.197
609.326
606.265
604.43
603.384
602.819
602.535
602.405
602.357
602.35
602.363
602.385
602.411
602.437
602.463
602.488
602.513
602.536
602.558
602.579
602.599
602.617
602.635
602.651
602.666
602.679
602.692
602.703
602.713
602.722
602.73
602.737
602.743
602.747
602.751
602.754
602.756
602.758
602.758
602.758
602.757
602.756
602.753
602.751
602.748
602.744
602.74
602.736
602.731
602.726
602.721
602.715
602.709
602.703
602.697
602.691
602.685
602.679
602.673
602.666
602.66
602.654
602.648
602.642
602.636
602.63
602.625
602.619
602.614
602.609
602.604
602.599
602.595
602.59
602.586
602.583
602.579
602.576
602.573
602.57
602.568
602.566
602.564
602.563
602.561
602.56
602.56
602.559
597.569
597.57
597.57
597.571
597.573
597.575
597.577
597.58
597.583
597.587
597.591
597.595
597.599
597.604
597.61
597.615
597.621
597.627
597.634
597.641
597.648
597.655
597.663
597.671
597.679
597.687
597.696
597.704
597.713
597.722
597.73
597.739
597.748
597.757
597.766
597.775
597.784
597.792
597.801
597.809
597.817
597.825
597.832
597.839
597.846
597.852
597.857
597.862
597.867
597.871
597.874
597.876
597.877
597.878
597.878
597.876
597.874
597.871
597.867
597.861
597.854
597.847
597.838
597.827
597.816
597.803
597.789
597.774
597.757
597.74
597.721
597.7
597.679
597.657
597.634
597.61
597.588
597.568
597.557
597.565
597.613
597.741
598.019
598.572
599.596
601.397
604.41
609.215
616.519
627.101
641.694
660.838
684.718
713.028
744.597
777.345
808.79
835.925
855.965
866.784
867.216
857.245
837.974
811.465
780.427
747.8
716.069
687.343
662.958
643.318
628.29
617.357
609.787
604.794
601.656
599.776
598.705
598.127
597.837
597.705
597.657
597.651
597.665
597.688
597.715
597.742
597.769
597.795
597.82
597.844
597.867
597.888
597.908
597.927
597.944
597.961
597.976
597.989
598.001
598.012
598.022
598.031
598.038
598.044
598.05
598.054
598.057
598.059
598.06
598.061
598.06
598.059
598.057
598.055
598.051
598.048
598.043
598.039
598.033
598.028
598.022
598.016
598.009
598.002
597.995
597.988
597.981
597.974
597.967
597.959
597.952
597.944
597.937
597.93
597.923
597.916
597.909
597.902
597.896
597.889
597.883
597.877
597.872
597.866
597.861
597.856
597.852
597.848
597.844
597.84
597.836
597.833
597.831
597.828
597.826
597.824
597.823
597.822
597.821
597.821
592.414
592.414
592.415
592.416
592.418
592.42
592.423
592.426
592.429
592.433
592.437
592.442
592.447
592.452
592.458
592.464
592.47
592.477
592.484
592.492
592.5
592.508
592.516
592.525
592.533
592.543
592.552
592.561
592.571
592.581
592.59
592.6
592.61
592.62
592.63
592.64
592.65
592.66
592.669
592.679
592.688
592.697
592.705
592.714
592.722
592.729
592.736
592.742
592.748
592.753
592.757
592.76
592.763
592.765
592.766
592.766
592.765
592.763
592.76
592.755
592.75
592.743
592.735
592.726
592.716
592.704
592.691
592.677
592.661
592.644
592.626
592.607
592.586
592.565
592.542
592.52
592.497
592.479
592.468
592.477
592.527
592.657
592.942
593.507
594.553
596.393
599.472
604.383
611.85
622.668
637.583
657.136
681.489
710.287
742.295
775.331
806.994
834.305
854.473
865.362
865.801
855.776
836.391
809.717
778.469
745.56
713.396
684.173
659.304
639.244
623.884
612.707
604.968
599.866
596.659
594.739
593.645
593.056
592.759
592.624
592.575
592.568
592.582
592.604
592.631
592.658
592.684
592.71
592.734
592.758
592.78
592.801
592.82
592.838
592.855
592.87
592.884
592.897
592.909
592.919
592.928
592.935
592.942
592.947
592.951
592.954
592.956
592.957
592.958
592.957
592.955
592.953
592.95
592.946
592.942
592.937
592.932
592.926
592.92
592.913
592.906
592.899
592.891
592.883
592.875
592.867
592.859
592.851
592.843
592.834
592.826
592.818
592.81
592.802
592.794
592.786
592.779
592.771
592.764
592.757
592.75
592.744
592.738
592.732
592.726
592.721
592.716
592.711
592.707
592.702
592.699
592.695
592.692
592.69
592.688
592.686
592.684
592.683
592.682
592.682
587.087
587.088
587.089
587.09
587.092
587.094
587.097
587.1
587.103
587.107
587.111
587.116
587.121
587.127
587.133
587.139
587.146
587.153
587.161
587.168
587.176
587.185
587.194
587.203
587.212
587.221
587.231
587.241
587.251
587.261
587.272
587.282
587.293
587.303
587.314
587.325
587.335
587.346
587.356
587.366
587.376
587.386
587.395
587.404
587.413
587.421
587.429
587.437
587.443
587.449
587.455
587.46
587.464
587.467
587.469
587.47
587.47
587.47
587.468
587.465
587.461
587.456
587.45
587.442
587.433
587.423
587.412
587.399
587.385
587.37
587.354
587.336
587.317
587.298
587.277
587.256
587.236
587.219
587.21
587.221
587.273
587.408
587.699
588.273
589.338
591.208
594.34
599.336
606.939
617.96
633.163
653.095
677.907
707.202
739.687
773.044
804.94
832.435
852.734
863.696
864.144
854.063
834.561
807.716
776.242
743.021
710.378
680.647
655.307
634.856
619.198
607.81
599.932
594.74
591.479
589.526
588.414
587.814
587.511
587.372
587.32
587.312
587.324
587.345
587.369
587.394
587.419
587.443
587.466
587.488
587.508
587.528
587.545
587.562
587.577
587.591
587.603
587.615
587.625
587.633
587.641
587.647
587.652
587.656
587.659
587.661
587.662
587.662
587.661
587.659
587.656
587.653
587.649
587.644
587.639
587.633
587.627
587.62
587.613
587.605
587.598
587.589
587.581
587.573
587.564
587.555
587.547
587.538
587.529
587.52
587.511
587.502
587.494
587.485
587.477
587.469
587.461
587.453
587.445
587.438
587.431
587.424
587.418
587.412
587.406
587.4
587.395
587.39
587.385
587.381
587.377
587.374
587.371
587.368
587.366
587.364
587.362
587.361
587.36
587.36
581.832
581.833
581.833
581.835
581.836
581.839
581.841
581.844
581.848
581.852
581.856
581.861
581.866
581.871
581.877
581.884
581.89
581.897
581.905
581.912
581.92
581.929
581.937
581.946
581.956
581.965
581.975
581.985
581.995
582.005
582.016
582.026
582.037
582.047
582.058
582.069
582.08
582.091
582.101
582.112
582.122
582.132
582.142
582.151
582.161
582.17
582.178
582.186
582.194
582.2
582.207
582.212
582.217
582.221
582.225
582.227
582.229
582.229
582.229
582.228
582.225
582.222
582.217
582.211
582.205
582.196
582.187
582.177
582.165
582.152
582.138
582.123
582.107
582.09
582.072
582.053
582.036
582.022
582.016
582.03
582.086
582.224
582.521
583.103
584.18
586.072
589.238
594.295
601.996
613.17
628.601
648.852
674.071
703.832
736.804
770.504
802.64
830.32
850.753
861.787
862.244
852.107
832.489
805.471
773.765
740.211
707.075
676.862
651.101
630.319
614.423
602.875
594.894
589.64
586.342
584.368
583.242
582.634
582.325
582.182
582.127
582.115
582.124
582.142
582.164
582.186
582.208
582.23
582.25
582.269
582.287
582.304
582.319
582.333
582.346
582.358
582.369
582.378
582.386
582.393
582.399
582.403
582.407
582.41
582.411
582.412
582.411
582.41
582.408
582.405
582.402
582.397
582.393
582.387
582.381
582.375
582.368
582.36
582.353
582.345
582.337
582.328
582.32
582.311
582.302
582.293
582.284
582.275
582.266
582.257
582.248
582.239
582.23
582.222
582.213
582.205
582.197
582.189
582.182
582.174
582.167
582.161
582.154
582.148
582.142
582.136
582.131
582.126
582.122
582.118
582.114
582.11
582.107
582.105
582.102
582.1
582.099
582.098
582.097
582.096
576.881
576.881
576.882
576.883
576.885
576.887
576.89
576.892
576.896
576.899
576.903
576.908
576.913
576.918
576.923
576.929
576.936
576.942
576.949
576.957
576.964
576.972
576.98
576.989
576.998
577.007
577.016
577.025
577.035
577.045
577.055
577.065
577.075
577.086
577.096
577.106
577.117
577.127
577.138
577.148
577.158
577.168
577.178
577.187
577.196
577.205
577.214
577.222
577.23
577.237
577.244
577.25
577.256
577.26
577.265
577.268
577.271
577.272
577.273
577.273
577.273
577.271
577.268
577.264
577.259
577.253
577.246
577.238
577.229
577.219
577.207
577.195
577.182
577.167
577.153
577.138
577.123
577.113
577.111
577.128
577.188
577.33
577.631
578.218
579.302
581.204
584.389
589.476
597.232
608.5
624.085
644.569
670.11
700.269
733.698
767.745
800.119
827.982
848.544
859.65
860.116
849.927
830.196
803.009
771.073
737.18
703.572
672.944
646.846
625.819
609.761
598.114
590.074
584.787
581.471
579.486
578.353
577.739
577.426
577.278
577.219
577.203
577.208
577.222
577.24
577.259
577.278
577.296
577.313
577.329
577.344
577.358
577.371
577.382
577.393
577.402
577.41
577.417
577.424
577.429
577.433
577.436
577.438
577.439
577.439
577.439
577.437
577.435
577.432
577.428
577.424
577.419
577.414
577.408
577.402
577.395
577.388
577.381
577.373
577.365
577.357
577.348
577.34
577.331
577.322
577.314
577.305
577.296
577.287
577.279
577.27
577.262
577.253
577.245
577.237
577.229
577.221
577.214
577.207
577.2
577.193
577.186
577.18
577.174
577.169
577.164
577.159
577.154
577.15
577.146
577.142
577.139
577.136
577.133
577.131
577.129
577.128
577.127
577.126
577.126
572.425
572.426
572.427
572.428
572.429
572.431
572.433
572.436
572.439
572.442
572.446
572.45
572.454
572.459
572.464
572.469
572.475
572.481
572.487
572.494
572.501
572.508
572.515
572.523
572.531
572.539
572.547
572.556
572.565
572.574
572.583
572.592
572.601
572.611
572.62
572.63
572.64
572.649
572.659
572.668
572.678
572.687
572.696
572.705
572.714
572.723
572.731
572.739
572.746
572.754
572.76
572.767
572.772
572.777
572.782
572.786
572.789
572.792
572.794
572.795
572.795
572.795
572.794
572.791
572.788
572.784
572.779
572.774
572.767
572.759
572.751
572.741
572.731
572.72
572.709
572.697
572.686
572.679
572.681
572.702
572.766
572.912
573.216
573.806
574.891
576.793
579.978
585.068
592.836
604.138
619.796
640.413
666.169
696.624
730.441
764.822
797.421
825.456
846.141
857.316
857.792
847.553
827.717
800.371
768.218
733.998
699.98
669.035
642.708
621.536
605.399
593.715
585.661
580.37
577.053
575.067
573.932
573.316
572.999
572.847
572.783
572.763
572.764
572.774
572.788
572.803
572.818
572.833
572.846
572.859
572.871
572.882
572.892
572.901
572.908
572.915
572.921
572.927
572.931
572.934
572.937
572.938
572.939
572.939
572.938
572.937
572.934
572.932
572.928
572.924
572.92
572.915
572.909
572.903
572.897
572.89
572.884
572.876
572.869
572.861
572.854
572.846
572.838
572.83
572.821
572.813
572.805
572.797
572.789
572.781
572.773
572.765
572.758
572.75
572.743
572.735
572.728
572.722
572.715
572.709
572.703
572.697
572.691
572.686
572.681
572.676
572.672
572.667
572.663
572.66
572.657
572.654
572.651
572.649
572.647
572.645
572.644
572.643
572.642
572.642
568.596
568.596
568.597
568.597
568.599
568.6
568.602
568.604
568.607
568.61
568.613
568.616
568.62
568.624
568.628
568.633
568.638
568.643
568.648
568.654
568.66
568.666
568.673
568.679
568.686
568.693
568.7
568.708
568.715
568.723
568.731
568.739
568.747
568.756
568.764
568.772
568.781
568.789
568.798
568.806
568.815
568.823
568.831
568.839
568.847
568.855
568.862
568.87
568.877
568.883
568.89
568.896
568.901
568.906
568.911
568.915
568.919
568.922
568.924
568.926
568.927
568.928
568.928
568.927
568.925
568.923
568.92
568.916
568.912
568.906
568.9
568.893
568.886
568.878
568.869
568.861
568.854
568.85
568.856
568.881
568.947
569.097
569.402
569.992
571.074
572.969
576.139
581.209
588.952
600.232
615.885
636.537
662.389
693.021
727.12
761.801
794.603
822.795
843.594
854.833
855.319
845.036
825.103
797.613
765.264
730.749
696.419
665.278
638.839
617.625
601.488
589.823
581.794
576.523
573.219
571.241
570.11
569.493
569.173
569.018
568.95
568.926
568.923
568.929
568.939
568.95
568.961
568.972
568.983
568.992
569.001
569.009
569.016
569.023
569.028
569.033
569.037
569.041
569.043
569.045
569.046
569.047
569.046
569.045
569.044
569.042
569.039
569.036
569.033
569.029
569.024
569.019
569.014
569.008
569.003
568.997
568.99
568.984
568.977
568.97
568.963
568.956
568.949
568.942
568.934
568.927
568.92
568.913
568.906
568.899
568.892
568.885
568.878
568.872
568.865
568.859
568.853
568.847
568.841
568.836
568.831
568.826
568.821
568.816
568.812
568.808
568.804
568.8
568.797
568.794
568.791
568.788
568.786
568.784
568.782
568.781
568.78
568.779
568.778
568.778
565.45
565.45
565.451
565.451
565.452
565.454
565.455
565.457
565.459
565.461
565.464
565.467
565.47
565.473
565.477
565.48
565.484
565.489
565.493
565.498
565.502
565.508
565.513
565.518
565.524
565.53
565.536
565.542
565.548
565.555
565.561
565.568
565.575
565.582
565.588
565.595
565.603
565.61
565.617
565.624
565.631
565.638
565.645
565.652
565.659
565.665
565.672
565.678
565.684
565.69
565.696
565.701
565.706
565.711
565.715
565.719
565.722
565.726
565.728
565.73
565.732
565.733
565.734
565.734
565.734
565.733
565.731
565.729
565.726
565.723
565.719
565.714
565.709
565.704
565.698
565.692
565.688
565.688
565.696
565.724
565.794
565.945
566.252
566.84
567.915
569.796
572.943
577.975
585.666
596.88
612.463
633.059
658.897
689.579
723.835
758.761
791.736
820.066
840.967
852.265
852.761
842.438
822.421
794.807
762.289
727.529
693.008
661.797
635.361
614.196
598.126
586.526
578.55
573.317
570.037
568.072
566.947
566.331
566.011
565.853
565.781
565.754
565.746
565.749
565.755
565.763
565.771
565.779
565.787
565.794
565.8
565.805
565.81
565.815
565.818
565.821
565.824
565.826
565.827
565.828
565.828
565.828
565.827
565.825
565.824
565.821
565.819
565.815
565.812
565.808
565.804
565.8
565.795
565.79
565.785
565.78
565.774
565.768
565.763
565.757
565.751
565.745
565.739
565.733
565.727
565.72
565.714
565.708
565.702
565.697
565.691
565.685
565.68
565.674
565.669
565.664
565.659
565.654
565.649
565.644
565.64
565.636
565.632
565.628
565.625
565.621
565.618
565.615
565.612
565.61
565.607
565.605
565.603
565.602
565.6
565.599
565.598
565.598
565.597
565.597
562.98
562.98
562.98
562.981
562.982
562.983
562.984
562.985
562.987
562.989
562.991
562.993
562.995
562.998
563.001
563.004
563.007
563.01
563.013
563.017
563.021
563.025
563.029
563.033
563.038
563.042
563.047
563.052
563.057
563.062
563.067
563.072
563.078
563.083
563.089
563.094
563.1
563.106
563.111
563.117
563.123
563.128
563.134
563.139
563.145
563.15
563.156
563.161
563.166
563.171
563.175
563.18
563.184
563.188
563.192
563.196
563.199
563.202
563.204
563.206
563.208
563.21
563.211
563.212
563.212
563.212
563.211
563.21
563.208
563.207
563.204
563.201
563.198
563.195
563.191
563.188
563.186
563.188
563.199
563.23
563.301
563.454
563.761
564.346
565.413
567.278
570.395
575.38
583.001
594.121
609.587
630.059
655.786
686.402
720.687
755.786
788.899
817.345
838.335
849.686
850.192
839.836
819.747
792.027
759.376
724.434
689.853
658.691
632.355
611.311
595.356
583.851
575.944
570.759
567.509
565.56
564.443
563.83
563.509
563.349
563.275
563.244
563.234
563.233
563.237
563.242
563.247
563.253
563.258
563.262
563.266
563.27
563.273
563.276
563.278
563.28
563.281
563.282
563.283
563.283
563.282
563.281
563.28
563.279
563.277
563.275
563.272
563.269
563.266
563.263
563.259
563.255
563.251
563.247
563.243
563.239
563.234
563.229
563.225
563.22
563.215
563.21
563.205
563.2
563.196
563.191
563.186
563.181
563.176
563.172
563.167
563.163
563.158
563.154
563.15
563.145
563.141
563.138
563.134
563.13
563.127
563.124
563.12
563.117
563.115
563.112
563.11
563.107
563.105
563.103
563.101
563.1
563.098
563.097
563.096
563.095
563.094
563.094
563.093
563.093
561.125
561.125
561.126
561.126
561.127
561.127
561.128
561.129
561.13
561.132
561.133
561.135
561.137
561.139
561.141
561.143
561.145
561.148
561.15
561.153
561.156
561.159
561.162
561.165
561.168
561.172
561.175
561.179
561.183
561.186
561.19
561.194
561.198
561.203
561.207
561.211
561.215
561.219
561.224
561.228
561.232
561.237
561.241
561.245
561.25
561.254
561.258
561.262
561.266
561.27
561.274
561.277
561.281
561.284
561.287
561.29
561.293
561.295
561.297
561.299
561.301
561.302
561.304
561.305
561.305
561.305
561.305
561.305
561.304
561.303
561.302
561.301
561.299
561.297
561.295
561.293
561.293
561.297
561.31
561.342
561.416
561.569
561.875
562.456
563.515
565.363
568.45
573.386
580.931
591.943
607.268
627.57
653.118
683.573
717.769
752.961
786.173
814.713
835.78
847.178
847.694
837.31
817.159
789.356
756.607
721.558
687.035
656.02
629.857
608.98
593.167
581.77
573.941
568.805
565.586
563.654
562.545
561.935
561.614
561.454
561.377
561.344
561.331
561.328
561.33
561.333
561.336
561.339
561.342
561.345
561.348
561.35
561.352
561.354
561.355
561.356
561.356
561.356
561.356
561.356
561.355
561.354
561.353
561.352
561.35
561.348
561.346
561.343
561.341
561.338
561.335
561.332
561.329
561.326
561.322
561.319
561.315
561.312
561.308
561.304
561.301
561.297
561.293
561.289
561.286
561.282
561.278
561.275
561.271
561.267
561.264
561.261
561.257
561.254
561.251
561.248
561.245
561.242
561.239
561.236
561.234
561.231
561.229
561.227
561.225
561.223
561.221
561.219
561.217
561.216
561.214
561.213
561.212
561.211
561.21
561.21
561.209
561.209
561.208
561.208
559.793
559.793
559.793
559.793
559.794
559.794
559.795
559.795
559.796
559.797
559.798
559.799
559.801
559.802
559.804
559.805
559.807
559.808
559.81
559.812
559.814
559.816
559.819
559.821
559.823
559.826
559.828
559.831
559.833
559.836
559.839
559.842
559.845
559.848
559.851
559.854
559.857
559.86
559.863
559.866
559.869
559.873
559.876
559.879
559.882
559.885
559.888
559.891
559.894
559.897
559.9
559.902
559.905
559.907
559.91
559.912
559.914
559.916
559.918
559.92
559.921
559.922
559.923
559.924
559.925
559.925
559.926
559.926
559.926
559.925
559.925
559.924
559.923
559.922
559.921
559.921
559.922
559.927
559.941
559.975
560.049
560.203
560.508
561.086
562.137
563.969
567.029
571.918
579.391
590.296
605.473
625.586
650.915
681.144
715.161
750.362
783.635
812.248
833.38
844.821
845.347
834.939
814.738
786.871
754.057
718.978
684.611
653.811
627.864
607.175
591.511
580.222
572.466
567.377
564.185
562.269
561.168
560.561
560.24
560.079
560.001
559.966
559.952
559.947
559.947
559.948
559.95
559.952
559.954
559.955
559.957
559.958
559.959
559.96
559.96
559.961
559.961
559.961
559.96
559.96
559.959
559.958
559.957
559.956
559.954
559.953
559.951
559.949
559.947
559.945
559.943
559.941
559.938
559.936
559.933
559.931
559.928
559.925
559.923
559.92
559.917
559.915
559.912
559.909
559.906
559.904
559.901
559.898
559.896
559.893
559.891
559.888
559.886
559.883
559.881
559.879
559.877
559.875
559.873
559.871
559.869
559.867
559.866
559.864
559.862
559.861
559.86
559.858
559.857
559.856
559.855
559.854
559.854
559.853
559.852
559.852
559.852
559.851
559.851
559.851
558.876
558.876
558.876
558.876
558.876
558.877
558.877
558.878
558.878
558.879
558.88
558.88
558.881
558.882
558.883
558.884
558.885
558.886
558.888
558.889
558.89
558.892
558.893
558.895
558.896
558.898
558.9
558.902
558.903
558.905
558.907
558.909
558.911
558.913
558.915
558.917
558.919
558.921
558.924
558.926
558.928
558.93
558.932
558.934
558.937
558.939
558.941
558.943
558.945
558.947
558.949
558.951
558.953
558.955
558.956
558.958
558.959
558.961
558.962
558.963
558.965
558.966
558.967
558.967
558.968
558.968
558.969
558.969
558.969
558.969
558.969
558.968
558.968
558.968
558.967
558.968
558.97
558.976
558.991
559.025
559.1
559.254
559.558
560.133
561.178
562.997
566.034
570.885
578.294
589.103
604.143
624.07
649.168
679.14
712.916
748.053
781.353
810.021
831.209
842.687
843.222
832.794
812.553
784.638
751.792
716.752
682.607
652.059
626.341
605.838
590.312
579.121
571.427
566.377
563.208
561.305
560.209
559.605
559.285
559.123
559.044
559.008
558.993
558.987
558.985
558.986
558.986
558.987
558.989
558.989
558.99
558.991
558.991
558.992
558.992
558.992
558.992
558.992
558.991
558.991
558.99
558.989
558.989
558.988
558.987
558.985
558.984
558.983
558.981
558.98
558.978
558.976
558.975
558.973
558.971
558.969
558.968
558.966
558.964
558.962
558.96
558.958
558.956
558.954
558.953
558.951
558.949
558.947
558.945
558.944
558.942
558.94
558.938
558.937
558.935
558.934
558.932
558.931
558.93
558.928
558.927
558.926
558.925
558.924
558.923
558.922
558.921
558.92
558.919
558.918
558.918
558.917
558.917
558.916
558.916
558.915
558.915
558.915
558.915
558.915
558.271
558.271
558.271
558.272
558.272
558.272
558.272
558.273
558.273
558.273
558.274
558.274
558.275
558.275
558.276
558.277
558.277
558.278
558.279
558.28
558.281
558.282
558.282
558.283
558.284
558.286
558.287
558.288
558.289
558.29
558.291
558.293
558.294
558.295
558.296
558.298
558.299
558.301
558.302
558.303
558.305
558.306
558.308
558.309
558.31
558.312
558.313
558.315
558.316
558.317
558.319
558.32
558.321
558.322
558.323
558.324
558.326
558.327
558.327
558.328
558.329
558.33
558.33
558.331
558.332
558.332
558.332
558.332
558.333
558.333
558.333
558.333
558.332
558.332
558.332
558.333
558.336
558.342
558.358
558.393
558.468
558.622
558.925
559.498
560.538
562.348
565.368
570.188
577.548
588.279
603.201
622.963
647.844
677.555
711.064
746.079
779.379
808.088
829.322
840.833
841.378
830.934
810.66
782.71
749.858
714.912
681.021
650.731
625.23
604.894
589.486
578.373
570.729
565.708
562.556
560.662
559.57
558.968
558.648
558.486
558.407
558.37
558.353
558.347
558.345
558.344
558.344
558.345
558.345
558.346
558.346
558.347
558.347
558.347
558.347
558.347
558.347
558.347
558.346
558.346
558.345
558.345
558.344
558.344
558.343
558.342
558.341
558.34
558.339
558.338
558.337
558.336
558.335
558.334
558.333
558.331
558.33
558.329
558.328
558.326
558.325
558.324
558.323
558.322
558.32
558.319
558.318
558.317
558.316
558.314
558.313
558.312
558.311
558.31
558.309
558.308
558.307
558.306
558.306
558.305
558.304
558.303
558.302
558.302
558.301
558.3
558.3
558.299
558.299
558.298
558.298
558.298
558.297
558.297
558.297
558.296
558.296
558.296
558.296
558.296
557.889
557.889
557.889
557.889
557.889
557.889
557.889
557.89
557.89
557.89
557.89
557.891
557.891
557.891
557.892
557.892
557.892
557.893
557.893
557.894
557.894
557.895
557.896
557.896
557.897
557.897
557.898
557.899
557.899
557.9
557.901
557.902
557.902
557.903
557.904
557.905
557.906
557.906
557.907
557.908
557.909
557.91
557.911
557.911
557.912
557.913
557.914
557.915
557.916
557.916
557.917
557.918
557.919
557.92
557.92
557.921
557.922
557.922
557.923
557.923
557.924
557.924
557.925
557.925
557.925
557.926
557.926
557.926
557.926
557.926
557.926
557.926
557.926
557.926
557.926
557.927
557.93
557.937
557.953
557.988
558.064
558.218
558.521
559.092
560.129
561.933
564.941
569.74
577.065
587.737
602.569
622.196
646.89
676.362
709.606
744.464
777.747
806.485
827.759
839.298
839.851
829.396
809.096
781.122
748.281
713.464
679.831
649.778
624.465
604.264
588.947
577.891
570.281
565.281
562.139
560.25
559.162
558.56
558.241
558.078
557.998
557.961
557.944
557.937
557.935
557.934
557.934
557.934
557.934
557.934
557.935
557.935
557.935
557.935
557.935
557.935
557.935
557.935
557.934
557.934
557.934
557.933
557.933
557.932
557.932
557.931
557.931
557.93
557.93
557.929
557.928
557.928
557.927
557.926
557.926
557.925
557.924
557.923
557.923
557.922
557.921
557.92
557.92
557.919
557.918
557.918
557.917
557.916
557.915
557.915
557.914
557.913
557.913
557.912
557.912
557.911
557.91
557.91
557.909
557.909
557.908
557.908
557.907
557.907
557.907
557.906
557.906
557.906
557.905
557.905
557.905
557.905
557.904
557.904
557.904
557.904
557.904
557.904
557.904
557.904
557.656
557.656
557.656
557.656
557.657
557.657
557.657
557.657
557.657
557.657
557.657
557.657
557.658
557.658
557.658
557.658
557.658
557.659
557.659
557.659
557.659
557.66
557.66
557.66
557.661
557.661
557.661
557.662
557.662
557.662
557.663
557.663
557.664
557.664
557.665
557.665
557.665
557.666
557.666
557.667
557.667
557.668
557.668
557.669
557.669
557.67
557.67
557.67
557.671
557.671
557.672
557.672
557.673
557.673
557.673
557.674
557.674
557.674
557.675
557.675
557.675
557.676
557.676
557.676
557.676
557.676
557.676
557.676
557.676
557.676
557.677
557.676
557.676
557.677
557.677
557.678
557.681
557.688
557.704
557.74
557.815
557.969
558.272
558.843
559.878
561.678
564.679
569.467
576.769
587.403
602.171
621.699
646.246
675.517
708.521
743.213
776.467
805.227
826.533
838.096
838.657
828.195
807.876
779.886
747.065
712.392
678.994
649.143
623.977
603.874
588.619
577.599
570.01
565.021
561.885
559.998
558.911
558.309
557.99
557.827
557.747
557.709
557.692
557.685
557.682
557.681
557.681
557.681
557.681
557.681
557.681
557.681
557.681
557.681
557.681
557.681
557.681
557.681
557.681
557.681
557.681
557.681
557.68
557.68
557.68
557.68
557.679
557.679
557.679
557.678
557.678
557.678
557.677
557.677
557.677
557.676
557.676
557.675
557.675
557.675
557.674
557.674
557.673
557.673
557.673
557.672
557.672
557.671
557.671
557.671
557.67
557.67
557.67
557.669
557.669
557.669
557.668
557.668
557.668
557.667
557.667
557.667
557.667
557.666
557.666
557.666
557.666
557.666
557.666
557.665
557.665
557.665
557.665
557.665
557.665
557.665
557.665
557.665
557.665
557.665
557.52
557.52
557.52
557.52
557.52
557.52
557.52
557.52
557.521
557.521
557.521
557.521
557.521
557.521
557.521
557.521
557.521
557.521
557.521
557.522
557.522
557.522
557.522
557.522
557.522
557.522
557.523
557.523
557.523
557.523
557.523
557.523
557.524
557.524
557.524
557.524
557.524
557.525
557.525
557.525
557.525
557.525
557.526
557.526
557.526
557.526
557.526
557.527
557.527
557.527
557.527
557.527
557.527
557.528
557.528
557.528
557.528
557.528
557.528
557.528
557.528
557.529
557.529
557.529
557.529
557.529
557.529
557.529
557.529
557.529
557.529
557.529
557.529
557.529
557.529
557.53
557.533
557.54
557.556
557.592
557.668
557.822
558.124
558.695
559.73
561.529
564.527
569.309
576.6
587.214
601.944
621.407
645.85
674.966
707.771
742.306
775.53
804.306
825.636
837.218
837.787
827.321
806.991
778.991
746.195
711.659
678.459
648.762
623.699
603.659
588.439
577.437
569.857
564.871
561.736
559.85
558.762
558.161
557.841
557.678
557.598
557.56
557.543
557.535
557.532
557.531
557.531
557.531
557.531
557.531
557.531
557.531
557.531
557.531
557.531
557.531
557.531
557.531
557.531
557.531
557.531
557.531
557.531
557.531
557.531
557.531
557.531
557.531
557.531
557.53
557.53
557.53
557.53
557.53
557.53
557.53
557.529
557.529
557.529
557.529
557.529
557.528
557.528
557.528
557.528
557.528
557.528
557.527
557.527
557.527
557.527
557.527
557.527
557.526
557.526
557.526
557.526
557.526
557.526
557.526
557.526
557.525
557.525
557.525
557.525
557.525
557.525
557.525
557.525
557.525
557.525
557.525
557.525
557.524
557.524
557.524
557.524
557.524
557.524
557.524
557.443
557.443
557.443
557.443
557.443
557.443
557.443
557.443
557.443
557.443
557.443
557.443
557.443
557.443
557.443
557.443
557.443
557.444
557.444
557.444
557.444
557.444
557.444
557.444
557.444
557.444
557.444
557.444
557.444
557.444
557.444
557.444
557.444
557.444
557.444
557.444
557.444
557.444
557.444
557.444
557.444
557.444
557.444
557.445
557.445
557.445
557.445
557.445
557.445
557.445
557.445
557.445
557.445
557.445
557.445
557.445
557.445
557.445
557.445
557.445
557.445
557.445
557.444
557.444
557.444
557.444
557.444
557.444
557.444
557.444
557.444
557.444
557.444
557.444
557.444
557.445
557.448
557.455
557.472
557.507
557.583
557.737
558.04
558.611
559.646
561.445
564.444
569.225
576.513
587.12
601.834
621.263
645.642
674.653
707.306
741.708
774.906
803.694
825.04
836.635
837.212
826.748
806.414
778.41
745.636
711.22
678.17
648.578
623.575
603.565
588.357
577.359
569.778
564.791
561.654
559.767
558.678
558.076
557.756
557.593
557.512
557.474
557.457
557.45
557.446
557.445
557.445
557.445
557.445
557.445
557.445
557.445
557.445
557.445
557.445
557.445
557.446
557.446
557.446
557.446
557.446
557.446
557.446
557.446
557.446
557.446
557.446
557.446
557.446
557.446
557.446
557.446
557.446
557.446
557.446
557.446
557.446
557.446
557.446
557.446
557.446
557.446
557.446
557.446
557.446
557.446
557.446
557.446
557.446
557.445
557.445
557.445
557.445
557.445
557.445
557.445
557.445
557.445
557.445
557.445
557.445
557.445
557.445
557.445
557.445
557.445
557.445
557.445
557.445
557.445
557.445
557.445
557.445
557.445
557.445
557.445
557.445
557.445
557.445
557.445
557.401
557.401
557.401
557.401
557.401
557.401
557.401
557.401
557.401
557.401
557.401
557.401
557.401
557.401
557.401
557.401
557.401
557.401
557.401
557.401
557.401
557.401
557.401
557.4
557.4
557.4
557.4
557.4
557.4
557.4
557.4
557.4
557.4
557.4
557.4
557.4
557.4
557.4
557.4
557.4
557.4
557.4
557.4
557.4
557.399
557.399
557.399
557.399
557.399
557.399
557.399
557.399
557.399
557.399
557.399
557.398
557.398
557.398
557.398
557.398
557.398
557.398
557.398
557.398
557.397
557.397
557.397
557.397
557.397
557.397
557.397
557.397
557.397
557.397
557.397
557.398
557.401
557.408
557.424
557.46
557.536
557.69
557.993
558.564
559.6
561.4
564.401
569.184
576.476
587.085
601.798
621.219
645.572
674.523
707.073
741.373
774.552
803.347
824.701
836.302
836.885
826.431
806.101
778.101
745.345
711.024
678.077
648.539
623.557
603.55
588.336
577.331
569.744
564.751
561.612
559.722
558.632
558.029
557.708
557.545
557.464
557.426
557.409
557.402
557.398
557.397
557.397
557.397
557.397
557.397
557.397
557.397
557.397
557.397
557.397
557.398
557.398
557.398
557.398
557.398
557.398
557.398
557.398
557.399
557.399
557.399
557.399
557.399
557.399
557.399
557.399
557.399
557.399
557.399
557.4
557.4
557.4
557.4
557.4
557.4
557.4
557.4
557.4
557.4
557.4
557.4
557.4
557.4
557.4
557.4
557.4
557.4
557.4
557.4
557.401
557.401
557.401
557.401
557.401
557.401
557.401
557.401
557.401
557.401
557.401
557.401
557.401
557.401
557.401
557.401
557.401
557.401
557.401
557.401
557.401
557.401
557.401
557.401
557.401
557.401
557.378
557.378
557.378
557.378
557.378
557.378
557.378
557.378
557.378
557.378
557.378
557.378
557.378
557.378
557.377
557.377
557.377
557.377
557.377
557.377
557.377
557.377
557.377
557.377
557.377
557.377
557.377
557.377
557.377
557.377
557.376
557.376
557.376
557.376
557.376
557.376
557.376
557.376
557.376
557.375
557.375
557.375
557.375
557.375
557.375
557.375
557.375
557.374
557.374
557.374
557.374
557.374
557.374
557.373
557.373
557.373
557.373
557.373
557.373
557.372
557.372
557.372
557.372
557.372
557.372
557.371
557.371
557.371
557.371
557.371
557.371
557.37
557.37
557.37
557.371
557.372
557.375
557.382
557.398
557.434
557.509
557.664
557.967
558.539
559.575
561.377
564.38
569.168
576.466
587.084
601.807
621.236
645.588
674.524
707.033
741.27
774.431
803.218
824.565
836.165
836.755
826.319
806.01
778.031
745.299
711.025
678.11
648.586
623.601
603.58
588.351
577.332
569.735
564.735
561.591
559.698
558.607
558.003
557.682
557.518
557.438
557.4
557.383
557.375
557.372
557.371
557.37
557.37
557.37
557.37
557.37
557.371
557.371
557.371
557.371
557.371
557.371
557.372
557.372
557.372
557.372
557.372
557.372
557.373
557.373
557.373
557.373
557.373
557.373
557.373
557.374
557.374
557.374
557.374
557.374
557.374
557.374
557.375
557.375
557.375
557.375
557.375
557.375
557.375
557.375
557.375
557.376
557.376
557.376
557.376
557.376
557.376
557.376
557.376
557.376
557.376
557.376
557.376
557.376
557.376
557.377
557.377
557.377
557.377
557.377
557.377
557.377
557.377
557.377
557.377
557.377
557.377
557.377
557.377
557.377
557.377
557.377
557.377
557.377
557.377
557.365
557.365
557.365
557.365
557.365
557.365
557.365
557.365
557.365
557.365
557.365
557.365
557.365
557.365
557.365
557.365
557.365
557.365
557.365
557.364
557.364
557.364
557.364
557.364
557.364
557.364
557.364
557.364
557.364
557.364
557.363
557.363
557.363
557.363
557.363
557.363
557.363
557.362
557.362
557.362
557.362
557.362
557.362
557.362
557.361
557.361
557.361
557.361
557.361
557.36
557.36
557.36
557.36
557.36
557.359
557.359
557.359
557.359
557.359
557.358
557.358
557.358
557.358
557.358
557.357
557.357
557.357
557.357
557.357
557.356
557.356
557.356
557.356
557.356
557.356
557.357
557.36
557.367
557.383
557.419
557.495
557.649
557.952
558.525
559.562
561.365
564.371
569.164
576.47
587.1
601.839
621.286
645.652
674.589
707.08
741.297
774.451
803.229
824.568
836.164
836.758
826.335
806.043
778.079
745.357
711.109
678.218
648.689
623.682
603.636
588.384
577.348
569.738
564.731
561.582
559.687
558.594
557.989
557.668
557.504
557.423
557.385
557.368
557.36
557.357
557.356
557.355
557.355
557.355
557.356
557.356
557.356
557.356
557.356
557.356
557.357
557.357
557.357
557.357
557.357
557.358
557.358
557.358
557.358
557.358
557.359
557.359
557.359
557.359
557.359
557.359
557.36
557.36
557.36
557.36
557.36
557.361
557.361
557.361
557.361
557.361
557.361
557.361
557.362
557.362
557.362
557.362
557.362
557.362
557.362
557.362
557.363
557.363
557.363
557.363
557.363
557.363
557.363
557.363
557.363
557.363
557.363
557.363
557.363
557.364
557.364
557.364
557.364
557.364
557.364
557.364
557.364
557.364
557.364
557.364
557.364
557.364
557.364
557.364
557.364
557.358
557.358
557.358
557.358
557.358
557.358
557.358
557.358
557.358
557.358
557.358
557.358
557.358
557.358
557.357
557.357
557.357
557.357
557.357
557.357
557.357
557.357
557.357
557.357
557.357
557.357
557.356
557.356
557.356
557.356
557.356
557.356
557.356
557.355
557.355
557.355
557.355
557.355
557.355
557.355
557.354
557.354
557.354
557.354
557.354
557.353
557.353
557.353
557.353
557.353
557.352
557.352
557.352
557.352
557.351
557.351
557.351
557.351
557.35
557.35
557.35
557.35
557.349
557.349
557.349
557.349
557.349
557.348
557.348
557.348
557.348
557.348
557.347
557.347
557.348
557.349
557.352
557.359
557.375
557.411
557.486
557.641
557.944
558.516
559.554
561.359
564.367
569.165
576.479
587.122
601.88
621.35
645.743
674.7
707.192
741.394
774.543
803.311
824.638
836.228
836.828
826.424
806.156
778.212
745.501
711.27
678.376
648.821
623.78
603.701
588.424
577.369
569.747
564.732
561.578
559.68
558.586
557.981
557.659
557.495
557.415
557.376
557.359
557.351
557.348
557.347
557.347
557.347
557.347
557.347
557.347
557.347
557.348
557.348
557.348
557.348
557.348
557.349
557.349
557.349
557.349
557.349
557.35
557.35
557.35
557.35
557.351
557.351
557.351
557.351
557.351
557.352
557.352
557.352
557.352
557.352
557.353
557.353
557.353
557.353
557.353
557.353
557.354
557.354
557.354
557.354
557.354
557.354
557.354
557.355
557.355
557.355
557.355
557.355
557.355
557.355
557.355
557.355
557.356
557.356
557.356
557.356
557.356
557.356
557.356
557.356
557.356
557.356
557.356
557.356
557.356
557.356
557.356
557.356
557.356
557.356
557.356
557.356
557.356
557.356
557.353
557.353
557.353
557.353
557.353
557.353
557.353
557.353
557.353
557.353
557.353
557.353
557.353
557.353
557.353
557.353
557.353
557.353
557.353
557.352
557.352
557.352
557.352
557.352
557.352
557.352
557.352
557.352
557.351
557.351
557.351
557.351
557.351
557.351
557.351
557.35
557.35
557.35
557.35
557.35
557.349
557.349
557.349
557.349
557.349
557.348
557.348
557.348
557.348
557.348
557.347
557.347
557.347
557.347
557.346
557.346
557.346
557.345
557.345
557.345
557.345
557.344
557.344
557.344
557.344
557.343
557.343
557.343
557.343
557.342
557.342
557.342
557.342
557.342
557.342
557.343
557.346
557.353
557.369
557.405
557.481
557.635
557.938
558.511
559.549
561.355
564.365
569.167
576.488
587.143
601.919
621.415
645.839
674.829
707.342
741.546
774.692
803.447
824.76
836.343
836.949
826.566
806.324
778.404
745.705
711.473
678.556
648.961
623.879
603.766
588.463
577.39
569.757
564.735
561.577
559.677
558.581
557.976
557.654
557.49
557.409
557.371
557.353
557.346
557.343
557.342
557.341
557.341
557.341
557.341
557.342
557.342
557.342
557.342
557.343
557.343
557.343
557.343
557.343
557.344
557.344
557.344
557.344
557.345
557.345
557.345
557.345
557.346
557.346
557.346
557.346
557.347
557.347
557.347
557.347
557.347
557.348
557.348
557.348
557.348
557.348
557.349
557.349
557.349
557.349
557.349
557.349
557.349
557.35
557.35
557.35
557.35
557.35
557.35
557.35
557.35
557.351
557.351
557.351
557.351
557.351
557.351
557.351
557.351
557.351
557.351
557.351
557.351
557.351
557.352
557.352
557.352
557.352
557.352
557.352
557.352
557.352
557.352
557.352
557.352
557.35
557.35
557.35
557.35
557.35
557.35
557.35
557.35
557.35
557.35
557.35
557.35
557.35
557.35
557.35
557.349
557.349
557.349
557.349
557.349
557.349
557.349
557.349
557.349
557.349
557.349
557.348
557.348
557.348
557.348
557.348
557.348
557.347
557.347
557.347
557.347
557.347
557.347
557.346
557.346
557.346
557.346
557.346
557.345
557.345
557.345
557.345
557.344
557.344
557.344
557.344
557.343
557.343
557.343
557.343
557.342
557.342
557.342
557.341
557.341
557.341
557.341
557.34
557.34
557.34
557.34
557.339
557.339
557.339
557.339
557.338
557.338
557.338
557.338
557.338
557.339
557.342
557.349
557.365
557.401
557.476
557.631
557.934
558.506
559.545
561.351
564.362
569.167
576.494
587.158
601.951
621.471
645.927
674.953
707.499
741.718
774.862
803.603
824.899
836.475
837.087
826.724
806.511
778.618
745.93
711.686
678.733
649.094
623.971
603.824
588.497
577.408
569.765
564.737
561.576
559.674
558.578
557.972
557.65
557.486
557.405
557.367
557.349
557.342
557.339
557.338
557.337
557.337
557.337
557.337
557.338
557.338
557.338
557.338
557.339
557.339
557.339
557.339
557.34
557.34
557.34
557.34
557.341
557.341
557.341
557.341
557.342
557.342
557.342
557.342
557.343
557.343
557.343
557.343
557.344
557.344
557.344
557.344
557.344
557.345
557.345
557.345
557.345
557.345
557.346
557.346
557.346
557.346
557.346
557.346
557.346
557.347
557.347
557.347
557.347
557.347
557.347
557.347
557.347
557.347
557.348
557.348
557.348
557.348
557.348
557.348
557.348
557.348
557.348
557.348
557.348
557.348
557.348
557.348
557.348
557.348
557.348
557.348
557.348
557.348
557.347
557.347
557.347
557.347
557.347
557.347
557.347
557.347
557.347
557.347
557.347
557.347
557.347
557.347
557.347
557.347
557.347
557.347
557.347
557.346
557.346
557.346
557.346
557.346
557.346
557.346
557.346
557.345
557.345
557.345
557.345
557.345
557.345
557.345
557.344
557.344
557.344
557.344
557.344
557.343
557.343
557.343
557.343
557.342
557.342
557.342
557.342
557.342
557.341
557.341
557.341
557.34
557.34
557.34
557.34
557.339
557.339
557.339
557.338
557.338
557.338
557.338
557.337
557.337
557.337
557.336
557.336
557.336
557.336
557.335
557.335
557.335
557.335
557.335
557.335
557.336
557.339
557.346
557.362
557.397
557.473
557.627
557.93
558.502
559.54
561.346
564.358
569.164
576.494
587.166
601.972
621.512
645.997
675.058
707.641
741.881
775.023
803.748
825.029
836.599
837.217
826.874
806.689
778.823
746.147
711.886
678.893
649.209
624.048
603.872
588.524
577.421
569.77
564.737
561.574
559.671
558.575
557.968
557.646
557.482
557.401
557.363
557.346
557.338
557.335
557.334
557.334
557.334
557.334
557.334
557.334
557.335
557.335
557.335
557.335
557.336
557.336
557.336
557.336
557.337
557.337
557.337
557.338
557.338
557.338
557.338
557.339
557.339
557.339
557.339
557.34
557.34
557.34
557.34
557.341
557.341
557.341
557.341
557.341
557.342
557.342
557.342
557.342
557.342
557.343
557.343
557.343
557.343
557.343
557.343
557.344
557.344
557.344
557.344
557.344
557.344
557.344
557.344
557.345
557.345
557.345
557.345
557.345
557.345
557.345
557.345
557.345
557.345
557.345
557.345
557.345
557.345
557.346
557.346
557.346
557.346
557.346
557.346
557.346
557.346
557.345
557.345
557.345
557.345
557.345
557.345
557.345
557.345
557.345
557.345
557.345
557.345
557.345
557.344
557.344
557.344
557.344
557.344
557.344
557.344
557.344
557.344
557.344
557.344
557.343
557.343
557.343
557.343
557.343
557.343
557.343
557.342
557.342
557.342
557.342
557.342
557.341
557.341
557.341
557.341
557.341
557.34
557.34
557.34
557.34
557.339
557.339
557.339
557.339
557.338
557.338
557.338
557.337
557.337
557.337
557.337
557.336
557.336
557.336
557.335
557.335
557.335
557.334
557.334
557.334
557.333
557.333
557.333
557.333
557.332
557.332
557.332
557.332
557.332
557.332
557.333
557.336
557.343
557.359
557.394
557.47
557.624
557.926
558.498
559.535
561.34
564.352
569.158
576.49
587.166
601.98
621.535
646.043
675.136
707.753
742.016
775.156
803.867
825.135
836.7
837.326
827
806.842
779.002
746.338
712.059
679.026
649.302
624.107
603.906
588.541
577.429
569.771
564.736
561.571
559.668
558.571
557.965
557.643
557.479
557.398
557.36
557.343
557.335
557.332
557.331
557.331
557.331
557.331
557.331
557.331
557.332
557.332
557.332
557.332
557.333
557.333
557.333
557.334
557.334
557.334
557.334
557.335
557.335
557.335
557.336
557.336
557.336
557.336
557.337
557.337
557.337
557.337
557.338
557.338
557.338
557.338
557.339
557.339
557.339
557.339
557.34
557.34
557.34
557.34
557.34
557.34
557.341
557.341
557.341
557.341
557.341
557.341
557.341
557.342
557.342
557.342
557.342
557.342
557.342
557.342
557.342
557.342
557.343
557.343
557.343
557.343
557.343
557.343
557.343
557.343
557.343
557.343
557.343
557.343
557.343
557.343
557.343
557.343
557.343
557.343
557.343
557.343
557.343
557.343
557.342
557.342
557.342
557.342
557.342
557.342
557.342
557.342
557.342
557.342
557.342
557.342
557.342
557.342
557.342
557.342
557.341
557.341
557.341
557.341
557.341
557.341
557.341
557.34
557.34
557.34
557.34
557.34
557.34
557.339
557.339
557.339
557.339
557.339
557.338
557.338
557.338
557.338
557.337
557.337
557.337
557.337
557.336
557.336
557.336
557.336
557.335
557.335
557.335
557.334
557.334
557.334
557.333
557.333
557.333
557.332
557.332
557.332
557.331
557.331
557.331
557.33
557.33
557.33
557.329
557.329
557.329
557.329
557.329
557.329
557.33
557.333
557.34
557.356
557.391
557.466
557.62
557.922
558.493
559.529
561.333
564.343
569.147
576.479
587.156
601.974
621.539
646.063
675.181
707.828
742.113
775.25
803.95
825.209
836.772
837.406
827.097
806.961
779.144
746.492
712.196
679.128
649.37
624.147
603.927
588.55
577.43
569.769
564.732
561.567
559.664
558.567
557.961
557.64
557.476
557.395
557.357
557.34
557.332
557.329
557.328
557.328
557.328
557.328
557.328
557.329
557.329
557.329
557.329
557.33
557.33
557.33
557.331
557.331
557.331
557.331
557.332
557.332
557.332
557.333
557.333
557.333
557.334
557.334
557.334
557.334
557.335
557.335
557.335
557.335
557.336
557.336
557.336
557.336
557.337
557.337
557.337
557.337
557.337
557.338
557.338
557.338
557.338
557.338
557.339
557.339
557.339
557.339
557.339
557.339
557.339
557.339
557.34
557.34
557.34
557.34
557.34
557.34
557.34
557.34
557.34
557.34
557.34
557.34
557.341
557.341
557.341
557.341
557.341
557.341
557.341
557.341
557.341
557.341
557.341
557.34
557.34
557.34
557.34
557.34
557.34
557.34
557.34
557.34
557.34
557.34
557.34
557.34
557.34
557.34
557.34
557.34
557.339
557.339
557.339
557.339
557.339
557.339
557.339
557.339
557.339
557.338
557.338
557.338
557.338
557.338
557.338
557.337
557.337
557.337
557.337
557.337
557.336
557.336
557.336
557.336
557.336
557.335
557.335
557.335
557.334
557.334
557.334
557.334
557.333
557.333
557.333
557.332
557.332
557.332
557.331
557.331
557.331
557.33
557.33
557.33
557.329
557.329
557.329
557.328
557.328
557.328
557.327
557.327
557.327
557.326
557.326
557.326
557.326
557.326
557.327
557.33
557.337
557.353
557.388
557.463
557.616
557.918
558.488
559.523
561.325
564.332
569.133
576.461
587.136
601.954
621.523
646.056
675.188
707.86
742.166
775.301
803.994
825.249
836.814
837.455
827.161
807.044
779.246
746.604
712.294
679.197
649.411
624.168
603.934
588.549
577.425
569.763
564.726
561.561
559.659
558.563
557.958
557.636
557.472
557.392
557.354
557.337
557.33
557.326
557.325
557.325
557.325
557.325
557.325
557.326
557.326
557.326
557.327
557.327
557.327
557.327
557.328
557.328
557.328
557.329
557.329
557.329
557.33
557.33
557.33
557.331
557.331
557.331
557.332
557.332
557.332
557.332
557.333
557.333
557.333
557.334
557.334
557.334
557.334
557.334
557.335
557.335
557.335
557.335
557.335
557.336
557.336
557.336
557.336
557.336
557.336
557.337
557.337
557.337
557.337
557.337
557.337
557.337
557.337
557.338
557.338
557.338
557.338
557.338
557.338
557.338
557.338
557.338
557.338
557.338
557.338
557.338
557.338
557.338
557.338
557.338
557.338
557.338
557.338
557.338
557.338
557.338
557.338
557.338
557.338
557.338
557.338
557.338
557.338
557.338
557.338
557.338
557.338
557.337
557.337
557.337
557.337
557.337
557.337
557.337
557.337
557.337
557.337
557.336
557.336
557.336
557.336
557.336
557.336
557.335
557.335
557.335
557.335
557.335
557.335
557.334
557.334
557.334
557.334
557.333
557.333
557.333
557.333
557.332
557.332
557.332
557.331
557.331
557.331
557.331
557.33
557.33
557.33
557.329
557.329
557.328
557.328
557.328
557.327
557.327
557.327
557.326
557.326
557.326
557.325
557.325
557.325
557.324
557.324
557.324
557.323
557.323
557.323
557.323
557.324
557.327
557.334
557.35
557.385
557.46
557.613
557.914
558.483
559.516
561.315
564.318
569.115
576.437
587.106
601.92
621.487
646.024
675.166
707.851
742.165
775.302
803.996
825.254
836.825
837.476
827.194
807.092
779.309
746.676
712.354
679.232
649.425
624.168
603.926
588.537
577.413
569.752
564.716
561.554
559.653
558.558
557.954
557.633
557.469
557.389
557.351
557.334
557.327
557.324
557.322
557.322
557.322
557.322
557.323
557.323
557.323
557.323
557.324
557.324
557.324
557.325
557.325
557.325
557.326
557.326
557.326
557.327
557.327
557.327
557.328
557.328
557.328
557.329
557.329
557.329
557.33
557.33
557.33
557.331
557.331
557.331
557.331
557.332
557.332
557.332
557.332
557.332
557.333
557.333
557.333
557.333
557.333
557.334
557.334
557.334
557.334
557.334
557.334
557.335
557.335
557.335
557.335
557.335
557.335
557.335
557.335
557.335
557.335
557.336
557.336
557.336
557.336
557.336
557.336
557.336
557.336
557.336
557.336
557.336
557.336
557.336
557.336
557.336
557.336
557.336
557.336
557.336
557.336
557.336
557.336
557.336
557.336
557.336
557.335
557.335
557.335
557.335
557.335
557.335
557.335
557.335
557.335
557.335
557.335
557.335
557.334
557.334
557.334
557.334
557.334
557.334
557.334
557.334
557.333
557.333
557.333
557.333
557.333
557.332
557.332
557.332
557.332
557.332
557.331
557.331
557.331
557.331
557.33
557.33
557.33
557.329
557.329
557.329
557.328
557.328
557.328
557.327
557.327
557.327
557.326
557.326
557.326
557.325
557.325
557.324
557.324
557.324
557.323
557.323
557.322
557.322
557.322
557.321
557.321
557.321
557.32
557.32
557.32
557.32
557.321
557.324
557.331
557.347
557.382
557.456
557.609
557.909
558.476
559.507
561.303
564.302
569.092
576.406
587.067
601.872
621.432
645.966
675.112
707.81
742.137
775.276
803.973
825.236
836.813
837.471
827.196
807.103
779.33
746.703
712.37
679.232
649.414
624.149
603.904
588.516
577.394
569.736
564.705
561.545
559.646
558.553
557.949
557.629
557.466
557.386
557.348
557.331
557.324
557.321
557.32
557.319
557.319
557.32
557.32
557.32
557.32
557.321
557.321
557.321
557.322
557.322
557.322
557.323
557.323
557.323
557.324
557.324
557.325
557.325
557.325
557.326
557.326
557.326
557.327
557.327
557.327
557.328
557.328
557.328
557.328
557.329
557.329
557.329
557.329
557.33
557.33
557.33
557.33
557.331
557.331
557.331
557.331
557.331
557.331
557.332
557.332
557.332
557.332
557.332
557.332
557.332
557.333
557.333
557.333
557.333
557.333
557.333
557.333
557.333
557.333
557.333
557.333
557.334
557.334
557.334
557.334
557.334
557.334
557.334
557.334
557.334
557.334
557.334
557.334
557.333
557.333
557.333
557.333
557.333
557.333
557.333
557.333
557.333
557.333
557.333
557.333
557.333
557.333
557.333
557.333
557.333
557.333
557.332
557.332
557.332
557.332
557.332
557.332
557.332
557.332
557.331
557.331
557.331
557.331
557.331
557.331
557.33
557.33
557.33
557.33
557.33
557.329
557.329
557.329
557.329
557.328
557.328
557.328
557.328
557.327
557.327
557.327
557.326
557.326
557.326
557.325
557.325
557.324
557.324
557.324
557.323
557.323
557.323
557.322
557.322
557.321
557.321
557.321
557.32
557.32
557.319
557.319
557.319
557.318
557.318
557.318
557.317
557.317
557.317
557.318
557.321
557.328
557.344
557.379
557.453
557.605
557.904
558.47
559.498
561.29
564.282
569.064
576.368
587.016
601.808
621.356
645.882
675.026
707.731
742.07
775.214
803.918
825.19
836.778
837.445
827.179
807.09
779.32
746.694
712.355
679.205
649.378
624.11
603.867
588.484
577.368
569.716
564.689
561.534
559.638
558.547
557.945
557.625
557.462
557.383
557.345
557.328
557.321
557.318
557.317
557.316
557.316
557.317
557.317
557.317
557.318
557.318
557.318
557.319
557.319
557.319
557.32
557.32
557.32
557.321
557.321
557.322
557.322
557.322
557.323
557.323
557.323
557.324
557.324
557.324
557.325
557.325
557.325
557.326
557.326
557.326
557.326
557.327
557.327
557.327
557.327
557.328
557.328
557.328
557.328
557.328
557.329
557.329
557.329
557.329
557.329
557.33
557.33
557.33
557.33
557.33
557.33
557.33
557.33
557.331
557.331
557.331
557.331
557.331
557.331
557.331
557.331
557.331
557.331
557.331
557.331
557.331
557.331
557.331
557.331
557.331
557.331
557.331
557.331
557.331
557.331
557.331
557.331
557.331
557.331
557.331
557.331
557.331
557.331
557.331
557.331
557.33
557.33
557.33
557.33
557.33
557.33
557.33
557.33
557.33
557.33
557.33
557.329
557.329
557.329
557.329
557.329
557.329
557.328
557.328
557.328
557.328
557.328
557.328
557.327
557.327
557.327
557.327
557.326
557.326
557.326
557.326
557.325
557.325
557.325
557.324
557.324
557.324
557.323
557.323
557.323
557.322
557.322
557.321
557.321
557.321
557.32
557.32
557.319
557.319
557.319
557.318
557.318
557.317
557.317
557.317
557.316
557.316
557.315
557.315
557.315
557.315
557.314
557.315
557.315
557.318
557.325
557.34
557.375
557.449
557.6
557.898
558.462
559.487
561.274
564.259
569.031
576.322
586.954
601.729
621.26
645.771
674.908
707.616
741.963
775.116
803.831
825.118
836.72
837.396
827.136
807.051
779.282
746.656
712.309
679.147
649.315
624.05
603.813
588.439
577.333
569.69
564.671
561.521
559.629
558.54
557.94
557.621
557.459
557.379
557.342
557.325
557.318
557.315
557.314
557.313
557.314
557.314
557.314
557.314
557.315
557.315
557.315
557.316
557.316
557.317
557.317
557.317
557.318
557.318
557.318
557.319
557.319
557.32
557.32
557.32
557.321
557.321
557.321
557.322
557.322
557.322
557.323
557.323
557.323
557.324
557.324
557.324
557.324
557.325
557.325
557.325
557.325
557.326
557.326
557.326
557.326
557.326
557.327
557.327
557.327
557.327
557.327
557.327
557.327
557.328
557.328
557.328
557.328
557.328
557.328
557.328
557.328
557.328
557.328
557.329
557.329
557.329
557.329
557.329
557.329
557.329
557.329
557.329
557.329
557.329
557.329
557.329
557.329
557.328
557.328
557.328
557.328
557.328
557.328
557.328
557.328
557.328
557.328
557.328
557.328
557.328
557.328
557.328
557.327
557.327
557.327
557.327
557.327
557.327
557.327
557.327
557.327
557.326
557.326
557.326
557.326
557.326
557.326
557.326
557.325
557.325
557.325
557.325
557.325
557.324
557.324
557.324
557.324
557.323
557.323
557.323
557.322
557.322
557.322
557.322
557.321
557.321
557.321
557.32
557.32
557.319
557.319
557.319
557.318
557.318
557.317
557.317
557.317
557.316
557.316
557.315
557.315
557.314
557.314
557.314
557.313
557.313
557.313
557.312
557.312
557.312
557.311
557.312
557.312
557.315
557.322
557.337
557.372
557.445
557.596
557.893
558.454
559.475
561.256
564.233
568.992
576.267
586.879
601.631
621.14
645.631
674.755
707.462
741.819
774.982
803.715
825.021
836.638
837.325
827.069
806.983
779.212
746.583
712.227
679.056
649.225
623.966
603.742
588.382
577.29
569.659
564.649
561.505
559.618
558.533
557.934
557.617
557.455
557.376
557.339
557.322
557.315
557.312
557.311
557.311
557.311
557.311
557.311
557.312
557.312
557.312
557.313
557.313
557.313
557.314
557.314
557.314
557.315
557.315
557.316
557.316
557.316
557.317
557.317
557.318
557.318
557.318
557.319
557.319
557.319
557.32
557.32
557.32
557.321
557.321
557.321
557.321
557.322
557.322
557.322
557.322
557.323
557.323
557.323
557.323
557.323
557.324
557.324
557.324
557.324
557.324
557.324
557.325
557.325
557.325
557.325
557.325
557.325
557.325
557.325
557.325
557.326
557.326
557.326
557.326
557.326
557.326
557.326
557.326
557.326
557.326
557.326
557.326
557.326
557.326
557.326
557.326
557.326
557.325
557.325
557.325
557.325
557.325
557.325
557.325
557.324
557.324
557.324
557.324
557.324
557.324
557.324
557.324
557.324
557.324
557.324
557.324
557.324
557.324
557.323
557.323
557.323
557.323
557.323
557.323
557.323
557.322
557.322
557.322
557.322
557.322
557.322
557.321
557.321
557.321
557.321
557.32
557.32
557.32
557.32
557.319
557.319
557.319
557.319
557.318
557.318
557.318
557.317
557.317
557.316
557.316
557.316
557.315
557.315
557.314
557.314
557.314
557.313
557.313
557.312
557.312
557.312
557.311
557.311
557.311
557.31
557.31
557.31
557.309
557.309
557.309
557.308
557.309
557.309
557.312
557.318
557.334
557.368
557.441
557.591
557.886
558.445
559.462
561.236
564.202
568.947
576.202
586.79
601.514
620.994
645.46
674.566
707.269
741.634
774.811
803.566
824.896
836.532
837.23
826.976
806.885
779.107
746.472
712.107
678.929
649.102
623.857
603.651
588.31
577.236
569.62
564.622
561.487
559.606
558.524
557.928
557.612
557.451
557.372
557.335
557.319
557.311
557.309
557.308
557.308
557.308
557.308
557.308
557.309
557.309
557.309
557.309
557.31
557.31
557.31
557.311
557.311
557.312
557.312
557.312
557.313
557.313
557.313
557.314
557.314
557.315
557.315
557.315
557.316
557.316
557.316
557.317
557.317
557.317
557.318
557.318
557.318
557.318
557.319
557.319
557.319
557.319
557.319
557.32
557.32
557.32
557.32
557.32
557.321
557.321
557.321
557.321
557.321
557.321
557.321
557.322
557.322
557.322
557.322
557.322
557.322
557.322
557.322
557.322
557.322
557.322
557.322
557.323
557.323
557.323
557.323
557.323
557.323
557.323
557.323
557.323
557.323
557.323
557.32
557.32
557.32
557.32
557.32
557.32
557.32
557.32
557.319
557.319
557.319
557.319
557.319
557.319
557.319
557.319
557.319
557.319
557.319
557.319
557.319
557.319
557.318
557.318
557.318
557.318
557.318
557.318
557.318
557.317
557.317
557.317
557.317
557.317
557.317
557.316
557.316
557.316
557.316
557.316
557.315
557.315
557.315
557.315
557.314
557.314
557.314
557.313
557.313
557.313
557.312
557.312
557.312
557.311
557.311
557.311
557.31
557.31
557.309
557.309
557.309
557.308
557.308
557.308
557.308
557.307
557.307
557.307
557.307
557.307
557.306
557.306
557.306
557.305
557.305
557.306
557.308
557.315
557.33
557.364
557.436
557.585
557.878
558.434
559.446
561.212
564.166
568.893
576.125
586.684
601.375
620.819
645.252
674.335
707.032
741.406
774.6
803.383
824.741
836.4
837.11
826.856
806.756
778.965
746.32
711.944
678.762
648.945
623.718
603.536
588.221
577.169
569.572
564.589
561.465
559.591
558.514
557.92
557.606
557.446
557.368
557.331
557.315
557.308
557.305
557.304
557.304
557.305
557.305
557.305
557.306
557.306
557.306
557.306
557.306
557.306
557.307
557.307
557.307
557.307
557.308
557.308
557.309
557.309
557.309
557.31
557.31
557.31
557.311
557.311
557.311
557.312
557.312
557.312
557.313
557.313
557.313
557.313
557.314
557.314
557.314
557.314
557.314
557.315
557.315
557.315
557.315
557.315
557.316
557.316
557.316
557.316
557.316
557.316
557.316
557.317
557.317
557.317
557.317
557.317
557.317
557.317
557.317
557.317
557.317
557.318
557.318
557.318
557.318
557.318
557.318
557.318
557.318
557.318
557.318
557.318
557.318
557.318
557.318
557.318
557.311
557.311
557.311
557.311
557.311
557.311
557.311
557.311
557.311
557.311
557.311
557.311
557.311
557.311
557.311
557.311
557.311
557.311
557.311
557.311
557.311
557.311
557.311
557.31
557.31
557.31
557.31
557.31
557.31
557.31
557.31
557.309
557.309
557.309
557.309
557.309
557.309
557.309
557.308
557.308
557.308
557.308
557.308
557.307
557.307
557.307
557.307
557.306
557.306
557.306
557.306
557.305
557.305
557.305
557.304
557.304
557.304
557.303
557.303
557.303
557.303
557.303
557.303
557.303
557.303
557.303
557.303
557.303
557.303
557.303
557.303
557.303
557.302
557.302
557.302
557.302
557.304
557.31
557.325
557.358
557.43
557.578
557.869
558.422
559.427
561.184
564.123
568.83
576.034
586.558
601.208
620.609
645.003
674.057
706.744
741.129
774.343
803.16
824.553
836.237
836.959
826.703
806.59
778.781
746.121
711.733
678.548
648.745
623.545
603.394
588.11
577.088
569.515
564.55
561.439
559.573
558.502
557.911
557.599
557.44
557.363
557.326
557.31
557.304
557.301
557.301
557.301
557.301
557.302
557.302
557.302
557.302
557.302
557.302
557.302
557.302
557.302
557.302
557.302
557.302
557.302
557.302
557.302
557.303
557.303
557.303
557.304
557.304
557.304
557.304
557.305
557.305
557.305
557.305
557.306
557.306
557.306
557.306
557.307
557.307
557.307
557.307
557.307
557.308
557.308
557.308
557.308
557.308
557.308
557.308
557.309
557.309
557.309
557.309
557.309
557.309
557.309
557.309
557.309
557.309
557.31
557.31
557.31
557.31
557.31
557.31
557.31
557.31
557.31
557.31
557.31
557.31
557.31
557.31
557.31
557.31
557.31
557.31
557.31
557.31
557.297
557.297
557.297
557.297
557.297
557.297
557.297
557.297
557.297
557.297
557.297
557.297
557.297
557.297
557.297
557.297
557.297
557.297
557.297
557.297
557.297
557.297
557.297
557.296
557.296
557.296
557.296
557.296
557.296
557.296
557.296
557.296
557.296
557.296
557.296
557.296
557.296
557.295
557.295
557.295
557.295
557.295
557.295
557.295
557.295
557.295
557.294
557.294
557.294
557.294
557.294
557.294
557.294
557.293
557.293
557.293
557.293
557.293
557.293
557.293
557.293
557.294
557.294
557.295
557.296
557.296
557.297
557.298
557.299
557.299
557.3
557.299
557.299
557.298
557.297
557.297
557.298
557.304
557.318
557.351
557.422
557.568
557.857
558.405
559.404
561.15
564.072
568.755
575.926
586.408
601.009
620.359
644.705
673.722
706.398
740.794
774.033
802.89
824.324
836.039
836.774
826.512
806.38
778.547
745.868
711.466
678.279
648.495
623.329
603.219
587.975
576.989
569.445
564.502
561.406
559.551
558.486
557.899
557.589
557.432
557.355
557.32
557.304
557.298
557.296
557.296
557.297
557.298
557.298
557.298
557.298
557.298
557.297
557.297
557.296
557.295
557.294
557.293
557.293
557.293
557.292
557.292
557.292
557.292
557.293
557.293
557.293
557.293
557.293
557.293
557.293
557.294
557.294
557.294
557.294
557.294
557.294
557.294
557.295
557.295
557.295
557.295
557.295
557.295
557.295
557.295
557.295
557.295
557.296
557.296
557.296
557.296
557.296
557.296
557.296
557.296
557.296
557.296
557.296
557.296
557.296
557.296
557.296
557.296
557.296
557.296
557.296
557.296
557.296
557.297
557.297
557.297
557.297
557.297
557.297
557.297
557.297
557.297
557.297
557.297
557.271
557.271
557.271
557.271
557.271
557.271
557.271
557.271
557.271
557.271
557.271
557.271
557.271
557.271
557.271
557.271
557.271
557.271
557.271
557.271
557.271
557.271
557.271
557.271
557.271
557.271
557.271
557.271
557.271
557.271
557.271
557.271
557.271
557.271
557.271
557.272
557.272
557.272
557.272
557.272
557.272
557.272
557.272
557.272
557.272
557.272
557.272
557.273
557.273
557.273
557.273
557.273
557.273
557.273
557.273
557.274
557.274
557.274
557.275
557.276
557.276
557.278
557.279
557.281
557.283
557.286
557.288
557.291
557.293
557.294
557.295
557.295
557.294
557.293
557.291
557.29
557.29
557.294
557.307
557.339
557.408
557.553
557.839
558.382
559.373
561.106
564.009
568.663
575.795
586.228
600.771
620.058
644.346
673.32
705.98
740.39
773.659
802.564
824.046
835.796
836.545
826.275
806.118
778.253
745.55
711.13
677.943
648.186
623.062
603.002
587.809
576.866
569.358
564.441
561.364
559.521
558.463
557.882
557.574
557.419
557.343
557.309
557.294
557.289
557.289
557.29
557.291
557.293
557.294
557.294
557.293
557.292
557.29
557.288
557.286
557.283
557.281
557.279
557.278
557.277
557.276
557.275
557.275
557.274
557.274
557.274
557.274
557.274
557.273
557.273
557.273
557.273
557.273
557.273
557.273
557.273
557.273
557.273
557.273
557.273
557.273
557.273
557.272
557.272
557.272
557.272
557.272
557.272
557.272
557.272
557.272
557.272
557.272
557.272
557.272
557.272
557.272
557.272
557.272
557.272
557.272
557.272
557.272
557.272
557.272
557.272
557.272
557.272
557.272
557.272
557.272
557.272
557.272
557.272
557.272
557.272
557.272
557.272
557.272
557.272
557.222
557.222
557.222
557.222
557.222
557.222
557.222
557.222
557.222
557.222
557.222
557.222
557.222
557.222
557.222
557.223
557.223
557.223
557.223
557.223
557.223
557.223
557.224
557.224
557.224
557.224
557.225
557.225
557.225
557.225
557.226
557.226
557.226
557.226
557.227
557.227
557.227
557.228
557.228
557.229
557.229
557.229
557.23
557.23
557.231
557.231
557.232
557.232
557.233
557.234
557.234
557.235
557.235
557.236
557.237
557.238
557.239
557.24
557.242
557.244
557.246
557.249
557.253
557.257
557.262
557.267
557.273
557.278
557.283
557.286
557.288
557.288
557.287
557.284
557.281
557.278
557.276
557.278
557.289
557.318
557.386
557.528
557.81
558.348
559.33
561.048
563.928
568.548
575.635
586.009
600.483
619.696
643.914
672.835
705.476
739.902
773.205
802.167
823.708
835.499
836.263
825.98
805.79
777.885
745.151
710.711
677.524
647.801
622.732
602.735
587.602
576.713
569.247
564.362
561.307
559.478
558.43
557.853
557.55
557.396
557.323
557.29
557.278
557.275
557.276
557.28
557.283
557.286
557.287
557.287
557.286
557.283
557.278
557.273
557.268
557.263
557.258
557.254
557.251
557.248
557.245
557.244
557.242
557.241
557.24
557.239
557.238
557.238
557.237
557.237
557.236
557.236
557.235
557.235
557.234
557.234
557.233
557.233
557.232
557.232
557.232
557.231
557.231
557.231
557.23
557.23
557.23
557.23
557.229
557.229
557.229
557.229
557.228
557.228
557.228
557.228
557.228
557.227
557.227
557.227
557.227
557.227
557.227
557.227
557.227
557.226
557.226
557.226
557.226
557.226
557.226
557.226
557.226
557.226
557.226
557.226
557.226
557.226
557.226
557.226
557.133
557.133
557.133
557.133
557.133
557.133
557.134
557.134
557.134
557.134
557.134
557.134
557.135
557.135
557.135
557.135
557.136
557.136
557.137
557.137
557.137
557.138
557.138
557.139
557.139
557.14
557.14
557.141
557.141
557.142
557.143
557.143
557.144
557.145
557.146
557.146
557.147
557.148
557.149
557.15
557.151
557.152
557.153
557.154
557.156
557.157
557.158
557.159
557.161
557.162
557.164
557.165
557.167
557.169
557.171
557.173
557.175
557.178
557.181
557.185
557.19
557.197
557.204
557.213
557.223
557.234
557.245
557.255
557.265
557.272
557.276
557.278
557.276
557.271
557.264
557.257
557.251
557.249
557.256
557.282
557.347
557.485
557.763
558.295
559.266
560.966
563.82
568.401
575.435
585.74
600.132
619.257
643.391
672.249
704.866
739.311
772.655
801.684
823.294
835.134
835.915
825.614
805.382
777.426
744.655
710.189
677.004
647.324
622.323
602.402
587.343
576.518
569.103
564.255
561.226
559.414
558.377
557.807
557.507
557.357
557.287
557.258
557.249
557.25
557.255
557.262
557.269
557.274
557.277
557.276
557.273
557.266
557.257
557.247
557.237
557.226
557.217
557.208
557.201
557.195
557.19
557.186
557.183
557.18
557.178
557.176
557.174
557.173
557.171
557.17
557.168
557.167
557.166
557.165
557.163
557.162
557.161
557.16
557.159
557.158
557.157
557.157
557.156
557.155
557.154
557.153
557.153
557.152
557.151
557.151
557.15
557.15
557.149
557.149
557.148
557.148
557.147
557.147
557.146
557.146
557.146
557.145
557.145
557.145
557.145
557.144
557.144
557.144
557.144
557.143
557.143
557.143
557.143
557.143
557.143
557.143
557.143
557.143
557.143
557.143
556.978
556.978
556.978
556.978
556.978
556.978
556.979
556.979
556.979
556.98
556.98
556.98
556.981
556.981
556.982
556.982
556.983
556.984
556.984
556.985
556.986
556.987
556.988
556.989
556.99
556.991
556.992
556.993
556.994
556.995
556.997
556.998
556.999
557.001
557.002
557.004
557.006
557.008
557.009
557.011
557.013
557.015
557.018
557.02
557.022
557.025
557.027
557.03
557.033
557.036
557.039
557.042
557.045
557.049
557.053
557.057
557.062
557.067
557.074
557.081
557.091
557.103
557.117
557.133
557.152
557.172
557.194
557.214
557.232
557.246
557.255
557.258
557.255
557.246
557.234
557.22
557.206
557.197
557.198
557.218
557.278
557.411
557.683
558.207
559.165
560.846
563.669
568.206
575.177
585.402
599.698
618.719
642.754
671.535
704.124
738.592
771.983
801.093
822.785
834.683
835.482
825.157
804.872
776.852
744.036
709.538
676.357
646.731
621.812
601.983
587.013
576.264
568.909
564.105
561.106
559.315
558.289
557.728
557.434
557.289
557.223
557.199
557.197
557.205
557.218
557.232
557.244
557.254
557.258
557.256
557.249
557.236
557.219
557.2
557.18
557.16
557.142
557.126
557.112
557.1
557.091
557.084
557.077
557.072
557.068
557.064
557.06
557.057
557.054
557.051
557.048
557.045
557.043
557.04
557.038
557.036
557.034
557.032
557.03
557.028
557.026
557.024
557.022
557.021
557.019
557.018
557.017
557.015
557.014
557.013
557.011
557.01
557.009
557.008
557.007
557.006
557.005
557.005
557.004
557.003
557.002
557.002
557.001
557
557
556.999
556.999
556.999
556.998
556.998
556.997
556.997
556.997
556.997
556.996
556.996
556.996
556.996
556.996
556.996
556.714
556.714
556.715
556.715
556.715
556.715
556.716
556.716
556.717
556.717
556.718
556.719
556.72
556.72
556.721
556.722
556.723
556.725
556.726
556.727
556.729
556.73
556.732
556.733
556.735
556.737
556.739
556.741
556.743
556.745
556.748
556.75
556.753
556.756
556.758
556.761
556.764
556.767
556.771
556.774
556.778
556.782
556.785
556.79
556.794
556.798
556.803
556.808
556.813
556.818
556.823
556.829
556.835
556.842
556.849
556.856
556.865
556.875
556.887
556.901
556.918
556.938
556.964
556.993
557.027
557.064
557.102
557.14
557.173
557.199
557.216
557.222
557.217
557.203
557.181
557.155
557.129
557.107
557.096
557.107
557.158
557.283
557.548
558.061
559.005
560.663
563.452
567.938
574.838
584.97
599.154
618.053
641.971
670.663
703.217
737.715
771.16
800.365
822.156
834.122
834.942
824.586
804.234
776.136
743.264
708.725
675.551
645.991
621.17
601.452
586.586
575.926
568.641
563.889
560.925
559.156
558.145
557.593
557.307
557.169
557.112
557.098
557.106
557.126
557.152
557.178
557.2
557.216
557.223
557.219
557.205
557.181
557.15
557.115
557.078
557.042
557.009
556.98
556.956
556.936
556.919
556.905
556.894
556.885
556.876
556.869
556.863
556.856
556.851
556.845
556.84
556.836
556.831
556.827
556.822
556.818
556.814
556.811
556.807
556.804
556.8
556.797
556.794
556.791
556.789
556.786
556.783
556.781
556.779
556.777
556.774
556.772
556.77
556.769
556.767
556.765
556.764
556.762
556.761
556.759
556.758
556.757
556.756
556.755
556.754
556.753
556.752
556.751
556.75
556.75
556.749
556.748
556.748
556.748
556.747
556.747
556.747
556.747
556.746
556.746
556.284
556.284
556.284
556.285
556.285
556.286
556.286
556.287
556.288
556.289
556.29
556.291
556.293
556.294
556.296
556.298
556.299
556.301
556.303
556.306
556.308
556.311
556.313
556.316
556.319
556.322
556.325
556.329
556.332
556.336
556.34
556.344
556.348
556.353
556.357
556.362
556.367
556.373
556.378
556.384
556.39
556.396
556.403
556.41
556.417
556.424
556.432
556.44
556.449
556.458
556.467
556.477
556.487
556.498
556.51
556.523
556.537
556.554
556.574
556.597
556.626
556.661
556.704
556.755
556.812
556.876
556.942
557.007
557.065
557.112
557.143
557.155
557.148
557.124
557.087
557.042
556.995
556.952
556.923
556.917
556.954
557.068
557.322
557.823
558.75
560.382
563.132
567.56
574.378
584.405
598.461
617.22
641.003
669.59
702.103
736.639
770.147
799.466
821.375
833.424
834.266
823.871
803.435
775.241
742.301
707.71
674.543
645.061
620.357
600.767
586.024
575.468
568.263
563.569
560.645
558.902
557.909
557.369
557.094
556.967
556.923
556.924
556.95
556.991
557.037
557.082
557.121
557.147
557.158
557.15
557.123
557.081
557.027
556.965
556.901
556.84
556.783
556.734
556.692
556.657
556.629
556.606
556.587
556.571
556.557
556.545
556.533
556.523
556.513
556.504
556.496
556.488
556.48
556.472
556.465
556.458
556.452
556.445
556.439
556.434
556.428
556.423
556.418
556.413
556.408
556.404
556.4
556.396
556.392
556.388
556.384
556.381
556.378
556.375
556.372
556.369
556.366
556.364
556.361
556.359
556.357
556.355
556.353
556.351
556.35
556.348
556.347
556.345
556.344
556.343
556.342
556.341
556.34
556.339
556.339
556.338
556.338
556.338
556.337
556.337
555.61
555.61
555.61
555.611
555.611
555.612
555.613
555.614
555.616
555.617
555.619
555.621
555.623
555.625
555.628
555.631
555.634
555.637
555.64
555.643
555.647
555.651
555.655
555.66
555.664
555.669
555.674
555.68
555.685
555.691
555.697
555.704
555.711
555.718
555.725
555.733
555.741
555.749
555.758
555.767
555.777
555.787
555.797
555.808
555.819
555.831
555.844
555.856
555.87
555.884
555.899
555.914
555.931
555.948
555.967
555.988
556.011
556.038
556.07
556.108
556.154
556.211
556.28
556.362
556.457
556.561
556.671
556.779
556.877
556.957
557.01
557.034
557.025
556.988
556.928
556.852
556.772
556.697
556.637
556.605
556.621
556.717
556.955
557.44
558.347
559.95
562.655
567.018
573.746
583.653
597.565
616.165
639.794
668.262
700.728
735.314
768.896
798.349
820.401
832.549
833.418
822.973
802.432
774.119
741.097
706.438
673.277
643.885
619.316
599.875
585.272
574.835
567.722
563.094
560.215
558.502
557.529
557.005
556.745
556.635
556.61
556.636
556.692
556.765
556.844
556.921
556.984
557.026
557.041
557.025
556.978
556.906
556.814
556.711
556.605
556.503
556.41
556.33
556.261
556.205
556.159
556.122
556.091
556.066
556.043
556.024
556.006
555.989
555.974
555.959
555.945
555.932
555.92
555.908
555.896
555.885
555.875
555.865
555.855
555.846
555.838
555.829
555.821
555.813
555.806
555.799
555.792
555.786
555.78
555.774
555.768
555.763
555.757
555.753
555.748
555.743
555.739
555.735
555.731
555.728
555.724
555.721
555.718
555.715
555.713
555.71
555.708
555.706
555.704
555.702
555.701
555.699
555.698
555.697
555.696
555.695
555.695
555.694
555.694
555.694
554.596
554.596
554.596
554.597
554.598
554.599
554.601
554.603
554.605
554.607
554.61
554.613
554.616
554.619
554.623
554.627
554.631
554.636
554.641
554.646
554.652
554.657
554.664
554.67
554.677
554.684
554.692
554.7
554.709
554.717
554.727
554.736
554.747
554.757
554.768
554.78
554.792
554.805
554.818
554.832
554.846
554.861
554.877
554.893
554.91
554.928
554.946
554.966
554.986
555.008
555.03
555.054
555.079
555.105
555.134
555.165
555.201
555.241
555.29
555.348
555.419
555.507
555.613
555.741
555.889
556.053
556.227
556.4
556.558
556.689
556.779
556.822
556.813
556.758
556.665
556.545
556.416
556.29
556.183
556.111
556.093
556.163
556.379
556.842
557.725
559.294
561.95
566.241
572.867
582.64
596.39
614.812
638.27
666.605
699.021
733.676
767.347
796.959
819.184
831.452
832.351
821.843
801.172
772.714
739.591
704.839
671.681
642.39
617.973
598.701
584.256
573.953
566.944
562.39
559.563
557.884
556.936
556.432
556.193
556.108
556.115
556.18
556.281
556.403
556.533
556.654
556.754
556.818
556.837
556.806
556.727
556.607
556.458
556.293
556.124
555.963
555.818
555.692
555.586
555.499
555.428
555.371
555.324
555.285
555.25
555.22
555.193
555.168
555.145
555.122
555.102
555.082
555.063
555.045
555.027
555.011
554.995
554.98
554.965
554.951
554.938
554.925
554.913
554.902
554.891
554.88
554.87
554.86
554.851
554.842
554.833
554.825
554.817
554.81
554.803
554.796
554.79
554.784
554.778
554.773
554.768
554.763
554.759
554.754
554.75
554.747
554.743
554.74
554.737
554.735
554.732
554.73
554.728
554.727
554.725
554.724
554.723
554.722
554.722
554.722
553.135
553.136
553.136
553.137
553.139
553.141
553.143
553.145
553.148
553.152
553.155
553.159
553.164
553.169
553.174
553.18
553.186
553.192
553.199
553.207
553.215
553.223
553.232
553.241
553.251
553.262
553.272
553.284
553.296
553.308
553.322
553.336
553.35
553.365
553.381
553.398
553.415
553.433
553.452
553.471
553.492
553.514
553.536
553.559
553.584
553.61
553.636
553.664
553.694
553.724
553.757
553.791
553.827
553.865
553.907
553.952
554.003
554.062
554.132
554.217
554.321
554.45
554.607
554.797
555.017
555.265
555.528
555.792
556.038
556.244
556.391
556.466
556.462
556.386
556.248
556.067
555.867
555.668
555.493
555.36
555.292
555.323
555.506
555.941
556.793
558.323
560.922
565.131
571.642
581.266
594.837
613.062
636.332
664.524
696.889
731.64
765.42
795.222
817.658
830.073
831.008
820.421
799.586
770.949
737.702
702.819
669.657
640.475
616.227
597.143
582.877
572.725
565.834
561.365
558.596
556.958
556.04
555.564
555.354
555.306
555.361
555.483
555.651
555.846
556.047
556.233
556.382
556.474
556.495
556.439
556.309
556.119
555.886
555.632
555.375
555.132
554.913
554.725
554.568
554.44
554.336
554.252
554.184
554.126
554.077
554.033
553.994
553.957
553.923
553.891
553.861
553.832
553.805
553.779
553.754
553.73
553.707
553.685
553.665
553.645
553.626
553.607
553.59
553.573
553.557
553.542
553.527
553.513
553.5
553.487
553.475
553.463
553.452
553.442
553.432
553.422
553.413
553.405
553.396
553.389
553.381
553.375
553.368
553.362
553.357
553.351
553.346
553.342
553.338
553.334
553.331
553.328
553.325
553.323
553.321
553.319
553.318
553.317
553.316
553.316
551.123
551.123
551.124
551.125
551.127
551.13
551.133
551.136
551.14
551.145
551.15
551.155
551.161
551.168
551.175
551.183
551.191
551.2
551.209
551.219
551.23
551.241
551.253
551.266
551.279
551.293
551.308
551.324
551.34
551.357
551.375
551.394
551.413
551.434
551.456
551.478
551.502
551.526
551.552
551.579
551.607
551.636
551.667
551.699
551.733
551.768
551.804
551.843
551.883
551.925
551.969
552.016
552.065
552.118
552.175
552.238
552.308
552.39
552.486
552.604
552.749
552.929
553.15
553.418
553.733
554.088
554.47
554.858
555.223
555.536
555.766
555.892
555.903
555.806
555.613
555.353
555.056
554.757
554.485
554.266
554.126
554.099
554.236
554.632
555.445
556.927
559.459
563.573
569.953
579.407
592.774
610.78
633.847
661.89
694.21
729.099
763.018
793.048
815.743
828.342
829.32
818.632
797.59
768.731
735.324
700.255
667.075
638.006
613.943
595.071
581.009
571.031
564.276
559.906
557.206
555.616
554.736
554.297
554.13
554.135
554.258
554.463
554.725
555.021
555.322
555.594
555.806
555.928
555.944
555.846
555.642
555.351
555.003
554.627
554.252
553.9
553.587
553.319
553.097
552.917
552.773
552.656
552.561
552.481
552.413
552.353
552.298
552.248
552.201
552.157
552.115
552.076
552.038
552.002
551.968
551.935
551.904
551.874
551.845
551.818
551.792
551.767
551.743
551.72
551.698
551.677
551.657
551.638
551.62
551.602
551.586
551.57
551.555
551.54
551.527
551.514
551.501
551.49
551.479
551.468
551.458
551.449
551.44
551.432
551.424
551.417
551.411
551.404
551.399
551.394
551.389
551.385
551.381
551.378
551.375
551.373
551.371
551.37
551.369
551.369
548.469
548.47
548.471
548.473
548.475
548.478
548.482
548.487
548.492
548.498
548.504
548.511
548.519
548.527
548.537
548.546
548.557
548.569
548.581
548.594
548.607
548.622
548.638
548.654
548.671
548.689
548.708
548.728
548.749
548.772
548.795
548.819
548.845
548.871
548.899
548.929
548.959
548.991
549.024
549.059
549.096
549.134
549.174
549.216
549.26
549.305
549.353
549.403
549.456
549.511
549.569
549.63
549.694
549.764
549.838
549.92
550.013
550.12
550.247
550.402
550.594
550.833
551.129
551.49
551.917
552.404
552.933
553.477
553.998
554.452
554.8
555.005
555.05
554.939
554.687
554.33
553.912
553.481
553.079
552.742
552.501
552.392
552.466
552.807
553.567
554.989
557.439
561.437
567.659
576.91
590.039
607.797
630.639
658.528
690.817
725.903
760.015
790.321
813.34
826.172
827.204
816.383
795.076
765.938
732.319
696.981
663.76
634.805
610.948
592.321
578.5
568.73
562.139
557.889
555.273
553.744
552.914
552.525
552.417
552.498
552.715
553.034
553.425
553.856
554.284
554.664
554.949
555.099
555.096
554.931
554.619
554.192
553.692
553.16
552.638
552.153
551.725
551.362
551.063
550.822
550.629
550.475
550.349
550.244
550.155
550.075
550.004
549.938
549.876
549.818
549.763
549.711
549.662
549.615
549.57
549.527
549.486
549.447
549.41
549.374
549.34
549.307
549.276
549.246
549.218
549.19
549.164
549.139
549.116
549.093
549.071
549.051
549.031
549.012
548.995
548.978
548.962
548.947
548.932
548.919
548.906
548.894
548.882
548.872
548.862
548.852
548.844
548.836
548.829
548.822
548.816
548.811
548.806
548.802
548.798
548.795
548.793
548.791
548.79
548.79
545.125
545.125
545.127
545.129
545.132
545.136
545.141
545.146
545.153
545.16
545.168
545.176
545.186
545.196
545.208
545.22
545.233
545.247
545.262
545.278
545.295
545.313
545.332
545.352
545.373
545.395
545.419
545.444
545.47
545.497
545.525
545.556
545.587
545.62
545.654
545.691
545.728
545.768
545.809
545.853
545.898
545.945
545.995
546.047
546.101
546.158
546.217
546.279
546.345
546.413
546.486
546.562
546.642
546.729
546.822
546.924
547.04
547.173
547.332
547.526
547.767
548.069
548.446
548.908
549.459
550.093
550.791
551.519
552.23
552.866
553.37
553.693
553.803
553.697
553.393
552.931
552.371
551.776
551.207
550.715
550.338
550.117
550.101
550.367
551.057
552.398
554.742
558.592
564.614
573.61
586.442
603.895
626.474
654.202
686.481
721.845
756.246
786.895
810.328
823.461
824.563
813.563
791.908
762.414
728.492
692.766
659.474
630.639
607.026
588.7
575.18
565.674
559.29
555.193
552.685
551.235
550.472
550.151
550.124
550.308
550.653
551.123
551.682
552.282
552.867
553.369
553.728
553.894
553.845
553.577
553.118
552.515
551.825
551.108
550.412
549.775
549.218
548.751
548.369
548.063
547.819
547.625
547.467
547.336
547.223
547.124
547.034
546.952
546.875
546.802
546.734
546.669
546.607
546.548
546.492
546.439
546.388
546.339
546.292
546.248
546.205
546.165
546.126
546.089
546.053
546.019
545.987
545.956
545.927
545.899
545.872
545.846
545.822
545.799
545.777
545.756
545.736
545.717
545.7
545.683
545.667
545.652
545.638
545.625
545.613
545.601
545.591
545.581
545.572
545.564
545.556
545.55
545.544
545.539
545.534
545.531
545.528
545.526
545.524
545.523
541.097
541.098
541.1
541.102
541.106
541.111
541.116
541.122
541.13
541.138
541.147
541.157
541.168
541.181
541.194
541.208
541.223
541.24
541.257
541.276
541.296
541.317
541.339
541.363
541.388
541.414
541.441
541.47
541.501
541.533
541.567
541.602
541.639
541.678
541.718
541.761
541.805
541.852
541.901
541.952
542.005
542.061
542.12
542.181
542.245
542.312
542.383
542.457
542.534
542.616
542.701
542.792
542.887
542.99
543.1
543.222
543.358
543.516
543.705
543.935
544.222
544.583
545.037
545.596
546.271
547.056
547.932
548.861
549.787
550.639
551.343
551.831
552.054
551.99
551.66
551.103
550.391
549.608
548.837
548.148
547.595
547.225
547.086
547.25
547.841
549.073
551.275
554.929
560.683
569.336
581.769
598.812
621.047
648.578
680.873
716.613
751.489
782.579
806.552
820.091
821.283
810.036
787.911
757.945
723.55
687.28
653.884
625.197
601.909
583.99
570.876
561.722
555.615
551.72
549.355
548.012
547.339
547.11
547.193
547.513
548.025
548.688
549.453
550.257
551.017
551.646
552.063
552.214
552.077
551.659
551.008
550.189
549.281
548.355
547.473
546.677
545.991
545.419
544.956
544.588
544.297
544.065
543.877
543.721
543.587
543.469
543.362
543.264
543.172
543.086
543.004
542.927
542.853
542.783
542.716
542.653
542.592
542.534
542.479
542.426
542.375
542.327
542.281
542.237
542.196
542.155
542.117
542.081
542.046
542.013
541.981
541.951
541.922
541.895
541.869
541.844
541.821
541.799
541.778
541.758
541.739
541.722
541.705
541.69
541.675
541.662
541.649
541.638
541.627
541.618
541.609
541.601
541.594
541.588
541.583
541.579
541.576
541.573
541.571
541.57
536.463
536.464
536.466
536.469
536.473
536.478
536.484
536.491
536.499
536.508
536.519
536.53
536.542
536.556
536.571
536.587
536.604
536.622
536.641
536.662
536.684
536.708
536.733
536.759
536.787
536.816
536.847
536.879
536.913
536.949
536.987
537.026
537.068
537.111
537.157
537.204
537.254
537.307
537.361
537.419
537.479
537.542
537.608
537.677
537.749
537.825
537.904
537.987
538.075
538.167
538.263
538.365
538.474
538.589
538.714
538.851
539.004
539.182
539.393
539.651
539.974
540.382
540.897
541.538
542.317
543.237
544.279
545.405
546.555
547.648
548.593
549.301
549.699
549.742
549.439
548.822
547.972
546.992
545.99
545.063
544.288
543.724
543.42
543.445
543.903
544.985
546.995
550.381
555.767
563.941
575.802
592.245
613.96
641.186
673.494
709.711
745.411
777.108
801.807
815.911
817.229
805.626
782.841
752.221
717.022
680.031
646.516
618.076
595.283
577.964
565.432
556.771
551.043
547.422
545.25
544.049
543.498
543.392
543.62
544.116
544.838
545.737
546.747
547.778
548.718
549.454
549.89
549.974
549.686
549.062
548.17
547.104
545.959
544.822
543.76
542.818
542.016
541.356
540.826
540.407
540.077
539.816
539.604
539.428
539.277
539.143
539.022
538.911
538.807
538.709
538.616
538.529
538.445
538.366
538.29
538.218
538.15
538.084
538.022
537.962
537.905
537.851
537.799
537.749
537.702
537.657
537.614
537.573
537.534
537.496
537.461
537.427
537.394
537.364
537.335
537.307
537.281
537.256
537.232
537.21
537.189
537.169
537.151
537.133
537.117
537.102
537.088
537.075
537.063
537.053
537.043
537.034
537.027
537.02
537.014
537.009
537.005
537.003
537.001
537
531.37
531.371
531.373
531.377
531.381
531.386
531.392
531.4
531.409
531.418
531.429
531.441
531.454
531.469
531.484
531.501
531.519
531.539
531.559
531.581
531.605
531.63
531.656
531.684
531.714
531.745
531.777
531.812
531.848
531.886
531.926
531.968
532.013
532.059
532.107
532.158
532.212
532.267
532.326
532.387
532.452
532.519
532.589
532.663
532.741
532.822
532.907
532.996
533.09
533.189
533.293
533.402
533.518
533.642
533.776
533.922
534.086
534.274
534.498
534.771
535.113
535.546
536.095
536.784
537.632
538.646
539.816
541.108
542.465
543.802
545.018
546.002
546.655
546.899
546.709
546.108
545.166
544.004
542.758
541.558
540.514
539.703
539.184
539.02
539.299
540.18
541.929
544.953
549.832
557.327
568.348
583.861
604.709
631.349
663.556
700.301
737.43
770.062
795.774
810.707
812.217
800.071
776.321
744.723
708.075
670.232
636.683
608.756
586.804
570.417
558.742
550.778
545.571
542.319
540.405
539.394
539.003
539.06
539.474
540.193
541.172
542.35
543.634
544.899
545.998
546.793
547.176
547.108
546.591
545.693
544.52
543.189
541.812
540.485
539.275
538.221
537.338
536.62
536.05
535.602
535.251
534.972
534.747
534.559
534.397
534.254
534.124
534.004
533.892
533.787
533.687
533.593
533.503
533.417
533.336
533.258
533.184
533.114
533.046
532.982
532.921
532.863
532.807
532.754
532.703
532.655
532.608
532.564
532.522
532.482
532.444
532.408
532.373
532.34
532.309
532.28
532.252
532.225
532.2
532.176
532.154
532.133
532.113
532.094
532.077
532.061
532.046
532.032
532.02
532.008
531.998
531.989
531.98
531.973
531.967
531.962
531.958
531.955
531.953
531.952
526.025
526.026
526.028
526.031
526.036
526.041
526.047
526.055
526.064
526.073
526.084
526.096
526.11
526.124
526.14
526.157
526.175
526.195
526.215
526.238
526.261
526.286
526.313
526.341
526.371
526.403
526.436
526.471
526.507
526.546
526.586
526.629
526.674
526.721
526.77
526.821
526.876
526.932
526.992
527.054
527.119
527.188
527.259
527.335
527.413
527.496
527.583
527.674
527.769
527.87
527.976
528.087
528.206
528.331
528.467
528.615
528.78
528.969
529.191
529.463
529.801
530.23
530.777
531.469
532.33
533.376
534.608
536.005
537.519
539.074
540.568
541.876
542.869
543.433
543.486
543.022
542.083
540.793
539.314
537.819
536.457
535.341
534.547
534.134
534.176
534.791
536.198
538.744
542.94
549.492
559.289
573.351
592.7
618.113
649.763
686.896
726.23
760.622
787.819
804.069
805.923
792.872
767.613
734.318
695.172
656.57
623.393
596.604
576.132
561.212
550.791
543.797
539.29
536.521
534.942
534.178
533.994
534.261
534.911
535.903
537.187
538.682
540.257
541.74
542.944
543.706
543.929
543.591
542.747
541.512
540.029
538.441
536.867
535.402
534.102
532.994
532.083
531.353
530.778
530.329
529.979
529.701
529.476
529.287
529.123
528.978
528.846
528.723
528.609
528.501
528.399
528.302
528.21
528.122
528.039
527.959
527.884
527.812
527.743
527.677
527.615
527.555
527.498
527.444
527.392
527.342
527.295
527.25
527.208
527.167
527.128
527.091
527.056
527.022
526.99
526.96
526.932
526.905
526.879
526.855
526.832
526.811
526.791
526.772
526.754
526.738
526.723
526.709
526.696
526.684
526.674
526.664
526.656
526.649
526.643
526.637
526.633
526.63
526.628
526.627
520.667
520.668
520.67
520.673
520.677
520.682
520.688
520.696
520.704
520.713
520.724
520.735
520.748
520.762
520.777
520.793
520.81
520.829
520.849
520.87
520.893
520.917
520.943
520.97
520.998
521.029
521.06
521.094
521.129
521.166
521.205
521.246
521.289
521.334
521.382
521.431
521.483
521.538
521.595
521.655
521.718
521.784
521.854
521.926
522.002
522.082
522.166
522.254
522.346
522.443
522.545
522.653
522.767
522.888
523.018
523.159
523.315
523.493
523.7
523.951
524.262
524.656
525.158
525.8
526.609
527.609
528.815
530.225
531.811
533.52
535.262
536.915
538.33
539.346
539.819
539.662
538.878
537.567
535.906
534.11
532.389
530.906
529.765
529.032
528.763
529.04
530.017
531.957
535.276
540.574
548.656
560.529
577.339
600.23
630.021
666.688
708.426
746.537
776.106
794.85
797.546
782.662
754.706
717.817
675.353
636.823
605.286
580.95
563.034
550.356
541.7
535.999
532.391
530.231
529.068
528.612
528.691
529.222
530.164
531.485
533.125
534.968
536.83
538.481
539.691
540.285
540.194
539.443
538.166
536.54
534.746
532.941
531.239
529.717
528.409
527.325
526.451
525.762
525.225
524.809
524.484
524.226
524.015
523.837
523.681
523.542
523.415
523.297
523.186
523.081
522.982
522.888
522.798
522.713
522.632
522.555
522.482
522.412
522.345
522.281
522.22
522.162
522.107
522.054
522.004
521.956
521.91
521.867
521.825
521.786
521.748
521.712
521.678
521.646
521.615
521.586
521.558
521.532
521.507
521.484
521.462
521.441
521.422
521.403
521.386
521.371
521.356
521.343
521.33
521.319
521.309
521.3
521.292
521.285
521.279
521.274
521.27
521.267
521.265
521.264
515.538
515.539
515.54
515.543
515.547
515.552
515.557
515.564
515.571
515.58
515.589
515.6
515.611
515.624
515.637
515.652
515.668
515.685
515.703
515.722
515.743
515.765
515.788
515.813
515.839
515.866
515.895
515.926
515.958
515.991
516.027
516.064
516.103
516.145
516.188
516.233
516.281
516.33
516.383
516.438
516.495
516.555
516.619
516.685
516.754
516.827
516.904
516.984
517.068
517.157
517.25
517.348
517.451
517.561
517.678
517.804
517.943
518.098
518.277
518.49
518.751
519.08
519.5
520.04
520.73
521.601
522.683
523.993
525.536
527.291
529.205
531.178
533.063
534.663
535.757
536.145
535.722
534.57
532.829
530.76
528.649
526.732
525.165
524.029
523.368
523.226
523.686
524.902
527.161
530.898
536.735
545.511
558.295
576.397
601.255
634.136
675.382
718.763
752.11
778.559
784.497
763.623
728.889
686.38
642.752
607.524
580.801
561.321
547.557
538.096
531.775
527.692
525.171
523.735
523.065
522.977
523.38
524.237
525.534
527.245
529.289
531.501
533.625
535.352
536.41
536.657
536.044
534.716
532.908
530.867
528.801
526.861
525.133
523.659
522.443
521.467
520.7
520.105
519.648
519.295
519.019
518.798
518.615
518.458
518.32
518.196
518.08
517.973
517.872
517.776
517.685
517.598
517.516
517.438
517.363
517.292
517.225
517.16
517.099
517.04
516.984
516.931
516.88
516.831
516.785
516.741
516.699
516.659
516.62
516.584
516.549
516.516
516.485
516.455
516.427
516.4
516.375
516.351
516.328
516.307
516.286
516.267
516.25
516.233
516.217
516.203
516.189
516.177
516.166
516.155
516.146
516.138
516.13
516.124
516.118
516.114
516.11
516.107
516.106
516.105
510.85
510.851
510.853
510.855
510.858
510.862
510.867
510.873
510.879
510.886
510.894
510.903
510.913
510.924
510.936
510.948
510.962
510.977
510.992
511.009
511.026
511.045
511.065
511.086
511.109
511.132
511.157
511.183
511.211
511.24
511.27
511.302
511.336
511.372
511.409
511.448
511.489
511.532
511.577
511.624
511.673
511.725
511.779
511.836
511.896
511.959
512.025
512.094
512.166
512.242
512.321
512.405
512.493
512.586
512.684
512.789
512.903
513.028
513.169
513.332
513.529
513.773
514.082
514.481
514.999
515.672
516.538
517.638
519.006
520.668
522.622
524.823
527.158
529.427
531.341
532.566
532.758
532.029
530.381
528.103
525.588
523.178
521.1
519.473
518.334
517.689
517.574
517.983
519.061
521.019
524.171
528.962
536.001
546.071
560.194
579.757
606.956
643.919
677.257
728.325
753.969
704.456
654.819
616.795
586.051
564.392
548.92
537.941
530.27
525.026
521.543
519.323
518.015
517.383
517.254
517.594
518.384
519.633
521.354
523.52
526.017
528.61
530.941
532.595
533.279
532.944
531.564
529.492
527.092
524.668
522.425
520.472
518.846
517.536
516.508
515.717
515.115
514.659
514.313
514.047
513.837
513.665
513.521
513.395
513.281
513.177
513.079
512.988
512.901
512.819
512.74
512.666
512.595
512.527
512.462
512.401
512.342
512.286
512.233
512.182
512.133
512.086
512.042
512
511.96
511.921
511.885
511.85
511.816
511.785
511.755
511.726
511.699
511.673
511.648
511.625
511.602
511.582
511.562
511.543
511.525
511.509
511.493
511.479
511.465
511.453
511.441
511.43
511.42
511.411
511.403
511.396
511.39
511.384
511.379
511.375
511.372
511.37
511.368
511.367
506.774
506.775
506.776
506.778
506.781
506.784
506.788
506.792
506.798
506.804
506.81
506.818
506.826
506.835
506.844
506.855
506.866
506.878
506.89
506.904
506.919
506.934
506.951
506.968
506.986
507.006
507.026
507.048
507.071
507.094
507.12
507.146
507.174
507.203
507.234
507.266
507.3
507.335
507.373
507.412
507.452
507.495
507.54
507.587
507.637
507.688
507.743
507.8
507.859
507.922
507.987
508.056
508.128
508.203
508.283
508.367
508.457
508.555
508.663
508.787
508.932
509.11
509.337
509.633
510.027
510.557
511.27
512.221
513.471
515.076
517.072
519.45
522.119
524.874
527.382
529.222
529.967
529.535
528.029
525.639
522.813
519.98
517.443
515.37
513.813
512.762
512.19
512.091
512.438
513.337
514.944
517.492
521.317
526.887
534.877
546.365
563.303
588.966
624.497
693.479
735.345
670.135
609.128
574.464
552.64
538.603
529.204
522.788
518.418
515.497
513.612
512.481
511.916
511.781
512.05
512.732
513.857
515.469
517.591
520.178
523.07
525.96
528.41
529.947
530.361
529.528
527.587
524.977
522.138
519.417
517.02
515.034
513.461
512.257
511.358
510.696
510.214
509.86
509.598
509.399
509.242
509.112
509.001
508.903
508.813
508.729
508.65
508.575
508.504
508.436
508.371
508.309
508.25
508.194
508.14
508.089
508.04
507.993
507.949
507.906
507.866
507.827
507.79
507.754
507.721
507.689
507.658
507.629
507.601
507.575
507.549
507.525
507.503
507.481
507.46
507.441
507.422
507.405
507.388
507.373
507.358
507.344
507.331
507.319
507.308
507.297
507.287
507.278
507.27
507.263
507.256
507.25
507.244
507.24
507.236
507.232
507.23
507.228
507.226
507.226
503.414
503.415
503.416
503.417
503.419
503.422
503.425
503.428
503.433
503.437
503.442
503.448
503.455
503.462
503.469
503.477
503.486
503.495
503.505
503.516
503.528
503.54
503.553
503.566
503.581
503.596
503.612
503.629
503.647
503.666
503.686
503.707
503.729
503.752
503.776
503.802
503.829
503.857
503.886
503.917
503.95
503.984
504.019
504.056
504.096
504.137
504.18
504.225
504.272
504.321
504.373
504.427
504.483
504.542
504.605
504.67
504.739
504.813
504.894
504.986
505.092
505.223
505.391
505.616
505.926
506.36
506.972
507.828
509.004
510.578
512.612
515.116
518.013
521.094
524.003
526.272
527.43
527.226
525.867
523.439
520.409
517.261
514.365
511.932
510.043
508.683
507.802
507.345
507.298
507.615
508.402
509.802
512.046
515.504
520.789
528.985
542.139
564.093
601.713
671.894
724.539
655.845
592.942
557.364
537.13
525.289
518.064
513.523
510.636
508.827
507.75
507.198
507.027
507.203
507.739
508.671
510.062
511.973
514.424
517.347
520.535
523.622
526.118
527.528
527.731
526.53
524.201
521.226
518.089
515.157
512.642
510.619
509.069
507.927
507.108
506.532
506.129
505.847
505.644
505.493
505.376
505.28
505.196
505.122
505.053
504.988
504.926
504.867
504.811
504.758
504.706
504.657
504.61
504.565
504.522
504.482
504.442
504.405
504.369
504.335
504.303
504.272
504.242
504.214
504.187
504.161
504.137
504.113
504.091
504.07
504.05
504.03
504.012
503.995
503.978
503.963
503.948
503.934
503.92
503.908
503.896
503.885
503.875
503.865
503.856
503.848
503.84
503.833
503.826
503.82
503.815
503.81
503.806
503.802
503.799
503.796
503.794
503.792
503.791
503.791
500.786
500.787
500.788
500.789
500.79
500.792
500.794
500.797
500.8
500.804
500.808
500.812
500.817
500.822
500.828
500.834
500.84
500.847
500.855
500.863
500.871
500.881
500.89
500.901
500.912
500.923
500.935
500.948
500.962
500.976
500.991
501.007
501.023
501.041
501.059
501.079
501.099
501.12
501.143
501.166
501.191
501.216
501.243
501.272
501.301
501.332
501.365
501.399
501.435
501.472
501.511
501.552
501.595
501.639
501.686
501.735
501.786
501.841
501.9
501.967
502.046
502.143
502.272
502.45
502.707
503.083
503.635
504.436
505.574
507.138
509.202
511.79
514.83
518.11
521.264
523.805
525.241
525.205
523.981
521.565
518.426
515.076
511.929
509.237
507.104
505.527
504.444
503.783
503.493
503.56
503.967
504.869
506.472
509.143
513.536
520.836
533.271
555.007
593.521
658.921
716.38
657.486
592.608
553.35
531.639
519.452
512.42
508.287
505.838
504.418
503.658
503.357
503.36
503.71
504.406
505.508
507.092
509.225
511.917
515.075
518.454
521.647
524.136
525.426
525.473
524.025
521.451
518.254
514.933
511.866
509.267
507.209
505.662
504.549
503.774
503.247
502.894
502.656
502.492
502.375
502.287
502.215
502.154
502.098
502.047
501.998
501.952
501.908
501.865
501.825
501.786
501.748
501.713
501.678
501.646
501.614
501.584
501.556
501.528
501.502
501.477
501.454
501.431
501.409
501.388
501.369
501.35
501.332
501.315
501.299
501.283
501.268
501.254
501.241
501.228
501.216
501.205
501.194
501.184
501.175
501.166
501.157
501.149
501.142
501.135
501.129
501.123
501.117
501.112
501.108
501.103
501.1
501.096
501.094
501.091
501.089
501.087
501.086
501.085
501.085
498.835
498.835
498.836
498.837
498.838
498.839
498.841
498.843
498.845
498.847
498.85
498.853
498.857
498.86
498.864
498.869
498.873
498.879
498.884
498.89
498.896
498.902
498.909
498.917
498.925
498.933
498.942
498.951
498.961
498.971
498.982
498.993
499.005
499.018
499.031
499.045
499.06
499.075
499.092
499.109
499.127
499.145
499.165
499.185
499.207
499.23
499.253
499.278
499.304
499.331
499.359
499.389
499.42
499.452
499.486
499.521
499.558
499.597
499.64
499.689
499.747
499.823
499.926
500.076
500.303
500.647
501.17
501.947
503.073
504.642
506.735
509.378
512.5
515.889
519.174
521.865
523.466
523.553
522.434
520.061
516.882
513.421
510.118
507.255
504.958
503.236
502.028
501.257
500.859
500.833
501.122
501.893
503.37
505.952
510.36
517.861
530.733
553.17
591.567
651.536
709.445
660.539
596.15
555.151
531.379
517.928
510.239
505.755
503.171
501.725
500.993
500.735
500.795
501.214
501.994
503.201
504.915
507.197
510.048
513.351
516.833
520.065
522.516
523.708
523.644
522.05
519.343
516.028
512.607
509.46
506.804
504.712
503.154
502.046
501.287
500.784
500.455
500.242
500.103
500.008
499.939
499.885
499.84
499.8
499.763
499.727
499.694
499.662
499.631
499.601
499.573
499.546
499.52
499.494
499.47
499.448
499.426
499.405
499.385
499.365
499.347
499.33
499.313
499.297
499.282
499.268
499.254
499.241
499.228
499.216
499.205
499.194
499.184
499.174
499.165
499.156
499.148
499.14
499.132
499.125
499.119
499.113
499.107
499.101
499.096
499.092
499.087
499.083
499.08
499.076
499.073
499.071
499.068
499.066
499.064
499.063
499.062
499.061
499.06
499.06
497.458
497.458
497.458
497.459
497.46
497.461
497.462
497.463
497.464
497.466
497.468
497.47
497.473
497.475
497.478
497.481
497.484
497.488
497.491
497.495
497.499
497.504
497.509
497.514
497.519
497.525
497.531
497.537
497.544
497.551
497.559
497.567
497.575
497.584
497.593
497.602
497.613
497.623
497.635
497.646
497.659
497.672
497.685
497.7
497.715
497.73
497.747
497.764
497.782
497.801
497.821
497.841
497.863
497.885
497.909
497.933
497.959
497.987
498.017
498.053
498.098
498.159
498.247
498.382
498.594
498.927
499.441
500.217
501.351
502.94
505.065
507.749
510.918
514.358
517.7
520.459
522.141
522.313
521.264
518.942
515.765
512.255
508.864
505.895
503.492
501.677
500.397
499.575
499.148
499.118
499.429
500.267
501.885
504.724
509.508
517.582
531.277
554.358
592.141
647.509
703.26
663.107
602.207
559.628
533.935
518.863
510.074
504.962
501.977
500.278
499.407
499.084
499.117
499.543
500.358
501.624
503.418
505.796
508.743
512.126
515.654
518.883
521.286
522.412
522.273
520.611
517.848
514.484
511.016
507.821
505.122
502.994
501.411
500.289
499.527
499.027
498.707
498.506
498.379
498.296
498.24
498.199
498.165
498.137
498.11
498.086
498.062
498.04
498.019
497.998
497.978
497.959
497.94
497.923
497.906
497.89
497.875
497.86
497.846
497.832
497.82
497.807
497.796
497.784
497.774
497.764
497.754
497.745
497.736
497.728
497.72
497.712
497.705
497.698
497.692
497.686
497.68
497.674
497.669
497.664
497.66
497.655
497.651
497.647
497.644
497.641
497.638
497.635
497.632
497.63
497.628
497.626
497.624
497.623
497.622
497.621
497.62
497.619
497.619
497.618
496.533
496.533
496.533
496.534
496.534
496.535
496.536
496.537
496.538
496.539
496.54
496.541
496.543
496.544
496.546
496.548
496.55
496.553
496.555
496.558
496.56
496.563
496.567
496.57
496.573
496.577
496.581
496.585
496.59
496.594
496.599
496.605
496.61
496.616
496.622
496.628
496.635
496.642
496.65
496.658
496.666
496.674
496.683
496.693
496.703
496.713
496.724
496.736
496.748
496.761
496.774
496.787
496.802
496.817
496.832
496.849
496.866
496.886
496.908
496.935
496.971
497.023
497.104
497.233
497.441
497.774
498.296
499.088
500.247
501.87
504.035
506.759
509.963
513.428
516.787
519.563
521.273
521.49
520.484
518.204
515.042
511.513
508.072
505.035
502.562
500.688
499.367
498.529
498.115
498.131
498.536
499.545
501.417
504.619
509.983
518.834
533.345
556.86
593.663
645.354
697.602
664.65
608.664
565.354
537.946
521.273
511.254
505.268
501.733
499.702
498.598
498.142
498.107
498.501
499.32
500.616
502.46
504.898
507.905
511.332
514.876
518.09
520.454
521.541
521.364
519.683
516.911
513.537
510.046
506.816
504.074
501.903
500.281
499.131
498.35
497.84
497.517
497.317
497.194
497.119
497.07
497.036
497.011
496.991
496.972
496.956
496.94
496.925
496.91
496.896
496.883
496.87
496.858
496.846
496.835
496.824
496.813
496.804
496.794
496.785
496.776
496.768
496.76
496.753
496.746
496.739
496.732
496.726
496.72
496.715
496.709
496.704
496.7
496.695
496.691
496.687
496.683
496.679
496.676
496.672
496.669
496.666
496.664
496.661
496.659
496.657
496.655
496.653
496.651
496.649
496.648
496.647
496.646
496.645
496.644
496.643
496.643
496.642
496.642
496.642
495.942
495.942
495.942
495.942
495.943
495.943
495.944
495.944
495.945
495.945
495.946
495.947
495.948
495.949
495.95
495.951
495.953
495.954
495.956
495.957
495.959
495.961
495.963
495.965
495.967
495.97
495.972
495.975
495.978
495.981
495.984
495.987
495.991
495.994
495.998
496.002
496.007
496.011
496.016
496.021
496.026
496.032
496.037
496.043
496.05
496.057
496.064
496.071
496.079
496.087
496.095
496.104
496.113
496.123
496.133
496.144
496.156
496.169
496.185
496.206
496.237
496.285
496.363
496.492
496.704
497.048
497.588
498.409
499.607
501.279
503.497
506.272
509.514
513
516.362
519.132
520.841
521.071
520.082
517.822
514.666
511.121
507.641
504.553
502.027
500.11
498.765
497.929
497.555
497.637
498.18
499.387
501.575
505.26
511.263
520.888
536.156
559.989
595.781
644.216
692.348
665.143
614.442
571.342
542.623
524.477
513.226
506.319
502.135
499.669
498.316
497.689
497.565
497.905
498.709
500.019
501.896
504.378
507.429
510.889
514.446
517.654
520.002
521.078
520.894
519.224
516.465
513.092
509.583
506.315
503.52
501.292
499.619
498.426
497.614
497.083
496.749
496.544
496.42
496.347
496.302
496.273
496.253
496.238
496.225
496.214
496.204
496.194
496.184
496.175
496.167
496.158
496.15
496.143
496.135
496.128
496.122
496.115
496.109
496.103
496.098
496.093
496.087
496.083
496.078
496.074
496.069
496.066
496.062
496.058
496.055
496.051
496.048
496.045
496.043
496.04
496.038
496.035
496.033
496.031
496.029
496.027
496.025
496.024
496.022
496.021
496.02
496.018
496.017
496.016
496.015
496.015
496.014
496.013
496.013
496.012
496.012
496.012
496.011
496.011
495.582
495.582
495.582
495.582
495.582
495.582
495.583
495.583
495.583
495.584
495.584
495.585
495.585
495.586
495.587
495.588
495.588
495.589
495.59
495.591
495.592
495.593
495.595
495.596
495.597
495.599
495.6
495.602
495.604
495.605
495.607
495.609
495.611
495.614
495.616
495.619
495.621
495.624
495.627
495.63
495.633
495.637
495.64
495.644
495.648
495.652
495.656
495.661
495.666
495.671
495.676
495.682
495.687
495.693
495.7
495.707
495.715
495.724
495.736
495.754
495.782
495.829
495.907
496.04
496.262
496.623
497.191
498.051
499.302
501.038
503.322
506.161
509.459
512.981
516.356
519.12
520.813
521.031
520.03
517.756
514.579
511.001
507.478
504.339
501.764
499.81
498.449
497.625
497.303
497.464
498.146
499.597
502.147
506.331
512.978
523.346
539.287
563.329
598.129
643.583
687.426
664.86
619.184
577.108
547.498
528.073
515.649
507.818
502.961
500.03
498.362
497.554
497.331
497.602
498.383
499.698
501.602
504.125
507.22
510.719
514.305
517.534
519.9
520.995
520.833
519.187
516.443
513.062
509.518
506.194
503.333
501.036
499.296
498.047
497.194
496.635
496.282
496.067
495.939
495.865
495.821
495.795
495.778
495.766
495.757
495.75
495.743
495.737
495.731
495.725
495.72
495.715
495.71
495.705
495.7
495.696
495.692
495.688
495.684
495.68
495.677
495.674
495.67
495.667
495.665
495.662
495.659
495.657
495.654
495.652
495.65
495.648
495.646
495.644
495.643
495.641
495.639
495.638
495.637
495.635
495.634
495.633
495.632
495.631
495.63
495.629
495.628
495.628
495.627
495.626
495.626
495.625
495.625
495.624
495.624
495.624
495.624
495.623
495.623
495.623
495.372
495.372
495.372
495.373
495.373
495.373
495.373
495.373
495.373
495.374
495.374
495.374
495.375
495.375
495.375
495.376
495.376
495.377
495.377
495.378
495.379
495.379
495.38
495.381
495.382
495.383
495.383
495.384
495.385
495.387
495.388
495.389
495.39
495.392
495.393
495.394
495.396
495.398
495.399
495.401
495.403
495.405
495.407
495.41
495.412
495.415
495.417
495.42
495.423
495.426
495.429
495.432
495.436
495.44
495.444
495.448
495.454
495.461
495.471
495.487
495.514
495.561
495.643
495.783
496.019
496.402
497.004
497.912
499.223
501.032
503.403
506.33
509.7
513.27
516.663
519.419
521.089
521.279
520.249
517.938
514.718
511.086
507.499
504.298
501.674
499.685
498.311
497.503
497.237
497.48
498.334
500.043
502.964
507.649
514.926
525.988
542.517
566.673
600.485
643.16
682.802
664.134
622.94
582.383
552.291
531.811
518.311
509.584
504.048
500.635
498.64
497.618
497.284
497.483
498.235
499.552
501.481
504.045
507.192
510.748
514.388
517.663
520.073
521.206
521.079
519.466
516.737
513.344
509.755
506.358
503.408
501.021
499.205
497.895
496.991
496.397
496.021
495.792
495.657
495.579
495.534
495.509
495.494
495.484
495.478
495.472
495.468
495.464
495.46
495.457
495.454
495.45
495.447
495.445
495.442
495.439
495.437
495.434
495.432
495.43
495.428
495.425
495.424
495.422
495.42
495.418
495.417
495.415
495.414
495.413
495.411
495.41
495.409
495.408
495.407
495.406
495.405
495.404
495.403
495.402
495.402
495.401
495.4
495.4
495.399
495.399
495.398
495.398
495.397
495.397
495.397
495.396
495.396
495.396
495.396
495.395
495.395
495.395
495.395
495.395
495.256
495.256
495.256
495.256
495.256
495.256
495.257
495.257
495.257
495.257
495.257
495.257
495.258
495.258
495.258
495.258
495.259
495.259
495.259
495.26
495.26
495.26
495.261
495.261
495.262
495.262
495.263
495.263
495.264
495.265
495.265
495.266
495.267
495.268
495.269
495.27
495.27
495.271
495.273
495.274
495.275
495.276
495.277
495.279
495.28
495.282
495.283
495.285
495.286
495.288
495.29
495.292
495.294
495.297
495.299
495.302
495.306
495.312
495.321
495.336
495.364
495.413
495.5
495.65
495.902
496.311
496.951
497.911
499.296
501.197
503.67
506.702
510.169
513.813
517.248
520.01
521.657
521.805
520.719
518.335
515.035
511.317
507.647
504.37
501.685
499.659
498.274
497.484
497.284
497.625
498.654
500.628
503.924
509.107
516.988
528.692
545.726
569.914
602.745
642.826
678.428
663.014
625.843
587.068
556.847
535.536
521.077
511.498
505.293
501.391
499.058
497.814
497.354
497.468
498.189
499.506
501.459
504.072
507.286
510.92
514.642
517.999
520.49
521.691
521.617
520.039
517.315
513.886
510.226
506.733
503.675
501.183
499.272
497.886
496.929
496.295
495.893
495.647
495.502
495.419
495.372
495.346
495.332
495.323
495.318
495.314
495.311
495.309
495.306
495.304
495.302
495.3
495.298
495.297
495.295
495.293
495.292
495.29
495.289
495.288
495.286
495.285
495.284
495.283
495.282
495.281
495.28
495.279
495.278
495.278
495.277
495.276
495.275
495.275
495.274
495.273
495.273
495.272
495.272
495.271
495.271
495.271
495.27
495.27
495.269
495.269
495.269
495.269
495.268
495.268
495.268
495.268
495.268
495.267
495.267
495.267
495.267
495.267
495.267
495.267
495.195
495.195
495.195
495.195
495.195
495.195
495.195
495.195
495.195
495.195
495.195
495.195
495.195
495.196
495.196
495.196
495.196
495.196
495.197
495.197
495.197
495.197
495.198
495.198
495.198
495.199
495.199
495.199
495.2
495.2
495.2
495.201
495.201
495.202
495.202
495.203
495.204
495.204
495.205
495.206
495.206
495.207
495.208
495.209
495.209
495.21
495.211
495.212
495.213
495.215
495.216
495.217
495.218
495.22
495.221
495.224
495.227
495.232
495.241
495.256
495.285
495.337
495.43
495.591
495.862
496.299
496.982
498.005
499.471
501.473
504.064
507.221
510.806
514.548
518.048
520.832
522.459
522.553
521.389
518.897
515.481
511.648
507.872
504.506
501.755
499.689
498.294
497.528
497.399
497.842
499.053
501.297
504.968
510.637
519.095
531.387
548.85
572.997
604.844
642.455
674.306
661.597
628.025
591.151
561.089
539.154
523.858
513.485
506.631
502.241
499.563
498.087
497.492
497.518
498.199
499.513
501.494
504.16
507.453
511.186
515.021
518.496
521.102
522.401
522.391
520.848
518.113
514.628
510.873
507.26
504.075
501.461
499.446
497.975
496.954
496.276
495.845
495.581
495.425
495.335
495.285
495.258
495.244
495.236
495.231
495.228
495.226
495.224
495.223
495.221
495.22
495.219
495.218
495.217
495.215
495.215
495.214
495.213
495.212
495.211
495.21
495.21
495.209
495.208
495.208
495.207
495.206
495.206
495.205
495.205
495.204
495.204
495.203
495.203
495.203
495.202
495.202
495.202
495.201
495.201
495.201
495.2
495.2
495.2
495.2
495.2
495.199
495.199
495.199
495.199
495.199
495.199
495.199
495.199
495.198
495.198
495.198
495.198
495.198
495.198
495.163
495.163
495.163
495.163
495.163
495.164
495.164
495.164
495.164
495.164
495.164
495.164
495.164
495.164
495.164
495.164
495.165
495.165
495.165
495.165
495.165
495.165
495.166
495.166
495.166
495.166
495.166
495.167
495.167
495.167
495.168
495.168
495.168
495.169
495.169
495.169
495.17
495.17
495.171
495.171
495.171
495.172
495.173
495.173
495.174
495.174
495.175
495.175
495.176
495.177
495.178
495.178
495.179
495.18
495.182
495.183
495.186
495.191
495.2
495.216
495.247
495.303
495.403
495.576
495.866
496.335
497.065
498.155
499.71
501.823
504.545
507.843
511.568
515.43
519.014
521.834
523.442
523.476
522.208
519.579
516.016
512.04
508.137
504.671
501.85
499.746
498.344
497.605
497.548
498.1
499.499
502.016
506.058
512.201
521.203
534.03
551.851
575.888
606.737
641.986
670.443
659.971
629.605
594.657
564.981
542.61
526.596
515.495
508.018
503.147
500.122
498.41
497.663
497.605
498.241
499.546
501.552
504.276
507.657
511.507
515.482
519.108
521.86
523.284
523.346
521.84
519.083
515.523
511.65
507.898
504.567
501.819
499.688
498.125
497.035
496.309
495.845
495.561
495.393
495.296
495.243
495.214
495.198
495.19
495.186
495.183
495.181
495.18
495.179
495.178
495.177
495.176
495.176
495.175
495.174
495.174
495.173
495.173
495.172
495.171
495.171
495.17
495.17
495.17
495.169
495.169
495.168
495.168
495.168
495.167
495.167
495.167
495.166
495.166
495.166
495.166
495.165
495.165
495.165
495.165
495.165
495.164
495.164
495.164
495.164
495.164
495.164
495.164
495.164
495.163
495.163
495.163
495.163
495.163
495.163
495.163
495.163
495.163
495.163
495.163
495.148
495.148
495.148
495.148
495.148
495.149
495.149
495.149
495.149
495.149
495.149
495.149
495.149
495.149
495.149
495.149
495.149
495.149
495.15
495.15
495.15
495.15
495.15
495.15
495.151
495.151
495.151
495.151
495.151
495.152
495.152
495.152
495.152
495.153
495.153
495.153
495.153
495.154
495.154
495.154
495.155
495.155
495.156
495.156
495.156
495.157
495.157
495.158
495.158
495.159
495.159
495.16
495.16
495.161
495.162
495.164
495.167
495.171
495.181
495.198
495.231
495.292
495.399
495.586
495.897
496.4
497.181
498.341
499.99
502.223
505.087
508.541
512.422
516.423
520.107
522.973
524.561
524.529
523.133
520.343
516.605
512.463
508.419
504.845
501.952
499.811
498.407
497.701
497.713
498.384
499.975
502.764
507.172
513.771
523.285
536.595
554.705
578.569
608.403
641.397
666.837
658.204
630.685
597.636
568.511
545.868
529.252
517.491
509.426
504.086
500.715
498.762
497.855
497.711
498.295
499.588
501.616
504.397
507.873
511.855
515.991
519.794
522.72
524.294
524.44
522.973
520.186
516.534
512.527
508.616
505.125
502.23
499.975
498.314
497.15
496.373
495.874
495.568
495.386
495.282
495.224
495.193
495.176
495.168
495.163
495.161
495.159
495.158
495.157
495.157
495.156
495.156
495.155
495.155
495.154
495.154
495.153
495.153
495.152
495.152
495.152
495.151
495.151
495.151
495.15
495.15
495.15
495.149
495.149
495.149
495.149
495.148
495.148
495.148
495.148
495.148
495.148
495.147
495.147
495.147
495.147
495.147
495.147
495.147
495.146
495.146
495.146
495.146
495.146
495.146
495.146
495.146
495.146
495.146
495.146
495.146
495.146
495.146
495.146
495.146
495.142
495.142
495.142
495.142
495.142
495.142
495.142
495.142
495.142
495.142
495.142
495.142
495.142
495.142
495.142
495.142
495.143
495.143
495.143
495.143
495.143
495.143
495.143
495.143
495.144
495.144
495.144
495.144
495.144
495.145
495.145
495.145
495.145
495.145
495.146
495.146
495.146
495.146
495.147
495.147
495.147
495.148
495.148
495.148
495.149
495.149
495.149
495.15
495.15
495.15
495.151
495.151
495.152
495.153
495.154
495.155
495.158
495.163
495.173
495.192
495.227
495.292
495.408
495.609
495.944
496.482
497.315
498.549
500.298
502.658
505.673
509.295
513.346
517.5
521.297
524.215
525.782
525.675
524.131
521.156
517.223
512.898
508.701
505.015
502.05
499.875
498.473
497.806
497.885
498.685
500.467
503.526
508.293
515.329
525.321
539.061
557.397
581.03
609.835
640.691
663.481
656.347
631.347
600.138
571.684
548.909
531.801
519.448
510.832
505.039
501.327
499.132
498.062
497.827
498.354
499.629
501.675
504.513
508.087
512.208
516.522
520.525
523.649
525.392
525.635
524.211
521.388
517.634
513.478
509.395
505.732
502.679
500.292
498.527
497.286
496.454
495.919
495.589
495.393
495.281
495.218
495.185
495.167
495.158
495.153
495.15
495.149
495.148
495.147
495.147
495.146
495.146
495.145
495.145
495.145
495.144
495.144
495.144
495.143
495.143
495.143
495.142
495.142
495.142
495.142
495.141
495.141
495.141
495.141
495.14
495.14
495.14
495.14
495.14
495.14
495.139
495.139
495.139
495.139
495.139
495.139
495.139
495.138
495.138
495.138
495.138
495.138
495.138
495.138
495.138
495.138
495.138
495.138
495.138
495.138
495.138
495.138
495.138
495.138
495.138
495.139
495.139
495.139
495.139
495.139
495.139
495.139
495.139
495.139
495.139
495.139
495.139
495.139
495.139
495.14
495.14
495.14
495.14
495.14
495.14
495.14
495.14
495.14
495.141
495.141
495.141
495.141
495.141
495.141
495.142
495.142
495.142
495.142
495.142
495.143
495.143
495.143
495.143
495.144
495.144
495.144
495.145
495.145
495.145
495.145
495.146
495.146
495.146
495.147
495.147
495.148
495.148
495.148
495.149
495.15
495.152
495.154
495.16
495.17
495.191
495.229
495.299
495.424
495.639
495.998
496.573
497.461
498.772
500.626
503.118
506.292
510.091
514.324
518.64
522.558
525.533
527.074
526.883
525.176
521.997
517.85
513.33
508.975
505.174
502.139
499.935
498.538
497.914
498.063
498.993
500.967
504.294
509.408
516.86
527.295
541.417
559.919
583.271
611.036
639.885
660.362
654.445
631.717
602.23
574.513
551.727
534.224
521.348
512.22
505.995
501.95
499.513
498.278
497.947
498.412
499.665
501.725
504.616
508.287
512.554
517.057
521.276
524.618
526.548
526.902
525.527
522.667
518.803
514.488
510.222
506.376
503.158
500.632
498.757
497.436
496.547
495.974
495.619
495.408
495.286
495.219
495.183
495.164
495.154
495.149
495.146
495.144
495.144
495.143
495.142
495.142
495.142
495.141
495.141
495.141
495.14
495.14
495.14
495.139
495.139
495.139
495.138
495.138
495.138
495.138
495.138
495.137
495.137
495.137
495.137
495.137
495.136
495.136
495.136
495.136
495.136
495.136
495.135
495.135
495.135
495.135
495.135
495.135
495.135
495.135
495.135
495.135
495.134
495.134
495.134
495.134
495.134
495.134
495.134
495.134
495.134
495.134
495.134
495.134
495.134
495.138
495.138
495.138
495.138
495.138
495.138
495.138
495.138
495.138
495.138
495.138
495.138
495.138
495.138
495.139
495.139
495.139
495.139
495.139
495.139
495.139
495.139
495.14
495.14
495.14
495.14
495.14
495.14
495.141
495.141
495.141
495.141
495.141
495.142
495.142
495.142
495.142
495.143
495.143
495.143
495.143
495.144
495.144
495.144
495.145
495.145
495.145
495.145
495.146
495.146
495.147
495.147
495.147
495.148
495.149
495.151
495.154
495.159
495.171
495.193
495.234
495.309
495.443
495.674
496.058
496.671
497.615
499.007
500.968
503.598
506.938
510.922
515.343
519.83
523.875
526.906
528.417
528.131
526.245
522.847
518.474
513.75
509.234
505.32
502.219
499.988
498.601
498.023
498.245
499.306
501.47
505.058
510.506
518.352
529.194
543.649
562.263
585.29
612.019
638.995
657.463
652.517
631.688
603.925
577.011
554.315
536.508
523.173
513.576
506.943
502.575
499.901
498.499
498.069
498.47
499.696
501.765
504.704
508.471
512.884
517.581
522.029
525.605
527.739
528.216
526.898
524.003
520.026
515.544
511.088
507.051
503.659
500.988
499.001
497.595
496.647
496.034
495.654
495.427
495.296
495.223
495.184
495.163
495.153
495.147
495.144
495.143
495.142
495.141
495.141
495.14
495.14
495.14
495.139
495.139
495.139
495.138
495.138
495.138
495.138
495.137
495.137
495.137
495.137
495.136
495.136
495.136
495.136
495.135
495.135
495.135
495.135
495.135
495.135
495.134
495.134
495.134
495.134
495.134
495.134
495.134
495.134
495.133
495.133
495.133
495.133
495.133
495.133
495.133
495.133
495.133
495.133
495.133
495.133
495.133
495.133
495.133
495.133
495.133
495.133
495.138
495.138
495.138
495.138
495.138
495.138
495.138
495.138
495.138
495.138
495.138
495.138
495.138
495.138
495.138
495.139
495.139
495.139
495.139
495.139
495.139
495.139
495.139
495.14
495.14
495.14
495.14
495.14
495.14
495.141
495.141
495.141
495.141
495.142
495.142
495.142
495.142
495.143
495.143
495.143
495.143
495.144
495.144
495.144
495.144
495.145
495.145
495.145
495.146
495.146
495.147
495.147
495.147
495.148
495.149
495.151
495.154
495.16
495.172
495.196
495.24
495.321
495.465
495.712
496.121
496.774
497.776
499.25
501.323
504.095
507.605
511.78
516.396
521.059
525.232
528.319
529.791
529.401
527.323
523.693
519.085
514.154
509.476
505.452
502.289
500.036
498.662
498.131
498.428
499.619
501.97
505.81
511.578
519.793
531.008
545.75
564.426
587.092
612.799
638.039
654.762
650.591
631.506
605.285
579.197
556.674
538.642
524.913
514.889
507.873
503.196
500.29
498.724
498.193
498.527
499.722
501.795
504.777
508.634
513.193
518.088
522.771
526.594
528.947
529.561
528.309
525.382
521.291
516.639
511.985
507.751
504.181
501.36
499.255
497.762
496.752
496.098
495.691
495.448
495.307
495.229
495.187
495.164
495.153
495.147
495.144
495.142
495.142
495.141
495.14
495.14
495.14
495.139
495.139
495.139
495.138
495.138
495.138
495.137
495.137
495.137
495.137
495.136
495.136
495.136
495.136
495.135
495.135
495.135
495.135
495.135
495.135
495.134
495.134
495.134
495.134
495.134
495.134
495.133
495.133
495.133
495.133
495.133
495.133
495.133
495.133
495.133
495.133
495.133
495.132
495.132
495.132
495.132
495.132
495.132
495.132
495.132
495.132
495.132
495.132
495.138
495.138
495.138
495.138
495.138
495.138
495.138
495.138
495.138
495.138
495.138
495.138
495.138
495.139
495.139
495.139
495.139
495.139
495.139
495.139
495.139
495.14
495.14
495.14
495.14
495.14
495.14
495.141
495.141
495.141
495.141
495.141
495.142
495.142
495.142
495.142
495.143
495.143
495.143
495.143
495.144
495.144
495.144
495.145
495.145
495.145
495.146
495.146
495.146
495.147
495.147
495.147
495.148
495.148
495.15
495.151
495.155
495.161
495.175
495.2
495.247
495.334
495.488
495.751
496.186
496.88
497.942
499.501
501.688
504.606
508.291
512.661
517.476
522.318
526.62
529.758
531.185
530.679
528.399
524.528
519.678
514.538
509.7
505.571
502.349
500.078
498.72
498.239
498.611
499.93
502.462
506.544
512.614
521.173
532.725
547.712
566.405
588.68
613.393
637.032
652.239
648.685
631.142
606.354
581.093
558.805
540.622
526.557
516.148
508.775
503.806
500.677
498.95
498.316
498.582
499.744
501.816
504.835
508.778
513.478
518.57
523.495
527.573
530.158
530.922
529.747
526.794
522.59
517.765
512.91
508.473
504.72
501.744
499.518
497.935
496.862
496.165
495.731
495.47
495.32
495.236
495.19
495.166
495.154
495.147
495.144
495.143
495.142
495.141
495.141
495.14
495.14
495.139
495.139
495.139
495.138
495.138
495.138
495.138
495.137
495.137
495.137
495.136
495.136
495.136
495.136
495.136
495.135
495.135
495.135
495.135
495.135
495.134
495.134
495.134
495.134
495.134
495.134
495.133
495.133
495.133
495.133
495.133
495.133
495.133
495.133
495.133
495.133
495.132
495.132
495.132
495.132
495.132
495.132
495.132
495.132
495.132
495.132
495.132
495.132
495.138
495.138
495.138
495.138
495.138
495.138
495.138
495.138
495.138
495.139
495.139
495.139
495.139
495.139
495.139
495.139
495.139
495.139
495.139
495.14
495.14
495.14
495.14
495.14
495.14
495.141
495.141
495.141
495.141
495.141
495.142
495.142
495.142
495.142
495.143
495.143
495.143
495.143
495.144
495.144
495.144
495.144
495.145
495.145
495.145
495.146
495.146
495.146
495.147
495.147
495.147
495.148
495.148
495.149
495.15
495.152
495.156
495.163
495.177
495.204
495.255
495.347
495.511
495.791
496.254
496.989
498.113
499.759
502.062
505.129
508.992
513.562
518.579
523.6
528.03
531.216
532.588
531.958
529.465
525.344
520.25
514.901
509.907
505.676
502.402
500.116
498.776
498.344
498.791
500.234
502.94
507.253
513.606
522.481
534.336
549.526
568.198
590.063
613.813
635.985
649.873
646.807
630.618
607.164
582.72
560.713
542.442
528.095
517.344
509.644
504.399
501.057
499.175
498.438
498.636
499.762
501.829
504.88
508.902
513.738
519.025
524.193
528.535
531.362
532.288
531.201
528.23
523.916
518.918
513.86
509.216
505.274
502.141
499.79
498.114
496.976
496.235
495.772
495.494
495.333
495.243
495.194
495.168
495.155
495.148
495.145
495.143
495.142
495.141
495.141
495.14
495.14
495.14
495.139
495.139
495.139
495.138
495.138
495.138
495.137
495.137
495.137
495.137
495.136
495.136
495.136
495.136
495.136
495.135
495.135
495.135
495.135
495.135
495.134
495.134
495.134
495.134
495.134
495.134
495.133
495.133
495.133
495.133
495.133
495.133
495.133
495.133
495.133
495.133
495.133
495.132
495.132
495.132
495.132
495.132
495.132
495.132
495.132
495.132
495.132
495.138
495.138
495.138
495.138
495.138
495.139
495.139
495.139
495.139
495.139
495.139
495.139
495.139
495.139
495.139
495.139
495.139
495.14
495.14
495.14
495.14
495.14
495.14
495.141
495.141
495.141
495.141
495.141
495.141
495.142
495.142
495.142
495.142
495.143
495.143
495.143
495.143
495.144
495.144
495.144
495.145
495.145
495.145
495.145
495.146
495.146
495.146
495.147
495.147
495.147
495.148
495.148
495.149
495.149
495.151
495.153
495.157
495.164
495.179
495.208
495.262
495.361
495.535
495.833
496.323
497.101
498.287
500.022
502.444
505.663
509.708
514.479
519.7
524.902
529.457
532.684
533.993
533.229
530.514
526.138
520.797
515.242
510.097
505.77
502.447
500.15
498.829
498.446
498.965
500.528
503.399
507.928
514.545
523.709
535.831
551.188
569.806
591.25
614.084
634.906
647.643
644.962
629.96
607.742
584.098
562.406
544.099
529.522
518.468
510.469
504.969
501.426
499.395
498.558
498.689
499.777
501.835
504.914
509.009
513.974
519.452
524.863
529.473
532.553
533.653
532.664
529.682
525.264
520.094
514.83
509.977
505.843
502.547
500.069
498.298
497.093
496.307
495.815
495.519
495.347
495.25
495.198
495.17
495.156
495.149
495.145
495.143
495.142
495.142
495.141
495.141
495.14
495.14
495.14
495.139
495.139
495.139
495.138
495.138
495.138
495.137
495.137
495.137
495.137
495.136
495.136
495.136
495.136
495.135
495.135
495.135
495.135
495.135
495.135
495.134
495.134
495.134
495.134
495.134
495.134
495.133
495.133
495.133
495.133
495.133
495.133
495.133
495.133
495.133
495.133
495.133
495.133
495.132
495.132
495.132
495.132
495.132
495.132
495.132
495.132
495.138
495.138
495.138
495.138
495.139
495.139
495.139
495.139
495.139
495.139
495.139
495.139
495.139
495.139
495.139
495.139
495.139
495.14
495.14
495.14
495.14
495.14
495.14
495.141
495.141
495.141
495.141
495.141
495.142
495.142
495.142
495.142
495.142
495.143
495.143
495.143
495.144
495.144
495.144
495.144
495.145
495.145
495.145
495.146
495.146
495.146
495.146
495.147
495.147
495.148
495.148
495.148
495.149
495.149
495.151
495.153
495.157
495.165
495.181
495.212
495.27
495.374
495.559
495.874
496.393
497.214
498.464
500.289
502.833
506.205
510.434
515.41
520.836
526.218
530.895
534.157
535.395
534.488
531.543
526.906
521.319
515.561
510.27
505.852
502.484
500.179
498.878
498.542
499.132
500.807
503.833
508.562
515.42
524.845
537.202
552.689
571.225
592.24
614.193
633.799
645.53
643.152
629.194
608.114
585.243
563.889
545.591
530.829
519.511
511.244
505.509
501.78
499.608
498.673
498.739
499.789
501.836
504.937
509.098
514.185
519.849
525.502
530.383
533.724
535.01
534.131
531.147
526.628
521.289
515.818
510.752
506.423
502.963
500.354
498.487
497.213
496.38
495.858
495.543
495.36
495.258
495.202
495.172
495.157
495.149
495.145
495.143
495.142
495.142
495.141
495.141
495.14
495.14
495.14
495.139
495.139
495.139
495.138
495.138
495.138
495.137
495.137
495.137
495.137
495.136
495.136
495.136
495.136
495.136
495.135
495.135
495.135
495.135
495.135
495.134
495.134
495.134
495.134
495.134
495.134
495.133
495.133
495.133
495.133
495.133
495.133
495.133
495.133
495.133
495.133
495.133
495.133
495.132
495.132
495.132
495.132
495.132
495.132
495.132
495.132
495.138
495.138
495.138
495.138
495.138
495.138
495.138
495.138
495.138
495.138
495.138
495.138
495.139
495.139
495.139
495.139
495.139
495.139
495.139
495.139
495.14
495.14
495.14
495.14
495.14
495.14
495.141
495.141
495.141
495.141
495.141
495.142
495.142
495.142
495.142
495.143
495.143
495.143
495.143
495.144
495.144
495.144
495.144
495.145
495.145
495.145
495.146
495.146
495.146
495.147
495.147
495.147
495.148
495.148
495.15
495.152
495.156
495.165
495.182
495.215
495.276
495.387
495.583
495.916
496.463
497.328
498.643
500.559
503.225
506.754
511.17
516.351
521.984
527.544
532.34
535.632
536.79
535.731
532.548
527.648
521.814
515.857
510.425
505.922
502.513
500.201
498.92
498.629
499.287
501.066
504.234
509.146
516.223
525.88
538.439
554.025
572.455
593.037
614.149
632.664
643.517
641.376
628.335
608.307
586.171
565.167
546.913
532.009
520.466
511.961
506.013
502.112
499.809
498.78
498.785
499.797
501.83
504.948
509.169
514.373
520.217
526.107
531.263
534.871
536.355
535.596
532.619
528.006
522.499
516.821
511.541
507.014
503.387
500.645
498.679
497.334
496.455
495.902
495.568
495.374
495.265
495.205
495.173
495.157
495.149
495.145
495.143
495.142
495.141
495.141
495.14
495.14
495.139
495.139
495.139
495.138
495.138
495.138
495.138
495.137
495.137
495.137
495.137
495.136
495.136
495.136
495.136
495.135
495.135
495.135
495.135
495.135
495.134
495.134
495.134
495.134
495.134
495.134
495.133
495.133
495.133
495.133
495.133
495.133
495.133
495.133
495.132
495.132
495.132
495.132
495.132
495.132
495.132
495.132
495.132
495.132
495.132
495.132
495.132
495.132
495.136
495.136
495.136
495.136
495.136
495.136
495.136
495.136
495.136
495.136
495.137
495.137
495.137
495.137
495.137
495.137
495.137
495.137
495.137
495.137
495.138
495.138
495.138
495.138
495.138
495.138
495.138
495.139
495.139
495.139
495.139
495.139
495.139
495.14
495.14
495.14
495.14
495.14
495.141
495.141
495.141
495.141
495.142
495.142
495.142
495.142
495.143
495.143
495.143
495.143
495.144
495.144
495.144
495.145
495.146
495.149
495.153
495.162
495.18
495.215
495.28
495.397
495.604
495.955
496.531
497.441
498.822
500.83
503.62
507.306
511.91
517.3
523.14
528.877
533.789
537.105
538.174
536.954
533.526
528.359
522.281
516.128
510.561
505.977
502.53
500.213
498.951
498.701
499.423
501.298
504.595
509.672
516.943
526.803
539.533
555.19
573.497
593.656
614.002
631.506
641.586
639.631
627.393
608.283
586.882
566.242
548.063
533.055
521.323
512.609
506.472
502.415
499.993
498.874
498.823
499.797
501.815
504.947
509.223
514.535
520.552
526.678
532.108
535.991
537.684
537.056
534.094
529.394
523.721
517.836
512.34
507.613
503.815
500.939
498.873
497.457
496.529
495.945
495.592
495.386
495.27
495.207
495.173
495.156
495.147
495.143
495.141
495.14
495.139
495.139
495.138
495.138
495.138
495.137
495.137
495.137
495.136
495.136
495.136
495.136
495.135
495.135
495.135
495.135
495.135
495.134
495.134
495.134
495.134
495.133
495.133
495.133
495.133
495.133
495.133
495.132
495.132
495.132
495.132
495.132
495.132
495.132
495.132
495.132
495.131
495.131
495.131
495.131
495.131
495.131
495.131
495.131
495.131
495.131
495.131
495.131
495.131
495.131
495.131
495.131
495.131
495.131
495.131
495.131
495.132
495.132
495.132
495.132
495.132
495.132
495.132
495.132
495.132
495.132
495.132
495.132
495.132
495.132
495.132
495.132
495.132
495.132
495.132
495.133
495.133
495.133
495.133
495.133
495.133
495.133
495.133
495.133
495.133
495.133
495.134
495.134
495.134
495.134
495.134
495.134
495.134
495.134
495.134
495.134
495.135
495.135
495.135
495.135
495.135
495.135
495.135
495.136
495.136
495.137
495.138
495.14
495.145
495.155
495.174
495.21
495.278
495.402
495.62
495.99
496.595
497.55
498.996
501.098
504.013
507.858
512.652
518.251
524.3
530.214
535.239
538.571
539.544
538.155
534.474
529.037
522.714
516.37
510.672
506.01
502.53
500.208
498.963
498.75
499.53
501.492
504.904
510.126
517.567
527.603
540.475
556.178
574.35
594.102
613.733
630.324
639.725
637.914
626.382
608.144
587.399
567.119
549.038
533.959
522.071
513.18
506.876
502.681
500.15
498.947
498.844
499.783
501.786
504.928
509.253
514.669
520.854
527.211
532.917
537.081
538.995
538.507
535.57
530.786
524.951
518.859
513.145
508.216
504.246
501.234
499.066
497.578
496.601
495.986
495.613
495.395
495.272
495.205
495.17
495.152
495.143
495.138
495.136
495.135
495.134
495.134
495.133
495.133
495.133
495.133
495.132
495.132
495.132
495.132
495.132
495.131
495.131
495.131
495.131
495.131
495.131
495.13
495.13
495.13
495.13
495.13
495.13
495.13
495.129
495.129
495.129
495.129
495.129
495.129
495.129
495.129
495.128
495.128
495.128
495.128
495.128
495.128
495.128
495.128
495.128
495.128
495.128
495.128
495.128
495.128
495.128
495.128
495.128
495.128
495.128
495.128
495.121
495.121
495.121
495.121
495.121
495.121
495.121
495.121
495.121
495.121
495.121
495.121
495.121
495.12
495.12
495.12
495.12
495.12
495.12
495.12
495.12
495.12
495.12
495.12
495.12
495.12
495.12
495.12
495.12
495.12
495.119
495.119
495.119
495.119
495.119
495.119
495.119
495.119
495.118
495.118
495.118
495.118
495.118
495.118
495.118
495.117
495.117
495.117
495.117
495.117
495.117
495.117
495.117
495.117
495.118
495.121
495.125
495.136
495.156
495.194
495.266
495.397
495.626
496.014
496.649
497.649
499.162
501.357
504.399
508.405
513.391
519.201
525.46
531.551
536.685
540.029
540.898
539.329
535.388
529.676
523.109
516.576
510.75
506.015
502.501
500.175
498.945
498.764
499.592
501.632
505.147
510.495
518.082
528.266
541.253
556.982
575.015
594.388
613.344
629.116
637.918
636.22
625.31
607.862
587.735
567.803
549.835
534.712
522.701
513.659
507.212
502.894
500.266
498.988
498.841
499.746
501.733
504.885
509.256
514.77
521.116
527.702
533.686
538.138
540.284
539.946
537.041
532.181
526.186
519.886
513.953
508.819
504.676
501.525
499.254
497.694
496.668
496.02
495.627
495.398
495.268
495.197
495.16
495.141
495.131
495.126
495.124
495.123
495.122
495.122
495.122
495.122
495.122
495.122
495.122
495.122
495.122
495.122
495.122
495.122
495.121
495.121
495.121
495.121
495.121
495.121
495.121
495.121
495.121
495.121
495.121
495.121
495.121
495.121
495.121
495.121
495.121
495.121
495.121
495.121
495.121
495.121
495.121
495.121
495.121
495.121
495.121
495.121
495.12
495.12
495.12
495.12
495.12
495.12
495.12
495.12
495.12
495.12
495.12
495.12
495.097
495.097
495.097
495.097
495.097
495.097
495.097
495.097
495.097
495.097
495.097
495.096
495.096
495.096
495.096
495.096
495.095
495.095
495.095
495.095
495.094
495.094
495.094
495.093
495.093
495.092
495.092
495.092
495.091
495.091
495.09
495.09
495.089
495.089
495.088
495.087
495.087
495.086
495.086
495.085
495.084
495.083
495.083
495.082
495.081
495.081
495.08
495.079
495.079
495.078
495.077
495.077
495.077
495.077
495.077
495.079
495.084
495.095
495.116
495.157
495.233
495.37
495.611
496.018
496.682
497.729
499.311
501.601
504.77
508.94
514.12
520.145
526.615
532.884
538.125
541.476
542.232
540.472
536.263
530.271
523.457
516.735
510.782
505.974
502.425
500.091
498.873
498.72
499.597
501.698
505.299
510.759
518.47
528.777
541.856
557.592
575.475
594.454
612.832
627.877
636.153
634.544
624.178
607.438
587.874
568.286
550.446
535.304
523.197
514.031
507.46
503.033
500.321
498.982
498.79
499.664
501.638
504.801
509.218
514.827
521.333
528.146
534.411
539.157
541.549
541.369
538.506
533.575
527.421
520.912
514.758
509.417
505.097
501.807
499.432
497.798
496.721
496.041
495.628
495.387
495.25
495.175
495.136
495.115
495.105
495.101
495.098
495.098
495.097
495.097
495.098
495.098
495.098
495.098
495.099
495.099
495.099
495.1
495.1
495.1
495.1
495.101
495.101
495.101
495.101
495.101
495.102
495.102
495.102
495.102
495.102
495.103
495.103
495.103
495.103
495.103
495.103
495.103
495.103
495.104
495.104
495.104
495.104
495.104
495.104
495.104
495.104
495.104
495.104
495.104
495.104
495.104
495.104
495.104
495.104
495.104
495.104
495.105
495.105
495.105
495.05
495.05
495.05
495.049
495.049
495.049
495.049
495.049
495.048
495.048
495.048
495.047
495.047
495.046
495.046
495.045
495.044
495.044
495.043
495.042
495.041
495.041
495.04
495.039
495.038
495.037
495.036
495.035
495.033
495.032
495.031
495.03
495.028
495.027
495.025
495.024
495.022
495.021
495.019
495.018
495.016
495.014
495.013
495.011
495.009
495.007
495.006
495.004
495.002
495.001
494.999
494.998
494.996
494.996
494.996
494.997
495.002
495.013
495.035
495.078
495.159
495.304
495.557
495.985
496.681
497.774
499.427
501.816
505.116
509.452
514.831
521.075
527.76
534.208
539.554
542.907
543.542
541.581
537.091
530.811
523.746
516.831
510.747
505.86
502.27
499.921
498.709
498.579
499.499
501.666
505.343
510.892
518.711
529.121
542.269
558.001
575.745
594.375
612.206
626.604
634.419
632.879
622.99
606.878
587.824
568.574
550.865
535.724
523.543
514.273
507.593
503.078
500.292
498.891
498.66
499.508
501.475
504.653
509.12
514.825
521.492
528.534
535.083
540.133
542.788
542.772
539.959
534.962
528.65
521.931
515.552
510.001
505.502
502.071
499.589
497.878
496.75
496.038
495.604
495.349
495.205
495.126
495.084
495.063
495.053
495.048
495.047
495.046
495.047
495.047
495.048
495.049
495.05
495.051
495.052
495.053
495.053
495.054
495.055
495.056
495.057
495.058
495.058
495.059
495.06
495.061
495.061
495.062
495.063
495.063
495.064
495.064
495.065
495.065
495.066
495.066
495.067
495.067
495.068
495.068
495.068
495.069
495.069
495.069
495.07
495.07
495.07
495.07
495.07
495.071
495.071
495.071
495.071
495.071
495.071
495.071
495.071
495.072
495.072
495.072
494.957
494.957
494.957
494.957
494.956
494.956
494.955
494.955
494.954
494.953
494.953
494.952
494.951
494.95
494.948
494.947
494.946
494.944
494.943
494.941
494.939
494.938
494.936
494.934
494.932
494.93
494.927
494.925
494.922
494.92
494.917
494.915
494.912
494.909
494.906
494.903
494.9
494.896
494.893
494.89
494.886
494.883
494.879
494.875
494.872
494.868
494.865
494.861
494.858
494.854
494.851
494.848
494.845
494.843
494.842
494.843
494.847
494.858
494.881
494.926
495.012
495.166
495.434
495.885
496.618
497.764
499.488
501.982
505.42
509.929
515.513
521.982
528.888
535.519
540.97
544.32
544.825
542.647
537.863
531.283
523.955
516.837
510.611
505.631
501.987
499.613
498.399
498.286
499.247
501.475
505.233
510.874
518.783
529.276
542.477
558.187
575.77
594.137
611.469
625.295
632.704
631.219
621.746
606.193
587.622
568.64
551.079
535.955
523.72
514.363
507.594
502.986
500.122
498.664
498.4
499.229
501.198
504.403
508.929
514.741
521.575
528.853
535.695
541.059
543.998
544.149
541.398
536.339
529.869
522.936
516.327
510.561
505.878
502.3
499.708
497.918
496.738
495.989
495.532
495.263
495.111
495.027
494.984
494.962
494.951
494.947
494.946
494.947
494.948
494.95
494.952
494.954
494.956
494.958
494.96
494.962
494.964
494.966
494.968
494.97
494.972
494.974
494.976
494.977
494.979
494.981
494.982
494.984
494.985
494.987
494.988
494.989
494.991
494.992
494.993
494.994
494.995
494.996
494.997
494.998
494.999
494.999
495
495.001
495.002
495.002
495.003
495.003
495.004
495.004
495.005
495.005
495.005
495.005
495.006
495.006
495.006
495.006
495.006
495.006
494.785
494.785
494.785
494.785
494.784
494.783
494.782
494.781
494.78
494.778
494.777
494.775
494.773
494.771
494.769
494.766
494.764
494.761
494.758
494.755
494.752
494.748
494.745
494.741
494.737
494.733
494.728
494.724
494.719
494.714
494.709
494.704
494.699
494.693
494.688
494.682
494.676
494.67
494.663
494.657
494.65
494.644
494.637
494.63
494.624
494.617
494.61
494.603
494.597
494.59
494.584
494.578
494.573
494.568
494.565
494.564
494.567
494.578
494.602
494.651
494.743
494.908
495.195
495.674
496.448
497.655
499.466
502.07
505.658
510.351
516.152
522.856
529.992
536.811
542.368
545.709
546.075
543.664
538.566
531.667
524.058
516.716
510.324
505.228
501.507
499.089
497.861
497.762
498.767
501.062
504.905
510.643
518.648
529.219
542.46
558.153
575.642
593.727
610.621
623.947
630.996
629.557
620.445
605.386
587.246
568.532
551.073
535.971
523.697
514.261
507.393
502.691
499.748
498.233
497.937
498.758
500.743
503.994
508.601
514.539
521.555
529.086
536.234
541.928
545.167
545.498
542.817
537.7
531.069
523.916
517.071
511.081
506.206
502.474
499.764
497.891
496.651
495.861
495.378
495.093
494.931
494.843
494.797
494.774
494.764
494.761
494.761
494.764
494.767
494.771
494.775
494.779
494.783
494.787
494.791
494.795
494.799
494.803
494.807
494.811
494.814
494.818
494.822
494.825
494.828
494.832
494.835
494.838
494.841
494.843
494.846
494.849
494.851
494.854
494.856
494.858
494.86
494.862
494.864
494.866
494.867
494.869
494.87
494.872
494.873
494.874
494.876
494.877
494.878
494.878
494.879
494.88
494.881
494.881
494.882
494.882
494.882
494.883
494.883
494.883
494.483
494.483
494.482
494.481
494.48
494.479
494.477
494.475
494.473
494.47
494.467
494.464
494.461
494.457
494.453
494.449
494.444
494.439
494.434
494.428
494.423
494.416
494.41
494.403
494.396
494.389
494.381
494.373
494.365
494.356
494.347
494.338
494.329
494.319
494.309
494.299
494.288
494.277
494.266
494.255
494.243
494.232
494.22
494.208
494.197
494.185
494.173
494.161
494.15
494.139
494.128
494.117
494.108
494.099
494.092
494.088
494.09
494.1
494.125
494.178
494.278
494.458
494.768
495.284
496.112
497.393
499.305
502.044
505.796
510.693
516.728
523.683
531.061
538.076
543.741
547.069
547.288
544.62
539.185
531.94
524.014
516.416
509.82
504.569
500.737
498.249
496.994
496.905
497.961
500.34
504.29
510.146
518.265
528.934
542.239
557.93
575.31
593.146
609.659
622.553
629.289
627.886
619.086
604.457
586.693
568.23
550.884
535.786
523.449
513.915
506.934
502.12
499.082
497.501
497.176
497.999
500.023
503.35
508.07
514.168
521.402
529.209
536.685
542.729
546.287
546.815
544.214
539.039
532.243
524.862
517.768
511.541
506.46
502.559
499.722
497.752
496.441
495.604
495.09
494.785
494.611
494.516
494.467
494.444
494.435
494.434
494.437
494.442
494.448
494.455
494.462
494.47
494.477
494.485
494.492
494.499
494.507
494.514
494.521
494.528
494.535
494.541
494.548
494.554
494.56
494.566
494.572
494.577
494.582
494.587
494.592
494.597
494.602
494.606
494.61
494.614
494.618
494.622
494.625
494.628
494.632
494.634
494.637
494.64
494.642
494.645
494.647
494.649
494.65
494.652
494.654
494.655
494.656
494.657
494.658
494.659
494.659
494.66
494.66
494.66
493.975
493.975
493.974
493.972
493.97
493.968
493.965
493.962
493.958
493.954
493.949
493.943
493.938
493.931
493.925
493.917
493.91
493.901
493.893
493.883
493.873
493.863
493.852
493.841
493.829
493.817
493.804
493.791
493.777
493.763
493.748
493.732
493.717
493.7
493.684
493.667
493.649
493.631
493.613
493.594
493.576
493.556
493.537
493.518
493.498
493.479
493.459
493.44
493.421
493.402
493.384
493.367
493.351
493.336
493.324
493.316
493.314
493.322
493.349
493.407
493.518
493.718
494.06
494.625
495.522
496.9
498.939
501.84
505.792
510.921
517.217
524.446
532.085
539.308
545.085
548.393
548.455
545.502
539.699
532.07
523.788
515.874
509.016
503.553
499.562
496.972
495.67
495.592
496.716
499.206
503.299
509.312
517.581
528.373
541.758
557.463
574.759
592.39
608.581
621.105
627.572
626.199
617.663
603.403
585.962
567.709
550.452
535.343
522.925
513.266
506.137
501.178
498.018
496.356
495.999
496.838
498.928
502.371
507.256
513.566
521.063
529.181
537.028
543.448
547.351
548.095
545.581
540.349
533.38
525.757
518.397
511.914
506.606
502.516
499.525
497.438
496.042
495.145
494.59
494.259
494.07
493.967
493.915
493.892
493.885
493.887
493.894
493.903
493.915
493.926
493.939
493.951
493.964
493.977
493.989
494.002
494.014
494.026
494.038
494.05
494.062
494.073
494.084
494.095
494.105
494.115
494.125
494.134
494.143
494.152
494.16
494.169
494.176
494.184
494.191
494.198
494.204
494.211
494.217
494.222
494.228
494.233
494.237
494.242
494.246
494.25
494.254
494.257
494.26
494.263
494.266
494.268
494.27
494.272
494.273
494.275
494.276
494.276
494.277
494.277
493.164
493.163
493.161
493.159
493.156
493.152
493.148
493.142
493.136
493.129
493.122
493.113
493.104
493.094
493.083
493.072
493.059
493.046
493.032
493.018
493.002
492.986
492.969
492.951
492.932
492.913
492.892
492.871
492.849
492.827
492.803
492.779
492.755
492.729
492.703
492.676
492.649
492.621
492.592
492.563
492.534
492.504
492.474
492.443
492.413
492.383
492.352
492.322
492.293
492.264
492.235
492.208
492.183
492.159
492.139
492.123
492.116
492.123
492.15
492.215
492.341
492.567
492.953
493.582
494.573
496.079
498.284
501.39
505.585
510.992
517.589
525.126
533.051
540.499
546.393
549.673
549.572
546.295
540.084
532.011
523.313
515.013
507.814
502.067
497.859
495.126
493.761
493.696
494.908
497.547
501.835
508.061
516.537
527.499
540.996
556.741
573.986
591.457
607.382
619.597
625.837
624.487
616.172
602.222
585.05
566.963
549.763
534.614
522.077
512.243
504.913
499.759
496.438
494.67
494.277
495.146
497.335
500.947
506.061
512.654
520.484
528.986
537.242
544.073
548.347
549.329
546.913
541.623
534.47
526.587
518.935
512.165
506.594
502.279
499.103
496.87
495.364
494.388
493.779
493.414
493.205
493.092
493.036
493.014
493.01
493.017
493.03
493.046
493.064
493.084
493.103
493.124
493.144
493.164
493.185
493.205
493.225
493.244
493.264
493.283
493.301
493.319
493.337
493.354
493.371
493.387
493.402
493.418
493.432
493.446
493.46
493.473
493.486
493.498
493.51
493.521
493.531
493.541
493.551
493.56
493.569
493.577
493.585
493.592
493.599
493.606
493.612
493.617
493.622
493.627
493.631
493.635
493.638
493.641
493.643
493.646
493.647
493.648
493.649
493.65
491.931
491.929
491.927
491.924
491.919
491.913
491.907
491.898
491.889
491.879
491.867
491.855
491.841
491.826
491.809
491.792
491.774
491.754
491.733
491.711
491.687
491.663
491.637
491.611
491.583
491.553
491.523
491.492
491.459
491.425
491.391
491.355
491.318
491.28
491.241
491.201
491.161
491.119
491.077
491.034
490.99
490.946
490.901
490.857
490.812
490.767
490.722
490.678
490.634
490.591
490.549
490.508
490.47
490.435
490.403
490.378
490.363
490.366
490.394
490.466
490.611
490.872
491.315
492.031
493.146
494.82
497.241
500.61
505.112
510.857
517.812
525.701
533.946
541.64
547.659
550.904
550.622
546.985
540.318
531.746
522.537
513.754
506.119
500.004
495.514
492.599
491.154
491.106
492.431
495.263
499.804
506.317
515.072
526.272
539.935
555.76
572.99
590.346
606.06
618.021
624.072
622.742
614.609
600.913
583.956
565.991
548.806
533.569
520.854
510.775
503.172
497.759
494.231
492.329
491.89
492.803
495.128
498.965
504.385
511.349
519.601
528.56
537.284
544.588
549.262
550.511
548.203
542.852
535.502
527.331
519.353
512.25
506.369
501.778
498.368
495.947
494.298
493.218
492.538
492.128
491.892
491.766
491.706
491.685
491.685
491.7
491.722
491.748
491.776
491.806
491.836
491.867
491.898
491.929
491.96
491.991
492.021
492.051
492.08
492.109
492.137
492.164
492.191
492.217
492.243
492.268
492.291
492.315
492.337
492.359
492.38
492.4
492.419
492.438
492.455
492.472
492.489
492.504
492.519
492.533
492.547
492.559
492.571
492.583
492.593
492.603
492.612
492.621
492.629
492.636
492.642
492.648
492.653
492.658
492.662
492.665
492.667
492.669
492.67
492.671
490.151
490.149
490.146
490.141
490.134
490.126
490.116
490.105
490.092
490.077
490.06
490.042
490.022
490.001
489.978
489.953
489.926
489.898
489.868
489.837
489.804
489.769
489.732
489.694
489.655
489.613
489.57
489.526
489.48
489.432
489.383
489.332
489.28
489.227
489.172
489.116
489.059
489
488.941
488.881
488.819
488.758
488.695
488.632
488.569
488.506
488.444
488.381
488.32
488.259
488.201
488.144
488.089
488.039
487.993
487.955
487.93
487.927
487.955
488.036
488.204
488.508
489.023
489.85
491.125
493.015
495.713
499.419
504.306
510.468
517.846
526.15
534.757
542.723
548.877
552.079
551.593
547.553
540.356
531.212
521.399
512.026
503.853
497.285
492.455
489.323
487.784
487.76
489.221
492.287
497.141
504.015
513.137
524.656
538.555
554.514
571.774
589.059
604.615
616.37
622.269
620.953
612.968
599.475
582.682
564.79
547.568
532.18
519.206
508.796
500.839
495.102
491.318
489.253
488.76
489.727
492.22
496.339
502.143
509.576
518.351
527.864
537.147
544.973
550.089
551.633
549.445
544.028
536.461
527.971
519.618
512.124
505.867
500.932
497.226
494.563
492.727
491.512
490.739
490.27
490.001
489.859
489.794
489.775
489.783
489.808
489.842
489.88
489.922
489.965
490.009
490.054
490.099
490.144
490.188
490.233
490.276
490.319
490.362
490.403
490.444
490.483
490.522
490.56
490.597
490.632
490.667
490.7
490.733
490.764
490.795
490.824
490.852
490.879
490.905
490.93
490.953
490.976
490.998
491.018
491.038
491.056
491.074
491.09
491.105
491.12
491.133
491.146
491.157
491.168
491.177
491.186
491.193
491.2
491.205
491.21
491.214
491.217
491.219
491.22
487.71
487.708
487.703
487.697
487.688
487.676
487.663
487.647
487.629
487.609
487.587
487.562
487.535
487.506
487.475
487.441
487.406
487.368
487.327
487.285
487.24
487.193
487.144
487.093
487.039
486.984
486.926
486.866
486.804
486.74
486.674
486.607
486.537
486.466
486.392
486.318
486.241
486.164
486.084
486.004
485.923
485.841
485.758
485.674
485.591
485.507
485.424
485.341
485.259
485.179
485.1
485.024
484.951
484.882
484.82
484.767
484.729
484.717
484.745
484.836
485.03
485.386
485.988
486.951
488.422
490.581
493.624
497.748
503.11
509.781
517.671
526.454
535.473
543.74
550.04
553.193
552.476
547.989
540.206
530.385
519.86
509.788
500.981
493.891
488.676
485.305
483.667
483.671
485.284
488.614
493.827
501.129
510.698
522.626
536.843
553
570.339
587.599
603.042
614.638
620.417
619.114
611.245
597.908
581.229
563.36
546.041
530.422
517.1
506.267
497.878
491.757
487.678
485.43
484.876
485.903
488.587
493.032
499.29
507.282
516.688
526.861
536.795
545.214
550.816
552.687
550.63
545.145
537.337
528.486
519.698
511.745
505.028
499.666
495.587
492.617
490.545
489.158
488.269
487.727
487.417
487.255
487.186
487.17
487.188
487.226
487.275
487.329
487.387
487.447
487.508
487.57
487.631
487.693
487.754
487.814
487.874
487.933
487.991
488.047
488.103
488.157
488.21
488.262
488.313
488.362
488.409
488.455
488.5
488.543
488.585
488.625
488.664
488.701
488.737
488.771
488.804
488.835
488.865
488.893
488.92
488.946
488.97
488.993
489.014
489.034
489.053
489.07
489.086
489.1
489.114
489.125
489.136
489.145
489.153
489.16
489.165
489.169
489.171
489.173
484.531
484.528
484.522
484.514
484.502
484.488
484.47
484.45
484.427
484.401
484.373
484.341
484.306
484.269
484.229
484.186
484.14
484.091
484.039
483.985
483.927
483.867
483.805
483.739
483.671
483.6
483.526
483.45
483.371
483.29
483.206
483.12
483.032
482.941
482.849
482.754
482.658
482.559
482.459
482.358
482.256
482.152
482.048
481.943
481.837
481.732
481.627
481.523
481.42
481.318
481.219
481.122
481.029
480.941
480.86
480.79
480.738
480.717
480.745
480.846
481.069
481.484
482.186
483.307
485.009
487.485
490.939
495.562
501.493
508.769
517.264
526.602
536.086
544.687
551.144
554.238
553.261
548.279
539.839
529.248
517.909
507.045
497.535
489.881
484.264
480.649
478.914
478.947
480.715
484.315
489.909
497.679
507.759
520.176
534.792
551.218
568.692
585.97
601.342
612.82
618.507
617.215
609.437
596.214
579.603
561.703
544.219
528.286
514.524
503.189
494.308
487.767
483.375
480.935
480.317
481.407
484.289
489.083
495.84
504.463
514.593
525.528
536.204
545.285
551.433
553.667
551.755
546.194
538.121
528.86
519.57
511.071
503.801
497.919
493.384
490.04
487.679
486.085
485.056
484.428
484.069
483.885
483.811
483.799
483.829
483.883
483.949
484.021
484.098
484.177
484.257
484.337
484.417
484.497
484.576
484.655
484.733
484.809
484.884
484.958
485.03
485.101
485.17
485.237
485.303
485.366
485.428
485.489
485.547
485.603
485.658
485.71
485.761
485.809
485.856
485.901
485.944
485.985
486.024
486.062
486.097
486.131
486.163
486.193
486.221
486.247
486.271
486.294
486.315
486.334
486.352
486.367
486.381
486.393
486.403
486.412
486.419
486.424
486.428
486.429
480.599
480.595
480.588
480.578
480.564
480.546
480.525
480.5
480.472
480.441
480.405
480.367
480.325
480.279
480.23
480.177
480.121
480.062
479.999
479.933
479.863
479.791
479.714
479.635
479.552
479.466
479.377
479.285
479.19
479.092
478.991
478.888
478.781
478.673
478.561
478.448
478.332
478.214
478.095
477.973
477.851
477.727
477.602
477.477
477.351
477.226
477.1
476.976
476.852
476.731
476.612
476.495
476.383
476.277
476.178
476.092
476.026
475.995
476.023
476.135
476.391
476.869
477.682
478.977
480.936
483.769
487.687
492.879
499.462
507.436
516.621
526.582
536.594
545.562
552.185
555.209
553.942
548.416
539.248
527.808
515.575
503.861
493.619
485.399
479.392
475.548
473.724
473.782
475.693
479.546
485.508
493.748
504.368
517.329
532.415
549.178
566.839
584.177
599.517
610.913
616.533
615.25
607.54
594.396
577.811
559.828
542.109
525.782
511.505
499.614
490.216
483.252
478.555
475.933
475.255
476.404
479.479
484.617
491.882
501.171
512.087
523.866
535.368
545.188
551.934
554.564
552.813
547.173
538.808
529.09
519.228
510.087
502.167
495.672
490.6
486.817
484.121
482.287
481.098
480.371
479.957
479.749
479.67
479.662
479.705
479.775
479.859
479.951
480.047
480.145
480.244
480.344
480.443
480.541
480.639
480.736
480.832
480.926
481.019
481.11
481.199
481.286
481.371
481.454
481.535
481.614
481.691
481.765
481.837
481.907
481.975
482.04
482.103
482.163
482.221
482.277
482.331
482.382
482.431
482.477
482.521
482.563
482.603
482.64
482.675
482.708
482.739
482.767
482.793
482.817
482.839
482.859
482.876
482.891
482.904
482.915
482.923
482.93
482.934
482.936
475.98
475.976
475.968
475.955
475.939
475.918
475.894
475.865
475.833
475.796
475.755
475.711
475.662
475.609
475.552
475.491
475.427
475.358
475.286
475.209
475.129
475.045
474.957
474.866
474.771
474.672
474.57
474.465
474.356
474.243
474.128
474.01
473.888
473.764
473.637
473.508
473.376
473.242
473.107
472.969
472.83
472.69
472.548
472.406
472.264
472.122
471.98
471.839
471.699
471.561
471.426
471.294
471.166
471.043
470.93
470.83
470.752
470.715
470.744
470.87
471.16
471.706
472.635
474.114
476.345
479.557
483.974
489.782
497.078
505.819
515.768
526.43
537.006
546.366
553.161
556.103
554.512
548.382
538.446
526.102
512.935
500.358
489.405
480.658
474.302
470.261
468.36
468.436
470.461
474.525
480.806
489.479
500.622
514.142
529.742
546.897
564.795
582.231
597.57
608.914
614.487
613.214
605.556
592.462
575.865
557.748
539.733
522.948
508.113
495.653
485.756
478.403
473.439
470.662
469.935
471.136
474.38
479.832
487.577
497.52
509.24
521.909
534.303
544.933
552.32
555.376
553.803
548.08
539.399
529.174
518.668
508.803
500.145
492.956
487.28
483.009
479.942
477.845
476.482
475.647
475.174
474.938
474.851
474.847
474.902
474.987
475.088
475.198
475.312
475.427
475.544
475.661
475.777
475.893
476.007
476.121
476.233
476.343
476.451
476.558
476.662
476.764
476.864
476.961
477.056
477.149
477.239
477.326
477.411
477.493
477.573
477.649
477.724
477.795
477.864
477.929
477.993
478.053
478.111
478.166
478.218
478.268
478.315
478.359
478.401
478.44
478.476
478.51
478.541
478.569
478.595
478.618
478.639
478.657
478.672
478.685
478.696
478.703
478.708
478.711
470.825
470.82
470.811
470.798
470.78
470.757
470.73
470.699
470.663
470.622
470.577
470.528
470.475
470.416
470.354
470.287
470.216
470.141
470.062
469.978
469.89
469.799
469.703
469.603
469.499
469.392
469.28
469.165
469.047
468.925
468.8
468.671
468.54
468.405
468.268
468.128
467.986
467.842
467.695
467.547
467.398
467.247
467.095
466.942
466.79
466.637
466.485
466.333
466.183
466.035
465.889
465.746
465.608
465.476
465.352
465.243
465.159
465.119
465.153
465.296
465.624
466.24
467.287
468.95
471.455
475.05
479.974
486.415
494.451
503.998
514.755
526.159
537.337
547.108
554.076
556.92
554.981
548.236
537.474
524.199
510.103
496.706
485.108
475.908
469.266
465.069
463.105
463.188
465.287
469.501
476.028
485.055
496.658
510.706
526.826
544.406
562.578
580.143
595.507
606.822
612.365
611.102
603.485
590.42
573.781
555.49
537.131
519.854
504.459
491.467
481.131
473.459
468.287
465.396
464.635
465.879
469.259
474.97
483.133
493.674
506.166
519.727
533.042
544.521
552.591
556.103
554.723
548.919
539.901
529.124
517.92
507.265
497.803
489.866
483.546
478.756
475.301
472.929
471.384
470.437
469.9
469.633
469.536
469.532
469.595
469.692
469.806
469.93
470.057
470.187
470.317
470.447
470.577
470.705
470.832
470.958
471.082
471.205
471.325
471.443
471.559
471.673
471.784
471.892
471.998
472.101
472.202
472.299
472.394
472.486
472.575
472.66
472.743
472.823
472.9
472.974
473.045
473.113
473.178
473.24
473.299
473.355
473.407
473.457
473.504
473.548
473.589
473.627
473.662
473.694
473.723
473.749
473.773
473.793
473.81
473.825
473.837
473.845
473.851
473.854
465.357
465.352
465.343
465.329
465.31
465.286
465.258
465.225
465.188
465.145
465.098
465.047
464.991
464.93
464.865
464.796
464.722
464.643
464.561
464.474
464.383
464.287
464.188
464.084
463.977
463.865
463.75
463.631
463.509
463.383
463.254
463.122
462.987
462.848
462.707
462.564
462.418
462.27
462.12
461.969
461.816
461.662
461.507
461.352
461.196
461.04
460.885
460.731
460.578
460.427
460.278
460.133
459.991
459.856
459.729
459.618
459.534
459.498
459.541
459.705
460.074
460.761
461.923
463.765
466.533
470.496
475.91
482.968
491.733
502.084
513.659
525.817
537.612
547.797
554.932
557.664
555.358
547.977
536.382
522.194
507.223
493.092
480.951
471.392
464.538
460.228
458.216
458.292
460.423
464.72
471.399
480.677
492.641
507.141
523.743
541.748
560.215
577.93
593.336
604.638
610.164
608.913
601.33
588.281
571.579
553.085
534.359
516.595
500.686
487.242
476.564
468.663
463.356
460.397
459.621
460.897
464.375
470.28
478.775
489.824
503.008
517.412
531.636
543.977
552.757
556.748
555.577
549.697
540.334
528.988
517.039
505.556
495.259
486.554
479.579
474.269
470.425
467.779
466.053
464.991
464.388
464.086
463.973
463.965
464.03
464.133
464.254
464.385
464.521
464.658
464.796
464.934
465.07
465.206
465.34
465.473
465.604
465.733
465.86
465.984
466.107
466.227
466.344
466.459
466.571
466.68
466.786
466.89
466.99
467.087
467.182
467.273
467.361
467.446
467.528
467.607
467.683
467.755
467.824
467.89
467.953
468.013
468.07
468.123
468.173
468.22
468.264
468.305
468.342
468.377
468.408
468.436
468.461
468.483
468.501
468.517
468.529
468.539
468.545
468.548
459.844
459.839
459.83
459.816
459.797
459.773
459.745
459.713
459.675
459.633
459.587
459.536
459.48
459.42
459.356
459.287
459.213
459.136
459.054
458.968
458.878
458.784
458.686
458.584
458.478
458.368
458.255
458.139
458.019
457.895
457.769
457.639
457.507
457.372
457.235
457.095
456.953
456.809
456.663
456.516
456.368
456.219
456.069
455.918
455.767
455.617
455.467
455.318
455.17
455.024
454.88
454.739
454.602
454.471
454.349
454.243
454.166
454.141
454.198
454.389
454.801
455.559
456.831
458.84
461.851
466.153
472.018
479.646
489.093
500.207
512.569
525.463
537.863
548.451
555.738
558.341
555.655
547.635
535.233
520.188
504.439
489.695
477.13
467.313
460.318
455.937
453.89
453.945
456.069
460.381
467.121
476.535
488.736
503.576
520.584
538.979
557.739
575.612
591.069
602.367
607.884
606.648
599.101
586.063
569.288
550.58
531.494
513.287
496.951
483.167
472.263
464.233
458.864
455.883
455.108
456.407
459.945
465.977
474.71
486.152
499.917
515.073
530.151
543.335
552.832
557.316
556.371
550.426
540.721
528.797
516.101
503.786
492.664
483.208
475.602
469.794
465.58
462.673
460.771
459.597
458.925
458.584
458.449
458.431
458.491
458.591
458.713
458.844
458.98
459.118
459.257
459.394
459.531
459.667
459.802
459.934
460.066
460.195
460.322
460.447
460.57
460.69
460.808
460.923
461.035
461.145
461.252
461.356
461.458
461.556
461.651
461.743
461.832
461.918
462.001
462.081
462.158
462.231
462.301
462.368
462.432
462.493
462.55
462.604
462.655
462.703
462.748
462.789
462.828
462.863
462.894
462.923
462.949
462.971
462.99
463.006
463.018
463.028
463.034
463.038
454.556
454.552
454.543
454.53
454.512
454.49
454.463
454.432
454.397
454.357
454.313
454.265
454.213
454.156
454.095
454.03
453.961
453.888
453.812
453.731
453.646
453.558
453.466
453.37
453.271
453.169
453.063
452.954
452.842
452.727
452.61
452.489
452.366
452.241
452.114
451.984
451.853
451.72
451.585
451.45
451.313
451.175
451.037
450.899
450.76
450.622
450.485
450.348
450.212
450.078
449.946
449.817
449.691
449.571
449.461
449.367
449.303
449.296
449.372
449.593
450.051
450.877
452.254
454.415
457.643
462.245
468.508
476.64
486.696
498.498
511.581
525.159
538.126
549.088
556.505
558.961
555.889
547.251
534.093
518.283
501.88
486.656
473.789
463.807
456.734
452.315
450.242
450.265
452.348
456.62
463.339
472.78
485.089
500.14
517.446
536.164
555.189
573.216
588.723
600.019
605.531
604.316
596.809
583.786
566.94
548.029
528.62
510.05
493.402
479.408
468.394
460.328
454.962
451.998
451.238
452.55
456.115
462.214
471.092
482.812
497.028
512.816
528.658
542.634
552.823
557.816
557.113
551.123
541.094
528.609
515.191
502.083
490.182
480.029
471.841
465.579
461.026
457.878
455.811
454.529
453.788
453.402
453.24
453.206
453.252
453.343
453.457
453.581
453.711
453.842
453.974
454.105
454.235
454.364
454.492
454.618
454.743
454.866
454.987
455.106
455.223
455.337
455.45
455.56
455.667
455.772
455.875
455.974
456.071
456.165
456.257
456.345
456.431
456.514
456.593
456.67
456.744
456.815
456.882
456.947
457.009
457.067
457.123
457.175
457.225
457.271
457.314
457.354
457.391
457.425
457.456
457.484
457.508
457.53
457.548
457.564
457.576
457.585
457.592
457.595
449.73
449.726
449.718
449.706
449.69
449.67
449.647
449.619
449.587
449.551
449.512
449.469
449.422
449.371
449.316
449.258
449.196
449.131
449.062
448.99
448.915
448.836
448.754
448.669
448.58
448.489
448.395
448.299
448.199
448.098
447.993
447.887
447.778
447.668
447.555
447.441
447.326
447.209
447.091
446.972
446.852
446.731
446.611
446.49
446.369
446.248
446.128
446.009
445.891
445.774
445.659
445.547
445.438
445.334
445.241
445.164
445.119
445.132
445.232
445.486
445.991
446.883
448.355
450.654
454.073
458.934
465.537
474.1
484.675
497.07
510.783
524.965
538.438
549.729
557.243
559.536
556.084
546.862
533.023
516.563
499.639
484.067
471.006
460.936
453.831
449.399
447.305
447.289
449.31
453.5
460.134
469.512
481.812
496.943
514.422
533.373
552.613
570.772
586.321
597.611
603.121
601.931
594.476
581.48
564.576
545.49
525.823
506.996
490.165
476.085
465.066
457.04
451.725
448.804
448.069
449.388
452.955
459.07
468.017
479.907
494.443
510.73
527.223
541.918
552.774
558.26
557.813
551.804
541.487
528.485
514.401
500.569
487.968
477.195
468.495
461.831
456.978
453.613
451.395
450.011
449.2
448.768
448.573
448.517
448.543
448.618
448.717
448.829
448.945
449.063
449.182
449.3
449.418
449.535
449.65
449.764
449.877
449.988
450.098
450.205
450.311
450.415
450.517
450.617
450.715
450.81
450.903
450.994
451.082
451.168
451.252
451.333
451.411
451.486
451.559
451.63
451.697
451.762
451.824
451.883
451.94
451.994
452.045
452.093
452.139
452.181
452.221
452.258
452.292
452.323
452.352
452.377
452.4
452.42
452.437
452.451
452.463
452.471
452.477
452.48
445.536
445.533
445.526
445.516
445.502
445.485
445.465
445.441
445.414
445.383
445.35
445.313
445.272
445.229
445.183
445.133
445.08
445.025
444.966
444.905
444.841
444.774
444.704
444.632
444.557
444.48
444.401
444.319
444.235
444.149
444.061
443.972
443.881
443.788
443.693
443.598
443.501
443.403
443.305
443.205
443.105
443.005
442.905
442.804
442.704
442.604
442.504
442.405
442.308
442.211
442.116
442.023
441.934
441.85
441.775
441.719
441.696
441.73
441.857
442.147
442.697
443.653
445.213
447.634
451.22
456.304
463.194
472.114
483.118
496.004
510.243
524.95
538.834
550.393
557.967
560.079
556.259
546.503
532.076
515.086
497.773
481.968
468.799
458.696
451.59
447.158
445.047
444.988
446.933
451.018
457.525
466.772
478.97
494.062
511.594
530.672
550.06
568.317
583.893
595.169
600.677
599.519
592.129
579.177
562.241
543.028
523.186
504.216
487.324
473.267
462.323
454.389
449.157
446.294
445.588
446.909
450.459
456.556
465.513
477.484
492.226
508.88
525.901
541.223
552.695
558.663
558.484
552.489
541.933
528.492
513.811
499.349
486.145
474.841
465.703
458.694
453.579
450.023
447.668
446.187
445.309
444.828
444.597
444.516
444.518
444.572
444.652
444.745
444.844
444.945
445.047
445.149
445.25
445.35
445.449
445.547
445.644
445.739
445.834
445.926
446.018
446.107
446.195
446.282
446.366
446.449
446.529
446.608
446.684
446.759
446.831
446.901
446.969
447.035
447.099
447.16
447.219
447.275
447.33
447.382
447.431
447.478
447.523
447.565
447.605
447.642
447.677
447.709
447.739
447.766
447.791
447.814
447.834
447.851
447.866
447.879
447.889
447.896
447.901
447.904
442.064
442.061
442.056
442.047
442.036
442.022
442.006
441.986
441.964
441.939
441.912
441.882
441.849
441.814
441.776
441.736
441.693
441.648
441.6
441.551
441.499
441.445
441.388
441.33
441.27
441.208
441.144
441.078
441.011
440.942
440.871
440.799
440.726
440.652
440.577
440.501
440.423
440.346
440.267
440.188
440.109
440.029
439.95
439.87
439.791
439.712
439.634
439.556
439.479
439.403
439.328
439.256
439.186
439.122
439.068
439.033
439.032
439.087
439.242
439.566
440.16
441.176
442.818
445.35
449.085
454.361
461.493
470.709
482.062
495.341
510.001
525.1
539.33
551.094
558.688
560.607
556.438
546.204
531.286
513.884
496.296
480.35
467.133
457.032
449.94
445.514
443.387
443.284
445.15
449.119
455.477
464.553
476.583
491.545
509.019
528.122
547.58
565.894
581.476
592.73
598.233
597.114
589.805
576.919
559.983
540.701
520.776
501.773
484.924
470.97
460.154
452.341
447.206
444.406
443.729
445.047
448.571
454.628
463.554
475.542
490.395
507.301
524.731
540.581
552.606
559.039
559.138
553.195
542.459
528.64
513.477
498.494
484.79
473.045
463.538
456.234
450.892
447.166
444.686
443.115
442.172
441.643
441.375
441.265
441.243
441.274
441.333
441.406
441.485
441.567
441.649
441.732
441.814
441.896
441.977
442.057
442.137
442.215
442.292
442.368
442.443
442.517
442.589
442.66
442.729
442.797
442.864
442.928
442.992
443.053
443.113
443.171
443.227
443.282
443.334
443.385
443.434
443.481
443.526
443.569
443.61
443.65
443.687
443.722
443.755
443.786
443.815
443.842
443.867
443.89
443.911
443.93
443.946
443.961
443.973
443.984
443.992
443.998
444.003
444.005
439.323
439.321
439.316
439.31
439.301
439.29
439.278
439.262
439.245
439.226
439.205
439.181
439.156
439.129
439.1
439.068
439.035
439
438.964
438.925
438.885
438.844
438.8
438.755
438.709
438.661
438.612
438.562
438.51
438.458
438.404
438.349
438.293
438.237
438.18
438.122
438.063
438.004
437.945
437.885
437.825
437.765
437.705
437.645
437.586
437.526
437.467
437.409
437.351
437.294
437.239
437.185
437.134
437.089
437.054
437.038
437.057
437.134
437.315
437.671
438.308
439.381
441.1
443.736
447.607
453.054
460.398
469.861
481.495
495.088
510.075
525.467
539.945
551.848
559.42
561.133
556.639
545.989
530.671
512.962
495.192
479.169
465.941
455.858
448.786
444.365
442.221
442.074
443.862
447.715
453.92
462.809
474.633
489.402
506.733
525.768
545.222
563.545
579.112
590.334
595.833
594.761
587.548
574.749
557.85
538.562
518.641
499.698
482.969
469.169
458.506
450.823
445.784
443.045
442.393
443.706
447.199
453.205
462.079
474.041
488.935
505.998
523.731
540.014
552.529
559.402
559.788
553.939
543.089
528.993
513.476
498.047
483.935
471.825
462.007
454.45
448.906
445.026
442.431
440.774
439.769
439.194
438.89
438.751
438.706
438.713
438.751
438.803
438.863
438.926
438.989
439.053
439.117
439.181
439.244
439.306
439.368
439.429
439.489
439.548
439.607
439.664
439.721
439.776
439.831
439.884
439.936
439.987
440.037
440.085
440.132
440.178
440.222
440.265
440.307
440.347
440.386
440.423
440.459
440.493
440.525
440.556
440.586
440.614
440.64
440.665
440.688
440.709
440.729
440.747
440.764
440.779
440.792
440.804
440.814
440.822
440.829
440.834
440.837
440.839
437.259
437.257
437.254
437.249
437.243
437.235
437.225
437.214
437.201
437.187
437.171
437.154
437.135
437.115
437.093
437.07
437.046
437.02
436.993
436.965
436.936
436.905
436.873
436.84
436.806
436.772
436.736
436.699
436.661
436.623
436.584
436.544
436.503
436.462
436.421
436.379
436.336
436.294
436.251
436.208
436.165
436.122
436.079
436.036
435.993
435.95
435.908
435.867
435.826
435.785
435.746
435.708
435.674
435.645
435.626
435.627
435.662
435.759
435.965
436.351
437.028
438.156
439.949
442.685
446.685
452.293
459.829
469.506
481.372
495.206
510.419
526.04
540.686
552.662
560.174
561.672
556.879
545.87
530.236
512.307
494.421
478.362
465.142
455.078
448.021
443.602
441.438
441.25
442.964
446.71
452.768
461.47
473.077
487.619
504.749
523.644
543.025
561.314
576.845
588.031
593.526
592.509
585.405
572.714
555.888
536.653
516.809
497.995
481.434
467.81
457.303
449.744
444.792
442.104
441.472
442.778
446.24
452.193
461.005
472.916
487.807
504.956
522.904
539.534
552.476
559.764
560.446
554.733
543.839
529.55
513.736
498.02
483.567
471.152
461.067
453.282
447.554
443.529
440.824
439.087
438.022
437.402
437.065
436.898
436.831
436.818
436.836
436.87
436.912
436.957
437.004
437.051
437.098
437.145
437.191
437.238
437.283
437.329
437.373
437.417
437.461
437.504
437.546
437.587
437.628
437.668
437.707
437.745
437.782
437.818
437.854
437.888
437.921
437.954
437.985
438.015
438.044
438.072
438.099
438.125
438.15
438.173
438.195
438.216
438.236
438.255
438.272
438.289
438.304
438.318
438.33
438.342
438.352
438.36
438.368
438.374
438.379
438.383
438.386
438.387
435.774
435.773
435.771
435.767
435.763
435.757
435.75
435.743
435.734
435.724
435.712
435.7
435.687
435.673
435.658
435.642
435.624
435.606
435.587
435.568
435.547
435.526
435.503
435.48
435.457
435.432
435.407
435.382
435.355
435.329
435.302
435.274
435.246
435.217
435.189
435.16
435.131
435.101
435.072
435.042
435.013
434.983
434.954
434.924
434.895
434.866
434.838
434.809
434.782
434.754
434.728
434.704
434.682
434.665
434.66
434.674
434.724
434.839
435.066
435.48
436.196
437.377
439.244
442.078
446.207
451.973
459.676
469.545
481.613
495.638
511.034
526.807
541.552
553.542
560.959
562.237
557.173
545.879
529.98
511.89
493.933
477.859
464.648
454.599
447.549
443.124
440.937
440.71
442.358
446.007
451.931
460.459
471.853
486.159
503.059
521.765
541.022
559.238
574.719
585.867
591.364
590.409
583.423
570.856
554.134
535.001
515.291
496.647
480.273
466.822
456.459
449.007
444.127
441.481
440.862
442.159
445.591
451.495
460.244
472.095
486.955
504.143
522.24
539.146
552.466
560.137
561.124
555.586
544.713
530.311
514.292
498.323
483.632
470.959
460.64
452.643
446.736
442.569
439.757
437.941
436.818
436.157
435.788
435.597
435.509
435.48
435.481
435.499
435.526
435.557
435.589
435.622
435.655
435.688
435.721
435.753
435.786
435.818
435.849
435.881
435.911
435.942
435.972
436.001
436.03
436.058
436.086
436.113
436.14
436.166
436.191
436.216
436.24
436.263
436.285
436.307
436.328
436.348
436.367
436.386
436.404
436.421
436.437
436.452
436.466
436.48
436.492
436.504
436.515
436.525
436.534
436.542
436.549
436.556
436.561
436.566
436.57
436.572
436.574
436.575
434.754
434.753
434.752
434.749
434.746
434.743
434.738
434.733
434.727
434.72
434.713
434.704
434.695
434.686
434.676
434.665
434.653
434.641
434.629
434.615
434.602
434.587
434.573
434.557
434.541
434.525
434.509
434.492
434.474
434.457
434.439
434.42
434.402
434.383
434.364
434.345
434.326
434.307
434.288
434.268
434.249
434.23
434.211
434.192
434.173
434.154
434.135
434.117
434.099
434.082
434.066
434.051
434.038
434.032
434.037
434.061
434.124
434.253
434.499
434.94
435.693
436.927
438.868
441.803
446.051
451.959
459.846
469.908
482.161
496.352
511.884
527.75
542.534
554.491
561.783
562.837
557.526
545.972
529.891
511.681
493.675
477.591
464.384
454.338
447.284
442.846
440.635
440.369
441.959
445.523
451.329
459.701
470.899
484.977
501.64
520.133
539.231
557.349
572.769
583.884
589.391
588.504
581.643
569.21
552.617
533.622
514.077
495.62
479.428
466.134
455.892
448.526
443.701
441.084
440.472
441.761
445.164
451.023
459.713
471.504
486.322
503.52
521.718
538.845
552.487
560.526
561.829
556.503
545.71
531.268
515.12
498.963
484.055
471.159
460.613
452.419
446.343
442.033
439.112
437.217
436.038
435.336
434.939
434.726
434.621
434.577
434.566
434.572
434.586
434.606
434.627
434.648
434.67
434.692
434.714
434.736
434.758
434.78
434.801
434.822
434.843
434.863
434.884
434.903
434.923
434.942
434.961
434.98
434.998
435.015
435.033
435.049
435.066
435.082
435.097
435.112
435.126
435.14
435.153
435.166
435.178
435.19
435.201
435.211
435.221
435.23
435.239
435.247
435.255
435.262
435.268
435.273
435.279
435.283
435.287
435.29
435.292
435.294
435.296
435.296
434.084
434.083
434.082
434.081
434.079
434.076
434.073
434.07
434.066
434.062
434.057
434.052
434.046
434.04
434.033
434.027
434.019
434.012
434.003
433.995
433.986
433.977
433.968
433.958
433.948
433.938
433.927
433.917
433.906
433.895
433.883
433.872
433.86
433.848
433.837
433.825
433.813
433.801
433.789
433.777
433.765
433.753
433.741
433.729
433.718
433.706
433.695
433.684
433.673
433.663
433.653
433.645
433.64
433.641
433.652
433.685
433.757
433.9
434.163
434.629
435.42
436.707
438.724
441.748
446.124
452.196
460.264
470.516
482.948
497.289
512.926
528.845
543.622
555.505
562.651
563.482
557.943
546.169
529.941
511.651
493.6
477.498
464.285
454.23
447.162
442.703
440.464
440.163
441.699
445.188
450.892
459.128
470.153
484.024
500.46
518.738
537.662
555.666
571.023
582.114
587.643
586.831
580.096
567.804
551.354
532.517
513.149
494.873
478.843
465.678
455.53
448.227
443.441
440.844
440.233
441.51
444.888
450.706
459.344
471.077
485.851
503.045
521.316
538.622
552.55
560.94
562.567
557.487
546.826
532.405
516.186
499.89
484.792
471.68
460.912
452.507
446.255
441.811
438.779
436.803
435.567
434.827
434.403
434.171
434.051
433.996
433.975
433.971
433.977
433.988
434
434.014
434.028
434.042
434.056
434.07
434.084
434.098
434.111
434.125
434.138
434.151
434.164
434.177
434.19
434.202
434.215
434.227
434.238
434.25
434.261
434.272
434.283
434.293
434.303
434.313
434.322
434.331
434.34
434.348
434.356
434.363
434.371
434.378
434.384
434.39
434.396
434.401
434.406
434.411
434.415
434.418
434.422
434.425
434.427
434.429
434.431
434.432
434.433
434.433
433.662
433.661
433.661
433.66
433.659
433.657
433.655
433.653
433.651
433.648
433.646
433.642
433.639
433.635
433.631
433.627
433.623
433.618
433.613
433.608
433.603
433.597
433.592
433.586
433.58
433.574
433.567
433.561
433.554
433.548
433.541
433.534
433.527
433.52
433.513
433.506
433.499
433.492
433.485
433.478
433.471
433.464
433.457
433.451
433.444
433.437
433.431
433.424
433.418
433.413
433.408
433.404
433.404
433.409
433.426
433.466
433.546
433.699
433.979
434.47
435.297
436.636
438.72
441.853
446.366
452.603
460.856
471.299
483.91
498.394
514.12
530.065
544.803
556.584
563.567
564.176
558.428
546.462
530.097
511.734
493.651
477.528
464.293
454.218
447.13
442.648
440.378
440.042
441.53
444.954
450.569
458.688
469.563
483.252
499.484
517.558
536.311
554.198
569.497
580.576
586.141
585.41
578.803
566.652
550.351
531.677
512.481
494.363
478.464
465.397
455.316
448.056
443.294
440.705
440.09
441.355
444.708
450.489
459.079
470.762
485.494
502.679
521.007
538.468
552.658
561.382
563.343
558.536
548.051
533.699
517.453
501.046
485.774
472.449
461.454
452.834
446.393
441.796
438.661
436.605
435.312
434.534
434.084
433.835
433.703
433.638
433.61
433.6
433.599
433.604
433.611
433.619
433.627
433.635
433.644
433.652
433.661
433.669
433.677
433.686
433.694
433.702
433.71
433.718
433.725
433.733
433.741
433.748
433.755
433.762
433.769
433.776
433.782
433.789
433.795
433.801
433.807
433.812
433.818
433.823
433.828
433.833
433.837
433.842
433.846
433.849
433.853
433.856
433.859
433.862
433.865
433.867
433.869
433.871
433.873
433.874
433.875
433.876
433.876
433.876
433.407
433.407
433.407
433.406
433.406
433.405
433.404
433.403
433.401
433.4
433.398
433.396
433.394
433.392
433.39
433.387
433.385
433.382
433.379
433.377
433.374
433.37
433.367
433.364
433.361
433.357
433.354
433.35
433.346
433.343
433.339
433.335
433.331
433.327
433.324
433.32
433.316
433.312
433.308
433.304
433.3
433.297
433.293
433.289
433.286
433.282
433.279
433.276
433.272
433.27
433.268
433.267
433.27
433.279
433.3
433.344
433.431
433.595
433.891
434.407
435.268
436.659
438.825
442.065
446.717
453.122
461.565
472.205
484.996
499.622
515.428
531.384
546.063
557.722
564.531
564.925
558.981
546.842
530.357
511.923
493.799
477.644
464.38
454.274
447.154
442.642
440.345
439.975
441.418
444.783
450.322
458.34
469.087
482.62
498.676
516.57
535.165
552.944
568.195
579.28
584.895
584.25
577.771
565.76
549.607
531.088
512.04
494.05
478.247
465.247
455.208
447.971
443.22
440.632
440.008
441.258
444.586
450.332
458.88
470.517
485.213
502.39
520.769
538.37
552.806
561.856
564.157
559.647
549.373
535.127
518.882
502.383
486.941
473.398
462.17
453.327
446.692
441.939
438.683
436.547
435.2
434.383
433.908
433.643
433.501
433.429
433.394
433.38
433.375
433.376
433.379
433.383
433.387
433.392
433.397
433.401
433.406
433.411
433.416
433.42
433.425
433.43
433.434
433.439
433.443
433.448
433.452
433.457
433.461
433.465
433.469
433.473
433.477
433.48
433.484
433.488
433.491
433.494
433.498
433.501
433.503
433.506
433.509
433.511
433.514
433.516
433.518
433.52
433.522
433.524
433.525
433.527
433.528
433.529
433.53
433.531
433.531
433.532
433.532
433.532
433.26
433.26
433.26
433.26
433.259
433.259
433.258
433.258
433.257
433.256
433.255
433.254
433.253
433.252
433.251
433.25
433.248
433.247
433.245
433.244
433.242
433.241
433.239
433.237
433.236
433.234
433.232
433.23
433.228
433.226
433.224
433.222
433.22
433.219
433.217
433.215
433.213
433.211
433.209
433.207
433.205
433.204
433.202
433.2
433.198
433.197
433.195
433.194
433.192
433.192
433.191
433.193
433.197
433.209
433.232
433.281
433.374
433.548
433.86
434.397
435.297
436.746
438.994
442.344
447.138
453.715
462.352
473.192
486.168
500.936
516.821
532.78
547.388
558.913
565.543
565.73
559.6
547.302
530.707
512.2
494.023
477.824
464.518
454.373
447.217
442.672
440.341
439.939
441.34
444.653
450.124
458.055
468.692
482.095
498.003
515.745
534.206
551.895
567.113
578.22
583.902
583.349
576.999
565.124
549.112
530.728
511.797
493.897
478.156
465.192
455.172
447.944
443.193
440.599
439.961
441.194
444.497
450.209
458.716
470.312
484.976
502.151
520.58
538.317
552.99
562.36
565.01
560.816
550.779
536.665
520.441
503.856
488.245
474.479
463.008
453.934
447.098
442.183
438.804
436.579
435.175
434.322
433.822
433.542
433.39
433.311
433.273
433.255
433.247
433.245
433.246
433.247
433.25
433.252
433.254
433.257
433.259
433.262
433.265
433.267
433.27
433.272
433.275
433.277
433.279
433.282
433.284
433.286
433.289
433.291
433.293
433.295
433.297
433.3
433.302
433.303
433.305
433.307
433.309
433.311
433.312
433.314
433.315
433.317
433.318
433.319
433.32
433.322
433.323
433.323
433.324
433.325
433.326
433.326
433.327
433.327
433.328
433.328
433.328
433.328
433.178
433.178
433.178
433.178
433.178
433.178
433.177
433.177
433.177
433.176
433.176
433.175
433.175
433.174
433.174
433.173
433.173
433.172
433.171
433.171
433.17
433.169
433.168
433.168
433.167
433.166
433.165
433.165
433.164
433.163
433.162
433.161
433.16
433.16
433.159
433.158
433.157
433.156
433.156
433.155
433.154
433.154
433.153
433.152
433.152
433.151
433.151
433.15
433.15
433.15
433.151
433.154
433.16
433.173
433.199
433.251
433.35
433.534
433.86
434.424
435.363
436.872
439.203
442.666
447.605
454.357
463.191
474.234
487.397
502.309
518.274
534.234
548.767
560.152
566.601
566.595
560.283
547.834
531.131
512.545
494.304
478.048
464.691
454.5
447.304
442.722
440.357
439.923
441.283
444.547
449.957
457.812
468.357
481.651
497.438
515.058
533.413
551.034
566.239
577.387
583.151
582.699
576.48
564.737
548.851
530.575
511.724
493.875
478.163
465.212
455.193
447.957
443.196
440.59
439.935
441.149
444.425
450.101
458.568
470.125
484.762
501.94
520.426
538.301
553.206
562.895
565.9
562.036
552.256
538.292
522.1
505.433
489.648
475.651
463.93
454.616
447.572
442.49
438.986
436.671
435.205
434.313
433.791
433.495
433.334
433.25
433.207
433.187
433.178
433.174
433.173
433.173
433.174
433.175
433.176
433.177
433.178
433.179
433.181
433.182
433.183
433.184
433.185
433.187
433.188
433.189
433.19
433.191
433.192
433.193
433.195
433.196
433.197
433.198
433.199
433.2
433.201
433.201
433.202
433.203
433.204
433.205
433.206
433.206
433.207
433.208
433.208
433.209
433.209
433.21
433.21
433.211
433.211
433.211
433.211
433.212
433.212
433.212
433.212
433.212
433.134
433.134
433.134
433.134
433.134
433.134
433.134
433.134
433.134
433.134
433.134
433.133
433.133
433.133
433.133
433.133
433.133
433.132
433.132
433.132
433.132
433.131
433.131
433.131
433.131
433.13
433.13
433.13
433.13
433.13
433.129
433.129
433.129
433.129
433.129
433.129
433.128
433.128
433.128
433.128
433.128
433.128
433.128
433.128
433.128
433.128
433.128
433.129
433.129
433.13
433.131
433.135
433.142
433.156
433.184
433.24
433.345
433.537
433.881
434.471
435.452
437.021
439.438
443.017
448.104
455.033
464.066
475.314
488.664
503.722
519.768
535.731
550.188
561.434
567.702
567.518
561.026
548.433
531.62
512.947
494.631
478.308
464.891
454.647
447.406
442.785
440.385
439.918
441.24
444.457
449.811
457.598
468.063
481.267
496.958
514.484
532.762
550.342
565.556
576.764
582.627
582.285
576.208
564.598
548.804
530.583
511.772
493.953
478.25
465.291
455.255
448.001
443.222
440.597
439.921
441.112
444.359
449.999
458.425
469.944
484.557
501.742
520.291
538.306
553.447
563.457
566.824
563.303
553.793
539.991
523.835
507.086
491.123
476.889
464.91
455.35
448.093
442.839
439.205
436.798
435.269
434.336
433.788
433.479
433.309
433.22
433.174
433.152
433.141
433.137
433.135
433.134
433.134
433.134
433.134
433.135
433.135
433.135
433.136
433.136
433.137
433.137
433.138
433.138
433.138
433.139
433.139
433.14
433.14
433.141
433.141
433.142
433.142
433.142
433.143
433.143
433.144
433.144
433.144
433.145
433.145
433.146
433.146
433.146
433.146
433.147
433.147
433.147
433.147
433.148
433.148
433.148
433.148
433.148
433.148
433.149
433.149
433.149
433.149
433.149
433.112
433.112
433.112
433.112
433.112
433.112
433.112
433.112
433.112
433.112
433.112
433.112
433.112
433.112
433.112
433.112
433.112
433.112
433.112
433.112
433.112
433.112
433.112
433.112
433.112
433.112
433.112
433.113
433.113
433.113
433.113
433.113
433.113
433.113
433.114
433.114
433.114
433.114
433.115
433.115
433.115
433.115
433.116
433.116
433.117
433.117
433.117
433.118
433.119
433.12
433.122
433.126
433.133
433.149
433.179
433.238
433.349
433.552
433.913
434.531
435.554
437.186
439.692
443.389
448.627
455.736
464.968
476.42
489.958
505.163
521.29
537.258
551.642
562.753
568.845
568.492
561.828
549.094
532.166
513.397
494.996
478.597
465.112
454.811
447.52
442.857
440.421
439.92
441.204
444.377
449.679
457.405
467.801
480.93
496.545
514.002
532.231
549.796
565.043
576.332
582.311
582.099
576.167
564.624
548.88
530.714
511.944
494.131
478.41
465.42
455.352
448.069
443.264
440.615
439.913
441.08
444.295
449.896
458.28
469.76
484.351
501.548
520.164
538.326
553.708
564.044
567.778
564.609
555.379
541.745
525.629
508.796
492.65
478.174
465.932
456.121
448.645
443.215
439.448
436.946
435.353
434.378
433.805
433.479
433.302
433.207
433.159
433.135
433.123
433.118
433.115
433.114
433.113
433.113
433.113
433.113
433.113
433.113
433.113
433.113
433.113
433.113
433.113
433.113
433.113
433.113
433.113
433.113
433.113
433.113
433.113
433.113
433.114
433.114
433.114
433.114
433.114
433.114
433.114
433.114
433.114
433.114
433.115
433.115
433.115
433.115
433.115
433.115
433.115
433.115
433.115
433.115
433.115
433.115
433.115
433.115
433.115
433.115
433.115
433.115
433.101
433.101
433.101
433.101
433.101
433.101
433.101
433.101
433.101
433.101
433.101
433.101
433.101
433.101
433.101
433.102
433.102
433.102
433.102
433.102
433.102
433.102
433.103
433.103
433.103
433.103
433.104
433.104
433.104
433.104
433.105
433.105
433.105
433.106
433.106
433.107
433.107
433.107
433.108
433.108
433.109
433.109
433.11
433.11
433.111
433.112
433.112
433.113
433.114
433.115
433.118
433.122
433.13
433.147
433.179
433.241
433.359
433.573
433.952
434.6
435.668
437.365
439.962
443.781
449.171
456.461
465.894
477.549
491.272
506.621
522.832
538.806
553.123
564.104
570.029
569.513
562.686
549.813
532.767
513.893
495.397
478.913
465.354
454.989
447.645
442.937
440.463
439.927
441.173
444.303
449.556
457.227
467.562
480.628
496.186
513.596
531.801
549.375
564.676
576.064
582.186
582.095
576.239
564.779
549.113
530.997
512.235
494.396
478.63
465.591
455.478
448.156
443.318
440.64
439.91
441.048
444.229
449.789
458.129
469.568
484.138
501.35
520.04
538.356
553.985
564.651
568.759
565.948
557.004
543.544
527.468
510.548
494.217
479.495
466.986
456.919
449.22
443.611
439.707
437.108
435.449
434.431
433.831
433.49
433.303
433.203
433.152
433.127
433.114
433.108
433.105
433.104
433.103
433.103
433.102
433.102
433.102
433.102
433.101
433.101
433.101
433.101
433.101
433.1
433.1
433.1
433.1
433.1
433.1
433.1
433.099
433.099
433.099
433.099
433.099
433.099
433.099
433.099
433.099
433.099
433.099
433.099
433.099
433.099
433.099
433.099
433.098
433.098
433.098
433.098
433.098
433.098
433.098
433.098
433.098
433.098
433.098
433.098
433.098
433.098
433.095
433.095
433.095
433.095
433.095
433.095
433.095
433.095
433.095
433.095
433.096
433.096
433.096
433.096
433.096
433.096
433.097
433.097
433.097
433.097
433.098
433.098
433.098
433.098
433.099
433.099
433.099
433.1
433.1
433.101
433.101
433.101
433.102
433.102
433.103
433.103
433.104
433.104
433.105
433.105
433.106
433.106
433.107
433.108
433.108
433.109
433.11
433.111
433.112
433.113
433.116
433.12
433.129
433.147
433.181
433.248
433.372
433.598
433.997
434.675
435.79
437.556
440.247
444.191
449.737
457.209
466.841
478.697
492.604
508.094
524.386
540.37
554.625
565.484
571.25
570.581
563.598
550.588
533.419
514.433
495.834
479.257
465.617
455.182
447.78
443.024
440.509
439.938
441.146
444.234
449.44
457.059
467.34
480.354
495.869
513.253
531.454
549.059
564.433
575.937
582.195
582.185
576.455
565.101
549.505
531.413
512.628
494.737
478.905
465.801
455.63
448.26
443.383
440.672
439.91
441.017
444.16
449.677
457.969
469.367
483.914
501.145
519.914
538.39
554.273
565.276
569.763
567.314
558.662
545.377
529.341
512.335
495.816
480.845
468.066
457.741
449.815
444.022
439.979
437.28
435.553
434.491
433.863
433.506
433.309
433.205
433.151
433.124
433.11
433.104
433.101
433.099
433.098
433.098
433.097
433.097
433.096
433.096
433.096
433.095
433.095
433.095
433.094
433.094
433.094
433.094
433.093
433.093
433.093
433.093
433.093
433.092
433.092
433.092
433.092
433.092
433.091
433.091
433.091
433.091
433.091
433.091
433.091
433.091
433.091
433.09
433.09
433.09
433.09
433.09
433.09
433.09
433.09
433.09
433.09
433.09
433.09
433.09
433.09
433.09
433.092
433.092
433.092
433.092
433.092
433.092
433.092
433.093
433.093
433.093
433.093
433.093
433.093
433.093
433.094
433.094
433.094
433.094
433.095
433.095
433.095
433.096
433.096
433.096
433.097
433.097
433.097
433.098
433.098
433.099
433.099
433.099
433.1
433.1
433.101
433.102
433.102
433.103
433.103
433.104
433.105
433.105
433.106
433.107
433.107
433.108
433.109
433.11
433.111
433.112
433.115
433.12
433.13
433.148
433.185
433.256
433.387
433.626
434.046
434.757
435.922
437.759
440.549
444.622
450.326
457.982
467.812
479.867
493.951
509.579
525.951
541.945
556.142
566.888
572.504
571.691
564.561
551.416
534.122
515.018
496.308
479.631
465.902
455.392
447.928
443.12
440.561
439.952
441.121
444.167
449.328
456.898
467.13
480.102
495.586
512.959
531.176
548.83
564.292
575.929
582.293
582.416
576.829
565.58
550.038
531.943
513.112
495.146
479.231
466.047
455.807
448.38
443.458
440.709
439.911
440.985
444.088
449.559
457.802
469.155
483.68
500.929
519.782
538.425
554.569
565.913
570.785
568.702
560.345
547.236
531.242
514.148
497.442
482.221
469.17
458.582
450.427
444.447
440.262
437.46
435.662
434.555
433.899
433.524
433.318
433.208
433.151
433.123
433.109
433.102
433.099
433.097
433.096
433.095
433.095
433.094
433.094
433.093
433.093
433.093
433.092
433.092
433.091
433.091
433.091
433.091
433.09
433.09
433.09
433.089
433.089
433.089
433.089
433.088
433.088
433.088
433.088
433.088
433.087
433.087
433.087
433.087
433.087
433.087
433.087
433.087
433.086
433.086
433.086
433.086
433.086
433.086
433.086
433.086
433.086
433.086
433.086
433.086
433.086
433.086
433.091
433.091
433.091
433.091
433.091
433.091
433.091
433.091
433.091
433.091
433.092
433.092
433.092
433.092
433.092
433.093
433.093
433.093
433.093
433.094
433.094
433.094
433.095
433.095
433.095
433.096
433.096
433.097
433.097
433.098
433.098
433.099
433.099
433.1
433.1
433.101
433.101
433.102
433.103
433.103
433.104
433.105
433.105
433.106
433.107
433.107
433.108
433.109
433.11
433.112
433.115
433.12
433.131
433.151
433.19
433.265
433.405
433.658
434.1
434.846
436.064
437.977
440.87
445.075
450.941
458.782
468.81
481.059
495.316
511.076
527.523
543.528
557.672
568.313
573.79
572.843
565.575
552.299
534.878
515.65
496.822
480.036
466.212
455.621
448.088
443.224
440.618
439.969
441.099
444.102
449.219
456.743
466.93
479.866
495.33
512.706
530.956
548.677
564.247
575.994
582.516
582.793
577.347
566.198
550.693
532.576
513.677
495.619
479.605
466.328
456.008
448.516
443.542
440.752
439.915
440.952
444.014
449.436
457.626
468.933
483.432
500.701
519.64
538.457
554.867
566.56
571.822
570.107
562.047
549.118
533.165
515.984
499.09
483.62
470.295
459.444
451.056
444.885
440.554
437.647
435.777
434.623
433.937
433.545
433.329
433.213
433.153
433.123
433.108
433.101
433.098
433.096
433.095
433.094
433.093
433.093
433.092
433.092
433.092
433.091
433.091
433.09
433.09
433.09
433.089
433.089
433.089
433.088
433.088
433.088
433.087
433.087
433.087
433.087
433.086
433.086
433.086
433.086
433.086
433.085
433.085
433.085
433.085
433.085
433.085
433.085
433.084
433.084
433.084
433.084
433.084
433.084
433.084
433.084
433.084
433.084
433.084
433.084
433.084
433.084
433.09
433.09
433.09
433.09
433.09
433.09
433.09
433.09
433.09
433.091
433.091
433.091
433.091
433.091
433.092
433.092
433.092
433.092
433.093
433.093
433.093
433.094
433.094
433.094
433.095
433.095
433.096
433.096
433.096
433.097
433.097
433.098
433.099
433.099
433.1
433.1
433.101
433.101
433.102
433.103
433.103
433.104
433.105
433.106
433.106
433.107
433.108
433.109
433.11
433.112
433.115
433.121
433.132
433.153
433.195
433.276
433.424
433.692
434.158
434.943
436.217
438.21
441.211
445.554
451.585
459.613
469.838
482.277
496.7
512.586
529.103
545.117
559.211
569.755
575.105
574.034
566.637
553.236
535.687
516.332
497.379
480.478
466.551
455.871
448.263
443.338
440.681
439.989
441.079
444.038
449.11
456.59
466.736
479.641
495.094
512.486
530.785
548.589
564.271
576.165
582.861
583.302
577.995
566.938
551.457
533.302
514.32
496.153
480.025
466.642
456.232
448.668
443.637
440.8
439.921
440.919
443.936
449.307
457.443
468.7
483.173
500.46
519.489
538.483
555.166
567.212
572.87
571.524
563.764
551.016
535.107
517.841
500.761
485.041
471.443
460.325
451.701
445.337
440.856
437.841
435.897
434.694
433.978
433.567
433.34
433.219
433.156
433.124
433.108
433.101
433.097
433.095
433.094
433.093
433.093
433.092
433.092
433.091
433.091
433.09
433.09
433.089
433.089
433.089
433.088
433.088
433.088
433.087
433.087
433.087
433.087
433.086
433.086
433.086
433.085
433.085
433.085
433.085
433.085
433.084
433.084
433.084
433.084
433.084
433.084
433.084
433.083
433.083
433.083
433.083
433.083
433.083
433.083
433.083
433.083
433.083
433.083
433.083
433.083
433.083
433.089
433.089
433.089
433.089
433.089
433.09
433.09
433.09
433.09
433.09
433.09
433.09
433.091
433.091
433.091
433.091
433.092
433.092
433.092
433.092
433.093
433.093
433.093
433.094
433.094
433.095
433.095
433.096
433.096
433.097
433.097
433.098
433.098
433.099
433.099
433.1
433.1
433.101
433.102
433.102
433.103
433.104
433.105
433.105
433.106
433.107
433.108
433.109
433.11
433.112
433.115
433.122
433.133
433.156
433.201
433.287
433.446
433.73
434.223
435.049
436.383
438.462
441.576
446.062
452.263
460.48
470.9
483.525
498.108
514.11
530.691
546.712
560.758
571.213
576.445
575.262
567.749
554.227
536.553
517.066
497.984
480.959
466.921
456.144
448.455
443.462
440.75
440.012
441.059
443.974
449.002
456.437
466.545
479.424
494.873
512.292
530.653
548.559
564.368
576.436
583.315
583.926
578.755
567.785
552.319
534.114
515.034
496.744
480.489
466.988
456.479
448.834
443.74
440.853
439.93
440.886
443.857
449.174
457.252
468.458
482.902
500.207
519.325
538.501
555.461
567.867
573.924
572.95
565.493
552.928
537.065
519.717
502.453
486.485
472.611
461.225
452.362
445.801
441.168
438.042
436.021
434.768
434.02
433.59
433.352
433.225
433.159
433.125
433.109
433.101
433.097
433.095
433.093
433.093
433.092
433.092
433.091
433.091
433.09
433.09
433.089
433.089
433.089
433.088
433.088
433.087
433.087
433.087
433.086
433.086
433.086
433.086
433.085
433.085
433.085
433.085
433.084
433.084
433.084
433.084
433.084
433.083
433.083
433.083
433.083
433.083
433.083
433.083
433.082
433.082
433.082
433.082
433.082
433.082
433.082
433.082
433.082
433.082
433.082
433.082
433.089
433.089
433.089
433.089
433.089
433.089
433.089
433.089
433.089
433.09
433.09
433.09
433.09
433.09
433.091
433.091
433.091
433.091
433.092
433.092
433.092
433.093
433.093
433.093
433.094
433.094
433.095
433.095
433.096
433.096
433.097
433.097
433.098
433.098
433.099
433.1
433.1
433.101
433.101
433.102
433.103
433.104
433.104
433.105
433.106
433.107
433.108
433.109
433.11
433.112
433.116
433.122
433.135
433.16
433.208
433.3
433.469
433.771
434.293
435.163
436.563
438.733
441.968
446.604
452.98
461.388
472.002
484.808
499.541
515.651
532.287
548.31
562.311
572.683
577.81
576.526
568.908
555.275
537.477
517.858
498.64
481.484
467.325
456.443
448.664
443.597
440.825
440.037
441.04
443.909
448.891
456.283
466.354
479.211
494.661
512.115
530.551
548.57
564.537
576.789
583.86
584.649
579.614
568.73
553.272
535.007
515.816
497.391
480.995
467.366
456.747
449.015
443.853
440.911
439.941
440.853
443.776
449.038
457.056
468.207
482.619
499.94
519.148
538.507
555.75
568.52
574.982
574.38
567.23
554.851
539.038
521.611
504.166
487.951
473.802
462.146
453.041
446.279
441.49
438.25
436.151
434.845
434.064
433.615
433.365
433.231
433.162
433.126
433.109
433.101
433.096
433.094
433.093
433.092
433.092
433.091
433.091
433.09
433.09
433.089
433.089
433.088
433.088
433.088
433.087
433.087
433.087
433.086
433.086
433.086
433.085
433.085
433.085
433.085
433.084
433.084
433.084
433.084
433.083
433.083
433.083
433.083
433.083
433.083
433.082
433.082
433.082
433.082
433.082
433.082
433.082
433.082
433.082
433.082
433.082
433.082
433.081
433.081
433.081
433.081
433.088
433.088
433.088
433.088
433.088
433.089
433.089
433.089
433.089
433.089
433.089
433.089
433.09
433.09
433.09
433.09
433.091
433.091
433.091
433.092
433.092
433.092
433.093
433.093
433.093
433.094
433.094
433.095
433.095
433.096
433.096
433.097
433.097
433.098
433.099
433.099
433.1
433.101
433.101
433.102
433.103
433.103
433.104
433.105
433.106
433.107
433.108
433.109
433.11
433.112
433.116
433.123
433.136
433.163
433.215
433.313
433.494
433.815
434.368
435.286
436.757
439.024
442.387
447.18
453.738
462.341
473.148
486.129
501.005
517.211
533.894
549.914
563.869
574.165
579.197
577.824
570.117
556.381
538.464
518.711
499.352
482.057
467.768
456.769
448.892
443.744
440.906
440.064
441.021
443.842
448.777
456.126
466.161
478.997
494.455
511.951
530.472
548.619
564.757
577.206
584.479
585.454
580.559
569.76
554.307
535.973
516.662
498.09
481.542
467.775
457.038
449.211
443.975
440.975
439.955
440.821
443.693
448.899
456.854
467.947
482.325
499.66
518.958
538.502
556.031
569.168
576.039
575.812
568.971
556.783
541.024
523.523
505.9
489.439
475.016
463.087
453.737
446.77
441.823
438.466
436.285
434.925
434.11
433.64
433.379
433.238
433.165
433.128
433.109
433.101
433.096
433.094
433.093
433.092
433.091
433.091
433.09
433.09
433.089
433.089
433.088
433.088
433.088
433.087
433.087
433.087
433.086
433.086
433.086
433.085
433.085
433.085
433.084
433.084
433.084
433.084
433.083
433.083
433.083
433.083
433.083
433.082
433.082
433.082
433.082
433.082
433.082
433.082
433.082
433.081
433.081
433.081
433.081
433.081
433.081
433.081
433.081
433.081
433.081
433.081
433.088
433.088
433.088
433.088
433.088
433.088
433.088
433.088
433.088
433.089
433.089
433.089
433.089
433.089
433.09
433.09
433.09
433.09
433.091
433.091
433.091
433.092
433.092
433.093
433.093
433.093
433.094
433.094
433.095
433.095
433.096
433.096
433.097
433.098
433.098
433.099
433.099
433.1
433.101
433.101
433.102
433.103
433.104
433.105
433.105
433.106
433.107
433.108
433.11
433.112
433.116
433.123
433.138
433.166
433.222
433.327
433.519
433.861
434.447
435.417
436.963
439.334
442.833
447.792
454.539
463.341
474.343
487.494
502.501
518.793
535.512
551.522
565.431
575.657
580.606
579.157
571.374
557.547
539.517
519.63
500.125
482.681
468.251
457.125
449.139
443.902
440.993
440.093
441
443.77
448.658
455.962
465.961
478.78
494.247
511.792
530.407
548.695
565.014
577.671
585.158
586.33
581.578
570.867
555.416
537.009
517.569
498.838
482.129
468.212
457.348
449.42
444.106
441.044
439.972
440.79
443.611
448.757
456.648
467.681
482.02
499.366
518.752
538.482
556.299
569.808
577.091
577.245
570.717
558.722
543.022
525.451
507.655
490.951
476.252
464.049
454.451
447.276
442.166
438.689
436.424
435.009
434.159
433.667
433.393
433.245
433.168
433.129
433.11
433.1
433.096
433.094
433.092
433.091
433.091
433.09
433.09
433.089
433.089
433.088
433.088
433.088
433.087
433.087
433.086
433.086
433.086
433.085
433.085
433.085
433.085
433.084
433.084
433.084
433.083
433.083
433.083
433.083
433.083
433.082
433.082
433.082
433.082
433.082
433.082
433.081
433.081
433.081
433.081
433.081
433.081
433.081
433.081
433.081
433.081
433.081
433.081
433.081
433.081
433.081
433.087
433.087
433.087
433.087
433.087
433.087
433.088
433.088
433.088
433.088
433.088
433.088
433.089
433.089
433.089
433.089
433.09
433.09
433.09
433.09
433.091
433.091
433.092
433.092
433.092
433.093
433.093
433.094
433.094
433.095
433.095
433.096
433.096
433.097
433.098
433.098
433.099
433.099
433.1
433.101
433.102
433.102
433.103
433.104
433.105
433.106
433.106
433.108
433.109
433.111
433.115
433.123
433.138
433.168
433.227
433.339
433.543
433.906
434.526
435.549
437.174
439.656
443.299
448.434
455.38
464.389
475.586
488.904
504.035
520.4
537.142
553.134
566.995
577.158
582.034
580.524
572.681
558.776
540.64
520.62
500.962
483.36
468.775
457.51
449.405
444.071
441.084
440.121
440.977
443.695
448.532
455.79
465.754
478.555
494.035
511.634
530.349
548.786
565.297
578.173
585.886
587.264
582.662
572.042
556.594
538.108
518.531
499.633
482.751
468.676
457.678
449.643
444.245
441.119
439.992
440.761
443.528
448.613
456.439
467.408
481.705
499.058
518.529
538.445
556.551
570.435
578.133
578.676
572.463
560.668
545.032
527.396
509.43
492.485
477.511
465.032
455.183
447.797
442.521
438.921
436.569
435.096
434.209
433.695
433.408
433.253
433.172
433.131
433.11
433.1
433.096
433.093
433.092
433.091
433.09
433.09
433.089
433.089
433.088
433.088
433.087
433.087
433.087
433.086
433.086
433.086
433.085
433.085
433.085
433.084
433.084
433.084
433.083
433.083
433.083
433.083
433.083
433.082
433.082
433.082
433.082
433.082
433.081
433.081
433.081
433.081
433.081
433.081
433.081
433.081
433.08
433.08
433.08
433.08
433.08
433.08
433.08
433.08
433.08
433.08
433.086
433.086
433.086
433.086
433.087
433.087
433.087
433.087
433.087
433.087
433.087
433.088
433.088
433.088
433.088
433.088
433.089
433.089
433.089
433.09
433.09
433.09
433.091
433.091
433.092
433.092
433.092
433.093
433.093
433.094
433.094
433.095
433.095
433.096
433.097
433.097
433.098
433.098
433.099
433.1
433.1
433.101
433.102
433.102
433.103
433.104
433.105
433.106
433.107
433.11
433.114
433.122
433.137
433.169
433.23
433.347
433.562
433.945
434.599
435.676
437.383
439.98
443.775
449.096
456.251
465.477
476.875
490.359
505.605
522.032
538.786
554.751
568.562
578.665
583.48
581.924
574.039
560.07
541.836
521.683
501.867
484.095
469.343
457.925
449.689
444.248
441.177
440.148
440.949
443.612
448.398
455.608
465.534
478.319
493.814
511.47
530.292
548.886
565.598
578.705
586.653
588.249
583.802
573.279
557.834
539.266
519.546
500.472
483.409
469.166
458.027
449.878
444.393
441.199
440.015
440.732
443.445
448.469
456.226
467.129
481.38
498.735
518.287
538.387
556.786
571.047
579.163
580.102
574.21
562.618
547.052
529.358
511.227
494.043
478.794
466.037
455.934
448.333
442.887
439.16
436.72
435.187
434.262
433.725
433.424
433.261
433.175
433.132
433.111
433.1
433.095
433.092
433.091
433.09
433.09
433.089
433.088
433.088
433.088
433.087
433.087
433.086
433.086
433.086
433.085
433.085
433.085
433.084
433.084
433.084
433.083
433.083
433.083
433.083
433.082
433.082
433.082
433.082
433.081
433.081
433.081
433.081
433.081
433.081
433.081
433.08
433.08
433.08
433.08
433.08
433.08
433.08
433.08
433.08
433.08
433.08
433.08
433.079
433.079
433.079
433.085
433.085
433.085
433.085
433.085
433.085
433.086
433.086
433.086
433.086
433.086
433.086
433.086
433.087
433.087
433.087
433.087
433.088
433.088
433.088
433.089
433.089
433.089
433.09
433.09
433.09
433.091
433.091
433.092
433.092
433.093
433.093
433.094
433.094
433.095
433.095
433.096
433.096
433.097
433.097
433.098
433.098
433.099
433.1
433.1
433.101
433.101
433.102
433.104
433.106
433.109
433.117
433.133
433.165
433.228
433.349
433.571
433.97
434.654
435.783
437.571
440.285
444.239
449.757
457.137
466.593
478.203
491.855
507.213
523.691
540.444
556.373
570.13
580.178
584.945
583.357
575.449
561.433
543.109
522.824
502.843
484.888
469.952
458.365
449.986
444.43
441.269
440.169
440.915
443.521
448.253
455.414
465.301
478.068
493.579
511.296
530.23
548.989
565.911
579.258
587.453
589.276
584.991
574.57
559.13
540.478
520.608
501.35
484.097
469.68
458.392
450.125
444.548
441.283
440.04
440.705
443.362
448.323
456.01
466.844
481.046
498.398
518.027
538.308
556.998
571.641
580.179
581.52
575.956
564.572
549.083
531.335
513.043
495.624
480.1
467.064
456.703
448.884
443.264
439.408
436.876
435.281
434.317
433.755
433.439
433.268
433.179
433.133
433.11
433.099
433.094
433.091
433.09
433.089
433.088
433.088
433.087
433.087
433.086
433.086
433.086
433.085
433.085
433.085
433.084
433.084
433.084
433.083
433.083
433.083
433.082
433.082
433.082
433.082
433.081
433.081
433.081
433.081
433.081
433.08
433.08
433.08
433.08
433.08
433.08
433.079
433.079
433.079
433.079
433.079
433.079
433.079
433.079
433.079
433.079
433.079
433.079
433.079
433.079
433.079
433.083
433.083
433.083
433.083
433.083
433.083
433.083
433.083
433.084
433.084
433.084
433.084
433.084
433.084
433.085
433.085
433.085
433.085
433.085
433.086
433.086
433.086
433.087
433.087
433.087
433.087
433.088
433.088
433.088
433.089
433.089
433.089
433.09
433.09
433.09
433.091
433.091
433.091
433.092
433.092
433.092
433.093
433.093
433.093
433.093
433.094
433.094
433.094
433.095
433.096
433.099
433.106
433.121
433.153
433.216
433.338
433.566
433.975
434.68
435.852
437.715
440.546
444.662
450.387
458.008
467.715
479.554
493.385
508.854
525.375
542.116
557.999
571.699
581.696
586.427
584.822
576.912
562.866
544.463
524.047
503.892
485.737
470.6
458.827
450.291
444.611
441.355
440.181
440.871
443.418
448.094
455.204
465.051
477.799
493.326
511.106
530.157
549.088
566.229
579.826
588.278
590.339
586.222
575.909
560.475
541.737
521.713
502.264
484.813
470.214
458.772
450.382
444.709
441.37
440.067
440.677
443.278
448.175
455.791
466.553
480.701
498.045
517.745
538.204
557.186
572.212
581.178
582.927
577.698
566.529
551.122
533.327
514.88
497.227
481.429
468.113
457.492
449.451
443.654
439.664
437.037
435.379
434.372
433.785
433.455
433.275
433.18
433.133
433.109
433.097
433.092
433.089
433.087
433.087
433.086
433.085
433.085
433.085
433.084
433.084
433.084
433.083
433.083
433.082
433.082
433.082
433.082
433.081
433.081
433.081
433.08
433.08
433.08
433.08
433.08
433.079
433.079
433.079
433.079
433.079
433.078
433.078
433.078
433.078
433.078
433.078
433.078
433.078
433.077
433.077
433.077
433.077
433.077
433.077
433.077
433.077
433.077
433.077
433.077
433.077
433.079
433.079
433.079
433.079
433.079
433.079
433.079
433.079
433.079
433.079
433.079
433.079
433.079
433.08
433.08
433.08
433.08
433.08
433.08
433.08
433.08
433.081
433.081
433.081
433.081
433.081
433.081
433.081
433.081
433.081
433.082
433.082
433.082
433.082
433.082
433.082
433.081
433.081
433.081
433.081
433.081
433.08
433.08
433.079
433.079
433.078
433.078
433.077
433.077
433.077
433.078
433.083
433.096
433.124
433.184
433.303
433.53
433.944
434.665
435.868
437.786
440.725
445.006
450.949
458.83
468.812
480.905
494.934
510.522
527.082
543.801
559.628
573.266
583.218
587.925
586.321
578.431
564.373
545.902
525.354
505.013
486.641
471.281
459.304
450.597
444.783
441.426
440.178
440.809
443.297
447.916
454.974
464.78
477.508
493.051
510.896
530.069
549.179
566.546
580.403
589.122
591.43
587.488
577.289
561.865
543.039
522.855
503.208
485.553
470.766
459.164
450.645
444.874
441.458
440.092
440.647
443.19
448.023
455.567
466.255
480.345
497.675
517.441
538.074
557.346
572.759
582.156
584.32
579.433
568.486
553.169
535.334
516.736
498.853
482.781
469.183
458.299
450.032
444.054
439.927
437.202
435.477
434.428
433.814
433.467
433.279
433.18
433.129
433.104
433.092
433.087
433.084
433.082
433.082
433.081
433.081
433.08
433.08
433.08
433.079
433.079
433.079
433.079
433.078
433.078
433.078
433.078
433.077
433.077
433.077
433.077
433.077
433.076
433.076
433.076
433.076
433.076
433.075
433.075
433.075
433.075
433.075
433.075
433.075
433.075
433.074
433.074
433.074
433.074
433.074
433.074
433.074
433.074
433.074
433.074
433.074
433.074
433.074
433.074
433.074
433.07
433.07
433.07
433.07
433.07
433.07
433.07
433.07
433.07
433.07
433.07
433.07
433.07
433.07
433.07
433.07
433.069
433.069
433.069
433.069
433.069
433.069
433.069
433.068
433.068
433.068
433.068
433.067
433.067
433.066
433.066
433.065
433.065
433.064
433.063
433.062
433.061
433.06
433.059
433.058
433.056
433.054
433.053
433.051
433.049
433.047
433.044
433.042
433.039
433.037
433.035
433.037
433.044
433.067
433.118
433.228
433.446
433.852
434.575
435.799
437.772
440.796
445.228
451.4
459.561
469.85
482.231
496.484
512.206
528.808
545.498
561.26
574.832
584.741
589.439
587.852
580.006
565.956
547.428
526.746
506.206
487.593
471.985
459.783
450.889
444.931
441.467
440.144
440.72
443.148
447.712
454.718
464.482
477.19
492.75
510.662
529.961
549.255
566.857
580.983
589.979
592.544
588.783
578.703
563.291
544.376
524.029
504.177
486.312
471.329
459.561
450.91
445.035
441.539
440.109
440.608
443.094
447.863
455.334
465.947
479.976
497.288
517.112
537.913
557.474
573.276
583.112
585.698
581.159
570.442
555.222
537.354
518.61
500.5
484.155
470.273
459.124
450.626
444.462
440.195
437.369
435.574
434.48
433.837
433.474
433.277
433.173
433.12
433.094
433.082
433.076
433.073
433.072
433.071
433.071
433.071
433.071
433.071
433.07
433.07
433.07
433.07
433.07
433.07
433.07
433.069
433.069
433.069
433.069
433.069
433.069
433.069
433.069
433.068
433.068
433.068
433.068
433.068
433.068
433.068
433.068
433.068
433.068
433.068
433.067
433.067
433.067
433.067
433.067
433.067
433.067
433.067
433.067
433.067
433.067
433.067
433.067
433.067
433.067
433.067
433.052
433.052
433.051
433.051
433.051
433.051
433.051
433.051
433.051
433.05
433.05
433.05
433.05
433.049
433.049
433.048
433.048
433.047
433.047
433.046
433.046
433.045
433.044
433.043
433.042
433.041
433.04
433.038
433.037
433.035
433.034
433.032
433.03
433.028
433.025
433.023
433.02
433.017
433.014
433.011
433.007
433.003
432.999
432.994
432.989
432.984
432.978
432.972
432.965
432.958
432.952
432.946
432.946
432.958
432.996
433.088
433.285
433.671
434.38
435.605
437.611
440.725
445.303
451.7
460.164
470.794
483.503
498.018
513.897
530.548
547.205
562.893
576.394
586.265
590.967
589.416
581.64
567.62
549.045
528.224
507.465
488.585
472.7
460.247
451.148
445.035
441.467
440.064
440.585
442.957
447.468
454.425
464.149
476.838
492.417
510.398
529.827
549.313
567.158
581.561
590.844
593.676
590.101
580.147
564.748
545.743
525.227
505.165
487.082
471.898
459.958
451.167
445.184
441.604
440.109
440.55
442.979
447.686
455.085
465.624
479.59
496.878
516.756
537.72
557.569
573.762
584.042
587.057
582.874
572.396
557.281
539.385
520.501
502.166
485.549
471.381
459.962
451.23
444.875
440.462
437.53
435.663
434.52
433.848
433.469
433.262
433.154
433.098
433.071
433.059
433.053
433.051
433.05
433.05
433.05
433.05
433.051
433.051
433.051
433.051
433.051
433.052
433.052
433.052
433.052
433.052
433.052
433.052
433.052
433.052
433.052
433.052
433.053
433.053
433.053
433.053
433.053
433.053
433.053
433.053
433.053
433.053
433.053
433.053
433.053
433.053
433.053
433.053
433.053
433.053
433.053
433.053
433.053
433.053
433.053
433.053
433.053
433.053
433.053
433.053
433.015
433.015
433.015
433.015
433.014
433.014
433.014
433.013
433.013
433.012
433.011
433.011
433.01
433.009
433.008
433.007
433.005
433.004
433.002
433.001
432.999
432.997
432.995
432.993
432.99
432.988
432.985
432.982
432.978
432.975
432.971
432.967
432.962
432.958
432.952
432.947
432.941
432.934
432.928
432.92
432.912
432.904
432.895
432.886
432.876
432.865
432.853
432.841
432.827
432.813
432.797
432.781
432.768
432.763
432.781
432.847
433.013
433.364
434.041
435.25
437.274
440.462
445.197
451.825
460.616
471.624
484.704
499.52
515.586
532.298
548.92
564.526
577.95
587.787
592.509
591.013
583.333
569.367
550.754
529.787
508.785
489.602
473.405
460.67
451.343
445.068
441.385
439.904
440.373
442.695
447.16
454.076
463.767
476.444
492.045
510.1
529.664
549.347
567.444
582.134
591.712
594.821
591.437
581.613
566.229
547.131
526.441
506.163
487.854
472.46
460.339
451.402
445.302
441.633
440.07
440.455
442.829
447.476
454.808
465.275
479.179
496.442
516.368
537.491
557.627
574.212
584.943
588.397
584.577
574.345
559.343
541.427
522.406
503.849
486.96
472.504
460.811
451.837
445.285
440.719
437.675
435.73
434.537
433.837
433.44
433.223
433.109
433.052
433.025
433.013
433.008
433.006
433.007
433.007
433.008
433.009
433.01
433.011
433.012
433.013
433.014
433.014
433.015
433.016
433.016
433.017
433.017
433.018
433.018
433.019
433.019
433.02
433.02
433.02
433.021
433.021
433.021
433.021
433.022
433.022
433.022
433.022
433.022
433.023
433.023
433.023
433.023
433.023
433.023
433.023
433.023
433.024
433.024
433.024
433.024
433.024
433.024
433.024
433.024
433.024
432.944
432.944
432.944
432.944
432.943
432.942
432.941
432.94
432.939
432.938
432.936
432.935
432.933
432.931
432.929
432.926
432.923
432.921
432.917
432.914
432.91
432.906
432.902
432.897
432.892
432.887
432.881
432.875
432.868
432.861
432.853
432.845
432.836
432.826
432.816
432.805
432.794
432.781
432.768
432.754
432.739
432.723
432.706
432.688
432.669
432.649
432.628
432.605
432.581
432.554
432.525
432.493
432.46
432.432
432.422
432.454
432.578
432.885
433.52
434.703
436.736
439.995
444.888
451.785
460.923
472.342
485.834
500.989
517.268
534.054
550.639
566.156
579.499
589.305
594.063
592.643
585.089
571.2
552.558
531.433
510.155
490.626
474.07
461.014
451.433
444.98
441.176
439.618
440.042
442.322
446.755
453.643
463.316
475.992
491.625
509.761
529.467
549.354
567.711
582.696
592.58
595.973
592.784
583.095
567.727
548.532
527.661
507.159
488.615
473
460.687
451.589
445.361
441.602
439.965
440.291
442.613
447.207
454.481
464.884
478.731
495.971
515.943
537.219
557.629
574.62
585.811
589.714
586.263
576.289
561.407
543.476
524.324
505.547
488.384
473.635
461.66
452.436
445.676
440.947
437.783
435.757
434.514
433.781
433.364
433.138
433.02
432.961
432.934
432.924
432.92
432.921
432.923
432.925
432.928
432.93
432.932
432.935
432.937
432.939
432.941
432.942
432.944
432.946
432.947
432.948
432.95
432.951
432.952
432.953
432.954
432.955
432.956
432.957
432.958
432.958
432.959
432.96
432.961
432.961
432.962
432.962
432.963
432.963
432.964
432.964
432.964
432.965
432.965
432.965
432.966
432.966
432.966
432.966
432.966
432.967
432.967
432.967
432.967
432.967
432.814
432.813
432.813
432.812
432.811
432.81
432.808
432.806
432.804
432.801
432.798
432.795
432.791
432.787
432.783
432.778
432.773
432.768
432.762
432.755
432.748
432.74
432.732
432.723
432.714
432.704
432.693
432.681
432.669
432.655
432.641
432.626
432.609
432.592
432.574
432.554
432.533
432.511
432.487
432.462
432.435
432.407
432.378
432.346
432.313
432.279
432.242
432.203
432.161
432.116
432.066
432.012
431.954
431.896
431.849
431.842
431.922
432.182
432.776
433.938
435.99
439.335
444.406
451.588
461.116
472.982
486.917
502.439
518.951
535.818
552.363
567.781
581.035
590.816
595.627
594.304
586.909
573.123
554.46
533.158
511.563
491.631
474.657
461.227
451.368
444.709
440.774
439.139
439.527
441.781
446.202
453.086
462.764
475.462
491.143
509.373
529.23
549.331
567.956
583.246
593.442
597.128
594.139
584.587
569.234
549.938
528.879
508.141
489.348
473.496
460.97
451.691
445.331
441.461
439.743
440.012
442.288
446.84
454.069
464.424
478.228
495.451
515.473
536.902
557.598
574.985
586.643
591.005
587.932
578.223
563.47
545.532
526.251
507.255
489.814
474.766
462.497
453.009
446.025
441.12
437.827
435.716
434.414
433.644
433.209
432.972
432.851
432.793
432.768
432.76
432.759
432.763
432.768
432.773
432.778
432.783
432.788
432.793
432.797
432.801
432.804
432.808
432.811
432.814
432.817
432.82
432.823
432.825
432.828
432.83
432.832
432.834
432.836
432.838
432.84
432.841
432.843
432.844
432.846
432.847
432.848
432.849
432.85
432.851
432.852
432.853
432.854
432.855
432.855
432.856
432.856
432.857
432.857
432.858
432.858
432.858
432.859
432.859
432.859
432.859
432.582
432.582
432.581
432.579
432.577
432.575
432.572
432.568
432.564
432.559
432.554
432.548
432.542
432.535
432.527
432.519
432.509
432.499
432.489
432.477
432.465
432.451
432.437
432.421
432.405
432.387
432.368
432.347
432.326
432.303
432.278
432.252
432.224
432.194
432.162
432.129
432.093
432.056
432.016
431.974
431.929
431.883
431.834
431.782
431.728
431.671
431.612
431.549
431.482
431.411
431.333
431.25
431.159
431.066
430.98
430.932
430.976
431.2
431.773
432.943
435.051
438.524
443.818
451.329
461.279
473.616
488.01
503.906
520.651
537.594
554.089
569.396
582.555
592.314
597.2
595.995
588.795
575.14
556.461
534.957
512.991
492.584
475.121
461.266
451.066
444.174
440.095
438.385
438.748
440.996
445.432
452.348
462.07
474.823
490.583
508.927
528.95
549.275
568.177
583.78
594.298
598.283
595.496
586.082
570.742
551.338
530.08
509.092
490.03
473.915
461.148
451.672
445.141
441.145
439.339
439.549
441.788
446.316
453.524
463.856
477.64
494.866
514.946
536.533
557.515
575.305
587.436
592.268
589.581
580.148
565.53
547.59
528.185
508.967
491.243
475.882
463.302
453.527
446.299
441.197
437.767
435.553
434.186
433.377
432.92
432.675
432.552
432.496
432.475
432.471
432.476
432.485
432.495
432.505
432.515
432.524
432.532
432.541
432.548
432.555
432.562
432.569
432.575
432.581
432.586
432.591
432.596
432.601
432.605
432.609
432.613
432.617
432.621
432.624
432.627
432.63
432.633
432.636
432.639
432.641
432.643
432.645
432.647
432.649
432.651
432.653
432.654
432.656
432.657
432.658
432.659
432.66
432.661
432.662
432.662
432.663
432.663
432.663
432.664
432.664
432.19
432.189
432.188
432.185
432.182
432.178
432.172
432.166
432.16
432.152
432.143
432.133
432.122
432.11
432.097
432.083
432.068
432.051
432.033
432.013
431.993
431.97
431.946
431.92
431.893
431.863
431.832
431.799
431.763
431.725
431.685
431.642
431.597
431.549
431.498
431.444
431.387
431.327
431.264
431.197
431.127
431.054
430.977
430.896
430.812
430.725
430.633
430.538
430.437
430.331
430.219
430.098
429.971
429.841
429.721
429.643
429.67
429.891
430.489
431.726
433.961
437.637
443.225
451.129
461.524
474.342
489.186
505.437
522.394
539.391
555.815
570.995
584.051
593.794
598.778
597.716
590.75
577.255
558.564
536.827
514.422
493.448
475.396
461.035
450.442
443.282
439.044
437.259
437.609
439.876
444.367
451.361
461.177
474.038
489.919
508.41
528.62
549.183
568.373
584.296
595.143
599.435
596.851
587.576
572.244
552.724
531.252
509.993
490.634
474.219
461.174
451.449
444.718
440.571
438.663
438.815
441.03
445.557
452.777
463.126
476.928
494.187
514.347
536.102
557.374
575.573
588.188
593.502
591.207
582.059
567.586
549.649
530.12
510.678
492.659
476.966
464.047
453.954
446.445
441.133
437.533
435.201
433.759
432.906
432.427
432.174
432.051
431.999
431.985
431.989
432.003
432.02
432.037
432.054
432.071
432.086
432.101
432.115
432.128
432.14
432.152
432.163
432.173
432.183
432.192
432.201
432.21
432.218
432.225
432.232
432.239
432.246
432.252
432.258
432.263
432.269
432.274
432.278
432.283
432.287
432.291
432.295
432.298
432.302
432.305
432.307
432.31
432.312
432.315
432.317
432.319
432.32
432.322
432.323
432.324
432.325
432.326
432.326
432.326
432.327
431.558
431.556
431.554
431.55
431.544
431.537
431.529
431.52
431.509
431.496
431.482
431.466
431.449
431.43
431.409
431.386
431.362
431.335
431.307
431.276
431.243
431.208
431.17
431.129
431.086
431.04
430.991
430.939
430.884
430.825
430.763
430.697
430.628
430.554
430.476
430.394
430.308
430.217
430.121
430.021
429.916
429.807
429.693
429.574
429.451
429.323
429.19
429.053
428.91
428.762
428.607
428.447
428.283
428.122
427.982
427.9
427.949
428.225
428.926
430.324
432.791
436.777
442.754
451.093
461.966
475.255
490.516
507.076
524.197
541.209
557.533
572.567
585.511
595.246
600.355
599.462
592.774
579.475
560.776
538.764
515.836
494.188
475.445
460.469
449.412
441.942
437.524
435.662
436.014
438.329
442.918
450.048
460.026
473.061
489.124
507.807
528.234
549.054
568.541
584.795
595.977
600.579
598.199
589.063
573.733
554.083
532.38
510.821
491.123
474.357
460.975
450.948
443.969
439.639
437.614
437.708
439.913
444.47
451.747
462.165
476.041
493.381
513.654
535.597
557.169
575.787
588.894
594.702
592.808
583.956
569.635
551.705
532.053
512.38
494.049
477.994
464.696
454.241
446.422
440.842
437.043
434.573
433.041
432.138
431.634
431.374
431.253
431.21
431.206
431.222
431.248
431.276
431.305
431.332
431.358
431.383
431.406
431.428
431.449
431.469
431.488
431.505
431.522
431.538
431.553
431.567
431.581
431.594
431.606
431.618
431.629
431.64
431.65
431.659
431.668
431.677
431.685
431.693
431.7
431.707
431.713
431.719
431.725
431.73
431.735
431.74
431.744
431.748
431.752
431.755
431.758
431.761
431.763
431.765
431.767
431.769
431.77
431.771
431.771
431.772
430.585
430.583
430.578
430.572
430.564
430.554
430.541
430.527
430.51
430.491
430.47
430.446
430.42
430.391
430.359
430.325
430.288
430.248
430.205
430.159
430.11
430.057
430
429.94
429.876
429.808
429.735
429.659
429.577
429.491
429.4
429.303
429.202
429.094
428.982
428.863
428.739
428.608
428.472
428.329
428.181
428.026
427.865
427.699
427.527
427.35
427.168
426.98
426.789
426.593
426.394
426.195
426.002
425.827
425.697
425.659
425.788
426.207
427.119
428.805
431.638
436.064
442.536
451.347
462.696
476.414
492.021
508.815
526.042
543.027
559.22
574.089
586.917
596.656
601.924
601.228
594.868
581.804
563.101
540.769
517.22
494.767
475.196
459.503
447.906
440.077
435.456
433.514
433.878
436.272
441.006
448.337
458.553
471.846
488.166
507.101
527.785
548.885
568.684
585.274
596.797
601.714
599.538
590.537
575.201
555.408
533.449
511.551
491.459
474.274
460.478
450.079
442.798
438.248
436.086
436.121
438.333
442.956
450.341
460.895
474.916
492.404
512.843
535.006
556.895
575.941
589.552
595.867
594.38
585.838
571.675
553.758
533.981
514.065
495.397
478.939
465.211
454.333
446.136
440.243
436.204
433.567
431.928
430.964
430.432
430.164
430.049
430.016
430.027
430.06
430.102
430.146
430.189
430.231
430.27
430.308
430.343
430.376
430.407
430.437
430.465
430.492
430.518
430.542
430.565
430.587
430.608
430.627
430.646
430.664
430.681
430.697
430.713
430.728
430.742
430.755
430.767
430.779
430.79
430.801
430.811
430.82
430.829
430.837
430.845
430.852
430.859
430.865
430.871
430.876
430.88
430.885
430.888
430.892
430.894
430.897
430.898
430.9
430.901
430.901
429.159
429.156
429.15
429.141
429.129
429.115
429.097
429.076
429.051
429.024
428.993
428.959
428.921
428.88
428.835
428.786
428.733
428.676
428.614
428.549
428.478
428.403
428.323
428.238
428.147
428.051
427.949
427.841
427.727
427.607
427.48
427.346
427.205
427.057
426.902
426.74
426.57
426.392
426.207
426.014
425.814
425.606
425.392
425.171
424.944
424.711
424.474
424.232
423.989
423.746
423.507
423.28
423.077
422.92
422.847
422.916
423.215
423.891
425.15
427.274
430.625
435.63
442.625
451.973
463.759
477.799
493.621
510.543
527.822
544.76
560.819
575.524
588.243
598.006
603.474
603.006
597.031
584.248
565.549
542.847
518.57
495.169
474.628
458.103
445.885
437.646
432.795
430.766
431.153
433.652
438.577
446.174
456.71
470.35
487.015
506.276
527.269
548.677
568.802
585.736
597.603
602.837
600.864
591.994
576.643
556.688
534.443
512.158
491.6
473.91
459.613
448.764
441.118
436.307
433.987
433.96
436.197
440.921
448.472
459.236
473.489
491.21
511.883
534.313
556.545
576.036
590.16
596.994
595.92
587.704
573.706
555.804
535.9
515.725
496.687
479.776
465.548
454.176
445.522
439.249
434.92
432.078
430.309
429.272
428.706
428.43
428.322
428.302
428.333
428.386
428.448
428.512
428.574
428.633
428.689
428.742
428.793
428.84
428.885
428.928
428.968
429.007
429.043
429.078
429.111
429.143
429.173
429.202
429.229
429.255
429.28
429.304
429.326
429.348
429.368
429.387
429.405
429.423
429.439
429.455
429.469
429.483
429.496
429.508
429.519
429.53
429.54
429.549
429.557
429.564
429.571
429.577
429.583
429.587
429.591
429.595
429.597
429.599
429.601
429.601
427.17
427.166
427.158
427.145
427.129
427.109
427.084
427.055
427.022
426.984
426.942
426.895
426.844
426.787
426.726
426.659
426.587
426.51
426.426
426.337
426.242
426.141
426.033
425.918
425.797
425.668
425.532
425.388
425.237
425.077
424.909
424.733
424.547
424.354
424.151
423.939
423.718
423.488
423.25
423.002
422.746
422.482
422.21
421.931
421.647
421.357
421.064
420.77
420.478
420.196
419.93
419.697
419.517
419.426
419.476
419.736
420.323
421.39
423.148
425.87
429.894
435.55
443.177
453.021
465.117
479.268
495.065
511.96
529.251
546.198
562.202
576.799
589.445
599.267
604.991
604.784
599.259
586.812
568.134
545.015
519.898
495.403
473.748
456.277
443.358
434.66
429.552
427.425
427.84
430.464
435.618
443.537
454.471
468.548
485.652
505.321
526.681
548.432
568.898
586.182
598.395
603.947
602.175
593.431
578.054
557.916
535.35
512.616
491.507
473.218
458.326
446.945
438.874
433.76
431.262
431.168
433.444
438.301
446.072
457.122
471.7
489.752
510.745
533.502
556.11
576.052
590.713
598.08
597.426
589.55
575.725
557.843
537.807
517.355
497.906
480.476
465.667
453.708
444.513
437.786
433.107
430.019
428.093
426.965
426.357
426.069
425.967
425.962
426.015
426.092
426.178
426.264
426.348
426.428
426.504
426.576
426.644
426.708
426.769
426.827
426.882
426.935
426.985
427.032
427.078
427.121
427.163
427.202
427.24
427.276
427.31
427.342
427.373
427.403
427.431
427.458
427.483
427.507
427.53
427.551
427.572
427.591
427.609
427.625
427.641
427.656
427.669
427.682
427.693
427.704
427.713
427.722
427.729
427.736
427.741
427.746
427.75
427.753
427.755
427.755
424.527
424.521
424.511
424.495
424.474
424.447
424.415
424.377
424.334
424.285
424.23
424.169
424.102
424.029
423.949
423.863
423.77
423.67
423.563
423.448
423.326
423.196
423.057
422.911
422.756
422.592
422.419
422.237
422.046
421.844
421.633
421.412
421.181
420.939
420.687
420.425
420.152
419.87
419.577
419.275
418.964
418.645
418.317
417.983
417.644
417.302
416.959
416.621
416.295
415.99
415.723
415.518
415.411
415.452
415.702
416.266
417.267
418.87
421.283
424.758
429.582
435.958
444.215
454.461
466.635
480.517
495.878
512.475
529.697
546.811
563.069
577.793
590.461
600.404
606.45
606.544
601.54
589.498
570.868
547.295
521.235
495.506
472.605
454.082
440.391
431.188
425.794
423.558
423.998
426.757
432.166
440.451
451.844
466.439
484.071
504.229
526.02
548.152
568.976
586.614
599.175
605.043
603.468
594.845
579.431
559.089
536.16
512.914
491.171
472.176
456.593
444.605
436.054
430.603
427.907
427.743
430.065
435.08
443.113
454.517
469.507
487.991
509.401
532.557
555.586
576.011
591.212
599.125
598.897
591.376
577.732
559.875
539.703
518.952
499.046
481.028
465.549
452.902
443.073
435.811
430.72
427.339
425.223
423.985
423.322
423.016
422.916
422.927
423.002
423.103
423.214
423.324
423.431
423.534
423.631
423.723
423.81
423.893
423.971
424.046
424.118
424.186
424.251
424.313
424.372
424.428
424.482
424.534
424.583
424.63
424.674
424.717
424.758
424.797
424.833
424.869
424.902
424.933
424.963
424.992
425.018
425.043
425.067
425.089
425.11
425.129
425.147
425.164
425.179
425.193
425.205
425.217
425.227
425.235
425.243
425.249
425.254
425.257
425.26
425.261
421.183
421.176
421.163
421.143
421.117
421.084
421.044
420.997
420.944
420.883
420.815
420.74
420.657
420.566
420.468
420.362
420.247
420.125
419.993
419.853
419.703
419.545
419.376
419.198
419.01
418.812
418.603
418.384
418.154
417.912
417.66
417.396
417.121
416.835
416.538
416.229
415.909
415.579
415.238
414.888
414.528
414.16
413.786
413.405
413.022
412.639
412.261
411.896
411.556
411.257
411.025
410.898
410.927
411.172
411.729
412.713
414.262
416.543
419.752
424.107
429.729
436.907
445.736
456.186
468.066
481.117
495.426
511.19
528.292
545.842
562.697
577.994
591.174
601.368
607.798
608.307
603.842
592.297
573.764
549.72
522.634
495.551
471.285
451.621
437.098
427.352
421.649
419.285
419.744
422.638
428.311
436.987
448.881
464.053
482.285
503.008
525.292
547.843
569.043
587.038
599.942
606.123
604.743
596.236
580.774
560.204
536.869
513.039
490.573
470.784
454.431
441.775
432.704
426.893
423.985
423.744
426.114
431.297
439.619
451.424
466.9
485.908
507.831
531.468
554.969
575.905
591.656
600.122
600.335
593.179
579.727
561.902
541.59
520.517
500.106
481.427
465.188
451.76
441.206
433.331
427.764
424.043
421.702
420.33
419.598
419.263
419.159
419.181
419.275
419.399
419.533
419.666
419.796
419.92
420.038
420.15
420.256
420.358
420.454
420.546
420.634
420.717
420.797
420.874
420.947
421.017
421.083
421.147
421.208
421.266
421.322
421.375
421.426
421.474
421.52
421.564
421.605
421.645
421.682
421.718
421.751
421.782
421.812
421.84
421.866
421.89
421.913
421.933
421.952
421.97
421.985
422
422.012
422.023
422.032
422.04
422.046
422.051
422.054
422.056
417.153
417.145
417.13
417.107
417.075
417.036
416.989
416.934
416.871
416.799
416.719
416.631
416.533
416.427
416.312
416.187
416.054
415.91
415.757
415.593
415.419
415.235
415.04
414.834
414.617
414.389
414.149
413.897
413.634
413.359
413.072
412.773
412.462
412.139
411.804
411.459
411.102
410.734
410.356
409.969
409.574
409.172
408.764
408.352
407.942
407.536
407.144
406.777
406.453
406.198
406.051
406.064
406.295
406.842
407.812
409.334
411.556
414.64
418.754
423.989
430.511
438.415
447.655
458.005
469.061
480.56
492.702
506.827
523.568
542.101
560.598
577.226
591.105
602.02
608.986
610.045
606.145
595.193
576.83
552.324
524.155
495.626
469.905
449.033
433.633
423.315
417.281
414.773
415.238
418.255
424.186
433.255
445.667
461.449
480.33
501.677
524.507
547.515
569.104
587.457
600.701
607.189
605.999
597.602
582.083
561.264
537.477
512.99
489.729
469.077
451.899
438.541
428.93
422.747
419.62
419.296
421.708
427.055
435.671
447.899
463.907
483.51
506.032
530.23
554.258
575.73
592.046
601.068
601.746
594.958
581.711
563.925
543.472
522.057
501.099
481.692
464.612
450.32
438.964
430.409
424.31
420.204
417.605
416.074
415.253
414.876
414.758
414.783
414.89
415.03
415.183
415.336
415.485
415.628
415.764
415.893
416.017
416.134
416.246
416.353
416.456
416.554
416.647
416.737
416.823
416.905
416.983
417.058
417.13
417.199
417.265
417.328
417.388
417.445
417.499
417.551
417.6
417.647
417.692
417.734
417.773
417.811
417.846
417.879
417.91
417.939
417.966
417.991
418.013
418.034
418.053
418.07
418.085
418.098
418.109
418.118
418.125
418.131
418.135
418.137
412.526
412.518
412.5
412.474
412.439
412.395
412.342
412.28
412.209
412.129
412.039
411.94
411.831
411.712
411.583
411.445
411.295
411.136
410.965
410.784
410.592
410.388
410.173
409.946
409.708
409.457
409.195
408.92
408.634
408.335
408.024
407.701
407.366
407.019
406.661
406.292
405.913
405.523
405.124
404.718
404.304
403.884
403.462
403.04
402.623
402.218
401.839
401.501
401.232
401.068
401.064
401.278
401.803
402.746
404.234
406.405
409.407
413.383
418.414
424.552
431.915
440.419
449.829
459.691
469.345
478.324
487.032
498.388
513.988
533.787
555.358
574.768
590.351
602.126
609.911
611.715
608.416
598.158
580.06
555.134
525.862
495.828
468.592
446.467
430.163
419.256
412.877
410.207
410.663
413.782
419.952
429.396
442.315
458.711
478.263
500.27
523.685
547.178
569.169
587.877
601.452
608.241
607.235
598.946
583.361
562.274
538.002
512.818
488.69
467.126
449.099
435.032
424.883
418.33
414.984
414.57
417.011
422.507
431.4
444.043
460.595
480.834
504.019
528.846
553.456
575.492
592.381
601.964
603.125
596.712
583.683
565.949
545.357
523.587
502.046
481.861
463.881
448.664
436.449
427.162
420.488
415.96
413.074
411.359
410.429
409.994
409.851
409.868
409.977
410.127
410.291
410.457
410.619
410.775
410.924
411.066
411.202
411.332
411.456
411.575
411.688
411.797
411.901
412.001
412.097
412.189
412.277
412.361
412.441
412.519
412.592
412.663
412.73
412.795
412.856
412.915
412.97
413.023
413.073
413.121
413.166
413.208
413.248
413.286
413.321
413.353
413.384
413.412
413.437
413.461
413.482
413.501
413.518
413.533
413.546
413.556
413.565
413.571
413.575
413.577
407.462
407.453
407.434
407.406
407.368
407.321
407.265
407.198
407.122
407.037
406.941
406.835
406.719
406.592
406.456
406.308
406.15
405.98
405.8
405.609
405.406
405.191
404.965
404.727
404.478
404.216
403.942
403.657
403.36
403.05
402.729
402.397
402.053
401.699
401.333
400.958
400.574
400.18
399.779
399.371
398.959
398.543
398.127
397.716
397.317
396.94
396.604
396.331
396.16
396.142
396.336
396.832
397.735
399.17
401.272
404.184
408.038
412.905
418.795
425.841
433.927
442.817
452.082
461.043
468.765
474.493
478.87
486.344
499.103
519.525
545.784
569.645
588.165
601.597
610.554
613.28
610.618
601.15
583.43
558.154
527.795
496.234
467.453
444.058
426.844
415.347
408.617
405.773
406.202
409.397
415.773
425.558
438.95
455.937
476.151
498.827
522.849
546.845
569.244
588.302
602.198
609.279
608.453
600.269
584.614
563.247
538.459
512.536
487.516
465.029
446.16
431.403
420.738
413.834
410.275
409.766
412.219
417.834
426.97
439.994
457.068
477.945
501.825
527.333
552.569
575.195
592.668
602.815
604.472
598.44
585.645
567.978
547.254
525.123
502.981
481.988
463.075
446.901
433.797
423.752
416.475
411.502
408.305
406.386
405.329
404.82
404.639
404.634
404.735
404.883
405.05
405.22
405.388
405.55
405.705
405.854
405.996
406.132
406.263
406.388
406.508
406.623
406.733
406.839
406.941
407.039
407.132
407.222
407.308
407.39
407.469
407.545
407.617
407.686
407.752
407.814
407.874
407.931
407.985
408.036
408.084
408.13
408.173
408.213
408.251
408.286
408.319
408.349
408.377
408.402
408.425
408.446
408.464
408.48
408.494
408.505
408.514
408.521
408.525
408.528
402.176
402.166
402.147
402.118
402.08
402.032
401.974
401.906
401.829
401.741
401.644
401.536
401.418
401.29
401.151
401.002
400.842
400.671
400.489
400.296
400.092
399.877
399.65
399.412
399.163
398.902
398.631
398.347
398.053
397.748
397.432
397.106
396.77
396.424
396.068
395.705
395.333
394.954
394.569
394.18
393.787
393.395
393.007
392.629
392.272
391.95
391.688
391.52
391.494
391.67
392.133
392.987
394.352
396.361
399.158
402.869
407.546
413.223
420.032
427.857
436.468
445.465
454.238
461.917
467.386
469.606
470.918
474.045
481.012
499.06
530.558
559.448
582.871
599.599
610.307
614.571
612.666
604.113
586.89
561.361
529.962
496.885
466.563
441.908
423.804
411.732
404.657
401.631
402.017
405.259
411.801
421.879
435.694
453.223
474.066
497.396
522.025
546.532
569.34
588.739
602.943
610.304
609.654
601.574
585.849
564.194
538.873
512.192
486.279
462.891
443.22
427.818
416.677
409.448
405.689
405.081
407.527
413.227
422.556
435.903
453.447
474.929
499.502
525.716
551.613
574.848
592.91
603.622
605.785
600.143
587.598
570.014
549.173
526.686
503.941
482.136
462.286
445.155
431.161
420.355
412.472
407.043
403.523
401.386
400.189
399.592
399.358
399.322
399.402
399.539
399.698
399.864
400.028
400.188
400.342
400.49
400.632
400.768
400.899
401.024
401.145
401.261
401.372
401.479
401.582
401.681
401.776
401.867
401.954
402.038
402.118
402.195
402.268
402.339
402.406
402.47
402.531
402.589
402.644
402.696
402.746
402.792
402.836
402.878
402.916
402.953
402.986
403.017
403.046
403.072
403.095
403.117
403.135
403.152
403.166
403.177
403.187
403.194
403.198
403.201
396.909
396.9
396.881
396.853
396.816
396.769
396.712
396.647
396.571
396.486
396.392
396.287
396.173
396.049
395.914
395.77
395.616
395.451
395.276
395.091
394.895
394.689
394.472
394.245
394.008
393.76
393.503
393.235
392.957
392.67
392.373
392.068
391.754
391.431
391.102
390.765
390.422
390.074
389.721
389.366
389.012
388.66
388.318
387.993
387.7
387.459
387.304
387.278
387.44
387.87
388.668
389.952
391.853
394.505
398.043
402.481
407.935
414.505
422.098
430.517
439.4
448.185
456.12
462.267
465.674
465.837
467.094
470.001
474.251
482.007
498.327
531.754
569.288
594.034
608.896
615.595
614.507
606.971
590.363
564.688
532.322
497.77
465.942
440.074
421.126
408.514
401.112
397.904
398.234
401.494
408.159
418.473
432.646
450.655
472.073
496.021
521.241
546.252
569.463
589.191
603.689
611.319
610.839
602.865
587.074
565.131
539.274
511.84
485.06
460.819
440.41
424.426
412.86
405.342
401.4
400.692
403.11
408.855
418.32
431.921
449.859
471.884
497.114
524.031
550.604
574.463
593.115
604.392
607.064
601.819
589.541
572.062
551.122
528.297
504.963
482.366
461.604
443.543
428.688
417.143
408.668
402.792
398.949
396.59
395.244
394.55
394.253
394.177
394.227
394.342
394.485
394.638
394.791
394.941
395.087
395.227
395.362
395.491
395.616
395.736
395.852
395.963
396.07
396.173
396.272
396.367
396.459
396.547
396.631
396.712
396.79
396.865
396.936
397.004
397.07
397.132
397.191
397.248
397.301
397.352
397.401
397.446
397.489
397.529
397.567
397.602
397.635
397.666
397.693
397.719
397.742
397.763
397.781
397.797
397.811
397.822
397.831
397.838
397.843
397.845
391.898
391.89
391.872
391.846
391.812
391.768
391.716
391.655
391.585
391.506
391.418
391.322
391.216
391.101
390.977
390.844
390.702
390.55
390.39
390.22
390.04
389.852
389.654
389.448
389.232
389.007
388.774
388.532
388.282
388.024
387.758
387.484
387.204
386.918
386.625
386.327
386.025
385.719
385.412
385.104
384.799
384.501
384.218
383.963
383.753
383.618
383.599
383.75
384.148
384.888
386.083
387.865
390.362
393.692
397.851
403.058
409.354
416.685
424.891
433.668
442.52
450.743
457.487
461.949
463.131
463.196
465.309
469.106
473.774
480.297
492.959
517.467
547.103
581.667
604.902
615.432
615.815
609.619
593.761
568.036
534.786
498.827
465.565
438.565
418.85
405.754
398.054
394.671
394.935
398.185
404.929
415.421
429.884
448.298
470.225
494.74
520.52
546.02
569.622
589.664
604.438
612.325
612.009
604.146
588.296
566.075
539.691
511.527
483.93
458.907
437.837
421.344
409.413
401.645
397.54
396.733
399.104
404.856
414.398
428.173
446.419
468.901
494.727
522.318
549.564
574.05
593.291
605.127
608.311
603.468
591.475
574.122
553.109
529.971
506.081
482.729
461.103
442.163
426.496
414.257
405.223
398.922
394.77
392.194
390.699
389.906
389.539
389.42
389.432
389.519
389.639
389.772
389.908
390.042
390.173
390.299
390.421
390.539
390.653
390.762
390.868
390.969
391.067
391.162
391.253
391.34
391.425
391.506
391.584
391.659
391.73
391.799
391.865
391.929
391.989
392.047
392.102
392.154
392.204
392.251
392.296
392.339
392.378
392.416
392.451
392.484
392.515
392.543
392.569
392.593
392.614
392.633
392.65
392.665
392.678
392.689
392.697
392.704
392.708
392.71
387.344
387.336
387.321
387.298
387.267
387.228
387.182
387.128
387.066
386.996
386.918
386.833
386.739
386.638
386.529
386.412
386.286
386.153
386.012
385.863
385.706
385.542
385.37
385.19
385.002
384.808
384.606
384.397
384.182
383.96
383.732
383.498
383.259
383.016
382.768
382.516
382.262
382.006
381.749
381.495
381.247
381.012
380.799
380.625
380.515
380.507
380.65
381.017
381.696
382.798
384.445
386.772
389.841
393.74
398.681
404.671
411.692
419.627
428.229
437.081
445.559
452.833
458.01
460.649
460.109
461.212
464.677
469.816
476.034
484.164
498.876
521.081
542.744
572.216
599.251
614.4
616.882
611.865
596.927
571.275
537.229
499.949
465.362
437.352
416.974
403.467
395.511
391.965
392.157
395.373
402.155
412.768
427.451
446.195
468.558
493.582
519.881
545.844
569.819
590.158
605.192
613.322
613.167
605.42
589.524
567.038
540.15
511.298
482.947
457.224
435.579
418.654
406.418
398.441
394.194
393.29
395.599
401.321
410.882
424.755
443.215
466.061
492.404
520.618
548.516
573.624
593.446
605.833
609.527
605.089
593.398
576.194
555.137
531.719
507.314
483.261
460.833
441.079
424.665
411.789
402.245
395.555
391.119
388.341
386.706
385.815
385.381
385.213
385.187
385.242
385.335
385.444
385.558
385.673
385.785
385.894
385.999
386.101
386.2
386.295
386.387
386.476
386.562
386.644
386.724
386.801
386.875
386.946
387.015
387.081
387.144
387.205
387.263
387.319
387.372
387.423
387.472
387.518
387.562
387.604
387.644
387.682
387.717
387.75
387.782
387.811
387.838
387.863
387.886
387.907
387.926
387.943
387.959
387.972
387.983
387.993
388
388.006
388.01
388.012
383.385
383.378
383.365
383.346
383.32
383.287
383.248
383.202
383.149
383.09
383.024
382.952
382.873
382.788
382.696
382.597
382.492
382.38
382.262
382.137
382.006
381.869
381.725
381.575
381.42
381.258
381.092
380.919
380.742
380.56
380.373
380.182
379.987
379.789
379.588
379.385
379.18
378.975
378.772
378.574
378.386
378.216
378.079
377.996
378.001
378.137
378.472
379.089
380.096
381.608
383.745
386.54
390.198
394.839
400.498
407.171
414.778
423.125
431.865
440.466
448.192
454.087
457.36
457.797
457.679
460.191
465.161
471.853
479.574
489.102
501.991
518.479
539.303
566.011
593.673
612.468
617.604
613.688
599.743
574.261
539.503
501.01
465.243
436.38
415.469
401.637
393.471
389.781
389.899
393.061
399.845
410.526
425.363
444.365
467.091
492.56
519.332
545.73
570.059
590.677
605.952
614.314
614.314
606.691
590.763
568.035
540.674
511.185
482.154
455.815
433.679
416.397
403.912
395.764
391.397
390.4
392.632
398.294
407.823
421.722
440.308
463.423
490.194
518.968
547.485
573.197
593.588
606.514
610.715
606.682
595.309
578.277
557.204
533.544
508.671
483.973
460.808
440.318
423.23
409.785
399.788
392.753
388.066
385.108
383.348
382.368
381.87
381.654
381.593
381.615
381.68
381.765
381.856
381.949
382.04
382.13
382.217
382.302
382.383
382.462
382.539
382.613
382.684
382.754
382.82
382.885
382.947
383.006
383.064
383.119
383.173
383.224
383.273
383.32
383.365
383.408
383.449
383.488
383.526
383.561
383.595
383.627
383.657
383.685
383.711
383.736
383.759
383.78
383.8
383.818
383.834
383.848
383.861
383.873
383.882
383.89
383.897
383.902
383.905
383.906
380.093
380.087
380.077
380.061
380.04
380.013
379.981
379.944
379.902
379.854
379.801
379.742
379.679
379.61
379.535
379.456
379.371
379.281
379.187
379.087
378.982
378.872
378.758
378.639
378.515
378.387
378.255
378.119
377.979
377.836
377.689
377.54
377.388
377.234
377.078
376.921
376.764
376.608
376.456
376.312
376.183
376.08
376.023
376.039
376.169
376.472
377.027
377.929
379.299
381.209
383.768
387.182
391.515
396.827
403.128
410.363
418.387
426.919
435.504
443.499
450.067
454.224
454.863
454.581
455.95
460.013
466.759
474.887
483.833
494.605
507.356
520.277
538.501
562.497
589.175
610.087
617.965
615.107
602.142
576.869
541.462
501.875
465.111
435.584
414.289
400.224
391.897
388.082
388.125
391.218
397.973
408.678
423.612
442.805
465.827
491.68
518.878
545.682
570.341
591.219
606.72
615.298
615.457
607.961
592.019
569.074
541.28
511.22
481.573
454.698
432.149
414.575
401.892
393.609
389.139
388.054
390.201
395.777
405.232
419.095
437.728
461.02
488.133
517.397
546.488
572.782
593.726
607.178
611.876
608.246
597.206
580.366
559.306
535.442
510.147
484.863
461.032
439.877
422.187
408.242
397.852
390.523
385.621
382.511
380.644
379.588
379.034
378.775
378.682
378.674
378.712
378.772
378.841
378.913
378.985
379.055
379.124
379.19
379.255
379.318
379.379
379.438
379.495
379.55
379.603
379.655
379.705
379.752
379.799
379.843
379.886
379.927
379.967
380.005
380.041
380.076
380.109
380.14
380.17
380.199
380.226
380.252
380.276
380.299
380.32
380.34
380.359
380.376
380.392
380.407
380.42
380.432
380.442
380.451
380.459
380.466
380.471
380.475
380.477
380.479
377.471
377.467
377.459
377.446
377.43
377.409
377.385
377.356
377.323
377.286
377.245
377.2
377.15
377.097
377.04
376.979
376.913
376.844
376.772
376.695
376.615
376.531
376.443
376.353
376.259
376.162
376.062
375.959
375.853
375.745
375.635
375.523
375.41
375.295
375.18
375.064
374.949
374.837
374.731
374.637
374.564
374.528
374.553
374.675
374.945
375.438
376.24
377.457
379.143
381.488
384.628
388.647
393.607
399.526
406.364
414.012
422.254
430.718
438.837
445.855
450.865
452.999
451.479
452.219
455.425
461.564
469.754
478.749
488.079
497.676
508.58
521.699
538.732
560.713
585.958
607.742
617.887
616.117
604.096
579
542.976
502.427
464.882
434.907
413.382
399.177
390.734
386.812
386.781
389.795
396.498
407.191
422.173
441.5
464.757
490.938
518.516
545.691
570.661
591.785
607.494
616.275
616.596
609.23
593.295
570.162
541.973
511.385
481.204
453.869
430.975
413.164
400.326
391.934
387.379
386.211
388.266
393.737
403.085
416.863
435.476
458.868
486.24
515.924
545.542
572.39
593.867
607.828
613.012
609.783
599.084
582.455
561.434
537.4
511.728
485.911
461.474
439.724
421.503
407.123
396.399
388.823
383.745
380.511
378.556
377.438
376.838
376.544
376.421
376.389
376.404
376.443
376.492
376.544
376.598
376.651
376.702
376.753
376.802
376.85
376.896
376.941
376.984
377.027
377.067
377.107
377.145
377.182
377.217
377.251
377.284
377.316
377.346
377.375
377.403
377.43
377.456
377.48
377.503
377.525
377.546
377.566
377.585
377.602
377.619
377.634
377.649
377.662
377.674
377.686
377.696
377.705
377.713
377.72
377.726
377.731
377.735
377.738
377.74
377.741
375.471
375.468
375.462
375.452
375.44
375.425
375.406
375.385
375.361
375.333
375.303
375.269
375.233
375.194
375.151
375.106
375.058
375.007
374.954
374.897
374.839
374.777
374.713
374.647
374.579
374.508
374.435
374.361
374.285
374.207
374.128
374.048
373.966
373.885
373.803
373.722
373.643
373.568
373.503
373.454
373.434
373.464
373.575
373.812
374.239
374.94
375.987
377.482
379.608
382.465
386.16
390.763
396.297
402.733
409.979
417.865
426.102
434.223
441.541
447.191
450.457
449.819
448.818
451.029
456.254
464.271
473.646
483.14
492.711
502.613
511.779
523.658
539.43
559.912
583.816
605.735
617.665
616.81
605.596
580.585
543.946
502.564
464.497
434.305
412.703
398.44
389.919
385.906
385.799
388.729
395.362
406.016
421.01
440.425
463.865
490.323
518.239
545.752
571.018
592.371
608.276
617.248
617.734
610.502
594.594
571.302
542.757
511.697
481.043
453.31
430.124
412.12
399.158
390.681
386.052
384.806
386.767
392.121
401.338
414.994
433.535
456.961
484.52
514.56
544.656
572.028
594.019
608.47
614.128
611.292
600.941
584.537
563.577
539.402
513.39
487.086
462.096
439.806
421.125
406.37
395.363
387.585
382.365
379.034
377.012
375.845
375.209
374.887
374.741
374.689
374.685
374.706
374.738
374.774
374.812
374.85
374.888
374.924
374.96
374.994
375.028
375.061
375.093
375.123
375.153
375.182
375.21
375.237
375.263
375.288
375.312
375.335
375.358
375.379
375.4
375.42
375.438
375.456
375.474
375.49
375.505
375.52
375.534
375.547
375.559
375.571
375.581
375.591
375.6
375.609
375.616
375.623
375.629
375.634
375.639
375.642
375.645
375.648
375.649
375.65
374.007
374.005
374.001
373.994
373.986
373.975
373.962
373.946
373.929
373.91
373.888
373.864
373.838
373.81
373.781
373.749
373.715
373.679
373.641
373.602
373.56
373.517
373.472
373.426
373.378
373.329
373.279
373.227
373.174
373.12
373.066
373.011
372.955
372.9
372.845
372.791
372.741
372.697
372.666
372.659
372.69
372.788
372.991
373.355
373.954
374.842
376.163
378.05
380.62
383.981
388.217
393.361
399.395
406.236
413.736
421.663
429.652
437.135
443.277
447.282
448.439
445.936
446.837
450.763
458.263
468.004
478.246
487.555
495.495
504.228
513.92
525.451
540.346
559.655
582.454
604.177
617.358
617.253
606.659
581.615
544.224
502.266
463.945
433.761
412.22
397.964
389.393
385.297
385.11
387.955
394.506
405.102
420.081
439.548
463.129
489.821
518.039
545.867
571.407
592.976
609.063
618.216
618.87
611.778
595.916
572.494
543.632
512.151
481.078
452.993
429.556
411.39
398.325
389.777
385.085
383.765
385.631
390.862
399.933
413.442
431.874
455.282
482.97
513.307
543.837
571.703
594.185
609.108
615.225
612.775
602.772
586.604
565.724
541.431
515.109
488.356
462.86
440.087
420.995
405.912
394.669
386.725
381.394
377.988
375.914
374.712
374.05
373.706
373.542
373.475
373.457
373.464
373.483
373.506
373.532
373.558
373.584
373.609
373.634
373.658
373.682
373.704
373.727
373.748
373.769
373.789
373.809
373.828
373.846
373.864
373.881
373.897
373.913
373.928
373.942
373.956
373.97
373.982
373.994
374.006
374.017
374.027
374.037
374.046
374.055
374.063
374.071
374.078
374.084
374.09
374.095
374.1
374.104
374.108
374.111
374.114
374.116
374.118
374.119
374.119
372.98
372.978
372.975
372.971
372.965
372.957
372.949
372.938
372.926
372.913
372.898
372.882
372.865
372.846
372.826
372.804
372.781
372.757
372.731
372.705
372.677
372.648
372.618
372.587
372.555
372.522
372.488
372.454
372.419
372.383
372.348
372.311
372.275
372.239
372.204
372.172
372.144
372.126
372.126
372.156
372.239
372.408
372.711
373.204
373.955
375.102
376.752
379.029
382.049
385.904
390.644
396.268
402.705
409.821
417.406
425.161
432.644
439.175
443.798
445.529
444.303
443.323
446.016
452.38
461.782
472.663
483.645
492.813
499.911
507.408
516.333
527.267
541.423
559.834
581.669
603.061
617.017
617.578
607.352
581.848
543.915
501.549
463.246
433.28
411.911
397.71
389.1
384.924
384.652
387.41
393.873
404.399
419.344
438.838
462.526
489.417
517.903
546.023
571.822
593.595
609.855
619.18
620.004
613.058
597.261
573.734
544.594
512.732
481.275
452.884
429.226
410.917
397.764
389.153
384.403
383.013
384.785
389.892
398.812
412.159
430.455
453.807
481.576
512.162
543.085
571.417
594.37
609.747
616.305
614.232
604.574
588.65
567.859
543.466
516.858
489.687
463.723
440.505
421.037
405.682
394.237
386.159
380.74
377.277
375.166
373.938
373.257
372.899
372.722
372.644
372.616
372.612
372.621
372.635
372.651
372.668
372.685
372.702
372.719
372.735
372.75
372.766
372.781
372.795
372.809
372.823
372.836
372.848
372.861
372.873
372.884
372.895
372.906
372.916
372.926
372.935
372.944
372.953
372.961
372.969
372.976
372.983
372.99
372.996
373.002
373.007
373.012
373.017
373.022
373.026
373.029
373.032
373.035
373.038
373.04
373.042
373.043
373.044
373.045
373.045
372.287
372.286
372.284
372.281
372.277
372.272
372.266
372.26
372.252
372.243
372.234
372.223
372.212
372.199
372.186
372.172
372.157
372.142
372.125
372.108
372.09
372.071
372.052
372.032
372.012
371.991
371.969
371.947
371.925
371.903
371.88
371.857
371.835
371.813
371.793
371.777
371.767
371.771
371.798
371.866
372.002
372.247
372.644
373.273
374.242
375.659
377.645
380.318
383.78
388.098
393.289
399.308
406.037
413.281
420.771
428.139
434.849
440.084
442.842
441.455
440.142
441.693
446.604
455.356
466.143
477.46
488.548
497.923
504.41
511.143
519.195
529.379
542.789
560.351
581.406
602.351
616.7
617.734
607.386
581.549
543.03
500.469
462.463
432.892
411.769
397.631
388.991
384.732
384.369
387.04
393.411
403.862
418.762
438.263
462.035
489.094
517.821
546.211
572.257
594.226
610.649
620.14
621.138
614.343
598.627
575.02
545.634
513.426
481.621
452.943
429.091
410.649
397.412
388.744
383.939
382.481
384.163
389.147
397.916
411.096
429.242
452.511
480.323
511.117
542.398
571.172
594.577
610.389
617.371
615.663
606.345
590.665
569.972
545.491
518.613
491.049
464.649
441.024
421.222
405.617
394
385.809
380.32
376.814
374.677
373.431
372.737
372.369
372.184
372.097
372.062
372.051
372.053
372.06
372.07
372.08
372.091
372.102
372.112
372.123
372.133
372.142
372.152
372.161
372.17
372.179
372.187
372.195
372.203
372.211
372.218
372.226
372.232
372.239
372.245
372.251
372.257
372.263
372.268
372.273
372.278
372.283
372.287
372.291
372.295
372.298
372.302
372.305
372.307
372.31
372.312
372.314
372.316
372.318
372.319
372.321
372.322
372.322
372.323
372.323
371.837
371.837
371.836
371.834
371.831
371.828
371.825
371.821
371.816
371.81
371.804
371.798
371.791
371.783
371.775
371.766
371.757
371.747
371.737
371.726
371.715
371.704
371.692
371.68
371.667
371.654
371.641
371.628
371.615
371.601
371.588
371.574
371.561
371.55
371.54
371.536
371.542
371.564
371.618
371.725
371.918
372.231
372.745
373.546
374.737
376.434
378.759
381.82
385.697
390.43
395.999
402.313
409.206
416.426
423.639
430.401
436.078
439.867
440.346
436.955
437.75
441.429
449.331
459.918
471.154
481.963
491.336
499.926
507.565
514.665
522.405
531.988
544.659
561.376
581.667
602.058
616.455
617.712
607.164
580.714
541.609
499.144
461.693
432.644
411.777
397.704
389.011
384.673
384.214
386.799
393.076
403.449
418.298
437.795
461.633
488.838
517.783
546.424
572.705
594.864
611.446
621.097
622.269
615.631
600.013
576.348
546.743
514.218
482.09
453.144
429.096
410.54
397.22
388.493
383.634
382.112
383.707
388.575
397.196
410.211
428.2
451.369
479.197
510.165
541.774
570.967
594.808
611.038
618.424
617.07
608.08
592.644
572.051
547.488
520.354
492.417
465.608
441.605
421.494
405.661
393.899
385.612
380.065
376.526
374.369
373.111
372.409
372.034
371.843
371.751
371.711
371.696
371.693
371.696
371.701
371.707
371.713
371.72
371.726
371.732
371.739
371.745
371.75
371.756
371.762
371.767
371.772
371.777
371.782
371.787
371.791
371.796
371.8
371.804
371.808
371.812
371.815
371.819
371.822
371.825
371.828
371.831
371.834
371.836
371.839
371.841
371.843
371.845
371.847
371.848
371.85
371.851
371.852
371.853
371.854
371.855
371.855
371.856
371.856
371.856
371.557
371.557
371.556
371.555
371.553
371.552
371.549
371.547
371.544
371.541
371.537
371.533
371.529
371.525
371.52
371.515
371.509
371.503
371.497
371.491
371.485
371.478
371.471
371.464
371.457
371.449
371.442
371.434
371.426
371.419
371.411
371.404
371.397
371.393
371.392
371.397
371.415
371.457
371.538
371.684
371.928
372.337
372.983
373.96
375.38
377.362
380.017
383.442
387.691
392.771
398.626
405.123
412.046
419.083
425.827
431.755
436.265
438.144
435.72
434.172
436.908
443.813
454.118
465.515
476.424
486.634
496.054
503.595
511.058
518.377
526.09
535.272
547.239
563.057
582.43
602.214
616.321
617.593
606.588
579.33
539.8
497.74
461.049
432.574
411.977
397.938
389.168
384.715
384.154
386.651
392.833
403.127
417.923
437.41
461.301
488.635
517.778
546.654
573.162
595.507
612.242
622.05
623.399
616.922
601.415
577.713
547.913
515.096
482.664
453.462
429.225
410.538
397.146
388.357
383.444
381.859
383.373
388.13
396.612
409.468
427.301
450.361
478.183
509.297
541.208
570.801
595.063
611.694
619.467
618.453
609.779
594.581
574.087
549.443
522.063
493.77
466.574
442.218
421.823
405.785
393.884
385.517
379.922
376.356
374.184
372.917
372.21
371.83
371.636
371.541
371.497
371.479
371.474
371.473
371.475
371.479
371.482
371.486
371.49
371.493
371.497
371.5
371.504
371.507
371.511
371.514
371.517
371.52
371.523
371.525
371.528
371.531
371.533
371.536
371.538
371.54
371.542
371.544
371.546
371.548
371.55
371.552
371.553
371.555
371.556
371.557
371.559
371.56
371.561
371.562
371.562
371.563
371.564
371.565
371.565
371.566
371.566
371.566
371.566
371.566
371.388
371.388
371.388
371.387
371.386
371.385
371.384
371.383
371.381
371.379
371.377
371.375
371.373
371.37
371.367
371.364
371.361
371.358
371.355
371.351
371.348
371.344
371.34
371.336
371.332
371.328
371.324
371.32
371.316
371.312
371.308
371.305
371.303
371.303
371.308
371.323
371.353
371.414
371.521
371.708
372.024
372.532
373.315
374.475
376.124
378.38
381.344
385.092
389.652
394.999
401.038
407.598
414.411
421.099
427.163
432.099
435.118
434.763
430.964
432.461
437.978
448.088
460.161
471.563
481.372
489.839
498.674
507.124
515.021
522.634
530.437
539.348
550.644
565.483
583.777
602.69
616.34
617.338
605.648
577.513
537.811
496.447
460.65
432.751
412.366
398.308
389.425
384.843
384.154
386.565
392.654
402.869
417.611
437.085
461.02
488.47
517.795
546.895
573.622
596.149
613.037
622.998
624.526
618.215
602.831
579.11
549.137
516.046
483.326
453.875
429.451
410.632
397.148
388.302
383.333
381.687
383.125
387.781
396.134
408.839
426.522
449.469
477.271
508.508
540.697
570.674
595.343
612.36
620.5
619.813
611.439
596.471
576.071
551.348
523.727
495.093
467.53
442.841
422.182
405.954
393.929
385.488
379.85
376.262
374.078
372.805
372.093
371.711
371.515
371.418
371.372
371.352
371.345
371.343
371.343
371.344
371.346
371.348
371.35
371.352
371.354
371.356
371.358
371.36
371.362
371.364
371.365
371.367
371.369
371.37
371.372
371.373
371.375
371.376
371.377
371.378
371.38
371.381
371.382
371.383
371.384
371.385
371.386
371.387
371.387
371.388
371.389
371.389
371.39
371.391
371.391
371.392
371.392
371.392
371.393
371.393
371.393
371.393
371.393
371.393
371.291
371.291
371.29
371.29
371.29
371.289
371.288
371.288
371.287
371.286
371.285
371.283
371.282
371.281
371.279
371.278
371.276
371.275
371.273
371.271
371.269
371.267
371.265
371.263
371.261
371.259
371.257
371.256
371.254
371.252
371.25
371.25
371.251
371.255
371.266
371.288
371.332
371.41
371.549
371.787
372.176
372.788
373.711
375.05
376.919
379.427
382.663
386.68
391.479
397.002
403.12
409.62
416.181
422.342
427.569
431.249
432.415
429.175
428.367
432.107
441.684
454.635
467.356
477.904
486.681
495.852
503.821
511.91
519.877
527.663
535.536
544.214
554.855
568.643
585.7
603.516
616.424
616.935
604.394
575.444
535.883
495.458
460.589
433.204
412.944
398.803
389.767
385.032
384.206
386.523
392.517
402.654
417.343
436.801
460.776
488.332
517.829
547.142
574.082
596.79
613.827
623.941
625.65
619.508
604.259
580.536
550.407
517.06
484.061
454.364
429.75
410.796
397.217
388.3
383.277
381.572
382.939
387.502
395.738
408.306
425.848
448.684
476.455
507.795
540.241
570.584
595.649
613.037
621.525
621.15
613.059
598.312
577.997
553.192
525.336
496.374
468.461
443.459
422.552
406.148
394.008
385.496
379.823
376.214
374.02
372.742
372.027
371.644
371.446
371.348
371.301
371.28
371.272
371.268
371.268
371.268
371.269
371.27
371.271
371.272
371.273
371.274
371.275
371.276
371.277
371.278
371.279
371.28
371.281
371.281
371.282
371.283
371.284
371.285
371.285
371.286
371.286
371.287
371.288
371.288
371.289
371.289
371.29
371.29
371.291
371.291
371.291
371.292
371.292
371.292
371.293
371.293
371.293
371.293
371.293
371.293
371.294
371.294
371.294
371.294
371.236
371.236
371.235
371.235
371.235
371.235
371.235
371.234
371.234
371.233
371.233
371.232
371.232
371.231
371.23
371.23
371.229
371.228
371.227
371.226
371.226
371.225
371.224
371.223
371.222
371.221
371.221
371.22
371.219
371.219
371.219
371.22
371.223
371.231
371.247
371.277
371.333
371.434
371.609
371.899
372.364
373.079
374.138
375.646
377.713
380.439
383.897
388.119
393.081
398.69
404.781
411.098
417.258
422.755
426.908
428.806
428.135
424.693
427.102
435.302
448.635
463.062
475.263
484.283
491.205
500.371
509.387
517.752
525.739
533.526
541.344
549.747
559.728
572.426
588.125
604.649
616.579
616.416
602.911
573.349
534.269
494.951
460.958
433.957
413.713
399.415
390.18
385.266
384.288
386.509
392.405
402.464
417.099
436.541
460.552
488.21
517.871
547.389
574.538
597.425
614.612
624.878
626.769
620.801
605.697
581.986
551.718
518.128
484.857
454.916
430.107
411.011
397.332
388.342
383.26
381.497
382.798
387.277
395.408
407.852
425.265
447.997
475.732
507.158
539.838
570.53
595.979
613.725
622.543
622.464
614.641
600.099
579.861
554.97
526.883
497.604
469.358
444.059
422.921
406.352
394.106
385.53
379.821
376.194
373.991
372.708
371.992
371.607
371.408
371.31
371.262
371.241
371.231
371.228
371.226
371.226
371.226
371.227
371.227
371.228
371.228
371.229
371.229
371.23
371.23
371.231
371.231
371.232
371.232
371.232
371.233
371.233
371.234
371.234
371.234
371.235
371.235
371.235
371.235
371.236
371.236
371.236
371.236
371.237
371.237
371.237
371.237
371.237
371.238
371.238
371.238
371.238
371.238
371.238
371.238
371.238
371.238
371.238
371.238
371.238
371.206
371.206
371.206
371.206
371.205
371.205
371.205
371.205
371.205
371.205
371.204
371.204
371.204
371.204
371.204
371.203
371.203
371.203
371.202
371.202
371.202
371.202
371.201
371.201
371.201
371.201
371.201
371.201
371.201
371.201
371.202
371.205
371.21
371.221
371.241
371.28
371.351
371.475
371.686
372.029
372.567
373.38
374.561
376.215
378.446
381.343
384.967
389.329
394.377
399.988
405.952
411.962
417.619
422.313
424.952
424.351
421.756
422.586
428.653
441.79
457.975
472.573
483.752
492.453
499.869
508.356
516.863
524.926
532.628
540.155
547.721
555.748
565.046
576.646
590.926
606.018
616.779
615.824
601.348
571.488
533.203
495.044
461.791
435.019
414.67
400.135
390.654
385.536
384.39
386.509
392.306
402.285
416.866
436.29
460.336
488.091
517.912
547.63
574.986
598.052
615.391
625.808
627.884
622.091
607.142
583.458
553.065
519.242
485.705
455.518
430.51
411.265
397.479
388.412
383.267
381.45
382.691
387.095
395.133
407.468
424.767
447.403
475.1
506.598
539.493
570.52
596.336
614.426
623.552
623.755
616.185
601.832
581.659
556.677
528.363
498.779
470.215
444.635
423.278
406.556
394.211
385.576
379.833
376.19
373.978
372.691
371.973
371.588
371.388
371.289
371.242
371.22
371.21
371.206
371.204
371.204
371.204
371.204
371.204
371.204
371.205
371.205
371.205
371.205
371.205
371.206
371.206
371.206
371.206
371.206
371.206
371.207
371.207
371.207
371.207
371.207
371.207
371.207
371.208
371.208
371.208
371.208
371.208
371.208
371.208
371.208
371.208
371.208
371.208
371.208
371.209
371.209
371.209
371.209
371.209
371.209
371.209
371.209
371.209
371.209
371.19
371.19
371.19
371.19
371.19
371.19
371.19
371.189
371.189
371.189
371.189
371.189
371.189
371.189
371.189
371.189
371.189
371.189
371.189
371.189
371.189
371.189
371.189
371.189
371.19
371.19
371.19
371.19
371.191
371.192
371.194
371.197
371.204
371.218
371.243
371.291
371.376
371.524
371.768
372.159
372.762
373.656
374.936
376.701
379.051
382.067
385.797
390.236
395.305
400.843
406.586
412.221
417.249
420.811
421.657
417.978
418.085
421.959
434.424
452.247
469.391
482.524
492.389
503.581
511.884
519.326
526.553
533.592
540.504
547.415
554.48
561.994
570.576
581.097
593.954
607.542
617.016
615.203
599.897
570.1
532.959
495.791
463.106
436.389
415.807
400.955
391.181
385.832
384.504
386.515
392.21
402.107
416.633
436.038
460.116
487.966
517.944
547.861
575.422
598.67
616.161
626.729
628.993
623.378
608.592
584.947
554.442
520.396
486.596
456.16
430.947
411.548
397.65
388.502
383.296
381.425
382.609
386.947
394.904
407.146
424.346
446.899
474.562
506.121
539.209
570.549
596.72
615.138
624.553
625.025
617.689
603.509
583.389
558.311
529.773
499.893
471.026
445.181
423.619
406.753
394.316
385.627
379.854
376.193
373.974
372.684
371.964
371.578
371.378
371.279
371.231
371.209
371.199
371.195
371.193
371.192
371.192
371.192
371.192
371.192
371.192
371.192
371.192
371.192
371.192
371.192
371.192
371.192
371.192
371.193
371.193
371.193
371.193
371.193
371.193
371.193
371.193
371.193
371.193
371.193
371.193
371.193
371.193
371.193
371.193
371.193
371.193
371.193
371.193
371.193
371.193
371.193
371.193
371.193
371.193
371.193
371.193
371.193
371.193
371.193
371.181
371.181
371.181
371.181
371.181
371.181
371.181
371.181
371.181
371.181
371.181
371.181
371.181
371.181
371.182
371.182
371.182
371.182
371.182
371.182
371.182
371.183
371.183
371.183
371.183
371.184
371.184
371.185
371.186
371.187
371.189
371.194
371.202
371.218
371.249
371.304
371.402
371.568
371.839
372.267
372.915
373.865
375.208
377.041
379.457
382.536
386.319
390.783
395.821
401.223
406.722
411.86
416.003
418.202
417.123
413.641
416.826
428.046
446.42
466.081
481.864
492.356
501.071
514.326
524.017
531.223
537.424
543.268
549.084
555.081
561.413
568.277
576.109
585.591
597.073
609.154
617.292
614.597
598.719
569.589
533.437
497.225
464.899
438.053
417.113
401.865
391.753
386.147
384.623
386.521
392.109
401.922
416.389
435.773
459.881
487.827
517.961
548.077
575.845
599.275
616.921
627.642
630.094
624.661
610.045
586.45
555.844
521.583
487.521
456.834
431.412
411.853
397.838
388.607
383.338
381.415
382.549
386.827
394.716
406.879
423.998
446.482
474.118
505.731
538.993
570.622
597.132
615.863
625.548
626.272
619.153
605.129
585.05
559.871
531.111
500.945
471.787
445.692
423.938
406.94
394.418
385.679
379.877
376.202
373.975
372.681
371.96
371.572
371.373
371.273
371.225
371.203
371.193
371.189
371.187
371.186
371.186
371.186
371.186
371.186
371.186
371.186
371.186
371.186
371.186
371.186
371.186
371.186
371.185
371.185
371.185
371.185
371.185
371.185
371.185
371.185
371.185
371.185
371.185
371.185
371.185
371.185
371.185
371.185
371.185
371.185
371.185
371.185
371.185
371.185
371.185
371.185
371.185
371.185
371.185
371.185
371.185
371.185
371.185
371.185
371.176
371.176
371.177
371.177
371.177
371.177
371.177
371.177
371.177
371.177
371.177
371.177
371.177
371.177
371.177
371.177
371.178
371.178
371.178
371.178
371.179
371.179
371.179
371.179
371.18
371.18
371.181
371.181
371.182
371.184
371.187
371.192
371.201
371.22
371.253
371.314
371.419
371.595
371.88
372.324
372.992
373.963
375.327
377.181
379.618
382.715
386.51
390.97
395.958
401.206
406.297
410.739
413.83
414.353
410.314
411.744
420.586
438.911
461.321
480.974
494.429
503.378
514.513
525.371
533.817
540.825
546.94
552.384
557.537
562.731
568.272
574.411
581.479
589.983
600.178
610.813
617.653
614.277
598.357
569.877
534.773
499.333
467.14
439.985
418.567
402.852
392.359
386.475
384.743
386.521
391.998
401.723
416.129
435.489
459.625
487.663
517.954
548.272
576.25
599.868
617.67
628.545
631.188
625.936
611.498
587.964
557.268
522.798
488.475
457.534
431.898
412.173
398.039
388.722
383.39
381.416
382.505
386.733
394.565
406.664
423.718
446.15
473.77
505.435
538.851
570.746
597.576
616.603
626.538
627.497
620.576
606.692
586.641
561.354
532.374
501.932
472.497
446.166
424.233
407.113
394.514
385.729
379.901
376.212
373.978
372.681
371.958
371.57
371.37
371.27
371.222
371.2
371.19
371.186
371.184
371.183
371.183
371.182
371.182
371.182
371.182
371.182
371.182
371.182
371.182
371.182
371.182
371.182
371.182
371.182
371.182
371.182
371.182
371.182
371.182
371.182
371.182
371.182
371.182
371.182
371.182
371.182
371.182
371.181
371.181
371.181
371.181
371.181
371.181
371.181
371.181
371.181
371.181
371.181
371.181
371.181
371.181
371.181
371.181
371.181
371.174
371.174
371.174
371.174
371.174
371.174
371.174
371.174
371.174
371.174
371.174
371.174
371.175
371.175
371.175
371.175
371.175
371.175
371.176
371.176
371.176
371.176
371.177
371.177
371.178
371.178
371.179
371.179
371.18
371.182
371.185
371.19
371.2
371.219
371.254
371.315
371.421
371.597
371.881
372.322
372.984
373.943
375.29
377.123
379.54
382.62
386.399
390.819
395.685
400.637
405.178
408.73
410.534
409.321
406.202
411.377
428.742
453.803
478.169
496.309
507.254
513.985
520.936
526.811
533.462
540.88
548.834
556.788
563.91
569.478
574.676
580.213
586.568
594.176
603.205
612.508
618.156
614.371
598.593
570.921
536.941
502.057
469.777
442.15
420.147
403.899
392.99
386.807
384.858
386.512
391.874
401.508
415.849
435.18
459.341
487.472
517.922
548.444
576.637
600.445
618.408
629.438
632.272
627.204
612.95
589.486
558.708
524.033
489.449
458.252
432.398
412.505
398.248
388.844
383.45
381.429
382.476
386.661
394.447
406.496
423.503
445.901
473.517
505.236
538.796
570.929
598.054
617.358
627.524
628.699
621.959
608.197
588.161
562.761
533.564
502.853
473.154
446.601
424.503
407.271
394.602
385.775
379.925
376.223
373.982
372.682
371.957
371.569
371.368
371.268
371.22
371.198
371.188
371.184
371.182
371.181
371.181
371.181
371.18
371.18
371.18
371.18
371.18
371.18
371.18
371.18
371.18
371.18
371.18
371.18
371.18
371.18
371.18
371.18
371.18
371.18
371.18
371.18
371.18
371.18
371.179
371.179
371.179
371.179
371.179
371.179
371.179
371.179
371.179
371.179
371.179
371.179
371.179
371.179
371.179
371.179
371.179
371.179
371.179
371.179
371.172
371.172
371.172
371.172
371.172
371.172
371.172
371.172
371.172
371.172
371.173
371.173
371.173
371.173
371.173
371.173
371.173
371.174
371.174
371.174
371.174
371.175
371.175
371.175
371.176
371.176
371.177
371.178
371.179
371.18
371.183
371.188
371.197
371.214
371.245
371.299
371.394
371.551
371.805
372.203
372.807
373.695
374.962
376.715
379.062
382.09
385.828
390.186
394.895
399.471
403.273
405.66
405.945
402.101
404.657
417.986
443
471.157
494.7
509.146
513.477
513.678
512.802
515.451
521.726
531.338
542.823
554.338
564.49
573.431
579.862
585.422
591.277
598.114
606.121
614.248
618.843
614.77
599.385
572.809
539.843
505.308
472.747
444.505
421.825
404.988
393.633
387.137
384.965
386.49
391.735
401.274
415.545
434.843
459.026
487.247
517.858
548.59
577.002
601.007
619.133
630.32
633.346
628.462
614.397
591.012
560.16
525.284
490.439
458.982
432.908
412.844
398.462
388.97
383.515
381.449
382.46
386.609
394.358
406.372
423.347
445.729
473.359
505.139
538.836
571.179
598.571
618.129
628.507
629.879
623.301
609.644
589.612
564.092
534.679
503.707
473.757
446.996
424.747
407.414
394.682
385.819
379.947
376.234
373.987
372.684
371.957
371.568
371.367
371.267
371.219
371.197
371.187
371.183
371.181
371.18
371.18
371.179
371.179
371.179
371.179
371.179
371.179
371.179
371.179
371.179
371.179
371.179
371.179
371.179
371.179
371.179
371.179
371.179
371.178
371.178
371.178
371.178
371.178
371.178
371.178
371.178
371.178
371.178
371.178
371.178
371.178
371.178
371.178
371.178
371.178
371.178
371.178
371.178
371.178
371.178
371.178
371.178
371.178
371.178
371.171
371.171
371.171
371.171
371.171
371.171
371.171
371.171
371.171
371.171
371.171
371.171
371.171
371.172
371.172
371.172
371.172
371.172
371.172
371.173
371.173
371.173
371.174
371.174
371.174
371.175
371.175
371.176
371.177
371.178
371.179
371.182
371.188
371.198
371.217
371.252
371.314
371.423
371.608
371.913
372.401
373.158
374.291
375.921
378.173
381.14
384.831
389.106
393.596
397.657
400.431
401.171
400.069
397.99
405.473
428.359
459.234
487.347
506.314
512.149
508.875
499.856
493.968
494.54
500.612
512.288
527.995
545.082
560.717
573.083
582.912
589.624
595.474
601.76
608.914
616.044
619.754
615.585
600.836
575.437
543.353
508.983
475.977
447.001
423.565
406.098
394.275
387.456
385.06
386.455
391.581
401.021
415.219
434.479
458.678
486.988
517.761
548.707
577.346
601.553
619.847
631.19
634.409
629.71
615.837
592.539
561.619
526.544
491.437
459.719
433.422
413.186
398.679
389.099
383.584
381.476
382.455
386.576
394.298
406.288
423.248
445.632
473.293
505.147
538.96
571.498
599.131
618.92
629.488
631.037
624.602
611.035
590.992
565.348
535.719
504.495
474.306
447.352
424.964
407.541
394.754
385.858
379.968
376.244
373.992
372.686
371.958
371.568
371.367
371.266
371.218
371.196
371.186
371.182
371.18
371.179
371.179
371.178
371.178
371.178
371.178
371.178
371.178
371.178
371.178
371.178
371.178
371.178
371.178
371.178
371.178
371.178
371.178
371.178
371.178
371.178
371.178
371.178
371.178
371.178
371.178
371.177
371.177
371.177
371.177
371.177
371.177
371.177
371.177
371.177
371.177
371.177
371.177
371.177
371.177
371.177
371.177
371.177
371.177
371.177
371.17
371.17
371.17
371.17
371.17
371.17
371.17
371.17
371.17
371.17
371.17
371.17
371.17
371.17
371.171
371.171
371.171
371.171
371.171
371.171
371.172
371.172
371.172
371.173
371.173
371.173
371.174
371.174
371.174
371.174
371.174
371.172
371.17
371.166
371.161
371.158
371.16
371.181
371.247
371.4
371.711
372.278
373.23
374.715
376.87
379.784
383.428
387.584
391.761
395.131
396.538
394.901
392.387
396.472
414.259
444.391
476.043
500.337
510.201
509.875
495.786
483.3
475.546
474.755
480.065
491.992
509.593
530.635
551.808
569.665
582.73
592.331
599.003
605.082
611.581
617.906
620.916
616.833
602.886
578.654
547.328
512.969
479.386
449.58
425.331
407.202
394.901
387.757
385.139
386.405
391.411
400.752
414.873
434.09
458.3
486.695
517.63
548.795
577.668
602.083
620.547
632.049
635.46
630.945
617.268
594.063
563.079
527.806
492.436
460.456
433.935
413.527
398.895
389.229
383.656
381.508
382.46
386.559
394.265
406.243
423.203
445.602
473.306
505.238
539.177
571.891
599.738
619.731
630.468
632.172
625.864
612.369
592.304
566.528
536.686
505.217
474.801
447.668
425.156
407.653
394.818
385.894
379.987
376.255
373.997
372.688
371.958
371.568
371.366
371.266
371.218
371.195
371.185
371.181
371.179
371.178
371.178
371.178
371.178
371.178
371.178
371.177
371.177
371.177
371.177
371.177
371.177
371.177
371.177
371.177
371.177
371.177
371.177
371.177
371.177
371.177
371.177
371.177
371.177
371.177
371.177
371.177
371.177
371.177
371.177
371.177
371.177
371.177
371.177
371.177
371.177
371.177
371.177
371.177
371.177
371.177
371.177
371.177
371.177
371.177
371.169
371.169
371.169
371.169
371.169
371.169
371.169
371.169
371.169
371.169
371.169
371.169
371.169
371.169
371.169
371.17
371.17
371.17
371.17
371.17
371.17
371.171
371.171
371.171
371.171
371.172
371.172
371.172
371.171
371.168
371.164
371.154
371.137
371.109
371.063
370.995
370.901
370.788
370.677
370.615
370.685
371.014
371.759
373.098
375.176
378.056
381.642
385.609
389.322
391.778
391.572
387.121
389.208
400.301
427.433
461.192
490.007
506.556
509.576
500.378
484.342
470.504
461.707
459.864
464.346
475.563
493.139
515.551
540.065
562.86
580.642
593.009
601.478
607.959
614.102
619.825
622.327
618.466
605.409
582.299
551.621
517.152
482.889
452.182
427.079
408.274
395.493
388.031
385.199
386.34
391.228
400.47
414.511
433.68
457.897
486.371
517.468
548.854
577.968
602.598
621.236
632.896
636.498
632.166
618.688
595.579
564.534
529.065
493.431
461.187
434.444
413.864
399.109
389.358
383.729
381.545
382.474
386.557
394.254
406.23
423.199
445.632
473.399
505.425
539.49
572.363
600.394
620.565
631.447
633.285
627.086
613.648
593.549
567.636
537.581
505.875
475.245
447.947
425.324
407.751
394.875
385.927
380.006
376.265
374.003
372.69
371.959
371.568
371.366
371.265
371.217
371.195
371.185
371.18
371.178
371.178
371.177
371.177
371.177
371.177
371.177
371.177
371.177
371.177
371.177
371.177
371.177
371.177
371.177
371.177
371.177
371.177
371.177
371.176
371.176
371.176
371.176
371.176
371.176
371.176
371.176
371.176
371.176
371.176
371.176
371.176
371.176
371.176
371.176
371.176
371.176
371.176
371.176
371.176
371.176
371.176
371.176
371.176
371.176
371.176
371.168
371.168
371.168
371.168
371.168
371.168
371.168
371.168
371.168
371.168
371.168
371.168
371.168
371.168
371.168
371.168
371.168
371.169
371.169
371.169
371.169
371.169
371.17
371.17
371.17
371.17
371.17
371.168
371.165
371.159
371.147
371.124
371.083
371.014
370.905
370.739
370.506
370.204
369.854
369.514
369.293
369.351
369.885
371.099
373.132
375.99
379.477
383.132
386.169
387.416
385.608
382.287
389.114
412.201
445.737
477.442
499.563
507.319
506.465
491.294
474.866
460.615
451.366
448.972
452.882
463.384
480.342
502.679
528.404
554.274
576.352
592.229
603.086
610.359
616.442
621.776
623.958
620.404
608.262
586.213
556.085
521.411
486.394
454.738
428.763
409.283
396.035
388.269
385.235
386.261
391.035
400.18
414.139
433.258
457.475
486.024
517.278
548.889
578.248
603.099
621.914
633.732
637.524
633.373
620.092
597.083
565.98
530.313
494.415
461.908
434.943
414.194
399.318
389.485
383.803
381.587
382.497
386.57
394.265
406.252
423.246
445.726
473.57
505.704
539.899
572.916
601.104
621.423
632.426
634.376
628.269
614.872
594.728
568.672
538.406
506.469
475.638
448.191
425.47
407.839
394.928
385.959
380.025
376.276
374.009
372.693
371.96
371.568
371.365
371.265
371.216
371.194
371.184
371.18
371.178
371.177
371.177
371.176
371.176
371.176
371.176
371.176
371.176
371.176
371.176
371.176
371.176
371.176
371.176
371.176
371.176
371.176
371.176
371.176
371.176
371.176
371.176
371.176
371.176
371.176
371.176
371.176
371.176
371.176
371.176
371.176
371.176
371.176
371.176
371.176
371.176
371.176
371.176
371.176
371.176
371.176
371.176
371.176
371.176
371.176
371.167
371.167
371.167
371.167
371.167
371.167
371.167
371.167
371.167
371.167
371.167
371.167
371.167
371.167
371.167
371.167
371.167
371.167
371.168
371.168
371.168
371.168
371.168
371.168
371.168
371.168
371.167
371.163
371.157
371.144
371.119
371.074
370.997
370.868
370.665
370.364
369.941
369.392
368.743
368.072
367.522
367.299
367.643
368.769
370.787
373.606
376.89
380.043
382.136
381.758
377.048
380.49
397.985
429.502
463.664
490.094
503.548
506.296
498.098
482.809
466.216
452.032
442.918
440.542
444.245
454.337
470.741
492.585
518.383
545.641
570.717
590.159
603.265
612.085
618.537
623.716
625.755
622.552
611.306
590.243
560.58
525.629
489.806
457.178
430.332
410.198
396.509
388.463
385.249
386.167
390.835
399.886
413.766
432.83
457.043
485.66
517.068
548.903
578.512
603.587
622.582
634.557
638.535
634.562
621.48
598.57
567.409
531.544
495.381
462.613
435.429
414.515
399.521
389.609
383.877
381.632
382.529
386.598
394.301
406.307
423.338
445.878
473.812
506.067
540.4
573.552
601.87
622.307
633.406
635.447
629.414
616.044
595.844
569.64
539.163
507.005
475.986
448.405
425.6
407.919
394.978
385.991
380.045
376.288
374.015
372.697
371.962
371.568
371.365
371.264
371.216
371.193
371.183
371.179
371.177
371.176
371.176
371.176
371.176
371.176
371.176
371.176
371.176
371.176
371.176
371.175
371.175
371.175
371.175
371.175
371.175
371.175
371.175
371.175
371.175
371.175
371.175
371.175
371.175
371.175
371.175
371.175
371.175
371.175
371.175
371.175
371.175
371.175
371.175
371.175
371.175
371.175
371.175
371.175
371.175
371.175
371.175
371.175
371.175
371.175
371.166
371.166
371.166
371.166
371.166
371.166
371.166
371.166
371.166
371.166
371.166
371.166
371.166
371.166
371.166
371.166
371.166
371.166
371.166
371.166
371.167
371.167
371.167
371.167
371.166
371.165
371.162
371.156
371.144
371.12
371.076
370.998
370.866
370.652
370.322
369.838
369.173
368.32
367.32
366.28
365.387
364.897
365.087
366.168
368.176
370.877
373.761
376.111
376.951
374.989
371.895
381.798
410.566
447.371
478.968
498.555
504.704
503.287
490.614
474.265
457.621
443.958
435.474
433.588
437.413
447.427
463.507
484.875
510.337
537.973
564.759
587.064
602.797
613.213
620.336
625.59
627.652
624.816
614.416
594.253
564.974
529.687
493.027
459.426
431.737
410.987
396.897
388.604
385.234
386.06
390.633
399.597
413.399
432.409
456.613
485.292
516.848
548.903
578.763
604.067
623.242
635.371
639.533
635.734
622.846
600.038
568.816
532.752
496.324
463.297
435.899
414.823
399.716
389.729
383.95
381.68
382.568
386.64
394.358
406.394
423.472
446.083
474.12
506.508
540.987
574.27
602.694
623.218
634.388
636.497
630.522
617.164
596.899
570.542
539.856
507.485
476.293
448.594
425.717
407.994
395.029
386.025
380.068
376.302
374.023
372.701
371.964
371.569
371.365
371.264
371.215
371.193
371.182
371.178
371.176
371.175
371.175
371.175
371.175
371.175
371.175
371.175
371.175
371.175
371.175
371.175
371.175
371.175
371.175
371.175
371.175
371.175
371.175
371.175
371.175
371.175
371.175
371.175
371.175
371.175
371.175
371.175
371.175
371.175
371.175
371.175
371.175
371.175
371.175
371.175
371.175
371.175
371.175
371.175
371.175
371.175
371.175
371.175
371.175
371.175
371.165
371.165
371.165
371.165
371.165
371.165
371.165
371.165
371.165
371.165
371.165
371.165
371.165
371.165
371.165
371.165
371.165
371.165
371.165
371.165
371.165
371.165
371.165
371.165
371.164
371.161
371.156
371.145
371.124
371.084
371.011
370.886
370.677
370.346
369.847
369.133
368.171
366.963
365.572
364.145
362.921
362.201
362.282
363.34
365.295
367.713
369.871
371
370.259
365.565
369.942
391.699
428.336
464.751
490.788
502.395
504.127
496.679
482.284
465.124
448.873
436.174
428.695
427.618
431.822
442.04
458.023
479.047
504.093
531.625
559.202
583.486
601.691
613.912
621.849
627.354
629.582
627.112
617.488
598.124
569.148
533.473
495.96
461.409
432.926
411.62
397.181
388.683
385.191
385.942
390.433
399.318
413.049
432.006
456.197
484.931
516.627
548.898
579.009
604.542
623.897
636.177
640.516
636.887
624.191
601.48
570.196
533.93
497.238
463.957
436.35
415.118
399.902
389.844
384.022
381.73
382.614
386.695
394.437
406.511
423.646
446.339
474.489
507.021
541.654
575.065
603.576
624.16
635.368
637.527
631.595
618.236
597.896
571.383
540.491
507.918
476.567
448.765
425.829
408.072
395.084
386.064
380.094
376.319
374.033
372.706
371.966
371.569
371.365
371.263
371.214
371.192
371.182
371.177
371.175
371.175
371.174
371.174
371.174
371.174
371.174
371.174
371.174
371.174
371.174
371.174
371.174
371.174
371.174
371.174
371.174
371.174
371.174
371.174
371.174
371.174
371.174
371.174
371.174
371.174
371.174
371.174
371.174
371.174
371.174
371.174
371.174
371.174
371.174
371.174
371.174
371.174
371.174
371.174
371.174
371.174
371.174
371.174
371.174
371.174
371.164
371.164
371.164
371.164
371.164
371.164
371.164
371.164
371.164
371.164
371.164
371.164
371.164
371.164
371.164
371.164
371.164
371.164
371.164
371.164
371.164
371.164
371.163
371.162
371.16
371.156
371.147
371.129
371.094
371.029
370.915
370.723
370.41
369.927
369.214
368.218
366.909
365.304
363.501
361.693
360.17
359.269
359.274
360.294
362.085
363.956
364.915
364.24
362.312
360.021
372.166
405.626
446.485
479.428
498.382
504.106
500.983
489.108
472.75
455.476
440.144
428.741
422.516
422.398
427.199
437.83
453.897
474.717
499.384
526.618
554.429
579.92
600.109
613.94
623.029
628.977
631.488
629.372
620.44
601.763
572.997
536.882
498.513
463.056
433.85
412.066
397.348
388.704
385.119
385.815
390.24
399.058
412.724
431.632
455.809
484.592
516.418
548.899
579.256
605.017
624.55
636.975
641.485
638.02
625.509
602.892
571.541
535.072
498.118
464.587
436.778
415.398
400.079
389.953
384.093
381.784
382.668
386.764
394.536
406.658
423.861
446.645
474.917
507.601
542.395
575.934
604.515
625.133
636.347
638.538
632.633
619.262
598.839
572.167
541.074
508.31
476.817
448.928
425.943
408.158
395.149
386.111
380.126
376.339
374.045
372.712
371.969
371.57
371.365
371.262
371.213
371.191
371.181
371.176
371.174
371.174
371.173
371.173
371.173
371.173
371.173
371.173
371.173
371.173
371.173
371.173
371.173
371.173
371.173
371.173
371.173
371.173
371.173
371.173
371.173
371.173
371.173
371.173
371.173
371.173
371.173
371.173
371.173
371.173
371.173
371.173
371.173
371.173
371.173
371.173
371.173
371.173
371.173
371.173
371.173
371.173
371.173
371.173
371.173
371.173
371.162
371.162
371.162
371.162
371.162
371.162
371.162
371.162
371.162
371.162
371.162
371.162
371.162
371.162
371.162
371.162
371.162
371.162
371.162
371.162
371.162
371.162
371.161
371.159
371.156
371.148
371.133
371.103
371.048
370.949
370.778
370.494
370.046
369.368
368.393
367.066
365.366
363.337
361.119
358.956
357.181
356.144
356.075
356.978
358.415
359.419
358.672
355.337
352.12
357.944
383.462
424.56
464.092
491.131
502.527
503.933
494.684
479.747
462.514
445.782
431.706
421.781
416.993
417.784
423.436
434.599
450.879
471.617
495.979
522.854
550.587
576.713
598.343
613.784
623.952
630.448
633.324
631.543
623.211
605.095
576.432
539.815
500.597
464.298
434.466
412.299
397.399
388.654
385.018
385.68
390.058
398.825
412.437
431.3
455.463
484.289
516.237
548.916
579.512
605.497
625.203
637.768
642.441
639.132
626.8
604.271
572.848
536.174
498.96
465.187
437.184
415.662
400.246
390.058
384.162
381.839
382.729
386.845
394.656
406.835
424.116
447.002
475.403
508.244
543.203
576.872
605.51
626.136
637.327
639.53
633.638
620.245
599.732
572.901
541.613
508.672
477.056
449.095
426.071
408.259
395.228
386.17
380.166
376.365
374.06
372.72
371.972
371.571
371.364
371.261
371.212
371.189
371.179
371.175
371.173
371.172
371.172
371.172
371.172
371.172
371.172
371.172
371.172
371.172
371.172
371.172
371.172
371.172
371.172
371.172
371.172
371.172
371.172
371.172
371.172
371.172
371.172
371.172
371.172
371.172
371.172
371.172
371.172
371.172
371.172
371.172
371.172
371.172
371.172
371.172
371.172
371.172
371.172
371.172
371.172
371.172
371.172
371.172
371.172
371.172
371.161
371.161
371.161
371.161
371.161
371.161
371.161
371.161
371.161
371.161
371.161
371.161
371.161
371.161
371.161
371.161
371.161
371.161
371.16
371.16
371.16
371.16
371.158
371.155
371.149
371.136
371.112
371.066
370.981
370.834
370.585
370.183
369.561
368.644
367.359
365.654
363.529
361.063
358.445
355.969
353.991
352.837
352.645
353.269
354.085
353.964
351.301
345.11
347.323
362.296
399.357
443.819
479.034
498.521
503.902
499.827
486.436
469.584
452.195
436.39
423.751
415.389
412.117
413.851
420.427
432.211
448.799
469.554
493.687
520.207
547.702
574.07
596.658
613.463
624.679
631.778
635.066
633.593
625.76
608.066
579.376
542.188
502.132
465.072
434.744
412.337
397.312
388.529
384.888
385.542
389.894
398.624
412.195
431.023
455.175
484.039
516.098
548.963
579.788
605.989
625.86
638.556
643.382
640.223
628.06
605.612
574.112
537.231
499.761
465.753
437.566
415.911
400.403
390.157
384.229
381.898
382.797
386.94
394.797
407.044
424.412
447.409
475.946
508.948
544.076
577.872
606.556
627.167
638.307
640.505
634.612
621.188
600.581
573.591
542.117
509.017
477.296
449.279
426.223
408.386
395.329
386.244
380.217
376.396
374.078
372.729
371.976
371.572
371.363
371.259
371.21
371.187
371.177
371.172
371.17
371.17
371.169
371.169
371.169
371.169
371.169
371.169
371.169
371.169
371.169
371.169
371.169
371.169
371.169
371.169
371.169
371.169
371.169
371.169
371.169
371.169
371.169
371.169
371.169
371.169
371.169
371.169
371.169
371.169
371.169
371.169
371.169
371.169
371.169
371.169
371.169
371.169
371.169
371.169
371.169
371.169
371.169
371.169
371.169
371.169
371.158
371.158
371.158
371.158
371.158
371.158
371.158
371.158
371.158
371.158
371.158
371.158
371.158
371.158
371.158
371.158
371.158
371.158
371.158
371.158
371.157
371.156
371.154
371.149
371.139
371.119
371.081
371.01
370.886
370.672
370.321
369.767
368.931
367.729
366.087
363.965
361.392
358.492
355.504
352.76
350.615
349.324
348.888
348.982
348.881
347.42
343.469
338.543
346.655
375.801
420.237
462.433
490.804
502.258
503.141
492.19
476.431
458.949
442.065
427.487
416.411
409.651
407.904
410.603
418.129
430.581
447.538
468.381
492.355
518.548
545.73
572.092
595.249
613.101
625.283
632.992
636.703
635.506
628.063
610.634
581.764
543.92
503.051
465.358
434.675
412.113
397.079
388.333
384.733
385.404
389.752
398.464
412.01
430.814
454.959
483.859
516.017
549.053
580.094
606.499
626.527
639.343
644.31
641.292
629.288
606.913
575.327
538.238
500.518
466.286
437.926
416.146
400.552
390.252
384.296
381.958
382.872
387.049
394.962
407.286
424.753
447.87
476.55
509.715
545.01
578.932
607.651
628.223
639.287
641.462
635.557
622.094
601.391
574.246
542.6
509.361
477.556
449.497
426.414
408.549
395.458
386.338
380.279
376.434
374.098
372.738
371.978
371.57
371.36
371.255
371.205
371.182
371.172
371.167
371.165
371.165
371.164
371.164
371.164
371.164
371.164
371.164
371.164
371.164
371.164
371.164
371.164
371.164
371.164
371.164
371.164
371.164
371.164
371.164
371.164
371.164
371.164
371.164
371.164
371.164
371.164
371.164
371.164
371.164
371.164
371.164
371.164
371.164
371.164
371.164
371.164
371.164
371.164
371.164
371.164
371.164
371.164
371.164
371.164
371.164
371.154
371.154
371.154
371.154
371.154
371.154
371.154
371.154
371.154
371.154
371.154
371.154
371.154
371.154
371.154
371.154
371.154
371.154
371.154
371.154
371.153
371.151
371.147
371.139
371.123
371.092
371.034
370.93
370.75
370.45
369.967
369.225
368.132
366.599
364.558
361.989
358.959
355.641
352.319
349.349
347.049
345.554
344.681
343.938
342.613
339.632
333.481
335.751
354.116
393.438
440.37
477.695
497.49
502.263
497.231
483.007
465.853
448.349
432.365
419.223
409.794
404.647
404.341
408.035
416.512
429.641
446.997
467.977
491.864
517.758
544.589
570.799
594.235
612.783
625.829
634.123
638.237
637.278
630.107
612.769
583.541
544.934
503.266
465.077
434.195
411.647
396.713
388.073
384.558
385.27
389.637
398.352
411.892
430.686
454.833
483.764
516.015
549.202
580.44
607.037
627.207
640.13
645.226
642.339
630.482
608.169
576.491
539.194
501.231
466.788
438.266
416.369
400.695
390.343
384.361
382.021
382.954
387.172
395.15
407.564
425.142
448.389
477.217
510.546
546.007
580.049
608.793
629.304
640.268
642.403
636.475
622.967
602.167
574.875
543.074
509.72
477.855
449.767
426.658
408.757
395.621
386.455
380.355
376.478
374.12
372.745
371.977
371.565
371.352
371.246
371.196
371.172
371.162
371.157
371.155
371.154
371.154
371.154
371.154
371.153
371.153
371.153
371.153
371.153
371.153
371.153
371.153
371.153
371.153
371.153
371.153
371.153
371.153
371.153
371.153
371.153
371.152
371.152
371.152
371.152
371.152
371.152
371.152
371.152
371.152
371.152
371.152
371.152
371.152
371.152
371.152
371.152
371.152
371.152
371.152
371.152
371.152
371.152
371.152
371.152
371.145
371.145
371.145
371.145
371.145
371.145
371.145
371.145
371.145
371.146
371.146
371.146
371.146
371.146
371.146
371.147
371.147
371.147
371.147
371.146
371.145
371.142
371.136
371.123
371.098
371.051
370.965
370.816
370.562
370.149
369.503
368.532
367.139
365.233
362.758
359.725
356.242
352.532
348.917
345.751
343.279
341.477
339.95
338.061
335.357
331.83
327.355
334.971
364.427
411.797
458.229
488.966
499.989
500.719
488.831
472.716
455.049
438.047
423.273
411.717
403.976
400.474
401.328
406.157
415.54
429.306
447.054
468.231
492.11
517.847
544.341
570.186
593.623
612.772
626.41
635.208
639.679
638.912
631.883
614.434
584.666
545.059
502.749
464.227
433.337
410.956
396.224
387.755
384.369
385.145
389.556
398.297
411.845
430.643
454.8
483.768
516.096
549.424
580.841
607.609
627.905
640.92
646.13
643.363
631.641
609.379
577.601
540.098
501.903
467.262
438.591
416.585
400.833
390.432
384.425
382.085
383.042
387.309
395.364
407.88
425.584
448.972
477.953
511.447
547.066
581.221
609.979
630.406
641.249
643.329
637.368
623.811
602.918
575.49
543.556
510.116
478.213
450.108
426.971
409.022
395.825
386.597
380.443
376.525
374.138
372.747
371.969
371.551
371.335
371.228
371.177
371.153
371.142
371.137
371.135
371.134
371.134
371.133
371.133
371.133
371.132
371.132
371.132
371.132
371.131
371.131
371.131
371.131
371.131
371.13
371.13
371.13
371.13
371.13
371.13
371.13
371.13
371.13
371.129
371.129
371.129
371.129
371.129
371.129
371.129
371.129
371.129
371.129
371.129
371.129
371.129
371.129
371.129
371.129
371.129
371.129
371.129
371.129
371.129
371.129
371.128
371.128
371.128
371.128
371.128
371.128
371.129
371.129
371.129
371.13
371.13
371.13
371.131
371.131
371.132
371.132
371.133
371.133
371.133
371.133
371.131
371.126
371.117
371.097
371.059
370.989
370.866
370.655
370.306
369.752
368.905
367.665
365.93
363.614
360.683
357.181
353.263
349.196
345.326
341.979
339.303
337.102
334.784
331.587
327.319
323.265
324.854
340.239
379.006
430.257
472.798
495.089
499.411
493.728
479.365
461.999
444.328
428.24
414.926
405.048
398.979
397.07
398.978
404.904
415.148
429.516
447.681
469.063
492.936
518.474
544.703
570.347
593.709
612.97
627.074
636.284
641.042
640.416
633.393
615.636
584.849
544.478
501.512
462.828
432.123
410.058
395.627
387.389
384.17
385.032
389.513
398.298
411.884
430.711
454.893
483.895
516.29
549.736
581.307
608.225
628.628
641.716
647.023
644.365
632.763
610.541
578.658
540.951
502.536
467.713
438.905
416.796
400.968
390.516
384.484
382.146
383.133
387.458
395.602
408.237
426.083
449.626
478.768
512.424
548.194
582.45
611.208
631.528
642.229
644.241
638.237
624.63
603.649
576.103
544.064
510.569
478.654
450.539
427.368
409.353
396.073
386.762
380.539
376.568
374.146
372.735
371.944
371.52
371.301
371.192
371.139
371.115
371.104
371.098
371.096
371.094
371.093
371.093
371.092
371.091
371.091
371.09
371.09
371.089
371.089
371.088
371.088
371.087
371.087
371.087
371.086
371.086
371.086
371.085
371.085
371.085
371.085
371.084
371.084
371.084
371.084
371.084
371.083
371.083
371.083
371.083
371.083
371.083
371.083
371.083
371.083
371.083
371.083
371.083
371.083
371.082
371.082
371.082
371.082
371.082
371.095
371.095
371.095
371.095
371.095
371.096
371.096
371.097
371.098
371.098
371.099
371.1
371.101
371.102
371.104
371.105
371.106
371.107
371.107
371.107
371.104
371.098
371.083
371.054
370.998
370.898
370.723
370.432
369.962
369.233
368.149
366.601
364.486
361.735
358.338
354.379
350.056
345.674
341.583
338.062
335.155
332.53
329.506
325.331
320.063
318.885
324.083
347.789
395.185
447.371
483.183
496.257
496.25
484.987
468.787
450.941
433.864
419.078
407.411
399.254
394.806
394.35
397.282
404.242
415.261
430.238
448.816
470.423
494.326
519.7
545.63
570.957
594.136
613.46
627.864
637.378
642.342
641.797
634.616
616.269
584.446
543.035
499.539
460.909
430.59
408.982
394.938
386.981
383.964
384.933
389.506
398.372
412.024
430.902
455.122
484.161
516.613
550.154
581.853
608.894
629.379
642.52
647.907
645.346
633.848
611.652
579.661
541.755
503.136
468.15
439.216
417.007
401.1
390.591
384.531
382.197
383.219
387.614
395.863
408.637
426.645
450.36
479.671
513.486
549.397
583.739
612.48
632.67
643.209
645.139
639.085
625.428
604.369
576.726
544.617
511.103
479.199
451.079
427.859
409.753
396.362
386.943
380.63
376.593
374.133
372.694
371.889
371.457
371.234
371.122
371.069
371.043
371.031
371.025
371.021
371.019
371.018
371.016
371.015
371.013
371.012
371.011
371.01
371.009
371.008
371.007
371.006
371.005
371.004
371.003
371.003
371.002
371.001
371.001
371
371
370.999
370.999
370.998
370.998
370.997
370.997
370.997
370.996
370.996
370.996
370.996
370.996
370.995
370.995
370.995
370.995
370.995
370.995
370.995
370.995
370.995
370.995
370.995
370.995
371.031
371.032
371.032
371.032
371.033
371.034
371.035
371.036
371.038
371.039
371.041
371.043
371.045
371.048
371.05
371.053
371.055
371.057
371.059
371.059
371.056
371.046
371.025
370.982
370.902
370.761
370.52
370.126
369.507
368.57
367.21
365.316
362.795
359.595
355.739
351.351
346.669
342.019
337.742
334.06
330.924
327.935
324.485
320.228
315.691
317.34
327.469
359.156
412.831
462.581
490.083
496.029
489.102
474.86
457.485
439.836
423.868
410.681
400.775
394.333
391.469
392.182
396.211
404.087
415.864
431.419
450.406
472.25
496.209
521.455
547.101
572.076
594.985
614.257
628.806
638.513
643.59
643.055
635.508
616.166
583.232
540.715
496.865
458.523
428.784
407.759
394.173
386.538
383.752
384.847
389.542
398.517
412.266
431.224
455.503
484.584
517.082
550.695
582.491
609.624
630.165
643.335
648.781
646.304
634.896
612.714
580.613
542.516
503.713
468.581
439.53
417.218
401.224
390.65
384.555
382.223
383.288
387.766
396.14
409.078
427.274
451.183
480.674
514.647
550.684
585.093
613.796
633.831
644.188
646.025
639.914
626.21
605.085
577.373
545.232
511.738
479.868
451.742
428.45
410.219
396.68
387.122
380.694
376.586
374.072
372.603
371.78
371.338
371.11
370.995
370.939
370.912
370.899
370.891
370.886
370.882
370.879
370.876
370.874
370.871
370.869
370.866
370.864
370.862
370.86
370.858
370.856
370.855
370.853
370.851
370.85
370.849
370.847
370.846
370.845
370.844
370.843
370.842
370.842
370.841
370.84
370.839
370.839
370.838
370.838
370.837
370.837
370.837
370.836
370.836
370.836
370.836
370.835
370.835
370.835
370.835
370.835
370.835
370.835
370.835
370.916
370.916
370.917
370.918
370.919
370.921
370.923
370.926
370.928
370.932
370.935
370.939
370.943
370.947
370.952
370.957
370.962
370.967
370.97
370.972
370.968
370.955
370.925
370.865
370.754
370.56
370.235
369.715
368.915
367.734
366.062
363.793
360.848
357.202
352.913
348.143
343.161
338.302
333.883
330.073
326.763
323.543
319.899
315.744
314.04
317.136
331.306
371.541
430.112
474.763
492.185
493.049
480.696
463.862
445.897
429.006
414.535
403.139
395.031
390.242
388.872
390.6
395.694
404.424
416.903
433.012
452.403
474.493
498.524
523.665
549.045
573.661
596.243
615.351
629.913
639.702
644.798
644.197
636.192
615.624
581.119
537.542
493.555
455.745
426.762
406.421
393.345
386.059
383.528
384.768
389.613
398.731
412.615
431.688
456.05
485.182
517.716
551.375
583.235
610.426
630.991
644.164
649.649
647.241
635.905
613.725
581.514
543.241
504.275
469.016
439.85
417.426
401.329
390.678
384.55
382.219
383.321
387.896
396.421
409.553
427.972
452.102
481.789
515.918
552.067
586.519
615.158
635.013
645.165
646.899
640.725
626.977
605.805
578.057
545.929
512.495
480.676
452.535
429.137
410.734
397.002
387.265
380.708
376.502
373.928
372.423
371.58
371.127
370.892
370.774
370.714
370.684
370.668
370.658
370.65
370.644
370.638
370.633
370.628
370.623
370.619
370.615
370.61
370.606
370.603
370.599
370.596
370.593
370.59
370.587
370.584
370.582
370.58
370.578
370.576
370.574
370.572
370.57
370.569
370.568
370.566
370.565
370.564
370.563
370.562
370.561
370.561
370.56
370.559
370.559
370.558
370.558
370.558
370.557
370.557
370.557
370.557
370.556
370.556
370.556
370.713
370.713
370.715
370.716
370.719
370.722
370.726
370.73
370.735
370.741
370.748
370.754
370.762
370.77
370.779
370.788
370.797
370.806
370.814
370.818
370.815
370.799
370.759
370.677
370.526
370.266
369.838
369.166
368.155
366.698
364.684
362.019
358.646
354.574
349.898
344.814
339.609
334.612
330.115
326.245
322.881
319.673
316.309
312.836
313.155
317.673
335.468
384.312
445.871
483.689
491.994
484.962
469.737
451.842
434.249
418.688
406.012
396.507
390.17
386.934
386.885
389.575
395.606
405.162
418.318
434.97
454.765
477.104
501.217
526.265
551.392
575.648
597.865
616.72
631.183
640.948
645.97
645.18
636.293
614.425
578.11
533.572
489.703
452.662
424.581
404.994
392.458
385.537
383.277
384.68
389.708
399.008
413.071
432.301
456.777
485.971
518.531
552.209
584.098
611.308
631.862
645.01
650.509
648.158
636.878
614.689
582.37
543.937
504.833
469.46
440.175
417.618
401.39
390.654
384.471
382.14
383.299
387.975
396.683
410.048
428.733
453.123
483.028
517.316
553.56
588.027
616.572
636.216
646.142
647.761
641.52
627.734
606.535
578.79
546.723
513.386
481.631
453.451
429.9
411.265
397.283
387.327
380.613
376.294
373.649
372.103
371.237
370.771
370.528
370.403
370.339
370.304
370.283
370.268
370.257
370.246
370.236
370.227
370.218
370.21
370.202
370.194
370.187
370.18
370.174
370.168
370.162
370.156
370.151
370.147
370.142
370.138
370.134
370.13
370.127
370.124
370.121
370.118
370.115
370.113
370.111
370.109
370.107
370.105
370.104
370.102
370.101
370.1
370.099
370.098
370.097
370.097
370.096
370.095
370.095
370.095
370.094
370.094
370.094
370.094
370.37
370.371
370.373
370.377
370.381
370.386
370.393
370.401
370.409
370.419
370.43
370.442
370.455
370.47
370.485
370.501
370.517
370.533
370.547
370.557
370.556
370.538
370.486
370.379
370.181
369.841
369.292
368.444
367.195
365.433
363.055
359.986
356.199
351.741
346.745
341.433
336.098
331.056
326.566
322.739
319.474
316.48
313.545
311.89
312.76
318.398
339.332
396.056
458.641
485.807
488.417
475.246
457.605
439.442
422.917
409.114
398.415
390.81
386.156
384.381
385.344
389.06
395.955
406.258
420.062
437.251
457.452
480.042
504.238
529.198
554.078
577.974
599.798
618.335
632.605
642.26
647.093
645.998
636.087
612.458
574.215
528.895
485.427
449.364
422.289
403.49
391.502
384.951
382.976
384.561
389.805
399.335
413.629
433.067
457.695
486.967
519.545
553.214
585.091
612.279
632.784
645.875
651.365
649.055
637.813
615.607
583.185
544.614
505.396
469.914
440.492
417.768
401.391
390.528
384.278
381.944
383.165
387.981
396.89
410.54
429.545
454.246
484.402
518.854
555.176
589.629
618.041
637.442
647.118
648.612
642.299
628.483
607.282
579.582
547.624
514.42
482.728
454.47
430.696
411.754
397.449
387.256
380.34
375.89
373.165
371.573
370.681
370.2
369.946
369.813
369.741
369.698
369.67
369.648
369.629
369.612
369.596
369.58
369.566
369.552
369.538
369.526
369.513
369.502
369.491
369.481
369.472
369.463
369.454
369.446
369.439
369.432
369.426
369.42
369.414
369.409
369.404
369.4
369.396
369.392
369.388
369.385
369.382
369.379
369.377
369.375
369.373
369.371
369.369
369.368
369.366
369.365
369.364
369.363
369.362
369.362
369.361
369.361
369.361
369.361
369.817
369.819
369.822
369.827
369.835
369.844
369.854
369.867
369.882
369.898
369.916
369.936
369.958
369.981
370.006
370.033
370.06
370.088
370.113
370.131
370.137
370.118
370.056
369.92
369.668
369.238
368.55
367.506
365.996
363.911
361.161
357.695
353.524
348.738
343.505
338.069
332.719
327.742
323.365
319.697
316.701
314.191
311.738
311.366
312.618
319.039
342.276
404.92
467.085
484.672
478.584
462.732
444.436
427.069
412.233
400.48
391.817
386.03
382.907
382.407
384.273
388.901
396.606
407.632
422.079
439.812
460.424
483.267
507.544
532.414
557.049
580.58
601.993
620.159
634.166
643.625
648.158
646.609
635.47
609.663
569.476
523.641
480.86
445.935
419.913
401.899
390.448
384.265
382.587
384.373
389.867
399.686
414.275
433.982
458.81
488.183
520.773
554.404
586.227
613.347
633.76
646.761
652.217
649.932
638.711
616.485
583.965
545.279
505.968
470.372
440.776
417.833
401.26
390.243
383.91
381.569
382.863
387.838
396.989
410.991
430.387
455.464
485.916
520.547
556.931
591.337
619.572
638.694
648.093
649.452
643.062
629.226
608.049
580.438
548.638
515.592
483.946
455.547
431.461
412.116
397.456
386.936
379.794
375.199
372.388
370.747
369.827
369.327
369.059
368.914
368.83
368.776
368.737
368.704
368.674
368.647
368.621
368.596
368.573
368.55
368.529
368.509
368.49
368.472
368.455
368.439
368.424
368.41
368.397
368.385
368.373
368.362
368.352
368.343
368.335
368.327
368.319
368.312
368.306
368.3
368.295
368.29
368.285
368.281
368.277
368.274
368.271
368.268
368.265
368.263
368.261
368.259
368.258
368.256
368.255
368.254
368.254
368.253
368.253
368.253
368.963
368.965
368.971
368.979
368.991
369.005
369.022
369.041
369.064
369.09
369.118
369.15
369.184
369.221
369.261
369.303
369.347
369.391
369.433
369.466
369.483
369.468
369.397
369.233
368.923
368.395
367.558
366.304
364.522
362.107
358.99
355.152
350.647
345.606
340.235
334.79
329.546
324.756
320.606
317.189
314.527
312.573
311.072
311.106
312.612
319.591
343.899
409.069
468.567
478.956
466.837
449.034
431.006
415.203
402.485
392.914
386.223
382.093
380.324
380.832
383.576
389.015
397.473
409.208
424.308
442.603
463.639
486.738
511.091
535.865
560.25
583.413
604.399
622.159
635.842
645.021
649.168
647.112
634.322
606.011
563.994
517.972
476.126
442.43
417.452
400.189
389.249
383.425
382.055
384.067
389.865
400.028
414.984
435.035
460.122
489.628
522.227
555.791
587.514
614.517
634.795
647.67
653.066
650.792
639.573
617.325
584.718
545.941
506.547
470.811
440.98
417.775
400.932
389.723
383.288
380.941
382.32
387.487
396.957
411.35
431.224
456.762
487.571
522.405
558.839
593.162
621.172
639.974
649.068
650.283
643.81
629.963
608.839
581.362
549.76
516.883
485.241
456.611
432.097
412.255
397.145
386.262
378.87
374.12
371.22
369.528
368.578
368.056
367.77
367.607
367.506
367.435
367.379
367.331
367.286
367.244
367.205
367.167
367.131
367.097
367.065
367.035
367.006
366.979
366.954
366.93
366.908
366.887
366.868
366.85
366.833
366.817
366.802
366.789
366.776
366.764
366.754
366.744
366.734
366.726
366.718
366.711
366.704
366.698
366.693
366.688
366.683
366.679
366.675
366.672
366.669
366.666
366.664
366.662
366.661
366.659
366.658
366.657
366.657
366.657
367.703
367.707
367.715
367.728
367.745
367.766
367.791
367.82
367.854
367.893
367.935
367.982
368.034
368.09
368.15
368.214
368.281
368.349
368.414
368.47
368.505
368.501
368.426
368.237
367.871
367.244
366.254
364.789
362.735
360.001
356.541
352.373
347.597
342.389
336.983
331.644
326.626
322.141
318.328
315.243
312.908
311.355
310.668
310.949
312.83
320.168
344.42
405.897
460.394
465.194
451.717
434.196
417.761
404.21
393.859
386.443
381.553
378.858
378.233
379.544
383.086
389.262
398.44
410.891
426.676
445.566
467.049
490.41
514.834
539.503
563.632
586.422
606.969
624.298
637.605
646.42
650.095
647.127
632.554
601.517
557.919
512.051
471.32
438.861
414.866
398.294
387.833
382.361
381.309
383.58
389.735
400.311
415.72
436.206
461.626
491.305
523.915
557.383
588.962
615.796
635.891
648.603
653.913
651.632
640.403
618.129
585.446
546.599
507.118
471.194
441.048
417.479
400.312
388.874
382.324
379.971
381.45
386.841
396.667
411.538
432.008
458.114
489.361
524.436
560.913
595.115
622.846
641.284
650.043
651.103
644.541
630.693
609.65
582.347
550.976
518.256
486.545
457.558
432.467
412.066
396.399
385.111
377.455
372.548
369.561
367.819
366.836
366.289
365.978
365.792
365.667
365.573
365.495
365.425
365.36
365.299
365.241
365.186
365.135
365.086
365.04
364.997
364.956
364.918
364.882
364.848
364.817
364.787
364.76
364.735
364.711
364.689
364.668
364.649
364.632
364.616
364.601
364.587
364.574
364.562
364.551
364.541
364.532
364.524
364.516
364.509
364.503
364.497
364.492
364.488
364.484
364.48
364.477
364.475
364.472
364.47
364.469
364.468
364.467
364.467
365.928
365.934
365.946
365.964
365.987
366.017
366.053
366.095
366.143
366.198
366.259
366.326
366.4
366.481
366.567
366.66
366.757
366.857
366.954
367.042
367.104
367.119
367.05
366.844
366.428
365.709
364.576
362.909
360.603
357.579
353.82
349.384
344.414
339.128
333.788
328.657
323.963
319.873
316.479
313.796
311.657
310.613
310.441
310.926
313.255
321.097
345.08
399.875
445.733
448.139
434.847
419.166
405.283
394.381
386.42
380.981
377.641
376.134
376.393
378.409
382.632
389.469
399.37
412.57
429.092
448.629
470.594
494.231
518.725
543.281
567.147
589.559
609.661
626.535
639.426
647.796
650.931
646.937
630.11
596.245
551.422
506.017
466.483
435.189
412.076
396.124
386.111
380.989
380.266
382.831
389.402
400.459
416.434
437.46
463.304
493.21
525.842
559.187
590.573
617.186
637.05
649.561
654.76
652.453
641.203
618.9
586.154
547.248
507.654
471.455
440.902
416.857
399.295
387.596
380.922
378.569
380.165
385.813
396.061
411.538
432.685
459.48
491.27
526.64
563.16
597.205
624.602
642.626
651.017
651.912
645.255
631.413
610.477
583.382
552.257
519.652
487.757
458.252
432.493
411.336
395.067
383.356
375.44
370.389
367.323
365.536
364.519
363.94
363.599
363.382
363.226
363.103
362.996
362.899
362.808
362.723
362.643
362.568
362.497
362.43
362.367
362.309
362.253
362.202
362.154
362.109
362.067
362.027
361.991
361.957
361.926
361.896
361.869
361.844
361.821
361.799
361.78
361.761
361.744
361.729
361.715
361.702
361.69
361.679
361.669
361.66
361.652
361.644
361.638
361.632
361.627
361.622
361.618
361.614
361.612
361.609
361.607
361.606
361.605
361.604
363.541
363.549
363.565
363.589
363.621
363.662
363.71
363.767
363.832
363.906
363.989
364.081
364.182
364.292
364.412
364.539
364.674
364.814
364.952
365.08
365.18
365.226
365.174
364.965
364.515
363.721
362.464
360.625
358.102
354.838
350.844
346.217
341.141
335.869
330.681
325.839
321.536
317.881
314.912
312.646
310.932
310.259
310.342
311.144
314.06
322.889
350.165
399.456
430.878
429.982
417.996
405.013
394.089
385.861
380.091
376.34
374.255
373.687
374.589
377.223
382.034
389.508
400.108
414.11
431.442
451.699
474.201
498.142
522.709
547.148
570.747
592.778
612.432
628.834
641.275
649.123
651.662
646.399
626.949
590.308
544.661
499.95
461.584
431.318
408.968
393.57
383.983
379.221
378.834
381.739
388.79
400.443
417.07
438.754
465.129
495.33
528.003
561.202
592.349
618.689
638.272
650.546
655.606
653.255
641.975
619.639
586.839
547.873
508.108
471.519
440.4
415.78
397.764
385.785
378.991
376.652
378.382
384.316
395.041
411.194
433.159
460.806
493.269
529.01
565.587
599.435
626.442
644
651.99
652.709
645.947
632.118
611.309
584.446
553.556
520.984
488.747
458.526
431.907
409.916
393.009
380.887
372.74
367.571
364.446
362.62
361.57
360.957
360.579
360.323
360.131
359.971
359.83
359.701
359.581
359.469
359.364
359.265
359.172
359.086
359.004
358.928
358.858
358.792
358.73
358.672
358.619
358.569
358.523
358.48
358.441
358.404
358.37
358.338
358.309
358.282
358.258
358.235
358.214
358.194
358.177
358.161
358.146
358.132
358.12
358.109
358.099
358.089
358.081
358.074
358.067
358.062
358.057
358.052
358.049
358.046
358.044
358.042
358.041
358.04
360.478
360.488
360.508
360.539
360.58
360.632
360.694
360.768
360.852
360.948
361.055
361.175
361.306
361.45
361.606
361.774
361.953
362.139
362.326
362.503
362.652
362.741
362.721
362.526
362.064
361.222
359.877
357.909
355.226
351.79
347.642
342.915
337.827
332.655
327.695
323.197
319.322
316.122
313.565
311.455
310.362
310.078
310.313
311.538
315.376
325.672
355.537
401.339
415.851
412.184
402.306
392.399
384.403
378.588
374.657
372.245
371.117
371.23
372.637
375.761
381.087
389.169
400.468
415.342
433.58
454.657
477.775
502.067
526.728
551.052
574.382
596.034
615.239
631.163
643.124
650.371
652.244
645.417
623.039
583.836
537.76
493.848
456.513
427.103
405.402
390.514
381.352
376.973
376.922
380.224
387.815
400.138
417.536
440.022
467.055
497.639
530.384
563.421
594.286
620.301
639.556
651.555
656.452
654.039
642.719
620.345
587.492
548.442
508.41
471.274
439.419
414.114
395.605
383.35
376.458
374.152
376.031
382.274
393.519
410.436
433.355
462.027
495.317
531.527
568.189
601.808
628.367
645.407
652.96
653.494
646.614
632.8
612.133
585.506
554.807
522.136
489.333
458.233
430.527
407.628
390.098
377.621
369.304
364.065
360.908
359.058
357.978
357.328
356.909
356.611
356.376
356.176
355.998
355.835
355.684
355.543
355.411
355.288
355.174
355.067
354.967
354.874
354.788
354.707
354.633
354.563
354.499
354.439
354.384
354.332
354.285
354.241
354.2
354.163
354.128
354.096
354.067
354.04
354.015
353.992
353.971
353.952
353.934
353.919
353.904
353.891
353.879
353.868
353.859
353.85
353.842
353.836
353.83
353.825
353.821
353.817
353.814
353.812
353.811
353.81
356.724
356.736
356.761
356.799
356.849
356.912
356.989
357.079
357.183
357.301
357.433
357.581
357.744
357.923
358.118
358.328
358.553
358.79
359.031
359.265
359.471
359.614
359.643
359.483
359.036
358.183
356.796
354.757
351.984
348.462
344.257
339.531
334.527
329.538
324.861
320.737
317.301
314.544
312.388
310.741
310.008
309.982
310.423
312.222
317.621
330.988
361.252
391.893
399.636
395.852
388.558
381.602
376.161
372.314
369.806
368.386
367.947
368.508
370.312
373.815
379.588
388.261
400.358
416.066
435.324
457.348
481.196
505.916
530.71
554.934
578.002
599.284
618.044
633.489
644.945
651.528
652.696
643.91
618.348
576.956
530.767
487.607
451.094
422.366
401.235
386.847
378.134
374.179
374.449
378.212
386.384
399.452
417.73
441.179
469.018
500.093
532.959
565.829
596.374
622.015
640.898
652.588
657.297
654.806
643.433
621.013
588.097
548.902
508.446
470.549
437.791
411.717
392.71
380.218
373.272
371.029
373.067
379.625
391.415
409.174
433.223
463.059
497.354
534.16
570.952
604.318
630.375
646.844
653.926
654.265
647.251
633.45
612.925
586.515
555.92
522.956
489.343
457.02
428.111
404.303
386.235
373.515
365.127
359.887
356.74
354.886
353.785
353.1
352.64
352.298
352.021
351.781
351.566
351.37
351.188
351.02
350.864
350.719
350.584
350.459
350.343
350.235
350.135
350.042
349.956
349.877
349.803
349.735
349.671
349.613
349.559
349.509
349.463
349.421
349.382
349.346
349.313
349.282
349.254
349.229
349.205
349.184
349.164
349.147
349.13
349.116
349.102
349.09
349.08
349.07
349.062
349.054
349.048
349.042
349.038
349.034
349.031
349.028
349.027
349.026
352.335
352.349
352.378
352.422
352.481
352.554
352.643
352.748
352.87
353.008
353.164
353.337
353.53
353.742
353.974
354.226
354.496
354.782
355.078
355.371
355.639
355.846
355.937
355.834
355.433
354.61
353.235
351.194
348.414
344.899
340.74
336.121
331.299
326.569
322.218
318.477
315.481
313.189
311.219
310.187
309.818
309.933
310.662
313.224
320.97
338.612
366.479
381.68
385.031
381.928
377.011
372.502
369.06
366.682
365.192
364.458
364.477
365.343
367.419
371.206
377.355
386.571
399.432
416.157
436.44
459.571
484.305
509.574
534.571
558.73
581.555
602.481
620.811
635.786
646.721
652.54
652.897
641.792
612.88
569.777
523.626
481.027
445.1
416.925
396.341
382.49
374.275
370.781
371.389
375.631
384.411
398.289
417.6
442.113
470.921
502.624
535.685
568.398
598.596
623.822
642.292
653.643
658.14
655.556
644.115
621.633
588.622
549.18
508.081
469.163
435.333
408.448
388.993
376.346
369.416
367.273
369.472
376.326
388.648
407.278
432.538
463.747
499.287
536.857
573.851
606.952
632.459
648.308
654.883
655.018
647.85
634.051
613.654
587.407
556.763
523.208
488.413
454.608
424.415
399.79
381.361
368.577
360.258
355.11
352.027
350.199
349.091
348.38
347.883
347.502
347.187
346.912
346.666
346.441
346.234
346.044
345.868
345.706
345.556
345.417
345.288
345.17
345.06
344.958
344.864
344.778
344.697
344.623
344.555
344.492
344.434
344.38
344.331
344.285
344.243
344.205
344.17
344.137
344.107
344.08
344.055
344.032
344.012
343.993
343.976
343.96
343.946
343.934
343.922
343.912
343.903
343.895
343.888
343.883
343.878
343.874
343.87
343.868
343.866
343.866
347.437
347.453
347.485
347.533
347.598
347.68
347.779
347.895
348.03
348.184
348.358
348.553
348.769
349.009
349.271
349.558
349.867
350.198
350.543
350.892
351.221
351.496
351.659
351.631
351.305
350.555
349.25
347.277
344.576
341.164
337.153
332.743
328.196
323.797
319.808
316.435
313.823
312.006
310.531
309.834
309.716
309.944
311.038
314.512
324.082
344.214
362.232
370.912
372.441
370.374
367.381
364.701
362.685
361.319
360.511
360.223
360.516
361.588
363.833
367.812
374.248
383.926
397.5
415.227
436.731
461.061
486.895
512.892
538.211
562.368
584.987
605.583
623.504
638.024
648.407
653.431
652.755
638.994
606.736
562.348
516.157
473.837
438.294
410.618
390.635
377.408
369.761
366.765
367.72
372.428
381.806
396.507
416.896
442.607
472.618
505.13
538.496
571.088
600.925
625.704
643.73
654.718
658.981
656.287
644.759
622.187
589.009
549.097
507.102
466.877
431.837
404.169
384.392
371.729
364.913
362.909
365.258
372.357
385.149
404.629
431.184
463.983
501.006
539.545
576.844
609.691
634.607
649.789
655.831
655.749
648.402
634.583
614.275
588.086
557.116
522.577
486.155
450.63
419.191
393.982
375.478
362.88
354.808
349.863
346.908
345.142
344.049
343.326
342.805
342.396
342.053
341.753
341.485
341.241
341.019
340.814
340.627
340.454
340.296
340.149
340.015
339.89
339.776
339.67
339.573
339.483
339.401
339.325
339.254
339.19
339.13
339.075
339.025
338.979
338.936
338.897
338.861
338.828
338.798
338.771
338.746
338.723
338.702
338.683
338.666
338.65
338.636
338.623
338.612
338.602
338.593
338.585
338.578
338.572
338.567
338.563
338.56
338.558
338.556
338.555
342.22
342.237
342.271
342.322
342.39
342.476
342.58
342.703
342.846
343.009
343.194
343.402
343.633
343.89
344.173
344.483
344.821
345.184
345.568
345.962
346.346
346.684
346.923
346.981
346.754
346.115
344.932
343.096
340.552
337.331
333.56
329.45
325.261
321.261
317.678
314.677
312.379
310.897
309.997
309.629
309.665
310.065
311.615
316.35
327.076
344.799
355.921
360.971
361.864
360.769
359.167
357.731
356.652
355.933
355.551
355.537
355.994
357.18
359.508
363.581
370.182
380.182
394.338
412.997
435.794
461.546
488.697
515.676
541.5
565.764
588.235
608.543
626.091
640.171
649.962
654.231
652.288
635.497
600.105
554.584
508.073
465.741
430.464
403.339
384.091
371.622
364.629
362.155
363.445
368.57
378.477
393.952
415.447
442.581
473.912
507.458
541.295
573.838
603.323
627.641
645.2
655.809
659.817
656.999
645.357
622.649
589.184
548.589
505.25
463.403
427.081
398.766
378.885
366.401
359.823
358.001
360.469
367.721
380.857
401.086
428.953
463.548
502.333
542.112
579.87
612.501
636.801
651.273
656.779
656.444
648.893
635.019
614.731
588.365
556.663
520.602
482.064
444.679
412.227
386.844
368.669
356.564
348.941
344.321
341.565
339.901
338.851
338.139
337.612
337.192
336.837
336.526
336.249
335.998
335.771
335.563
335.373
335.2
335.04
334.894
334.76
334.637
334.524
334.42
334.324
334.236
334.155
334.081
334.012
333.949
333.892
333.838
333.79
333.745
333.704
333.666
333.632
333.6
333.571
333.545
333.521
333.499
333.479
333.461
333.444
333.429
333.416
333.404
333.393
333.383
333.375
333.367
333.361
333.355
333.351
333.347
333.344
333.341
333.34
333.339
336.917
336.933
336.967
337.018
337.086
337.172
337.276
337.4
337.543
337.708
337.895
338.105
338.34
338.602
338.892
339.212
339.563
339.943
340.349
340.773
341.196
341.586
341.893
342.041
341.926
341.425
340.408
338.765
336.446
333.489
330.031
326.288
322.517
318.963
315.828
313.241
311.136
310.126
309.638
309.531
309.649
310.265
312.382
318.227
330.235
341.827
348.973
352.203
352.97
352.591
351.882
351.212
350.699
350.367
350.24
350.382
350.933
352.162
354.491
358.545
365.149
375.259
389.762
409.158
433.179
460.574
489.357
517.667
544.275
568.814
591.234
611.313
628.536
642.199
651.381
654.925
651.399
631.326
593.069
546.226
499.024
456.453
421.45
395.054
376.761
365.216
358.962
357.015
358.602
364.043
374.338
390.442
412.968
441.548
474.475
509.382
543.939
576.563
605.741
629.602
646.688
656.908
660.648
657.687
645.894
622.967
588.967
547.321
502.151
458.389
420.835
392.157
372.5
360.448
354.249
352.647
355.182
362.448
375.724
396.496
425.575
462.076
502.995
544.399
582.843
615.338
639.017
652.75
657.724
657.092
649.306
635.326
614.859
587.99
555.05
516.655
475.517
436.367
403.418
378.461
361.113
349.842
342.874
338.696
336.206
334.689
333.713
333.036
332.526
332.114
331.765
331.46
331.189
330.945
330.724
330.524
330.342
330.176
330.025
329.887
329.76
329.644
329.538
329.44
329.351
329.269
329.194
329.125
329.062
329.003
328.95
328.901
328.856
328.815
328.778
328.743
328.711
328.683
328.656
328.632
328.61
328.59
328.572
328.556
328.541
328.527
328.515
328.504
328.494
328.486
328.478
328.471
328.465
328.46
328.456
328.453
328.45
328.448
328.447
328.446
331.768
331.784
331.816
331.864
331.929
332.01
332.11
332.228
332.365
332.523
332.702
332.905
333.132
333.386
333.669
333.982
334.327
334.705
335.114
335.546
335.988
336.412
336.772
337
337
336.651
335.826
334.418
332.373
329.731
326.633
323.3
319.977
316.883
314.18
312
310.418
309.725
309.476
309.492
309.714
310.577
313.501
320.042
330.586
338.017
342.491
344.636
345.354
345.386
345.176
344.931
344.732
344.619
344.638
344.866
345.457
346.67
348.919
352.825
359.233
369.169
383.668
403.451
428.472
457.533
488.36
518.467
546.304
571.387
593.903
613.843
630.805
644.087
652.651
655.455
650.032
626.472
585.431
536.89
488.642
445.725
411.179
385.832
368.781
358.34
352.893
351.447
353.262
358.862
369.314
385.779
409.118
439.127
473.97
510.596
546.225
579.144
608.11
631.55
648.177
658.009
661.472
658.344
646.346
623.031
588.248
544.93
497.302
451.428
412.901
384.33
365.334
354.008
348.335
346.98
349.508
356.605
369.735
390.715
420.767
459.221
502.693
546.201
585.648
618.143
641.225
654.207
658.66
657.682
649.613
635.388
614.54
586.692
551.537
509.888
465.866
425.471
392.848
369.076
353.095
342.987
336.856
333.217
331.049
329.716
328.844
328.228
327.757
327.374
327.048
326.765
326.513
326.289
326.086
325.904
325.738
325.588
325.451
325.327
325.214
325.11
325.015
324.929
324.85
324.777
324.711
324.65
324.594
324.543
324.496
324.454
324.415
324.379
324.346
324.316
324.288
324.263
324.24
324.22
324.201
324.183
324.168
324.154
324.141
324.129
324.119
324.109
324.101
324.093
324.087
324.081
324.076
324.072
324.068
324.065
324.063
324.061
324.06
324.06
326.995
327.009
327.038
327.082
327.14
327.214
327.304
327.411
327.536
327.679
327.843
328.028
328.236
328.47
328.732
329.023
329.347
329.704
330.093
330.512
330.949
331.382
331.774
332.063
332.164
331.965
331.344
330.192
328.451
326.155
323.44
320.529
317.662
315.032
312.759
310.804
309.893
309.499
309.41
309.478
309.841
310.996
314.689
321.983
328.916
333.691
336.547
338.016
338.652
338.861
338.887
338.851
338.814
338.819
338.915
339.186
339.774
340.918
343.005
346.627
352.618
362.046
376.085
395.73
421.295
451.856
484.992
517.523
547.178
573.296
596.142
616.073
632.863
645.818
653.784
655.882
648.125
620.814
576.787
526.138
476.55
433.381
399.699
375.855
360.37
351.197
346.597
345.596
347.534
353.082
363.374
379.791
403.535
434.748
471.625
510.518
547.829
581.41
610.338
633.438
649.644
659.103
662.285
658.959
646.667
622.754
586.676
540.846
490.056
442.088
403.155
375.377
357.568
347.276
342.264
341.169
343.598
350.311
362.934
383.638
414.213
454.486
500.866
547.152
588.116
620.839
643.392
655.633
659.575
658.202
649.798
635.157
613.533
583.805
545.15
499.359
452.703
412.075
380.864
359.101
344.99
336.309
331.141
328.103
326.294
325.171
324.426
323.891
323.478
323.14
322.853
322.603
322.383
322.187
322.011
321.853
321.71
321.582
321.465
321.359
321.262
321.174
321.094
321.021
320.954
320.894
320.838
320.787
320.74
320.698
320.659
320.623
320.591
320.561
320.534
320.509
320.487
320.466
320.447
320.43
320.414
320.4
320.387
320.376
320.365
320.356
320.347
320.34
320.333
320.327
320.321
320.317
320.313
320.309
320.306
320.304
320.302
320.301
320.3
320.299
322.768
322.781
322.805
322.843
322.893
322.956
323.034
323.126
323.233
323.357
323.499
323.66
323.842
324.046
324.276
324.533
324.82
325.14
325.492
325.876
326.284
326.701
327.096
327.421
327.6
327.534
327.109
326.216
324.79
322.849
320.519
318.02
315.592
313.4
311.524
310.157
309.588
309.381
309.379
309.51
310.073
311.675
315.819
321.987
326.369
329.329
331.139
332.145
332.661
332.908
333.021
333.074
333.113
333.176
333.31
333.589
334.138
335.166
337.018
340.231
345.592
354.163
367.223
386.043
411.419
442.968
478.467
514.106
546.362
574.194
597.815
617.933
634.667
647.382
654.756
655.981
645.572
614.107
566.689
513.463
462.378
419.371
387.219
365.429
351.823
344.035
340.281
339.643
341.577
346.829
356.573
372.395
395.901
427.805
466.678
508.419
548.082
583.096
612.299
635.202
651.062
660.179
663.083
659.516
646.787
621.922
583.71
534.164
479.63
430.01
391.64
365.537
349.479
340.501
336.252
335.409
337.644
343.749
355.452
375.255
405.639
447.294
496.825
546.673
590.019
623.331
645.48
657.012
660.461
658.621
649.705
634.46
611.353
578.372
534.712
484.358
436.121
396.694
368.096
349.087
337.216
330.113
325.961
323.541
322.099
321.197
320.59
320.149
319.806
319.524
319.284
319.077
318.894
318.732
318.587
318.458
318.341
318.236
318.141
318.055
317.978
317.907
317.842
317.784
317.731
317.682
317.638
317.597
317.56
317.526
317.496
317.468
317.442
317.418
317.397
317.378
317.36
317.344
317.329
317.316
317.303
317.292
317.282
317.273
317.265
317.258
317.251
317.245
317.24
317.235
317.231
317.228
317.224
317.222
317.22
317.218
317.216
317.215
317.214
317.214
319.192
319.202
319.222
319.252
319.293
319.345
319.408
319.484
319.572
319.674
319.79
319.923
320.073
320.242
320.434
320.649
320.89
321.161
321.463
321.796
322.156
322.533
322.905
323.234
323.46
323.499
323.247
322.599
321.48
319.889
317.93
315.814
313.797
312.054
310.451
309.72
309.416
309.329
309.361
309.572
310.418
312.672
316.83
320.562
323.285
325.116
326.264
326.944
327.335
327.557
327.686
327.769
327.839
327.926
328.069
328.331
328.812
329.689
331.25
333.958
338.516
345.925
357.492
374.711
398.902
430.467
467.879
507.128
543.226
573.54
598.674
619.324
636.175
648.769
655.538
655.829
642.2
606
554.6
498.223
445.834
403.861
374.137
354.967
343.483
337.127
334.174
333.802
335.601
340.31
349.096
363.679
386.067
417.736
458.131
503.183
546.459
583.615
613.804
636.764
652.398
661.226
663.858
659.979
646.556
620.13
578.415
523.53
465.135
415.051
378.659
355.222
341.425
333.965
330.531
329.919
331.871
337.166
347.539
365.718
394.912
437.067
489.724
544.287
590.913
625.477
647.445
658.328
661.3
658.916
649.36
632.978
607.189
569.099
519.102
464.798
416.747
380.232
355.354
339.623
330.165
324.655
321.489
319.658
318.566
317.876
317.408
317.063
316.793
316.571
316.382
316.219
316.075
315.949
315.836
315.735
315.645
315.564
315.491
315.425
315.365
315.311
315.262
315.217
315.177
315.14
315.106
315.076
315.048
315.022
314.999
314.978
314.959
314.941
314.925
314.911
314.898
314.886
314.875
314.865
314.856
314.847
314.84
314.833
314.827
314.822
314.817
314.813
314.809
314.805
314.802
314.8
314.797
314.796
314.794
314.793
314.791
314.791
314.79
314.79
316.298
316.306
316.321
316.345
316.377
316.417
316.466
316.525
316.593
316.672
316.763
316.867
316.984
317.118
317.268
317.439
317.631
317.848
318.092
318.364
318.663
318.983
319.31
319.616
319.856
319.963
319.848
319.415
318.582
317.326
315.717
313.938
312.255
310.937
309.91
309.481
309.325
309.303
309.358
309.65
310.72
313.414
316.224
318.498
320.147
321.264
321.985
322.438
322.72
322.899
323.016
323.102
323.179
323.27
323.404
323.63
324.026
324.73
325.972
328.126
331.784
337.826
347.489
362.367
384.216
414.356
452.463
495.219
536.362
570.874
598.168
620.116
637.297
649.935
656.194
655.338
637.742
596.005
539.648
479.669
426.871
387.313
361.026
344.948
335.701
330.742
328.509
328.307
329.857
333.82
341.284
353.983
374.208
404.26
444.956
493.26
541.498
582.404
614.437
637.977
653.605
662.23
664.6
660.34
645.782
616.544
569.062
507.112
445.912
397.529
364.847
344.997
333.814
327.957
325.329
324.913
326.521
330.864
339.567
355.4
382.165
423.338
478.387
538.585
590.123
627.152
649.24
659.567
662.078
659.021
648.532
630.095
599.707
554.351
497.447
441.14
395.675
363.807
343.464
331.226
324.131
320.101
317.821
316.511
315.728
315.229
314.886
314.632
314.432
314.266
314.125
314.004
313.897
313.804
313.72
313.646
313.58
313.521
313.467
313.419
313.376
313.336
313.301
313.269
313.239
313.213
313.189
313.167
313.147
313.128
313.112
313.097
313.083
313.071
313.059
313.049
313.039
313.031
313.023
313.016
313.01
313.004
312.999
312.994
312.99
312.986
312.983
312.98
312.977
312.975
312.973
312.971
312.969
312.968
312.967
312.966
312.965
312.965
312.964
312.964
314.059
314.064
314.076
314.093
314.116
314.146
314.182
314.225
314.276
314.334
314.402
314.478
314.566
314.665
314.777
314.905
315.049
315.213
315.399
315.608
315.841
316.095
316.362
316.624
316.849
316.986
316.966
316.706
316.124
315.177
313.9
312.433
311.01
310.075
309.562
309.35
309.282
309.288
309.37
309.755
310.943
313.2
314.952
316.292
317.261
317.93
318.379
318.678
318.877
319.013
319.112
319.189
319.261
319.343
319.457
319.637
319.942
320.471
321.397
323.005
325.755
330.365
337.909
349.906
368.328
395.286
432.011
476.915
523.854
564.632
596.026
619.755
638.098
650.85
656.706
654.338
631.746
583.24
520.435
457.195
405.911
370.525
348.58
335.849
328.799
325.116
323.495
323.385
324.61
327.707
333.615
343.919
360.967
387.695
426.535
476.738
531.011
578.159
613.575
638.724
654.609
663.166
665.286
660.337
643.925
609.336
552.534
483.272
422.184
378.467
351.158
335.502
327.036
322.727
320.839
320.579
321.823
325.165
332.006
344.917
367.949
406.041
461.616
527.812
586.964
627.71
650.778
660.708
662.769
658.817
646.787
624.56
586.602
531.814
469.08
414.221
374.294
348.546
333.112
324.247
319.274
316.511
314.969
314.086
313.556
313.216
312.98
312.803
312.663
312.546
312.447
312.362
312.287
312.222
312.164
312.112
312.066
312.025
311.988
311.954
311.924
311.897
311.873
311.851
311.831
311.812
311.796
311.781
311.767
311.755
311.744
311.733
311.724
311.716
311.708
311.701
311.695
311.689
311.684
311.679
311.675
311.671
311.667
311.664
311.662
311.659
311.657
311.655
311.653
311.651
311.65
311.649
311.648
311.647
311.646
311.646
311.645
311.645
311.645
311.644
312.4
312.404
312.412
312.424
312.44
312.461
312.486
312.516
312.551
312.592
312.639
312.693
312.754
312.824
312.903
312.993
313.095
313.212
313.345
313.495
313.665
313.853
314.055
314.261
314.449
314.585
314.617
314.481
314.101
313.424
312.454
311.298
310.11
309.594
309.371
309.284
309.262
309.279
309.385
309.839
311.163
312.45
313.471
314.243
314.806
315.206
315.487
315.684
315.824
315.926
316.004
316.068
316.129
316.196
316.285
316.418
316.636
317.007
317.65
318.767
320.689
323.953
329.402
338.323
352.597
374.726
407.329
451.394
503.19
552.337
590.726
618.15
637.917
651.506
657.172
652.591
623.271
565.844
495.245
430.865
384.028
354.557
337.502
328.074
323.016
320.421
319.29
319.215
320.093
322.318
326.619
334.297
347.46
369.219
403.336
452.129
511.746
568.129
610.223
638.222
655.484
664.035
665.891
659.966
639.713
594.838
524.947
451.815
395.664
359.563
338.677
327.317
321.39
318.446
317.185
317.045
317.949
320.352
325.345
335.068
353.318
385.882
438.568
509.376
579.29
626.741
652.013
661.72
663.301
658.109
643.145
613.745
563.873
498.349
434.411
385.925
354.299
335.441
324.743
318.831
315.604
313.843
312.869
312.312
311.976
311.758
311.605
311.489
311.397
311.32
311.254
311.198
311.148
311.105
311.066
311.032
311.002
310.975
310.951
310.929
310.909
310.891
310.875
310.861
310.848
310.836
310.825
310.816
310.807
310.799
310.792
310.785
310.779
310.774
310.769
310.764
310.76
310.757
310.753
310.75
310.748
310.745
310.743
310.741
310.739
310.738
310.736
310.735
310.734
310.733
310.732
310.731
310.731
310.73
310.73
310.729
310.729
310.729
310.729
310.729
311.223
311.226
311.231
311.239
311.25
311.263
311.28
311.3
311.323
311.35
311.381
311.417
311.457
311.503
311.556
311.615
311.683
311.761
311.85
311.951
312.066
312.194
312.335
312.482
312.623
312.736
312.786
312.724
312.492
312.03
311.312
310.401
309.678
309.396
309.293
309.255
309.252
309.274
309.408
309.864
310.803
311.532
312.104
312.542
312.871
313.113
313.291
313.422
313.52
313.594
313.654
313.704
313.752
313.803
313.866
313.958
314.102
314.343
314.756
315.472
316.71
318.834
322.435
328.473
338.475
354.792
380.687
419.571
472.055
530.056
579.412
613.983
636.915
651.705
657.238
649.57
610.155
540.449
462.949
401.978
362.927
340.541
328.363
321.884
318.479
316.743
315.977
315.902
316.462
317.911
320.755
325.93
335.063
350.866
377.487
419.899
479.986
547.358
601.355
635.946
655.381
664.702
666.401
658.587
630.213
567.883
485.474
415.607
369.424
342.722
328.317
320.825
317.027
315.178
314.409
314.359
314.989
316.611
319.983
326.673
339.729
364.678
409.708
480.253
563.113
622.926
652.627
662.605
663.748
656.266
635.118
592.408
526.447
453.945
396.727
359.408
337.439
325.174
318.506
314.927
313.01
311.977
311.407
311.081
310.883
310.753
310.66
310.589
310.531
310.484
310.443
310.407
310.377
310.35
310.326
310.304
310.286
310.269
310.254
310.24
310.228
310.217
310.207
310.198
310.19
310.183
310.176
310.17
310.165
310.16
310.155
310.151
310.148
310.145
310.142
310.139
310.136
310.134
310.132
310.13
310.129
310.127
310.126
310.125
310.124
310.123
310.122
310.121
310.121
310.12
310.12
310.119
310.119
310.118
310.118
310.118
310.118
310.118
310.118
310.118
310.423
310.425
310.428
310.433
310.44
310.448
310.459
310.471
310.486
310.502
310.522
310.544
310.569
310.597
310.63
310.667
310.709
310.757
310.812
310.874
310.946
311.027
311.116
311.211
311.305
311.385
311.428
311.402
311.265
310.962
310.457
309.757
309.433
309.305
309.258
309.242
309.243
309.27
309.423
309.878
310.319
310.699
311.013
311.262
311.456
311.604
311.718
311.804
311.871
311.924
311.967
312.005
312.039
312.075
312.118
312.176
312.264
312.407
312.65
313.069
313.796
315.049
317.197
320.859
327.083
337.646
355.483
385.01
431.067
493.217
556.593
604.318
634.055
651.374
656.964
643.853
587.654
502.845
424.566
373.346
344.592
329.395
321.488
317.361
315.194
314.071
313.551
313.458
313.761
314.601
316.283
319.389
324.977
334.957
352.728
383.899
435.523
508.503
580.143
629.032
654.394
665.384
666.52
654.492
609.372
524.635
438.042
379.624
346.64
329.364
320.562
316.13
313.926
312.875
312.462
312.485
312.928
313.987
316.127
320.337
328.662
345.275
378.19
439.107
530.535
611.608
651.929
663.252
663.535
651.351
616.415
551.94
471.533
404.465
361.976
337.906
324.867
317.929
314.263
312.328
311.302
310.752
310.448
310.273
310.165
310.092
310.04
309.999
309.966
309.939
309.915
309.894
309.876
309.86
309.846
309.834
309.823
309.813
309.804
309.796
309.789
309.783
309.777
309.772
309.767
309.763
309.759
309.755
309.752
309.749
309.747
309.744
309.742
309.74
309.739
309.737
309.736
309.734
309.733
309.732
309.731
309.73
309.73
309.729
309.728
309.728
309.727
309.727
309.727
309.726
309.726
309.726
309.726
309.725
309.725
309.725
309.725
309.725
309.725
309.725
309.902
309.903
309.905
309.908
309.912
309.917
309.923
309.93
309.939
309.948
309.959
309.972
309.987
310.003
310.021
310.043
310.066
310.094
310.125
310.16
310.201
310.247
310.298
310.352
310.406
310.454
310.481
310.466
310.382
310.18
309.824
309.473
309.32
309.263
309.242
309.233
309.237
309.267
309.387
309.645
309.869
310.068
310.24
310.381
310.494
310.584
310.655
310.71
310.755
310.791
310.821
310.847
310.87
310.894
310.92
310.954
311.003
311.08
311.209
311.429
311.809
312.466
313.598
315.542
318.895
324.722
334.994
353.334
385.962
440.524
513.791
581.98
626.275
650.051
655.91
630.808
546.804
451.53
384.656
348.704
330.663
321.587
316.905
314.417
313.059
312.315
311.934
311.81
311.925
312.34
313.211
314.842
317.797
323.14
332.927
351.206
385.674
447.616
533.874
609.025
650.122
665.231
665.744
641.063
565.121
462.61
388.027
348.73
329.478
320.059
315.398
313.077
311.933
311.404
311.231
311.316
311.664
312.386
313.737
316.253
321.05
330.549
350.131
391.362
472.453
578.583
648.274
663.49
661.857
636.744
573.723
484.536
406.257
359.77
335.464
323.054
316.679
313.374
311.647
310.74
310.259
310
309.855
309.77
309.717
309.68
309.653
309.632
309.614
309.599
309.586
309.575
309.565
309.557
309.549
309.542
309.536
309.531
309.526
309.521
309.517
309.514
309.511
309.508
309.505
309.503
309.501
309.499
309.497
309.495
309.494
309.493
309.491
309.49
309.489
309.489
309.488
309.487
309.486
309.486
309.485
309.485
309.485
309.484
309.484
309.484
309.483
309.483
309.483
309.483
309.483
309.482
309.482
309.482
309.482
309.482
309.482
309.482
309.482
309.482
309.577
309.578
309.579
309.58
309.582
309.585
309.588
309.592
309.596
309.602
309.608
309.614
309.622
309.63
309.64
309.651
309.663
309.677
309.693
309.711
309.731
309.753
309.778
309.805
309.831
309.854
309.865
309.854
309.798
309.655
309.469
309.331
309.267
309.242
309.232
309.227
309.231
309.263
309.343
309.447
309.555
309.656
309.746
309.822
309.885
309.937
309.979
310.013
310.041
310.064
310.083
310.1
310.115
310.13
310.145
310.163
310.187
310.224
310.283
310.382
310.553
310.845
311.348
312.211
313.697
316.292
320.929
329.521
346.213
379.902
443.949
529.909
599.312
643.569
651.788
592.328
475.787
393.101
350.542
331.144
321.84
317.03
314.378
312.839
311.91
311.339
311.001
310.832
310.813
310.964
311.338
312.065
313.385
315.747
320.03
328.095
344.268
379.079
452.476
553.442
628.393
663.062
659.249
588.555
480
388.467
345.636
327.21
318.7
314.53
312.419
311.343
310.811
310.589
310.567
310.712
311.039
311.615
312.571
314.165
316.9
321.838
331.419
351.817
399.306
495.396
632.975
662.07
649.749
591.291
489.391
398.784
350.138
328.87
319.168
314.466
312.086
310.851
310.201
309.856
309.671
309.569
309.511
309.476
309.453
309.437
309.424
309.414
309.405
309.398
309.392
309.386
309.381
309.376
309.373
309.369
309.366
309.363
309.36
309.358
309.356
309.354
309.352
309.351
309.35
309.348
309.347
309.346
309.345
309.344
309.344
309.343
309.342
309.342
309.341
309.341
309.34
309.34
309.339
309.339
309.339
309.339
309.338
309.338
309.338
309.338
309.338
309.338
309.337
309.337
309.337
309.337
309.337
309.337
309.337
309.337
309.337
309.337
309.337
309.337
309.384
309.384
309.385
309.386
309.387
309.388
309.39
309.391
309.394
309.396
309.399
309.402
309.406
309.41
309.414
309.419
309.424
309.43
309.437
309.445
309.453
309.462
309.472
309.482
309.491
309.499
309.501
309.494
309.465
309.389
309.31
309.262
309.241
309.231
309.226
309.221
309.223
309.246
309.282
309.326
309.371
309.416
309.458
309.495
309.527
309.554
309.577
309.596
309.613
309.627
309.639
309.649
309.658
309.667
309.675
309.683
309.694
309.708
309.73
309.766
309.825
309.925
310.096
310.384
310.871
311.701
313.132
315.658
320.267
329.038
347.762
390.634
452.922
560.084
622.461
464.968
372.551
341.966
329.011
322.017
317.813
315.179
313.46
312.306
311.519
310.978
310.604
310.369
310.252
310.258
310.371
310.644
311.152
312.034
313.529
316.099
320.678
329.359
348.647
398.275
476.541
623.446
591.919
410.994
356.639
331.676
321.508
316.309
313.488
311.913
311.028
310.545
310.31
310.25
310.322
310.516
310.867
311.423
312.266
313.53
315.442
318.417
323.295
332.051
350.749
412.052
615.603
614.599
494.564
412.564
350.555
326.16
317.409
313.424
311.479
310.481
309.951
309.664
309.508
309.421
309.373
309.345
309.328
309.317
309.309
309.303
309.298
309.293
309.29
309.286
309.283
309.281
309.278
309.276
309.274
309.272
309.271
309.269
309.268
309.267
309.266
309.265
309.264
309.263
309.262
309.262
309.261
309.26
309.26
309.259
309.259
309.259
309.258
309.258
309.258
309.257
309.257
309.257
309.257
309.257
309.256
309.256
309.256
309.256
309.256
309.256
309.256
309.256
309.256
309.255
309.255
309.255
309.255
309.255
309.255
309.255
309.255
309.255
309.255
309.255
309.276
309.276
309.276
309.276
309.277
309.277
309.278
309.279
309.28
309.281
309.282
309.284
309.285
309.287
309.289
309.291
309.294
309.296
309.299
309.302
309.305
309.308
309.312
309.315
309.318
309.319
309.319
309.313
309.295
309.267
309.247
309.235
309.229
309.225
309.221
309.216
309.213
309.218
309.23
309.246
309.264
309.283
309.302
309.319
309.334
309.348
309.36
309.371
309.38
309.388
309.395
309.401
309.406
309.411
309.415
309.42
309.424
309.431
309.44
309.455
309.479
309.521
309.593
309.716
309.925
310.278
310.878
311.906
313.702
316.958
323.328
336.772
365.337
468.223
601.441
486.962
367.805
338.912
328.019
322.202
318.468
315.855
313.983
312.635
311.67
310.991
310.533
310.237
310.068
310.016
310.068
310.242
310.59
311.176
312.134
313.69
316.261
320.713
329.34
348.715
399.669
599.44
557.068
377.521
337.057
323.493
317.493
314.284
312.434
311.342
310.703
310.35
310.196
310.202
310.354
310.685
311.233
312.067
313.295
315.085
317.708
321.67
328.175
341.236
378.267
512.148
603.051
528.019
356.568
328.276
316.919
312.612
310.926
310.138
309.735
309.519
309.399
309.332
309.295
309.273
309.26
309.252
309.247
309.243
309.24
309.237
309.235
309.233
309.231
309.229
309.227
309.226
309.225
309.224
309.223
309.222
309.221
309.22
309.219
309.218
309.218
309.217
309.217
309.216
309.216
309.215
309.215
309.214
309.214
309.214
309.213
309.213
309.213
309.213
309.212
309.212
309.212
309.212
309.212
309.212
309.211
309.211
309.211
309.211
309.211
309.211
309.211
309.211
309.211
309.211
309.211
309.211
309.211
309.211
309.211
309.21
309.21
309.21
309.21
309.21
309.219
309.219
309.219
309.219
309.219
309.22
309.22
309.221
309.221
309.222
309.222
309.223
309.224
309.225
309.226
309.227
309.228
309.229
309.23
309.232
309.234
309.235
309.237
309.239
309.241
309.242
309.243
309.242
309.236
309.231
309.228
309.225
309.223
309.22
309.216
309.211
309.208
309.208
309.21
309.214
309.219
309.226
309.233
309.24
309.246
309.252
309.258
309.263
309.268
309.272
309.275
309.279
309.282
309.284
309.287
309.289
309.292
309.296
309.302
309.313
309.331
309.363
309.418
309.516
309.683
309.959
310.428
311.231
312.631
315.169
320.142
331.012
357.429
424.997
585.12
513.001
393.066
351.264
335.186
326.885
321.645
318.023
315.44
313.587
312.267
311.342
310.712
310.302
310.068
309.993
310.042
310.224
310.597
311.248
312.313
314.032
316.866
321.849
331.852
356.39
436.166
591.921
543.481
393.522
343.558
326.345
318.896
315.04
312.858
311.583
310.845
310.453
310.305
310.367
310.628
311.136
311.965
313.229
315.103
317.857
321.946
328.284
339.277
363.824
445.567
555.091
582.865
444.367
344.695
319.724
312.861
310.713
309.921
309.572
309.402
309.316
309.27
309.245
309.232
309.223
309.218
309.215
309.212
309.21
309.209
309.207
309.206
309.204
309.203
309.202
309.201
309.2
309.199
309.198
309.198
309.197
309.196
309.196
309.195
309.194
309.194
309.193
309.193
309.193
309.192
309.192
309.192
309.191
309.191
309.191
309.19
309.19
309.19
309.19
309.19
309.189
309.189
309.189
309.189
309.189
309.189
309.189
309.188
309.188
309.188
309.188
309.188
309.188
309.188
309.188
309.188
309.188
309.188
309.188
309.188
309.188
309.188
309.188
309.188
309.188
309.191
309.191
309.191
309.191
309.191
309.192
309.192
309.192
309.192
309.193
309.193
309.194
309.194
309.195
309.196
309.196
309.197
309.198
309.199
309.201
309.202
309.204
309.206
309.208
309.211
309.213
309.216
309.218
309.219
309.22
309.221
309.22
309.219
309.216
309.212
309.207
309.205
309.204
309.203
309.203
309.204
309.205
309.207
309.209
309.211
309.213
309.215
309.217
309.219
309.221
309.223
309.224
309.226
309.228
309.229
309.231
309.234
309.238
309.245
309.257
309.279
309.317
309.381
309.49
309.681
310.018
310.597
311.587
313.299
316.362
322.205
334.331
361.04
419.496
574.181
527.244
421.241
365.79
344.008
332.742
325.651
320.764
317.291
314.812
313.057
311.839
311.016
310.491
310.198
310.113
310.187
310.445
310.96
311.839
313.264
315.557
319.336
326.004
339.487
372.409
469.854
589.404
535.793
404.411
351.634
331.102
321.659
316.66
313.816
312.156
311.201
310.701
310.525
310.63
311.011
311.74
312.929
314.752
317.476
321.519
327.604
337.243
354.625
394.503
496.561
560.347
562.694
403.221
341.655
319.622
312.929
310.737
309.899
309.538
309.371
309.29
309.249
309.227
309.215
309.208
309.204
309.201
309.199
309.198
309.196
309.195
309.194
309.192
309.191
309.19
309.189
309.189
309.188
309.187
309.186
309.186
309.185
309.185
309.184
309.183
309.183
309.183
309.182
309.182
309.181
309.181
309.181
309.18
309.18
309.18
309.18
309.179
309.179
309.179
309.179
309.178
309.178
309.178
309.178
309.178
309.178
309.178
309.177
309.177
309.177
309.177
309.177
309.177
309.177
309.177
309.177
309.177
309.177
309.177
309.177
309.177
309.177
309.177
309.177
309.176
309.178
309.178
309.179
309.179
309.179
309.179
309.179
309.179
309.18
309.18
309.18
309.181
309.181
309.182
309.183
309.183
309.184
309.186
309.187
309.188
309.19
309.192
309.195
309.197
309.2
309.204
309.207
309.21
309.213
309.216
309.217
309.216
309.215
309.212
309.208
309.205
309.203
309.201
309.2
309.199
309.199
309.198
309.198
309.198
309.198
309.199
309.199
309.2
309.201
309.201
309.202
309.203
309.204
309.205
309.206
309.208
309.212
309.217
309.226
309.243
309.271
309.32
309.411
309.568
309.84
310.302
311.082
312.393
314.608
318.446
325.436
339.025
366.747
424.279
566.902
533.904
442.297
379.686
353.035
338.908
329.936
323.725
319.302
316.147
313.924
312.388
311.362
310.716
310.365
310.28
310.393
310.749
311.439
312.599
314.461
317.428
322.267
330.71
347.56
387.455
489.38
584.335
530.492
412.001
358.691
335.755
324.534
318.409
314.872
312.794
311.598
310.977
310.77
310.927
311.452
312.447
314.073
316.58
320.351
325.988
334.553
348.33
373.896
435.482
523.395
559.675
542.493
388.814
339.087
320.488
313.866
311.313
310.209
309.694
309.444
309.321
309.26
309.229
309.213
309.205
309.2
309.197
309.195
309.193
309.192
309.19
309.189
309.188
309.187
309.186
309.185
309.184
309.183
309.183
309.182
309.181
309.181
309.18
309.179
309.179
309.178
309.178
309.177
309.177
309.177
309.176
309.176
309.176
309.175
309.175
309.175
309.174
309.174
309.174
309.174
309.174
309.173
309.173
309.173
309.173
309.173
309.173
309.172
309.172
309.172
309.172
309.172
309.172
309.172
309.172
309.172
309.172
309.172
309.171
309.171
309.171
309.171
309.171
309.171
309.171
309.173
309.173
309.173
309.173
309.174
309.174
309.174
309.174
309.174
309.175
309.175
309.176
309.176
309.177
309.178
309.179
309.18
309.181
309.183
309.184
309.186
309.189
309.191
309.194
309.197
309.2
309.203
309.205
309.208
309.211
309.212
309.212
309.211
309.208
309.204
309.202
309.201
309.2
309.199
309.198
309.197
309.196
309.195
309.195
309.194
309.194
309.194
309.194
309.194
309.195
309.195
309.195
309.196
309.197
309.199
309.201
309.205
309.212
309.224
309.247
309.288
309.361
309.488
309.708
310.081
310.706
311.742
313.444
316.244
320.934
329.103
344.141
373.203
431.542
561.705
536.641
456.392
391.859
361.622
344.984
334.244
326.737
321.36
317.517
314.811
312.949
311.714
310.947
310.542
310.467
310.63
311.105
312.001
313.484
315.835
319.532
325.463
335.601
355.337
400.273
501.592
582.707
526.661
418.133
364.817
340.053
327.307
320.143
315.933
313.437
311.995
311.249
311.016
311.236
311.93
313.238
315.377
318.689
323.69
331.198
342.667
361.259
395.646
468.658
536.749
557.711
520.555
380.063
337.63
321.457
314.922
312.004
310.605
309.909
309.557
309.379
309.289
309.243
309.219
309.207
309.2
309.197
309.194
309.192
309.191
309.189
309.188
309.187
309.186
309.185
309.184
309.183
309.182
309.181
309.18
309.18
309.179
309.178
309.178
309.177
309.177
309.176
309.176
309.175
309.175
309.174
309.174
309.174
309.173
309.173
309.173
309.172
309.172
309.172
309.172
309.172
309.171
309.171
309.171
309.171
309.171
309.17
309.17
309.17
309.17
309.17
309.17
309.17
309.17
309.17
309.169
309.169
309.169
309.169
309.169
309.169
309.169
309.169
309.169
309.169
309.171
309.172
309.172
309.172
309.172
309.172
309.172
309.172
309.173
309.173
309.173
309.174
309.175
309.175
309.176
309.177
309.178
309.18
309.181
309.183
309.185
309.187
309.189
309.192
309.193
309.194
309.195
309.197
309.201
309.205
309.207
309.207
309.206
309.203
309.201
309.2
309.199
309.199
309.198
309.197
309.196
309.195
309.195
309.194
309.194
309.193
309.193
309.193
309.193
309.193
309.193
309.194
309.194
309.195
309.197
309.2
309.205
309.215
309.233
309.265
309.322
309.423
309.599
309.899
310.4
311.227
312.568
314.724
318.177
323.775
333.147
349.631
380.139
439.509
558.422
537.741
465.605
401.965
369.4
350.727
338.421
329.707
323.411
318.887
315.696
313.504
312.059
311.171
310.719
310.662
310.89
311.508
312.642
314.491
317.377
321.84
328.852
340.536
362.605
410.957
510.179
578.624
524.052
423.207
370.033
343.909
329.904
321.813
316.971
314.065
312.377
311.506
311.252
311.547
312.437
314.103
316.829
321.055
327.442
337.038
351.719
375.593
419.994
493.483
544.244
553.722
496.367
376.591
337.925
322.952
316.173
312.823
311.093
310.185
309.708
309.459
309.33
309.264
309.23
309.213
309.203
309.198
309.195
309.192
309.191
309.189
309.188
309.187
309.185
309.184
309.183
309.182
309.182
309.181
309.18
309.179
309.179
309.178
309.177
309.177
309.176
309.176
309.175
309.175
309.174
309.174
309.174
309.173
309.173
309.172
309.172
309.172
309.172
309.171
309.171
309.171
309.171
309.17
309.17
309.17
309.17
309.17
309.17
309.169
309.169
309.169
309.169
309.169
309.169
309.169
309.169
309.169
309.169
309.168
309.168
309.168
309.168
309.168
309.168
309.168
309.171
309.171
309.171
309.171
309.171
309.172
309.172
309.172
309.172
309.173
309.173
309.174
309.174
309.175
309.176
309.177
309.178
309.179
309.181
309.182
309.184
309.185
309.186
309.185
309.183
309.179
309.179
309.182
309.189
309.196
309.201
309.203
309.202
309.2
309.199
309.198
309.198
309.197
309.197
309.196
309.196
309.195
309.194
309.194
309.193
309.193
309.193
309.193
309.193
309.193
309.193
309.193
309.194
309.195
309.198
309.202
309.209
309.222
309.247
309.291
309.37
309.509
309.747
310.147
310.808
311.878
313.581
316.254
320.426
326.986
337.593
355.566
387.814
450.72
555.783
537.489
471.178
410.003
376.184
355.992
342.378
332.585
325.428
320.246
316.573
314.05
312.391
311.385
310.89
310.862
311.172
311.96
313.368
315.623
319.087
324.339
332.398
345.461
369.376
420.019
517.314
577.257
522.166
427.06
374.321
347.298
332.299
323.402
317.973
314.669
312.735
311.739
311.469
311.852
312.964
315.032
318.41
323.637
331.518
343.329
361.363
390.561
443.384
510.476
545.151
547.037
468.874
374.409
339.577
324.833
317.612
313.781
311.684
310.532
309.904
309.566
309.387
309.293
309.245
309.22
309.207
309.2
309.196
309.193
309.191
309.19
309.188
309.187
309.186
309.185
309.184
309.183
309.182
309.181
309.18
309.18
309.179
309.178
309.177
309.177
309.176
309.176
309.175
309.175
309.174
309.174
309.173
309.173
309.173
309.172
309.172
309.172
309.171
309.171
309.171
309.171
309.17
309.17
309.17
309.17
309.17
309.169
309.169
309.169
309.169
309.169
309.169
309.169
309.169
309.168
309.168
309.168
309.168
309.168
309.168
309.168
309.168
309.168
309.168
309.168
309.171
309.171
309.171
309.172
309.172
309.172
309.172
309.172
309.172
309.173
309.173
309.173
309.174
309.175
309.175
309.176
309.177
309.177
309.178
309.178
309.178
309.176
309.173
309.168
309.157
309.147
309.15
309.16
309.174
309.186
309.195
309.198
309.198
309.197
309.197
309.196
309.196
309.196
309.196
309.195
309.195
309.194
309.194
309.194
309.193
309.193
309.193
309.193
309.193
309.193
309.193
309.193
309.194
309.196
309.199
309.204
309.214
309.232
309.266
309.327
309.434
309.621
309.939
310.466
311.323
312.686
314.81
318.068
323.023
330.597
342.479
362.029
396.325
462.809
553.535
536.755
474.828
416.316
381.926
360.711
346.074
335.355
327.41
321.595
317.445
314.584
312.706
311.58
311.05
311.057
311.471
312.458
314.178
316.885
320.966
327.02
336.082
350.364
375.754
428.148
523.517
574.079
519.816
429.5
377.729
350.247
334.495
324.906
318.931
315.24
313.059
311.935
311.652
312.136
313.496
316.006
320.088
326.374
335.793
349.823
371.124
405.111
462.865
521.026
544.585
536.43
440.254
370.983
341.168
326.873
319.228
314.896
312.399
310.966
310.156
309.707
309.463
309.333
309.265
309.23
309.212
309.203
309.197
309.194
309.192
309.19
309.189
309.188
309.186
309.185
309.184
309.183
309.182
309.182
309.181
309.18
309.179
309.179
309.178
309.177
309.177
309.176
309.176
309.175
309.175
309.174
309.174
309.173
309.173
309.173
309.172
309.172
309.172
309.171
309.171
309.171
309.171
309.17
309.17
309.17
309.17
309.17
309.169
309.169
309.169
309.169
309.169
309.169
309.169
309.168
309.168
309.168
309.168
309.168
309.168
309.168
309.168
309.168
309.168
309.168
309.172
309.172
309.172
309.172
309.172
309.172
309.172
309.172
309.172
309.172
309.173
309.173
309.173
309.173
309.173
309.173
309.172
309.171
309.169
309.166
309.161
309.154
309.142
309.124
309.1
309.094
309.106
309.129
309.155
309.175
309.188
309.194
309.195
309.195
309.194
309.194
309.194
309.194
309.194
309.193
309.193
309.193
309.193
309.192
309.192
309.192
309.192
309.192
309.192
309.192
309.192
309.193
309.194
309.196
309.199
309.206
309.219
309.244
309.29
309.372
309.517
309.767
310.187
310.874
311.972
313.685
316.297
320.21
326.011
334.645
347.84
369.05
405.529
474.21
551.557
535.552
475.219
420.594
386.606
364.876
349.503
338.019
329.362
322.939
318.311
315.102
312.996
311.744
311.183
311.234
311.778
312.996
315.07
318.275
323.011
329.876
339.89
355.246
381.797
435.699
528.67
572.71
515.947
430.572
380.395
352.823
336.517
326.326
319.84
315.765
313.332
312.075
311.78
312.38
314.013
316.998
321.82
329.183
340.108
356.227
380.476
418.462
477.574
527.144
543.415
523.154
420.062
368.669
342.953
329.117
321.061
316.204
313.264
311.506
310.478
309.89
309.563
309.386
309.292
309.243
309.218
309.205
309.198
309.194
309.192
309.19
309.189
309.188
309.187
309.186
309.185
309.184
309.183
309.182
309.181
309.18
309.18
309.179
309.178
309.178
309.177
309.176
309.176
309.175
309.175
309.174
309.174
309.174
309.173
309.173
309.172
309.172
309.172
309.172
309.171
309.171
309.171
309.171
309.17
309.17
309.17
309.17
309.17
309.169
309.169
309.169
309.169
309.169
309.169
309.169
309.169
309.168
309.168
309.168
309.168
309.168
309.168
309.168
309.168
309.168
309.172
309.172
309.172
309.172
309.172
309.172
309.172
309.171
309.171
309.171
309.17
309.169
309.168
309.167
309.165
309.163
309.159
309.154
309.147
309.137
309.122
309.1
309.073
309.032
309.002
309.012
309.046
309.091
309.132
309.163
309.181
309.189
309.191
309.191
309.191
309.191
309.19
309.19
309.19
309.19
309.19
309.19
309.19
309.19
309.19
309.189
309.189
309.189
309.189
309.189
309.19
309.19
309.191
309.193
309.197
309.206
309.223
309.256
309.318
309.429
309.624
309.956
310.508
311.396
312.79
314.919
318.095
322.736
329.44
339.167
353.695
376.613
415.242
484.523
549.805
533.862
474.78
423.376
390.366
368.535
352.686
340.587
331.289
324.278
319.165
315.594
313.244
311.856
311.269
311.377
312.074
313.559
316.031
319.781
325.21
332.894
343.811
360.106
387.511
441.848
531.898
570.158
510.5
430.702
382.531
355.112
338.396
327.668
320.688
316.229
313.533
312.14
311.836
312.56
314.486
317.969
323.545
331.964
344.29
362.25
388.941
429.755
488.162
530.675
541.698
509.862
412.123
368.583
345.425
331.732
323.19
317.757
314.318
312.182
310.889
310.129
309.696
309.456
309.327
309.259
309.224
309.207
309.198
309.194
309.191
309.19
309.188
309.187
309.186
309.185
309.185
309.184
309.183
309.182
309.181
309.18
309.18
309.179
309.178
309.178
309.177
309.177
309.176
309.176
309.175
309.175
309.174
309.174
309.173
309.173
309.173
309.172
309.172
309.172
309.171
309.171
309.171
309.171
309.17
309.17
309.17
309.17
309.17
309.169
309.169
309.169
309.169
309.169
309.169
309.169
309.169
309.169
309.168
309.168
309.168
309.168
309.168
309.168
309.168
309.168
309.171
309.171
309.171
309.171
309.171
309.17
309.169
309.168
309.167
309.165
309.163
309.16
309.157
309.152
309.146
309.138
309.128
309.115
309.097
309.072
309.037
308.989
308.934
308.866
308.858
308.899
308.971
309.046
309.107
309.15
309.174
309.183
309.185
309.185
309.185
309.185
309.184
309.184
309.184
309.184
309.184
309.184
309.183
309.183
309.183
309.183
309.183
309.183
309.183
309.182
309.182
309.182
309.183
309.185
309.19
309.201
309.223
309.266
309.349
309.499
309.76
310.2
310.92
312.063
313.82
316.446
320.267
325.708
333.363
344.198
360.06
384.719
425.579
493.743
548.23
531.691
473.762
425.213
393.426
371.773
355.653
343.063
333.182
325.598
319.988
316.034
313.423
311.901
311.297
311.462
312.338
314.124
317.042
321.387
327.547
336.057
347.833
364.951
392.956
446.695
532.417
568.484
505.289
430.58
384.35
357.203
340.162
328.935
321.465
316.612
313.64
312.142
311.829
312.649
314.879
318.87
325.193
334.609
348.176
367.64
396.163
438.597
495.609
532.87
539.886
499.186
412.915
371.615
348.883
334.866
325.708
319.622
315.613
313.03
311.416
310.439
309.868
309.546
309.37
309.277
309.229
309.206
309.195
309.19
309.188
309.187
309.186
309.185
309.185
309.184
309.183
309.183
309.182
309.181
309.181
309.18
309.179
309.179
309.178
309.178
309.177
309.177
309.176
309.176
309.175
309.175
309.174
309.174
309.173
309.173
309.173
309.172
309.172
309.172
309.171
309.171
309.171
309.171
309.17
309.17
309.17
309.17
309.17
309.17
309.169
309.169
309.169
309.169
309.169
309.169
309.169
309.169
309.169
309.168
309.168
309.168
309.168
309.168
309.168
309.168
309.169
309.169
309.168
309.168
309.166
309.165
309.163
309.16
309.157
309.152
309.146
309.139
309.13
309.118
309.104
309.085
309.062
309.033
308.994
308.943
308.872
308.775
308.679
308.619
308.658
308.758
308.881
308.993
309.079
309.137
309.164
309.173
309.175
309.174
309.174
309.173
309.173
309.172
309.172
309.171
309.171
309.171
309.17
309.17
309.17
309.169
309.169
309.168
309.167
309.166
309.165
309.165
309.164
309.166
309.171
309.184
309.212
309.268
309.379
309.58
309.928
310.51
311.449
312.912
315.115
318.328
322.882
329.191
337.829
349.764
366.936
393.349
436.628
501.758
546.776
529.059
472.252
426.434
395.971
374.673
358.428
345.438
335.015
326.861
320.741
316.384
313.503
311.869
311.246
311.479
312.54
314.665
318.079
323.071
330.001
339.347
351.945
369.793
398.238
450.855
532.03
566.716
501.682
430.53
386.015
359.172
341.845
330.128
322.157
316.891
313.657
312.001
311.674
312.647
315.148
319.647
326.691
337.016
351.625
372.215
401.94
445.051
500.555
534.602
538.746
491.63
416.382
376.341
353.28
338.623
328.713
321.88
317.21
314.097
312.088
310.838
310.09
309.659
309.42
309.293
309.229
309.199
309.186
309.181
309.179
309.179
309.179
309.179
309.18
309.18
309.18
309.179
309.179
309.179
309.178
309.178
309.178
309.177
309.177
309.176
309.176
309.176
309.175
309.175
309.174
309.174
309.174
309.173
309.173
309.173
309.172
309.172
309.172
309.172
309.171
309.171
309.171
309.171
309.17
309.17
309.17
309.17
309.17
309.169
309.169
309.169
309.169
309.169
309.169
309.169
309.169
309.169
309.168
309.168
309.168
309.168
309.168
309.168
309.168
309.168
309.162
309.162
309.161
309.159
309.156
309.152
309.147
309.141
309.133
309.122
309.11
309.093
309.073
309.048
309.017
308.979
308.932
308.874
308.8
308.704
308.575
308.398
308.281
308.291
308.407
308.59
308.777
308.934
309.049
309.119
309.148
309.155
309.155
309.154
309.153
309.151
309.15
309.149
309.148
309.147
309.146
309.145
309.144
309.143
309.142
309.141
309.14
309.138
309.136
309.133
309.13
309.127
309.125
309.125
309.129
309.143
309.179
309.254
309.397
309.667
310.131
310.9
312.12
313.986
316.732
320.634
326.011
333.242
342.869
355.87
374.306
402.426
447.815
508.626
545.378
525.98
470.426
427.253
398.139
377.298
361.016
347.68
336.738
328.014
321.37
316.597
313.481
311.677
311.042
311.37
312.643
315.157
319.119
324.811
332.553
342.746
356.138
374.646
403.453
454.909
531.271
565.036
499.223
430.625
387.628
361.074
343.466
331.25
322.755
317.043
313.522
311.704
311.355
312.461
315.254
320.245
327.965
339.098
354.542
375.881
406.203
449.549
503.243
536.422
539.134
491.905
422.451
382.469
358.604
343.081
332.295
324.613
319.181
315.437
312.944
311.35
310.371
309.797
309.474
309.302
309.218
309.179
309.163
309.158
309.158
309.16
309.163
309.165
309.167
309.169
309.17
309.171
309.172
309.172
309.173
309.173
309.173
309.173
309.173
309.173
309.173
309.173
309.173
309.173
309.172
309.172
309.172
309.172
309.171
309.171
309.171
309.171
309.171
309.17
309.17
309.17
309.17
309.17
309.169
309.169
309.169
309.169
309.169
309.169
309.169
309.169
309.168
309.168
309.168
309.168
309.168
309.168
309.168
309.168
309.168
309.168
309.168
309.168
309.168
309.168
309.147
309.145
309.142
309.138
309.132
309.124
309.113
309.099
309.082
309.061
309.035
309.002
308.962
308.913
308.853
308.78
308.693
308.587
308.457
308.291
308.071
307.808
307.756
307.872
308.113
308.396
308.659
308.868
309.014
309.091
309.116
309.121
309.12
309.117
309.114
309.11
309.108
309.105
309.103
309.1
309.098
309.096
309.094
309.092
309.089
309.086
309.083
309.079
309.074
309.069
309.062
309.055
309.049
309.044
309.046
309.061
309.105
309.202
309.395
309.753
310.369
311.38
312.961
315.329
318.729
323.428
329.707
337.897
348.493
362.499
382.135
411.867
458.783
514.425
543.964
522.471
468.455
427.813
400.023
379.682
363.402
349.738
338.281
328.982
321.808
316.657
313.246
311.299
310.67
311.105
312.649
315.584
320.144
326.59
335.183
346.237
360.398
379.512
408.637
459.112
531.125
563.872
496.926
430.842
389.251
362.949
345.045
332.304
323.257
317.082
313.227
311.237
310.857
312.093
315.218
320.611
328.951
340.785
356.875
378.627
408.97
452.125
504.521
538.216
540.299
495.123
430.61
389.919
364.871
348.3
336.533
327.905
321.601
317.111
314.028
311.999
310.724
309.961
309.527
309.295
309.182
309.131
309.114
309.111
309.115
309.122
309.129
309.136
309.141
309.146
309.15
309.153
309.155
309.158
309.159
309.161
309.162
309.163
309.164
309.165
309.165
309.166
309.166
309.167
309.167
309.167
309.167
309.167
309.167
309.167
309.167
309.167
309.167
309.167
309.167
309.167
309.167
309.167
309.167
309.167
309.167
309.167
309.167
309.167
309.167
309.167
309.167
309.167
309.166
309.166
309.166
309.166
309.166
309.166
309.166
309.166
309.166
309.166
309.166
309.166
309.112
309.109
309.103
309.094
309.082
309.065
309.044
309.017
308.984
308.943
308.893
308.832
308.758
308.668
308.562
308.434
308.282
308.102
307.889
307.622
307.267
307.023
307.106
307.386
307.776
308.175
308.526
308.795
308.966
309.038
309.057
309.058
309.054
309.048
309.042
309.036
309.031
309.026
309.021
309.016
309.012
309.007
309.003
308.998
308.993
308.986
308.979
308.971
308.962
308.951
308.938
308.924
308.91
308.898
308.894
308.909
308.961
309.087
309.343
309.814
310.632
311.957
313.996
316.98
321.155
326.754
334.003
343.159
354.676
369.611
390.389
421.686
469.309
519.229
542.463
518.54
466.443
428.186
401.674
381.834
365.549
351.546
339.564
329.688
321.997
316.485
312.796
310.713
310.107
310.673
312.521
315.93
321.14
328.389
337.873
349.799
364.711
384.384
413.783
463.435
531.469
562.276
494.49
431.251
390.936
364.831
346.599
333.298
323.662
317
312.777
310.593
310.164
311.507
314.895
320.729
329.59
342.023
358.606
380.519
410.411
452.065
503.914
539.648
542.136
501.929
440.782
398.654
372.09
354.318
341.485
331.827
324.545
319.184
315.387
312.815
311.158
310.146
309.563
309.252
309.1
309.036
309.018
309.019
309.032
309.047
309.063
309.076
309.088
309.098
309.107
309.115
309.121
309.126
309.131
309.135
309.139
309.142
309.144
309.147
309.149
309.15
309.152
309.153
309.154
309.155
309.156
309.157
309.158
309.158
309.159
309.159
309.16
309.16
309.16
309.161
309.161
309.161
309.161
309.161
309.162
309.162
309.162
309.162
309.162
309.162
309.162
309.162
309.162
309.162
309.162
309.162
309.162
309.162
309.162
309.162
309.162
309.162
309.162
309.162
309.041
309.036
309.025
309.007
308.983
308.952
308.912
308.862
308.802
308.728
308.639
308.533
308.406
308.255
308.077
307.867
307.62
307.336
307.01
306.61
306.146
306.084
306.35
306.84
307.398
307.926
308.379
308.705
308.882
308.939
308.95
308.946
308.937
308.926
308.916
308.906
308.896
308.887
308.878
308.87
308.861
308.853
308.844
308.834
308.824
308.813
308.8
308.785
308.768
308.748
308.726
308.701
308.674
308.65
308.636
308.649
308.711
308.873
309.21
309.832
310.911
312.637
315.242
318.968
324.039
330.635
338.896
348.998
361.364
377.144
399.022
431.937
479.134
523.081
540.799
514.191
464.405
428.396
403.11
383.741
367.408
353.029
340.504
330.072
321.99
316.035
312.086
309.894
309.341
310.061
312.243
316.176
322.091
330.195
340.603
353.412
369.055
389.245
418.872
467.799
532.443
561.474
492.469
432.002
392.731
366.75
348.144
334.237
323.967
316.765
312.164
309.766
309.268
310.691
314.316
320.582
329.85
342.773
359.74
381.651
410.916
451.241
502.233
540.899
544.485
510.904
453.132
408.687
380.268
361.146
347.182
336.433
328.077
321.722
317.073
313.831
311.687
310.349
309.568
309.148
308.944
308.863
308.844
308.854
308.881
308.911
308.939
308.965
308.988
309.008
309.025
309.04
309.053
309.064
309.074
309.083
309.09
309.097
309.103
309.108
309.113
309.117
309.121
309.124
309.127
309.13
309.133
309.135
309.137
309.138
309.14
309.141
309.143
309.144
309.145
309.146
309.147
309.148
309.148
309.149
309.15
309.15
309.151
309.151
309.151
309.152
309.152
309.152
309.153
309.153
309.153
309.153
309.153
309.153
309.154
309.154
309.154
309.154
309.154
309.154
308.906
308.896
308.876
308.844
308.801
308.745
308.676
308.59
308.487
308.363
308.215
308.041
307.836
307.597
307.32
306.997
306.621
306.196
305.735
305.165
304.809
304.993
305.527
306.243
306.98
307.653
308.219
308.575
308.726
308.765
308.766
308.755
308.738
308.721
308.704
308.688
308.672
308.656
308.641
308.626
308.611
308.596
308.581
308.564
308.546
308.526
308.504
308.479
308.45
308.417
308.38
308.339
308.296
308.254
308.226
308.235
308.309
308.518
308.962
309.791
311.196
313.417
316.708
321.307
327.391
335.059
344.349
355.349
368.479
385.023
407.952
442.36
488.133
526.053
538.898
509.43
462.282
428.433
404.336
385.376
368.923
354.111
341.041
330.158
321.556
315.257
311.098
308.833
308.367
309.269
311.824
316.318
322.988
331.989
343.351
357.05
373.408
394.077
423.882
472.127
533.955
560.176
491.715
433.168
394.671
368.732
349.698
335.135
324.185
316.409
311.399
308.764
308.172
309.632
313.427
319.989
329.806
343.057
360.297
382.124
410.625
449.411
499.404
540.731
547.081
520.423
466.998
419.982
389.389
368.767
353.628
341.752
332.25
324.783
319.139
315.082
312.327
310.568
309.523
308.953
308.678
308.573
308.551
308.576
308.624
308.675
308.725
308.77
308.809
308.845
308.875
308.903
308.927
308.948
308.966
308.983
308.998
309.011
309.023
309.034
309.044
309.052
309.06
309.067
309.073
309.079
309.085
309.089
309.094
309.098
309.101
309.104
309.107
309.11
309.113
309.115
309.117
309.119
309.121
309.122
309.124
309.125
309.126
309.128
309.129
309.129
309.13
309.131
309.132
309.132
309.133
309.133
309.134
309.134
309.134
309.135
309.135
309.135
309.135
309.135
308.663
308.646
308.611
308.557
308.485
308.392
308.278
308.138
307.973
307.777
307.547
307.279
306.969
306.613
306.208
305.744
305.207
304.604
304.007
303.355
303.339
303.812
304.644
305.594
306.522
307.362
308.018
308.345
308.454
308.475
308.465
308.443
308.417
308.391
308.365
308.339
308.314
308.289
308.265
308.241
308.217
308.192
308.166
308.139
308.109
308.077
308.042
308.002
307.958
307.907
307.851
307.788
307.722
307.658
307.611
307.617
307.708
307.979
308.563
309.645
311.462
314.289
318.395
323.993
331.194
339.988
350.295
362.127
375.93
393.167
417.091
452.713
496.145
528.048
536.692
504.282
460.008
428.32
405.351
386.705
370.032
354.738
341.2
329.79
320.737
314.139
309.827
307.537
307.193
308.308
311.274
316.362
323.826
333.755
346.09
360.685
377.745
398.861
428.795
476.366
535.832
559.744
491.844
434.687
396.773
370.799
351.276
336.004
324.33
315.946
310.499
307.599
306.885
308.339
312.241
319.012
329.114
342.902
360.399
382.154
409.69
446.753
495.467
539.764
549.64
529.408
481.569
432.462
399.42
377.141
360.79
347.782
337.093
328.416
321.638
316.611
313.099
310.802
309.407
308.634
308.26
308.118
308.093
308.137
308.212
308.293
308.372
308.444
308.509
308.567
308.618
308.664
308.705
308.742
308.775
308.804
308.831
308.855
308.877
308.896
308.914
308.93
308.945
308.959
308.971
308.982
308.992
309.002
309.01
309.018
309.026
309.032
309.038
309.044
309.049
309.054
309.058
309.062
309.066
309.069
309.072
309.075
309.078
309.08
309.083
309.085
309.086
309.088
309.09
309.091
309.092
309.093
309.094
309.095
309.096
309.096
309.097
309.097
309.097
309.097
308.252
308.225
308.169
308.084
307.97
307.824
307.646
307.433
307.183
306.892
306.555
306.168
305.726
305.228
304.672
304.047
303.329
302.51
301.805
301.407
301.751
302.596
303.712
304.89
306.012
307.015
307.685
307.947
308.019
308.019
307.995
307.96
307.922
307.883
307.845
307.807
307.77
307.733
307.696
307.659
307.622
307.584
307.545
307.503
307.459
307.411
307.358
307.299
307.234
307.162
307.081
306.993
306.899
306.81
306.744
306.747
306.864
307.219
307.98
309.377
311.696
315.242
320.289
327.007
335.41
345.358
356.649
369.234
383.623
401.509
426.452
462.766
503.256
529.538
534.142
498.821
457.583
428.078
406.153
387.689
370.686
354.94
340.875
328.905
319.485
312.677
308.284
306.024
305.834
307.196
310.607
316.332
324.596
335.467
348.791
364.291
382.044
403.578
433.593
480.458
537.779
559.467
492.481
436.495
399.049
372.966
352.888
336.853
324.414
315.392
309.482
306.292
305.428
306.825
310.766
317.658
327.947
341.915
359.637
381.295
408.156
443.524
490.571
537.593
551.954
537.312
495.933
446.233
410.322
386.209
368.614
354.493
342.61
332.654
324.616
318.462
314.035
311.061
309.213
308.168
307.652
307.455
307.419
307.482
307.59
307.709
307.825
307.934
308.032
308.122
308.202
308.274
308.34
308.399
308.452
308.501
308.545
308.586
308.623
308.656
308.687
308.716
308.741
308.765
308.787
308.807
308.826
308.843
308.859
308.873
308.887
308.899
308.91
308.921
308.931
308.94
308.948
308.956
308.963
308.969
308.975
308.981
308.986
308.99
308.995
308.999
309.002
309.006
309.009
309.011
309.014
309.016
309.017
309.019
309.02
309.022
309.022
309.023
309.024
309.024
307.602
307.56
307.476
307.349
307.179
306.964
306.705
306.398
306.042
305.634
305.169
304.642
304.049
303.39
302.67
301.883
300.991
299.947
299.34
299.43
300.154
301.339
302.724
304.127
305.456
306.561
307.139
307.327
307.36
307.34
307.297
307.247
307.194
307.141
307.088
307.035
306.982
306.93
306.877
306.825
306.771
306.717
306.66
306.601
306.537
306.47
306.396
306.316
306.227
306.129
306.021
305.905
305.783
305.668
305.585
305.593
305.75
306.215
307.197
308.976
311.887
316.263
322.371
330.312
339.981
351.092
363.316
376.569
391.472
409.98
435.948
472.337
509.215
529.576
531.247
493.227
455.129
427.771
406.74
388.288
370.908
354.645
339.912
327.505
317.823
310.895
306.495
304.327
304.309
305.955
309.829
316.196
325.274
337.097
351.424
367.839
386.283
408.212
438.26
484.384
539.709
559.557
493.712
438.567
401.506
375.24
354.54
337.688
324.445
314.764
308.37
304.866
303.825
305.116
309.028
315.956
326.351
340.489
358.371
379.989
406.185
439.865
484.908
534.035
553.753
543.911
509.336
460.924
422.027
395.91
377.024
361.824
348.774
337.508
328.108
320.678
315.171
311.37
308.946
307.54
306.827
306.543
306.486
306.56
306.703
306.865
307.026
307.178
307.319
307.448
307.565
307.672
307.77
307.859
307.941
308.016
308.085
308.149
308.208
308.262
308.312
308.358
308.4
308.439
308.476
308.51
308.541
308.57
308.596
308.621
308.644
308.666
308.686
308.704
308.721
308.737
308.752
308.765
308.778
308.79
308.801
308.811
308.82
308.828
308.836
308.843
308.85
308.856
308.861
308.866
308.87
308.874
308.878
308.88
308.883
308.885
308.887
308.888
308.889
308.889
306.638
306.578
306.458
306.279
306.04
305.742
305.384
304.967
304.489
303.95
303.345
302.667
301.914
301.087
300.204
299.269
298.227
297.11
296.929
297.46
298.579
300.05
301.68
303.293
304.803
305.87
306.299
306.418
306.418
306.375
306.314
306.247
306.177
306.107
306.037
305.967
305.896
305.826
305.755
305.684
305.612
305.538
305.462
305.382
305.298
305.208
305.112
305.008
304.894
304.77
304.636
304.492
304.344
304.208
304.115
304.138
304.356
304.962
306.211
308.438
312.023
317.335
324.607
333.856
344.838
357.104
370.203
384.042
399.395
418.504
445.407
481.156
513.964
529.331
527.927
487.841
452.876
427.475
407.102
388.501
370.681
353.655
338.383
325.633
315.787
308.832
304.501
302.484
302.639
304.608
308.942
315.94
325.828
338.612
353.961
371.309
390.447
412.75
442.784
488.113
541.503
559.791
495.318
440.885
404.15
377.622
356.231
338.514
324.441
314.077
307.184
303.346
302.104
303.243
307.057
313.931
324.331
338.551
356.554
378.16
403.81
435.876
478.664
529.034
555.01
549.218
521.385
475.93
434.474
406.183
385.936
369.696
355.533
342.959
332.128
323.293
316.548
311.761
308.626
306.759
305.778
305.364
305.263
305.334
305.507
305.712
305.921
306.121
306.309
306.484
306.645
306.793
306.931
307.058
307.175
307.285
307.386
307.48
307.567
307.649
307.724
307.795
307.86
307.921
307.978
308.031
308.08
308.126
308.169
308.209
308.247
308.281
308.314
308.344
308.372
308.398
308.423
308.445
308.466
308.486
308.504
308.521
308.537
308.551
308.564
308.577
308.588
308.598
308.607
308.615
308.623
308.63
308.635
308.641
308.645
308.648
308.651
308.653
308.655
308.655
305.297
305.216
305.055
304.816
304.499
304.107
303.642
303.106
302.501
301.827
301.082
300.26
299.354
298.369
297.337
296.293
295.119
294.36
294.639
295.583
297.012
298.725
300.589
302.403
303.974
304.827
305.114
305.17
305.141
305.076
304.997
304.913
304.826
304.738
304.65
304.561
304.472
304.383
304.293
304.202
304.11
304.015
303.918
303.817
303.712
303.6
303.481
303.355
303.218
303.071
302.913
302.747
302.58
302.431
302.342
302.394
302.696
303.475
305.035
307.767
312.095
318.429
326.948
337.573
349.901
363.306
377.219
391.569
407.324
427.012
454.626
488.993
517.483
528.957
524.091
483.127
451.048
427.228
407.226
388.369
369.769
352.085
336.336
323.333
313.426
306.537
302.345
300.526
300.872
303.166
307.949
315.555
326.236
339.988
356.377
374.68
394.523
417.185
447.155
491.63
543.146
560.151
497.128
443.442
406.976
380.104
357.955
339.326
324.399
313.34
305.942
301.76
300.297
301.243
304.894
311.624
321.923
336.127
354.197
375.824
401.078
431.701
472.017
522.666
554.848
552.919
531.82
490.602
447.697
416.973
395.268
378.016
362.811
348.964
336.663
326.319
318.194
312.271
308.289
305.848
304.517
303.918
303.747
303.788
303.98
304.221
304.474
304.722
304.958
305.18
305.388
305.582
305.764
305.934
306.093
306.242
306.381
306.512
306.635
306.75
306.858
306.959
307.054
307.143
307.226
307.305
307.378
307.447
307.511
307.572
307.629
307.682
307.732
307.778
307.822
307.862
307.9
307.936
307.969
308
308.029
308.056
308.08
308.103
308.125
308.144
308.162
308.178
308.193
308.207
308.219
308.23
308.239
308.247
308.254
308.26
308.265
308.268
308.27
308.272
303.546
303.444
303.24
302.937
302.54
302.053
301.48
300.828
300.101
299.304
298.437
297.494
296.465
295.349
294.194
293.12
292.014
291.869
292.525
293.801
295.466
297.376
299.452
301.388
302.794
303.37
303.544
303.552
303.499
303.416
303.322
303.222
303.118
303.014
302.908
302.801
302.694
302.586
302.477
302.367
302.256
302.142
302.025
301.905
301.78
301.649
301.511
301.366
301.211
301.046
300.872
300.693
300.517
300.369
300.299
300.395
300.804
301.784
303.691
306.972
312.106
319.509
329.33
341.382
355.084
369.613
384.283
399.082
415.206
435.461
463.411
495.773
520.034
528.448
519.905
479.427
449.729
427.026
407.119
387.657
368.301
349.962
333.805
320.655
310.797
304.067
300.078
298.492
299.039
301.648
306.855
315.038
326.475
341.2
358.65
377.938
398.5
421.512
451.377
494.932
544.641
560.587
499.083
446.236
409.969
382.675
359.703
340.117
324.314
312.56
304.662
300.133
298.437
299.156
302.588
309.087
319.18
333.262
351.335
373.005
398.019
427.476
465.261
515.047
553.793
555.439
540.379
504.329
461.472
428.221
404.943
386.685
370.517
355.454
341.674
329.744
320.118
312.924
307.968
304.847
303.083
302.236
301.952
301.941
302.129
302.391
302.678
302.966
303.245
303.511
303.764
304.003
304.23
304.444
304.646
304.838
305.019
305.19
305.353
305.506
305.651
305.788
305.917
306.04
306.155
306.264
306.367
306.464
306.556
306.642
306.723
306.799
306.871
306.939
307.002
307.062
307.118
307.17
307.219
307.265
307.308
307.348
307.385
307.42
307.452
307.481
307.508
307.533
307.556
307.576
307.595
307.611
307.625
307.638
307.649
307.658
307.665
307.67
307.673
307.675
301.402
301.278
301.032
300.67
300.197
299.623
298.954
298.2
297.372
296.478
295.522
294.499
293.394
292.2
290.954
289.93
289.308
289.634
290.631
292.133
293.967
296.039
298.299
300.139
301.152
301.512
301.598
301.573
301.499
301.403
301.295
301.182
301.065
300.946
300.825
300.703
300.58
300.456
300.331
300.205
300.077
299.948
299.815
299.68
299.539
299.394
299.243
299.085
298.919
298.746
298.566
298.384
298.213
298.079
298.044
298.201
298.733
299.932
302.202
306.052
312.017
320.512
331.672
345.197
360.303
375.945
391.327
406.523
422.99
443.771
471.635
501.558
521.857
527.761
515.586
476.732
448.826
426.798
406.665
386.447
366.267
347.303
330.832
317.657
307.964
301.482
297.752
296.423
297.172
300.072
305.66
314.378
326.552
342.229
360.758
381.067
402.373
425.731
455.457
498.041
546.008
561.1
501.228
449.262
413.111
385.322
361.465
340.877
324.179
311.74
303.358
298.491
296.557
297.027
300.191
306.381
316.163
330.014
348.011
369.731
394.649
423.262
458.77
506.525
551.219
557.285
546.896
516.58
475.338
439.867
414.89
395.611
378.554
362.348
347.099
333.527
322.304
313.728
307.691
303.795
301.523
300.37
299.919
299.84
299.992
300.255
300.559
300.873
301.184
301.486
301.776
302.054
302.32
302.574
302.818
303.05
303.272
303.484
303.687
303.879
304.063
304.238
304.405
304.563
304.714
304.857
304.992
305.121
305.243
305.359
305.469
305.572
305.67
305.763
305.85
305.932
306.01
306.083
306.151
306.215
306.275
306.332
306.384
306.433
306.478
306.52
306.559
306.594
306.627
306.656
306.683
306.706
306.727
306.745
306.761
306.773
306.784
306.791
306.796
306.799
298.93
298.788
298.506
298.093
297.558
296.914
296.171
295.343
294.444
293.49
292.489
291.438
290.322
289.126
287.852
287.092
287.069
287.709
288.936
290.582
292.534
294.754
297.029
298.458
299.083
299.297
299.325
299.276
299.187
299.081
298.964
298.841
298.714
298.585
298.453
298.32
298.186
298.051
297.914
297.777
297.639
297.498
297.356
297.211
297.062
296.909
296.752
296.59
296.423
296.25
296.075
295.902
295.747
295.641
295.653
295.883
296.547
297.966
300.595
305
311.771
321.361
333.889
348.932
365.479
382.235
398.291
413.846
430.632
451.864
479.234
506.46
523.104
526.866
511.313
474.742
448.159
426.441
405.801
384.703
363.665
344.134
327.469
314.406
304.997
298.846
295.419
294.357
295.297
298.452
304.368
313.564
326.47
343.043
362.677
384.055
406.136
429.844
459.411
500.994
547.275
561.611
503.718
452.515
416.381
388.029
363.228
341.595
323.992
310.883
302.043
296.857
294.687
294.9
297.759
303.572
312.946
326.453
344.282
366.035
390.979
419.05
452.672
497.605
546.866
558.921
551.857
527.098
488.721
451.875
425.035
404.703
386.823
369.556
352.861
337.604
324.705
314.662
307.464
302.727
299.89
298.381
297.724
297.55
297.637
297.877
298.178
298.501
298.828
299.151
299.465
299.771
300.067
300.353
300.629
300.896
301.153
301.401
301.639
301.868
302.088
302.299
302.501
302.695
302.88
303.057
303.227
303.388
303.542
303.688
303.828
303.96
304.086
304.205
304.319
304.426
304.527
304.622
304.713
304.797
304.877
304.952
305.022
305.087
305.148
305.204
305.256
305.304
305.347
305.387
305.423
305.455
305.483
305.508
305.529
305.547
305.56
305.571
305.578
305.581
296.241
296.085
295.777
295.328
294.752
294.062
293.276
292.409
291.481
290.511
289.513
288.489
287.42
286.293
285.171
284.876
285.214
286.092
287.433
289.155
291.159
293.435
295.4
296.344
296.72
296.826
296.812
296.743
296.645
296.533
296.411
296.283
296.151
296.017
295.88
295.741
295.602
295.461
295.32
295.178
295.035
294.89
294.745
294.597
294.448
294.295
294.141
293.983
293.822
293.66
293.499
293.346
293.217
293.148
293.21
293.52
294.311
295.935
298.893
303.813
311.347
321.993
335.903
352.507
370.542
388.423
405.127
421.014
438.106
459.672
486.189
510.619
523.926
525.753
507.204
473.119
447.545
425.85
404.497
382.397
360.495
340.492
323.781
310.977
301.967
296.219
293.127
292.331
293.444
296.806
302.982
312.577
326.101
343.598
364.385
386.886
409.783
433.856
463.26
503.841
548.477
562.143
506.548
455.954
419.751
390.778
364.977
342.258
323.744
309.99
300.728
295.254
292.854
292.821
295.346
300.728
309.607
322.657
340.211
361.957
387.028
414.838
446.89
488.775
540.939
559.133
555.258
535.817
501.126
463.995
435.297
413.879
395.232
376.988
358.882
341.902
327.258
315.684
307.277
301.663
298.23
296.339
295.447
295.152
295.153
295.349
295.627
295.939
296.264
296.59
296.913
297.231
297.543
297.848
298.145
298.435
298.717
298.991
299.257
299.514
299.763
300.004
300.236
300.46
300.675
300.882
301.081
301.272
301.455
301.631
301.798
301.958
302.111
302.256
302.395
302.527
302.651
302.77
302.882
302.988
303.087
303.181
303.269
303.351
303.428
303.499
303.565
303.626
303.682
303.733
303.778
303.819
303.856
303.887
303.914
303.937
303.955
303.968
303.977
303.982
293.473
293.309
292.987
292.521
291.927
291.224
290.429
289.564
288.648
287.707
286.762
285.814
284.842
283.819
283.123
283.194
283.737
284.726
286.106
287.858
289.875
292
293.391
293.972
294.176
294.209
294.166
294.085
293.983
293.868
293.746
293.619
293.488
293.354
293.217
293.08
292.941
292.802
292.662
292.522
292.381
292.24
292.098
291.956
291.812
291.668
291.523
291.377
291.23
291.086
290.946
290.819
290.722
290.695
290.806
291.192
292.093
293.887
297.122
302.488
310.715
322.355
337.646
355.848
375.43
394.46
411.797
428
445.392
467.141
492.531
514.122
524.229
524.451
503.334
471.633
446.843
424.947
402.695
379.503
356.772
336.429
319.842
307.451
298.948
293.662
290.925
290.381
291.639
295.152
301.512
311.427
325.52
343.892
365.859
389.542
413.309
437.77
467.02
506.628
549.645
562.661
509.54
459.505
423.186
393.549
366.688
342.843
323.421
309.056
299.419
293.7
291.083
290.829
293.005
297.914
306.223
318.709
335.87
357.54
382.808
410.657
441.589
480.563
533.683
558.676
557.364
542.807
512.266
475.907
445.605
423.066
403.693
384.557
365.078
346.34
329.888
316.737
307.101
300.608
296.58
294.304
293.171
292.727
292.644
292.775
293.012
293.297
293.602
293.915
294.231
294.545
294.857
295.165
295.468
295.767
296.06
296.347
296.628
296.902
297.169
297.429
297.681
297.926
298.163
298.392
298.614
298.828
299.034
299.232
299.423
299.606
299.781
299.948
300.109
300.262
300.407
300.546
300.677
300.802
300.919
301.031
301.135
301.233
301.325
301.41
301.489
301.563
301.63
301.691
301.746
301.796
301.84
301.879
301.911
301.939
301.96
301.977
301.988
301.993
290.766
290.602
290.28
289.816
289.23
288.544
287.778
286.953
286.092
285.221
284.367
283.539
282.71
281.898
281.662
281.921
282.576
283.587
284.949
286.686
288.615
290.31
291.149
291.485
291.583
291.572
291.511
291.424
291.322
291.211
291.093
290.971
290.846
290.718
290.588
290.458
290.326
290.194
290.062
289.93
289.799
289.667
289.535
289.404
289.273
289.142
289.012
288.884
288.757
288.634
288.52
288.421
288.358
288.37
288.525
288.97
289.951
291.869
295.308
301.025
309.851
322.459
339.045
358.887
380.089
400.302
418.267
434.778
452.46
474.218
498.218
516.937
524.488
522.819
499.756
470.158
445.962
423.666
400.349
376.009
352.526
332.012
315.736
303.91
296.009
291.23
288.854
288.537
289.908
293.507
299.969
310.11
324.695
343.962
367.07
392.004
416.707
441.588
470.704
509.385
550.809
563.232
512.521
463.093
426.653
396.317
368.339
343.325
323.005
308.074
298.12
292.208
289.411
288.954
290.78
295.192
302.871
314.692
331.337
352.835
378.322
406.485
436.981
473.505
525.526
557.251
558.443
548.152
522.004
487.29
455.908
432.195
412.128
392.182
371.374
350.842
332.514
317.753
306.897
299.554
294.963
292.328
290.965
290.372
290.206
290.261
290.446
290.69
290.963
291.249
291.541
291.837
292.134
292.43
292.725
293.017
293.307
293.593
293.874
294.151
294.423
294.689
294.949
295.203
295.45
295.691
295.925
296.152
296.371
296.584
296.789
296.986
297.177
297.36
297.535
297.703
297.864
298.017
298.163
298.302
298.434
298.558
298.676
298.786
298.89
298.987
299.076
299.16
299.236
299.306
299.37
299.426
299.477
299.521
299.559
299.59
299.615
299.634
299.646
299.652
288.245
288.086
287.776
287.334
286.78
286.14
285.435
284.685
283.912
283.143
282.41
281.729
281.052
280.594
280.629
280.989
281.669
282.651
283.961
285.651
287.296
288.387
288.865
289.041
289.072
289.037
288.968
288.881
288.784
288.68
288.571
288.459
288.344
288.227
288.109
287.99
287.871
287.752
287.632
287.514
287.396
287.278
287.162
287.046
286.932
286.819
286.708
286.6
286.495
286.396
286.307
286.237
286.204
286.246
286.435
286.917
287.942
289.923
293.479
299.433
308.727
322.187
340.023
361.562
384.466
405.909
424.505
441.314
459.272
480.846
503.238
519.198
524.763
520.852
496.508
468.644
444.854
421.96
397.424
371.916
347.807
327.323
311.555
300.436
293.214
288.97
286.951
286.826
288.273
291.891
298.365
308.629
323.604
343.674
367.973
394.255
419.971
445.31
474.316
512.125
551.984
563.837
515.394
466.665
430.121
399.063
369.904
343.672
322.476
307.035
296.832
290.789
287.859
287.223
288.712
292.617
299.622
310.689
326.69
347.894
373.568
402.219
432.869
467.779
517.018
554.501
559.174
551.964
530.204
497.877
466.059
441.197
420.462
399.786
377.697
355.332
335.06
318.663
306.62
298.486
293.396
290.449
288.89
288.167
287.918
287.904
288.033
288.23
288.461
288.709
288.968
289.234
289.503
289.774
290.047
290.32
290.592
290.863
291.132
291.398
291.66
291.919
292.174
292.424
292.669
292.909
293.143
293.371
293.593
293.809
294.018
294.221
294.417
294.606
294.788
294.963
295.131
295.292
295.446
295.592
295.732
295.864
295.989
296.107
296.218
296.321
296.418
296.508
296.59
296.666
296.734
296.796
296.851
296.899
296.94
296.974
297.001
297.021
297.035
297.042
285.999
285.851
285.565
285.16
284.659
284.087
283.467
282.818
282.158
281.51
280.909
280.391
279.907
279.759
279.907
280.309
280.963
281.886
283.136
284.664
285.813
286.422
286.684
286.764
286.757
286.709
286.639
286.557
286.469
286.375
286.279
286.18
286.079
285.976
285.873
285.77
285.667
285.564
285.461
285.359
285.258
285.158
285.059
284.962
284.866
284.773
284.682
284.595
284.512
284.436
284.371
284.325
284.316
284.379
284.587
285.08
286.108
288.09
291.669
297.732
307.343
321.49
340.548
363.818
388.509
411.244
430.482
447.582
465.783
486.979
507.631
521.058
525.02
518.639
493.604
467.075
443.51
419.798
393.899
367.244
342.678
322.453
307.392
297.105
290.62
286.921
285.246
285.268
286.756
290.323
296.715
306.992
322.245
343.033
368.552
396.288
423.097
448.934
477.854
514.847
553.179
564.502
518.139
470.191
433.573
401.766
371.36
343.864
321.814
305.927
295.555
289.45
286.439
285.658
286.832
290.233
296.538
306.776
322.009
342.779
368.556
397.758
428.896
463.031
508.684
550.435
559.153
554.484
536.873
507.452
475.883
449.999
428.628
407.297
383.978
359.741
337.454
319.401
306.229
297.391
291.886
288.698
286.992
286.171
285.848
285.782
285.856
286.005
286.191
286.397
286.616
286.844
287.077
287.314
287.555
287.798
288.042
288.286
288.531
288.774
289.016
289.256
289.493
289.727
289.958
290.185
290.407
290.626
290.839
291.047
291.25
291.447
291.639
291.824
292.003
292.176
292.343
292.503
292.657
292.804
292.944
293.077
293.203
293.323
293.435
293.541
293.639
293.73
293.815
293.892
293.963
294.026
294.082
294.132
294.174
294.209
294.237
294.258
294.272
294.279
284.081
283.949
283.695
283.338
282.903
282.414
281.893
281.358
280.823
280.305
279.831
279.463
279.212
279.223
279.417
279.81
280.408
281.246
282.393
283.581
284.267
284.597
284.724
284.746
284.718
284.665
284.599
284.527
284.45
284.369
284.287
284.203
284.118
284.032
283.946
283.86
283.774
283.689
283.604
283.521
283.438
283.356
283.276
283.198
283.122
283.048
282.977
282.909
282.847
282.791
282.745
282.718
282.725
282.799
283.01
283.49
284.482
286.403
289.911
295.954
305.725
320.427
340.691
365.584
392.163
416.268
436.172
453.563
471.946
492.594
511.466
522.606
525.193
516.3
491.02
465.465
441.938
417.155
389.761
362.027
337.219
317.501
303.337
293.984
288.268
285.108
283.754
283.882
285.372
288.817
295.037
305.211
320.626
342.072
368.815
398.092
426.078
452.455
481.312
517.535
554.384
565.196
520.77
473.662
436.996
404.413
372.679
343.913
320.994
304.739
294.285
288.192
285.16
284.27
285.16
288.074
293.668
303.022
317.371
337.557
363.322
393.061
424.814
458.683
500.909
545.235
558.81
556.046
542.11
515.871
485.186
458.545
436.563
414.646
390.148
363.997
339.626
319.905
305.69
296.254
290.44
287.095
285.302
284.422
284.049
283.943
283.972
284.077
284.219
284.383
284.561
284.747
284.94
285.139
285.342
285.548
285.757
285.968
286.179
286.392
286.604
286.815
287.026
287.235
287.442
287.646
287.848
288.046
288.241
288.432
288.619
288.802
288.979
289.152
289.32
289.483
289.64
289.791
289.937
290.076
290.21
290.337
290.459
290.573
290.682
290.784
290.879
290.967
291.049
291.125
291.193
291.255
291.31
291.358
291.399
291.434
291.461
291.482
291.496
291.503
282.506
282.392
282.176
281.874
281.511
281.11
280.691
280.271
279.861
279.47
279.114
278.89
278.811
278.877
279.081
279.438
279.968
280.717
281.683
282.447
282.831
282.996
283.045
283.036
282.999
282.948
282.89
282.828
282.764
282.698
282.631
282.563
282.495
282.426
282.357
282.288
282.22
282.152
282.085
282.019
281.955
281.891
281.829
281.769
281.71
281.654
281.601
281.55
281.505
281.465
281.435
281.421
281.438
281.514
281.714
282.16
283.082
284.886
288.236
294.129
303.89
318.953
340.211
366.769
395.368
420.941
441.545
459.23
477.719
497.691
514.823
523.932
525.32
513.952
488.705
463.853
440.136
414.001
385.001
356.309
331.52
312.569
299.472
291.127
286.19
283.546
282.48
282.684
284.128
287.39
293.348
303.299
318.744
340.755
368.842
399.648
428.908
455.873
484.685
520.172
555.587
565.906
523.302
477.075
440.383
406.986
373.816
343.702
319.985
303.454
293.016
287.017
284.023
283.065
283.708
286.161
291.05
299.484
312.849
332.3
357.919
388.155
420.573
454.361
493.898
539.222
557.969
556.94
546.214
523.128
493.804
466.755
444.204
421.769
396.136
368.019
341.503
320.134
304.976
295.066
289.061
285.651
283.836
282.938
282.543
282.412
282.407
282.475
282.58
282.705
282.842
282.989
283.142
283.301
283.465
283.632
283.803
283.976
284.152
284.328
284.506
284.684
284.862
285.04
285.216
285.392
285.566
285.738
285.907
286.074
286.238
286.399
286.556
286.71
286.859
287.004
287.145
287.281
287.412
287.539
287.66
287.776
287.886
287.991
288.09
288.184
288.271
288.353
288.429
288.498
288.562
288.619
288.67
288.715
288.753
288.785
288.811
288.83
288.843
288.849
281.261
281.167
280.989
280.743
280.452
280.137
279.815
279.501
279.201
278.924
278.682
278.574
278.573
278.657
278.846
279.157
279.611
280.256
280.96
281.383
281.586
281.661
281.67
281.648
281.611
281.567
281.519
281.469
281.418
281.366
281.313
281.26
281.208
281.155
281.102
281.049
280.997
280.946
280.896
280.846
280.797
280.75
280.703
280.659
280.616
280.575
280.536
280.501
280.469
280.442
280.423
280.417
280.437
280.509
280.688
281.084
281.911
283.554
286.671
292.292
301.867
317.086
339.166
367.35
398.046
425.215
446.574
464.556
483.074
502.298
517.777
525.003
525.273
511.69
486.626
462.29
438.084
410.288
379.608
350.145
325.678
307.754
295.867
288.572
284.398
282.238
281.421
281.672
283.027
286.052
291.666
301.274
316.605
339.053
368.304
400.905
431.593
459.191
487.967
522.739
556.767
566.595
525.741
480.427
443.723
409.464
374.73
343.224
318.762
302.059
291.741
285.918
283.023
282.039
282.474
284.502
288.708
296.206
308.509
327.082
352.41
383.101
416.273
450.116
487.743
532.802
556.527
557.146
549.294
529.297
501.653
474.558
451.49
428.601
401.866
371.712
342.993
320.151
304.062
293.821
287.753
284.371
282.595
281.721
281.329
281.185
281.161
281.201
281.274
281.366
281.468
281.578
281.695
281.817
281.943
282.074
282.207
282.343
282.482
282.622
282.764
282.907
283.051
283.195
283.339
283.483
283.626
283.768
283.908
284.047
284.184
284.319
284.452
284.581
284.708
284.831
284.952
285.068
285.181
285.29
285.394
285.494
285.59
285.681
285.768
285.849
285.926
285.998
286.064
286.125
286.181
286.231
286.276
286.316
286.35
286.378
286.401
286.418
286.429
286.435
280.311
280.236
280.096
279.904
279.679
279.44
279.203
278.978
278.769
278.579
278.446
278.406
278.43
278.514
278.677
278.941
279.323
279.833
280.255
280.476
280.574
280.602
280.594
280.57
280.538
280.502
280.464
280.426
280.387
280.348
280.309
280.27
280.231
280.192
280.153
280.115
280.077
280.039
280.003
279.967
279.932
279.898
279.865
279.833
279.803
279.774
279.747
279.723
279.701
279.684
279.672
279.672
279.691
279.754
279.906
280.243
280.958
282.41
285.233
290.473
299.688
314.83
337.521
367.443
400.077
429.04
451.224
469.525
487.992
506.412
520.307
525.998
525.07
509.585
484.807
460.81
435.719
405.942
373.571
343.597
319.792
303.145
292.577
286.34
282.894
281.171
280.565
280.836
282.07
284.812
290.007
299.154
314.214
336.963
367.405
401.85
434.132
462.409
491.154
525.22
557.901
567.238
528.077
483.708
447.003
411.821
375.362
342.437
317.293
300.539
290.455
284.89
282.151
281.18
281.45
283.095
286.652
293.219
304.402
321.963
346.851
377.952
412.026
446.219
482.498
526.397
554.395
557.139
551.439
534.405
508.68
481.89
458.38
435.084
407.251
374.959
343.966
319.632
302.906
292.514
286.514
283.251
281.571
280.753
280.386
280.244
280.21
280.23
280.279
280.343
280.416
280.496
280.582
280.671
280.764
280.861
280.961
281.064
281.168
281.275
281.383
281.493
281.604
281.715
281.827
281.94
282.052
282.163
282.275
282.385
282.494
282.602
282.708
282.813
282.915
283.015
283.113
283.208
283.3
283.389
283.475
283.558
283.637
283.712
283.784
283.852
283.916
283.975
284.031
284.082
284.129
284.171
284.209
284.242
284.27
284.294
284.313
284.328
284.337
284.342
279.611
279.554
279.447
279.303
279.136
278.962
278.795
278.641
278.502
278.382
278.322
278.314
278.343
278.417
278.552
278.77
279.079
279.425
279.642
279.752
279.795
279.801
279.789
279.768
279.742
279.715
279.687
279.659
279.631
279.603
279.575
279.548
279.52
279.492
279.465
279.438
279.412
279.386
279.361
279.336
279.312
279.288
279.266
279.244
279.224
279.205
279.187
279.17
279.156
279.145
279.139
279.14
279.157
279.208
279.331
279.608
280.205
281.447
283.934
288.701
297.384
312.194
335.186
366.354
401.309
432.361
455.474
474.11
492.451
510.027
522.447
526.956
524.675
507.694
483.298
459.395
432.933
400.866
366.875
336.737
313.968
298.824
289.641
284.437
281.664
280.327
279.892
280.16
281.249
283.676
288.391
296.96
311.571
334.433
365.973
402.397
436.501
465.522
494.24
527.603
558.974
567.813
530.294
486.903
450.197
414.008
375.663
341.269
315.537
298.879
289.152
283.927
281.395
280.474
280.618
281.925
284.879
290.537
300.563
316.989
341.273
372.718
407.852
442.772
478.154
520.368
551.665
557.047
552.912
538.535
514.856
488.664
464.85
441.156
412.189
377.607
344.382
318.715
301.508
291.145
285.345
282.281
280.742
280.008
279.68
279.55
279.514
279.522
279.553
279.596
279.646
279.702
279.761
279.824
279.891
279.959
280.031
280.105
280.18
280.258
280.337
280.417
280.499
280.581
280.664
280.748
280.832
280.916
281
281.083
281.166
281.249
281.33
281.41
281.489
281.566
281.642
281.716
281.788
281.857
281.925
281.99
282.052
282.111
282.168
282.222
282.272
282.32
282.364
282.405
282.442
282.476
282.506
282.532
282.555
282.574
282.59
282.601
282.609
282.613
279.113
279.071
278.993
278.888
278.769
278.647
278.533
278.433
278.344
278.281
278.257
278.261
278.289
278.35
278.459
278.637
278.86
279.051
279.158
279.21
279.227
279.224
279.213
279.196
279.178
279.158
279.139
279.12
279.1
279.081
279.062
279.043
279.024
279.006
278.988
278.97
278.952
278.935
278.918
278.901
278.885
278.87
278.855
278.841
278.828
278.815
278.804
278.794
278.785
278.778
278.774
278.777
278.79
278.829
278.924
279.142
279.623
280.652
282.779
287.001
294.992
309.191
332.167
364.486
401.766
435.067
459.279
478.275
496.429
513.149
524.249
527.827
524.117
506.048
482.095
457.959
429.558
394.927
359.505
329.649
308.309
294.857
287.081
282.855
280.686
279.678
279.377
279.625
280.555
282.649
286.832
294.712
308.681
331.418
363.91
402.549
438.642
468.506
497.217
529.879
559.976
568.308
532.371
489.994
453.272
415.925
375.685
339.621
313.451
297.069
287.832
283.024
280.743
279.902
279.958
280.974
283.377
288.165
297.014
312.187
335.68
367.364
403.693
439.696
474.621
514.965
548.526
556.805
553.913
541.834
520.194
494.824
470.855
446.745
416.55
379.459
344.267
317.266
299.838
289.713
284.243
281.448
280.085
279.45
279.171
279.059
279.025
279.026
279.045
279.073
279.106
279.143
279.183
279.226
279.271
279.317
279.366
279.417
279.469
279.523
279.578
279.635
279.692
279.75
279.809
279.869
279.929
279.989
280.05
280.11
280.17
280.23
280.289
280.348
280.406
280.463
280.519
280.574
280.627
280.679
280.729
280.778
280.824
280.869
280.912
280.952
280.991
281.027
281.06
281.091
281.119
281.145
281.168
281.188
281.206
281.22
281.232
281.241
281.247
281.25
278.77
278.74
278.685
278.612
278.53
278.448
278.373
278.311
278.258
278.23
278.222
278.23
278.254
278.302
278.389
278.526
278.659
278.751
278.803
278.826
278.831
278.827
278.818
278.806
278.794
278.781
278.768
278.755
278.742
278.73
278.717
278.705
278.693
278.681
278.669
278.658
278.646
278.635
278.624
278.614
278.604
278.594
278.585
278.576
278.568
278.56
278.553
278.547
278.541
278.537
278.535
278.537
278.548
278.576
278.647
278.811
279.185
280.009
281.77
285.4
292.556
305.847
328.373
361.473
401.046
436.947
462.58
481.99
499.915
515.802
525.749
528.559
523.437
504.637
481.1
456.333
425.355
387.963
351.458
322.435
302.922
291.299
284.903
281.574
279.93
279.194
278.994
279.211
279.978
281.731
285.351
292.44
305.552
327.866
361.063
401.817
440.428
471.33
500.076
532.046
560.904
568.722
534.292
492.963
456.194
417.378
374.712
337.345
310.989
295.107
286.502
282.181
280.184
279.445
279.446
280.215
282.126
286.094
293.765
307.569
330.047
361.803
399.427
436.884
471.785
510.323
545.192
556.387
554.541
544.438
524.741
500.337
476.368
451.774
420.152
380.344
342.948
315.187
297.886
288.226
283.208
280.736
279.571
279.043
278.816
278.725
278.696
278.694
278.705
278.722
278.743
278.767
278.792
278.82
278.849
278.88
278.912
278.945
278.98
279.016
279.052
279.09
279.129
279.168
279.208
279.248
279.289
279.331
279.372
279.414
279.455
279.497
279.538
279.579
279.62
279.66
279.7
279.738
279.776
279.813
279.849
279.883
279.917
279.949
279.98
280.009
280.036
280.062
280.086
280.109
280.129
280.148
280.165
280.179
280.192
280.203
280.211
280.217
280.222
280.224
278.54
278.52
278.482
278.433
278.379
278.326
278.278
278.242
278.216
278.204
278.203
278.21
278.229
278.266
278.334
278.424
278.492
278.536
278.559
278.568
278.569
278.565
278.559
278.551
278.543
278.535
278.526
278.518
278.51
278.502
278.495
278.487
278.48
278.472
278.465
278.458
278.451
278.444
278.438
278.431
278.425
278.419
278.414
278.408
278.403
278.399
278.395
278.391
278.388
278.385
278.384
278.386
278.393
278.413
278.463
278.583
278.862
279.497
280.905
283.921
290.129
302.216
323.785
357.152
398.843
437.804
465.334
485.233
502.914
518.016
526.972
529.129
522.669
503.42
480.146
454.254
419.995
379.79
342.762
315.23
297.913
288.188
283.101
280.566
279.362
278.844
278.717
278.896
279.505
280.926
283.967
290.177
302.209
323.73
357.329
400.202
441.767
473.959
502.809
534.106
561.764
569.064
536.042
495.79
458.931
418.226
373.013
334.348
308.111
293.002
285.174
281.399
279.709
279.084
279.056
279.623
281.103
284.312
290.816
303.139
324.334
355.9
394.864
434.182
469.541
506.479
541.86
555.799
554.941
546.504
528.567
505.194
481.355
456.19
422.713
380.454
340.674
312.463
295.663
286.701
282.243
280.133
279.174
278.753
278.576
278.507
278.483
278.48
278.486
278.496
278.509
278.524
278.539
278.556
278.575
278.594
278.614
278.635
278.657
278.679
278.703
278.727
278.752
278.777
278.803
278.829
278.856
278.883
278.91
278.938
278.965
278.993
279.02
279.048
279.075
279.102
279.128
279.154
279.18
279.205
279.229
279.253
279.275
279.297
279.318
279.338
279.357
279.375
279.392
279.407
279.421
279.434
279.446
279.456
279.465
279.472
279.478
279.482
279.485
279.487
278.392
278.378
278.354
278.322
278.288
278.255
278.225
278.206
278.195
278.19
278.191
278.198
278.212
278.24
278.287
278.337
278.37
278.39
278.4
278.403
278.402
278.399
278.395
278.39
278.385
278.38
278.375
278.371
278.366
278.361
278.357
278.352
278.348
278.343
278.339
278.335
278.331
278.327
278.323
278.319
278.316
278.312
278.309
278.306
278.303
278.3
278.298
278.296
278.294
278.293
278.293
278.294
278.298
278.312
278.346
278.429
278.629
279.099
280.18
282.591
287.777
298.39
318.428
351.358
394.932
437.814
467.498
487.982
505.438
519.83
527.936
529.531
521.838
502.336
479.041
451.331
413.051
370.249
333.514
308.202
293.381
285.548
281.653
279.797
278.95
278.599
278.523
278.662
279.126
280.235
282.702
287.97
298.703
318.995
352.529
397.418
442.422
476.34
505.401
536.066
562.568
569.345
537.607
498.431
461.416
418.418
370.165
330.459
304.798
290.781
283.873
280.687
279.311
278.807
278.767
279.172
280.282
282.802
288.169
298.905
318.499
349.491
389.731
431.368
467.724
503.379
538.684
555.075
555.029
548.129
531.766
509.409
485.778
459.966
423.947
378.206
337.072
309.054
293.204
285.172
281.358
279.628
278.871
278.55
278.419
278.368
278.351
278.348
278.351
278.357
278.364
278.373
278.382
278.392
278.403
278.414
278.426
278.439
278.452
278.466
278.48
278.495
278.51
278.526
278.542
278.558
278.575
278.592
278.609
278.626
278.643
278.661
278.678
278.696
278.713
278.73
278.747
278.764
278.78
278.796
278.812
278.827
278.842
278.857
278.87
278.883
278.896
278.907
278.918
278.928
278.938
278.946
278.954
278.961
278.966
278.971
278.975
278.978
278.98
278.981
278.299
278.29
278.274
278.255
278.234
278.214
278.197
278.188
278.183
278.182
278.184
278.189
278.199
278.219
278.248
278.272
278.287
278.296
278.3
278.301
278.3
278.298
278.296
278.293
278.29
278.287
278.284
278.282
278.279
278.276
278.274
278.271
278.269
278.266
278.264
278.261
278.259
278.257
278.255
278.253
278.251
278.249
278.247
278.245
278.244
278.242
278.241
278.24
278.239
278.238
278.238
278.239
278.242
278.25
278.272
278.327
278.464
278.797
279.59
281.431
285.573
294.499
312.41
343.972
388.734
435.523
468.841
490.201
507.5
521.283
528.644
529.676
520.962
501.307
477.555
446.947
404.052
359.267
323.916
301.559
289.419
283.384
280.531
279.23
278.66
278.433
278.389
278.492
278.829
279.658
281.577
285.876
295.117
313.699
346.525
393.197
442.34
478.41
507.833
537.933
563.33
569.593
538.958
500.826
463.413
416.885
365.771
325.56
301.079
288.5
282.634
280.054
278.983
278.598
278.558
278.837
279.639
281.548
285.827
294.892
312.526
342.402
383.678
428.095
466.147
500.915
535.763
554.185
555.089
549.345
534.394
512.999
489.593
463.013
424.117
374.438
332.11
304.998
290.586
283.684
280.566
279.213
278.644
278.411
278.318
278.283
278.271
278.269
278.27
278.273
278.277
278.282
278.287
278.293
278.299
278.306
278.313
278.32
278.328
278.336
278.344
278.352
278.361
278.371
278.38
278.39
278.399
278.41
278.42
278.43
278.44
278.451
278.462
278.472
278.483
278.493
278.504
278.514
278.524
278.534
278.544
278.553
278.562
278.571
278.58
278.588
278.595
278.603
278.61
278.616
278.622
278.627
278.632
278.636
278.64
278.643
278.645
278.647
278.648
278.649
278.241
278.236
278.226
278.214
278.202
278.191
278.182
278.178
278.177
278.177
278.178
278.182
278.189
278.202
278.217
278.228
278.235
278.239
278.24
278.241
278.24
278.239
278.237
278.236
278.234
278.233
278.231
278.23
278.228
278.227
278.225
278.224
278.223
278.221
278.22
278.219
278.218
278.216
278.215
278.214
278.213
278.212
278.211
278.21
278.21
278.209
278.208
278.207
278.207
278.207
278.207
278.207
278.209
278.214
278.227
278.262
278.351
278.575
279.127
280.459
283.597
290.72
305.961
335.03
379.946
430.827
468.813
491.797
509.131
522.417
529.145
529.654
520.051
500.233
475.431
440.316
392.58
346.948
314.304
295.528
286.094
281.68
279.696
278.83
278.464
278.324
278.301
278.372
278.604
279.193
280.614
283.957
291.57
307.948
339.21
387.053
440.399
479.969
510.073
539.712
564.064
569.779
540.078
502.829
464.79
413.575
359.521
319.61
297.05
286.244
281.496
279.513
278.723
278.445
278.412
278.595
279.149
280.532
283.801
291.148
306.458
334.496
376.297
423.879
464.628
498.953
533.137
553.16
555.096
550.238
536.506
515.969
492.724
464.888
421.052
368.085
325.662
300.421
287.928
282.297
279.882
278.882
278.477
278.317
278.256
278.233
278.225
278.223
278.223
278.225
278.227
278.23
278.233
278.236
278.239
278.242
278.246
278.25
278.254
278.259
278.263
278.268
278.273
278.278
278.284
278.289
278.295
278.3
278.306
278.312
278.318
278.324
278.33
278.336
278.342
278.348
278.354
278.36
278.366
278.372
278.378
278.383
278.389
278.394
278.399
278.404
278.408
278.413
278.417
278.421
278.424
278.427
278.43
278.433
278.435
278.437
278.438
278.439
278.44
278.44
278.207
278.204
278.198
278.191
278.184
278.178
278.174
278.173
278.172
278.173
278.174
278.177
278.182
278.189
278.196
278.2
278.203
278.205
278.206
278.206
278.205
278.205
278.204
278.203
278.202
278.202
278.201
278.2
278.199
278.198
278.198
278.197
278.196
278.196
278.195
278.194
278.194
278.193
278.193
278.192
278.192
278.191
278.191
278.19
278.19
278.189
278.189
278.189
278.188
278.188
278.188
278.189
278.19
278.193
278.2
278.221
278.276
278.417
278.779
279.685
281.916
287.251
299.442
324.801
368.249
422.905
467.752
492.907
510.288
523.279
529.492
529.561
519.106
498.975
472.346
430.682
378.401
333.656
305.135
290.325
283.439
280.402
279.102
278.558
278.337
278.255
278.244
278.29
278.44
278.834
279.825
282.279
288.212
301.942
330.574
378.584
436.38
481.025
512.105
541.401
564.78
569.936
540.987
504.678
464.969
407.536
351.046
312.703
292.893
284.12
280.503
279.071
278.525
278.337
278.312
278.427
278.789
279.737
282.102
287.753
300.417
325.735
367.148
418.053
462.891
497.322
530.78
552.038
555.076
550.89
538.152
518.339
495.08
465.399
415.233
359.043
317.892
295.577
285.383
281.073
279.322
278.628
278.359
278.256
278.217
278.203
278.198
278.197
278.197
278.198
278.199
278.2
278.201
278.203
278.205
278.206
278.208
278.21
278.213
278.215
278.217
278.22
278.222
278.225
278.228
278.231
278.234
278.237
278.24
278.243
278.246
278.25
278.253
278.256
278.26
278.263
278.266
278.27
278.273
278.276
278.28
278.283
278.286
278.289
278.291
278.294
278.297
278.299
278.301
278.304
278.306
278.307
278.309
278.31
278.312
278.313
278.314
278.314
278.315
278.315
278.186
278.184
278.181
278.177
278.173
278.17
278.169
278.169
278.169
278.169
278.17
278.172
278.175
278.179
278.181
278.183
278.185
278.185
278.186
278.186
278.185
278.185
278.185
278.184
278.184
278.184
278.183
278.183
278.183
278.182
278.182
278.182
278.181
278.181
278.181
278.18
278.18
278.18
278.179
278.179
278.179
278.179
278.178
278.178
278.178
278.178
278.178
278.178
278.178
278.177
278.177
278.178
278.178
278.18
278.184
278.196
278.227
278.311
278.532
279.105
280.576
284.278
293.307
313.869
353.592
410.55
464.113
492.691
511.201
523.904
529.761
529.367
518.089
497.271
467.551
417.148
361.544
320.073
296.924
286.107
281.441
279.497
278.703
278.384
278.258
278.214
278.208
278.236
278.327
278.572
279.215
280.893
285.208
295.985
320.78
367.33
429.384
481.011
513.785
542.98
565.472
569.952
541.558
504.86
461.824
397.625
340.168
305.144
288.869
282.245
279.69
278.731
278.381
278.264
278.248
278.315
278.536
279.144
280.742
284.806
294.63
316.26
355.832
409.686
460.277
495.754
528.605
550.84
555.015
551.363
539.399
519.998
496.545
463.213
405.041
347.012
309.189
290.817
283.115
280.065
278.89
278.444
278.278
278.216
278.193
278.185
278.182
278.181
278.181
278.182
278.182
278.183
278.184
278.184
278.185
278.186
278.187
278.188
278.189
278.19
278.191
278.192
278.194
278.195
278.197
278.198
278.2
278.201
278.203
278.204
278.206
278.208
278.209
278.211
278.213
278.215
278.216
278.218
278.22
278.222
278.223
278.225
278.227
278.228
278.23
278.231
278.232
278.234
278.235
278.236
278.237
278.238
278.239
278.24
278.24
278.241
278.241
278.242
278.242
278.242
278.174
278.173
278.171
278.168
278.167
278.166
278.165
278.166
278.166
278.166
278.167
278.168
278.17
278.171
278.172
278.173
278.174
278.174
278.174
278.174
278.174
278.174
278.174
278.173
278.173
278.173
278.173
278.173
278.173
278.173
278.172
278.172
278.172
278.172
278.172
278.172
278.172
278.171
278.171
278.171
278.171
278.171
278.171
278.171
278.171
278.171
278.171
278.171
278.171
278.171
278.171
278.171
278.171
278.172
278.174
278.18
278.197
278.243
278.367
278.7
279.588
281.932
288.015
303.159
336.514
392.464
454.667
491.281
511.177
524.307
529.984
529.078
516.898
494.519
458.545
398.408
342.514
307.19
290.132
282.934
280.041
278.898
278.451
278.277
278.212
278.189
278.187
278.202
278.253
278.393
278.776
279.827
282.703
290.464
310.285
352.947
418.364
480.289
515.485
544.404
566.129
569.892
541.448
503.997
453.049
382.86
327.143
297.499
285.277
280.719
279.074
278.489
278.284
278.217
278.208
278.244
278.369
278.727
279.719
282.401
289.404
306.484
342.148
397.563
455.227
493.832
526.465
549.55
554.902
551.696
540.227
521.273
496.081
455.169
389.241
332.34
300.295
286.547
281.262
279.3
278.581
278.32
278.225
278.191
278.179
278.174
278.173
278.172
278.172
278.172
278.173
278.173
278.173
278.173
278.174
278.174
278.175
278.175
278.175
278.176
278.177
278.177
278.178
278.178
278.179
278.18
278.18
278.181
278.182
278.183
278.183
278.184
278.185
278.186
278.187
278.188
278.189
278.189
278.19
278.191
278.192
278.193
278.194
278.194
278.195
278.196
278.196
278.197
278.198
278.198
278.199
278.199
278.2
278.2
278.201
278.201
278.201
278.201
278.201
278.201
278.166
278.166
278.164
278.163
278.162
278.162
278.162
278.163
278.163
278.163
278.164
278.164
278.165
278.166
278.166
278.166
278.167
278.167
278.167
278.167
278.167
278.167
278.167
278.167
278.167
278.166
278.166
278.166
278.166
278.166
278.166
278.166
278.166
278.166
278.166
278.166
278.166
278.166
278.166
278.166
278.166
278.166
278.166
278.166
278.166
278.166
278.166
278.166
278.166
278.166
278.166
278.166
278.166
278.166
278.167
278.17
278.178
278.201
278.265
278.44
278.922
280.251
283.902
293.77
318.585
368.637
436.476
487.716
510.746
524.482
530.172
528.7
515.368
489.699
440.194
373.67
322.779
296.148
285.028
280.751
279.138
278.531
278.302
278.217
278.185
278.174
278.173
278.181
278.207
278.279
278.485
279.076
280.793
285.791
299.947
335.52
401.232
476.514
515.493
545.525
566.717
569.718
540.932
501.659
437.797
363.121
312.959
290.524
282.381
279.594
278.651
278.331
278.223
278.189
278.184
278.202
278.265
278.456
279.009
280.597
285.062
297.138
326.406
380.434
445.425
491.062
524.16
548.109
554.724
551.927
540.913
521.226
494.01
439.339
367.592
316.291
292.195
283.111
279.896
278.772
278.379
278.241
278.193
278.176
278.17
278.167
278.167
278.166
278.166
278.166
278.166
278.166
278.167
278.167
278.167
278.167
278.167
278.167
278.167
278.168
278.168
278.168
278.168
278.169
278.169
278.169
278.169
278.17
278.17
278.17
278.171
278.171
278.172
278.172
278.172
278.173
278.173
278.173
278.174
278.174
278.175
278.175
278.175
278.176
278.176
278.176
278.177
278.177
278.177
278.178
278.178
278.178
278.178
278.178
278.179
278.179
278.179
278.179
278.179
278.179
278.161
278.161
278.16
278.159
278.159
278.159
278.159
278.16
278.16
278.16
278.16
278.161
278.161
278.161
278.162
278.162
278.162
278.162
278.162
278.162
278.162
278.162
278.162
278.162
278.162
278.162
278.162
278.162
278.162
278.162
278.162
278.162
278.162
278.162
278.162
278.162
278.162
278.162
278.162
278.162
278.162
278.162
278.162
278.162
278.162
278.162
278.162
278.162
278.162
278.162
278.162
278.162
278.162
278.162
278.162
278.164
278.167
278.178
278.206
278.288
278.518
279.176
281.075
286.586
302.226
341.193
409.976
480.29
509.428
524.369
530.312
528.207
513.171
481.639
413.293
345.218
304.847
287.828
281.608
279.399
278.61
278.325
278.221
278.184
278.17
278.165
278.165
278.169
278.18
278.213
278.31
278.601
279.492
282.275
290.951
316.434
375.31
460.339
514.245
546.335
567.236
569.361
539.646
496.954
414.828
339.035
299.344
284.946
280.322
278.858
278.39
278.237
278.188
278.172
278.17
278.178
278.206
278.296
278.566
279.382
281.84
289.159
309.854
357.516
428.61
486.971
521.358
546.365
554.459
552.069
540.922
520.515
488.78
414.706
341.384
301.081
285.793
280.686
279.006
278.448
278.26
278.196
278.174
278.166
278.163
278.162
278.162
278.162
278.162
278.162
278.162
278.162
278.162
278.162
278.162
278.162
278.162
278.162
278.162
278.162
278.162
278.162
278.162
278.162
278.163
278.163
278.163
278.163
278.163
278.163
278.163
278.163
278.164
278.164
278.164
278.164
278.164
278.164
278.164
278.165
278.165
278.165
278.165
278.165
278.165
278.166
278.166
278.166
278.166
278.166
278.166
278.166
278.166
278.166
278.166
278.167
278.167
278.167
278.167
278.167
278.157
278.157
278.157
278.156
278.156
278.156
278.157
278.157
278.157
278.157
278.157
278.158
278.158
278.158
278.158
278.158
278.158
278.158
278.158
278.158
278.158
278.158
278.158
278.158
278.158
278.158
278.158
278.158
278.158
278.158
278.158
278.158
278.158
278.158
278.158
278.158
278.158
278.158
278.158
278.158
278.158
278.158
278.158
278.158
278.158
278.158
278.158
278.158
278.158
278.158
278.158
278.158
278.158
278.158
278.158
278.159
278.16
278.164
278.176
278.208
278.301
278.575
279.394
281.907
289.74
313.516
372.112
459.648
505.951
524.018
530.42
527.529
509.178
462.888
376.395
316.516
291.113
282.457
279.61
278.659
278.335
278.221
278.181
278.166
278.161
278.16
278.16
278.161
278.165
278.178
278.217
278.336
278.72
279.995
284.337
299.078
343.133
428.376
511.148
546.989
567.62
568.742
536.619
481.497
378.922
312.88
288.412
281.176
279.069
278.441
278.248
278.188
278.168
278.162
278.161
278.164
278.175
278.211
278.322
278.67
279.777
283.346
294.902
329.27
400.313
478.379
516.919
543.951
554.046
552.137
540.724
518
471.386
377.11
313.735
289.149
281.538
279.223
278.502
278.272
278.197
278.171
278.163
278.16
278.159
278.158
278.158
278.158
278.158
278.158
278.158
278.158
278.158
278.158
278.158
278.158
278.158
278.158
278.158
278.158
278.158
278.158
278.158
278.158
278.158
278.158
278.158
278.158
278.158
278.158
278.158
278.158
278.158
278.158
278.158
278.159
278.159
278.159
278.159
278.159
278.159
278.159
278.159
278.159
278.159
278.159
278.159
278.159
278.159
278.159
278.159
278.159
278.159
278.159
278.159
278.159
278.159
278.159
278.159
278.159
278.154
278.154
278.154
278.154
278.154
278.154
278.154
278.154
278.154
278.154
278.154
278.154
278.155
278.155
278.155
278.155
278.155
278.155
278.155
278.155
278.155
278.155
278.155
278.155
278.155
278.155
278.155
278.155
278.155
278.155
278.155
278.155
278.155
278.155
278.155
278.155
278.155
278.155
278.155
278.155
278.155
278.155
278.155
278.155
278.155
278.155
278.155
278.155
278.155
278.155
278.155
278.155
278.155
278.155
278.155
278.155
278.155
278.157
278.16
278.17
278.199
278.286
278.553
279.4
282.201
291.816
324.061
402.808
498.343
523.427
530.412
526.693
501.04
409.368
327.867
293.268
282.716
279.585
278.621
278.312
278.209
278.174
278.162
278.157
278.156
278.155
278.155
278.156
278.157
278.161
278.173
278.21
278.334
278.765
280.363
286.659
312.517
393.466
508.312
547.629
567.913
568.101
529.718
420.284
327.11
291.161
281.633
279.13
278.44
278.242
278.182
278.164
278.158
278.156
278.156
278.157
278.16
278.171
278.205
278.317
278.685
279.93
284.326
300.423
351.76
442.162
503.779
540.185
553.474
552.11
540.342
511.647
411.833
325.915
291.522
281.902
279.255
278.492
278.262
278.19
278.167
278.159
278.156
278.155
278.155
278.155
278.155
278.155
278.155
278.155
278.155
278.155
278.155
278.155
278.155
278.155
278.155
278.155
278.155
278.155
278.155
278.155
278.155
278.155
278.155
278.155
278.155
278.155
278.155
278.155
278.155
278.155
278.155
278.155
278.155
278.155
278.155
278.155
278.155
278.155
278.155
278.155
278.155
278.155
278.155
278.155
278.155
278.155
278.155
278.155
278.155
278.155
278.155
278.155
278.155
278.155
278.155
278.155
278.155
278.155
278.151
278.151
278.151
278.151
278.151
278.151
278.151
278.151
278.151
278.151
278.151
278.151
278.151
278.151
278.151
278.151
278.151
278.151
278.151
278.151
278.151
278.151
278.151
278.151
278.151
278.151
278.151
278.151
278.151
278.151
278.151
278.151
278.151
278.151
278.151
278.151
278.151
278.151
278.152
278.152
278.152
278.152
278.152
278.152
278.152
278.152
278.152
278.152
278.152
278.152
278.152
278.152
278.152
278.152
278.152
278.152
278.152
278.152
278.152
278.154
278.158
278.171
278.21
278.338
278.779
280.492
288.596
335.39
488.154
522.269
530.315
525.271
490.231
335.542
289.215
280.733
278.862
278.366
278.22
278.174
278.159
278.154
278.153
278.152
278.152
278.152
278.152
278.152
278.152
278.152
278.154
278.159
278.177
278.239
278.485
279.618
286.455
341.186
506.003
548.206
567.956
567.17
522.889
344.041
288.244
280.171
278.65
278.288
278.191
278.164
278.155
278.153
278.152
278.152
278.152
278.152
278.152
278.154
278.159
278.175
278.229
278.414
279.078
281.647
292.822
340.3
431.377
524.707
551.992
551.896
539.53
503.168
339.797
288.436
280.316
278.706
278.31
278.2
278.167
278.157
278.153
278.152
278.152
278.152
278.152
278.152
278.152
278.152
278.152
278.152
278.152
278.152
278.152
278.152
278.151
278.151
278.151
278.151
278.151
278.151
278.151
278.151
278.151
278.151
278.151
278.151
278.151
278.151
278.151
278.151
278.151
278.151
278.151
278.151
278.151
278.151
278.151
278.151
278.151
278.151
278.151
278.151
278.151
278.151
278.151
278.151
278.151
278.151
278.151
278.151
278.151
278.151
278.151
278.151
278.151
278.151
278.151
278.151
278.151
278.151
)
;

boundaryField
{
    left
    {
        type            zeroGradient;
    }
    right
    {
        type            zeroGradient;
    }
    bottom
    {
        type            fixedValue;
        value           uniform 773.15;
    }
    top
    {
        type            inletOutlet;
        inletValue      uniform 278.15;
        value           nonuniform List<scalar> 
200
(
278.15
278.15
278.15
278.15
278.15
278.15
278.15
278.15
278.15
278.15
278.15
278.15
278.15
278.15
278.15
278.15
278.15
278.15
278.15
278.15
278.15
278.15
278.15
278.15
278.15
278.15
278.15
278.15
278.15
278.15
278.15
278.15
278.15
278.15
278.15
278.15
278.15
278.15
278.15
278.15
278.15
278.15
278.15
278.15
278.15
278.15
278.15
278.15
278.15
278.15
278.15
278.15
278.15
278.15
278.15
278.15
278.15
278.15
278.15
278.15
278.15
278.15
278.15
278.15
278.15
278.15
278.15
278.15
488.154
522.269
530.315
525.271
490.231
278.15
278.15
278.15
278.15
278.15
278.15
278.15
278.15
278.15
278.15
278.15
278.15
278.15
278.15
278.15
278.15
278.15
278.15
278.15
278.15
278.15
278.15
278.15
278.15
278.15
506.003
548.206
567.956
567.17
522.889
278.15
278.15
278.15
278.15
278.15
278.15
278.15
278.15
278.15
278.15
278.15
278.15
278.15
278.15
278.15
278.15
278.15
278.15
278.15
278.15
278.15
278.15
278.15
278.15
524.707
551.992
551.896
539.53
503.168
278.15
278.15
278.15
278.15
278.15
278.15
278.15
278.15
278.15
278.15
278.15
278.15
278.15
278.15
278.15
278.15
278.15
278.15
278.15
278.15
278.15
278.15
278.15
278.15
278.15
278.15
278.15
278.15
278.15
278.15
278.15
278.15
278.15
278.15
278.15
278.15
278.15
278.15
278.15
278.15
278.15
278.15
278.15
278.15
278.15
278.15
278.15
278.15
278.15
278.15
278.15
278.15
278.15
278.15
278.15
278.15
278.15
278.15
278.15
278.15
278.15
278.15
278.15
278.15
278.15
278.15
278.15
278.15
)
;
    }
    frontAndBack
    {
        type            empty;
    }
}


// ************************************************************************* //
