/*--------------------------------*- C++ -*----------------------------------*\
  =========                 |
  \\      /  F ield         | OpenFOAM: The Open Source CFD Toolbox
   \\    /   O peration     | Website:  https://openfoam.org
    \\  /    A nd           | Version:  10
     \\/     M anipulation  |
\*---------------------------------------------------------------------------*/
FoamFile
{
    format      ascii;
    class       volScalarField;
    location    "473364000";
    object      mu;
}
// * * * * * * * * * * * * * * * * * * * * * * * * * * * * * * * * * * * * * //

dimensions      [1 -1 -1 0 0 0 0];

internalField   nonuniform List<scalar> 
80000
(
3.17826e-05
3.17826e-05
3.17826e-05
3.17826e-05
3.17826e-05
3.17826e-05
3.17826e-05
3.17826e-05
3.17826e-05
3.17826e-05
3.17826e-05
3.17826e-05
3.17826e-05
3.17826e-05
3.17826e-05
3.17826e-05
3.17826e-05
3.17826e-05
3.17826e-05
3.17826e-05
3.17826e-05
3.17826e-05
3.17826e-05
3.17826e-05
3.17826e-05
3.17826e-05
3.17826e-05
3.17826e-05
3.17826e-05
3.17826e-05
3.17826e-05
3.17826e-05
3.17826e-05
3.17826e-05
3.17826e-05
3.17826e-05
3.17826e-05
3.17826e-05
3.17826e-05
3.17826e-05
3.17826e-05
3.17826e-05
3.17826e-05
3.17826e-05
3.17826e-05
3.17826e-05
3.17826e-05
3.17826e-05
3.17826e-05
3.17826e-05
3.17826e-05
3.17826e-05
3.17826e-05
3.17826e-05
3.17826e-05
3.17826e-05
3.17826e-05
3.17826e-05
3.17826e-05
3.17826e-05
3.17826e-05
3.17826e-05
3.17826e-05
3.17826e-05
3.17826e-05
3.17826e-05
3.17826e-05
3.17826e-05
3.17826e-05
3.17826e-05
3.17826e-05
3.17826e-05
3.17826e-05
3.17826e-05
3.17826e-05
3.17826e-05
3.17826e-05
3.17826e-05
3.17826e-05
3.17826e-05
3.17826e-05
3.17826e-05
3.17826e-05
3.17826e-05
3.17826e-05
3.17826e-05
3.17826e-05
3.17826e-05
3.17826e-05
3.17826e-05
3.17826e-05
3.17826e-05
3.17826e-05
3.17826e-05
3.17826e-05
3.17826e-05
3.17826e-05
3.17826e-05
3.17826e-05
3.17826e-05
3.17826e-05
3.17826e-05
3.17826e-05
3.17826e-05
3.17826e-05
3.17826e-05
3.17826e-05
3.17826e-05
3.17826e-05
3.17826e-05
3.17826e-05
3.17826e-05
3.17826e-05
3.17826e-05
3.17826e-05
3.17826e-05
3.17826e-05
3.17826e-05
3.17826e-05
3.17826e-05
3.17826e-05
3.17826e-05
3.17826e-05
3.17826e-05
3.17826e-05
3.17826e-05
3.17826e-05
3.17826e-05
3.17826e-05
3.17826e-05
3.17826e-05
3.17826e-05
3.17826e-05
3.17826e-05
3.17826e-05
3.17826e-05
3.17826e-05
3.17826e-05
3.17826e-05
3.17826e-05
3.17826e-05
3.17826e-05
3.17826e-05
3.17826e-05
3.17826e-05
3.17826e-05
3.17826e-05
3.17826e-05
3.17826e-05
3.17826e-05
3.17826e-05
3.17826e-05
3.17826e-05
3.17826e-05
3.17826e-05
3.17826e-05
3.17826e-05
3.17826e-05
3.17826e-05
3.17826e-05
3.17826e-05
3.17826e-05
3.17826e-05
3.17826e-05
3.17826e-05
3.17826e-05
3.17826e-05
3.17826e-05
3.17826e-05
3.17826e-05
3.17826e-05
3.17826e-05
3.17826e-05
3.17826e-05
3.17826e-05
3.17826e-05
3.17826e-05
3.17826e-05
3.17826e-05
3.17826e-05
3.17826e-05
3.17826e-05
3.17826e-05
3.17826e-05
3.17826e-05
3.17826e-05
3.17826e-05
3.17826e-05
3.17826e-05
3.17826e-05
3.17826e-05
3.17826e-05
3.17826e-05
3.17826e-05
3.17826e-05
3.17826e-05
3.17826e-05
3.17826e-05
3.17826e-05
3.17826e-05
3.15486e-05
3.15486e-05
3.15486e-05
3.15486e-05
3.15486e-05
3.15486e-05
3.15486e-05
3.15486e-05
3.15486e-05
3.15486e-05
3.15486e-05
3.15486e-05
3.15486e-05
3.15486e-05
3.15486e-05
3.15486e-05
3.15486e-05
3.15486e-05
3.15486e-05
3.15486e-05
3.15486e-05
3.15486e-05
3.15486e-05
3.15486e-05
3.15486e-05
3.15486e-05
3.15486e-05
3.15486e-05
3.15486e-05
3.15486e-05
3.15486e-05
3.15486e-05
3.15486e-05
3.15486e-05
3.15486e-05
3.15486e-05
3.15486e-05
3.15486e-05
3.15486e-05
3.15486e-05
3.15486e-05
3.15486e-05
3.15486e-05
3.15486e-05
3.15486e-05
3.15486e-05
3.15486e-05
3.15486e-05
3.15486e-05
3.15486e-05
3.15486e-05
3.15486e-05
3.15486e-05
3.15486e-05
3.15486e-05
3.15486e-05
3.15486e-05
3.15486e-05
3.15486e-05
3.15486e-05
3.15486e-05
3.15486e-05
3.15486e-05
3.15486e-05
3.15486e-05
3.15486e-05
3.15486e-05
3.15486e-05
3.15486e-05
3.15486e-05
3.15486e-05
3.15486e-05
3.15486e-05
3.15486e-05
3.15486e-05
3.15486e-05
3.15486e-05
3.15486e-05
3.15486e-05
3.15486e-05
3.15486e-05
3.15486e-05
3.15486e-05
3.15486e-05
3.15486e-05
3.15486e-05
3.15486e-05
3.15486e-05
3.15486e-05
3.15486e-05
3.15486e-05
3.15486e-05
3.15486e-05
3.15486e-05
3.15486e-05
3.15486e-05
3.15486e-05
3.15486e-05
3.15486e-05
3.15486e-05
3.15486e-05
3.15486e-05
3.15486e-05
3.15486e-05
3.15486e-05
3.15486e-05
3.15486e-05
3.15486e-05
3.15486e-05
3.15486e-05
3.15486e-05
3.15486e-05
3.15486e-05
3.15486e-05
3.15486e-05
3.15486e-05
3.15486e-05
3.15486e-05
3.15486e-05
3.15486e-05
3.15486e-05
3.15486e-05
3.15486e-05
3.15486e-05
3.15486e-05
3.15486e-05
3.15486e-05
3.15486e-05
3.15486e-05
3.15486e-05
3.15486e-05
3.15486e-05
3.15486e-05
3.15486e-05
3.15486e-05
3.15486e-05
3.15486e-05
3.15486e-05
3.15486e-05
3.15486e-05
3.15486e-05
3.15486e-05
3.15486e-05
3.15486e-05
3.15486e-05
3.15486e-05
3.15486e-05
3.15486e-05
3.15486e-05
3.15486e-05
3.15486e-05
3.15486e-05
3.15486e-05
3.15486e-05
3.15486e-05
3.15486e-05
3.15486e-05
3.15486e-05
3.15486e-05
3.15486e-05
3.15486e-05
3.15486e-05
3.15486e-05
3.15486e-05
3.15486e-05
3.15486e-05
3.15486e-05
3.15486e-05
3.15486e-05
3.15486e-05
3.15486e-05
3.15486e-05
3.15486e-05
3.15486e-05
3.15486e-05
3.15486e-05
3.15486e-05
3.15486e-05
3.15486e-05
3.15486e-05
3.15486e-05
3.15486e-05
3.15486e-05
3.15486e-05
3.15486e-05
3.15486e-05
3.15486e-05
3.15486e-05
3.15486e-05
3.15486e-05
3.15486e-05
3.15486e-05
3.15486e-05
3.15486e-05
3.15486e-05
3.15486e-05
3.15486e-05
3.15486e-05
3.15486e-05
3.15486e-05
3.13892e-05
3.13892e-05
3.13892e-05
3.13892e-05
3.13892e-05
3.13892e-05
3.13892e-05
3.13892e-05
3.13892e-05
3.13892e-05
3.13892e-05
3.13892e-05
3.13892e-05
3.13892e-05
3.13892e-05
3.13892e-05
3.13892e-05
3.13892e-05
3.13892e-05
3.13892e-05
3.13892e-05
3.13892e-05
3.13892e-05
3.13892e-05
3.13892e-05
3.13892e-05
3.13892e-05
3.13892e-05
3.13892e-05
3.13892e-05
3.13892e-05
3.13892e-05
3.13892e-05
3.13892e-05
3.13892e-05
3.13892e-05
3.13892e-05
3.13892e-05
3.13892e-05
3.13892e-05
3.13892e-05
3.13892e-05
3.13892e-05
3.13892e-05
3.13892e-05
3.13892e-05
3.13892e-05
3.13892e-05
3.13892e-05
3.13892e-05
3.13892e-05
3.13892e-05
3.13892e-05
3.13892e-05
3.13892e-05
3.13892e-05
3.13892e-05
3.13892e-05
3.13892e-05
3.13892e-05
3.13892e-05
3.13892e-05
3.13892e-05
3.13892e-05
3.13892e-05
3.13892e-05
3.13892e-05
3.13892e-05
3.13892e-05
3.13892e-05
3.13892e-05
3.13892e-05
3.13892e-05
3.13892e-05
3.13892e-05
3.13892e-05
3.13892e-05
3.13892e-05
3.13892e-05
3.13892e-05
3.13892e-05
3.13892e-05
3.13892e-05
3.13892e-05
3.13892e-05
3.13892e-05
3.13892e-05
3.13892e-05
3.13892e-05
3.13892e-05
3.13892e-05
3.13892e-05
3.13892e-05
3.13892e-05
3.13892e-05
3.13892e-05
3.13892e-05
3.13892e-05
3.13892e-05
3.13892e-05
3.13892e-05
3.13892e-05
3.13892e-05
3.13892e-05
3.13892e-05
3.13892e-05
3.13892e-05
3.13892e-05
3.13892e-05
3.13892e-05
3.13892e-05
3.13892e-05
3.13892e-05
3.13892e-05
3.13892e-05
3.13892e-05
3.13892e-05
3.13892e-05
3.13892e-05
3.13892e-05
3.13892e-05
3.13892e-05
3.13892e-05
3.13892e-05
3.13892e-05
3.13892e-05
3.13892e-05
3.13892e-05
3.13892e-05
3.13892e-05
3.13892e-05
3.13892e-05
3.13892e-05
3.13892e-05
3.13892e-05
3.13892e-05
3.13892e-05
3.13892e-05
3.13892e-05
3.13892e-05
3.13892e-05
3.13892e-05
3.13892e-05
3.13892e-05
3.13892e-05
3.13892e-05
3.13892e-05
3.13892e-05
3.13892e-05
3.13892e-05
3.13892e-05
3.13892e-05
3.13892e-05
3.13892e-05
3.13892e-05
3.13892e-05
3.13892e-05
3.13892e-05
3.13892e-05
3.13892e-05
3.13892e-05
3.13892e-05
3.13892e-05
3.13892e-05
3.13892e-05
3.13892e-05
3.13892e-05
3.13892e-05
3.13892e-05
3.13892e-05
3.13892e-05
3.13892e-05
3.13892e-05
3.13892e-05
3.13892e-05
3.13892e-05
3.13892e-05
3.13892e-05
3.13892e-05
3.13892e-05
3.13892e-05
3.13892e-05
3.13892e-05
3.13892e-05
3.13892e-05
3.13892e-05
3.13892e-05
3.13892e-05
3.13892e-05
3.13892e-05
3.13892e-05
3.13892e-05
3.13892e-05
3.13892e-05
3.13892e-05
3.13892e-05
3.13892e-05
3.13892e-05
3.13892e-05
3.13892e-05
3.12894e-05
3.12894e-05
3.12894e-05
3.12894e-05
3.12894e-05
3.12894e-05
3.12894e-05
3.12894e-05
3.12894e-05
3.12894e-05
3.12894e-05
3.12894e-05
3.12894e-05
3.12894e-05
3.12894e-05
3.12894e-05
3.12894e-05
3.12894e-05
3.12894e-05
3.12894e-05
3.12894e-05
3.12894e-05
3.12894e-05
3.12894e-05
3.12894e-05
3.12894e-05
3.12894e-05
3.12894e-05
3.12894e-05
3.12894e-05
3.12894e-05
3.12894e-05
3.12894e-05
3.12894e-05
3.12894e-05
3.12894e-05
3.12894e-05
3.12894e-05
3.12894e-05
3.12894e-05
3.12894e-05
3.12894e-05
3.12894e-05
3.12894e-05
3.12894e-05
3.12894e-05
3.12894e-05
3.12894e-05
3.12894e-05
3.12894e-05
3.12894e-05
3.12894e-05
3.12894e-05
3.12894e-05
3.12894e-05
3.12894e-05
3.12894e-05
3.12894e-05
3.12894e-05
3.12894e-05
3.12894e-05
3.12894e-05
3.12894e-05
3.12894e-05
3.12894e-05
3.12894e-05
3.12894e-05
3.12894e-05
3.12894e-05
3.12894e-05
3.12894e-05
3.12894e-05
3.12894e-05
3.12894e-05
3.12894e-05
3.12894e-05
3.12894e-05
3.12894e-05
3.12894e-05
3.12894e-05
3.12894e-05
3.12894e-05
3.12894e-05
3.12894e-05
3.12894e-05
3.12894e-05
3.12894e-05
3.12894e-05
3.12894e-05
3.12894e-05
3.12894e-05
3.12894e-05
3.12894e-05
3.12894e-05
3.12894e-05
3.12894e-05
3.12894e-05
3.12894e-05
3.12894e-05
3.12894e-05
3.12894e-05
3.12894e-05
3.12894e-05
3.12894e-05
3.12894e-05
3.12894e-05
3.12894e-05
3.12894e-05
3.12894e-05
3.12894e-05
3.12894e-05
3.12894e-05
3.12894e-05
3.12894e-05
3.12894e-05
3.12894e-05
3.12894e-05
3.12894e-05
3.12894e-05
3.12894e-05
3.12894e-05
3.12894e-05
3.12894e-05
3.12894e-05
3.12894e-05
3.12894e-05
3.12894e-05
3.12894e-05
3.12894e-05
3.12894e-05
3.12894e-05
3.12894e-05
3.12894e-05
3.12894e-05
3.12894e-05
3.12894e-05
3.12894e-05
3.12894e-05
3.12894e-05
3.12894e-05
3.12894e-05
3.12894e-05
3.12894e-05
3.12894e-05
3.12894e-05
3.12894e-05
3.12894e-05
3.12894e-05
3.12894e-05
3.12894e-05
3.12894e-05
3.12894e-05
3.12894e-05
3.12894e-05
3.12894e-05
3.12894e-05
3.12894e-05
3.12894e-05
3.12894e-05
3.12894e-05
3.12894e-05
3.12894e-05
3.12894e-05
3.12894e-05
3.12894e-05
3.12894e-05
3.12894e-05
3.12894e-05
3.12894e-05
3.12894e-05
3.12894e-05
3.12894e-05
3.12894e-05
3.12894e-05
3.12894e-05
3.12894e-05
3.12894e-05
3.12894e-05
3.12894e-05
3.12894e-05
3.12894e-05
3.12894e-05
3.12894e-05
3.12894e-05
3.12894e-05
3.12894e-05
3.12894e-05
3.12894e-05
3.12894e-05
3.12894e-05
3.12894e-05
3.12894e-05
3.12894e-05
3.12894e-05
3.12894e-05
3.12894e-05
3.12894e-05
3.12894e-05
3.12894e-05
3.12894e-05
3.1225e-05
3.1225e-05
3.1225e-05
3.1225e-05
3.1225e-05
3.1225e-05
3.1225e-05
3.1225e-05
3.1225e-05
3.1225e-05
3.1225e-05
3.1225e-05
3.1225e-05
3.1225e-05
3.1225e-05
3.1225e-05
3.1225e-05
3.1225e-05
3.1225e-05
3.1225e-05
3.1225e-05
3.1225e-05
3.1225e-05
3.1225e-05
3.1225e-05
3.1225e-05
3.1225e-05
3.1225e-05
3.1225e-05
3.1225e-05
3.1225e-05
3.1225e-05
3.1225e-05
3.1225e-05
3.1225e-05
3.1225e-05
3.1225e-05
3.1225e-05
3.1225e-05
3.1225e-05
3.1225e-05
3.1225e-05
3.1225e-05
3.1225e-05
3.1225e-05
3.1225e-05
3.1225e-05
3.1225e-05
3.1225e-05
3.1225e-05
3.1225e-05
3.1225e-05
3.1225e-05
3.1225e-05
3.1225e-05
3.1225e-05
3.1225e-05
3.1225e-05
3.1225e-05
3.1225e-05
3.1225e-05
3.1225e-05
3.1225e-05
3.1225e-05
3.1225e-05
3.1225e-05
3.1225e-05
3.1225e-05
3.1225e-05
3.1225e-05
3.1225e-05
3.1225e-05
3.1225e-05
3.1225e-05
3.1225e-05
3.1225e-05
3.1225e-05
3.1225e-05
3.1225e-05
3.1225e-05
3.1225e-05
3.1225e-05
3.1225e-05
3.1225e-05
3.1225e-05
3.1225e-05
3.1225e-05
3.1225e-05
3.1225e-05
3.1225e-05
3.1225e-05
3.1225e-05
3.1225e-05
3.1225e-05
3.1225e-05
3.1225e-05
3.1225e-05
3.1225e-05
3.1225e-05
3.1225e-05
3.1225e-05
3.1225e-05
3.1225e-05
3.1225e-05
3.1225e-05
3.1225e-05
3.1225e-05
3.1225e-05
3.1225e-05
3.1225e-05
3.1225e-05
3.1225e-05
3.1225e-05
3.1225e-05
3.1225e-05
3.1225e-05
3.1225e-05
3.1225e-05
3.1225e-05
3.1225e-05
3.1225e-05
3.1225e-05
3.1225e-05
3.1225e-05
3.1225e-05
3.1225e-05
3.1225e-05
3.1225e-05
3.1225e-05
3.1225e-05
3.1225e-05
3.1225e-05
3.1225e-05
3.1225e-05
3.1225e-05
3.1225e-05
3.1225e-05
3.1225e-05
3.1225e-05
3.1225e-05
3.1225e-05
3.1225e-05
3.1225e-05
3.1225e-05
3.1225e-05
3.1225e-05
3.1225e-05
3.1225e-05
3.1225e-05
3.1225e-05
3.1225e-05
3.1225e-05
3.1225e-05
3.1225e-05
3.1225e-05
3.1225e-05
3.1225e-05
3.1225e-05
3.1225e-05
3.1225e-05
3.1225e-05
3.1225e-05
3.1225e-05
3.1225e-05
3.1225e-05
3.1225e-05
3.1225e-05
3.1225e-05
3.1225e-05
3.1225e-05
3.1225e-05
3.1225e-05
3.1225e-05
3.1225e-05
3.1225e-05
3.1225e-05
3.1225e-05
3.1225e-05
3.1225e-05
3.1225e-05
3.1225e-05
3.1225e-05
3.1225e-05
3.1225e-05
3.1225e-05
3.1225e-05
3.1225e-05
3.1225e-05
3.1225e-05
3.1225e-05
3.1225e-05
3.1225e-05
3.1225e-05
3.1225e-05
3.1225e-05
3.1225e-05
3.1225e-05
3.1225e-05
3.1225e-05
3.1225e-05
3.11794e-05
3.11794e-05
3.11794e-05
3.11794e-05
3.11794e-05
3.11794e-05
3.11794e-05
3.11794e-05
3.11794e-05
3.11794e-05
3.11794e-05
3.11794e-05
3.11794e-05
3.11794e-05
3.11794e-05
3.11794e-05
3.11794e-05
3.11794e-05
3.11794e-05
3.11794e-05
3.11794e-05
3.11794e-05
3.11794e-05
3.11794e-05
3.11794e-05
3.11794e-05
3.11794e-05
3.11794e-05
3.11794e-05
3.11794e-05
3.11794e-05
3.11794e-05
3.11794e-05
3.11794e-05
3.11794e-05
3.11794e-05
3.11794e-05
3.11794e-05
3.11794e-05
3.11794e-05
3.11794e-05
3.11794e-05
3.11794e-05
3.11794e-05
3.11794e-05
3.11794e-05
3.11794e-05
3.11794e-05
3.11794e-05
3.11794e-05
3.11794e-05
3.11794e-05
3.11794e-05
3.11794e-05
3.11794e-05
3.11794e-05
3.11794e-05
3.11794e-05
3.11794e-05
3.11794e-05
3.11794e-05
3.11794e-05
3.11794e-05
3.11794e-05
3.11794e-05
3.11794e-05
3.11794e-05
3.11794e-05
3.11794e-05
3.11794e-05
3.11794e-05
3.11794e-05
3.11794e-05
3.11794e-05
3.11794e-05
3.11794e-05
3.11794e-05
3.11794e-05
3.11794e-05
3.11794e-05
3.11794e-05
3.11794e-05
3.11794e-05
3.11794e-05
3.11794e-05
3.11794e-05
3.11794e-05
3.11794e-05
3.11794e-05
3.11794e-05
3.11794e-05
3.11794e-05
3.11794e-05
3.11794e-05
3.11794e-05
3.11794e-05
3.11794e-05
3.11794e-05
3.11794e-05
3.11794e-05
3.11794e-05
3.11794e-05
3.11794e-05
3.11794e-05
3.11794e-05
3.11794e-05
3.11794e-05
3.11794e-05
3.11794e-05
3.11794e-05
3.11794e-05
3.11794e-05
3.11794e-05
3.11794e-05
3.11794e-05
3.11794e-05
3.11794e-05
3.11794e-05
3.11794e-05
3.11794e-05
3.11794e-05
3.11794e-05
3.11794e-05
3.11794e-05
3.11794e-05
3.11794e-05
3.11794e-05
3.11794e-05
3.11794e-05
3.11794e-05
3.11794e-05
3.11794e-05
3.11794e-05
3.11794e-05
3.11794e-05
3.11794e-05
3.11794e-05
3.11794e-05
3.11794e-05
3.11794e-05
3.11794e-05
3.11794e-05
3.11794e-05
3.11794e-05
3.11794e-05
3.11794e-05
3.11794e-05
3.11794e-05
3.11794e-05
3.11794e-05
3.11794e-05
3.11794e-05
3.11794e-05
3.11794e-05
3.11794e-05
3.11794e-05
3.11794e-05
3.11794e-05
3.11794e-05
3.11794e-05
3.11794e-05
3.11794e-05
3.11794e-05
3.11794e-05
3.11794e-05
3.11794e-05
3.11794e-05
3.11794e-05
3.11794e-05
3.11794e-05
3.11794e-05
3.11794e-05
3.11794e-05
3.11794e-05
3.11794e-05
3.11794e-05
3.11794e-05
3.11794e-05
3.11794e-05
3.11794e-05
3.11794e-05
3.11794e-05
3.11794e-05
3.11794e-05
3.11794e-05
3.11794e-05
3.11794e-05
3.11794e-05
3.11794e-05
3.11794e-05
3.11794e-05
3.11794e-05
3.11794e-05
3.11794e-05
3.11794e-05
3.11794e-05
3.11794e-05
3.11794e-05
3.11794e-05
3.11794e-05
3.11443e-05
3.11443e-05
3.11443e-05
3.11443e-05
3.11443e-05
3.11443e-05
3.11443e-05
3.11443e-05
3.11443e-05
3.11443e-05
3.11443e-05
3.11443e-05
3.11443e-05
3.11443e-05
3.11443e-05
3.11443e-05
3.11443e-05
3.11443e-05
3.11443e-05
3.11443e-05
3.11443e-05
3.11443e-05
3.11443e-05
3.11443e-05
3.11443e-05
3.11443e-05
3.11443e-05
3.11443e-05
3.11443e-05
3.11443e-05
3.11443e-05
3.11443e-05
3.11443e-05
3.11443e-05
3.11443e-05
3.11443e-05
3.11443e-05
3.11443e-05
3.11443e-05
3.11443e-05
3.11443e-05
3.11443e-05
3.11443e-05
3.11443e-05
3.11443e-05
3.11443e-05
3.11443e-05
3.11443e-05
3.11443e-05
3.11443e-05
3.11443e-05
3.11443e-05
3.11443e-05
3.11443e-05
3.11443e-05
3.11443e-05
3.11443e-05
3.11443e-05
3.11443e-05
3.11443e-05
3.11443e-05
3.11443e-05
3.11443e-05
3.11443e-05
3.11443e-05
3.11443e-05
3.11443e-05
3.11443e-05
3.11443e-05
3.11443e-05
3.11443e-05
3.11443e-05
3.11443e-05
3.11443e-05
3.11443e-05
3.11443e-05
3.11443e-05
3.11443e-05
3.11443e-05
3.11443e-05
3.11443e-05
3.11443e-05
3.11443e-05
3.11443e-05
3.11443e-05
3.11443e-05
3.11443e-05
3.11443e-05
3.11443e-05
3.11443e-05
3.11443e-05
3.11443e-05
3.11443e-05
3.11443e-05
3.11443e-05
3.11443e-05
3.11443e-05
3.11443e-05
3.11443e-05
3.11443e-05
3.11443e-05
3.11443e-05
3.11443e-05
3.11443e-05
3.11443e-05
3.11443e-05
3.11443e-05
3.11443e-05
3.11443e-05
3.11443e-05
3.11443e-05
3.11443e-05
3.11443e-05
3.11443e-05
3.11443e-05
3.11443e-05
3.11443e-05
3.11443e-05
3.11443e-05
3.11443e-05
3.11443e-05
3.11443e-05
3.11443e-05
3.11443e-05
3.11443e-05
3.11443e-05
3.11443e-05
3.11443e-05
3.11443e-05
3.11443e-05
3.11443e-05
3.11443e-05
3.11443e-05
3.11443e-05
3.11443e-05
3.11443e-05
3.11443e-05
3.11443e-05
3.11443e-05
3.11443e-05
3.11443e-05
3.11443e-05
3.11443e-05
3.11443e-05
3.11443e-05
3.11443e-05
3.11443e-05
3.11443e-05
3.11443e-05
3.11443e-05
3.11443e-05
3.11443e-05
3.11443e-05
3.11443e-05
3.11443e-05
3.11443e-05
3.11443e-05
3.11443e-05
3.11443e-05
3.11443e-05
3.11443e-05
3.11443e-05
3.11443e-05
3.11443e-05
3.11443e-05
3.11443e-05
3.11443e-05
3.11443e-05
3.11443e-05
3.11443e-05
3.11443e-05
3.11443e-05
3.11443e-05
3.11443e-05
3.11443e-05
3.11443e-05
3.11443e-05
3.11443e-05
3.11443e-05
3.11443e-05
3.11443e-05
3.11443e-05
3.11443e-05
3.11443e-05
3.11443e-05
3.11443e-05
3.11443e-05
3.11443e-05
3.11443e-05
3.11443e-05
3.11443e-05
3.11443e-05
3.11443e-05
3.11443e-05
3.11443e-05
3.11443e-05
3.11443e-05
3.11443e-05
3.11443e-05
3.11443e-05
3.11158e-05
3.11158e-05
3.11158e-05
3.11158e-05
3.11158e-05
3.11158e-05
3.11158e-05
3.11158e-05
3.11158e-05
3.11158e-05
3.11158e-05
3.11158e-05
3.11158e-05
3.11158e-05
3.11158e-05
3.11158e-05
3.11158e-05
3.11158e-05
3.11158e-05
3.11158e-05
3.11158e-05
3.11158e-05
3.11158e-05
3.11158e-05
3.11158e-05
3.11158e-05
3.11158e-05
3.11158e-05
3.11158e-05
3.11158e-05
3.11158e-05
3.11158e-05
3.11158e-05
3.11158e-05
3.11158e-05
3.11158e-05
3.11158e-05
3.11158e-05
3.11158e-05
3.11158e-05
3.11158e-05
3.11158e-05
3.11158e-05
3.11158e-05
3.11158e-05
3.11158e-05
3.11158e-05
3.11158e-05
3.11158e-05
3.11158e-05
3.11158e-05
3.11158e-05
3.11158e-05
3.11158e-05
3.11158e-05
3.11158e-05
3.11158e-05
3.11158e-05
3.11158e-05
3.11158e-05
3.11158e-05
3.11158e-05
3.11158e-05
3.11158e-05
3.11158e-05
3.11158e-05
3.11158e-05
3.11158e-05
3.11158e-05
3.11158e-05
3.11158e-05
3.11158e-05
3.11158e-05
3.11158e-05
3.11158e-05
3.11158e-05
3.11158e-05
3.11158e-05
3.11158e-05
3.11158e-05
3.11158e-05
3.11158e-05
3.11158e-05
3.11158e-05
3.11158e-05
3.11158e-05
3.11158e-05
3.11158e-05
3.11158e-05
3.11158e-05
3.11158e-05
3.11158e-05
3.11158e-05
3.11158e-05
3.11158e-05
3.11158e-05
3.11158e-05
3.11158e-05
3.11158e-05
3.11158e-05
3.11158e-05
3.11158e-05
3.11158e-05
3.11158e-05
3.11158e-05
3.11158e-05
3.11158e-05
3.11158e-05
3.11158e-05
3.11158e-05
3.11158e-05
3.11158e-05
3.11158e-05
3.11158e-05
3.11158e-05
3.11158e-05
3.11158e-05
3.11158e-05
3.11158e-05
3.11158e-05
3.11158e-05
3.11158e-05
3.11158e-05
3.11158e-05
3.11158e-05
3.11158e-05
3.11158e-05
3.11158e-05
3.11158e-05
3.11158e-05
3.11158e-05
3.11158e-05
3.11158e-05
3.11158e-05
3.11158e-05
3.11158e-05
3.11158e-05
3.11158e-05
3.11158e-05
3.11158e-05
3.11158e-05
3.11158e-05
3.11158e-05
3.11158e-05
3.11158e-05
3.11158e-05
3.11158e-05
3.11158e-05
3.11158e-05
3.11158e-05
3.11158e-05
3.11158e-05
3.11158e-05
3.11158e-05
3.11158e-05
3.11158e-05
3.11158e-05
3.11158e-05
3.11158e-05
3.11158e-05
3.11158e-05
3.11158e-05
3.11158e-05
3.11158e-05
3.11158e-05
3.11158e-05
3.11158e-05
3.11158e-05
3.11158e-05
3.11158e-05
3.11158e-05
3.11158e-05
3.11158e-05
3.11158e-05
3.11158e-05
3.11158e-05
3.11158e-05
3.11158e-05
3.11158e-05
3.11158e-05
3.11158e-05
3.11158e-05
3.11158e-05
3.11158e-05
3.11158e-05
3.11158e-05
3.11158e-05
3.11158e-05
3.11158e-05
3.11158e-05
3.11158e-05
3.11158e-05
3.11158e-05
3.11158e-05
3.11158e-05
3.11158e-05
3.11158e-05
3.11158e-05
3.11158e-05
3.11158e-05
3.10921e-05
3.10921e-05
3.10921e-05
3.10921e-05
3.10921e-05
3.10921e-05
3.10921e-05
3.10921e-05
3.10921e-05
3.10921e-05
3.10921e-05
3.10921e-05
3.10921e-05
3.10921e-05
3.10921e-05
3.10921e-05
3.10921e-05
3.10921e-05
3.10921e-05
3.10921e-05
3.10921e-05
3.10921e-05
3.10921e-05
3.10921e-05
3.10921e-05
3.10921e-05
3.10921e-05
3.10921e-05
3.10921e-05
3.10921e-05
3.10921e-05
3.10921e-05
3.10921e-05
3.10921e-05
3.10921e-05
3.10921e-05
3.10921e-05
3.10921e-05
3.10921e-05
3.10921e-05
3.10921e-05
3.10921e-05
3.10921e-05
3.10921e-05
3.10921e-05
3.10921e-05
3.10921e-05
3.10921e-05
3.10921e-05
3.10921e-05
3.10921e-05
3.10921e-05
3.10921e-05
3.10921e-05
3.10921e-05
3.10921e-05
3.10921e-05
3.10921e-05
3.10921e-05
3.10921e-05
3.10921e-05
3.10921e-05
3.10921e-05
3.10921e-05
3.10921e-05
3.10921e-05
3.10921e-05
3.10921e-05
3.10921e-05
3.10921e-05
3.10921e-05
3.10921e-05
3.10921e-05
3.10921e-05
3.10921e-05
3.10921e-05
3.10921e-05
3.10921e-05
3.10921e-05
3.10921e-05
3.10921e-05
3.10921e-05
3.10921e-05
3.10921e-05
3.10921e-05
3.10921e-05
3.10921e-05
3.10921e-05
3.10921e-05
3.10921e-05
3.10921e-05
3.10921e-05
3.10921e-05
3.10921e-05
3.10921e-05
3.10921e-05
3.10921e-05
3.10921e-05
3.10921e-05
3.10921e-05
3.10921e-05
3.10921e-05
3.10921e-05
3.10921e-05
3.10921e-05
3.10921e-05
3.10921e-05
3.10921e-05
3.10921e-05
3.10921e-05
3.10921e-05
3.10921e-05
3.10921e-05
3.10921e-05
3.10921e-05
3.10921e-05
3.10921e-05
3.10921e-05
3.10921e-05
3.10921e-05
3.10921e-05
3.10921e-05
3.10921e-05
3.10921e-05
3.10921e-05
3.10921e-05
3.10921e-05
3.10921e-05
3.10921e-05
3.10921e-05
3.10921e-05
3.10921e-05
3.10921e-05
3.10921e-05
3.10921e-05
3.10921e-05
3.10921e-05
3.10921e-05
3.10921e-05
3.10921e-05
3.10921e-05
3.10921e-05
3.10921e-05
3.10921e-05
3.10921e-05
3.10921e-05
3.10921e-05
3.10921e-05
3.10921e-05
3.10921e-05
3.10921e-05
3.10921e-05
3.10921e-05
3.10921e-05
3.10921e-05
3.10921e-05
3.10921e-05
3.10921e-05
3.10921e-05
3.10921e-05
3.10921e-05
3.10921e-05
3.10921e-05
3.10921e-05
3.10921e-05
3.10921e-05
3.10921e-05
3.10921e-05
3.10921e-05
3.10921e-05
3.10921e-05
3.10921e-05
3.10921e-05
3.10921e-05
3.10921e-05
3.10921e-05
3.10921e-05
3.10921e-05
3.10921e-05
3.10921e-05
3.10921e-05
3.10921e-05
3.10921e-05
3.10921e-05
3.10921e-05
3.10921e-05
3.10921e-05
3.10921e-05
3.10921e-05
3.10921e-05
3.10921e-05
3.10921e-05
3.10921e-05
3.10921e-05
3.10921e-05
3.10921e-05
3.10921e-05
3.10921e-05
3.10921e-05
3.10921e-05
3.10722e-05
3.10722e-05
3.10722e-05
3.10722e-05
3.10722e-05
3.10722e-05
3.10722e-05
3.10722e-05
3.10722e-05
3.10722e-05
3.10722e-05
3.10722e-05
3.10722e-05
3.10722e-05
3.10722e-05
3.10722e-05
3.10722e-05
3.10722e-05
3.10722e-05
3.10722e-05
3.10722e-05
3.10722e-05
3.10722e-05
3.10722e-05
3.10722e-05
3.10722e-05
3.10722e-05
3.10722e-05
3.10722e-05
3.10722e-05
3.10722e-05
3.10722e-05
3.10722e-05
3.10722e-05
3.10722e-05
3.10722e-05
3.10722e-05
3.10722e-05
3.10722e-05
3.10722e-05
3.10722e-05
3.10722e-05
3.10722e-05
3.10722e-05
3.10722e-05
3.10722e-05
3.10722e-05
3.10722e-05
3.10722e-05
3.10722e-05
3.10722e-05
3.10722e-05
3.10722e-05
3.10722e-05
3.10722e-05
3.10722e-05
3.10722e-05
3.10722e-05
3.10722e-05
3.10722e-05
3.10722e-05
3.10722e-05
3.10722e-05
3.10722e-05
3.10722e-05
3.10722e-05
3.10722e-05
3.10722e-05
3.10722e-05
3.10722e-05
3.10722e-05
3.10722e-05
3.10722e-05
3.10722e-05
3.10722e-05
3.10722e-05
3.10722e-05
3.10722e-05
3.10722e-05
3.10722e-05
3.10722e-05
3.10722e-05
3.10722e-05
3.10722e-05
3.10722e-05
3.10722e-05
3.10722e-05
3.10722e-05
3.10722e-05
3.10722e-05
3.10722e-05
3.10722e-05
3.10722e-05
3.10722e-05
3.10722e-05
3.10722e-05
3.10722e-05
3.10722e-05
3.10722e-05
3.10722e-05
3.10722e-05
3.10722e-05
3.10722e-05
3.10722e-05
3.10722e-05
3.10722e-05
3.10722e-05
3.10722e-05
3.10722e-05
3.10722e-05
3.10722e-05
3.10722e-05
3.10722e-05
3.10722e-05
3.10722e-05
3.10722e-05
3.10722e-05
3.10722e-05
3.10722e-05
3.10722e-05
3.10722e-05
3.10722e-05
3.10722e-05
3.10722e-05
3.10722e-05
3.10722e-05
3.10722e-05
3.10722e-05
3.10722e-05
3.10722e-05
3.10722e-05
3.10722e-05
3.10722e-05
3.10722e-05
3.10722e-05
3.10722e-05
3.10722e-05
3.10722e-05
3.10722e-05
3.10722e-05
3.10722e-05
3.10722e-05
3.10722e-05
3.10722e-05
3.10722e-05
3.10722e-05
3.10722e-05
3.10722e-05
3.10722e-05
3.10722e-05
3.10722e-05
3.10722e-05
3.10722e-05
3.10722e-05
3.10722e-05
3.10722e-05
3.10722e-05
3.10722e-05
3.10722e-05
3.10722e-05
3.10722e-05
3.10722e-05
3.10722e-05
3.10722e-05
3.10722e-05
3.10722e-05
3.10722e-05
3.10722e-05
3.10722e-05
3.10722e-05
3.10722e-05
3.10722e-05
3.10722e-05
3.10722e-05
3.10722e-05
3.10722e-05
3.10722e-05
3.10722e-05
3.10722e-05
3.10722e-05
3.10722e-05
3.10722e-05
3.10722e-05
3.10722e-05
3.10722e-05
3.10722e-05
3.10722e-05
3.10722e-05
3.10722e-05
3.10722e-05
3.10722e-05
3.10722e-05
3.10722e-05
3.10722e-05
3.10722e-05
3.10722e-05
3.10722e-05
3.10722e-05
3.10722e-05
3.10722e-05
3.10557e-05
3.10557e-05
3.10557e-05
3.10557e-05
3.10557e-05
3.10557e-05
3.10557e-05
3.10557e-05
3.10557e-05
3.10557e-05
3.10557e-05
3.10557e-05
3.10557e-05
3.10557e-05
3.10557e-05
3.10557e-05
3.10557e-05
3.10557e-05
3.10557e-05
3.10557e-05
3.10557e-05
3.10557e-05
3.10557e-05
3.10557e-05
3.10557e-05
3.10557e-05
3.10557e-05
3.10557e-05
3.10557e-05
3.10557e-05
3.10557e-05
3.10557e-05
3.10557e-05
3.10557e-05
3.10557e-05
3.10557e-05
3.10557e-05
3.10557e-05
3.10557e-05
3.10557e-05
3.10557e-05
3.10557e-05
3.10557e-05
3.10557e-05
3.10557e-05
3.10557e-05
3.10557e-05
3.10557e-05
3.10557e-05
3.10557e-05
3.10557e-05
3.10557e-05
3.10557e-05
3.10557e-05
3.10557e-05
3.10557e-05
3.10557e-05
3.10557e-05
3.10557e-05
3.10557e-05
3.10557e-05
3.10557e-05
3.10557e-05
3.10557e-05
3.10557e-05
3.10557e-05
3.10557e-05
3.10557e-05
3.10557e-05
3.10557e-05
3.10557e-05
3.10557e-05
3.10557e-05
3.10557e-05
3.10557e-05
3.10557e-05
3.10557e-05
3.10557e-05
3.10557e-05
3.10557e-05
3.10557e-05
3.10557e-05
3.10557e-05
3.10557e-05
3.10557e-05
3.10557e-05
3.10557e-05
3.10557e-05
3.10557e-05
3.10557e-05
3.10557e-05
3.10557e-05
3.10557e-05
3.10557e-05
3.10557e-05
3.10557e-05
3.10557e-05
3.10557e-05
3.10557e-05
3.10557e-05
3.10557e-05
3.10557e-05
3.10557e-05
3.10557e-05
3.10557e-05
3.10557e-05
3.10557e-05
3.10557e-05
3.10557e-05
3.10557e-05
3.10557e-05
3.10557e-05
3.10557e-05
3.10557e-05
3.10557e-05
3.10557e-05
3.10557e-05
3.10557e-05
3.10557e-05
3.10557e-05
3.10557e-05
3.10557e-05
3.10557e-05
3.10557e-05
3.10557e-05
3.10557e-05
3.10557e-05
3.10557e-05
3.10557e-05
3.10557e-05
3.10557e-05
3.10557e-05
3.10557e-05
3.10557e-05
3.10557e-05
3.10557e-05
3.10557e-05
3.10557e-05
3.10557e-05
3.10557e-05
3.10557e-05
3.10557e-05
3.10557e-05
3.10557e-05
3.10557e-05
3.10557e-05
3.10557e-05
3.10557e-05
3.10557e-05
3.10557e-05
3.10557e-05
3.10557e-05
3.10557e-05
3.10557e-05
3.10557e-05
3.10557e-05
3.10557e-05
3.10557e-05
3.10557e-05
3.10557e-05
3.10557e-05
3.10557e-05
3.10557e-05
3.10557e-05
3.10557e-05
3.10557e-05
3.10557e-05
3.10557e-05
3.10557e-05
3.10557e-05
3.10557e-05
3.10557e-05
3.10557e-05
3.10557e-05
3.10557e-05
3.10557e-05
3.10557e-05
3.10557e-05
3.10557e-05
3.10557e-05
3.10557e-05
3.10557e-05
3.10557e-05
3.10557e-05
3.10557e-05
3.10557e-05
3.10557e-05
3.10557e-05
3.10557e-05
3.10557e-05
3.10557e-05
3.10557e-05
3.10557e-05
3.10557e-05
3.10557e-05
3.10557e-05
3.10557e-05
3.10557e-05
3.10557e-05
3.10557e-05
3.10421e-05
3.10421e-05
3.10421e-05
3.10421e-05
3.10421e-05
3.10421e-05
3.10421e-05
3.10421e-05
3.10421e-05
3.10421e-05
3.10421e-05
3.10421e-05
3.10421e-05
3.10421e-05
3.10421e-05
3.10421e-05
3.10421e-05
3.10421e-05
3.10421e-05
3.10421e-05
3.10421e-05
3.10421e-05
3.10421e-05
3.10421e-05
3.10421e-05
3.10421e-05
3.10421e-05
3.10421e-05
3.10421e-05
3.10421e-05
3.10421e-05
3.10421e-05
3.10421e-05
3.10421e-05
3.10421e-05
3.10421e-05
3.10421e-05
3.10421e-05
3.10421e-05
3.10421e-05
3.10421e-05
3.10421e-05
3.10421e-05
3.10421e-05
3.10421e-05
3.10421e-05
3.10421e-05
3.10421e-05
3.10421e-05
3.10421e-05
3.10421e-05
3.10421e-05
3.10421e-05
3.10421e-05
3.10421e-05
3.10421e-05
3.10421e-05
3.10421e-05
3.10421e-05
3.10421e-05
3.10421e-05
3.10421e-05
3.10421e-05
3.10421e-05
3.10421e-05
3.10421e-05
3.10421e-05
3.10421e-05
3.10421e-05
3.10421e-05
3.10421e-05
3.10421e-05
3.10421e-05
3.10421e-05
3.10421e-05
3.10421e-05
3.10421e-05
3.10421e-05
3.10421e-05
3.10421e-05
3.10421e-05
3.10421e-05
3.10421e-05
3.10421e-05
3.10421e-05
3.10421e-05
3.10421e-05
3.10421e-05
3.10421e-05
3.10421e-05
3.10421e-05
3.10421e-05
3.10421e-05
3.10421e-05
3.10421e-05
3.10421e-05
3.10421e-05
3.10421e-05
3.10421e-05
3.10421e-05
3.10421e-05
3.10421e-05
3.10421e-05
3.10421e-05
3.10421e-05
3.10421e-05
3.10421e-05
3.10421e-05
3.10421e-05
3.10421e-05
3.10421e-05
3.10421e-05
3.10421e-05
3.10421e-05
3.10421e-05
3.10421e-05
3.10421e-05
3.10421e-05
3.10421e-05
3.10421e-05
3.10421e-05
3.10421e-05
3.10421e-05
3.10421e-05
3.10421e-05
3.10421e-05
3.10421e-05
3.10421e-05
3.10421e-05
3.10421e-05
3.10421e-05
3.10421e-05
3.10421e-05
3.10421e-05
3.10421e-05
3.10421e-05
3.10421e-05
3.10421e-05
3.10421e-05
3.10421e-05
3.10421e-05
3.10421e-05
3.10421e-05
3.10421e-05
3.10421e-05
3.10421e-05
3.10421e-05
3.10421e-05
3.10421e-05
3.10421e-05
3.10421e-05
3.10421e-05
3.10421e-05
3.10421e-05
3.10421e-05
3.10421e-05
3.10421e-05
3.10421e-05
3.10421e-05
3.10421e-05
3.10421e-05
3.10421e-05
3.10421e-05
3.10421e-05
3.10421e-05
3.10421e-05
3.10421e-05
3.10421e-05
3.10421e-05
3.10421e-05
3.10421e-05
3.10421e-05
3.10421e-05
3.10421e-05
3.10421e-05
3.10421e-05
3.10421e-05
3.10421e-05
3.10421e-05
3.10421e-05
3.10421e-05
3.10421e-05
3.10421e-05
3.10421e-05
3.10421e-05
3.10421e-05
3.10421e-05
3.10421e-05
3.10421e-05
3.10421e-05
3.10421e-05
3.10421e-05
3.10421e-05
3.10421e-05
3.10421e-05
3.10421e-05
3.10421e-05
3.10421e-05
3.10421e-05
3.10421e-05
3.10311e-05
3.10311e-05
3.10311e-05
3.10311e-05
3.10311e-05
3.10311e-05
3.10311e-05
3.10311e-05
3.10311e-05
3.10311e-05
3.10311e-05
3.10311e-05
3.10311e-05
3.10311e-05
3.10311e-05
3.10311e-05
3.10311e-05
3.10311e-05
3.10311e-05
3.10311e-05
3.10311e-05
3.10311e-05
3.10311e-05
3.10311e-05
3.10311e-05
3.10311e-05
3.10311e-05
3.10311e-05
3.10311e-05
3.10311e-05
3.10311e-05
3.10311e-05
3.10311e-05
3.10311e-05
3.10311e-05
3.10311e-05
3.10311e-05
3.10311e-05
3.10311e-05
3.10311e-05
3.10311e-05
3.10311e-05
3.10311e-05
3.10311e-05
3.10311e-05
3.10311e-05
3.10311e-05
3.10311e-05
3.10311e-05
3.10311e-05
3.10311e-05
3.10311e-05
3.10311e-05
3.10311e-05
3.10311e-05
3.10311e-05
3.10311e-05
3.10311e-05
3.10311e-05
3.10311e-05
3.10311e-05
3.10311e-05
3.10311e-05
3.10311e-05
3.10311e-05
3.10311e-05
3.10311e-05
3.10311e-05
3.10311e-05
3.10311e-05
3.10311e-05
3.10311e-05
3.10311e-05
3.10311e-05
3.10311e-05
3.10311e-05
3.10311e-05
3.10311e-05
3.10311e-05
3.10311e-05
3.10311e-05
3.10311e-05
3.10311e-05
3.10311e-05
3.10311e-05
3.10311e-05
3.10311e-05
3.10311e-05
3.10311e-05
3.10311e-05
3.10311e-05
3.10311e-05
3.10311e-05
3.10311e-05
3.10311e-05
3.10311e-05
3.10311e-05
3.10311e-05
3.10311e-05
3.10311e-05
3.10311e-05
3.10311e-05
3.10311e-05
3.10311e-05
3.10311e-05
3.10311e-05
3.10311e-05
3.10311e-05
3.10311e-05
3.10311e-05
3.10311e-05
3.10311e-05
3.10311e-05
3.10311e-05
3.10311e-05
3.10311e-05
3.10311e-05
3.10311e-05
3.10311e-05
3.10311e-05
3.10311e-05
3.10311e-05
3.10311e-05
3.10311e-05
3.10311e-05
3.10311e-05
3.10311e-05
3.10311e-05
3.10311e-05
3.10311e-05
3.10311e-05
3.10311e-05
3.10311e-05
3.10311e-05
3.10311e-05
3.10311e-05
3.10311e-05
3.10311e-05
3.10311e-05
3.10311e-05
3.10311e-05
3.10311e-05
3.10311e-05
3.10311e-05
3.10311e-05
3.10311e-05
3.10311e-05
3.10311e-05
3.10311e-05
3.10311e-05
3.10311e-05
3.10311e-05
3.10311e-05
3.10311e-05
3.10311e-05
3.10311e-05
3.10311e-05
3.10311e-05
3.10311e-05
3.10311e-05
3.10311e-05
3.10311e-05
3.10311e-05
3.10311e-05
3.10311e-05
3.10311e-05
3.10311e-05
3.10311e-05
3.10311e-05
3.10311e-05
3.10311e-05
3.10311e-05
3.10311e-05
3.10311e-05
3.10311e-05
3.10311e-05
3.10311e-05
3.10311e-05
3.10311e-05
3.10311e-05
3.10311e-05
3.10311e-05
3.10311e-05
3.10311e-05
3.10311e-05
3.10311e-05
3.10311e-05
3.10311e-05
3.10311e-05
3.10311e-05
3.10311e-05
3.10311e-05
3.10311e-05
3.10311e-05
3.10311e-05
3.10311e-05
3.10311e-05
3.10311e-05
3.10311e-05
3.10311e-05
3.10223e-05
3.10223e-05
3.10223e-05
3.10223e-05
3.10223e-05
3.10223e-05
3.10223e-05
3.10223e-05
3.10223e-05
3.10223e-05
3.10223e-05
3.10223e-05
3.10223e-05
3.10223e-05
3.10223e-05
3.10223e-05
3.10223e-05
3.10223e-05
3.10223e-05
3.10223e-05
3.10223e-05
3.10223e-05
3.10223e-05
3.10223e-05
3.10223e-05
3.10223e-05
3.10223e-05
3.10223e-05
3.10223e-05
3.10223e-05
3.10223e-05
3.10223e-05
3.10223e-05
3.10223e-05
3.10223e-05
3.10223e-05
3.10223e-05
3.10223e-05
3.10223e-05
3.10223e-05
3.10223e-05
3.10223e-05
3.10223e-05
3.10223e-05
3.10223e-05
3.10223e-05
3.10223e-05
3.10223e-05
3.10223e-05
3.10223e-05
3.10223e-05
3.10223e-05
3.10223e-05
3.10223e-05
3.10223e-05
3.10223e-05
3.10223e-05
3.10223e-05
3.10223e-05
3.10223e-05
3.10223e-05
3.10223e-05
3.10223e-05
3.10223e-05
3.10223e-05
3.10223e-05
3.10223e-05
3.10223e-05
3.10223e-05
3.10223e-05
3.10223e-05
3.10223e-05
3.10223e-05
3.10223e-05
3.10223e-05
3.10223e-05
3.10223e-05
3.10223e-05
3.10223e-05
3.10223e-05
3.10223e-05
3.10223e-05
3.10223e-05
3.10223e-05
3.10223e-05
3.10223e-05
3.10223e-05
3.10223e-05
3.10223e-05
3.10223e-05
3.10223e-05
3.10223e-05
3.10223e-05
3.10223e-05
3.10223e-05
3.10223e-05
3.10223e-05
3.10223e-05
3.10223e-05
3.10223e-05
3.10223e-05
3.10223e-05
3.10223e-05
3.10223e-05
3.10223e-05
3.10223e-05
3.10223e-05
3.10223e-05
3.10223e-05
3.10223e-05
3.10223e-05
3.10223e-05
3.10223e-05
3.10223e-05
3.10223e-05
3.10223e-05
3.10223e-05
3.10223e-05
3.10223e-05
3.10223e-05
3.10223e-05
3.10223e-05
3.10223e-05
3.10223e-05
3.10223e-05
3.10223e-05
3.10223e-05
3.10223e-05
3.10223e-05
3.10223e-05
3.10223e-05
3.10223e-05
3.10223e-05
3.10223e-05
3.10223e-05
3.10223e-05
3.10223e-05
3.10223e-05
3.10223e-05
3.10223e-05
3.10223e-05
3.10223e-05
3.10223e-05
3.10223e-05
3.10223e-05
3.10223e-05
3.10223e-05
3.10223e-05
3.10223e-05
3.10223e-05
3.10223e-05
3.10223e-05
3.10223e-05
3.10223e-05
3.10223e-05
3.10223e-05
3.10223e-05
3.10223e-05
3.10223e-05
3.10223e-05
3.10223e-05
3.10223e-05
3.10223e-05
3.10223e-05
3.10223e-05
3.10223e-05
3.10223e-05
3.10223e-05
3.10223e-05
3.10223e-05
3.10223e-05
3.10223e-05
3.10223e-05
3.10223e-05
3.10223e-05
3.10223e-05
3.10223e-05
3.10223e-05
3.10223e-05
3.10223e-05
3.10223e-05
3.10223e-05
3.10223e-05
3.10223e-05
3.10223e-05
3.10223e-05
3.10223e-05
3.10223e-05
3.10223e-05
3.10223e-05
3.10223e-05
3.10223e-05
3.10223e-05
3.10223e-05
3.10223e-05
3.10223e-05
3.10223e-05
3.10223e-05
3.10223e-05
3.10223e-05
3.10155e-05
3.10155e-05
3.10155e-05
3.10155e-05
3.10155e-05
3.10155e-05
3.10155e-05
3.10155e-05
3.10155e-05
3.10155e-05
3.10155e-05
3.10155e-05
3.10155e-05
3.10155e-05
3.10155e-05
3.10155e-05
3.10155e-05
3.10155e-05
3.10155e-05
3.10155e-05
3.10155e-05
3.10155e-05
3.10155e-05
3.10155e-05
3.10155e-05
3.10155e-05
3.10155e-05
3.10155e-05
3.10155e-05
3.10155e-05
3.10155e-05
3.10155e-05
3.10155e-05
3.10155e-05
3.10155e-05
3.10155e-05
3.10155e-05
3.10155e-05
3.10155e-05
3.10155e-05
3.10155e-05
3.10155e-05
3.10155e-05
3.10155e-05
3.10155e-05
3.10155e-05
3.10155e-05
3.10155e-05
3.10155e-05
3.10155e-05
3.10155e-05
3.10155e-05
3.10155e-05
3.10155e-05
3.10155e-05
3.10155e-05
3.10155e-05
3.10155e-05
3.10155e-05
3.10155e-05
3.10155e-05
3.10155e-05
3.10155e-05
3.10155e-05
3.10155e-05
3.10155e-05
3.10155e-05
3.10155e-05
3.10155e-05
3.10155e-05
3.10155e-05
3.10155e-05
3.10155e-05
3.10155e-05
3.10155e-05
3.10155e-05
3.10155e-05
3.10155e-05
3.10155e-05
3.10155e-05
3.10155e-05
3.10155e-05
3.10155e-05
3.10155e-05
3.10155e-05
3.10155e-05
3.10155e-05
3.10155e-05
3.10155e-05
3.10155e-05
3.10155e-05
3.10155e-05
3.10155e-05
3.10155e-05
3.10155e-05
3.10155e-05
3.10155e-05
3.10155e-05
3.10155e-05
3.10155e-05
3.10155e-05
3.10155e-05
3.10155e-05
3.10155e-05
3.10155e-05
3.10155e-05
3.10155e-05
3.10155e-05
3.10155e-05
3.10155e-05
3.10155e-05
3.10155e-05
3.10155e-05
3.10155e-05
3.10155e-05
3.10155e-05
3.10155e-05
3.10155e-05
3.10155e-05
3.10155e-05
3.10155e-05
3.10155e-05
3.10155e-05
3.10155e-05
3.10155e-05
3.10155e-05
3.10155e-05
3.10155e-05
3.10155e-05
3.10155e-05
3.10155e-05
3.10155e-05
3.10155e-05
3.10155e-05
3.10155e-05
3.10155e-05
3.10155e-05
3.10155e-05
3.10155e-05
3.10155e-05
3.10155e-05
3.10155e-05
3.10155e-05
3.10155e-05
3.10155e-05
3.10155e-05
3.10155e-05
3.10155e-05
3.10155e-05
3.10155e-05
3.10155e-05
3.10155e-05
3.10155e-05
3.10155e-05
3.10155e-05
3.10155e-05
3.10155e-05
3.10155e-05
3.10155e-05
3.10155e-05
3.10155e-05
3.10155e-05
3.10155e-05
3.10155e-05
3.10155e-05
3.10155e-05
3.10155e-05
3.10155e-05
3.10155e-05
3.10155e-05
3.10155e-05
3.10155e-05
3.10155e-05
3.10155e-05
3.10155e-05
3.10155e-05
3.10155e-05
3.10155e-05
3.10155e-05
3.10155e-05
3.10155e-05
3.10155e-05
3.10155e-05
3.10155e-05
3.10155e-05
3.10155e-05
3.10155e-05
3.10155e-05
3.10155e-05
3.10155e-05
3.10155e-05
3.10155e-05
3.10155e-05
3.10155e-05
3.10155e-05
3.10155e-05
3.10155e-05
3.10155e-05
3.10155e-05
3.10155e-05
3.10102e-05
3.10102e-05
3.10102e-05
3.10102e-05
3.10102e-05
3.10102e-05
3.10102e-05
3.10102e-05
3.10102e-05
3.10102e-05
3.10102e-05
3.10102e-05
3.10102e-05
3.10102e-05
3.10102e-05
3.10102e-05
3.10102e-05
3.10102e-05
3.10102e-05
3.10102e-05
3.10102e-05
3.10102e-05
3.10102e-05
3.10102e-05
3.10102e-05
3.10102e-05
3.10102e-05
3.10102e-05
3.10102e-05
3.10102e-05
3.10102e-05
3.10102e-05
3.10102e-05
3.10102e-05
3.10102e-05
3.10102e-05
3.10102e-05
3.10102e-05
3.10102e-05
3.10102e-05
3.10102e-05
3.10102e-05
3.10102e-05
3.10102e-05
3.10102e-05
3.10102e-05
3.10102e-05
3.10102e-05
3.10102e-05
3.10102e-05
3.10102e-05
3.10102e-05
3.10102e-05
3.10102e-05
3.10102e-05
3.10102e-05
3.10102e-05
3.10102e-05
3.10102e-05
3.10102e-05
3.10102e-05
3.10102e-05
3.10102e-05
3.10102e-05
3.10102e-05
3.10102e-05
3.10102e-05
3.10102e-05
3.10102e-05
3.10102e-05
3.10102e-05
3.10102e-05
3.10102e-05
3.10102e-05
3.10102e-05
3.10102e-05
3.10102e-05
3.10102e-05
3.10102e-05
3.10102e-05
3.10102e-05
3.10102e-05
3.10102e-05
3.10102e-05
3.10102e-05
3.10102e-05
3.10102e-05
3.10102e-05
3.10102e-05
3.10102e-05
3.10102e-05
3.10102e-05
3.10102e-05
3.10102e-05
3.10102e-05
3.10102e-05
3.10102e-05
3.10102e-05
3.10102e-05
3.10102e-05
3.10102e-05
3.10102e-05
3.10102e-05
3.10102e-05
3.10102e-05
3.10102e-05
3.10102e-05
3.10102e-05
3.10102e-05
3.10102e-05
3.10102e-05
3.10102e-05
3.10102e-05
3.10102e-05
3.10102e-05
3.10102e-05
3.10102e-05
3.10102e-05
3.10102e-05
3.10102e-05
3.10102e-05
3.10102e-05
3.10102e-05
3.10102e-05
3.10102e-05
3.10102e-05
3.10102e-05
3.10102e-05
3.10102e-05
3.10102e-05
3.10102e-05
3.10102e-05
3.10102e-05
3.10102e-05
3.10102e-05
3.10102e-05
3.10102e-05
3.10102e-05
3.10102e-05
3.10102e-05
3.10102e-05
3.10102e-05
3.10102e-05
3.10102e-05
3.10102e-05
3.10102e-05
3.10102e-05
3.10102e-05
3.10102e-05
3.10102e-05
3.10102e-05
3.10102e-05
3.10102e-05
3.10102e-05
3.10102e-05
3.10102e-05
3.10102e-05
3.10102e-05
3.10102e-05
3.10102e-05
3.10102e-05
3.10102e-05
3.10102e-05
3.10102e-05
3.10102e-05
3.10102e-05
3.10102e-05
3.10102e-05
3.10102e-05
3.10102e-05
3.10102e-05
3.10102e-05
3.10102e-05
3.10102e-05
3.10102e-05
3.10102e-05
3.10102e-05
3.10102e-05
3.10102e-05
3.10102e-05
3.10102e-05
3.10102e-05
3.10102e-05
3.10102e-05
3.10102e-05
3.10102e-05
3.10102e-05
3.10102e-05
3.10102e-05
3.10102e-05
3.10102e-05
3.10102e-05
3.10102e-05
3.10102e-05
3.10102e-05
3.10102e-05
3.10102e-05
3.10102e-05
3.10102e-05
3.10102e-05
3.10062e-05
3.10062e-05
3.10062e-05
3.10062e-05
3.10062e-05
3.10062e-05
3.10062e-05
3.10062e-05
3.10062e-05
3.10062e-05
3.10062e-05
3.10062e-05
3.10062e-05
3.10062e-05
3.10062e-05
3.10062e-05
3.10062e-05
3.10062e-05
3.10062e-05
3.10062e-05
3.10062e-05
3.10062e-05
3.10062e-05
3.10062e-05
3.10062e-05
3.10062e-05
3.10062e-05
3.10062e-05
3.10062e-05
3.10062e-05
3.10062e-05
3.10062e-05
3.10062e-05
3.10062e-05
3.10062e-05
3.10062e-05
3.10062e-05
3.10062e-05
3.10062e-05
3.10062e-05
3.10062e-05
3.10062e-05
3.10062e-05
3.10062e-05
3.10062e-05
3.10062e-05
3.10062e-05
3.10062e-05
3.10062e-05
3.10062e-05
3.10062e-05
3.10062e-05
3.10062e-05
3.10062e-05
3.10062e-05
3.10062e-05
3.10062e-05
3.10062e-05
3.10062e-05
3.10062e-05
3.10062e-05
3.10062e-05
3.10062e-05
3.10062e-05
3.10062e-05
3.10062e-05
3.10062e-05
3.10062e-05
3.10062e-05
3.10062e-05
3.10062e-05
3.10062e-05
3.10062e-05
3.10062e-05
3.10062e-05
3.10062e-05
3.10062e-05
3.10062e-05
3.10062e-05
3.10062e-05
3.10062e-05
3.10062e-05
3.10062e-05
3.10062e-05
3.10062e-05
3.10062e-05
3.10062e-05
3.10062e-05
3.10062e-05
3.10062e-05
3.10062e-05
3.10062e-05
3.10062e-05
3.10062e-05
3.10062e-05
3.10062e-05
3.10062e-05
3.10062e-05
3.10062e-05
3.10062e-05
3.10062e-05
3.10062e-05
3.10062e-05
3.10062e-05
3.10062e-05
3.10062e-05
3.10062e-05
3.10062e-05
3.10062e-05
3.10062e-05
3.10062e-05
3.10062e-05
3.10062e-05
3.10062e-05
3.10062e-05
3.10062e-05
3.10062e-05
3.10062e-05
3.10062e-05
3.10062e-05
3.10062e-05
3.10062e-05
3.10062e-05
3.10062e-05
3.10062e-05
3.10062e-05
3.10062e-05
3.10062e-05
3.10062e-05
3.10062e-05
3.10062e-05
3.10062e-05
3.10062e-05
3.10062e-05
3.10062e-05
3.10062e-05
3.10062e-05
3.10062e-05
3.10062e-05
3.10062e-05
3.10062e-05
3.10062e-05
3.10062e-05
3.10062e-05
3.10062e-05
3.10062e-05
3.10062e-05
3.10062e-05
3.10062e-05
3.10062e-05
3.10062e-05
3.10062e-05
3.10062e-05
3.10062e-05
3.10062e-05
3.10062e-05
3.10062e-05
3.10062e-05
3.10062e-05
3.10062e-05
3.10062e-05
3.10062e-05
3.10062e-05
3.10062e-05
3.10062e-05
3.10062e-05
3.10062e-05
3.10062e-05
3.10062e-05
3.10062e-05
3.10062e-05
3.10062e-05
3.10062e-05
3.10062e-05
3.10062e-05
3.10062e-05
3.10062e-05
3.10062e-05
3.10062e-05
3.10062e-05
3.10062e-05
3.10062e-05
3.10062e-05
3.10062e-05
3.10062e-05
3.10062e-05
3.10062e-05
3.10062e-05
3.10062e-05
3.10062e-05
3.10062e-05
3.10062e-05
3.10062e-05
3.10062e-05
3.10062e-05
3.10062e-05
3.10062e-05
3.10062e-05
3.10062e-05
3.10062e-05
3.10032e-05
3.10032e-05
3.10032e-05
3.10032e-05
3.10032e-05
3.10032e-05
3.10032e-05
3.10032e-05
3.10032e-05
3.10032e-05
3.10032e-05
3.10032e-05
3.10032e-05
3.10032e-05
3.10032e-05
3.10032e-05
3.10032e-05
3.10032e-05
3.10032e-05
3.10032e-05
3.10032e-05
3.10032e-05
3.10032e-05
3.10032e-05
3.10032e-05
3.10032e-05
3.10032e-05
3.10032e-05
3.10032e-05
3.10032e-05
3.10032e-05
3.10032e-05
3.10032e-05
3.10032e-05
3.10032e-05
3.10032e-05
3.10032e-05
3.10032e-05
3.10032e-05
3.10032e-05
3.10032e-05
3.10032e-05
3.10032e-05
3.10032e-05
3.10032e-05
3.10032e-05
3.10032e-05
3.10032e-05
3.10032e-05
3.10032e-05
3.10032e-05
3.10032e-05
3.10032e-05
3.10032e-05
3.10032e-05
3.10032e-05
3.10032e-05
3.10032e-05
3.10032e-05
3.10032e-05
3.10032e-05
3.10032e-05
3.10032e-05
3.10032e-05
3.10032e-05
3.10032e-05
3.10032e-05
3.10032e-05
3.10032e-05
3.10032e-05
3.10032e-05
3.10032e-05
3.10032e-05
3.10032e-05
3.10032e-05
3.10032e-05
3.10032e-05
3.10032e-05
3.10032e-05
3.10032e-05
3.10032e-05
3.10032e-05
3.10032e-05
3.10032e-05
3.10032e-05
3.10032e-05
3.10032e-05
3.10032e-05
3.10032e-05
3.10032e-05
3.10032e-05
3.10032e-05
3.10032e-05
3.10032e-05
3.10032e-05
3.10032e-05
3.10032e-05
3.10032e-05
3.10032e-05
3.10032e-05
3.10032e-05
3.10032e-05
3.10032e-05
3.10032e-05
3.10032e-05
3.10032e-05
3.10032e-05
3.10032e-05
3.10032e-05
3.10032e-05
3.10032e-05
3.10032e-05
3.10032e-05
3.10032e-05
3.10032e-05
3.10032e-05
3.10032e-05
3.10032e-05
3.10032e-05
3.10032e-05
3.10032e-05
3.10032e-05
3.10032e-05
3.10032e-05
3.10032e-05
3.10032e-05
3.10032e-05
3.10032e-05
3.10032e-05
3.10032e-05
3.10032e-05
3.10032e-05
3.10032e-05
3.10032e-05
3.10032e-05
3.10032e-05
3.10032e-05
3.10032e-05
3.10032e-05
3.10032e-05
3.10032e-05
3.10032e-05
3.10032e-05
3.10032e-05
3.10032e-05
3.10032e-05
3.10032e-05
3.10032e-05
3.10032e-05
3.10032e-05
3.10032e-05
3.10032e-05
3.10032e-05
3.10032e-05
3.10032e-05
3.10032e-05
3.10032e-05
3.10032e-05
3.10032e-05
3.10032e-05
3.10032e-05
3.10032e-05
3.10032e-05
3.10032e-05
3.10032e-05
3.10032e-05
3.10032e-05
3.10032e-05
3.10032e-05
3.10032e-05
3.10032e-05
3.10032e-05
3.10032e-05
3.10032e-05
3.10032e-05
3.10032e-05
3.10032e-05
3.10032e-05
3.10032e-05
3.10032e-05
3.10032e-05
3.10032e-05
3.10032e-05
3.10032e-05
3.10032e-05
3.10032e-05
3.10032e-05
3.10032e-05
3.10032e-05
3.10032e-05
3.10032e-05
3.10032e-05
3.10032e-05
3.10032e-05
3.10032e-05
3.10032e-05
3.10032e-05
3.10032e-05
3.10032e-05
3.10032e-05
3.1001e-05
3.1001e-05
3.1001e-05
3.1001e-05
3.1001e-05
3.1001e-05
3.1001e-05
3.1001e-05
3.1001e-05
3.1001e-05
3.1001e-05
3.1001e-05
3.1001e-05
3.1001e-05
3.1001e-05
3.1001e-05
3.1001e-05
3.1001e-05
3.1001e-05
3.1001e-05
3.1001e-05
3.1001e-05
3.1001e-05
3.1001e-05
3.1001e-05
3.1001e-05
3.1001e-05
3.1001e-05
3.1001e-05
3.1001e-05
3.1001e-05
3.1001e-05
3.1001e-05
3.1001e-05
3.1001e-05
3.1001e-05
3.1001e-05
3.1001e-05
3.1001e-05
3.1001e-05
3.1001e-05
3.1001e-05
3.1001e-05
3.1001e-05
3.1001e-05
3.1001e-05
3.1001e-05
3.1001e-05
3.1001e-05
3.1001e-05
3.1001e-05
3.1001e-05
3.1001e-05
3.1001e-05
3.1001e-05
3.1001e-05
3.1001e-05
3.1001e-05
3.1001e-05
3.1001e-05
3.1001e-05
3.1001e-05
3.1001e-05
3.1001e-05
3.1001e-05
3.1001e-05
3.1001e-05
3.1001e-05
3.1001e-05
3.1001e-05
3.1001e-05
3.1001e-05
3.1001e-05
3.1001e-05
3.1001e-05
3.1001e-05
3.1001e-05
3.1001e-05
3.1001e-05
3.1001e-05
3.1001e-05
3.1001e-05
3.1001e-05
3.1001e-05
3.1001e-05
3.1001e-05
3.1001e-05
3.1001e-05
3.1001e-05
3.1001e-05
3.1001e-05
3.1001e-05
3.1001e-05
3.1001e-05
3.1001e-05
3.1001e-05
3.1001e-05
3.1001e-05
3.1001e-05
3.1001e-05
3.1001e-05
3.1001e-05
3.1001e-05
3.1001e-05
3.1001e-05
3.1001e-05
3.1001e-05
3.1001e-05
3.1001e-05
3.1001e-05
3.1001e-05
3.1001e-05
3.1001e-05
3.1001e-05
3.1001e-05
3.1001e-05
3.1001e-05
3.1001e-05
3.1001e-05
3.1001e-05
3.1001e-05
3.1001e-05
3.1001e-05
3.1001e-05
3.1001e-05
3.1001e-05
3.1001e-05
3.1001e-05
3.1001e-05
3.1001e-05
3.1001e-05
3.1001e-05
3.1001e-05
3.1001e-05
3.1001e-05
3.1001e-05
3.1001e-05
3.1001e-05
3.1001e-05
3.1001e-05
3.1001e-05
3.1001e-05
3.1001e-05
3.1001e-05
3.1001e-05
3.1001e-05
3.1001e-05
3.1001e-05
3.1001e-05
3.1001e-05
3.1001e-05
3.1001e-05
3.1001e-05
3.1001e-05
3.1001e-05
3.1001e-05
3.1001e-05
3.1001e-05
3.1001e-05
3.1001e-05
3.1001e-05
3.1001e-05
3.1001e-05
3.1001e-05
3.1001e-05
3.1001e-05
3.1001e-05
3.1001e-05
3.1001e-05
3.1001e-05
3.1001e-05
3.1001e-05
3.1001e-05
3.1001e-05
3.1001e-05
3.1001e-05
3.1001e-05
3.1001e-05
3.1001e-05
3.1001e-05
3.1001e-05
3.1001e-05
3.1001e-05
3.1001e-05
3.1001e-05
3.1001e-05
3.1001e-05
3.1001e-05
3.1001e-05
3.1001e-05
3.1001e-05
3.1001e-05
3.1001e-05
3.1001e-05
3.1001e-05
3.1001e-05
3.1001e-05
3.1001e-05
3.1001e-05
3.1001e-05
3.09995e-05
3.09995e-05
3.09995e-05
3.09995e-05
3.09995e-05
3.09995e-05
3.09995e-05
3.09995e-05
3.09995e-05
3.09995e-05
3.09995e-05
3.09995e-05
3.09995e-05
3.09995e-05
3.09995e-05
3.09995e-05
3.09995e-05
3.09995e-05
3.09995e-05
3.09995e-05
3.09995e-05
3.09995e-05
3.09995e-05
3.09995e-05
3.09995e-05
3.09995e-05
3.09995e-05
3.09995e-05
3.09995e-05
3.09995e-05
3.09995e-05
3.09995e-05
3.09995e-05
3.09995e-05
3.09995e-05
3.09995e-05
3.09995e-05
3.09995e-05
3.09995e-05
3.09995e-05
3.09995e-05
3.09995e-05
3.09995e-05
3.09995e-05
3.09995e-05
3.09995e-05
3.09995e-05
3.09995e-05
3.09995e-05
3.09995e-05
3.09995e-05
3.09995e-05
3.09995e-05
3.09995e-05
3.09995e-05
3.09995e-05
3.09995e-05
3.09995e-05
3.09995e-05
3.09995e-05
3.09995e-05
3.09995e-05
3.09995e-05
3.09995e-05
3.09995e-05
3.09995e-05
3.09995e-05
3.09995e-05
3.09995e-05
3.09995e-05
3.09995e-05
3.09995e-05
3.09995e-05
3.09995e-05
3.09995e-05
3.09995e-05
3.09995e-05
3.09995e-05
3.09995e-05
3.09995e-05
3.09995e-05
3.09995e-05
3.09995e-05
3.09995e-05
3.09995e-05
3.09995e-05
3.09995e-05
3.09995e-05
3.09995e-05
3.09995e-05
3.09995e-05
3.09995e-05
3.09995e-05
3.09995e-05
3.09995e-05
3.09995e-05
3.09995e-05
3.09995e-05
3.09995e-05
3.09995e-05
3.09995e-05
3.09995e-05
3.09995e-05
3.09995e-05
3.09995e-05
3.09995e-05
3.09995e-05
3.09995e-05
3.09995e-05
3.09995e-05
3.09995e-05
3.09995e-05
3.09995e-05
3.09995e-05
3.09995e-05
3.09995e-05
3.09995e-05
3.09995e-05
3.09995e-05
3.09995e-05
3.09995e-05
3.09995e-05
3.09995e-05
3.09995e-05
3.09995e-05
3.09995e-05
3.09995e-05
3.09995e-05
3.09995e-05
3.09995e-05
3.09995e-05
3.09995e-05
3.09995e-05
3.09995e-05
3.09995e-05
3.09995e-05
3.09995e-05
3.09995e-05
3.09995e-05
3.09995e-05
3.09995e-05
3.09995e-05
3.09995e-05
3.09995e-05
3.09995e-05
3.09995e-05
3.09995e-05
3.09995e-05
3.09995e-05
3.09995e-05
3.09995e-05
3.09995e-05
3.09995e-05
3.09995e-05
3.09995e-05
3.09995e-05
3.09995e-05
3.09995e-05
3.09995e-05
3.09995e-05
3.09995e-05
3.09995e-05
3.09995e-05
3.09995e-05
3.09995e-05
3.09995e-05
3.09995e-05
3.09995e-05
3.09995e-05
3.09995e-05
3.09995e-05
3.09995e-05
3.09995e-05
3.09995e-05
3.09995e-05
3.09995e-05
3.09995e-05
3.09995e-05
3.09995e-05
3.09995e-05
3.09995e-05
3.09995e-05
3.09995e-05
3.09995e-05
3.09995e-05
3.09995e-05
3.09995e-05
3.09995e-05
3.09995e-05
3.09995e-05
3.09995e-05
3.09995e-05
3.09995e-05
3.09995e-05
3.09995e-05
3.09995e-05
3.09995e-05
3.09995e-05
3.09995e-05
3.09995e-05
3.09983e-05
3.09983e-05
3.09983e-05
3.09983e-05
3.09983e-05
3.09983e-05
3.09983e-05
3.09983e-05
3.09983e-05
3.09983e-05
3.09983e-05
3.09983e-05
3.09983e-05
3.09983e-05
3.09983e-05
3.09983e-05
3.09983e-05
3.09983e-05
3.09983e-05
3.09983e-05
3.09983e-05
3.09983e-05
3.09983e-05
3.09983e-05
3.09983e-05
3.09983e-05
3.09983e-05
3.09983e-05
3.09983e-05
3.09983e-05
3.09983e-05
3.09983e-05
3.09983e-05
3.09983e-05
3.09983e-05
3.09983e-05
3.09983e-05
3.09983e-05
3.09983e-05
3.09983e-05
3.09983e-05
3.09983e-05
3.09983e-05
3.09983e-05
3.09983e-05
3.09983e-05
3.09983e-05
3.09983e-05
3.09983e-05
3.09983e-05
3.09983e-05
3.09983e-05
3.09983e-05
3.09983e-05
3.09983e-05
3.09983e-05
3.09983e-05
3.09983e-05
3.09983e-05
3.09983e-05
3.09983e-05
3.09983e-05
3.09983e-05
3.09983e-05
3.09983e-05
3.09983e-05
3.09983e-05
3.09983e-05
3.09983e-05
3.09983e-05
3.09983e-05
3.09983e-05
3.09983e-05
3.09983e-05
3.09983e-05
3.09983e-05
3.09983e-05
3.09983e-05
3.09983e-05
3.09983e-05
3.09983e-05
3.09983e-05
3.09983e-05
3.09983e-05
3.09983e-05
3.09983e-05
3.09983e-05
3.09983e-05
3.09983e-05
3.09983e-05
3.09983e-05
3.09983e-05
3.09983e-05
3.09983e-05
3.09983e-05
3.09983e-05
3.09983e-05
3.09983e-05
3.09983e-05
3.09983e-05
3.09983e-05
3.09983e-05
3.09983e-05
3.09983e-05
3.09983e-05
3.09983e-05
3.09983e-05
3.09983e-05
3.09983e-05
3.09983e-05
3.09983e-05
3.09983e-05
3.09983e-05
3.09983e-05
3.09983e-05
3.09983e-05
3.09983e-05
3.09983e-05
3.09983e-05
3.09983e-05
3.09983e-05
3.09983e-05
3.09983e-05
3.09983e-05
3.09983e-05
3.09983e-05
3.09983e-05
3.09983e-05
3.09983e-05
3.09983e-05
3.09983e-05
3.09983e-05
3.09983e-05
3.09983e-05
3.09983e-05
3.09983e-05
3.09983e-05
3.09983e-05
3.09983e-05
3.09983e-05
3.09983e-05
3.09983e-05
3.09983e-05
3.09983e-05
3.09983e-05
3.09983e-05
3.09983e-05
3.09983e-05
3.09983e-05
3.09983e-05
3.09983e-05
3.09983e-05
3.09983e-05
3.09983e-05
3.09983e-05
3.09983e-05
3.09983e-05
3.09983e-05
3.09983e-05
3.09983e-05
3.09983e-05
3.09983e-05
3.09983e-05
3.09983e-05
3.09983e-05
3.09983e-05
3.09983e-05
3.09983e-05
3.09983e-05
3.09983e-05
3.09983e-05
3.09983e-05
3.09983e-05
3.09983e-05
3.09983e-05
3.09983e-05
3.09983e-05
3.09983e-05
3.09983e-05
3.09983e-05
3.09983e-05
3.09983e-05
3.09983e-05
3.09983e-05
3.09983e-05
3.09983e-05
3.09983e-05
3.09983e-05
3.09983e-05
3.09983e-05
3.09983e-05
3.09983e-05
3.09983e-05
3.09983e-05
3.09983e-05
3.09983e-05
3.09983e-05
3.09983e-05
3.09983e-05
3.09983e-05
3.09976e-05
3.09976e-05
3.09976e-05
3.09976e-05
3.09976e-05
3.09976e-05
3.09976e-05
3.09976e-05
3.09976e-05
3.09976e-05
3.09976e-05
3.09976e-05
3.09976e-05
3.09976e-05
3.09976e-05
3.09976e-05
3.09976e-05
3.09976e-05
3.09976e-05
3.09976e-05
3.09976e-05
3.09976e-05
3.09976e-05
3.09976e-05
3.09976e-05
3.09976e-05
3.09976e-05
3.09976e-05
3.09976e-05
3.09976e-05
3.09976e-05
3.09976e-05
3.09976e-05
3.09976e-05
3.09976e-05
3.09976e-05
3.09976e-05
3.09976e-05
3.09976e-05
3.09976e-05
3.09976e-05
3.09976e-05
3.09976e-05
3.09976e-05
3.09976e-05
3.09976e-05
3.09976e-05
3.09976e-05
3.09976e-05
3.09976e-05
3.09976e-05
3.09976e-05
3.09976e-05
3.09976e-05
3.09976e-05
3.09976e-05
3.09976e-05
3.09976e-05
3.09976e-05
3.09976e-05
3.09976e-05
3.09976e-05
3.09976e-05
3.09976e-05
3.09976e-05
3.09976e-05
3.09976e-05
3.09976e-05
3.09976e-05
3.09976e-05
3.09976e-05
3.09976e-05
3.09976e-05
3.09976e-05
3.09976e-05
3.09976e-05
3.09976e-05
3.09976e-05
3.09976e-05
3.09976e-05
3.09976e-05
3.09976e-05
3.09976e-05
3.09976e-05
3.09976e-05
3.09976e-05
3.09976e-05
3.09976e-05
3.09976e-05
3.09976e-05
3.09976e-05
3.09976e-05
3.09976e-05
3.09976e-05
3.09976e-05
3.09976e-05
3.09976e-05
3.09976e-05
3.09976e-05
3.09976e-05
3.09976e-05
3.09976e-05
3.09976e-05
3.09976e-05
3.09976e-05
3.09976e-05
3.09976e-05
3.09976e-05
3.09976e-05
3.09976e-05
3.09976e-05
3.09976e-05
3.09976e-05
3.09976e-05
3.09976e-05
3.09976e-05
3.09976e-05
3.09976e-05
3.09976e-05
3.09976e-05
3.09976e-05
3.09976e-05
3.09976e-05
3.09976e-05
3.09976e-05
3.09976e-05
3.09976e-05
3.09976e-05
3.09976e-05
3.09976e-05
3.09976e-05
3.09976e-05
3.09976e-05
3.09976e-05
3.09976e-05
3.09976e-05
3.09976e-05
3.09976e-05
3.09976e-05
3.09976e-05
3.09976e-05
3.09976e-05
3.09976e-05
3.09976e-05
3.09976e-05
3.09976e-05
3.09976e-05
3.09976e-05
3.09976e-05
3.09976e-05
3.09976e-05
3.09976e-05
3.09976e-05
3.09976e-05
3.09976e-05
3.09976e-05
3.09976e-05
3.09976e-05
3.09976e-05
3.09976e-05
3.09976e-05
3.09976e-05
3.09976e-05
3.09976e-05
3.09976e-05
3.09976e-05
3.09976e-05
3.09976e-05
3.09976e-05
3.09976e-05
3.09976e-05
3.09976e-05
3.09976e-05
3.09976e-05
3.09976e-05
3.09976e-05
3.09976e-05
3.09976e-05
3.09976e-05
3.09976e-05
3.09976e-05
3.09976e-05
3.09976e-05
3.09976e-05
3.09976e-05
3.09976e-05
3.09976e-05
3.09976e-05
3.09976e-05
3.09976e-05
3.09976e-05
3.09976e-05
3.09976e-05
3.09976e-05
3.09976e-05
3.09976e-05
3.09976e-05
3.09976e-05
3.09976e-05
3.09976e-05
3.0997e-05
3.0997e-05
3.0997e-05
3.0997e-05
3.0997e-05
3.0997e-05
3.0997e-05
3.0997e-05
3.0997e-05
3.0997e-05
3.0997e-05
3.0997e-05
3.0997e-05
3.0997e-05
3.0997e-05
3.0997e-05
3.0997e-05
3.0997e-05
3.0997e-05
3.0997e-05
3.0997e-05
3.0997e-05
3.0997e-05
3.0997e-05
3.0997e-05
3.0997e-05
3.0997e-05
3.0997e-05
3.0997e-05
3.0997e-05
3.0997e-05
3.0997e-05
3.0997e-05
3.0997e-05
3.0997e-05
3.0997e-05
3.0997e-05
3.0997e-05
3.0997e-05
3.0997e-05
3.0997e-05
3.0997e-05
3.0997e-05
3.0997e-05
3.0997e-05
3.0997e-05
3.0997e-05
3.0997e-05
3.0997e-05
3.0997e-05
3.0997e-05
3.0997e-05
3.0997e-05
3.0997e-05
3.0997e-05
3.0997e-05
3.0997e-05
3.0997e-05
3.0997e-05
3.0997e-05
3.0997e-05
3.0997e-05
3.0997e-05
3.0997e-05
3.0997e-05
3.0997e-05
3.0997e-05
3.0997e-05
3.0997e-05
3.0997e-05
3.0997e-05
3.0997e-05
3.0997e-05
3.0997e-05
3.0997e-05
3.0997e-05
3.0997e-05
3.0997e-05
3.0997e-05
3.0997e-05
3.0997e-05
3.0997e-05
3.0997e-05
3.0997e-05
3.0997e-05
3.0997e-05
3.0997e-05
3.0997e-05
3.0997e-05
3.0997e-05
3.0997e-05
3.0997e-05
3.0997e-05
3.0997e-05
3.0997e-05
3.0997e-05
3.0997e-05
3.0997e-05
3.0997e-05
3.0997e-05
3.0997e-05
3.0997e-05
3.0997e-05
3.0997e-05
3.0997e-05
3.0997e-05
3.0997e-05
3.0997e-05
3.0997e-05
3.0997e-05
3.0997e-05
3.0997e-05
3.0997e-05
3.0997e-05
3.0997e-05
3.0997e-05
3.0997e-05
3.0997e-05
3.0997e-05
3.0997e-05
3.0997e-05
3.0997e-05
3.0997e-05
3.0997e-05
3.0997e-05
3.0997e-05
3.0997e-05
3.0997e-05
3.0997e-05
3.0997e-05
3.0997e-05
3.0997e-05
3.0997e-05
3.0997e-05
3.0997e-05
3.0997e-05
3.0997e-05
3.0997e-05
3.0997e-05
3.0997e-05
3.0997e-05
3.0997e-05
3.0997e-05
3.0997e-05
3.0997e-05
3.0997e-05
3.0997e-05
3.0997e-05
3.0997e-05
3.0997e-05
3.0997e-05
3.0997e-05
3.0997e-05
3.0997e-05
3.0997e-05
3.0997e-05
3.0997e-05
3.0997e-05
3.0997e-05
3.0997e-05
3.0997e-05
3.0997e-05
3.0997e-05
3.0997e-05
3.0997e-05
3.0997e-05
3.0997e-05
3.0997e-05
3.0997e-05
3.0997e-05
3.0997e-05
3.0997e-05
3.0997e-05
3.0997e-05
3.0997e-05
3.0997e-05
3.0997e-05
3.0997e-05
3.0997e-05
3.0997e-05
3.0997e-05
3.0997e-05
3.0997e-05
3.0997e-05
3.0997e-05
3.0997e-05
3.0997e-05
3.0997e-05
3.0997e-05
3.0997e-05
3.0997e-05
3.0997e-05
3.0997e-05
3.0997e-05
3.0997e-05
3.0997e-05
3.0997e-05
3.0997e-05
3.0997e-05
3.0997e-05
3.09967e-05
3.09967e-05
3.09967e-05
3.09967e-05
3.09967e-05
3.09967e-05
3.09967e-05
3.09967e-05
3.09967e-05
3.09967e-05
3.09967e-05
3.09967e-05
3.09967e-05
3.09967e-05
3.09967e-05
3.09967e-05
3.09967e-05
3.09967e-05
3.09967e-05
3.09967e-05
3.09967e-05
3.09967e-05
3.09967e-05
3.09967e-05
3.09967e-05
3.09967e-05
3.09967e-05
3.09967e-05
3.09967e-05
3.09967e-05
3.09967e-05
3.09967e-05
3.09967e-05
3.09967e-05
3.09967e-05
3.09967e-05
3.09967e-05
3.09967e-05
3.09967e-05
3.09967e-05
3.09967e-05
3.09967e-05
3.09967e-05
3.09967e-05
3.09967e-05
3.09967e-05
3.09967e-05
3.09967e-05
3.09967e-05
3.09967e-05
3.09967e-05
3.09967e-05
3.09967e-05
3.09967e-05
3.09967e-05
3.09967e-05
3.09967e-05
3.09967e-05
3.09967e-05
3.09967e-05
3.09967e-05
3.09967e-05
3.09967e-05
3.09967e-05
3.09967e-05
3.09967e-05
3.09967e-05
3.09967e-05
3.09967e-05
3.09967e-05
3.09967e-05
3.09967e-05
3.09967e-05
3.09967e-05
3.09967e-05
3.09967e-05
3.09967e-05
3.09967e-05
3.09967e-05
3.09967e-05
3.09967e-05
3.09967e-05
3.09967e-05
3.09967e-05
3.09967e-05
3.09967e-05
3.09967e-05
3.09967e-05
3.09967e-05
3.09967e-05
3.09967e-05
3.09967e-05
3.09967e-05
3.09967e-05
3.09967e-05
3.09967e-05
3.09967e-05
3.09967e-05
3.09967e-05
3.09967e-05
3.09967e-05
3.09967e-05
3.09967e-05
3.09967e-05
3.09967e-05
3.09967e-05
3.09967e-05
3.09967e-05
3.09967e-05
3.09967e-05
3.09967e-05
3.09967e-05
3.09967e-05
3.09967e-05
3.09967e-05
3.09967e-05
3.09967e-05
3.09967e-05
3.09967e-05
3.09967e-05
3.09967e-05
3.09967e-05
3.09967e-05
3.09967e-05
3.09967e-05
3.09967e-05
3.09967e-05
3.09967e-05
3.09967e-05
3.09967e-05
3.09967e-05
3.09967e-05
3.09967e-05
3.09967e-05
3.09967e-05
3.09967e-05
3.09967e-05
3.09967e-05
3.09967e-05
3.09967e-05
3.09967e-05
3.09967e-05
3.09967e-05
3.09967e-05
3.09967e-05
3.09967e-05
3.09967e-05
3.09967e-05
3.09967e-05
3.09967e-05
3.09967e-05
3.09967e-05
3.09967e-05
3.09967e-05
3.09967e-05
3.09967e-05
3.09967e-05
3.09967e-05
3.09967e-05
3.09967e-05
3.09967e-05
3.09967e-05
3.09967e-05
3.09967e-05
3.09967e-05
3.09967e-05
3.09967e-05
3.09967e-05
3.09967e-05
3.09967e-05
3.09967e-05
3.09967e-05
3.09967e-05
3.09967e-05
3.09967e-05
3.09967e-05
3.09967e-05
3.09967e-05
3.09967e-05
3.09967e-05
3.09967e-05
3.09967e-05
3.09967e-05
3.09967e-05
3.09967e-05
3.09967e-05
3.09967e-05
3.09967e-05
3.09967e-05
3.09967e-05
3.09967e-05
3.09967e-05
3.09967e-05
3.09967e-05
3.09967e-05
3.09967e-05
3.09967e-05
3.09967e-05
3.09967e-05
3.09967e-05
3.09965e-05
3.09965e-05
3.09965e-05
3.09965e-05
3.09965e-05
3.09965e-05
3.09965e-05
3.09965e-05
3.09965e-05
3.09965e-05
3.09965e-05
3.09965e-05
3.09965e-05
3.09965e-05
3.09965e-05
3.09965e-05
3.09965e-05
3.09965e-05
3.09965e-05
3.09965e-05
3.09965e-05
3.09965e-05
3.09965e-05
3.09965e-05
3.09965e-05
3.09965e-05
3.09965e-05
3.09965e-05
3.09965e-05
3.09965e-05
3.09965e-05
3.09965e-05
3.09965e-05
3.09965e-05
3.09965e-05
3.09965e-05
3.09965e-05
3.09965e-05
3.09965e-05
3.09965e-05
3.09965e-05
3.09965e-05
3.09965e-05
3.09965e-05
3.09965e-05
3.09965e-05
3.09965e-05
3.09965e-05
3.09965e-05
3.09965e-05
3.09965e-05
3.09965e-05
3.09965e-05
3.09965e-05
3.09965e-05
3.09965e-05
3.09965e-05
3.09965e-05
3.09965e-05
3.09965e-05
3.09965e-05
3.09965e-05
3.09965e-05
3.09965e-05
3.09965e-05
3.09965e-05
3.09965e-05
3.09965e-05
3.09965e-05
3.09965e-05
3.09965e-05
3.09965e-05
3.09965e-05
3.09965e-05
3.09965e-05
3.09965e-05
3.09965e-05
3.09965e-05
3.09965e-05
3.09965e-05
3.09965e-05
3.09965e-05
3.09965e-05
3.09965e-05
3.09965e-05
3.09965e-05
3.09965e-05
3.09965e-05
3.09965e-05
3.09965e-05
3.09965e-05
3.09965e-05
3.09965e-05
3.09965e-05
3.09965e-05
3.09965e-05
3.09965e-05
3.09965e-05
3.09965e-05
3.09965e-05
3.09965e-05
3.09965e-05
3.09965e-05
3.09965e-05
3.09965e-05
3.09965e-05
3.09965e-05
3.09965e-05
3.09965e-05
3.09965e-05
3.09965e-05
3.09965e-05
3.09965e-05
3.09965e-05
3.09965e-05
3.09965e-05
3.09965e-05
3.09965e-05
3.09965e-05
3.09965e-05
3.09965e-05
3.09965e-05
3.09965e-05
3.09965e-05
3.09965e-05
3.09965e-05
3.09965e-05
3.09965e-05
3.09965e-05
3.09965e-05
3.09965e-05
3.09965e-05
3.09965e-05
3.09965e-05
3.09965e-05
3.09965e-05
3.09965e-05
3.09965e-05
3.09965e-05
3.09965e-05
3.09965e-05
3.09965e-05
3.09965e-05
3.09965e-05
3.09965e-05
3.09965e-05
3.09965e-05
3.09965e-05
3.09965e-05
3.09965e-05
3.09965e-05
3.09965e-05
3.09965e-05
3.09965e-05
3.09965e-05
3.09965e-05
3.09965e-05
3.09965e-05
3.09965e-05
3.09965e-05
3.09965e-05
3.09965e-05
3.09965e-05
3.09965e-05
3.09965e-05
3.09965e-05
3.09965e-05
3.09965e-05
3.09965e-05
3.09965e-05
3.09965e-05
3.09965e-05
3.09965e-05
3.09965e-05
3.09965e-05
3.09965e-05
3.09965e-05
3.09965e-05
3.09965e-05
3.09965e-05
3.09965e-05
3.09965e-05
3.09965e-05
3.09965e-05
3.09965e-05
3.09965e-05
3.09965e-05
3.09965e-05
3.09965e-05
3.09965e-05
3.09965e-05
3.09965e-05
3.09965e-05
3.09965e-05
3.09965e-05
3.09965e-05
3.09965e-05
3.09965e-05
3.09965e-05
3.09965e-05
3.09964e-05
3.09964e-05
3.09964e-05
3.09964e-05
3.09964e-05
3.09964e-05
3.09964e-05
3.09964e-05
3.09964e-05
3.09964e-05
3.09964e-05
3.09964e-05
3.09964e-05
3.09964e-05
3.09964e-05
3.09964e-05
3.09964e-05
3.09964e-05
3.09964e-05
3.09964e-05
3.09964e-05
3.09964e-05
3.09964e-05
3.09964e-05
3.09964e-05
3.09964e-05
3.09964e-05
3.09964e-05
3.09964e-05
3.09964e-05
3.09964e-05
3.09964e-05
3.09964e-05
3.09964e-05
3.09964e-05
3.09964e-05
3.09964e-05
3.09964e-05
3.09964e-05
3.09964e-05
3.09964e-05
3.09964e-05
3.09964e-05
3.09964e-05
3.09964e-05
3.09964e-05
3.09964e-05
3.09964e-05
3.09964e-05
3.09964e-05
3.09964e-05
3.09964e-05
3.09964e-05
3.09964e-05
3.09964e-05
3.09964e-05
3.09964e-05
3.09964e-05
3.09964e-05
3.09964e-05
3.09964e-05
3.09964e-05
3.09964e-05
3.09964e-05
3.09964e-05
3.09964e-05
3.09964e-05
3.09964e-05
3.09964e-05
3.09964e-05
3.09964e-05
3.09964e-05
3.09964e-05
3.09964e-05
3.09964e-05
3.09964e-05
3.09964e-05
3.09964e-05
3.09964e-05
3.09964e-05
3.09964e-05
3.09964e-05
3.09964e-05
3.09964e-05
3.09964e-05
3.09964e-05
3.09964e-05
3.09964e-05
3.09964e-05
3.09964e-05
3.09964e-05
3.09964e-05
3.09964e-05
3.09964e-05
3.09964e-05
3.09964e-05
3.09964e-05
3.09964e-05
3.09964e-05
3.09964e-05
3.09964e-05
3.09964e-05
3.09964e-05
3.09964e-05
3.09964e-05
3.09964e-05
3.09964e-05
3.09964e-05
3.09964e-05
3.09964e-05
3.09964e-05
3.09964e-05
3.09964e-05
3.09964e-05
3.09964e-05
3.09964e-05
3.09964e-05
3.09964e-05
3.09964e-05
3.09964e-05
3.09964e-05
3.09964e-05
3.09964e-05
3.09964e-05
3.09964e-05
3.09964e-05
3.09964e-05
3.09964e-05
3.09964e-05
3.09964e-05
3.09964e-05
3.09964e-05
3.09964e-05
3.09964e-05
3.09964e-05
3.09964e-05
3.09964e-05
3.09964e-05
3.09964e-05
3.09964e-05
3.09964e-05
3.09964e-05
3.09964e-05
3.09964e-05
3.09964e-05
3.09964e-05
3.09964e-05
3.09964e-05
3.09964e-05
3.09964e-05
3.09964e-05
3.09964e-05
3.09964e-05
3.09964e-05
3.09964e-05
3.09964e-05
3.09964e-05
3.09964e-05
3.09964e-05
3.09964e-05
3.09964e-05
3.09964e-05
3.09964e-05
3.09964e-05
3.09964e-05
3.09964e-05
3.09964e-05
3.09964e-05
3.09964e-05
3.09964e-05
3.09964e-05
3.09964e-05
3.09964e-05
3.09964e-05
3.09964e-05
3.09964e-05
3.09964e-05
3.09964e-05
3.09964e-05
3.09964e-05
3.09964e-05
3.09964e-05
3.09964e-05
3.09964e-05
3.09964e-05
3.09964e-05
3.09964e-05
3.09964e-05
3.09964e-05
3.09964e-05
3.09964e-05
3.09964e-05
3.09964e-05
3.09964e-05
3.09964e-05
3.09964e-05
3.09964e-05
3.09964e-05
3.09964e-05
3.09964e-05
3.09965e-05
3.09965e-05
3.09965e-05
3.09965e-05
3.09965e-05
3.09965e-05
3.09965e-05
3.09965e-05
3.09965e-05
3.09965e-05
3.09965e-05
3.09965e-05
3.09965e-05
3.09965e-05
3.09965e-05
3.09965e-05
3.09965e-05
3.09965e-05
3.09965e-05
3.09965e-05
3.09965e-05
3.09965e-05
3.09965e-05
3.09965e-05
3.09965e-05
3.09965e-05
3.09965e-05
3.09965e-05
3.09965e-05
3.09965e-05
3.09965e-05
3.09965e-05
3.09965e-05
3.09965e-05
3.09965e-05
3.09965e-05
3.09965e-05
3.09965e-05
3.09965e-05
3.09965e-05
3.09965e-05
3.09965e-05
3.09965e-05
3.09965e-05
3.09965e-05
3.09965e-05
3.09965e-05
3.09965e-05
3.09965e-05
3.09965e-05
3.09965e-05
3.09965e-05
3.09965e-05
3.09965e-05
3.09965e-05
3.09965e-05
3.09965e-05
3.09965e-05
3.09965e-05
3.09965e-05
3.09965e-05
3.09965e-05
3.09965e-05
3.09965e-05
3.09965e-05
3.09965e-05
3.09965e-05
3.09965e-05
3.09965e-05
3.09965e-05
3.09965e-05
3.09965e-05
3.09965e-05
3.09965e-05
3.09965e-05
3.09965e-05
3.09965e-05
3.09965e-05
3.09965e-05
3.09965e-05
3.09965e-05
3.09965e-05
3.09965e-05
3.09965e-05
3.09965e-05
3.09965e-05
3.09965e-05
3.09965e-05
3.09965e-05
3.09965e-05
3.09965e-05
3.09965e-05
3.09965e-05
3.09965e-05
3.09965e-05
3.09965e-05
3.09965e-05
3.09965e-05
3.09965e-05
3.09965e-05
3.09965e-05
3.09965e-05
3.09965e-05
3.09965e-05
3.09965e-05
3.09965e-05
3.09965e-05
3.09965e-05
3.09965e-05
3.09965e-05
3.09965e-05
3.09965e-05
3.09965e-05
3.09965e-05
3.09965e-05
3.09965e-05
3.09965e-05
3.09965e-05
3.09965e-05
3.09965e-05
3.09965e-05
3.09965e-05
3.09965e-05
3.09965e-05
3.09965e-05
3.09965e-05
3.09965e-05
3.09965e-05
3.09965e-05
3.09965e-05
3.09965e-05
3.09965e-05
3.09965e-05
3.09965e-05
3.09965e-05
3.09965e-05
3.09965e-05
3.09965e-05
3.09965e-05
3.09965e-05
3.09965e-05
3.09965e-05
3.09965e-05
3.09965e-05
3.09965e-05
3.09965e-05
3.09965e-05
3.09965e-05
3.09965e-05
3.09965e-05
3.09965e-05
3.09965e-05
3.09965e-05
3.09965e-05
3.09965e-05
3.09965e-05
3.09965e-05
3.09965e-05
3.09965e-05
3.09965e-05
3.09965e-05
3.09965e-05
3.09965e-05
3.09965e-05
3.09965e-05
3.09965e-05
3.09965e-05
3.09965e-05
3.09965e-05
3.09965e-05
3.09965e-05
3.09965e-05
3.09965e-05
3.09965e-05
3.09965e-05
3.09965e-05
3.09965e-05
3.09965e-05
3.09965e-05
3.09965e-05
3.09965e-05
3.09965e-05
3.09965e-05
3.09965e-05
3.09965e-05
3.09965e-05
3.09965e-05
3.09965e-05
3.09965e-05
3.09965e-05
3.09965e-05
3.09965e-05
3.09965e-05
3.09965e-05
3.09965e-05
3.09965e-05
3.09965e-05
3.09965e-05
3.09965e-05
3.09965e-05
3.09966e-05
3.09966e-05
3.09966e-05
3.09966e-05
3.09966e-05
3.09966e-05
3.09966e-05
3.09966e-05
3.09966e-05
3.09966e-05
3.09966e-05
3.09966e-05
3.09966e-05
3.09966e-05
3.09966e-05
3.09966e-05
3.09966e-05
3.09966e-05
3.09966e-05
3.09966e-05
3.09966e-05
3.09966e-05
3.09966e-05
3.09966e-05
3.09966e-05
3.09966e-05
3.09966e-05
3.09966e-05
3.09966e-05
3.09966e-05
3.09966e-05
3.09966e-05
3.09966e-05
3.09966e-05
3.09966e-05
3.09966e-05
3.09966e-05
3.09966e-05
3.09966e-05
3.09966e-05
3.09966e-05
3.09966e-05
3.09966e-05
3.09966e-05
3.09966e-05
3.09966e-05
3.09966e-05
3.09966e-05
3.09966e-05
3.09966e-05
3.09966e-05
3.09966e-05
3.09966e-05
3.09966e-05
3.09966e-05
3.09966e-05
3.09966e-05
3.09966e-05
3.09966e-05
3.09966e-05
3.09966e-05
3.09966e-05
3.09966e-05
3.09966e-05
3.09966e-05
3.09966e-05
3.09966e-05
3.09966e-05
3.09966e-05
3.09966e-05
3.09966e-05
3.09966e-05
3.09966e-05
3.09966e-05
3.09966e-05
3.09966e-05
3.09966e-05
3.09966e-05
3.09966e-05
3.09966e-05
3.09966e-05
3.09966e-05
3.09966e-05
3.09966e-05
3.09966e-05
3.09966e-05
3.09966e-05
3.09966e-05
3.09966e-05
3.09966e-05
3.09966e-05
3.09966e-05
3.09966e-05
3.09966e-05
3.09966e-05
3.09966e-05
3.09966e-05
3.09966e-05
3.09966e-05
3.09966e-05
3.09966e-05
3.09966e-05
3.09966e-05
3.09966e-05
3.09966e-05
3.09966e-05
3.09966e-05
3.09966e-05
3.09966e-05
3.09966e-05
3.09966e-05
3.09966e-05
3.09966e-05
3.09966e-05
3.09966e-05
3.09966e-05
3.09966e-05
3.09966e-05
3.09966e-05
3.09966e-05
3.09966e-05
3.09966e-05
3.09966e-05
3.09966e-05
3.09966e-05
3.09966e-05
3.09966e-05
3.09966e-05
3.09966e-05
3.09966e-05
3.09966e-05
3.09966e-05
3.09966e-05
3.09966e-05
3.09966e-05
3.09966e-05
3.09966e-05
3.09966e-05
3.09966e-05
3.09966e-05
3.09966e-05
3.09966e-05
3.09966e-05
3.09966e-05
3.09966e-05
3.09966e-05
3.09966e-05
3.09966e-05
3.09966e-05
3.09966e-05
3.09966e-05
3.09966e-05
3.09966e-05
3.09966e-05
3.09966e-05
3.09966e-05
3.09966e-05
3.09966e-05
3.09966e-05
3.09966e-05
3.09966e-05
3.09966e-05
3.09966e-05
3.09966e-05
3.09966e-05
3.09966e-05
3.09966e-05
3.09966e-05
3.09966e-05
3.09966e-05
3.09966e-05
3.09966e-05
3.09966e-05
3.09966e-05
3.09966e-05
3.09966e-05
3.09966e-05
3.09966e-05
3.09966e-05
3.09966e-05
3.09966e-05
3.09966e-05
3.09966e-05
3.09966e-05
3.09966e-05
3.09966e-05
3.09966e-05
3.09966e-05
3.09966e-05
3.09966e-05
3.09966e-05
3.09966e-05
3.09966e-05
3.09966e-05
3.09966e-05
3.09966e-05
3.09966e-05
3.09966e-05
3.09966e-05
3.09966e-05
3.09968e-05
3.09968e-05
3.09968e-05
3.09968e-05
3.09968e-05
3.09968e-05
3.09968e-05
3.09968e-05
3.09968e-05
3.09968e-05
3.09968e-05
3.09968e-05
3.09968e-05
3.09968e-05
3.09968e-05
3.09968e-05
3.09968e-05
3.09968e-05
3.09968e-05
3.09968e-05
3.09968e-05
3.09968e-05
3.09968e-05
3.09968e-05
3.09968e-05
3.09968e-05
3.09968e-05
3.09968e-05
3.09968e-05
3.09968e-05
3.09968e-05
3.09968e-05
3.09968e-05
3.09968e-05
3.09968e-05
3.09968e-05
3.09968e-05
3.09968e-05
3.09968e-05
3.09968e-05
3.09968e-05
3.09968e-05
3.09968e-05
3.09968e-05
3.09968e-05
3.09968e-05
3.09968e-05
3.09968e-05
3.09968e-05
3.09968e-05
3.09968e-05
3.09968e-05
3.09968e-05
3.09968e-05
3.09968e-05
3.09968e-05
3.09968e-05
3.09968e-05
3.09968e-05
3.09968e-05
3.09968e-05
3.09968e-05
3.09968e-05
3.09968e-05
3.09968e-05
3.09968e-05
3.09968e-05
3.09968e-05
3.09968e-05
3.09968e-05
3.09968e-05
3.09968e-05
3.09968e-05
3.09968e-05
3.09968e-05
3.09968e-05
3.09968e-05
3.09968e-05
3.09968e-05
3.09968e-05
3.09968e-05
3.09968e-05
3.09968e-05
3.09968e-05
3.09968e-05
3.09968e-05
3.09968e-05
3.09968e-05
3.09968e-05
3.09968e-05
3.09968e-05
3.09968e-05
3.09968e-05
3.09968e-05
3.09968e-05
3.09968e-05
3.09968e-05
3.09968e-05
3.09968e-05
3.09968e-05
3.09968e-05
3.09968e-05
3.09968e-05
3.09968e-05
3.09968e-05
3.09968e-05
3.09968e-05
3.09968e-05
3.09968e-05
3.09968e-05
3.09968e-05
3.09968e-05
3.09968e-05
3.09968e-05
3.09968e-05
3.09968e-05
3.09968e-05
3.09968e-05
3.09968e-05
3.09968e-05
3.09968e-05
3.09968e-05
3.09968e-05
3.09968e-05
3.09968e-05
3.09968e-05
3.09968e-05
3.09968e-05
3.09968e-05
3.09968e-05
3.09968e-05
3.09968e-05
3.09968e-05
3.09968e-05
3.09968e-05
3.09968e-05
3.09968e-05
3.09968e-05
3.09968e-05
3.09968e-05
3.09968e-05
3.09968e-05
3.09968e-05
3.09968e-05
3.09968e-05
3.09968e-05
3.09968e-05
3.09968e-05
3.09968e-05
3.09968e-05
3.09968e-05
3.09968e-05
3.09968e-05
3.09968e-05
3.09968e-05
3.09968e-05
3.09968e-05
3.09968e-05
3.09968e-05
3.09968e-05
3.09968e-05
3.09968e-05
3.09968e-05
3.09968e-05
3.09968e-05
3.09968e-05
3.09968e-05
3.09968e-05
3.09968e-05
3.09968e-05
3.09968e-05
3.09968e-05
3.09968e-05
3.09968e-05
3.09968e-05
3.09968e-05
3.09968e-05
3.09968e-05
3.09968e-05
3.09968e-05
3.09968e-05
3.09968e-05
3.09968e-05
3.09968e-05
3.09968e-05
3.09968e-05
3.09968e-05
3.09968e-05
3.09968e-05
3.09968e-05
3.09968e-05
3.09968e-05
3.09968e-05
3.09968e-05
3.09968e-05
3.09968e-05
3.09968e-05
3.09968e-05
3.09968e-05
3.09968e-05
3.09972e-05
3.09972e-05
3.09972e-05
3.09972e-05
3.09972e-05
3.09972e-05
3.09972e-05
3.09972e-05
3.09972e-05
3.09972e-05
3.09972e-05
3.09972e-05
3.09972e-05
3.09972e-05
3.09972e-05
3.09972e-05
3.09972e-05
3.09972e-05
3.09972e-05
3.09972e-05
3.09972e-05
3.09972e-05
3.09972e-05
3.09972e-05
3.09972e-05
3.09972e-05
3.09972e-05
3.09972e-05
3.09972e-05
3.09972e-05
3.09972e-05
3.09972e-05
3.09972e-05
3.09972e-05
3.09972e-05
3.09972e-05
3.09972e-05
3.09972e-05
3.09972e-05
3.09972e-05
3.09972e-05
3.09972e-05
3.09972e-05
3.09972e-05
3.09972e-05
3.09972e-05
3.09972e-05
3.09972e-05
3.09972e-05
3.09972e-05
3.09972e-05
3.09972e-05
3.09972e-05
3.09972e-05
3.09972e-05
3.09972e-05
3.09972e-05
3.09972e-05
3.09972e-05
3.09972e-05
3.09972e-05
3.09972e-05
3.09972e-05
3.09972e-05
3.09972e-05
3.09972e-05
3.09972e-05
3.09972e-05
3.09972e-05
3.09972e-05
3.09972e-05
3.09972e-05
3.09972e-05
3.09972e-05
3.09972e-05
3.09972e-05
3.09972e-05
3.09972e-05
3.09972e-05
3.09972e-05
3.09972e-05
3.09972e-05
3.09972e-05
3.09972e-05
3.09972e-05
3.09972e-05
3.09972e-05
3.09972e-05
3.09972e-05
3.09972e-05
3.09972e-05
3.09972e-05
3.09972e-05
3.09972e-05
3.09972e-05
3.09972e-05
3.09972e-05
3.09972e-05
3.09972e-05
3.09972e-05
3.09972e-05
3.09972e-05
3.09972e-05
3.09972e-05
3.09972e-05
3.09972e-05
3.09972e-05
3.09972e-05
3.09972e-05
3.09972e-05
3.09972e-05
3.09972e-05
3.09972e-05
3.09972e-05
3.09972e-05
3.09972e-05
3.09972e-05
3.09972e-05
3.09972e-05
3.09972e-05
3.09972e-05
3.09972e-05
3.09972e-05
3.09972e-05
3.09972e-05
3.09972e-05
3.09972e-05
3.09972e-05
3.09972e-05
3.09972e-05
3.09972e-05
3.09972e-05
3.09972e-05
3.09972e-05
3.09972e-05
3.09972e-05
3.09972e-05
3.09972e-05
3.09972e-05
3.09972e-05
3.09972e-05
3.09972e-05
3.09972e-05
3.09972e-05
3.09972e-05
3.09972e-05
3.09972e-05
3.09972e-05
3.09972e-05
3.09972e-05
3.09972e-05
3.09972e-05
3.09972e-05
3.09972e-05
3.09972e-05
3.09972e-05
3.09972e-05
3.09972e-05
3.09972e-05
3.09972e-05
3.09972e-05
3.09972e-05
3.09972e-05
3.09972e-05
3.09972e-05
3.09972e-05
3.09972e-05
3.09972e-05
3.09972e-05
3.09972e-05
3.09972e-05
3.09972e-05
3.09972e-05
3.09972e-05
3.09972e-05
3.09972e-05
3.09972e-05
3.09972e-05
3.09972e-05
3.09972e-05
3.09972e-05
3.09972e-05
3.09972e-05
3.09972e-05
3.09972e-05
3.09972e-05
3.09972e-05
3.09972e-05
3.09972e-05
3.09972e-05
3.09972e-05
3.09972e-05
3.09972e-05
3.09972e-05
3.09972e-05
3.09972e-05
3.09972e-05
3.09972e-05
3.09972e-05
3.09972e-05
3.09978e-05
3.09978e-05
3.09978e-05
3.09978e-05
3.09978e-05
3.09978e-05
3.09978e-05
3.09978e-05
3.09978e-05
3.09978e-05
3.09978e-05
3.09978e-05
3.09978e-05
3.09978e-05
3.09978e-05
3.09978e-05
3.09978e-05
3.09978e-05
3.09978e-05
3.09978e-05
3.09978e-05
3.09978e-05
3.09978e-05
3.09978e-05
3.09978e-05
3.09978e-05
3.09978e-05
3.09978e-05
3.09978e-05
3.09978e-05
3.09978e-05
3.09978e-05
3.09978e-05
3.09978e-05
3.09978e-05
3.09978e-05
3.09978e-05
3.09978e-05
3.09978e-05
3.09978e-05
3.09978e-05
3.09978e-05
3.09978e-05
3.09978e-05
3.09978e-05
3.09978e-05
3.09978e-05
3.09978e-05
3.09978e-05
3.09978e-05
3.09978e-05
3.09978e-05
3.09978e-05
3.09978e-05
3.09978e-05
3.09978e-05
3.09978e-05
3.09978e-05
3.09978e-05
3.09978e-05
3.09978e-05
3.09978e-05
3.09978e-05
3.09978e-05
3.09978e-05
3.09978e-05
3.09978e-05
3.09978e-05
3.09978e-05
3.09978e-05
3.09978e-05
3.09978e-05
3.09978e-05
3.09978e-05
3.09978e-05
3.09978e-05
3.09978e-05
3.09978e-05
3.09978e-05
3.09978e-05
3.09978e-05
3.09978e-05
3.09978e-05
3.09978e-05
3.09978e-05
3.09978e-05
3.09978e-05
3.09978e-05
3.09978e-05
3.09978e-05
3.09978e-05
3.09978e-05
3.09978e-05
3.09978e-05
3.09978e-05
3.09978e-05
3.09978e-05
3.09978e-05
3.09978e-05
3.09978e-05
3.09978e-05
3.09978e-05
3.09978e-05
3.09978e-05
3.09978e-05
3.09978e-05
3.09978e-05
3.09978e-05
3.09978e-05
3.09978e-05
3.09978e-05
3.09978e-05
3.09978e-05
3.09978e-05
3.09978e-05
3.09978e-05
3.09978e-05
3.09978e-05
3.09978e-05
3.09978e-05
3.09978e-05
3.09978e-05
3.09978e-05
3.09978e-05
3.09978e-05
3.09978e-05
3.09978e-05
3.09978e-05
3.09978e-05
3.09978e-05
3.09978e-05
3.09978e-05
3.09978e-05
3.09978e-05
3.09978e-05
3.09978e-05
3.09978e-05
3.09978e-05
3.09978e-05
3.09978e-05
3.09978e-05
3.09978e-05
3.09978e-05
3.09978e-05
3.09978e-05
3.09978e-05
3.09978e-05
3.09978e-05
3.09978e-05
3.09978e-05
3.09978e-05
3.09978e-05
3.09978e-05
3.09978e-05
3.09978e-05
3.09978e-05
3.09978e-05
3.09978e-05
3.09978e-05
3.09978e-05
3.09978e-05
3.09978e-05
3.09978e-05
3.09978e-05
3.09978e-05
3.09978e-05
3.09978e-05
3.09978e-05
3.09978e-05
3.09978e-05
3.09978e-05
3.09978e-05
3.09978e-05
3.09978e-05
3.09978e-05
3.09978e-05
3.09978e-05
3.09978e-05
3.09978e-05
3.09978e-05
3.09978e-05
3.09978e-05
3.09978e-05
3.09978e-05
3.09978e-05
3.09978e-05
3.09978e-05
3.09978e-05
3.09978e-05
3.09978e-05
3.09978e-05
3.09978e-05
3.09978e-05
3.09978e-05
3.09978e-05
3.09978e-05
3.09978e-05
3.09978e-05
3.09978e-05
3.09978e-05
3.09986e-05
3.09986e-05
3.09986e-05
3.09986e-05
3.09986e-05
3.09986e-05
3.09986e-05
3.09986e-05
3.09986e-05
3.09986e-05
3.09986e-05
3.09986e-05
3.09986e-05
3.09986e-05
3.09986e-05
3.09986e-05
3.09986e-05
3.09986e-05
3.09986e-05
3.09986e-05
3.09986e-05
3.09986e-05
3.09986e-05
3.09986e-05
3.09986e-05
3.09986e-05
3.09986e-05
3.09986e-05
3.09986e-05
3.09986e-05
3.09986e-05
3.09986e-05
3.09986e-05
3.09986e-05
3.09986e-05
3.09986e-05
3.09986e-05
3.09986e-05
3.09986e-05
3.09986e-05
3.09986e-05
3.09986e-05
3.09986e-05
3.09986e-05
3.09986e-05
3.09986e-05
3.09986e-05
3.09986e-05
3.09986e-05
3.09986e-05
3.09986e-05
3.09986e-05
3.09986e-05
3.09986e-05
3.09986e-05
3.09986e-05
3.09986e-05
3.09986e-05
3.09986e-05
3.09986e-05
3.09986e-05
3.09986e-05
3.09986e-05
3.09986e-05
3.09986e-05
3.09986e-05
3.09986e-05
3.09986e-05
3.09986e-05
3.09986e-05
3.09986e-05
3.09986e-05
3.09986e-05
3.09986e-05
3.09986e-05
3.09986e-05
3.09986e-05
3.09986e-05
3.09986e-05
3.09986e-05
3.09986e-05
3.09986e-05
3.09986e-05
3.09986e-05
3.09986e-05
3.09986e-05
3.09986e-05
3.09986e-05
3.09986e-05
3.09986e-05
3.09986e-05
3.09986e-05
3.09986e-05
3.09986e-05
3.09986e-05
3.09986e-05
3.09986e-05
3.09986e-05
3.09986e-05
3.09986e-05
3.09986e-05
3.09986e-05
3.09986e-05
3.09986e-05
3.09986e-05
3.09986e-05
3.09986e-05
3.09986e-05
3.09986e-05
3.09986e-05
3.09986e-05
3.09986e-05
3.09986e-05
3.09986e-05
3.09986e-05
3.09986e-05
3.09986e-05
3.09986e-05
3.09986e-05
3.09986e-05
3.09986e-05
3.09986e-05
3.09986e-05
3.09986e-05
3.09986e-05
3.09986e-05
3.09986e-05
3.09986e-05
3.09986e-05
3.09986e-05
3.09986e-05
3.09986e-05
3.09986e-05
3.09986e-05
3.09986e-05
3.09986e-05
3.09986e-05
3.09986e-05
3.09986e-05
3.09986e-05
3.09986e-05
3.09986e-05
3.09986e-05
3.09986e-05
3.09986e-05
3.09986e-05
3.09986e-05
3.09986e-05
3.09986e-05
3.09986e-05
3.09986e-05
3.09986e-05
3.09986e-05
3.09986e-05
3.09986e-05
3.09986e-05
3.09986e-05
3.09986e-05
3.09986e-05
3.09986e-05
3.09986e-05
3.09986e-05
3.09986e-05
3.09986e-05
3.09986e-05
3.09986e-05
3.09986e-05
3.09986e-05
3.09986e-05
3.09986e-05
3.09986e-05
3.09986e-05
3.09986e-05
3.09986e-05
3.09986e-05
3.09986e-05
3.09986e-05
3.09986e-05
3.09986e-05
3.09986e-05
3.09986e-05
3.09986e-05
3.09986e-05
3.09986e-05
3.09986e-05
3.09986e-05
3.09986e-05
3.09986e-05
3.09986e-05
3.09986e-05
3.09986e-05
3.09986e-05
3.09986e-05
3.09986e-05
3.09986e-05
3.09986e-05
3.09986e-05
3.09986e-05
3.09986e-05
3.09986e-05
3.09998e-05
3.09998e-05
3.09998e-05
3.09998e-05
3.09998e-05
3.09998e-05
3.09998e-05
3.09998e-05
3.09998e-05
3.09998e-05
3.09998e-05
3.09998e-05
3.09998e-05
3.09998e-05
3.09998e-05
3.09998e-05
3.09998e-05
3.09998e-05
3.09998e-05
3.09998e-05
3.09998e-05
3.09998e-05
3.09998e-05
3.09998e-05
3.09998e-05
3.09998e-05
3.09998e-05
3.09998e-05
3.09998e-05
3.09998e-05
3.09998e-05
3.09998e-05
3.09998e-05
3.09998e-05
3.09998e-05
3.09998e-05
3.09998e-05
3.09998e-05
3.09998e-05
3.09998e-05
3.09998e-05
3.09998e-05
3.09998e-05
3.09998e-05
3.09998e-05
3.09998e-05
3.09998e-05
3.09998e-05
3.09998e-05
3.09998e-05
3.09998e-05
3.09998e-05
3.09998e-05
3.09998e-05
3.09998e-05
3.09998e-05
3.09998e-05
3.09998e-05
3.09998e-05
3.09998e-05
3.09998e-05
3.09998e-05
3.09998e-05
3.09998e-05
3.09998e-05
3.09998e-05
3.09998e-05
3.09998e-05
3.09998e-05
3.09998e-05
3.09998e-05
3.09998e-05
3.09998e-05
3.09998e-05
3.09998e-05
3.09998e-05
3.09998e-05
3.09998e-05
3.09998e-05
3.09998e-05
3.09998e-05
3.09998e-05
3.09998e-05
3.09998e-05
3.09998e-05
3.09998e-05
3.09998e-05
3.09998e-05
3.09998e-05
3.09998e-05
3.09998e-05
3.09998e-05
3.09998e-05
3.09998e-05
3.09998e-05
3.09998e-05
3.09998e-05
3.09998e-05
3.09998e-05
3.09998e-05
3.09998e-05
3.09998e-05
3.09998e-05
3.09998e-05
3.09998e-05
3.09998e-05
3.09998e-05
3.09998e-05
3.09998e-05
3.09998e-05
3.09998e-05
3.09998e-05
3.09998e-05
3.09998e-05
3.09998e-05
3.09998e-05
3.09998e-05
3.09998e-05
3.09998e-05
3.09998e-05
3.09998e-05
3.09998e-05
3.09998e-05
3.09998e-05
3.09998e-05
3.09998e-05
3.09998e-05
3.09998e-05
3.09998e-05
3.09998e-05
3.09998e-05
3.09998e-05
3.09998e-05
3.09998e-05
3.09998e-05
3.09998e-05
3.09998e-05
3.09998e-05
3.09998e-05
3.09998e-05
3.09998e-05
3.09998e-05
3.09998e-05
3.09998e-05
3.09998e-05
3.09998e-05
3.09998e-05
3.09998e-05
3.09998e-05
3.09998e-05
3.09998e-05
3.09998e-05
3.09998e-05
3.09998e-05
3.09998e-05
3.09998e-05
3.09998e-05
3.09998e-05
3.09998e-05
3.09998e-05
3.09998e-05
3.09998e-05
3.09998e-05
3.09998e-05
3.09998e-05
3.09998e-05
3.09998e-05
3.09998e-05
3.09998e-05
3.09998e-05
3.09998e-05
3.09998e-05
3.09998e-05
3.09998e-05
3.09998e-05
3.09998e-05
3.09998e-05
3.09998e-05
3.09998e-05
3.09998e-05
3.09998e-05
3.09998e-05
3.09998e-05
3.09998e-05
3.09998e-05
3.09998e-05
3.09998e-05
3.09998e-05
3.09998e-05
3.09998e-05
3.09998e-05
3.09998e-05
3.09998e-05
3.09998e-05
3.09998e-05
3.09998e-05
3.09998e-05
3.09998e-05
3.09998e-05
3.09998e-05
3.10013e-05
3.10013e-05
3.10013e-05
3.10013e-05
3.10013e-05
3.10013e-05
3.10013e-05
3.10013e-05
3.10013e-05
3.10013e-05
3.10013e-05
3.10013e-05
3.10013e-05
3.10013e-05
3.10013e-05
3.10013e-05
3.10013e-05
3.10013e-05
3.10013e-05
3.10013e-05
3.10013e-05
3.10013e-05
3.10013e-05
3.10013e-05
3.10013e-05
3.10013e-05
3.10013e-05
3.10013e-05
3.10013e-05
3.10013e-05
3.10013e-05
3.10013e-05
3.10013e-05
3.10013e-05
3.10013e-05
3.10013e-05
3.10013e-05
3.10013e-05
3.10013e-05
3.10013e-05
3.10013e-05
3.10013e-05
3.10013e-05
3.10013e-05
3.10013e-05
3.10013e-05
3.10013e-05
3.10013e-05
3.10013e-05
3.10013e-05
3.10013e-05
3.10013e-05
3.10013e-05
3.10013e-05
3.10013e-05
3.10013e-05
3.10013e-05
3.10013e-05
3.10013e-05
3.10013e-05
3.10013e-05
3.10013e-05
3.10013e-05
3.10013e-05
3.10013e-05
3.10013e-05
3.10013e-05
3.10013e-05
3.10013e-05
3.10013e-05
3.10013e-05
3.10013e-05
3.10013e-05
3.10013e-05
3.10013e-05
3.10013e-05
3.10013e-05
3.10013e-05
3.10013e-05
3.10013e-05
3.10013e-05
3.10013e-05
3.10013e-05
3.10013e-05
3.10013e-05
3.10013e-05
3.10013e-05
3.10013e-05
3.10013e-05
3.10013e-05
3.10013e-05
3.10013e-05
3.10013e-05
3.10013e-05
3.10013e-05
3.10013e-05
3.10013e-05
3.10013e-05
3.10013e-05
3.10013e-05
3.10013e-05
3.10013e-05
3.10013e-05
3.10013e-05
3.10013e-05
3.10013e-05
3.10013e-05
3.10013e-05
3.10013e-05
3.10013e-05
3.10013e-05
3.10013e-05
3.10013e-05
3.10013e-05
3.10013e-05
3.10013e-05
3.10013e-05
3.10013e-05
3.10013e-05
3.10013e-05
3.10013e-05
3.10013e-05
3.10013e-05
3.10013e-05
3.10013e-05
3.10013e-05
3.10013e-05
3.10013e-05
3.10013e-05
3.10013e-05
3.10013e-05
3.10013e-05
3.10013e-05
3.10013e-05
3.10013e-05
3.10013e-05
3.10013e-05
3.10013e-05
3.10013e-05
3.10013e-05
3.10013e-05
3.10013e-05
3.10013e-05
3.10013e-05
3.10013e-05
3.10013e-05
3.10013e-05
3.10013e-05
3.10013e-05
3.10013e-05
3.10013e-05
3.10013e-05
3.10013e-05
3.10013e-05
3.10013e-05
3.10013e-05
3.10013e-05
3.10013e-05
3.10013e-05
3.10013e-05
3.10013e-05
3.10013e-05
3.10013e-05
3.10013e-05
3.10013e-05
3.10013e-05
3.10013e-05
3.10013e-05
3.10013e-05
3.10013e-05
3.10013e-05
3.10013e-05
3.10013e-05
3.10013e-05
3.10013e-05
3.10013e-05
3.10013e-05
3.10013e-05
3.10013e-05
3.10013e-05
3.10013e-05
3.10013e-05
3.10013e-05
3.10013e-05
3.10013e-05
3.10013e-05
3.10013e-05
3.10013e-05
3.10013e-05
3.10013e-05
3.10013e-05
3.10013e-05
3.10013e-05
3.10013e-05
3.10013e-05
3.10013e-05
3.10013e-05
3.10013e-05
3.10013e-05
3.10013e-05
3.10035e-05
3.10035e-05
3.10035e-05
3.10035e-05
3.10035e-05
3.10035e-05
3.10035e-05
3.10035e-05
3.10035e-05
3.10035e-05
3.10035e-05
3.10035e-05
3.10035e-05
3.10035e-05
3.10035e-05
3.10035e-05
3.10035e-05
3.10035e-05
3.10035e-05
3.10035e-05
3.10035e-05
3.10035e-05
3.10035e-05
3.10035e-05
3.10035e-05
3.10035e-05
3.10035e-05
3.10035e-05
3.10035e-05
3.10035e-05
3.10035e-05
3.10035e-05
3.10035e-05
3.10035e-05
3.10035e-05
3.10035e-05
3.10035e-05
3.10035e-05
3.10035e-05
3.10035e-05
3.10035e-05
3.10035e-05
3.10035e-05
3.10035e-05
3.10035e-05
3.10035e-05
3.10035e-05
3.10035e-05
3.10035e-05
3.10035e-05
3.10035e-05
3.10035e-05
3.10035e-05
3.10035e-05
3.10035e-05
3.10035e-05
3.10035e-05
3.10035e-05
3.10035e-05
3.10035e-05
3.10035e-05
3.10035e-05
3.10035e-05
3.10035e-05
3.10035e-05
3.10035e-05
3.10035e-05
3.10035e-05
3.10035e-05
3.10035e-05
3.10035e-05
3.10035e-05
3.10035e-05
3.10035e-05
3.10035e-05
3.10035e-05
3.10035e-05
3.10035e-05
3.10035e-05
3.10035e-05
3.10035e-05
3.10035e-05
3.10035e-05
3.10035e-05
3.10035e-05
3.10035e-05
3.10035e-05
3.10035e-05
3.10035e-05
3.10035e-05
3.10035e-05
3.10035e-05
3.10035e-05
3.10035e-05
3.10035e-05
3.10035e-05
3.10035e-05
3.10035e-05
3.10035e-05
3.10035e-05
3.10035e-05
3.10035e-05
3.10035e-05
3.10035e-05
3.10035e-05
3.10035e-05
3.10035e-05
3.10035e-05
3.10035e-05
3.10035e-05
3.10035e-05
3.10035e-05
3.10035e-05
3.10035e-05
3.10035e-05
3.10035e-05
3.10035e-05
3.10035e-05
3.10035e-05
3.10035e-05
3.10035e-05
3.10035e-05
3.10035e-05
3.10035e-05
3.10035e-05
3.10035e-05
3.10035e-05
3.10035e-05
3.10035e-05
3.10035e-05
3.10035e-05
3.10035e-05
3.10035e-05
3.10035e-05
3.10035e-05
3.10035e-05
3.10035e-05
3.10035e-05
3.10035e-05
3.10035e-05
3.10035e-05
3.10035e-05
3.10035e-05
3.10035e-05
3.10035e-05
3.10035e-05
3.10035e-05
3.10035e-05
3.10035e-05
3.10035e-05
3.10035e-05
3.10035e-05
3.10035e-05
3.10035e-05
3.10035e-05
3.10035e-05
3.10035e-05
3.10035e-05
3.10035e-05
3.10035e-05
3.10035e-05
3.10035e-05
3.10035e-05
3.10035e-05
3.10035e-05
3.10035e-05
3.10035e-05
3.10035e-05
3.10035e-05
3.10035e-05
3.10035e-05
3.10035e-05
3.10035e-05
3.10035e-05
3.10035e-05
3.10035e-05
3.10035e-05
3.10035e-05
3.10035e-05
3.10035e-05
3.10035e-05
3.10035e-05
3.10035e-05
3.10035e-05
3.10035e-05
3.10035e-05
3.10035e-05
3.10035e-05
3.10035e-05
3.10035e-05
3.10035e-05
3.10035e-05
3.10035e-05
3.10035e-05
3.10035e-05
3.10035e-05
3.10035e-05
3.10035e-05
3.10035e-05
3.10035e-05
3.10064e-05
3.10064e-05
3.10064e-05
3.10064e-05
3.10064e-05
3.10064e-05
3.10064e-05
3.10064e-05
3.10064e-05
3.10064e-05
3.10064e-05
3.10064e-05
3.10064e-05
3.10064e-05
3.10064e-05
3.10064e-05
3.10064e-05
3.10064e-05
3.10064e-05
3.10064e-05
3.10064e-05
3.10064e-05
3.10064e-05
3.10064e-05
3.10064e-05
3.10064e-05
3.10064e-05
3.10064e-05
3.10064e-05
3.10064e-05
3.10064e-05
3.10064e-05
3.10064e-05
3.10064e-05
3.10064e-05
3.10064e-05
3.10064e-05
3.10064e-05
3.10064e-05
3.10064e-05
3.10064e-05
3.10064e-05
3.10064e-05
3.10064e-05
3.10064e-05
3.10064e-05
3.10064e-05
3.10064e-05
3.10064e-05
3.10064e-05
3.10064e-05
3.10064e-05
3.10064e-05
3.10064e-05
3.10064e-05
3.10064e-05
3.10064e-05
3.10064e-05
3.10064e-05
3.10064e-05
3.10064e-05
3.10064e-05
3.10064e-05
3.10064e-05
3.10064e-05
3.10064e-05
3.10064e-05
3.10064e-05
3.10064e-05
3.10064e-05
3.10064e-05
3.10064e-05
3.10064e-05
3.10064e-05
3.10064e-05
3.10064e-05
3.10064e-05
3.10064e-05
3.10064e-05
3.10064e-05
3.10064e-05
3.10064e-05
3.10064e-05
3.10064e-05
3.10064e-05
3.10064e-05
3.10064e-05
3.10064e-05
3.10064e-05
3.10064e-05
3.10064e-05
3.10064e-05
3.10064e-05
3.10064e-05
3.10064e-05
3.10064e-05
3.10064e-05
3.10064e-05
3.10064e-05
3.10064e-05
3.10064e-05
3.10064e-05
3.10064e-05
3.10064e-05
3.10064e-05
3.10064e-05
3.10064e-05
3.10064e-05
3.10064e-05
3.10064e-05
3.10064e-05
3.10064e-05
3.10064e-05
3.10064e-05
3.10064e-05
3.10064e-05
3.10064e-05
3.10064e-05
3.10064e-05
3.10064e-05
3.10064e-05
3.10064e-05
3.10064e-05
3.10064e-05
3.10064e-05
3.10064e-05
3.10064e-05
3.10064e-05
3.10064e-05
3.10064e-05
3.10064e-05
3.10064e-05
3.10064e-05
3.10064e-05
3.10064e-05
3.10064e-05
3.10064e-05
3.10064e-05
3.10064e-05
3.10064e-05
3.10064e-05
3.10064e-05
3.10064e-05
3.10064e-05
3.10064e-05
3.10064e-05
3.10064e-05
3.10064e-05
3.10064e-05
3.10064e-05
3.10064e-05
3.10064e-05
3.10064e-05
3.10064e-05
3.10064e-05
3.10064e-05
3.10064e-05
3.10064e-05
3.10064e-05
3.10064e-05
3.10064e-05
3.10064e-05
3.10064e-05
3.10064e-05
3.10064e-05
3.10064e-05
3.10064e-05
3.10064e-05
3.10064e-05
3.10064e-05
3.10064e-05
3.10064e-05
3.10064e-05
3.10064e-05
3.10064e-05
3.10064e-05
3.10064e-05
3.10064e-05
3.10064e-05
3.10064e-05
3.10064e-05
3.10064e-05
3.10064e-05
3.10064e-05
3.10064e-05
3.10064e-05
3.10064e-05
3.10064e-05
3.10064e-05
3.10064e-05
3.10064e-05
3.10064e-05
3.10064e-05
3.10064e-05
3.10064e-05
3.10064e-05
3.10064e-05
3.10064e-05
3.10064e-05
3.10064e-05
3.10101e-05
3.10101e-05
3.10101e-05
3.10101e-05
3.10101e-05
3.10101e-05
3.10101e-05
3.10101e-05
3.10101e-05
3.10101e-05
3.10101e-05
3.10101e-05
3.10101e-05
3.10101e-05
3.10101e-05
3.10101e-05
3.10101e-05
3.10101e-05
3.10101e-05
3.10101e-05
3.10101e-05
3.10101e-05
3.10101e-05
3.10101e-05
3.10101e-05
3.10101e-05
3.10101e-05
3.10101e-05
3.10101e-05
3.10101e-05
3.10101e-05
3.10101e-05
3.10101e-05
3.10101e-05
3.10101e-05
3.10101e-05
3.10101e-05
3.10101e-05
3.10101e-05
3.10101e-05
3.10101e-05
3.10101e-05
3.10101e-05
3.10101e-05
3.10101e-05
3.10101e-05
3.10101e-05
3.10101e-05
3.10101e-05
3.10101e-05
3.10101e-05
3.10101e-05
3.10101e-05
3.10101e-05
3.10101e-05
3.10101e-05
3.10101e-05
3.10101e-05
3.10101e-05
3.10101e-05
3.10101e-05
3.10101e-05
3.10101e-05
3.10101e-05
3.10101e-05
3.10101e-05
3.10101e-05
3.10101e-05
3.10101e-05
3.10101e-05
3.10101e-05
3.10101e-05
3.10101e-05
3.10101e-05
3.10101e-05
3.10101e-05
3.10101e-05
3.10101e-05
3.10101e-05
3.10101e-05
3.10101e-05
3.10101e-05
3.10101e-05
3.10101e-05
3.10101e-05
3.10101e-05
3.10101e-05
3.10101e-05
3.10101e-05
3.10101e-05
3.10101e-05
3.10101e-05
3.10101e-05
3.10101e-05
3.10101e-05
3.10101e-05
3.10101e-05
3.10101e-05
3.10101e-05
3.10101e-05
3.10101e-05
3.10101e-05
3.10101e-05
3.10101e-05
3.10101e-05
3.10101e-05
3.10101e-05
3.10101e-05
3.10101e-05
3.10101e-05
3.10101e-05
3.10101e-05
3.10101e-05
3.10101e-05
3.10101e-05
3.10101e-05
3.10101e-05
3.10101e-05
3.10101e-05
3.10101e-05
3.10101e-05
3.10101e-05
3.10101e-05
3.10101e-05
3.10101e-05
3.10101e-05
3.10101e-05
3.10101e-05
3.10101e-05
3.10101e-05
3.10101e-05
3.10101e-05
3.10101e-05
3.10101e-05
3.10101e-05
3.10101e-05
3.10101e-05
3.10101e-05
3.10101e-05
3.10101e-05
3.10101e-05
3.10101e-05
3.10101e-05
3.10101e-05
3.10101e-05
3.10101e-05
3.10101e-05
3.10101e-05
3.10101e-05
3.10101e-05
3.10101e-05
3.10101e-05
3.10101e-05
3.10101e-05
3.10101e-05
3.10101e-05
3.10101e-05
3.10101e-05
3.10101e-05
3.10101e-05
3.10101e-05
3.10101e-05
3.10101e-05
3.10101e-05
3.10101e-05
3.10101e-05
3.10101e-05
3.10101e-05
3.10101e-05
3.10101e-05
3.10101e-05
3.10101e-05
3.10101e-05
3.10101e-05
3.10101e-05
3.10101e-05
3.10101e-05
3.10101e-05
3.10101e-05
3.10101e-05
3.10101e-05
3.10101e-05
3.10101e-05
3.10101e-05
3.10101e-05
3.10101e-05
3.10101e-05
3.10101e-05
3.10101e-05
3.10101e-05
3.10101e-05
3.10101e-05
3.10101e-05
3.10101e-05
3.10101e-05
3.10101e-05
3.10101e-05
3.10101e-05
3.10101e-05
3.10101e-05
3.10149e-05
3.10149e-05
3.10149e-05
3.10149e-05
3.10149e-05
3.10149e-05
3.10149e-05
3.10149e-05
3.10149e-05
3.10149e-05
3.10149e-05
3.10149e-05
3.10149e-05
3.10149e-05
3.10149e-05
3.10149e-05
3.10149e-05
3.10149e-05
3.10149e-05
3.10149e-05
3.10149e-05
3.10149e-05
3.10149e-05
3.10149e-05
3.10149e-05
3.10149e-05
3.10149e-05
3.10149e-05
3.10149e-05
3.10149e-05
3.10149e-05
3.10149e-05
3.10149e-05
3.10149e-05
3.10149e-05
3.10149e-05
3.10149e-05
3.10149e-05
3.10149e-05
3.10149e-05
3.10149e-05
3.10149e-05
3.10149e-05
3.10149e-05
3.10149e-05
3.10149e-05
3.10149e-05
3.10149e-05
3.10149e-05
3.10149e-05
3.10149e-05
3.10149e-05
3.10149e-05
3.10149e-05
3.10149e-05
3.10149e-05
3.10149e-05
3.10149e-05
3.10149e-05
3.10149e-05
3.10149e-05
3.10149e-05
3.10149e-05
3.10149e-05
3.10149e-05
3.10149e-05
3.10149e-05
3.10149e-05
3.10149e-05
3.10149e-05
3.10149e-05
3.10149e-05
3.10149e-05
3.10149e-05
3.10149e-05
3.10149e-05
3.10149e-05
3.10149e-05
3.10149e-05
3.10149e-05
3.10149e-05
3.10149e-05
3.10149e-05
3.10149e-05
3.10149e-05
3.10149e-05
3.10149e-05
3.10149e-05
3.10149e-05
3.10149e-05
3.10149e-05
3.10149e-05
3.10149e-05
3.10149e-05
3.10149e-05
3.10149e-05
3.10149e-05
3.10149e-05
3.10149e-05
3.10149e-05
3.10149e-05
3.10149e-05
3.10149e-05
3.10149e-05
3.10149e-05
3.10149e-05
3.10149e-05
3.10149e-05
3.10149e-05
3.10149e-05
3.10149e-05
3.10149e-05
3.10149e-05
3.10149e-05
3.10149e-05
3.10149e-05
3.10149e-05
3.10149e-05
3.10149e-05
3.10149e-05
3.10149e-05
3.10149e-05
3.10149e-05
3.10149e-05
3.10149e-05
3.10149e-05
3.10149e-05
3.10149e-05
3.10149e-05
3.10149e-05
3.10149e-05
3.10149e-05
3.10149e-05
3.10149e-05
3.10149e-05
3.10149e-05
3.10149e-05
3.10149e-05
3.10149e-05
3.10149e-05
3.10149e-05
3.10149e-05
3.10149e-05
3.10149e-05
3.10149e-05
3.10149e-05
3.10149e-05
3.10149e-05
3.10149e-05
3.10149e-05
3.10149e-05
3.10149e-05
3.10149e-05
3.10149e-05
3.10149e-05
3.10149e-05
3.10149e-05
3.10149e-05
3.10149e-05
3.10149e-05
3.10149e-05
3.10149e-05
3.10149e-05
3.10149e-05
3.10149e-05
3.10149e-05
3.10149e-05
3.10149e-05
3.10149e-05
3.10149e-05
3.10149e-05
3.10149e-05
3.10149e-05
3.10149e-05
3.10149e-05
3.10149e-05
3.10149e-05
3.10149e-05
3.10149e-05
3.10149e-05
3.10149e-05
3.10149e-05
3.10149e-05
3.10149e-05
3.10149e-05
3.10149e-05
3.10149e-05
3.10149e-05
3.10149e-05
3.10149e-05
3.10149e-05
3.10149e-05
3.10149e-05
3.10149e-05
3.10149e-05
3.10149e-05
3.10149e-05
3.10149e-05
3.10149e-05
3.10149e-05
3.1021e-05
3.1021e-05
3.1021e-05
3.1021e-05
3.1021e-05
3.1021e-05
3.1021e-05
3.1021e-05
3.1021e-05
3.1021e-05
3.1021e-05
3.1021e-05
3.1021e-05
3.1021e-05
3.1021e-05
3.1021e-05
3.1021e-05
3.1021e-05
3.1021e-05
3.1021e-05
3.1021e-05
3.1021e-05
3.1021e-05
3.1021e-05
3.1021e-05
3.1021e-05
3.1021e-05
3.1021e-05
3.1021e-05
3.1021e-05
3.1021e-05
3.1021e-05
3.1021e-05
3.1021e-05
3.1021e-05
3.1021e-05
3.1021e-05
3.1021e-05
3.1021e-05
3.1021e-05
3.1021e-05
3.1021e-05
3.1021e-05
3.1021e-05
3.1021e-05
3.1021e-05
3.1021e-05
3.1021e-05
3.1021e-05
3.1021e-05
3.1021e-05
3.1021e-05
3.1021e-05
3.1021e-05
3.1021e-05
3.1021e-05
3.1021e-05
3.1021e-05
3.1021e-05
3.1021e-05
3.1021e-05
3.1021e-05
3.1021e-05
3.1021e-05
3.1021e-05
3.1021e-05
3.1021e-05
3.1021e-05
3.1021e-05
3.1021e-05
3.1021e-05
3.1021e-05
3.1021e-05
3.1021e-05
3.1021e-05
3.1021e-05
3.1021e-05
3.1021e-05
3.1021e-05
3.1021e-05
3.1021e-05
3.1021e-05
3.1021e-05
3.1021e-05
3.1021e-05
3.1021e-05
3.1021e-05
3.1021e-05
3.1021e-05
3.1021e-05
3.1021e-05
3.1021e-05
3.1021e-05
3.1021e-05
3.1021e-05
3.1021e-05
3.1021e-05
3.1021e-05
3.1021e-05
3.1021e-05
3.1021e-05
3.1021e-05
3.1021e-05
3.1021e-05
3.1021e-05
3.1021e-05
3.1021e-05
3.1021e-05
3.1021e-05
3.1021e-05
3.1021e-05
3.1021e-05
3.1021e-05
3.1021e-05
3.1021e-05
3.1021e-05
3.1021e-05
3.1021e-05
3.1021e-05
3.1021e-05
3.1021e-05
3.1021e-05
3.1021e-05
3.1021e-05
3.1021e-05
3.1021e-05
3.1021e-05
3.1021e-05
3.1021e-05
3.1021e-05
3.1021e-05
3.1021e-05
3.1021e-05
3.1021e-05
3.1021e-05
3.1021e-05
3.1021e-05
3.1021e-05
3.1021e-05
3.1021e-05
3.1021e-05
3.1021e-05
3.1021e-05
3.1021e-05
3.1021e-05
3.1021e-05
3.1021e-05
3.1021e-05
3.1021e-05
3.1021e-05
3.1021e-05
3.1021e-05
3.1021e-05
3.1021e-05
3.1021e-05
3.1021e-05
3.1021e-05
3.1021e-05
3.1021e-05
3.1021e-05
3.1021e-05
3.1021e-05
3.1021e-05
3.1021e-05
3.1021e-05
3.1021e-05
3.1021e-05
3.1021e-05
3.1021e-05
3.1021e-05
3.1021e-05
3.1021e-05
3.1021e-05
3.1021e-05
3.1021e-05
3.1021e-05
3.1021e-05
3.1021e-05
3.1021e-05
3.1021e-05
3.1021e-05
3.1021e-05
3.1021e-05
3.1021e-05
3.1021e-05
3.1021e-05
3.1021e-05
3.1021e-05
3.1021e-05
3.1021e-05
3.1021e-05
3.1021e-05
3.1021e-05
3.1021e-05
3.1021e-05
3.1021e-05
3.1021e-05
3.1021e-05
3.1021e-05
3.1021e-05
3.10285e-05
3.10285e-05
3.10285e-05
3.10285e-05
3.10285e-05
3.10285e-05
3.10285e-05
3.10285e-05
3.10285e-05
3.10285e-05
3.10285e-05
3.10285e-05
3.10285e-05
3.10285e-05
3.10285e-05
3.10285e-05
3.10285e-05
3.10285e-05
3.10285e-05
3.10285e-05
3.10285e-05
3.10285e-05
3.10285e-05
3.10285e-05
3.10285e-05
3.10285e-05
3.10285e-05
3.10285e-05
3.10285e-05
3.10285e-05
3.10285e-05
3.10285e-05
3.10285e-05
3.10285e-05
3.10285e-05
3.10285e-05
3.10285e-05
3.10285e-05
3.10285e-05
3.10285e-05
3.10285e-05
3.10285e-05
3.10285e-05
3.10285e-05
3.10285e-05
3.10285e-05
3.10285e-05
3.10285e-05
3.10285e-05
3.10285e-05
3.10285e-05
3.10285e-05
3.10285e-05
3.10285e-05
3.10285e-05
3.10285e-05
3.10285e-05
3.10285e-05
3.10285e-05
3.10285e-05
3.10285e-05
3.10285e-05
3.10285e-05
3.10285e-05
3.10285e-05
3.10285e-05
3.10285e-05
3.10285e-05
3.10285e-05
3.10285e-05
3.10285e-05
3.10285e-05
3.10285e-05
3.10285e-05
3.10285e-05
3.10285e-05
3.10285e-05
3.10285e-05
3.10285e-05
3.10285e-05
3.10285e-05
3.10285e-05
3.10285e-05
3.10285e-05
3.10285e-05
3.10285e-05
3.10285e-05
3.10285e-05
3.10285e-05
3.10285e-05
3.10285e-05
3.10285e-05
3.10285e-05
3.10285e-05
3.10285e-05
3.10285e-05
3.10285e-05
3.10285e-05
3.10285e-05
3.10285e-05
3.10285e-05
3.10285e-05
3.10285e-05
3.10285e-05
3.10285e-05
3.10285e-05
3.10285e-05
3.10285e-05
3.10285e-05
3.10285e-05
3.10285e-05
3.10285e-05
3.10285e-05
3.10285e-05
3.10285e-05
3.10285e-05
3.10285e-05
3.10285e-05
3.10285e-05
3.10285e-05
3.10285e-05
3.10285e-05
3.10285e-05
3.10285e-05
3.10285e-05
3.10285e-05
3.10285e-05
3.10285e-05
3.10285e-05
3.10285e-05
3.10285e-05
3.10285e-05
3.10285e-05
3.10285e-05
3.10285e-05
3.10285e-05
3.10285e-05
3.10285e-05
3.10285e-05
3.10285e-05
3.10285e-05
3.10285e-05
3.10285e-05
3.10285e-05
3.10285e-05
3.10285e-05
3.10285e-05
3.10285e-05
3.10285e-05
3.10285e-05
3.10285e-05
3.10285e-05
3.10285e-05
3.10285e-05
3.10285e-05
3.10285e-05
3.10285e-05
3.10285e-05
3.10285e-05
3.10285e-05
3.10285e-05
3.10285e-05
3.10285e-05
3.10285e-05
3.10285e-05
3.10285e-05
3.10285e-05
3.10285e-05
3.10285e-05
3.10285e-05
3.10285e-05
3.10285e-05
3.10285e-05
3.10285e-05
3.10285e-05
3.10285e-05
3.10285e-05
3.10285e-05
3.10285e-05
3.10285e-05
3.10285e-05
3.10285e-05
3.10285e-05
3.10285e-05
3.10285e-05
3.10285e-05
3.10285e-05
3.10285e-05
3.10285e-05
3.10285e-05
3.10285e-05
3.10285e-05
3.10285e-05
3.10285e-05
3.10285e-05
3.10285e-05
3.10285e-05
3.10285e-05
3.10285e-05
3.10285e-05
3.10376e-05
3.10376e-05
3.10376e-05
3.10376e-05
3.10376e-05
3.10376e-05
3.10376e-05
3.10376e-05
3.10376e-05
3.10376e-05
3.10376e-05
3.10376e-05
3.10376e-05
3.10376e-05
3.10376e-05
3.10376e-05
3.10376e-05
3.10376e-05
3.10376e-05
3.10376e-05
3.10376e-05
3.10376e-05
3.10376e-05
3.10376e-05
3.10376e-05
3.10376e-05
3.10376e-05
3.10376e-05
3.10376e-05
3.10376e-05
3.10376e-05
3.10376e-05
3.10376e-05
3.10376e-05
3.10376e-05
3.10376e-05
3.10376e-05
3.10376e-05
3.10376e-05
3.10376e-05
3.10376e-05
3.10376e-05
3.10376e-05
3.10376e-05
3.10376e-05
3.10376e-05
3.10376e-05
3.10376e-05
3.10376e-05
3.10376e-05
3.10376e-05
3.10376e-05
3.10376e-05
3.10376e-05
3.10376e-05
3.10376e-05
3.10376e-05
3.10376e-05
3.10376e-05
3.10376e-05
3.10376e-05
3.10376e-05
3.10376e-05
3.10376e-05
3.10376e-05
3.10376e-05
3.10376e-05
3.10376e-05
3.10376e-05
3.10376e-05
3.10376e-05
3.10376e-05
3.10376e-05
3.10376e-05
3.10376e-05
3.10376e-05
3.10376e-05
3.10376e-05
3.10376e-05
3.10376e-05
3.10376e-05
3.10376e-05
3.10376e-05
3.10376e-05
3.10376e-05
3.10376e-05
3.10376e-05
3.10376e-05
3.10376e-05
3.10376e-05
3.10376e-05
3.10376e-05
3.10376e-05
3.10376e-05
3.10376e-05
3.10376e-05
3.10376e-05
3.10376e-05
3.10376e-05
3.10376e-05
3.10376e-05
3.10376e-05
3.10376e-05
3.10376e-05
3.10376e-05
3.10376e-05
3.10376e-05
3.10376e-05
3.10376e-05
3.10376e-05
3.10376e-05
3.10376e-05
3.10376e-05
3.10376e-05
3.10376e-05
3.10376e-05
3.10376e-05
3.10376e-05
3.10376e-05
3.10376e-05
3.10376e-05
3.10376e-05
3.10376e-05
3.10376e-05
3.10376e-05
3.10376e-05
3.10376e-05
3.10376e-05
3.10376e-05
3.10376e-05
3.10376e-05
3.10376e-05
3.10376e-05
3.10376e-05
3.10376e-05
3.10376e-05
3.10376e-05
3.10376e-05
3.10376e-05
3.10376e-05
3.10376e-05
3.10376e-05
3.10376e-05
3.10376e-05
3.10376e-05
3.10376e-05
3.10376e-05
3.10376e-05
3.10376e-05
3.10376e-05
3.10376e-05
3.10376e-05
3.10376e-05
3.10376e-05
3.10376e-05
3.10376e-05
3.10376e-05
3.10376e-05
3.10376e-05
3.10376e-05
3.10376e-05
3.10376e-05
3.10376e-05
3.10376e-05
3.10376e-05
3.10376e-05
3.10376e-05
3.10376e-05
3.10376e-05
3.10376e-05
3.10376e-05
3.10376e-05
3.10376e-05
3.10376e-05
3.10376e-05
3.10376e-05
3.10376e-05
3.10376e-05
3.10376e-05
3.10376e-05
3.10376e-05
3.10376e-05
3.10376e-05
3.10376e-05
3.10376e-05
3.10376e-05
3.10376e-05
3.10376e-05
3.10376e-05
3.10376e-05
3.10376e-05
3.10376e-05
3.10376e-05
3.10376e-05
3.10376e-05
3.10376e-05
3.10376e-05
3.10376e-05
3.10376e-05
3.10376e-05
3.10484e-05
3.10484e-05
3.10484e-05
3.10484e-05
3.10484e-05
3.10484e-05
3.10484e-05
3.10484e-05
3.10484e-05
3.10484e-05
3.10484e-05
3.10484e-05
3.10484e-05
3.10484e-05
3.10484e-05
3.10484e-05
3.10484e-05
3.10484e-05
3.10484e-05
3.10484e-05
3.10484e-05
3.10484e-05
3.10484e-05
3.10484e-05
3.10484e-05
3.10484e-05
3.10484e-05
3.10484e-05
3.10484e-05
3.10484e-05
3.10484e-05
3.10484e-05
3.10484e-05
3.10484e-05
3.10484e-05
3.10484e-05
3.10484e-05
3.10484e-05
3.10484e-05
3.10484e-05
3.10484e-05
3.10484e-05
3.10484e-05
3.10484e-05
3.10484e-05
3.10484e-05
3.10484e-05
3.10484e-05
3.10484e-05
3.10484e-05
3.10484e-05
3.10484e-05
3.10484e-05
3.10484e-05
3.10484e-05
3.10484e-05
3.10484e-05
3.10484e-05
3.10484e-05
3.10484e-05
3.10484e-05
3.10484e-05
3.10484e-05
3.10484e-05
3.10484e-05
3.10484e-05
3.10484e-05
3.10484e-05
3.10484e-05
3.10484e-05
3.10484e-05
3.10484e-05
3.10484e-05
3.10484e-05
3.10484e-05
3.10484e-05
3.10484e-05
3.10484e-05
3.10484e-05
3.10484e-05
3.10484e-05
3.10484e-05
3.10484e-05
3.10484e-05
3.10484e-05
3.10484e-05
3.10484e-05
3.10484e-05
3.10484e-05
3.10484e-05
3.10484e-05
3.10484e-05
3.10484e-05
3.10484e-05
3.10484e-05
3.10484e-05
3.10484e-05
3.10484e-05
3.10484e-05
3.10484e-05
3.10484e-05
3.10484e-05
3.10484e-05
3.10484e-05
3.10484e-05
3.10484e-05
3.10484e-05
3.10484e-05
3.10484e-05
3.10484e-05
3.10484e-05
3.10484e-05
3.10484e-05
3.10484e-05
3.10484e-05
3.10484e-05
3.10484e-05
3.10484e-05
3.10484e-05
3.10484e-05
3.10484e-05
3.10484e-05
3.10484e-05
3.10484e-05
3.10484e-05
3.10484e-05
3.10484e-05
3.10484e-05
3.10484e-05
3.10484e-05
3.10484e-05
3.10484e-05
3.10484e-05
3.10484e-05
3.10484e-05
3.10484e-05
3.10484e-05
3.10484e-05
3.10484e-05
3.10484e-05
3.10484e-05
3.10484e-05
3.10484e-05
3.10484e-05
3.10484e-05
3.10484e-05
3.10484e-05
3.10484e-05
3.10484e-05
3.10484e-05
3.10484e-05
3.10484e-05
3.10484e-05
3.10484e-05
3.10484e-05
3.10484e-05
3.10484e-05
3.10484e-05
3.10484e-05
3.10484e-05
3.10484e-05
3.10484e-05
3.10484e-05
3.10484e-05
3.10484e-05
3.10484e-05
3.10484e-05
3.10484e-05
3.10484e-05
3.10484e-05
3.10484e-05
3.10484e-05
3.10484e-05
3.10484e-05
3.10484e-05
3.10484e-05
3.10484e-05
3.10484e-05
3.10484e-05
3.10484e-05
3.10484e-05
3.10484e-05
3.10484e-05
3.10484e-05
3.10484e-05
3.10484e-05
3.10484e-05
3.10484e-05
3.10484e-05
3.10484e-05
3.10484e-05
3.10484e-05
3.10484e-05
3.10484e-05
3.10484e-05
3.10484e-05
3.10484e-05
3.10484e-05
3.10484e-05
3.10484e-05
3.10607e-05
3.10607e-05
3.10607e-05
3.10607e-05
3.10607e-05
3.10607e-05
3.10607e-05
3.10607e-05
3.10607e-05
3.10607e-05
3.10607e-05
3.10607e-05
3.10607e-05
3.10607e-05
3.10607e-05
3.10607e-05
3.10607e-05
3.10607e-05
3.10607e-05
3.10607e-05
3.10607e-05
3.10607e-05
3.10607e-05
3.10607e-05
3.10607e-05
3.10607e-05
3.10607e-05
3.10607e-05
3.10607e-05
3.10607e-05
3.10607e-05
3.10607e-05
3.10607e-05
3.10607e-05
3.10607e-05
3.10607e-05
3.10607e-05
3.10607e-05
3.10607e-05
3.10607e-05
3.10607e-05
3.10607e-05
3.10607e-05
3.10607e-05
3.10607e-05
3.10607e-05
3.10607e-05
3.10607e-05
3.10607e-05
3.10607e-05
3.10607e-05
3.10607e-05
3.10607e-05
3.10607e-05
3.10607e-05
3.10607e-05
3.10607e-05
3.10607e-05
3.10607e-05
3.10607e-05
3.10607e-05
3.10607e-05
3.10607e-05
3.10607e-05
3.10607e-05
3.10607e-05
3.10607e-05
3.10607e-05
3.10607e-05
3.10607e-05
3.10607e-05
3.10607e-05
3.10607e-05
3.10607e-05
3.10607e-05
3.10607e-05
3.10607e-05
3.10607e-05
3.10607e-05
3.10607e-05
3.10607e-05
3.10607e-05
3.10607e-05
3.10607e-05
3.10607e-05
3.10607e-05
3.10607e-05
3.10607e-05
3.10607e-05
3.10607e-05
3.10607e-05
3.10607e-05
3.10607e-05
3.10607e-05
3.10607e-05
3.10607e-05
3.10607e-05
3.10607e-05
3.10607e-05
3.10607e-05
3.10607e-05
3.10607e-05
3.10607e-05
3.10607e-05
3.10607e-05
3.10607e-05
3.10607e-05
3.10607e-05
3.10607e-05
3.10607e-05
3.10607e-05
3.10607e-05
3.10607e-05
3.10607e-05
3.10607e-05
3.10607e-05
3.10607e-05
3.10607e-05
3.10607e-05
3.10607e-05
3.10607e-05
3.10607e-05
3.10607e-05
3.10607e-05
3.10607e-05
3.10607e-05
3.10607e-05
3.10607e-05
3.10607e-05
3.10607e-05
3.10607e-05
3.10607e-05
3.10607e-05
3.10607e-05
3.10607e-05
3.10607e-05
3.10607e-05
3.10607e-05
3.10607e-05
3.10607e-05
3.10607e-05
3.10607e-05
3.10607e-05
3.10607e-05
3.10607e-05
3.10607e-05
3.10607e-05
3.10607e-05
3.10607e-05
3.10607e-05
3.10607e-05
3.10607e-05
3.10607e-05
3.10607e-05
3.10607e-05
3.10607e-05
3.10607e-05
3.10607e-05
3.10607e-05
3.10607e-05
3.10607e-05
3.10607e-05
3.10607e-05
3.10607e-05
3.10607e-05
3.10607e-05
3.10607e-05
3.10607e-05
3.10607e-05
3.10607e-05
3.10607e-05
3.10607e-05
3.10607e-05
3.10607e-05
3.10607e-05
3.10607e-05
3.10607e-05
3.10607e-05
3.10607e-05
3.10607e-05
3.10607e-05
3.10607e-05
3.10607e-05
3.10607e-05
3.10607e-05
3.10607e-05
3.10607e-05
3.10607e-05
3.10607e-05
3.10607e-05
3.10607e-05
3.10607e-05
3.10607e-05
3.10607e-05
3.10607e-05
3.10607e-05
3.10607e-05
3.10607e-05
3.10607e-05
3.10607e-05
3.10737e-05
3.10737e-05
3.10737e-05
3.10737e-05
3.10737e-05
3.10737e-05
3.10737e-05
3.10737e-05
3.10737e-05
3.10737e-05
3.10737e-05
3.10737e-05
3.10737e-05
3.10737e-05
3.10737e-05
3.10737e-05
3.10737e-05
3.10737e-05
3.10737e-05
3.10737e-05
3.10737e-05
3.10737e-05
3.10737e-05
3.10737e-05
3.10737e-05
3.10737e-05
3.10737e-05
3.10737e-05
3.10737e-05
3.10737e-05
3.10737e-05
3.10737e-05
3.10737e-05
3.10737e-05
3.10737e-05
3.10737e-05
3.10737e-05
3.10737e-05
3.10737e-05
3.10737e-05
3.10737e-05
3.10737e-05
3.10737e-05
3.10737e-05
3.10737e-05
3.10737e-05
3.10737e-05
3.10737e-05
3.10737e-05
3.10737e-05
3.10737e-05
3.10737e-05
3.10737e-05
3.10737e-05
3.10737e-05
3.10737e-05
3.10737e-05
3.10737e-05
3.10737e-05
3.10737e-05
3.10737e-05
3.10737e-05
3.10737e-05
3.10737e-05
3.10737e-05
3.10737e-05
3.10737e-05
3.10737e-05
3.10737e-05
3.10737e-05
3.10737e-05
3.10737e-05
3.10737e-05
3.10737e-05
3.10737e-05
3.10737e-05
3.10737e-05
3.10737e-05
3.10737e-05
3.10737e-05
3.10737e-05
3.10737e-05
3.10737e-05
3.10737e-05
3.10737e-05
3.10737e-05
3.10737e-05
3.10737e-05
3.10737e-05
3.10737e-05
3.10737e-05
3.10737e-05
3.10737e-05
3.10737e-05
3.10737e-05
3.10737e-05
3.10737e-05
3.10737e-05
3.10737e-05
3.10737e-05
3.10737e-05
3.10737e-05
3.10737e-05
3.10737e-05
3.10737e-05
3.10737e-05
3.10737e-05
3.10737e-05
3.10737e-05
3.10737e-05
3.10737e-05
3.10737e-05
3.10737e-05
3.10737e-05
3.10737e-05
3.10737e-05
3.10737e-05
3.10737e-05
3.10737e-05
3.10737e-05
3.10737e-05
3.10737e-05
3.10737e-05
3.10737e-05
3.10737e-05
3.10737e-05
3.10737e-05
3.10737e-05
3.10737e-05
3.10737e-05
3.10737e-05
3.10737e-05
3.10737e-05
3.10737e-05
3.10737e-05
3.10737e-05
3.10737e-05
3.10737e-05
3.10737e-05
3.10737e-05
3.10737e-05
3.10737e-05
3.10737e-05
3.10737e-05
3.10737e-05
3.10737e-05
3.10737e-05
3.10737e-05
3.10737e-05
3.10737e-05
3.10737e-05
3.10737e-05
3.10737e-05
3.10737e-05
3.10737e-05
3.10737e-05
3.10737e-05
3.10737e-05
3.10737e-05
3.10737e-05
3.10737e-05
3.10737e-05
3.10737e-05
3.10737e-05
3.10737e-05
3.10737e-05
3.10737e-05
3.10737e-05
3.10737e-05
3.10737e-05
3.10737e-05
3.10737e-05
3.10737e-05
3.10737e-05
3.10737e-05
3.10737e-05
3.10737e-05
3.10737e-05
3.10737e-05
3.10737e-05
3.10737e-05
3.10737e-05
3.10737e-05
3.10737e-05
3.10737e-05
3.10737e-05
3.10737e-05
3.10737e-05
3.10737e-05
3.10737e-05
3.10737e-05
3.10737e-05
3.10737e-05
3.10737e-05
3.10737e-05
3.10737e-05
3.10737e-05
3.10737e-05
3.10737e-05
3.10737e-05
3.10857e-05
3.10857e-05
3.10857e-05
3.10857e-05
3.10857e-05
3.10857e-05
3.10857e-05
3.10857e-05
3.10857e-05
3.10857e-05
3.10857e-05
3.10857e-05
3.10857e-05
3.10857e-05
3.10857e-05
3.10857e-05
3.10857e-05
3.10857e-05
3.10857e-05
3.10857e-05
3.10857e-05
3.10857e-05
3.10857e-05
3.10857e-05
3.10857e-05
3.10857e-05
3.10857e-05
3.10857e-05
3.10857e-05
3.10857e-05
3.10857e-05
3.10857e-05
3.10857e-05
3.10857e-05
3.10857e-05
3.10857e-05
3.10857e-05
3.10857e-05
3.10857e-05
3.10857e-05
3.10857e-05
3.10857e-05
3.10857e-05
3.10857e-05
3.10857e-05
3.10857e-05
3.10857e-05
3.10857e-05
3.10857e-05
3.10857e-05
3.10857e-05
3.10857e-05
3.10857e-05
3.10857e-05
3.10857e-05
3.10857e-05
3.10857e-05
3.10857e-05
3.10857e-05
3.10857e-05
3.10857e-05
3.10857e-05
3.10857e-05
3.10857e-05
3.10857e-05
3.10857e-05
3.10857e-05
3.10857e-05
3.10857e-05
3.10857e-05
3.10857e-05
3.10857e-05
3.10857e-05
3.10857e-05
3.10857e-05
3.10857e-05
3.10857e-05
3.10857e-05
3.10857e-05
3.10857e-05
3.10857e-05
3.10857e-05
3.10857e-05
3.10857e-05
3.10857e-05
3.10857e-05
3.10857e-05
3.10857e-05
3.10857e-05
3.10857e-05
3.10857e-05
3.10857e-05
3.10857e-05
3.10857e-05
3.10857e-05
3.10857e-05
3.10857e-05
3.10857e-05
3.10857e-05
3.10857e-05
3.10857e-05
3.10857e-05
3.10857e-05
3.10857e-05
3.10857e-05
3.10857e-05
3.10857e-05
3.10857e-05
3.10857e-05
3.10857e-05
3.10857e-05
3.10857e-05
3.10857e-05
3.10857e-05
3.10857e-05
3.10857e-05
3.10857e-05
3.10857e-05
3.10857e-05
3.10857e-05
3.10857e-05
3.10857e-05
3.10857e-05
3.10857e-05
3.10857e-05
3.10857e-05
3.10857e-05
3.10857e-05
3.10857e-05
3.10857e-05
3.10857e-05
3.10857e-05
3.10857e-05
3.10857e-05
3.10857e-05
3.10857e-05
3.10857e-05
3.10857e-05
3.10857e-05
3.10857e-05
3.10857e-05
3.10857e-05
3.10857e-05
3.10857e-05
3.10857e-05
3.10857e-05
3.10857e-05
3.10857e-05
3.10857e-05
3.10857e-05
3.10857e-05
3.10857e-05
3.10857e-05
3.10857e-05
3.10857e-05
3.10857e-05
3.10857e-05
3.10857e-05
3.10857e-05
3.10857e-05
3.10857e-05
3.10857e-05
3.10857e-05
3.10857e-05
3.10857e-05
3.10857e-05
3.10857e-05
3.10857e-05
3.10857e-05
3.10857e-05
3.10857e-05
3.10857e-05
3.10857e-05
3.10857e-05
3.10857e-05
3.10857e-05
3.10857e-05
3.10857e-05
3.10857e-05
3.10857e-05
3.10857e-05
3.10857e-05
3.10857e-05
3.10857e-05
3.10857e-05
3.10857e-05
3.10857e-05
3.10857e-05
3.10857e-05
3.10857e-05
3.10857e-05
3.10857e-05
3.10857e-05
3.10857e-05
3.10857e-05
3.10857e-05
3.10857e-05
3.10857e-05
3.10857e-05
3.10857e-05
3.10935e-05
3.10935e-05
3.10935e-05
3.10935e-05
3.10935e-05
3.10935e-05
3.10935e-05
3.10935e-05
3.10935e-05
3.10935e-05
3.10935e-05
3.10935e-05
3.10935e-05
3.10935e-05
3.10935e-05
3.10935e-05
3.10935e-05
3.10935e-05
3.10935e-05
3.10935e-05
3.10935e-05
3.10935e-05
3.10935e-05
3.10935e-05
3.10935e-05
3.10935e-05
3.10935e-05
3.10935e-05
3.10935e-05
3.10935e-05
3.10935e-05
3.10935e-05
3.10935e-05
3.10935e-05
3.10935e-05
3.10935e-05
3.10935e-05
3.10935e-05
3.10935e-05
3.10935e-05
3.10935e-05
3.10935e-05
3.10935e-05
3.10935e-05
3.10935e-05
3.10935e-05
3.10935e-05
3.10935e-05
3.10935e-05
3.10935e-05
3.10935e-05
3.10935e-05
3.10935e-05
3.10935e-05
3.10935e-05
3.10935e-05
3.10935e-05
3.10935e-05
3.10935e-05
3.10935e-05
3.10935e-05
3.10935e-05
3.10935e-05
3.10935e-05
3.10935e-05
3.10935e-05
3.10935e-05
3.10935e-05
3.10935e-05
3.10935e-05
3.10935e-05
3.10935e-05
3.10935e-05
3.10935e-05
3.10935e-05
3.10935e-05
3.10935e-05
3.10935e-05
3.10935e-05
3.10935e-05
3.10935e-05
3.10935e-05
3.10935e-05
3.10935e-05
3.10935e-05
3.10935e-05
3.10935e-05
3.10935e-05
3.10935e-05
3.10935e-05
3.10935e-05
3.10935e-05
3.10935e-05
3.10935e-05
3.10935e-05
3.10935e-05
3.10935e-05
3.10935e-05
3.10935e-05
3.10935e-05
3.10935e-05
3.10935e-05
3.10935e-05
3.10935e-05
3.10935e-05
3.10935e-05
3.10935e-05
3.10935e-05
3.10935e-05
3.10935e-05
3.10935e-05
3.10935e-05
3.10935e-05
3.10935e-05
3.10935e-05
3.10935e-05
3.10935e-05
3.10935e-05
3.10935e-05
3.10935e-05
3.10935e-05
3.10935e-05
3.10935e-05
3.10935e-05
3.10935e-05
3.10935e-05
3.10935e-05
3.10935e-05
3.10935e-05
3.10935e-05
3.10935e-05
3.10935e-05
3.10935e-05
3.10935e-05
3.10935e-05
3.10935e-05
3.10935e-05
3.10935e-05
3.10935e-05
3.10935e-05
3.10935e-05
3.10935e-05
3.10935e-05
3.10935e-05
3.10935e-05
3.10935e-05
3.10935e-05
3.10935e-05
3.10935e-05
3.10935e-05
3.10935e-05
3.10935e-05
3.10935e-05
3.10935e-05
3.10935e-05
3.10935e-05
3.10935e-05
3.10935e-05
3.10935e-05
3.10935e-05
3.10935e-05
3.10935e-05
3.10935e-05
3.10935e-05
3.10935e-05
3.10935e-05
3.10935e-05
3.10935e-05
3.10935e-05
3.10935e-05
3.10935e-05
3.10935e-05
3.10935e-05
3.10935e-05
3.10935e-05
3.10935e-05
3.10935e-05
3.10935e-05
3.10935e-05
3.10935e-05
3.10935e-05
3.10935e-05
3.10935e-05
3.10935e-05
3.10935e-05
3.10935e-05
3.10935e-05
3.10935e-05
3.10935e-05
3.10935e-05
3.10935e-05
3.10935e-05
3.10935e-05
3.10935e-05
3.10935e-05
3.10935e-05
3.10935e-05
3.10935e-05
3.10935e-05
3.10935e-05
3.10959e-05
3.10959e-05
3.10959e-05
3.10959e-05
3.10959e-05
3.10959e-05
3.10959e-05
3.10959e-05
3.10959e-05
3.10959e-05
3.10959e-05
3.10959e-05
3.10959e-05
3.10959e-05
3.10959e-05
3.10959e-05
3.10959e-05
3.10959e-05
3.10959e-05
3.10959e-05
3.10959e-05
3.10959e-05
3.10959e-05
3.10959e-05
3.10959e-05
3.10959e-05
3.10959e-05
3.10959e-05
3.10959e-05
3.10959e-05
3.10959e-05
3.10959e-05
3.10959e-05
3.10959e-05
3.10959e-05
3.10959e-05
3.10959e-05
3.10959e-05
3.10959e-05
3.10959e-05
3.10959e-05
3.10959e-05
3.10959e-05
3.10959e-05
3.10959e-05
3.10959e-05
3.10959e-05
3.10959e-05
3.10959e-05
3.10959e-05
3.10959e-05
3.10959e-05
3.10959e-05
3.10959e-05
3.10959e-05
3.10959e-05
3.10959e-05
3.10959e-05
3.10959e-05
3.10959e-05
3.10959e-05
3.10959e-05
3.10959e-05
3.10959e-05
3.10959e-05
3.10959e-05
3.10959e-05
3.10959e-05
3.10959e-05
3.10959e-05
3.10959e-05
3.10959e-05
3.10959e-05
3.10959e-05
3.10959e-05
3.10959e-05
3.10959e-05
3.10959e-05
3.10959e-05
3.10959e-05
3.10959e-05
3.10959e-05
3.10959e-05
3.10959e-05
3.10959e-05
3.10959e-05
3.10959e-05
3.10959e-05
3.10959e-05
3.10959e-05
3.10959e-05
3.10959e-05
3.10959e-05
3.10959e-05
3.10959e-05
3.10959e-05
3.10959e-05
3.10959e-05
3.10959e-05
3.10959e-05
3.10959e-05
3.10959e-05
3.10959e-05
3.10959e-05
3.10959e-05
3.10959e-05
3.10959e-05
3.10959e-05
3.10959e-05
3.10959e-05
3.10959e-05
3.10959e-05
3.10959e-05
3.10959e-05
3.10959e-05
3.10959e-05
3.10959e-05
3.10959e-05
3.10959e-05
3.10959e-05
3.10959e-05
3.10959e-05
3.10959e-05
3.10959e-05
3.10959e-05
3.10959e-05
3.10959e-05
3.10959e-05
3.10959e-05
3.10959e-05
3.10959e-05
3.10959e-05
3.10959e-05
3.10959e-05
3.10959e-05
3.10959e-05
3.10959e-05
3.10959e-05
3.10959e-05
3.10959e-05
3.10959e-05
3.10959e-05
3.10959e-05
3.10959e-05
3.10959e-05
3.10959e-05
3.10959e-05
3.10959e-05
3.10959e-05
3.10959e-05
3.10959e-05
3.10959e-05
3.10959e-05
3.10959e-05
3.10959e-05
3.10959e-05
3.10959e-05
3.10959e-05
3.10959e-05
3.10959e-05
3.10959e-05
3.10959e-05
3.10959e-05
3.10959e-05
3.10959e-05
3.10959e-05
3.10959e-05
3.10959e-05
3.10959e-05
3.10959e-05
3.10959e-05
3.10959e-05
3.10959e-05
3.10959e-05
3.10959e-05
3.10959e-05
3.10959e-05
3.10959e-05
3.10959e-05
3.10959e-05
3.10959e-05
3.10959e-05
3.10959e-05
3.10959e-05
3.10959e-05
3.10959e-05
3.10959e-05
3.10959e-05
3.10959e-05
3.10959e-05
3.10959e-05
3.10959e-05
3.10959e-05
3.10959e-05
3.10959e-05
3.10959e-05
3.10959e-05
3.10959e-05
3.10959e-05
3.10959e-05
3.11045e-05
3.11045e-05
3.11045e-05
3.11045e-05
3.11045e-05
3.11045e-05
3.11045e-05
3.11045e-05
3.11045e-05
3.11045e-05
3.11045e-05
3.11045e-05
3.11045e-05
3.11045e-05
3.11045e-05
3.11045e-05
3.11045e-05
3.11045e-05
3.11045e-05
3.11045e-05
3.11045e-05
3.11045e-05
3.11045e-05
3.11045e-05
3.11045e-05
3.11045e-05
3.11045e-05
3.11045e-05
3.11045e-05
3.11045e-05
3.11045e-05
3.11045e-05
3.11045e-05
3.11045e-05
3.11045e-05
3.11045e-05
3.11045e-05
3.11045e-05
3.11045e-05
3.11045e-05
3.11045e-05
3.11045e-05
3.11045e-05
3.11045e-05
3.11045e-05
3.11045e-05
3.11045e-05
3.11045e-05
3.11045e-05
3.11045e-05
3.11045e-05
3.11045e-05
3.11045e-05
3.11045e-05
3.11045e-05
3.11045e-05
3.11045e-05
3.11045e-05
3.11045e-05
3.11045e-05
3.11045e-05
3.11045e-05
3.11045e-05
3.11045e-05
3.11045e-05
3.11045e-05
3.11045e-05
3.11045e-05
3.11045e-05
3.11045e-05
3.11045e-05
3.11045e-05
3.11045e-05
3.11045e-05
3.11045e-05
3.11045e-05
3.11045e-05
3.11045e-05
3.11045e-05
3.11045e-05
3.11045e-05
3.11045e-05
3.11045e-05
3.11045e-05
3.11045e-05
3.11045e-05
3.11045e-05
3.11045e-05
3.11045e-05
3.11045e-05
3.11045e-05
3.11045e-05
3.11045e-05
3.11045e-05
3.11045e-05
3.11045e-05
3.11045e-05
3.11045e-05
3.11045e-05
3.11045e-05
3.11045e-05
3.11045e-05
3.11045e-05
3.11045e-05
3.11045e-05
3.11045e-05
3.11045e-05
3.11045e-05
3.11045e-05
3.11045e-05
3.11045e-05
3.11045e-05
3.11045e-05
3.11045e-05
3.11045e-05
3.11045e-05
3.11045e-05
3.11045e-05
3.11045e-05
3.11045e-05
3.11045e-05
3.11045e-05
3.11045e-05
3.11045e-05
3.11045e-05
3.11045e-05
3.11045e-05
3.11045e-05
3.11045e-05
3.11045e-05
3.11045e-05
3.11045e-05
3.11045e-05
3.11045e-05
3.11045e-05
3.11045e-05
3.11045e-05
3.11045e-05
3.11045e-05
3.11045e-05
3.11045e-05
3.11045e-05
3.11045e-05
3.11045e-05
3.11045e-05
3.11045e-05
3.11045e-05
3.11045e-05
3.11045e-05
3.11045e-05
3.11045e-05
3.11045e-05
3.11045e-05
3.11045e-05
3.11045e-05
3.11045e-05
3.11045e-05
3.11045e-05
3.11045e-05
3.11045e-05
3.11045e-05
3.11045e-05
3.11045e-05
3.11045e-05
3.11045e-05
3.11045e-05
3.11045e-05
3.11045e-05
3.11045e-05
3.11045e-05
3.11045e-05
3.11045e-05
3.11045e-05
3.11045e-05
3.11045e-05
3.11045e-05
3.11045e-05
3.11045e-05
3.11045e-05
3.11045e-05
3.11045e-05
3.11045e-05
3.11045e-05
3.11045e-05
3.11045e-05
3.11045e-05
3.11045e-05
3.11045e-05
3.11045e-05
3.11045e-05
3.11045e-05
3.11045e-05
3.11045e-05
3.11045e-05
3.11045e-05
3.11045e-05
3.11045e-05
3.11045e-05
3.11045e-05
3.11045e-05
3.11724e-05
3.11724e-05
3.11724e-05
3.11724e-05
3.11724e-05
3.11724e-05
3.11724e-05
3.11724e-05
3.11724e-05
3.11724e-05
3.11724e-05
3.11724e-05
3.11724e-05
3.11724e-05
3.11724e-05
3.11724e-05
3.11724e-05
3.11724e-05
3.11724e-05
3.11724e-05
3.11724e-05
3.11724e-05
3.11724e-05
3.11724e-05
3.11724e-05
3.11724e-05
3.11724e-05
3.11724e-05
3.11724e-05
3.11724e-05
3.11724e-05
3.11724e-05
3.11724e-05
3.11724e-05
3.11724e-05
3.11724e-05
3.11724e-05
3.11724e-05
3.11724e-05
3.11724e-05
3.11724e-05
3.11724e-05
3.11724e-05
3.11724e-05
3.11724e-05
3.11724e-05
3.11724e-05
3.11724e-05
3.11724e-05
3.11724e-05
3.11724e-05
3.11724e-05
3.11724e-05
3.11724e-05
3.11724e-05
3.11724e-05
3.11724e-05
3.11724e-05
3.11724e-05
3.11724e-05
3.11724e-05
3.11724e-05
3.11724e-05
3.11724e-05
3.11724e-05
3.11724e-05
3.11724e-05
3.11724e-05
3.11724e-05
3.11724e-05
3.11724e-05
3.11724e-05
3.11724e-05
3.11724e-05
3.11724e-05
3.11724e-05
3.11724e-05
3.11724e-05
3.11724e-05
3.11724e-05
3.11724e-05
3.11724e-05
3.11724e-05
3.11724e-05
3.11724e-05
3.11724e-05
3.11724e-05
3.11724e-05
3.11724e-05
3.11724e-05
3.11724e-05
3.11724e-05
3.11724e-05
3.11724e-05
3.11724e-05
3.11724e-05
3.11724e-05
3.11724e-05
3.11724e-05
3.11724e-05
3.11724e-05
3.11724e-05
3.11724e-05
3.11724e-05
3.11724e-05
3.11724e-05
3.11724e-05
3.11724e-05
3.11724e-05
3.11724e-05
3.11724e-05
3.11724e-05
3.11724e-05
3.11724e-05
3.11724e-05
3.11724e-05
3.11724e-05
3.11724e-05
3.11724e-05
3.11724e-05
3.11724e-05
3.11724e-05
3.11724e-05
3.11724e-05
3.11724e-05
3.11724e-05
3.11724e-05
3.11724e-05
3.11724e-05
3.11724e-05
3.11724e-05
3.11724e-05
3.11724e-05
3.11724e-05
3.11724e-05
3.11724e-05
3.11724e-05
3.11724e-05
3.11724e-05
3.11724e-05
3.11724e-05
3.11724e-05
3.11724e-05
3.11724e-05
3.11724e-05
3.11724e-05
3.11724e-05
3.11724e-05
3.11724e-05
3.11724e-05
3.11724e-05
3.11724e-05
3.11724e-05
3.11724e-05
3.11724e-05
3.11724e-05
3.11724e-05
3.11724e-05
3.11724e-05
3.11724e-05
3.11724e-05
3.11724e-05
3.11724e-05
3.11724e-05
3.11724e-05
3.11724e-05
3.11724e-05
3.11724e-05
3.11724e-05
3.11724e-05
3.11724e-05
3.11724e-05
3.11724e-05
3.11724e-05
3.11724e-05
3.11724e-05
3.11724e-05
3.11724e-05
3.11724e-05
3.11724e-05
3.11724e-05
3.11724e-05
3.11724e-05
3.11724e-05
3.11724e-05
3.11724e-05
3.11724e-05
3.11724e-05
3.11724e-05
3.11724e-05
3.11724e-05
3.11724e-05
3.11724e-05
3.11724e-05
3.11724e-05
3.11724e-05
3.11724e-05
3.11724e-05
3.11724e-05
3.11724e-05
3.14389e-05
3.14389e-05
3.14389e-05
3.14389e-05
3.14389e-05
3.14389e-05
3.14389e-05
3.14389e-05
3.14389e-05
3.14389e-05
3.14389e-05
3.14389e-05
3.14389e-05
3.14389e-05
3.14389e-05
3.14389e-05
3.14389e-05
3.14389e-05
3.14389e-05
3.14389e-05
3.14389e-05
3.14389e-05
3.14389e-05
3.14389e-05
3.14389e-05
3.14389e-05
3.14389e-05
3.14389e-05
3.14389e-05
3.14389e-05
3.14389e-05
3.14389e-05
3.14389e-05
3.14389e-05
3.14389e-05
3.14389e-05
3.14389e-05
3.14389e-05
3.14389e-05
3.14389e-05
3.14389e-05
3.14389e-05
3.14389e-05
3.14389e-05
3.14389e-05
3.14389e-05
3.14389e-05
3.14389e-05
3.14389e-05
3.14389e-05
3.14389e-05
3.14389e-05
3.14389e-05
3.14389e-05
3.14389e-05
3.14389e-05
3.14389e-05
3.14389e-05
3.14389e-05
3.14389e-05
3.14389e-05
3.14389e-05
3.14389e-05
3.14389e-05
3.14389e-05
3.14389e-05
3.14389e-05
3.14389e-05
3.14389e-05
3.14389e-05
3.14389e-05
3.14389e-05
3.14389e-05
3.14389e-05
3.14389e-05
3.14389e-05
3.14389e-05
3.14389e-05
3.14389e-05
3.14389e-05
3.14389e-05
3.14389e-05
3.14389e-05
3.14389e-05
3.14389e-05
3.14389e-05
3.14389e-05
3.14389e-05
3.14389e-05
3.14389e-05
3.14389e-05
3.14389e-05
3.14389e-05
3.14389e-05
3.14389e-05
3.14389e-05
3.14389e-05
3.14389e-05
3.14389e-05
3.14389e-05
3.14389e-05
3.14389e-05
3.14389e-05
3.14389e-05
3.14389e-05
3.14389e-05
3.14389e-05
3.14389e-05
3.14389e-05
3.14389e-05
3.14389e-05
3.14389e-05
3.14389e-05
3.14389e-05
3.14389e-05
3.14389e-05
3.14389e-05
3.14389e-05
3.14389e-05
3.14389e-05
3.14389e-05
3.14389e-05
3.14389e-05
3.14389e-05
3.14389e-05
3.14389e-05
3.14389e-05
3.14389e-05
3.14389e-05
3.14389e-05
3.14389e-05
3.14389e-05
3.14389e-05
3.14389e-05
3.14389e-05
3.14389e-05
3.14389e-05
3.14389e-05
3.14389e-05
3.14389e-05
3.14389e-05
3.14389e-05
3.14389e-05
3.14389e-05
3.14389e-05
3.14389e-05
3.14389e-05
3.14389e-05
3.14389e-05
3.14389e-05
3.14389e-05
3.14389e-05
3.14389e-05
3.14389e-05
3.14389e-05
3.14389e-05
3.14389e-05
3.14389e-05
3.14389e-05
3.14389e-05
3.14389e-05
3.14389e-05
3.14389e-05
3.14389e-05
3.14389e-05
3.14389e-05
3.14389e-05
3.14389e-05
3.14389e-05
3.14389e-05
3.14389e-05
3.14389e-05
3.14389e-05
3.14389e-05
3.14389e-05
3.14389e-05
3.14389e-05
3.14389e-05
3.14389e-05
3.14389e-05
3.14389e-05
3.14389e-05
3.14389e-05
3.14389e-05
3.14389e-05
3.14389e-05
3.14389e-05
3.14389e-05
3.14389e-05
3.14389e-05
3.14389e-05
3.14389e-05
3.14389e-05
3.14389e-05
3.14389e-05
3.14389e-05
3.14389e-05
3.14389e-05
3.14389e-05
3.14389e-05
3.21612e-05
3.21612e-05
3.21612e-05
3.21612e-05
3.21612e-05
3.21612e-05
3.21612e-05
3.21612e-05
3.21612e-05
3.21612e-05
3.21612e-05
3.21612e-05
3.21612e-05
3.21612e-05
3.21612e-05
3.21612e-05
3.21612e-05
3.21612e-05
3.21612e-05
3.21612e-05
3.21612e-05
3.21612e-05
3.21612e-05
3.21612e-05
3.21612e-05
3.21612e-05
3.21612e-05
3.21612e-05
3.21612e-05
3.21612e-05
3.21612e-05
3.21612e-05
3.21612e-05
3.21612e-05
3.21612e-05
3.21612e-05
3.21612e-05
3.21612e-05
3.21612e-05
3.21612e-05
3.21612e-05
3.21612e-05
3.21612e-05
3.21612e-05
3.21612e-05
3.21612e-05
3.21612e-05
3.21612e-05
3.21612e-05
3.21612e-05
3.21612e-05
3.21612e-05
3.21612e-05
3.21612e-05
3.21612e-05
3.21612e-05
3.21612e-05
3.21612e-05
3.21612e-05
3.21612e-05
3.21612e-05
3.21612e-05
3.21612e-05
3.21612e-05
3.21612e-05
3.21612e-05
3.21612e-05
3.21612e-05
3.21612e-05
3.21612e-05
3.21612e-05
3.21612e-05
3.21612e-05
3.21612e-05
3.21612e-05
3.21612e-05
3.21612e-05
3.21612e-05
3.21612e-05
3.21612e-05
3.21612e-05
3.21612e-05
3.21612e-05
3.21612e-05
3.21612e-05
3.21612e-05
3.21612e-05
3.21612e-05
3.21612e-05
3.21612e-05
3.21612e-05
3.21612e-05
3.21612e-05
3.21612e-05
3.21612e-05
3.21612e-05
3.21612e-05
3.21612e-05
3.21612e-05
3.21612e-05
3.21612e-05
3.21612e-05
3.21612e-05
3.21612e-05
3.21612e-05
3.21612e-05
3.21612e-05
3.21612e-05
3.21612e-05
3.21612e-05
3.21612e-05
3.21612e-05
3.21612e-05
3.21612e-05
3.21612e-05
3.21612e-05
3.21612e-05
3.21612e-05
3.21612e-05
3.21612e-05
3.21612e-05
3.21612e-05
3.21612e-05
3.21612e-05
3.21612e-05
3.21612e-05
3.21612e-05
3.21612e-05
3.21612e-05
3.21612e-05
3.21612e-05
3.21612e-05
3.21612e-05
3.21612e-05
3.21612e-05
3.21612e-05
3.21612e-05
3.21612e-05
3.21612e-05
3.21612e-05
3.21612e-05
3.21612e-05
3.21612e-05
3.21612e-05
3.21612e-05
3.21612e-05
3.21612e-05
3.21612e-05
3.21612e-05
3.21612e-05
3.21612e-05
3.21612e-05
3.21612e-05
3.21612e-05
3.21612e-05
3.21612e-05
3.21612e-05
3.21612e-05
3.21612e-05
3.21612e-05
3.21612e-05
3.21612e-05
3.21612e-05
3.21612e-05
3.21612e-05
3.21612e-05
3.21612e-05
3.21612e-05
3.21612e-05
3.21612e-05
3.21612e-05
3.21612e-05
3.21612e-05
3.21612e-05
3.21612e-05
3.21612e-05
3.21612e-05
3.21612e-05
3.21612e-05
3.21612e-05
3.21612e-05
3.21612e-05
3.21612e-05
3.21612e-05
3.21612e-05
3.21612e-05
3.21612e-05
3.21612e-05
3.21612e-05
3.21612e-05
3.21612e-05
3.21612e-05
3.21612e-05
3.21612e-05
3.21612e-05
3.21612e-05
3.21612e-05
3.21612e-05
3.21612e-05
3.21612e-05
3.36373e-05
3.36373e-05
3.36373e-05
3.36373e-05
3.36373e-05
3.36373e-05
3.36373e-05
3.36373e-05
3.36373e-05
3.36373e-05
3.36373e-05
3.36373e-05
3.36373e-05
3.36373e-05
3.36373e-05
3.36373e-05
3.36373e-05
3.36373e-05
3.36373e-05
3.36373e-05
3.36373e-05
3.36373e-05
3.36373e-05
3.36373e-05
3.36373e-05
3.36373e-05
3.36373e-05
3.36373e-05
3.36373e-05
3.36373e-05
3.36373e-05
3.36373e-05
3.36373e-05
3.36373e-05
3.36373e-05
3.36373e-05
3.36373e-05
3.36373e-05
3.36373e-05
3.36373e-05
3.36373e-05
3.36373e-05
3.36373e-05
3.36373e-05
3.36373e-05
3.36373e-05
3.36373e-05
3.36373e-05
3.36373e-05
3.36373e-05
3.36373e-05
3.36373e-05
3.36373e-05
3.36373e-05
3.36373e-05
3.36373e-05
3.36373e-05
3.36373e-05
3.36373e-05
3.36373e-05
3.36373e-05
3.36373e-05
3.36373e-05
3.36373e-05
3.36373e-05
3.36373e-05
3.36373e-05
3.36373e-05
3.36373e-05
3.36373e-05
3.36373e-05
3.36373e-05
3.36373e-05
3.36373e-05
3.36373e-05
3.36373e-05
3.36373e-05
3.36373e-05
3.36373e-05
3.36373e-05
3.36373e-05
3.36373e-05
3.36373e-05
3.36373e-05
3.36373e-05
3.36373e-05
3.36373e-05
3.36373e-05
3.36373e-05
3.36373e-05
3.36373e-05
3.36373e-05
3.36373e-05
3.36373e-05
3.36373e-05
3.36373e-05
3.36373e-05
3.36373e-05
3.36373e-05
3.36373e-05
3.36373e-05
3.36373e-05
3.36373e-05
3.36373e-05
3.36373e-05
3.36373e-05
3.36373e-05
3.36373e-05
3.36373e-05
3.36373e-05
3.36373e-05
3.36373e-05
3.36373e-05
3.36373e-05
3.36373e-05
3.36373e-05
3.36373e-05
3.36373e-05
3.36373e-05
3.36373e-05
3.36373e-05
3.36373e-05
3.36373e-05
3.36373e-05
3.36373e-05
3.36373e-05
3.36373e-05
3.36373e-05
3.36373e-05
3.36373e-05
3.36373e-05
3.36373e-05
3.36373e-05
3.36373e-05
3.36373e-05
3.36373e-05
3.36373e-05
3.36373e-05
3.36373e-05
3.36373e-05
3.36373e-05
3.36373e-05
3.36373e-05
3.36373e-05
3.36373e-05
3.36373e-05
3.36373e-05
3.36373e-05
3.36373e-05
3.36373e-05
3.36373e-05
3.36373e-05
3.36373e-05
3.36373e-05
3.36373e-05
3.36373e-05
3.36373e-05
3.36373e-05
3.36373e-05
3.36373e-05
3.36373e-05
3.36373e-05
3.36373e-05
3.36373e-05
3.36373e-05
3.36373e-05
3.36373e-05
3.36373e-05
3.36373e-05
3.36373e-05
3.36373e-05
3.36373e-05
3.36373e-05
3.36373e-05
3.36373e-05
3.36373e-05
3.36373e-05
3.36373e-05
3.36373e-05
3.36373e-05
3.36373e-05
3.36373e-05
3.36373e-05
3.36373e-05
3.36373e-05
3.36373e-05
3.36373e-05
3.36373e-05
3.36373e-05
3.36373e-05
3.36373e-05
3.36373e-05
3.36373e-05
3.36373e-05
3.36373e-05
3.36373e-05
3.36373e-05
3.36373e-05
3.36373e-05
3.36373e-05
3.5788e-05
3.5788e-05
3.5788e-05
3.5788e-05
3.5788e-05
3.5788e-05
3.5788e-05
3.5788e-05
3.5788e-05
3.5788e-05
3.5788e-05
3.5788e-05
3.5788e-05
3.5788e-05
3.5788e-05
3.5788e-05
3.5788e-05
3.5788e-05
3.5788e-05
3.5788e-05
3.5788e-05
3.5788e-05
3.5788e-05
3.5788e-05
3.5788e-05
3.5788e-05
3.5788e-05
3.5788e-05
3.5788e-05
3.5788e-05
3.5788e-05
3.5788e-05
3.5788e-05
3.5788e-05
3.5788e-05
3.5788e-05
3.5788e-05
3.5788e-05
3.5788e-05
3.5788e-05
3.5788e-05
3.5788e-05
3.5788e-05
3.5788e-05
3.5788e-05
3.5788e-05
3.5788e-05
3.5788e-05
3.5788e-05
3.5788e-05
3.5788e-05
3.5788e-05
3.5788e-05
3.5788e-05
3.5788e-05
3.5788e-05
3.5788e-05
3.5788e-05
3.5788e-05
3.5788e-05
3.5788e-05
3.5788e-05
3.5788e-05
3.5788e-05
3.5788e-05
3.5788e-05
3.5788e-05
3.5788e-05
3.5788e-05
3.5788e-05
3.5788e-05
3.5788e-05
3.5788e-05
3.5788e-05
3.5788e-05
3.5788e-05
3.5788e-05
3.5788e-05
3.5788e-05
3.5788e-05
3.5788e-05
3.5788e-05
3.5788e-05
3.5788e-05
3.5788e-05
3.5788e-05
3.5788e-05
3.5788e-05
3.5788e-05
3.5788e-05
3.5788e-05
3.5788e-05
3.5788e-05
3.5788e-05
3.5788e-05
3.5788e-05
3.5788e-05
3.5788e-05
3.5788e-05
3.5788e-05
3.5788e-05
3.5788e-05
3.5788e-05
3.5788e-05
3.5788e-05
3.5788e-05
3.5788e-05
3.5788e-05
3.5788e-05
3.5788e-05
3.5788e-05
3.5788e-05
3.5788e-05
3.5788e-05
3.5788e-05
3.5788e-05
3.5788e-05
3.5788e-05
3.5788e-05
3.5788e-05
3.5788e-05
3.5788e-05
3.5788e-05
3.5788e-05
3.5788e-05
3.5788e-05
3.5788e-05
3.5788e-05
3.5788e-05
3.5788e-05
3.5788e-05
3.5788e-05
3.5788e-05
3.5788e-05
3.5788e-05
3.5788e-05
3.5788e-05
3.5788e-05
3.5788e-05
3.5788e-05
3.5788e-05
3.5788e-05
3.5788e-05
3.5788e-05
3.5788e-05
3.5788e-05
3.5788e-05
3.5788e-05
3.5788e-05
3.5788e-05
3.5788e-05
3.5788e-05
3.5788e-05
3.5788e-05
3.5788e-05
3.5788e-05
3.5788e-05
3.5788e-05
3.5788e-05
3.5788e-05
3.5788e-05
3.5788e-05
3.5788e-05
3.5788e-05
3.5788e-05
3.5788e-05
3.5788e-05
3.5788e-05
3.5788e-05
3.5788e-05
3.5788e-05
3.5788e-05
3.5788e-05
3.5788e-05
3.5788e-05
3.5788e-05
3.5788e-05
3.5788e-05
3.5788e-05
3.5788e-05
3.5788e-05
3.5788e-05
3.5788e-05
3.5788e-05
3.5788e-05
3.5788e-05
3.5788e-05
3.5788e-05
3.5788e-05
3.5788e-05
3.5788e-05
3.5788e-05
3.5788e-05
3.5788e-05
3.5788e-05
3.5788e-05
3.5788e-05
3.5788e-05
3.5788e-05
3.5788e-05
3.76692e-05
3.76692e-05
3.76692e-05
3.76692e-05
3.76692e-05
3.76692e-05
3.76692e-05
3.76692e-05
3.76692e-05
3.76692e-05
3.76692e-05
3.76692e-05
3.76692e-05
3.76692e-05
3.76692e-05
3.76692e-05
3.76692e-05
3.76692e-05
3.76692e-05
3.76692e-05
3.76692e-05
3.76692e-05
3.76692e-05
3.76692e-05
3.76692e-05
3.76692e-05
3.76692e-05
3.76692e-05
3.76692e-05
3.76692e-05
3.76692e-05
3.76692e-05
3.76692e-05
3.76692e-05
3.76692e-05
3.76692e-05
3.76692e-05
3.76692e-05
3.76692e-05
3.76692e-05
3.76692e-05
3.76692e-05
3.76692e-05
3.76692e-05
3.76692e-05
3.76692e-05
3.76692e-05
3.76692e-05
3.76692e-05
3.76692e-05
3.76692e-05
3.76692e-05
3.76692e-05
3.76692e-05
3.76692e-05
3.76692e-05
3.76692e-05
3.76692e-05
3.76692e-05
3.76692e-05
3.76692e-05
3.76692e-05
3.76692e-05
3.76692e-05
3.76692e-05
3.76692e-05
3.76692e-05
3.76692e-05
3.76692e-05
3.76692e-05
3.76692e-05
3.76692e-05
3.76692e-05
3.76692e-05
3.76692e-05
3.76692e-05
3.76692e-05
3.76692e-05
3.76692e-05
3.76692e-05
3.76692e-05
3.76692e-05
3.76692e-05
3.76692e-05
3.76692e-05
3.76692e-05
3.76692e-05
3.76692e-05
3.76692e-05
3.76692e-05
3.76692e-05
3.76692e-05
3.76692e-05
3.76692e-05
3.76692e-05
3.76692e-05
3.76692e-05
3.76692e-05
3.76692e-05
3.76692e-05
3.76692e-05
3.76692e-05
3.76692e-05
3.76692e-05
3.76692e-05
3.76692e-05
3.76692e-05
3.76692e-05
3.76692e-05
3.76692e-05
3.76692e-05
3.76692e-05
3.76692e-05
3.76692e-05
3.76692e-05
3.76692e-05
3.76692e-05
3.76692e-05
3.76692e-05
3.76692e-05
3.76692e-05
3.76692e-05
3.76692e-05
3.76692e-05
3.76692e-05
3.76692e-05
3.76692e-05
3.76692e-05
3.76692e-05
3.76692e-05
3.76692e-05
3.76692e-05
3.76692e-05
3.76692e-05
3.76692e-05
3.76692e-05
3.76692e-05
3.76692e-05
3.76692e-05
3.76692e-05
3.76692e-05
3.76692e-05
3.76692e-05
3.76692e-05
3.76692e-05
3.76692e-05
3.76692e-05
3.76692e-05
3.76692e-05
3.76692e-05
3.76692e-05
3.76692e-05
3.76692e-05
3.76692e-05
3.76692e-05
3.76692e-05
3.76692e-05
3.76692e-05
3.76692e-05
3.76692e-05
3.76692e-05
3.76692e-05
3.76692e-05
3.76692e-05
3.76692e-05
3.76692e-05
3.76692e-05
3.76692e-05
3.76692e-05
3.76692e-05
3.76692e-05
3.76692e-05
3.76692e-05
3.76692e-05
3.76692e-05
3.76692e-05
3.76692e-05
3.76692e-05
3.76692e-05
3.76692e-05
3.76692e-05
3.76692e-05
3.76692e-05
3.76692e-05
3.76692e-05
3.76692e-05
3.76692e-05
3.76692e-05
3.76692e-05
3.76692e-05
3.76692e-05
3.76692e-05
3.76692e-05
3.76692e-05
3.76692e-05
3.76692e-05
3.76692e-05
3.76692e-05
3.76692e-05
3.76692e-05
3.85095e-05
3.85095e-05
3.85095e-05
3.85095e-05
3.85095e-05
3.85095e-05
3.85095e-05
3.85095e-05
3.85095e-05
3.85095e-05
3.85095e-05
3.85095e-05
3.85095e-05
3.85095e-05
3.85095e-05
3.85095e-05
3.85095e-05
3.85095e-05
3.85095e-05
3.85095e-05
3.85095e-05
3.85095e-05
3.85095e-05
3.85095e-05
3.85095e-05
3.85095e-05
3.85095e-05
3.85095e-05
3.85095e-05
3.85095e-05
3.85095e-05
3.85095e-05
3.85095e-05
3.85095e-05
3.85095e-05
3.85095e-05
3.85095e-05
3.85095e-05
3.85095e-05
3.85095e-05
3.85095e-05
3.85095e-05
3.85095e-05
3.85095e-05
3.85095e-05
3.85095e-05
3.85095e-05
3.85095e-05
3.85095e-05
3.85095e-05
3.85095e-05
3.85095e-05
3.85095e-05
3.85095e-05
3.85095e-05
3.85095e-05
3.85095e-05
3.85095e-05
3.85095e-05
3.85095e-05
3.85095e-05
3.85095e-05
3.85095e-05
3.85095e-05
3.85095e-05
3.85095e-05
3.85095e-05
3.85095e-05
3.85095e-05
3.85095e-05
3.85095e-05
3.85095e-05
3.85095e-05
3.85095e-05
3.85095e-05
3.85095e-05
3.85095e-05
3.85095e-05
3.85095e-05
3.85095e-05
3.85095e-05
3.85095e-05
3.85095e-05
3.85095e-05
3.85095e-05
3.85095e-05
3.85095e-05
3.85095e-05
3.85095e-05
3.85095e-05
3.85095e-05
3.85095e-05
3.85095e-05
3.85095e-05
3.85095e-05
3.85095e-05
3.85095e-05
3.85095e-05
3.85095e-05
3.85095e-05
3.85095e-05
3.85095e-05
3.85095e-05
3.85095e-05
3.85095e-05
3.85095e-05
3.85095e-05
3.85095e-05
3.85095e-05
3.85095e-05
3.85095e-05
3.85095e-05
3.85095e-05
3.85095e-05
3.85095e-05
3.85095e-05
3.85095e-05
3.85095e-05
3.85095e-05
3.85095e-05
3.85095e-05
3.85095e-05
3.85095e-05
3.85095e-05
3.85095e-05
3.85095e-05
3.85095e-05
3.85095e-05
3.85095e-05
3.85095e-05
3.85095e-05
3.85095e-05
3.85095e-05
3.85095e-05
3.85095e-05
3.85095e-05
3.85095e-05
3.85095e-05
3.85095e-05
3.85095e-05
3.85095e-05
3.85095e-05
3.85095e-05
3.85095e-05
3.85095e-05
3.85095e-05
3.85095e-05
3.85095e-05
3.85095e-05
3.85095e-05
3.85095e-05
3.85095e-05
3.85095e-05
3.85095e-05
3.85095e-05
3.85095e-05
3.85095e-05
3.85095e-05
3.85095e-05
3.85095e-05
3.85095e-05
3.85095e-05
3.85095e-05
3.85095e-05
3.85095e-05
3.85095e-05
3.85095e-05
3.85095e-05
3.85095e-05
3.85095e-05
3.85095e-05
3.85095e-05
3.85095e-05
3.85095e-05
3.85095e-05
3.85095e-05
3.85095e-05
3.85095e-05
3.85095e-05
3.85095e-05
3.85095e-05
3.85095e-05
3.85095e-05
3.85095e-05
3.85095e-05
3.85095e-05
3.85095e-05
3.85095e-05
3.85095e-05
3.85095e-05
3.85095e-05
3.85095e-05
3.85095e-05
3.85095e-05
3.85095e-05
3.85095e-05
3.85095e-05
3.85095e-05
3.85095e-05
3.85095e-05
3.85412e-05
3.85412e-05
3.85412e-05
3.85412e-05
3.85412e-05
3.85412e-05
3.85412e-05
3.85412e-05
3.85412e-05
3.85412e-05
3.85412e-05
3.85412e-05
3.85412e-05
3.85412e-05
3.85412e-05
3.85412e-05
3.85412e-05
3.85412e-05
3.85412e-05
3.85412e-05
3.85412e-05
3.85412e-05
3.85412e-05
3.85412e-05
3.85412e-05
3.85412e-05
3.85412e-05
3.85412e-05
3.85412e-05
3.85412e-05
3.85412e-05
3.85412e-05
3.85412e-05
3.85412e-05
3.85412e-05
3.85412e-05
3.85412e-05
3.85412e-05
3.85412e-05
3.85412e-05
3.85412e-05
3.85412e-05
3.85412e-05
3.85412e-05
3.85412e-05
3.85412e-05
3.85412e-05
3.85412e-05
3.85412e-05
3.85412e-05
3.85412e-05
3.85412e-05
3.85412e-05
3.85412e-05
3.85412e-05
3.85412e-05
3.85412e-05
3.85412e-05
3.85412e-05
3.85412e-05
3.85412e-05
3.85412e-05
3.85412e-05
3.85412e-05
3.85412e-05
3.85412e-05
3.85412e-05
3.85412e-05
3.85412e-05
3.85412e-05
3.85412e-05
3.85412e-05
3.85412e-05
3.85412e-05
3.85412e-05
3.85412e-05
3.85412e-05
3.85412e-05
3.85412e-05
3.85412e-05
3.85412e-05
3.85412e-05
3.85412e-05
3.85412e-05
3.85412e-05
3.85412e-05
3.85412e-05
3.85412e-05
3.85412e-05
3.85412e-05
3.85412e-05
3.85412e-05
3.85412e-05
3.85412e-05
3.85412e-05
3.85412e-05
3.85412e-05
3.85412e-05
3.85412e-05
3.85412e-05
3.85412e-05
3.85412e-05
3.85412e-05
3.85412e-05
3.85412e-05
3.85412e-05
3.85412e-05
3.85412e-05
3.85412e-05
3.85412e-05
3.85412e-05
3.85412e-05
3.85412e-05
3.85412e-05
3.85412e-05
3.85412e-05
3.85412e-05
3.85412e-05
3.85412e-05
3.85412e-05
3.85412e-05
3.85412e-05
3.85412e-05
3.85412e-05
3.85412e-05
3.85412e-05
3.85412e-05
3.85412e-05
3.85412e-05
3.85412e-05
3.85412e-05
3.85412e-05
3.85412e-05
3.85412e-05
3.85412e-05
3.85412e-05
3.85412e-05
3.85412e-05
3.85412e-05
3.85412e-05
3.85412e-05
3.85412e-05
3.85412e-05
3.85412e-05
3.85412e-05
3.85412e-05
3.85412e-05
3.85412e-05
3.85412e-05
3.85412e-05
3.85412e-05
3.85412e-05
3.85412e-05
3.85412e-05
3.85412e-05
3.85412e-05
3.85412e-05
3.85412e-05
3.85412e-05
3.85412e-05
3.85412e-05
3.85412e-05
3.85412e-05
3.85412e-05
3.85412e-05
3.85412e-05
3.85412e-05
3.85412e-05
3.85412e-05
3.85412e-05
3.85412e-05
3.85412e-05
3.85412e-05
3.85412e-05
3.85412e-05
3.85412e-05
3.85412e-05
3.85412e-05
3.85412e-05
3.85412e-05
3.85412e-05
3.85412e-05
3.85412e-05
3.85412e-05
3.85412e-05
3.85412e-05
3.85412e-05
3.85412e-05
3.85412e-05
3.85412e-05
3.85412e-05
3.85412e-05
3.85412e-05
3.85412e-05
3.85412e-05
3.85412e-05
3.85412e-05
3.85412e-05
3.85412e-05
3.85412e-05
3.82516e-05
3.82516e-05
3.82516e-05
3.82516e-05
3.82516e-05
3.82516e-05
3.82516e-05
3.82516e-05
3.82516e-05
3.82516e-05
3.82516e-05
3.82516e-05
3.82516e-05
3.82516e-05
3.82516e-05
3.82516e-05
3.82516e-05
3.82516e-05
3.82516e-05
3.82516e-05
3.82516e-05
3.82516e-05
3.82516e-05
3.82516e-05
3.82516e-05
3.82516e-05
3.82516e-05
3.82516e-05
3.82516e-05
3.82516e-05
3.82516e-05
3.82516e-05
3.82516e-05
3.82516e-05
3.82516e-05
3.82516e-05
3.82516e-05
3.82516e-05
3.82516e-05
3.82516e-05
3.82516e-05
3.82516e-05
3.82516e-05
3.82516e-05
3.82516e-05
3.82516e-05
3.82516e-05
3.82516e-05
3.82516e-05
3.82516e-05
3.82516e-05
3.82516e-05
3.82516e-05
3.82516e-05
3.82516e-05
3.82516e-05
3.82516e-05
3.82516e-05
3.82516e-05
3.82516e-05
3.82516e-05
3.82516e-05
3.82516e-05
3.82516e-05
3.82516e-05
3.82516e-05
3.82516e-05
3.82516e-05
3.82516e-05
3.82516e-05
3.82516e-05
3.82516e-05
3.82516e-05
3.82516e-05
3.82516e-05
3.82516e-05
3.82516e-05
3.82516e-05
3.82516e-05
3.82516e-05
3.82516e-05
3.82516e-05
3.82516e-05
3.82516e-05
3.82516e-05
3.82516e-05
3.82516e-05
3.82516e-05
3.82516e-05
3.82516e-05
3.82516e-05
3.82516e-05
3.82516e-05
3.82516e-05
3.82516e-05
3.82516e-05
3.82516e-05
3.82516e-05
3.82516e-05
3.82516e-05
3.82516e-05
3.82516e-05
3.82516e-05
3.82516e-05
3.82516e-05
3.82516e-05
3.82516e-05
3.82516e-05
3.82516e-05
3.82516e-05
3.82516e-05
3.82516e-05
3.82516e-05
3.82516e-05
3.82516e-05
3.82516e-05
3.82516e-05
3.82516e-05
3.82516e-05
3.82516e-05
3.82516e-05
3.82516e-05
3.82516e-05
3.82516e-05
3.82516e-05
3.82516e-05
3.82516e-05
3.82516e-05
3.82516e-05
3.82516e-05
3.82516e-05
3.82516e-05
3.82516e-05
3.82516e-05
3.82516e-05
3.82516e-05
3.82516e-05
3.82516e-05
3.82516e-05
3.82516e-05
3.82516e-05
3.82516e-05
3.82516e-05
3.82516e-05
3.82516e-05
3.82516e-05
3.82516e-05
3.82516e-05
3.82516e-05
3.82516e-05
3.82516e-05
3.82516e-05
3.82516e-05
3.82516e-05
3.82516e-05
3.82516e-05
3.82516e-05
3.82516e-05
3.82516e-05
3.82516e-05
3.82516e-05
3.82516e-05
3.82516e-05
3.82516e-05
3.82516e-05
3.82516e-05
3.82516e-05
3.82516e-05
3.82516e-05
3.82516e-05
3.82516e-05
3.82516e-05
3.82516e-05
3.82516e-05
3.82516e-05
3.82516e-05
3.82516e-05
3.82516e-05
3.82516e-05
3.82516e-05
3.82516e-05
3.82516e-05
3.82516e-05
3.82516e-05
3.82516e-05
3.82516e-05
3.82516e-05
3.82516e-05
3.82516e-05
3.82516e-05
3.82516e-05
3.82516e-05
3.82516e-05
3.82516e-05
3.82516e-05
3.82516e-05
3.82516e-05
3.82516e-05
3.82516e-05
3.82516e-05
3.79231e-05
3.79231e-05
3.79231e-05
3.79231e-05
3.79231e-05
3.79231e-05
3.79231e-05
3.79231e-05
3.79231e-05
3.79231e-05
3.79231e-05
3.79231e-05
3.79231e-05
3.79231e-05
3.79231e-05
3.79231e-05
3.79231e-05
3.79231e-05
3.79231e-05
3.79231e-05
3.79231e-05
3.79231e-05
3.79231e-05
3.79231e-05
3.79231e-05
3.79231e-05
3.79231e-05
3.79231e-05
3.79231e-05
3.79231e-05
3.79231e-05
3.79231e-05
3.79231e-05
3.79231e-05
3.79231e-05
3.79231e-05
3.79231e-05
3.79231e-05
3.79231e-05
3.79231e-05
3.79231e-05
3.79231e-05
3.79231e-05
3.79231e-05
3.79231e-05
3.79231e-05
3.79231e-05
3.79231e-05
3.79231e-05
3.79231e-05
3.79231e-05
3.79231e-05
3.79231e-05
3.79231e-05
3.79231e-05
3.79231e-05
3.79231e-05
3.79231e-05
3.79231e-05
3.79231e-05
3.79231e-05
3.79231e-05
3.79231e-05
3.79231e-05
3.79231e-05
3.79231e-05
3.79231e-05
3.79231e-05
3.79231e-05
3.79231e-05
3.79231e-05
3.79231e-05
3.79231e-05
3.79231e-05
3.79231e-05
3.79231e-05
3.79231e-05
3.79231e-05
3.79231e-05
3.79231e-05
3.79231e-05
3.79231e-05
3.79231e-05
3.79231e-05
3.79231e-05
3.79231e-05
3.79231e-05
3.79231e-05
3.79231e-05
3.79231e-05
3.79231e-05
3.79231e-05
3.79231e-05
3.79231e-05
3.79231e-05
3.79231e-05
3.79231e-05
3.79231e-05
3.79231e-05
3.79231e-05
3.79231e-05
3.79231e-05
3.79231e-05
3.79231e-05
3.79231e-05
3.79231e-05
3.79231e-05
3.79231e-05
3.79231e-05
3.79231e-05
3.79231e-05
3.79231e-05
3.79231e-05
3.79231e-05
3.79231e-05
3.79231e-05
3.79231e-05
3.79231e-05
3.79231e-05
3.79231e-05
3.79231e-05
3.79231e-05
3.79231e-05
3.79231e-05
3.79231e-05
3.79231e-05
3.79231e-05
3.79231e-05
3.79231e-05
3.79231e-05
3.79231e-05
3.79231e-05
3.79231e-05
3.79231e-05
3.79231e-05
3.79231e-05
3.79231e-05
3.79231e-05
3.79231e-05
3.79231e-05
3.79231e-05
3.79231e-05
3.79231e-05
3.79231e-05
3.79231e-05
3.79231e-05
3.79231e-05
3.79231e-05
3.79231e-05
3.79231e-05
3.79231e-05
3.79231e-05
3.79231e-05
3.79231e-05
3.79231e-05
3.79231e-05
3.79231e-05
3.79231e-05
3.79231e-05
3.79231e-05
3.79231e-05
3.79231e-05
3.79231e-05
3.79231e-05
3.79231e-05
3.79231e-05
3.79231e-05
3.79231e-05
3.79231e-05
3.79231e-05
3.79231e-05
3.79231e-05
3.79231e-05
3.79231e-05
3.79231e-05
3.79231e-05
3.79231e-05
3.79231e-05
3.79231e-05
3.79231e-05
3.79231e-05
3.79231e-05
3.79231e-05
3.79231e-05
3.79231e-05
3.79231e-05
3.79231e-05
3.79231e-05
3.79231e-05
3.79231e-05
3.79231e-05
3.79231e-05
3.79231e-05
3.79231e-05
3.79231e-05
3.79231e-05
3.79231e-05
3.79231e-05
3.79231e-05
3.79231e-05
3.76544e-05
3.76544e-05
3.76544e-05
3.76544e-05
3.76544e-05
3.76544e-05
3.76544e-05
3.76544e-05
3.76544e-05
3.76544e-05
3.76544e-05
3.76544e-05
3.76544e-05
3.76544e-05
3.76544e-05
3.76544e-05
3.76544e-05
3.76544e-05
3.76544e-05
3.76544e-05
3.76544e-05
3.76544e-05
3.76544e-05
3.76544e-05
3.76544e-05
3.76544e-05
3.76544e-05
3.76544e-05
3.76544e-05
3.76544e-05
3.76544e-05
3.76544e-05
3.76544e-05
3.76544e-05
3.76544e-05
3.76544e-05
3.76544e-05
3.76544e-05
3.76544e-05
3.76544e-05
3.76544e-05
3.76544e-05
3.76544e-05
3.76544e-05
3.76544e-05
3.76544e-05
3.76544e-05
3.76544e-05
3.76544e-05
3.76544e-05
3.76544e-05
3.76544e-05
3.76544e-05
3.76544e-05
3.76544e-05
3.76544e-05
3.76544e-05
3.76544e-05
3.76544e-05
3.76544e-05
3.76544e-05
3.76544e-05
3.76544e-05
3.76544e-05
3.76544e-05
3.76544e-05
3.76544e-05
3.76544e-05
3.76544e-05
3.76544e-05
3.76544e-05
3.76544e-05
3.76544e-05
3.76544e-05
3.76544e-05
3.76544e-05
3.76544e-05
3.76544e-05
3.76544e-05
3.76544e-05
3.76544e-05
3.76544e-05
3.76544e-05
3.76544e-05
3.76544e-05
3.76544e-05
3.76544e-05
3.76544e-05
3.76544e-05
3.76544e-05
3.76544e-05
3.76544e-05
3.76544e-05
3.76544e-05
3.76544e-05
3.76544e-05
3.76544e-05
3.76544e-05
3.76544e-05
3.76544e-05
3.76544e-05
3.76544e-05
3.76544e-05
3.76544e-05
3.76544e-05
3.76544e-05
3.76544e-05
3.76544e-05
3.76544e-05
3.76544e-05
3.76544e-05
3.76544e-05
3.76544e-05
3.76544e-05
3.76544e-05
3.76544e-05
3.76544e-05
3.76544e-05
3.76544e-05
3.76544e-05
3.76544e-05
3.76544e-05
3.76544e-05
3.76544e-05
3.76544e-05
3.76544e-05
3.76544e-05
3.76544e-05
3.76544e-05
3.76544e-05
3.76544e-05
3.76544e-05
3.76544e-05
3.76544e-05
3.76544e-05
3.76544e-05
3.76544e-05
3.76544e-05
3.76544e-05
3.76544e-05
3.76544e-05
3.76544e-05
3.76544e-05
3.76544e-05
3.76544e-05
3.76544e-05
3.76544e-05
3.76544e-05
3.76544e-05
3.76544e-05
3.76544e-05
3.76544e-05
3.76544e-05
3.76544e-05
3.76544e-05
3.76544e-05
3.76544e-05
3.76544e-05
3.76544e-05
3.76544e-05
3.76544e-05
3.76544e-05
3.76544e-05
3.76544e-05
3.76544e-05
3.76544e-05
3.76544e-05
3.76544e-05
3.76544e-05
3.76544e-05
3.76544e-05
3.76544e-05
3.76544e-05
3.76544e-05
3.76544e-05
3.76544e-05
3.76544e-05
3.76544e-05
3.76544e-05
3.76544e-05
3.76544e-05
3.76544e-05
3.76544e-05
3.76544e-05
3.76544e-05
3.76544e-05
3.76544e-05
3.76544e-05
3.76544e-05
3.76544e-05
3.76544e-05
3.76544e-05
3.76544e-05
3.76544e-05
3.76544e-05
3.76544e-05
3.76544e-05
3.76544e-05
3.76544e-05
3.76544e-05
3.74607e-05
3.74607e-05
3.74607e-05
3.74607e-05
3.74607e-05
3.74607e-05
3.74607e-05
3.74607e-05
3.74607e-05
3.74607e-05
3.74607e-05
3.74607e-05
3.74607e-05
3.74607e-05
3.74607e-05
3.74607e-05
3.74607e-05
3.74607e-05
3.74607e-05
3.74607e-05
3.74607e-05
3.74607e-05
3.74607e-05
3.74607e-05
3.74607e-05
3.74607e-05
3.74607e-05
3.74607e-05
3.74607e-05
3.74607e-05
3.74607e-05
3.74607e-05
3.74607e-05
3.74607e-05
3.74607e-05
3.74607e-05
3.74607e-05
3.74607e-05
3.74607e-05
3.74607e-05
3.74607e-05
3.74607e-05
3.74607e-05
3.74607e-05
3.74607e-05
3.74607e-05
3.74607e-05
3.74607e-05
3.74607e-05
3.74607e-05
3.74607e-05
3.74607e-05
3.74607e-05
3.74607e-05
3.74607e-05
3.74607e-05
3.74607e-05
3.74607e-05
3.74607e-05
3.74607e-05
3.74607e-05
3.74607e-05
3.74607e-05
3.74607e-05
3.74607e-05
3.74607e-05
3.74607e-05
3.74607e-05
3.74607e-05
3.74607e-05
3.74607e-05
3.74607e-05
3.74607e-05
3.74607e-05
3.74607e-05
3.74607e-05
3.74607e-05
3.74607e-05
3.74607e-05
3.74607e-05
3.74607e-05
3.74607e-05
3.74607e-05
3.74607e-05
3.74607e-05
3.74607e-05
3.74607e-05
3.74607e-05
3.74607e-05
3.74607e-05
3.74607e-05
3.74607e-05
3.74607e-05
3.74607e-05
3.74607e-05
3.74607e-05
3.74607e-05
3.74607e-05
3.74607e-05
3.74607e-05
3.74607e-05
3.74607e-05
3.74607e-05
3.74607e-05
3.74607e-05
3.74607e-05
3.74607e-05
3.74607e-05
3.74607e-05
3.74607e-05
3.74607e-05
3.74607e-05
3.74607e-05
3.74607e-05
3.74607e-05
3.74607e-05
3.74607e-05
3.74607e-05
3.74607e-05
3.74607e-05
3.74607e-05
3.74607e-05
3.74607e-05
3.74607e-05
3.74607e-05
3.74607e-05
3.74607e-05
3.74607e-05
3.74607e-05
3.74607e-05
3.74607e-05
3.74607e-05
3.74607e-05
3.74607e-05
3.74607e-05
3.74607e-05
3.74607e-05
3.74607e-05
3.74607e-05
3.74607e-05
3.74607e-05
3.74607e-05
3.74607e-05
3.74607e-05
3.74607e-05
3.74607e-05
3.74607e-05
3.74607e-05
3.74607e-05
3.74607e-05
3.74607e-05
3.74607e-05
3.74607e-05
3.74607e-05
3.74607e-05
3.74607e-05
3.74607e-05
3.74607e-05
3.74607e-05
3.74607e-05
3.74607e-05
3.74607e-05
3.74607e-05
3.74607e-05
3.74607e-05
3.74607e-05
3.74607e-05
3.74607e-05
3.74607e-05
3.74607e-05
3.74607e-05
3.74607e-05
3.74607e-05
3.74607e-05
3.74607e-05
3.74607e-05
3.74607e-05
3.74607e-05
3.74607e-05
3.74607e-05
3.74607e-05
3.74607e-05
3.74607e-05
3.74607e-05
3.74607e-05
3.74607e-05
3.74607e-05
3.74607e-05
3.74607e-05
3.74607e-05
3.74607e-05
3.74607e-05
3.74607e-05
3.74607e-05
3.74607e-05
3.74607e-05
3.74607e-05
3.74607e-05
3.74607e-05
3.74607e-05
3.73302e-05
3.73302e-05
3.73302e-05
3.73302e-05
3.73302e-05
3.73302e-05
3.73302e-05
3.73302e-05
3.73302e-05
3.73302e-05
3.73302e-05
3.73302e-05
3.73302e-05
3.73302e-05
3.73302e-05
3.73302e-05
3.73302e-05
3.73302e-05
3.73302e-05
3.73302e-05
3.73302e-05
3.73302e-05
3.73302e-05
3.73302e-05
3.73302e-05
3.73302e-05
3.73302e-05
3.73302e-05
3.73302e-05
3.73302e-05
3.73302e-05
3.73302e-05
3.73302e-05
3.73302e-05
3.73302e-05
3.73302e-05
3.73302e-05
3.73302e-05
3.73302e-05
3.73302e-05
3.73302e-05
3.73302e-05
3.73302e-05
3.73302e-05
3.73302e-05
3.73302e-05
3.73302e-05
3.73302e-05
3.73302e-05
3.73302e-05
3.73302e-05
3.73302e-05
3.73302e-05
3.73302e-05
3.73302e-05
3.73302e-05
3.73302e-05
3.73302e-05
3.73302e-05
3.73302e-05
3.73302e-05
3.73302e-05
3.73302e-05
3.73302e-05
3.73302e-05
3.73302e-05
3.73302e-05
3.73302e-05
3.73302e-05
3.73302e-05
3.73302e-05
3.73302e-05
3.73302e-05
3.73302e-05
3.73302e-05
3.73302e-05
3.73302e-05
3.73302e-05
3.73302e-05
3.73302e-05
3.73302e-05
3.73302e-05
3.73302e-05
3.73302e-05
3.73302e-05
3.73302e-05
3.73302e-05
3.73302e-05
3.73302e-05
3.73302e-05
3.73302e-05
3.73302e-05
3.73302e-05
3.73302e-05
3.73302e-05
3.73302e-05
3.73302e-05
3.73302e-05
3.73302e-05
3.73302e-05
3.73302e-05
3.73302e-05
3.73302e-05
3.73302e-05
3.73302e-05
3.73302e-05
3.73302e-05
3.73302e-05
3.73302e-05
3.73302e-05
3.73302e-05
3.73302e-05
3.73302e-05
3.73302e-05
3.73302e-05
3.73302e-05
3.73302e-05
3.73302e-05
3.73302e-05
3.73302e-05
3.73302e-05
3.73302e-05
3.73302e-05
3.73302e-05
3.73302e-05
3.73302e-05
3.73302e-05
3.73302e-05
3.73302e-05
3.73302e-05
3.73302e-05
3.73302e-05
3.73302e-05
3.73302e-05
3.73302e-05
3.73302e-05
3.73302e-05
3.73302e-05
3.73302e-05
3.73302e-05
3.73302e-05
3.73302e-05
3.73302e-05
3.73302e-05
3.73302e-05
3.73302e-05
3.73302e-05
3.73302e-05
3.73302e-05
3.73302e-05
3.73302e-05
3.73302e-05
3.73302e-05
3.73302e-05
3.73302e-05
3.73302e-05
3.73302e-05
3.73302e-05
3.73302e-05
3.73302e-05
3.73302e-05
3.73302e-05
3.73302e-05
3.73302e-05
3.73302e-05
3.73302e-05
3.73302e-05
3.73302e-05
3.73302e-05
3.73302e-05
3.73302e-05
3.73302e-05
3.73302e-05
3.73302e-05
3.73302e-05
3.73302e-05
3.73302e-05
3.73302e-05
3.73302e-05
3.73302e-05
3.73302e-05
3.73302e-05
3.73302e-05
3.73302e-05
3.73302e-05
3.73302e-05
3.73302e-05
3.73302e-05
3.73302e-05
3.73302e-05
3.73302e-05
3.73302e-05
3.73302e-05
3.73302e-05
3.73302e-05
3.73302e-05
3.73302e-05
3.73302e-05
3.73302e-05
3.73302e-05
3.72464e-05
3.72464e-05
3.72464e-05
3.72464e-05
3.72464e-05
3.72464e-05
3.72464e-05
3.72464e-05
3.72464e-05
3.72464e-05
3.72464e-05
3.72464e-05
3.72464e-05
3.72464e-05
3.72464e-05
3.72464e-05
3.72464e-05
3.72464e-05
3.72464e-05
3.72464e-05
3.72464e-05
3.72464e-05
3.72464e-05
3.72464e-05
3.72464e-05
3.72464e-05
3.72464e-05
3.72464e-05
3.72464e-05
3.72464e-05
3.72464e-05
3.72464e-05
3.72464e-05
3.72464e-05
3.72464e-05
3.72464e-05
3.72464e-05
3.72464e-05
3.72464e-05
3.72464e-05
3.72464e-05
3.72464e-05
3.72464e-05
3.72464e-05
3.72464e-05
3.72464e-05
3.72464e-05
3.72464e-05
3.72464e-05
3.72464e-05
3.72464e-05
3.72464e-05
3.72464e-05
3.72464e-05
3.72464e-05
3.72464e-05
3.72464e-05
3.72464e-05
3.72464e-05
3.72464e-05
3.72464e-05
3.72464e-05
3.72464e-05
3.72464e-05
3.72464e-05
3.72464e-05
3.72464e-05
3.72464e-05
3.72464e-05
3.72464e-05
3.72464e-05
3.72464e-05
3.72464e-05
3.72464e-05
3.72464e-05
3.72464e-05
3.72464e-05
3.72464e-05
3.72464e-05
3.72464e-05
3.72464e-05
3.72464e-05
3.72464e-05
3.72464e-05
3.72464e-05
3.72464e-05
3.72464e-05
3.72464e-05
3.72464e-05
3.72464e-05
3.72464e-05
3.72464e-05
3.72464e-05
3.72464e-05
3.72464e-05
3.72464e-05
3.72464e-05
3.72464e-05
3.72464e-05
3.72464e-05
3.72464e-05
3.72464e-05
3.72464e-05
3.72464e-05
3.72464e-05
3.72464e-05
3.72464e-05
3.72464e-05
3.72464e-05
3.72464e-05
3.72464e-05
3.72464e-05
3.72464e-05
3.72464e-05
3.72464e-05
3.72464e-05
3.72464e-05
3.72464e-05
3.72464e-05
3.72464e-05
3.72464e-05
3.72464e-05
3.72464e-05
3.72464e-05
3.72464e-05
3.72464e-05
3.72464e-05
3.72464e-05
3.72464e-05
3.72464e-05
3.72464e-05
3.72464e-05
3.72464e-05
3.72464e-05
3.72464e-05
3.72464e-05
3.72464e-05
3.72464e-05
3.72464e-05
3.72464e-05
3.72464e-05
3.72464e-05
3.72464e-05
3.72464e-05
3.72464e-05
3.72464e-05
3.72464e-05
3.72464e-05
3.72464e-05
3.72464e-05
3.72464e-05
3.72464e-05
3.72464e-05
3.72464e-05
3.72464e-05
3.72464e-05
3.72464e-05
3.72464e-05
3.72464e-05
3.72464e-05
3.72464e-05
3.72464e-05
3.72464e-05
3.72464e-05
3.72464e-05
3.72464e-05
3.72464e-05
3.72464e-05
3.72464e-05
3.72464e-05
3.72464e-05
3.72464e-05
3.72464e-05
3.72464e-05
3.72464e-05
3.72464e-05
3.72464e-05
3.72464e-05
3.72464e-05
3.72464e-05
3.72464e-05
3.72464e-05
3.72464e-05
3.72464e-05
3.72464e-05
3.72464e-05
3.72464e-05
3.72464e-05
3.72464e-05
3.72464e-05
3.72464e-05
3.72464e-05
3.72464e-05
3.72464e-05
3.72464e-05
3.72464e-05
3.72464e-05
3.72464e-05
3.72464e-05
3.72464e-05
3.71947e-05
3.71947e-05
3.71947e-05
3.71947e-05
3.71947e-05
3.71947e-05
3.71947e-05
3.71947e-05
3.71947e-05
3.71947e-05
3.71947e-05
3.71947e-05
3.71947e-05
3.71947e-05
3.71947e-05
3.71947e-05
3.71947e-05
3.71947e-05
3.71947e-05
3.71947e-05
3.71947e-05
3.71947e-05
3.71947e-05
3.71947e-05
3.71947e-05
3.71947e-05
3.71947e-05
3.71947e-05
3.71947e-05
3.71947e-05
3.71947e-05
3.71947e-05
3.71947e-05
3.71947e-05
3.71947e-05
3.71947e-05
3.71947e-05
3.71947e-05
3.71947e-05
3.71947e-05
3.71947e-05
3.71947e-05
3.71947e-05
3.71947e-05
3.71947e-05
3.71947e-05
3.71947e-05
3.71947e-05
3.71947e-05
3.71947e-05
3.71947e-05
3.71947e-05
3.71947e-05
3.71947e-05
3.71947e-05
3.71947e-05
3.71947e-05
3.71947e-05
3.71947e-05
3.71947e-05
3.71947e-05
3.71947e-05
3.71947e-05
3.71947e-05
3.71947e-05
3.71947e-05
3.71947e-05
3.71947e-05
3.71947e-05
3.71947e-05
3.71947e-05
3.71947e-05
3.71947e-05
3.71947e-05
3.71947e-05
3.71947e-05
3.71947e-05
3.71947e-05
3.71947e-05
3.71947e-05
3.71947e-05
3.71947e-05
3.71947e-05
3.71947e-05
3.71947e-05
3.71947e-05
3.71947e-05
3.71947e-05
3.71947e-05
3.71947e-05
3.71947e-05
3.71947e-05
3.71947e-05
3.71947e-05
3.71947e-05
3.71947e-05
3.71947e-05
3.71947e-05
3.71947e-05
3.71947e-05
3.71947e-05
3.71947e-05
3.71947e-05
3.71947e-05
3.71947e-05
3.71947e-05
3.71947e-05
3.71947e-05
3.71947e-05
3.71947e-05
3.71947e-05
3.71947e-05
3.71947e-05
3.71947e-05
3.71947e-05
3.71947e-05
3.71947e-05
3.71947e-05
3.71947e-05
3.71947e-05
3.71947e-05
3.71947e-05
3.71947e-05
3.71947e-05
3.71947e-05
3.71947e-05
3.71947e-05
3.71947e-05
3.71947e-05
3.71947e-05
3.71947e-05
3.71947e-05
3.71947e-05
3.71947e-05
3.71947e-05
3.71947e-05
3.71947e-05
3.71947e-05
3.71947e-05
3.71947e-05
3.71947e-05
3.71947e-05
3.71947e-05
3.71947e-05
3.71947e-05
3.71947e-05
3.71947e-05
3.71947e-05
3.71947e-05
3.71947e-05
3.71947e-05
3.71947e-05
3.71947e-05
3.71947e-05
3.71947e-05
3.71947e-05
3.71947e-05
3.71947e-05
3.71947e-05
3.71947e-05
3.71947e-05
3.71947e-05
3.71947e-05
3.71947e-05
3.71947e-05
3.71947e-05
3.71947e-05
3.71947e-05
3.71947e-05
3.71947e-05
3.71947e-05
3.71947e-05
3.71947e-05
3.71947e-05
3.71947e-05
3.71947e-05
3.71947e-05
3.71947e-05
3.71947e-05
3.71947e-05
3.71947e-05
3.71947e-05
3.71947e-05
3.71947e-05
3.71947e-05
3.71947e-05
3.71947e-05
3.71947e-05
3.71947e-05
3.71947e-05
3.71947e-05
3.71947e-05
3.71947e-05
3.71947e-05
3.71947e-05
3.71947e-05
3.71947e-05
3.71947e-05
3.71947e-05
3.71947e-05
3.71639e-05
3.71639e-05
3.71639e-05
3.71639e-05
3.71639e-05
3.71639e-05
3.71639e-05
3.71639e-05
3.71639e-05
3.71639e-05
3.71639e-05
3.71639e-05
3.71639e-05
3.71639e-05
3.71639e-05
3.71639e-05
3.71639e-05
3.71639e-05
3.71639e-05
3.71639e-05
3.71639e-05
3.71639e-05
3.71639e-05
3.71639e-05
3.71639e-05
3.71639e-05
3.71639e-05
3.71639e-05
3.71639e-05
3.71639e-05
3.71639e-05
3.71639e-05
3.71639e-05
3.71639e-05
3.71639e-05
3.71639e-05
3.71639e-05
3.71639e-05
3.71639e-05
3.71639e-05
3.71639e-05
3.71639e-05
3.71639e-05
3.71639e-05
3.71639e-05
3.71639e-05
3.71639e-05
3.71639e-05
3.71639e-05
3.71639e-05
3.71639e-05
3.71639e-05
3.71639e-05
3.71639e-05
3.71639e-05
3.71639e-05
3.71639e-05
3.71639e-05
3.71639e-05
3.71639e-05
3.71639e-05
3.71639e-05
3.71639e-05
3.71639e-05
3.71639e-05
3.71639e-05
3.71639e-05
3.71639e-05
3.71639e-05
3.71639e-05
3.71639e-05
3.71639e-05
3.71639e-05
3.71639e-05
3.71639e-05
3.71639e-05
3.71639e-05
3.71639e-05
3.71639e-05
3.71639e-05
3.71639e-05
3.71639e-05
3.71639e-05
3.71639e-05
3.71639e-05
3.71639e-05
3.71639e-05
3.71639e-05
3.71639e-05
3.71639e-05
3.71639e-05
3.71639e-05
3.71639e-05
3.71639e-05
3.71639e-05
3.71639e-05
3.71639e-05
3.71639e-05
3.71639e-05
3.71639e-05
3.71639e-05
3.71639e-05
3.71639e-05
3.71639e-05
3.71639e-05
3.71639e-05
3.71639e-05
3.71639e-05
3.71639e-05
3.71639e-05
3.71639e-05
3.71639e-05
3.71639e-05
3.71639e-05
3.71639e-05
3.71639e-05
3.71639e-05
3.71639e-05
3.71639e-05
3.71639e-05
3.71639e-05
3.71639e-05
3.71639e-05
3.71639e-05
3.71639e-05
3.71639e-05
3.71639e-05
3.71639e-05
3.71639e-05
3.71639e-05
3.71639e-05
3.71639e-05
3.71639e-05
3.71639e-05
3.71639e-05
3.71639e-05
3.71639e-05
3.71639e-05
3.71639e-05
3.71639e-05
3.71639e-05
3.71639e-05
3.71639e-05
3.71639e-05
3.71639e-05
3.71639e-05
3.71639e-05
3.71639e-05
3.71639e-05
3.71639e-05
3.71639e-05
3.71639e-05
3.71639e-05
3.71639e-05
3.71639e-05
3.71639e-05
3.71639e-05
3.71639e-05
3.71639e-05
3.71639e-05
3.71639e-05
3.71639e-05
3.71639e-05
3.71639e-05
3.71639e-05
3.71639e-05
3.71639e-05
3.71639e-05
3.71639e-05
3.71639e-05
3.71639e-05
3.71639e-05
3.71639e-05
3.71639e-05
3.71639e-05
3.71639e-05
3.71639e-05
3.71639e-05
3.71639e-05
3.71639e-05
3.71639e-05
3.71639e-05
3.71639e-05
3.71639e-05
3.71639e-05
3.71639e-05
3.71639e-05
3.71639e-05
3.71639e-05
3.71639e-05
3.71639e-05
3.71639e-05
3.71639e-05
3.71639e-05
3.71639e-05
3.71639e-05
3.71639e-05
3.71639e-05
3.71639e-05
3.71639e-05
3.71463e-05
3.71463e-05
3.71463e-05
3.71463e-05
3.71463e-05
3.71463e-05
3.71463e-05
3.71463e-05
3.71463e-05
3.71463e-05
3.71463e-05
3.71463e-05
3.71463e-05
3.71463e-05
3.71463e-05
3.71463e-05
3.71463e-05
3.71463e-05
3.71463e-05
3.71463e-05
3.71463e-05
3.71463e-05
3.71463e-05
3.71463e-05
3.71463e-05
3.71463e-05
3.71463e-05
3.71463e-05
3.71463e-05
3.71463e-05
3.71463e-05
3.71463e-05
3.71463e-05
3.71463e-05
3.71463e-05
3.71463e-05
3.71463e-05
3.71463e-05
3.71463e-05
3.71463e-05
3.71463e-05
3.71463e-05
3.71463e-05
3.71463e-05
3.71463e-05
3.71463e-05
3.71463e-05
3.71463e-05
3.71463e-05
3.71463e-05
3.71463e-05
3.71463e-05
3.71463e-05
3.71463e-05
3.71463e-05
3.71463e-05
3.71463e-05
3.71463e-05
3.71463e-05
3.71463e-05
3.71463e-05
3.71463e-05
3.71463e-05
3.71463e-05
3.71463e-05
3.71463e-05
3.71463e-05
3.71463e-05
3.71463e-05
3.71463e-05
3.71463e-05
3.71463e-05
3.71463e-05
3.71463e-05
3.71463e-05
3.71463e-05
3.71463e-05
3.71463e-05
3.71463e-05
3.71463e-05
3.71463e-05
3.71463e-05
3.71463e-05
3.71463e-05
3.71463e-05
3.71463e-05
3.71463e-05
3.71463e-05
3.71463e-05
3.71463e-05
3.71463e-05
3.71463e-05
3.71463e-05
3.71463e-05
3.71463e-05
3.71463e-05
3.71463e-05
3.71463e-05
3.71463e-05
3.71463e-05
3.71463e-05
3.71463e-05
3.71463e-05
3.71463e-05
3.71463e-05
3.71463e-05
3.71463e-05
3.71463e-05
3.71463e-05
3.71463e-05
3.71463e-05
3.71463e-05
3.71463e-05
3.71463e-05
3.71463e-05
3.71463e-05
3.71463e-05
3.71463e-05
3.71463e-05
3.71463e-05
3.71463e-05
3.71463e-05
3.71463e-05
3.71463e-05
3.71463e-05
3.71463e-05
3.71463e-05
3.71463e-05
3.71463e-05
3.71463e-05
3.71463e-05
3.71463e-05
3.71463e-05
3.71463e-05
3.71463e-05
3.71463e-05
3.71463e-05
3.71463e-05
3.71463e-05
3.71463e-05
3.71463e-05
3.71463e-05
3.71463e-05
3.71463e-05
3.71463e-05
3.71463e-05
3.71463e-05
3.71463e-05
3.71463e-05
3.71463e-05
3.71463e-05
3.71463e-05
3.71463e-05
3.71463e-05
3.71463e-05
3.71463e-05
3.71463e-05
3.71463e-05
3.71463e-05
3.71463e-05
3.71463e-05
3.71463e-05
3.71463e-05
3.71463e-05
3.71463e-05
3.71463e-05
3.71463e-05
3.71463e-05
3.71463e-05
3.71463e-05
3.71463e-05
3.71463e-05
3.71463e-05
3.71463e-05
3.71463e-05
3.71463e-05
3.71463e-05
3.71463e-05
3.71463e-05
3.71463e-05
3.71463e-05
3.71463e-05
3.71463e-05
3.71463e-05
3.71463e-05
3.71463e-05
3.71463e-05
3.71463e-05
3.71463e-05
3.71463e-05
3.71463e-05
3.71463e-05
3.71463e-05
3.71463e-05
3.71463e-05
3.71463e-05
3.71463e-05
3.71463e-05
3.71463e-05
3.71463e-05
3.71365e-05
3.71365e-05
3.71365e-05
3.71365e-05
3.71365e-05
3.71365e-05
3.71365e-05
3.71365e-05
3.71365e-05
3.71365e-05
3.71365e-05
3.71365e-05
3.71365e-05
3.71365e-05
3.71365e-05
3.71365e-05
3.71365e-05
3.71365e-05
3.71365e-05
3.71365e-05
3.71365e-05
3.71365e-05
3.71365e-05
3.71365e-05
3.71365e-05
3.71365e-05
3.71365e-05
3.71365e-05
3.71365e-05
3.71365e-05
3.71365e-05
3.71365e-05
3.71365e-05
3.71365e-05
3.71365e-05
3.71365e-05
3.71365e-05
3.71365e-05
3.71365e-05
3.71365e-05
3.71365e-05
3.71365e-05
3.71365e-05
3.71365e-05
3.71365e-05
3.71365e-05
3.71365e-05
3.71365e-05
3.71365e-05
3.71365e-05
3.71365e-05
3.71365e-05
3.71365e-05
3.71365e-05
3.71365e-05
3.71365e-05
3.71365e-05
3.71365e-05
3.71365e-05
3.71365e-05
3.71365e-05
3.71365e-05
3.71365e-05
3.71365e-05
3.71365e-05
3.71365e-05
3.71365e-05
3.71365e-05
3.71365e-05
3.71365e-05
3.71365e-05
3.71365e-05
3.71365e-05
3.71365e-05
3.71365e-05
3.71365e-05
3.71365e-05
3.71365e-05
3.71365e-05
3.71365e-05
3.71365e-05
3.71365e-05
3.71365e-05
3.71365e-05
3.71365e-05
3.71365e-05
3.71365e-05
3.71365e-05
3.71365e-05
3.71365e-05
3.71365e-05
3.71365e-05
3.71365e-05
3.71365e-05
3.71365e-05
3.71365e-05
3.71365e-05
3.71365e-05
3.71365e-05
3.71365e-05
3.71365e-05
3.71365e-05
3.71365e-05
3.71365e-05
3.71365e-05
3.71365e-05
3.71365e-05
3.71365e-05
3.71365e-05
3.71365e-05
3.71365e-05
3.71365e-05
3.71365e-05
3.71365e-05
3.71365e-05
3.71365e-05
3.71365e-05
3.71365e-05
3.71365e-05
3.71365e-05
3.71365e-05
3.71365e-05
3.71365e-05
3.71365e-05
3.71365e-05
3.71365e-05
3.71365e-05
3.71365e-05
3.71365e-05
3.71365e-05
3.71365e-05
3.71365e-05
3.71365e-05
3.71365e-05
3.71365e-05
3.71365e-05
3.71365e-05
3.71365e-05
3.71365e-05
3.71365e-05
3.71365e-05
3.71365e-05
3.71365e-05
3.71365e-05
3.71365e-05
3.71365e-05
3.71365e-05
3.71365e-05
3.71365e-05
3.71365e-05
3.71365e-05
3.71365e-05
3.71365e-05
3.71365e-05
3.71365e-05
3.71365e-05
3.71365e-05
3.71365e-05
3.71365e-05
3.71365e-05
3.71365e-05
3.71365e-05
3.71365e-05
3.71365e-05
3.71365e-05
3.71365e-05
3.71365e-05
3.71365e-05
3.71365e-05
3.71365e-05
3.71365e-05
3.71365e-05
3.71365e-05
3.71365e-05
3.71365e-05
3.71365e-05
3.71365e-05
3.71365e-05
3.71365e-05
3.71365e-05
3.71365e-05
3.71365e-05
3.71365e-05
3.71365e-05
3.71365e-05
3.71365e-05
3.71365e-05
3.71365e-05
3.71365e-05
3.71365e-05
3.71365e-05
3.71365e-05
3.71365e-05
3.71365e-05
3.71365e-05
3.71365e-05
3.71365e-05
3.71365e-05
3.71365e-05
3.71365e-05
3.71312e-05
3.71312e-05
3.71312e-05
3.71312e-05
3.71312e-05
3.71312e-05
3.71312e-05
3.71312e-05
3.71312e-05
3.71312e-05
3.71312e-05
3.71312e-05
3.71312e-05
3.71312e-05
3.71312e-05
3.71312e-05
3.71312e-05
3.71312e-05
3.71312e-05
3.71312e-05
3.71312e-05
3.71312e-05
3.71312e-05
3.71312e-05
3.71312e-05
3.71312e-05
3.71312e-05
3.71312e-05
3.71312e-05
3.71312e-05
3.71312e-05
3.71312e-05
3.71312e-05
3.71312e-05
3.71312e-05
3.71312e-05
3.71312e-05
3.71312e-05
3.71312e-05
3.71312e-05
3.71312e-05
3.71312e-05
3.71312e-05
3.71312e-05
3.71312e-05
3.71312e-05
3.71312e-05
3.71312e-05
3.71312e-05
3.71312e-05
3.71312e-05
3.71312e-05
3.71312e-05
3.71312e-05
3.71312e-05
3.71312e-05
3.71312e-05
3.71312e-05
3.71312e-05
3.71312e-05
3.71312e-05
3.71312e-05
3.71312e-05
3.71312e-05
3.71312e-05
3.71312e-05
3.71312e-05
3.71312e-05
3.71312e-05
3.71312e-05
3.71312e-05
3.71312e-05
3.71312e-05
3.71312e-05
3.71312e-05
3.71312e-05
3.71312e-05
3.71312e-05
3.71312e-05
3.71312e-05
3.71312e-05
3.71312e-05
3.71312e-05
3.71312e-05
3.71312e-05
3.71312e-05
3.71312e-05
3.71312e-05
3.71312e-05
3.71312e-05
3.71312e-05
3.71312e-05
3.71312e-05
3.71312e-05
3.71312e-05
3.71312e-05
3.71312e-05
3.71312e-05
3.71312e-05
3.71312e-05
3.71312e-05
3.71312e-05
3.71312e-05
3.71312e-05
3.71312e-05
3.71312e-05
3.71312e-05
3.71312e-05
3.71312e-05
3.71312e-05
3.71312e-05
3.71312e-05
3.71312e-05
3.71312e-05
3.71312e-05
3.71312e-05
3.71312e-05
3.71312e-05
3.71312e-05
3.71312e-05
3.71312e-05
3.71312e-05
3.71312e-05
3.71312e-05
3.71312e-05
3.71312e-05
3.71312e-05
3.71312e-05
3.71312e-05
3.71312e-05
3.71312e-05
3.71312e-05
3.71312e-05
3.71312e-05
3.71312e-05
3.71312e-05
3.71312e-05
3.71312e-05
3.71312e-05
3.71312e-05
3.71312e-05
3.71312e-05
3.71312e-05
3.71312e-05
3.71312e-05
3.71312e-05
3.71312e-05
3.71312e-05
3.71312e-05
3.71312e-05
3.71312e-05
3.71312e-05
3.71312e-05
3.71312e-05
3.71312e-05
3.71312e-05
3.71312e-05
3.71312e-05
3.71312e-05
3.71312e-05
3.71312e-05
3.71312e-05
3.71312e-05
3.71312e-05
3.71312e-05
3.71312e-05
3.71312e-05
3.71312e-05
3.71312e-05
3.71312e-05
3.71312e-05
3.71312e-05
3.71312e-05
3.71312e-05
3.71312e-05
3.71312e-05
3.71312e-05
3.71312e-05
3.71312e-05
3.71312e-05
3.71312e-05
3.71312e-05
3.71312e-05
3.71312e-05
3.71312e-05
3.71312e-05
3.71312e-05
3.71312e-05
3.71312e-05
3.71312e-05
3.71312e-05
3.71312e-05
3.71312e-05
3.71312e-05
3.71312e-05
3.71312e-05
3.71312e-05
3.71312e-05
3.71312e-05
3.71312e-05
3.71285e-05
3.71285e-05
3.71285e-05
3.71285e-05
3.71285e-05
3.71285e-05
3.71285e-05
3.71285e-05
3.71285e-05
3.71285e-05
3.71285e-05
3.71285e-05
3.71285e-05
3.71285e-05
3.71285e-05
3.71285e-05
3.71285e-05
3.71285e-05
3.71285e-05
3.71285e-05
3.71285e-05
3.71285e-05
3.71285e-05
3.71285e-05
3.71285e-05
3.71285e-05
3.71285e-05
3.71285e-05
3.71285e-05
3.71285e-05
3.71285e-05
3.71285e-05
3.71285e-05
3.71285e-05
3.71285e-05
3.71285e-05
3.71285e-05
3.71285e-05
3.71285e-05
3.71285e-05
3.71285e-05
3.71285e-05
3.71285e-05
3.71285e-05
3.71285e-05
3.71285e-05
3.71285e-05
3.71285e-05
3.71285e-05
3.71285e-05
3.71285e-05
3.71285e-05
3.71285e-05
3.71285e-05
3.71285e-05
3.71285e-05
3.71285e-05
3.71285e-05
3.71285e-05
3.71285e-05
3.71285e-05
3.71285e-05
3.71285e-05
3.71285e-05
3.71285e-05
3.71285e-05
3.71285e-05
3.71285e-05
3.71285e-05
3.71285e-05
3.71285e-05
3.71285e-05
3.71285e-05
3.71285e-05
3.71285e-05
3.71285e-05
3.71285e-05
3.71285e-05
3.71285e-05
3.71285e-05
3.71285e-05
3.71285e-05
3.71285e-05
3.71285e-05
3.71285e-05
3.71285e-05
3.71285e-05
3.71285e-05
3.71285e-05
3.71285e-05
3.71285e-05
3.71285e-05
3.71285e-05
3.71285e-05
3.71285e-05
3.71285e-05
3.71285e-05
3.71285e-05
3.71285e-05
3.71285e-05
3.71285e-05
3.71285e-05
3.71285e-05
3.71285e-05
3.71285e-05
3.71285e-05
3.71285e-05
3.71285e-05
3.71285e-05
3.71285e-05
3.71285e-05
3.71285e-05
3.71285e-05
3.71285e-05
3.71285e-05
3.71285e-05
3.71285e-05
3.71285e-05
3.71285e-05
3.71285e-05
3.71285e-05
3.71285e-05
3.71285e-05
3.71285e-05
3.71285e-05
3.71285e-05
3.71285e-05
3.71285e-05
3.71285e-05
3.71285e-05
3.71285e-05
3.71285e-05
3.71285e-05
3.71285e-05
3.71285e-05
3.71285e-05
3.71285e-05
3.71285e-05
3.71285e-05
3.71285e-05
3.71285e-05
3.71285e-05
3.71285e-05
3.71285e-05
3.71285e-05
3.71285e-05
3.71285e-05
3.71285e-05
3.71285e-05
3.71285e-05
3.71285e-05
3.71285e-05
3.71285e-05
3.71285e-05
3.71285e-05
3.71285e-05
3.71285e-05
3.71285e-05
3.71285e-05
3.71285e-05
3.71285e-05
3.71285e-05
3.71285e-05
3.71285e-05
3.71285e-05
3.71285e-05
3.71285e-05
3.71285e-05
3.71285e-05
3.71285e-05
3.71285e-05
3.71285e-05
3.71285e-05
3.71285e-05
3.71285e-05
3.71285e-05
3.71285e-05
3.71285e-05
3.71285e-05
3.71285e-05
3.71285e-05
3.71285e-05
3.71285e-05
3.71285e-05
3.71285e-05
3.71285e-05
3.71285e-05
3.71285e-05
3.71285e-05
3.71285e-05
3.71285e-05
3.71285e-05
3.71285e-05
3.71285e-05
3.71285e-05
3.71285e-05
3.71285e-05
3.71285e-05
3.71285e-05
3.71285e-05
3.71272e-05
3.71272e-05
3.71272e-05
3.71272e-05
3.71272e-05
3.71272e-05
3.71272e-05
3.71272e-05
3.71272e-05
3.71272e-05
3.71272e-05
3.71272e-05
3.71272e-05
3.71272e-05
3.71272e-05
3.71272e-05
3.71272e-05
3.71272e-05
3.71272e-05
3.71272e-05
3.71272e-05
3.71272e-05
3.71272e-05
3.71272e-05
3.71272e-05
3.71272e-05
3.71272e-05
3.71272e-05
3.71272e-05
3.71272e-05
3.71272e-05
3.71272e-05
3.71272e-05
3.71272e-05
3.71272e-05
3.71272e-05
3.71272e-05
3.71272e-05
3.71272e-05
3.71272e-05
3.71272e-05
3.71272e-05
3.71272e-05
3.71272e-05
3.71272e-05
3.71272e-05
3.71272e-05
3.71272e-05
3.71272e-05
3.71272e-05
3.71272e-05
3.71272e-05
3.71272e-05
3.71272e-05
3.71272e-05
3.71272e-05
3.71272e-05
3.71272e-05
3.71272e-05
3.71272e-05
3.71272e-05
3.71272e-05
3.71272e-05
3.71272e-05
3.71272e-05
3.71272e-05
3.71272e-05
3.71272e-05
3.71272e-05
3.71272e-05
3.71272e-05
3.71272e-05
3.71272e-05
3.71272e-05
3.71272e-05
3.71272e-05
3.71272e-05
3.71272e-05
3.71272e-05
3.71272e-05
3.71272e-05
3.71272e-05
3.71272e-05
3.71272e-05
3.71272e-05
3.71272e-05
3.71272e-05
3.71272e-05
3.71272e-05
3.71272e-05
3.71272e-05
3.71272e-05
3.71272e-05
3.71272e-05
3.71272e-05
3.71272e-05
3.71272e-05
3.71272e-05
3.71272e-05
3.71272e-05
3.71272e-05
3.71272e-05
3.71272e-05
3.71272e-05
3.71272e-05
3.71272e-05
3.71272e-05
3.71272e-05
3.71272e-05
3.71272e-05
3.71272e-05
3.71272e-05
3.71272e-05
3.71272e-05
3.71272e-05
3.71272e-05
3.71272e-05
3.71272e-05
3.71272e-05
3.71272e-05
3.71272e-05
3.71272e-05
3.71272e-05
3.71272e-05
3.71272e-05
3.71272e-05
3.71272e-05
3.71272e-05
3.71272e-05
3.71272e-05
3.71272e-05
3.71272e-05
3.71272e-05
3.71272e-05
3.71272e-05
3.71272e-05
3.71272e-05
3.71272e-05
3.71272e-05
3.71272e-05
3.71272e-05
3.71272e-05
3.71272e-05
3.71272e-05
3.71272e-05
3.71272e-05
3.71272e-05
3.71272e-05
3.71272e-05
3.71272e-05
3.71272e-05
3.71272e-05
3.71272e-05
3.71272e-05
3.71272e-05
3.71272e-05
3.71272e-05
3.71272e-05
3.71272e-05
3.71272e-05
3.71272e-05
3.71272e-05
3.71272e-05
3.71272e-05
3.71272e-05
3.71272e-05
3.71272e-05
3.71272e-05
3.71272e-05
3.71272e-05
3.71272e-05
3.71272e-05
3.71272e-05
3.71272e-05
3.71272e-05
3.71272e-05
3.71272e-05
3.71272e-05
3.71272e-05
3.71272e-05
3.71272e-05
3.71272e-05
3.71272e-05
3.71272e-05
3.71272e-05
3.71272e-05
3.71272e-05
3.71272e-05
3.71272e-05
3.71272e-05
3.71272e-05
3.71272e-05
3.71272e-05
3.71272e-05
3.71272e-05
3.71272e-05
3.71272e-05
3.71272e-05
3.71272e-05
3.71272e-05
3.71265e-05
3.71265e-05
3.71265e-05
3.71265e-05
3.71265e-05
3.71265e-05
3.71265e-05
3.71265e-05
3.71265e-05
3.71265e-05
3.71265e-05
3.71265e-05
3.71265e-05
3.71265e-05
3.71265e-05
3.71265e-05
3.71265e-05
3.71265e-05
3.71265e-05
3.71265e-05
3.71265e-05
3.71265e-05
3.71265e-05
3.71265e-05
3.71265e-05
3.71265e-05
3.71265e-05
3.71265e-05
3.71265e-05
3.71265e-05
3.71265e-05
3.71265e-05
3.71265e-05
3.71265e-05
3.71265e-05
3.71265e-05
3.71265e-05
3.71265e-05
3.71265e-05
3.71265e-05
3.71265e-05
3.71265e-05
3.71265e-05
3.71265e-05
3.71265e-05
3.71265e-05
3.71265e-05
3.71265e-05
3.71265e-05
3.71265e-05
3.71265e-05
3.71265e-05
3.71265e-05
3.71265e-05
3.71265e-05
3.71265e-05
3.71265e-05
3.71265e-05
3.71265e-05
3.71265e-05
3.71265e-05
3.71265e-05
3.71265e-05
3.71265e-05
3.71265e-05
3.71265e-05
3.71265e-05
3.71265e-05
3.71265e-05
3.71265e-05
3.71265e-05
3.71265e-05
3.71265e-05
3.71265e-05
3.71265e-05
3.71265e-05
3.71265e-05
3.71265e-05
3.71265e-05
3.71265e-05
3.71265e-05
3.71265e-05
3.71265e-05
3.71265e-05
3.71265e-05
3.71265e-05
3.71265e-05
3.71265e-05
3.71265e-05
3.71265e-05
3.71265e-05
3.71265e-05
3.71265e-05
3.71265e-05
3.71265e-05
3.71265e-05
3.71265e-05
3.71265e-05
3.71265e-05
3.71265e-05
3.71265e-05
3.71265e-05
3.71265e-05
3.71265e-05
3.71265e-05
3.71265e-05
3.71265e-05
3.71265e-05
3.71265e-05
3.71265e-05
3.71265e-05
3.71265e-05
3.71265e-05
3.71265e-05
3.71265e-05
3.71265e-05
3.71265e-05
3.71265e-05
3.71265e-05
3.71265e-05
3.71265e-05
3.71265e-05
3.71265e-05
3.71265e-05
3.71265e-05
3.71265e-05
3.71265e-05
3.71265e-05
3.71265e-05
3.71265e-05
3.71265e-05
3.71265e-05
3.71265e-05
3.71265e-05
3.71265e-05
3.71265e-05
3.71265e-05
3.71265e-05
3.71265e-05
3.71265e-05
3.71265e-05
3.71265e-05
3.71265e-05
3.71265e-05
3.71265e-05
3.71265e-05
3.71265e-05
3.71265e-05
3.71265e-05
3.71265e-05
3.71265e-05
3.71265e-05
3.71265e-05
3.71265e-05
3.71265e-05
3.71265e-05
3.71265e-05
3.71265e-05
3.71265e-05
3.71265e-05
3.71265e-05
3.71265e-05
3.71265e-05
3.71265e-05
3.71265e-05
3.71265e-05
3.71265e-05
3.71265e-05
3.71265e-05
3.71265e-05
3.71265e-05
3.71265e-05
3.71265e-05
3.71265e-05
3.71265e-05
3.71265e-05
3.71265e-05
3.71265e-05
3.71265e-05
3.71265e-05
3.71265e-05
3.71265e-05
3.71265e-05
3.71265e-05
3.71265e-05
3.71265e-05
3.71265e-05
3.71265e-05
3.71265e-05
3.71265e-05
3.71265e-05
3.71265e-05
3.71265e-05
3.71265e-05
3.71265e-05
3.71265e-05
3.71265e-05
3.71265e-05
3.71265e-05
3.71265e-05
3.71262e-05
3.71262e-05
3.71262e-05
3.71262e-05
3.71262e-05
3.71262e-05
3.71262e-05
3.71262e-05
3.71262e-05
3.71262e-05
3.71262e-05
3.71262e-05
3.71262e-05
3.71262e-05
3.71262e-05
3.71262e-05
3.71262e-05
3.71262e-05
3.71262e-05
3.71262e-05
3.71262e-05
3.71262e-05
3.71262e-05
3.71262e-05
3.71262e-05
3.71262e-05
3.71262e-05
3.71262e-05
3.71262e-05
3.71262e-05
3.71262e-05
3.71262e-05
3.71262e-05
3.71262e-05
3.71262e-05
3.71262e-05
3.71262e-05
3.71262e-05
3.71262e-05
3.71262e-05
3.71262e-05
3.71262e-05
3.71262e-05
3.71262e-05
3.71262e-05
3.71262e-05
3.71262e-05
3.71262e-05
3.71262e-05
3.71262e-05
3.71262e-05
3.71262e-05
3.71262e-05
3.71262e-05
3.71262e-05
3.71262e-05
3.71262e-05
3.71262e-05
3.71262e-05
3.71262e-05
3.71262e-05
3.71262e-05
3.71262e-05
3.71262e-05
3.71262e-05
3.71262e-05
3.71262e-05
3.71262e-05
3.71262e-05
3.71262e-05
3.71262e-05
3.71262e-05
3.71262e-05
3.71262e-05
3.71262e-05
3.71262e-05
3.71262e-05
3.71262e-05
3.71262e-05
3.71262e-05
3.71262e-05
3.71262e-05
3.71262e-05
3.71262e-05
3.71262e-05
3.71262e-05
3.71262e-05
3.71262e-05
3.71262e-05
3.71262e-05
3.71262e-05
3.71262e-05
3.71262e-05
3.71262e-05
3.71262e-05
3.71262e-05
3.71262e-05
3.71262e-05
3.71262e-05
3.71262e-05
3.71262e-05
3.71262e-05
3.71262e-05
3.71262e-05
3.71262e-05
3.71262e-05
3.71262e-05
3.71262e-05
3.71262e-05
3.71262e-05
3.71262e-05
3.71262e-05
3.71262e-05
3.71262e-05
3.71262e-05
3.71262e-05
3.71262e-05
3.71262e-05
3.71262e-05
3.71262e-05
3.71262e-05
3.71262e-05
3.71262e-05
3.71262e-05
3.71262e-05
3.71262e-05
3.71262e-05
3.71262e-05
3.71262e-05
3.71262e-05
3.71262e-05
3.71262e-05
3.71262e-05
3.71262e-05
3.71262e-05
3.71262e-05
3.71262e-05
3.71262e-05
3.71262e-05
3.71262e-05
3.71262e-05
3.71262e-05
3.71262e-05
3.71262e-05
3.71262e-05
3.71262e-05
3.71262e-05
3.71262e-05
3.71262e-05
3.71262e-05
3.71262e-05
3.71262e-05
3.71262e-05
3.71262e-05
3.71262e-05
3.71262e-05
3.71262e-05
3.71262e-05
3.71262e-05
3.71262e-05
3.71262e-05
3.71262e-05
3.71262e-05
3.71262e-05
3.71262e-05
3.71262e-05
3.71262e-05
3.71262e-05
3.71262e-05
3.71262e-05
3.71262e-05
3.71262e-05
3.71262e-05
3.71262e-05
3.71262e-05
3.71262e-05
3.71262e-05
3.71262e-05
3.71262e-05
3.71262e-05
3.71262e-05
3.71262e-05
3.71262e-05
3.71262e-05
3.71262e-05
3.71262e-05
3.71262e-05
3.71262e-05
3.71262e-05
3.71262e-05
3.71262e-05
3.71262e-05
3.71262e-05
3.71262e-05
3.71262e-05
3.71262e-05
3.71262e-05
3.71262e-05
3.71262e-05
3.71262e-05
3.7126e-05
3.7126e-05
3.7126e-05
3.7126e-05
3.7126e-05
3.7126e-05
3.7126e-05
3.7126e-05
3.7126e-05
3.7126e-05
3.7126e-05
3.7126e-05
3.7126e-05
3.7126e-05
3.7126e-05
3.7126e-05
3.7126e-05
3.7126e-05
3.7126e-05
3.7126e-05
3.7126e-05
3.7126e-05
3.7126e-05
3.7126e-05
3.7126e-05
3.7126e-05
3.7126e-05
3.7126e-05
3.7126e-05
3.7126e-05
3.7126e-05
3.7126e-05
3.7126e-05
3.7126e-05
3.7126e-05
3.7126e-05
3.7126e-05
3.7126e-05
3.7126e-05
3.7126e-05
3.7126e-05
3.7126e-05
3.7126e-05
3.7126e-05
3.7126e-05
3.7126e-05
3.7126e-05
3.7126e-05
3.7126e-05
3.7126e-05
3.7126e-05
3.7126e-05
3.7126e-05
3.7126e-05
3.7126e-05
3.7126e-05
3.7126e-05
3.7126e-05
3.7126e-05
3.7126e-05
3.7126e-05
3.7126e-05
3.7126e-05
3.7126e-05
3.7126e-05
3.7126e-05
3.7126e-05
3.7126e-05
3.7126e-05
3.7126e-05
3.7126e-05
3.7126e-05
3.7126e-05
3.7126e-05
3.7126e-05
3.7126e-05
3.7126e-05
3.7126e-05
3.7126e-05
3.7126e-05
3.7126e-05
3.7126e-05
3.7126e-05
3.7126e-05
3.7126e-05
3.7126e-05
3.7126e-05
3.7126e-05
3.7126e-05
3.7126e-05
3.7126e-05
3.7126e-05
3.7126e-05
3.7126e-05
3.7126e-05
3.7126e-05
3.7126e-05
3.7126e-05
3.7126e-05
3.7126e-05
3.7126e-05
3.7126e-05
3.7126e-05
3.7126e-05
3.7126e-05
3.7126e-05
3.7126e-05
3.7126e-05
3.7126e-05
3.7126e-05
3.7126e-05
3.7126e-05
3.7126e-05
3.7126e-05
3.7126e-05
3.7126e-05
3.7126e-05
3.7126e-05
3.7126e-05
3.7126e-05
3.7126e-05
3.7126e-05
3.7126e-05
3.7126e-05
3.7126e-05
3.7126e-05
3.7126e-05
3.7126e-05
3.7126e-05
3.7126e-05
3.7126e-05
3.7126e-05
3.7126e-05
3.7126e-05
3.7126e-05
3.7126e-05
3.7126e-05
3.7126e-05
3.7126e-05
3.7126e-05
3.7126e-05
3.7126e-05
3.7126e-05
3.7126e-05
3.7126e-05
3.7126e-05
3.7126e-05
3.7126e-05
3.7126e-05
3.7126e-05
3.7126e-05
3.7126e-05
3.7126e-05
3.7126e-05
3.7126e-05
3.7126e-05
3.7126e-05
3.7126e-05
3.7126e-05
3.7126e-05
3.7126e-05
3.7126e-05
3.7126e-05
3.7126e-05
3.7126e-05
3.7126e-05
3.7126e-05
3.7126e-05
3.7126e-05
3.7126e-05
3.7126e-05
3.7126e-05
3.7126e-05
3.7126e-05
3.7126e-05
3.7126e-05
3.7126e-05
3.7126e-05
3.7126e-05
3.7126e-05
3.7126e-05
3.7126e-05
3.7126e-05
3.7126e-05
3.7126e-05
3.7126e-05
3.7126e-05
3.7126e-05
3.7126e-05
3.7126e-05
3.7126e-05
3.7126e-05
3.7126e-05
3.7126e-05
3.7126e-05
3.7126e-05
3.7126e-05
3.7126e-05
3.7126e-05
3.7126e-05
3.7126e-05
3.7126e-05
3.7126e-05
3.7126e-05
3.7126e-05
3.7126e-05
3.7126e-05
3.7126e-05
3.7126e-05
3.7126e-05
3.7126e-05
3.7126e-05
3.7126e-05
3.7126e-05
3.7126e-05
3.7126e-05
3.7126e-05
3.7126e-05
3.7126e-05
3.7126e-05
3.7126e-05
3.7126e-05
3.7126e-05
3.7126e-05
3.7126e-05
3.7126e-05
3.7126e-05
3.7126e-05
3.7126e-05
3.7126e-05
3.7126e-05
3.7126e-05
3.7126e-05
3.7126e-05
3.7126e-05
3.7126e-05
3.7126e-05
3.7126e-05
3.7126e-05
3.7126e-05
3.7126e-05
3.7126e-05
3.7126e-05
3.7126e-05
3.7126e-05
3.7126e-05
3.7126e-05
3.7126e-05
3.7126e-05
3.7126e-05
3.7126e-05
3.7126e-05
3.7126e-05
3.7126e-05
3.7126e-05
3.7126e-05
3.7126e-05
3.7126e-05
3.7126e-05
3.7126e-05
3.7126e-05
3.7126e-05
3.7126e-05
3.7126e-05
3.7126e-05
3.7126e-05
3.7126e-05
3.7126e-05
3.7126e-05
3.7126e-05
3.7126e-05
3.7126e-05
3.7126e-05
3.7126e-05
3.7126e-05
3.7126e-05
3.7126e-05
3.7126e-05
3.7126e-05
3.7126e-05
3.7126e-05
3.7126e-05
3.7126e-05
3.7126e-05
3.7126e-05
3.7126e-05
3.7126e-05
3.7126e-05
3.7126e-05
3.7126e-05
3.7126e-05
3.7126e-05
3.7126e-05
3.7126e-05
3.7126e-05
3.7126e-05
3.7126e-05
3.7126e-05
3.7126e-05
3.7126e-05
3.7126e-05
3.7126e-05
3.7126e-05
3.7126e-05
3.7126e-05
3.7126e-05
3.7126e-05
3.7126e-05
3.7126e-05
3.7126e-05
3.7126e-05
3.7126e-05
3.7126e-05
3.7126e-05
3.7126e-05
3.7126e-05
3.7126e-05
3.7126e-05
3.7126e-05
3.7126e-05
3.7126e-05
3.7126e-05
3.7126e-05
3.7126e-05
3.7126e-05
3.7126e-05
3.7126e-05
3.7126e-05
3.7126e-05
3.7126e-05
3.7126e-05
3.7126e-05
3.7126e-05
3.7126e-05
3.7126e-05
3.7126e-05
3.7126e-05
3.7126e-05
3.7126e-05
3.7126e-05
3.7126e-05
3.7126e-05
3.7126e-05
3.7126e-05
3.7126e-05
3.7126e-05
3.7126e-05
3.7126e-05
3.7126e-05
3.7126e-05
3.7126e-05
3.7126e-05
3.7126e-05
3.7126e-05
3.7126e-05
3.7126e-05
3.7126e-05
3.7126e-05
3.7126e-05
3.7126e-05
3.7126e-05
3.7126e-05
3.7126e-05
3.7126e-05
3.7126e-05
3.7126e-05
3.7126e-05
3.7126e-05
3.7126e-05
3.7126e-05
3.7126e-05
3.7126e-05
3.7126e-05
3.7126e-05
3.7126e-05
3.7126e-05
3.7126e-05
3.7126e-05
3.7126e-05
3.7126e-05
3.7126e-05
3.7126e-05
3.7126e-05
3.7126e-05
3.7126e-05
3.7126e-05
3.7126e-05
3.7126e-05
3.7126e-05
3.7126e-05
3.7126e-05
3.7126e-05
3.7126e-05
3.7126e-05
3.7126e-05
3.7126e-05
3.7126e-05
3.7126e-05
3.7126e-05
3.7126e-05
3.7126e-05
3.7126e-05
3.7126e-05
3.7126e-05
3.7126e-05
3.7126e-05
3.7126e-05
3.7126e-05
3.7126e-05
3.7126e-05
3.7126e-05
3.7126e-05
3.7126e-05
3.7126e-05
3.7126e-05
3.7126e-05
3.7126e-05
3.7126e-05
3.7126e-05
3.7126e-05
3.7126e-05
3.7126e-05
3.7126e-05
3.7126e-05
3.7126e-05
3.7126e-05
3.7126e-05
3.7126e-05
3.7126e-05
3.7126e-05
3.7126e-05
3.7126e-05
3.7126e-05
3.7126e-05
3.7126e-05
3.7126e-05
3.7126e-05
3.7126e-05
3.7126e-05
3.7126e-05
3.7126e-05
3.7126e-05
3.7126e-05
3.7126e-05
3.7126e-05
3.7126e-05
3.7126e-05
3.7126e-05
3.7126e-05
3.7126e-05
3.7126e-05
3.7126e-05
3.7126e-05
3.7126e-05
3.7126e-05
3.7126e-05
3.7126e-05
3.7126e-05
3.7126e-05
3.7126e-05
3.7126e-05
3.7126e-05
3.7126e-05
3.7126e-05
3.7126e-05
3.7126e-05
3.7126e-05
3.7126e-05
3.7126e-05
3.7126e-05
3.7126e-05
3.7126e-05
3.7126e-05
3.7126e-05
3.7126e-05
3.7126e-05
3.7126e-05
3.7126e-05
3.7126e-05
3.7126e-05
3.7126e-05
3.7126e-05
3.7126e-05
3.7126e-05
3.7126e-05
3.7126e-05
3.7126e-05
3.7126e-05
3.7126e-05
3.7126e-05
3.7126e-05
3.7126e-05
3.7126e-05
3.7126e-05
3.7126e-05
3.7126e-05
3.7126e-05
3.7126e-05
3.7126e-05
3.7126e-05
3.7126e-05
3.7126e-05
3.7126e-05
3.7126e-05
3.7126e-05
3.7126e-05
3.7126e-05
3.7126e-05
3.7126e-05
3.7126e-05
3.7126e-05
3.7126e-05
3.7126e-05
3.7126e-05
3.7126e-05
3.7126e-05
3.7126e-05
3.7126e-05
3.7126e-05
3.7126e-05
3.7126e-05
3.7126e-05
3.7126e-05
3.7126e-05
3.7126e-05
3.7126e-05
3.7126e-05
3.7126e-05
3.7126e-05
3.7126e-05
3.7126e-05
3.7126e-05
3.7126e-05
3.7126e-05
3.7126e-05
3.7126e-05
3.7126e-05
3.7126e-05
3.7126e-05
3.7126e-05
3.7126e-05
3.7126e-05
3.7126e-05
3.7126e-05
3.7126e-05
3.7126e-05
3.7126e-05
3.7126e-05
3.7126e-05
3.7126e-05
3.7126e-05
3.7126e-05
3.7126e-05
3.7126e-05
3.7126e-05
3.7126e-05
3.7126e-05
3.7126e-05
3.7126e-05
3.7126e-05
3.7126e-05
3.7126e-05
3.7126e-05
3.7126e-05
3.7126e-05
3.7126e-05
3.7126e-05
3.7126e-05
3.7126e-05
3.7126e-05
3.7126e-05
3.7126e-05
3.7126e-05
3.7126e-05
3.7126e-05
3.7126e-05
3.7126e-05
3.7126e-05
3.7126e-05
3.7126e-05
3.7126e-05
3.7126e-05
3.7126e-05
3.7126e-05
3.7126e-05
3.7126e-05
3.7126e-05
3.7126e-05
3.7126e-05
3.7126e-05
3.7126e-05
3.7126e-05
3.7126e-05
3.7126e-05
3.7126e-05
3.7126e-05
3.7126e-05
3.7126e-05
3.7126e-05
3.7126e-05
3.7126e-05
3.7126e-05
3.7126e-05
3.7126e-05
3.7126e-05
3.7126e-05
3.7126e-05
3.7126e-05
3.7126e-05
3.7126e-05
3.7126e-05
3.7126e-05
3.7126e-05
3.7126e-05
3.7126e-05
3.7126e-05
3.7126e-05
3.7126e-05
3.7126e-05
3.7126e-05
3.7126e-05
3.7126e-05
3.7126e-05
3.7126e-05
3.7126e-05
3.7126e-05
3.7126e-05
3.7126e-05
3.7126e-05
3.7126e-05
3.7126e-05
3.7126e-05
3.7126e-05
3.7126e-05
3.7126e-05
3.7126e-05
3.7126e-05
3.7126e-05
3.7126e-05
3.7126e-05
3.7126e-05
3.7126e-05
3.7126e-05
3.7126e-05
3.7126e-05
3.7126e-05
3.7126e-05
3.7126e-05
3.7126e-05
3.7126e-05
3.7126e-05
3.7126e-05
3.7126e-05
3.7126e-05
3.7126e-05
3.7126e-05
3.7126e-05
3.7126e-05
3.7126e-05
3.7126e-05
3.7126e-05
3.7126e-05
3.7126e-05
3.7126e-05
3.7126e-05
3.7126e-05
3.7126e-05
3.7126e-05
3.7126e-05
3.7126e-05
3.7126e-05
3.7126e-05
3.7126e-05
3.7126e-05
3.7126e-05
3.7126e-05
3.7126e-05
3.7126e-05
3.7126e-05
3.7126e-05
3.7126e-05
3.7126e-05
3.7126e-05
3.7126e-05
3.7126e-05
3.7126e-05
3.7126e-05
3.7126e-05
3.7126e-05
3.7126e-05
3.7126e-05
3.7126e-05
3.7126e-05
3.7126e-05
3.7126e-05
3.7126e-05
3.7126e-05
3.7126e-05
3.7126e-05
3.7126e-05
3.7126e-05
3.7126e-05
3.7126e-05
3.7126e-05
3.7126e-05
3.7126e-05
3.7126e-05
3.7126e-05
3.7126e-05
3.7126e-05
3.7126e-05
3.7126e-05
3.7126e-05
3.7126e-05
3.7126e-05
3.7126e-05
3.7126e-05
3.7126e-05
3.7126e-05
3.7126e-05
3.7126e-05
3.7126e-05
3.7126e-05
3.7126e-05
3.7126e-05
3.7126e-05
3.7126e-05
3.7126e-05
3.7126e-05
3.7126e-05
3.7126e-05
3.7126e-05
3.7126e-05
3.7126e-05
3.7126e-05
3.7126e-05
3.7126e-05
3.7126e-05
3.7126e-05
3.7126e-05
3.7126e-05
3.7126e-05
3.7126e-05
3.7126e-05
3.7126e-05
3.7126e-05
3.7126e-05
3.7126e-05
3.7126e-05
3.7126e-05
3.7126e-05
3.7126e-05
3.7126e-05
3.7126e-05
3.7126e-05
3.7126e-05
3.7126e-05
3.7126e-05
3.7126e-05
3.7126e-05
3.7126e-05
3.7126e-05
3.7126e-05
3.7126e-05
3.7126e-05
3.7126e-05
3.7126e-05
3.7126e-05
3.7126e-05
3.7126e-05
3.7126e-05
3.7126e-05
3.7126e-05
3.7126e-05
3.7126e-05
3.7126e-05
3.7126e-05
3.7126e-05
3.7126e-05
3.7126e-05
3.7126e-05
3.7126e-05
3.7126e-05
3.7126e-05
3.7126e-05
3.7126e-05
3.7126e-05
3.7126e-05
3.7126e-05
3.7126e-05
3.7126e-05
3.7126e-05
3.7126e-05
3.7126e-05
3.7126e-05
3.7126e-05
3.7126e-05
3.7126e-05
3.7126e-05
3.7126e-05
3.71261e-05
3.71261e-05
3.71261e-05
3.71261e-05
3.71261e-05
3.71261e-05
3.71261e-05
3.71261e-05
3.71261e-05
3.71261e-05
3.71261e-05
3.71261e-05
3.71261e-05
3.71261e-05
3.71261e-05
3.71261e-05
3.71261e-05
3.71261e-05
3.71261e-05
3.71261e-05
3.71261e-05
3.71261e-05
3.71261e-05
3.71261e-05
3.71261e-05
3.71261e-05
3.71261e-05
3.71261e-05
3.71261e-05
3.71261e-05
3.71261e-05
3.71261e-05
3.71261e-05
3.71261e-05
3.71261e-05
3.71261e-05
3.71261e-05
3.71261e-05
3.71261e-05
3.71261e-05
3.71261e-05
3.71261e-05
3.71261e-05
3.71261e-05
3.71261e-05
3.71261e-05
3.71261e-05
3.71261e-05
3.71261e-05
3.71261e-05
3.71261e-05
3.71261e-05
3.71261e-05
3.71261e-05
3.71261e-05
3.71261e-05
3.71261e-05
3.71261e-05
3.71261e-05
3.71261e-05
3.71261e-05
3.71261e-05
3.71261e-05
3.71261e-05
3.71261e-05
3.71261e-05
3.71261e-05
3.71261e-05
3.71261e-05
3.71261e-05
3.71261e-05
3.71261e-05
3.71261e-05
3.71261e-05
3.71261e-05
3.71261e-05
3.71261e-05
3.71261e-05
3.71261e-05
3.71261e-05
3.71261e-05
3.71261e-05
3.71261e-05
3.71261e-05
3.71261e-05
3.71261e-05
3.71261e-05
3.71261e-05
3.71261e-05
3.71261e-05
3.71261e-05
3.71261e-05
3.71261e-05
3.71261e-05
3.71261e-05
3.71261e-05
3.71262e-05
3.71262e-05
3.71262e-05
3.71262e-05
3.71262e-05
3.71262e-05
3.71262e-05
3.71262e-05
3.71261e-05
3.71261e-05
3.71261e-05
3.71261e-05
3.71261e-05
3.71261e-05
3.71261e-05
3.71261e-05
3.71261e-05
3.71261e-05
3.71261e-05
3.71261e-05
3.71261e-05
3.71261e-05
3.71261e-05
3.71261e-05
3.71261e-05
3.71261e-05
3.71261e-05
3.71261e-05
3.71261e-05
3.71261e-05
3.71261e-05
3.71261e-05
3.71261e-05
3.71261e-05
3.71261e-05
3.71261e-05
3.71261e-05
3.71261e-05
3.71261e-05
3.71261e-05
3.71261e-05
3.71261e-05
3.71261e-05
3.71261e-05
3.71261e-05
3.71261e-05
3.71261e-05
3.71261e-05
3.71261e-05
3.71261e-05
3.71261e-05
3.71261e-05
3.71261e-05
3.71261e-05
3.71261e-05
3.71261e-05
3.71261e-05
3.71261e-05
3.71261e-05
3.71261e-05
3.71261e-05
3.71261e-05
3.71261e-05
3.71261e-05
3.71261e-05
3.71261e-05
3.71261e-05
3.71261e-05
3.71261e-05
3.71261e-05
3.71261e-05
3.71261e-05
3.71261e-05
3.71261e-05
3.71261e-05
3.71261e-05
3.71261e-05
3.71261e-05
3.71261e-05
3.71261e-05
3.71261e-05
3.71261e-05
3.71261e-05
3.71261e-05
3.71261e-05
3.71261e-05
3.71261e-05
3.71261e-05
3.71261e-05
3.71261e-05
3.71261e-05
3.71261e-05
3.71261e-05
3.71261e-05
3.71261e-05
3.71261e-05
3.71261e-05
3.71261e-05
3.71261e-05
3.71261e-05
3.71261e-05
3.71261e-05
3.71261e-05
3.71261e-05
3.71265e-05
3.71265e-05
3.71265e-05
3.71265e-05
3.71265e-05
3.71265e-05
3.71265e-05
3.71265e-05
3.71265e-05
3.71265e-05
3.71265e-05
3.71265e-05
3.71265e-05
3.71265e-05
3.71265e-05
3.71265e-05
3.71265e-05
3.71265e-05
3.71265e-05
3.71265e-05
3.71265e-05
3.71265e-05
3.71265e-05
3.71265e-05
3.71265e-05
3.71265e-05
3.71265e-05
3.71265e-05
3.71265e-05
3.71265e-05
3.71265e-05
3.71265e-05
3.71265e-05
3.71265e-05
3.71265e-05
3.71265e-05
3.71265e-05
3.71265e-05
3.71265e-05
3.71265e-05
3.71265e-05
3.71265e-05
3.71265e-05
3.71265e-05
3.71265e-05
3.71265e-05
3.71265e-05
3.71265e-05
3.71265e-05
3.71265e-05
3.71265e-05
3.71265e-05
3.71265e-05
3.71265e-05
3.71265e-05
3.71265e-05
3.71265e-05
3.71265e-05
3.71265e-05
3.71265e-05
3.71265e-05
3.71265e-05
3.71265e-05
3.71265e-05
3.71265e-05
3.71265e-05
3.71265e-05
3.71265e-05
3.71265e-05
3.71265e-05
3.71265e-05
3.71265e-05
3.71265e-05
3.71265e-05
3.71265e-05
3.71265e-05
3.71265e-05
3.71265e-05
3.71265e-05
3.71265e-05
3.71265e-05
3.71265e-05
3.71265e-05
3.71265e-05
3.71265e-05
3.71265e-05
3.71265e-05
3.71265e-05
3.71265e-05
3.71265e-05
3.71265e-05
3.71265e-05
3.71265e-05
3.71265e-05
3.71265e-05
3.71265e-05
3.71265e-05
3.71265e-05
3.71265e-05
3.71265e-05
3.71265e-05
3.71265e-05
3.71265e-05
3.71265e-05
3.71265e-05
3.71265e-05
3.71265e-05
3.71265e-05
3.71265e-05
3.71265e-05
3.71265e-05
3.71265e-05
3.71265e-05
3.71265e-05
3.71265e-05
3.71265e-05
3.71265e-05
3.71265e-05
3.71265e-05
3.71265e-05
3.71265e-05
3.71265e-05
3.71265e-05
3.71265e-05
3.71265e-05
3.71265e-05
3.71265e-05
3.71265e-05
3.71265e-05
3.71265e-05
3.71265e-05
3.71265e-05
3.71265e-05
3.71265e-05
3.71265e-05
3.71265e-05
3.71265e-05
3.71265e-05
3.71265e-05
3.71265e-05
3.71265e-05
3.71265e-05
3.71265e-05
3.71265e-05
3.71265e-05
3.71265e-05
3.71265e-05
3.71265e-05
3.71265e-05
3.71265e-05
3.71265e-05
3.71265e-05
3.71265e-05
3.71265e-05
3.71265e-05
3.71265e-05
3.71265e-05
3.71265e-05
3.71265e-05
3.71265e-05
3.71265e-05
3.71265e-05
3.71265e-05
3.71265e-05
3.71265e-05
3.71265e-05
3.71265e-05
3.71265e-05
3.71265e-05
3.71265e-05
3.71265e-05
3.71265e-05
3.71265e-05
3.71265e-05
3.71265e-05
3.71265e-05
3.71265e-05
3.71265e-05
3.71265e-05
3.71265e-05
3.71265e-05
3.71265e-05
3.71265e-05
3.71265e-05
3.71265e-05
3.71265e-05
3.71265e-05
3.71265e-05
3.71265e-05
3.71265e-05
3.71265e-05
3.71265e-05
3.71265e-05
3.71265e-05
3.71265e-05
3.71265e-05
3.71265e-05
3.71265e-05
3.71265e-05
3.71265e-05
3.71272e-05
3.71272e-05
3.71272e-05
3.71272e-05
3.71272e-05
3.71272e-05
3.71272e-05
3.71272e-05
3.71272e-05
3.71272e-05
3.71272e-05
3.71272e-05
3.71272e-05
3.71272e-05
3.71272e-05
3.71272e-05
3.71272e-05
3.71272e-05
3.71272e-05
3.71272e-05
3.71272e-05
3.71272e-05
3.71272e-05
3.71272e-05
3.71272e-05
3.71272e-05
3.71272e-05
3.71272e-05
3.71272e-05
3.71272e-05
3.71272e-05
3.71272e-05
3.71272e-05
3.71272e-05
3.71272e-05
3.71272e-05
3.71272e-05
3.71272e-05
3.71272e-05
3.71272e-05
3.71272e-05
3.71272e-05
3.71272e-05
3.71272e-05
3.71272e-05
3.71272e-05
3.71272e-05
3.71272e-05
3.71272e-05
3.71272e-05
3.71272e-05
3.71272e-05
3.71272e-05
3.71272e-05
3.71272e-05
3.71272e-05
3.71272e-05
3.71272e-05
3.71272e-05
3.71272e-05
3.71272e-05
3.71272e-05
3.71272e-05
3.71272e-05
3.71272e-05
3.71272e-05
3.71272e-05
3.71272e-05
3.71272e-05
3.71272e-05
3.71272e-05
3.71272e-05
3.71272e-05
3.71272e-05
3.71272e-05
3.71272e-05
3.71272e-05
3.71272e-05
3.71272e-05
3.71272e-05
3.71272e-05
3.71272e-05
3.71272e-05
3.71272e-05
3.71272e-05
3.71272e-05
3.71272e-05
3.71272e-05
3.71272e-05
3.71272e-05
3.71273e-05
3.71273e-05
3.71273e-05
3.71273e-05
3.71273e-05
3.71273e-05
3.71273e-05
3.71273e-05
3.71273e-05
3.71273e-05
3.71273e-05
3.71273e-05
3.71273e-05
3.71273e-05
3.71273e-05
3.71273e-05
3.71273e-05
3.71273e-05
3.71273e-05
3.71273e-05
3.71272e-05
3.71272e-05
3.71272e-05
3.71272e-05
3.71272e-05
3.71272e-05
3.71272e-05
3.71272e-05
3.71272e-05
3.71272e-05
3.71272e-05
3.71272e-05
3.71272e-05
3.71272e-05
3.71272e-05
3.71272e-05
3.71272e-05
3.71272e-05
3.71272e-05
3.71272e-05
3.71272e-05
3.71272e-05
3.71272e-05
3.71272e-05
3.71272e-05
3.71272e-05
3.71272e-05
3.71272e-05
3.71272e-05
3.71272e-05
3.71272e-05
3.71272e-05
3.71272e-05
3.71272e-05
3.71272e-05
3.71272e-05
3.71272e-05
3.71272e-05
3.71272e-05
3.71272e-05
3.71272e-05
3.71272e-05
3.71272e-05
3.71272e-05
3.71272e-05
3.71272e-05
3.71272e-05
3.71272e-05
3.71272e-05
3.71272e-05
3.71272e-05
3.71272e-05
3.71272e-05
3.71272e-05
3.71272e-05
3.71272e-05
3.71272e-05
3.71272e-05
3.71272e-05
3.71272e-05
3.71272e-05
3.71272e-05
3.71272e-05
3.71272e-05
3.71272e-05
3.71272e-05
3.71272e-05
3.71272e-05
3.71272e-05
3.71272e-05
3.71272e-05
3.71272e-05
3.71272e-05
3.71272e-05
3.71272e-05
3.71272e-05
3.71272e-05
3.71272e-05
3.71272e-05
3.71272e-05
3.71272e-05
3.71272e-05
3.71272e-05
3.71272e-05
3.71272e-05
3.71272e-05
3.71272e-05
3.71272e-05
3.71272e-05
3.71272e-05
3.7129e-05
3.7129e-05
3.7129e-05
3.7129e-05
3.7129e-05
3.7129e-05
3.7129e-05
3.7129e-05
3.7129e-05
3.7129e-05
3.7129e-05
3.7129e-05
3.7129e-05
3.7129e-05
3.7129e-05
3.7129e-05
3.7129e-05
3.7129e-05
3.7129e-05
3.7129e-05
3.7129e-05
3.7129e-05
3.7129e-05
3.7129e-05
3.7129e-05
3.7129e-05
3.7129e-05
3.7129e-05
3.7129e-05
3.7129e-05
3.7129e-05
3.7129e-05
3.7129e-05
3.7129e-05
3.7129e-05
3.7129e-05
3.7129e-05
3.7129e-05
3.7129e-05
3.7129e-05
3.7129e-05
3.7129e-05
3.7129e-05
3.7129e-05
3.7129e-05
3.7129e-05
3.7129e-05
3.7129e-05
3.7129e-05
3.7129e-05
3.7129e-05
3.7129e-05
3.7129e-05
3.7129e-05
3.7129e-05
3.7129e-05
3.7129e-05
3.7129e-05
3.7129e-05
3.7129e-05
3.7129e-05
3.7129e-05
3.7129e-05
3.7129e-05
3.7129e-05
3.7129e-05
3.7129e-05
3.7129e-05
3.7129e-05
3.7129e-05
3.7129e-05
3.7129e-05
3.7129e-05
3.7129e-05
3.7129e-05
3.7129e-05
3.7129e-05
3.7129e-05
3.7129e-05
3.7129e-05
3.7129e-05
3.7129e-05
3.7129e-05
3.7129e-05
3.7129e-05
3.7129e-05
3.7129e-05
3.7129e-05
3.7129e-05
3.7129e-05
3.71291e-05
3.71291e-05
3.71291e-05
3.71291e-05
3.71291e-05
3.71292e-05
3.71292e-05
3.71292e-05
3.71292e-05
3.71292e-05
3.71292e-05
3.71292e-05
3.71292e-05
3.71292e-05
3.71292e-05
3.71291e-05
3.71291e-05
3.71291e-05
3.71291e-05
3.71291e-05
3.7129e-05
3.7129e-05
3.7129e-05
3.7129e-05
3.7129e-05
3.7129e-05
3.7129e-05
3.7129e-05
3.7129e-05
3.7129e-05
3.7129e-05
3.7129e-05
3.7129e-05
3.7129e-05
3.7129e-05
3.7129e-05
3.7129e-05
3.7129e-05
3.7129e-05
3.7129e-05
3.7129e-05
3.7129e-05
3.7129e-05
3.7129e-05
3.7129e-05
3.7129e-05
3.7129e-05
3.7129e-05
3.7129e-05
3.7129e-05
3.7129e-05
3.7129e-05
3.7129e-05
3.7129e-05
3.7129e-05
3.7129e-05
3.7129e-05
3.7129e-05
3.7129e-05
3.7129e-05
3.7129e-05
3.7129e-05
3.7129e-05
3.7129e-05
3.7129e-05
3.7129e-05
3.7129e-05
3.7129e-05
3.7129e-05
3.7129e-05
3.7129e-05
3.7129e-05
3.7129e-05
3.7129e-05
3.7129e-05
3.7129e-05
3.7129e-05
3.7129e-05
3.7129e-05
3.7129e-05
3.7129e-05
3.7129e-05
3.7129e-05
3.7129e-05
3.7129e-05
3.7129e-05
3.7129e-05
3.7129e-05
3.7129e-05
3.7129e-05
3.7129e-05
3.7129e-05
3.7129e-05
3.7129e-05
3.7129e-05
3.7129e-05
3.7129e-05
3.7129e-05
3.7129e-05
3.7129e-05
3.7129e-05
3.7129e-05
3.7129e-05
3.7129e-05
3.7129e-05
3.7129e-05
3.7129e-05
3.7129e-05
3.7129e-05
3.7129e-05
3.7133e-05
3.7133e-05
3.7133e-05
3.7133e-05
3.7133e-05
3.7133e-05
3.7133e-05
3.7133e-05
3.7133e-05
3.7133e-05
3.7133e-05
3.7133e-05
3.7133e-05
3.7133e-05
3.7133e-05
3.7133e-05
3.7133e-05
3.7133e-05
3.7133e-05
3.7133e-05
3.7133e-05
3.7133e-05
3.7133e-05
3.7133e-05
3.7133e-05
3.7133e-05
3.7133e-05
3.7133e-05
3.7133e-05
3.7133e-05
3.7133e-05
3.7133e-05
3.7133e-05
3.7133e-05
3.7133e-05
3.7133e-05
3.7133e-05
3.7133e-05
3.7133e-05
3.7133e-05
3.7133e-05
3.7133e-05
3.7133e-05
3.7133e-05
3.7133e-05
3.7133e-05
3.7133e-05
3.7133e-05
3.7133e-05
3.7133e-05
3.7133e-05
3.7133e-05
3.7133e-05
3.7133e-05
3.7133e-05
3.7133e-05
3.7133e-05
3.7133e-05
3.7133e-05
3.7133e-05
3.7133e-05
3.7133e-05
3.7133e-05
3.7133e-05
3.7133e-05
3.7133e-05
3.7133e-05
3.7133e-05
3.7133e-05
3.7133e-05
3.7133e-05
3.7133e-05
3.7133e-05
3.7133e-05
3.7133e-05
3.7133e-05
3.7133e-05
3.7133e-05
3.7133e-05
3.7133e-05
3.7133e-05
3.7133e-05
3.7133e-05
3.7133e-05
3.7133e-05
3.7133e-05
3.7133e-05
3.7133e-05
3.7133e-05
3.7133e-05
3.71331e-05
3.71331e-05
3.71332e-05
3.71332e-05
3.71333e-05
3.71334e-05
3.71334e-05
3.71335e-05
3.71335e-05
3.71335e-05
3.71335e-05
3.71335e-05
3.71335e-05
3.71334e-05
3.71334e-05
3.71333e-05
3.71332e-05
3.71332e-05
3.71331e-05
3.71331e-05
3.7133e-05
3.7133e-05
3.7133e-05
3.7133e-05
3.7133e-05
3.7133e-05
3.7133e-05
3.7133e-05
3.7133e-05
3.7133e-05
3.7133e-05
3.7133e-05
3.7133e-05
3.7133e-05
3.7133e-05
3.7133e-05
3.7133e-05
3.7133e-05
3.7133e-05
3.7133e-05
3.7133e-05
3.7133e-05
3.7133e-05
3.7133e-05
3.7133e-05
3.7133e-05
3.7133e-05
3.7133e-05
3.7133e-05
3.7133e-05
3.7133e-05
3.7133e-05
3.7133e-05
3.7133e-05
3.7133e-05
3.7133e-05
3.7133e-05
3.7133e-05
3.7133e-05
3.7133e-05
3.7133e-05
3.7133e-05
3.7133e-05
3.7133e-05
3.7133e-05
3.7133e-05
3.7133e-05
3.7133e-05
3.7133e-05
3.7133e-05
3.7133e-05
3.7133e-05
3.7133e-05
3.7133e-05
3.7133e-05
3.7133e-05
3.7133e-05
3.7133e-05
3.7133e-05
3.7133e-05
3.7133e-05
3.71329e-05
3.71329e-05
3.71329e-05
3.71329e-05
3.71329e-05
3.71329e-05
3.71329e-05
3.71329e-05
3.71329e-05
3.71329e-05
3.71329e-05
3.71329e-05
3.71329e-05
3.71329e-05
3.71329e-05
3.71329e-05
3.71329e-05
3.71329e-05
3.71329e-05
3.71329e-05
3.71329e-05
3.71329e-05
3.71329e-05
3.71329e-05
3.71329e-05
3.71329e-05
3.71329e-05
3.71329e-05
3.71329e-05
3.71416e-05
3.71416e-05
3.71416e-05
3.71416e-05
3.71416e-05
3.71416e-05
3.71416e-05
3.71416e-05
3.71416e-05
3.71416e-05
3.71416e-05
3.71416e-05
3.71416e-05
3.71416e-05
3.71416e-05
3.71416e-05
3.71416e-05
3.71416e-05
3.71416e-05
3.71416e-05
3.71416e-05
3.71416e-05
3.71416e-05
3.71416e-05
3.71416e-05
3.71416e-05
3.71416e-05
3.71416e-05
3.71416e-05
3.71416e-05
3.71416e-05
3.71416e-05
3.71416e-05
3.71416e-05
3.71416e-05
3.71416e-05
3.71416e-05
3.71416e-05
3.71416e-05
3.71416e-05
3.71416e-05
3.71416e-05
3.71416e-05
3.71416e-05
3.71416e-05
3.71416e-05
3.71416e-05
3.71416e-05
3.71416e-05
3.71416e-05
3.71416e-05
3.71416e-05
3.71416e-05
3.71416e-05
3.71416e-05
3.71416e-05
3.71416e-05
3.71416e-05
3.71416e-05
3.71416e-05
3.71416e-05
3.71416e-05
3.71416e-05
3.71416e-05
3.71416e-05
3.71416e-05
3.71416e-05
3.71416e-05
3.71416e-05
3.71416e-05
3.71416e-05
3.71416e-05
3.71416e-05
3.71416e-05
3.71416e-05
3.71416e-05
3.71416e-05
3.71416e-05
3.71416e-05
3.71416e-05
3.71416e-05
3.71416e-05
3.71416e-05
3.71416e-05
3.71416e-05
3.71416e-05
3.71416e-05
3.71417e-05
3.71417e-05
3.71418e-05
3.71418e-05
3.71419e-05
3.71421e-05
3.71422e-05
3.71424e-05
3.71425e-05
3.71427e-05
3.71428e-05
3.71429e-05
3.71429e-05
3.71429e-05
3.71429e-05
3.71428e-05
3.71427e-05
3.71425e-05
3.71424e-05
3.71422e-05
3.71421e-05
3.71419e-05
3.71418e-05
3.71418e-05
3.71417e-05
3.71417e-05
3.71416e-05
3.71416e-05
3.71416e-05
3.71416e-05
3.71416e-05
3.71416e-05
3.71416e-05
3.71416e-05
3.71416e-05
3.71416e-05
3.71416e-05
3.71416e-05
3.71416e-05
3.71416e-05
3.71416e-05
3.71416e-05
3.71416e-05
3.71416e-05
3.71416e-05
3.71416e-05
3.71416e-05
3.71416e-05
3.71416e-05
3.71416e-05
3.71416e-05
3.71416e-05
3.71416e-05
3.71416e-05
3.71416e-05
3.71416e-05
3.71416e-05
3.71416e-05
3.71416e-05
3.71416e-05
3.71416e-05
3.71416e-05
3.71416e-05
3.71416e-05
3.71416e-05
3.71416e-05
3.71416e-05
3.71416e-05
3.71416e-05
3.71416e-05
3.71415e-05
3.71415e-05
3.71415e-05
3.71415e-05
3.71415e-05
3.71415e-05
3.71415e-05
3.71415e-05
3.71415e-05
3.71415e-05
3.71415e-05
3.71415e-05
3.71415e-05
3.71415e-05
3.71415e-05
3.71415e-05
3.71415e-05
3.71415e-05
3.71415e-05
3.71415e-05
3.71415e-05
3.71415e-05
3.71415e-05
3.71415e-05
3.71415e-05
3.71415e-05
3.71415e-05
3.71415e-05
3.71415e-05
3.71415e-05
3.71415e-05
3.71415e-05
3.71415e-05
3.71415e-05
3.71415e-05
3.71415e-05
3.71415e-05
3.71415e-05
3.71415e-05
3.71415e-05
3.71415e-05
3.71415e-05
3.71415e-05
3.71597e-05
3.71597e-05
3.71597e-05
3.71597e-05
3.71597e-05
3.71597e-05
3.71597e-05
3.71597e-05
3.71597e-05
3.71597e-05
3.71597e-05
3.71597e-05
3.71597e-05
3.71597e-05
3.71597e-05
3.71597e-05
3.71597e-05
3.71597e-05
3.71597e-05
3.71597e-05
3.71597e-05
3.71597e-05
3.71597e-05
3.71597e-05
3.71597e-05
3.71597e-05
3.71597e-05
3.71597e-05
3.71597e-05
3.71597e-05
3.71597e-05
3.71597e-05
3.71597e-05
3.71597e-05
3.71597e-05
3.71597e-05
3.71597e-05
3.71597e-05
3.71597e-05
3.71597e-05
3.71597e-05
3.71597e-05
3.71597e-05
3.71597e-05
3.71597e-05
3.71597e-05
3.71597e-05
3.71597e-05
3.71597e-05
3.71597e-05
3.71597e-05
3.71598e-05
3.71598e-05
3.71598e-05
3.71598e-05
3.71598e-05
3.71598e-05
3.71598e-05
3.71598e-05
3.71598e-05
3.71598e-05
3.71598e-05
3.71598e-05
3.71598e-05
3.71598e-05
3.71598e-05
3.71598e-05
3.71598e-05
3.71598e-05
3.71598e-05
3.71598e-05
3.71598e-05
3.71598e-05
3.71598e-05
3.71598e-05
3.71598e-05
3.71598e-05
3.71598e-05
3.71598e-05
3.71598e-05
3.71598e-05
3.71598e-05
3.71598e-05
3.71598e-05
3.71598e-05
3.71598e-05
3.71598e-05
3.71599e-05
3.716e-05
3.71601e-05
3.71603e-05
3.71605e-05
3.71608e-05
3.71611e-05
3.71615e-05
3.71618e-05
3.71622e-05
3.71625e-05
3.71627e-05
3.71628e-05
3.71628e-05
3.71627e-05
3.71625e-05
3.71622e-05
3.71618e-05
3.71615e-05
3.71611e-05
3.71608e-05
3.71605e-05
3.71603e-05
3.71601e-05
3.716e-05
3.71599e-05
3.71598e-05
3.71598e-05
3.71598e-05
3.71597e-05
3.71597e-05
3.71597e-05
3.71597e-05
3.71597e-05
3.71597e-05
3.71597e-05
3.71597e-05
3.71597e-05
3.71597e-05
3.71597e-05
3.71597e-05
3.71597e-05
3.71597e-05
3.71597e-05
3.71597e-05
3.71597e-05
3.71597e-05
3.71597e-05
3.71597e-05
3.71597e-05
3.71597e-05
3.71597e-05
3.71597e-05
3.71597e-05
3.71597e-05
3.71597e-05
3.71597e-05
3.71597e-05
3.71597e-05
3.71597e-05
3.71597e-05
3.71597e-05
3.71597e-05
3.71597e-05
3.71597e-05
3.71597e-05
3.71597e-05
3.71597e-05
3.71597e-05
3.71597e-05
3.71597e-05
3.71597e-05
3.71597e-05
3.71597e-05
3.71597e-05
3.71597e-05
3.71597e-05
3.71597e-05
3.71597e-05
3.71597e-05
3.71597e-05
3.71597e-05
3.71597e-05
3.71597e-05
3.71597e-05
3.71597e-05
3.71597e-05
3.71597e-05
3.71597e-05
3.71597e-05
3.71597e-05
3.71597e-05
3.71597e-05
3.71596e-05
3.71596e-05
3.71596e-05
3.71596e-05
3.71596e-05
3.71596e-05
3.71596e-05
3.71596e-05
3.71596e-05
3.71596e-05
3.71596e-05
3.71596e-05
3.71596e-05
3.71596e-05
3.71596e-05
3.71596e-05
3.71596e-05
3.71596e-05
3.71596e-05
3.71596e-05
3.71968e-05
3.71968e-05
3.71968e-05
3.71968e-05
3.71968e-05
3.71968e-05
3.71968e-05
3.71968e-05
3.71968e-05
3.71968e-05
3.71968e-05
3.71968e-05
3.71968e-05
3.71968e-05
3.71968e-05
3.71968e-05
3.71968e-05
3.71968e-05
3.71968e-05
3.71968e-05
3.71968e-05
3.71968e-05
3.71968e-05
3.71968e-05
3.71968e-05
3.71968e-05
3.71968e-05
3.71968e-05
3.71968e-05
3.71968e-05
3.71968e-05
3.71968e-05
3.71968e-05
3.71968e-05
3.71968e-05
3.71969e-05
3.71969e-05
3.71969e-05
3.71969e-05
3.71969e-05
3.71969e-05
3.71969e-05
3.71969e-05
3.71969e-05
3.71969e-05
3.71969e-05
3.71969e-05
3.71969e-05
3.71969e-05
3.71969e-05
3.71969e-05
3.71969e-05
3.71969e-05
3.71969e-05
3.71969e-05
3.71969e-05
3.71969e-05
3.71969e-05
3.71969e-05
3.71969e-05
3.71969e-05
3.71969e-05
3.71969e-05
3.71969e-05
3.71969e-05
3.71969e-05
3.71969e-05
3.71969e-05
3.71969e-05
3.71969e-05
3.71969e-05
3.71969e-05
3.71969e-05
3.71969e-05
3.71969e-05
3.71969e-05
3.71969e-05
3.71969e-05
3.71969e-05
3.71969e-05
3.71969e-05
3.71969e-05
3.71969e-05
3.71969e-05
3.71969e-05
3.7197e-05
3.71971e-05
3.71972e-05
3.71974e-05
3.71977e-05
3.71981e-05
3.71986e-05
3.71992e-05
3.71999e-05
3.72007e-05
3.72015e-05
3.72022e-05
3.72029e-05
3.72033e-05
3.72036e-05
3.72036e-05
3.72033e-05
3.72029e-05
3.72022e-05
3.72015e-05
3.72007e-05
3.71999e-05
3.71992e-05
3.71986e-05
3.71981e-05
3.71977e-05
3.71974e-05
3.71972e-05
3.7197e-05
3.71969e-05
3.71969e-05
3.71968e-05
3.71968e-05
3.71968e-05
3.71968e-05
3.71968e-05
3.71968e-05
3.71968e-05
3.71968e-05
3.71968e-05
3.71968e-05
3.71968e-05
3.71968e-05
3.71968e-05
3.71968e-05
3.71968e-05
3.71968e-05
3.71968e-05
3.71968e-05
3.71968e-05
3.71968e-05
3.71968e-05
3.71968e-05
3.71968e-05
3.71968e-05
3.71968e-05
3.71968e-05
3.71968e-05
3.71968e-05
3.71968e-05
3.71968e-05
3.71968e-05
3.71968e-05
3.71968e-05
3.71968e-05
3.71967e-05
3.71967e-05
3.71967e-05
3.71967e-05
3.71967e-05
3.71967e-05
3.71967e-05
3.71967e-05
3.71967e-05
3.71967e-05
3.71967e-05
3.71967e-05
3.71967e-05
3.71967e-05
3.71967e-05
3.71967e-05
3.71967e-05
3.71967e-05
3.71967e-05
3.71967e-05
3.71967e-05
3.71967e-05
3.71967e-05
3.71967e-05
3.71967e-05
3.71967e-05
3.71967e-05
3.71967e-05
3.71967e-05
3.71967e-05
3.71967e-05
3.71967e-05
3.71967e-05
3.71967e-05
3.71967e-05
3.71967e-05
3.71967e-05
3.71967e-05
3.71967e-05
3.71967e-05
3.71967e-05
3.71967e-05
3.71967e-05
3.71967e-05
3.71967e-05
3.71967e-05
3.71967e-05
3.71967e-05
3.71967e-05
3.71967e-05
3.72703e-05
3.72703e-05
3.72703e-05
3.72703e-05
3.72703e-05
3.72703e-05
3.72703e-05
3.72703e-05
3.72703e-05
3.72703e-05
3.72703e-05
3.72703e-05
3.72703e-05
3.72703e-05
3.72703e-05
3.72703e-05
3.72703e-05
3.72703e-05
3.72703e-05
3.72703e-05
3.72703e-05
3.72703e-05
3.72703e-05
3.72703e-05
3.72703e-05
3.72703e-05
3.72703e-05
3.72703e-05
3.72703e-05
3.72703e-05
3.72703e-05
3.72703e-05
3.72703e-05
3.72703e-05
3.72703e-05
3.72703e-05
3.72703e-05
3.72703e-05
3.72703e-05
3.72703e-05
3.72703e-05
3.72703e-05
3.72703e-05
3.72703e-05
3.72703e-05
3.72704e-05
3.72704e-05
3.72704e-05
3.72704e-05
3.72704e-05
3.72704e-05
3.72704e-05
3.72704e-05
3.72704e-05
3.72704e-05
3.72704e-05
3.72704e-05
3.72704e-05
3.72704e-05
3.72704e-05
3.72704e-05
3.72704e-05
3.72704e-05
3.72704e-05
3.72704e-05
3.72704e-05
3.72704e-05
3.72704e-05
3.72704e-05
3.72704e-05
3.72704e-05
3.72704e-05
3.72704e-05
3.72704e-05
3.72704e-05
3.72703e-05
3.72703e-05
3.72703e-05
3.72703e-05
3.72703e-05
3.72703e-05
3.72703e-05
3.72703e-05
3.72704e-05
3.72704e-05
3.72706e-05
3.72708e-05
3.72711e-05
3.72715e-05
3.72721e-05
3.7273e-05
3.72741e-05
3.72754e-05
3.72769e-05
3.72785e-05
3.72802e-05
3.72818e-05
3.72831e-05
3.72841e-05
3.72847e-05
3.72847e-05
3.72841e-05
3.72831e-05
3.72818e-05
3.72802e-05
3.72785e-05
3.72768e-05
3.72753e-05
3.7274e-05
3.72729e-05
3.72721e-05
3.72714e-05
3.7271e-05
3.72707e-05
3.72705e-05
3.72703e-05
3.72703e-05
3.72702e-05
3.72702e-05
3.72702e-05
3.72702e-05
3.72702e-05
3.72702e-05
3.72702e-05
3.72702e-05
3.72702e-05
3.72702e-05
3.72702e-05
3.72702e-05
3.72702e-05
3.72702e-05
3.72702e-05
3.72702e-05
3.72702e-05
3.72702e-05
3.72702e-05
3.72702e-05
3.72702e-05
3.72702e-05
3.72702e-05
3.72702e-05
3.72702e-05
3.72702e-05
3.72702e-05
3.72702e-05
3.72702e-05
3.72702e-05
3.72701e-05
3.72701e-05
3.72701e-05
3.72701e-05
3.72701e-05
3.72701e-05
3.72701e-05
3.72701e-05
3.72701e-05
3.72701e-05
3.72701e-05
3.72701e-05
3.72701e-05
3.72701e-05
3.72701e-05
3.72701e-05
3.72701e-05
3.72701e-05
3.72701e-05
3.72701e-05
3.72701e-05
3.72701e-05
3.72701e-05
3.72701e-05
3.727e-05
3.727e-05
3.727e-05
3.727e-05
3.727e-05
3.727e-05
3.727e-05
3.727e-05
3.727e-05
3.727e-05
3.727e-05
3.727e-05
3.727e-05
3.727e-05
3.727e-05
3.727e-05
3.727e-05
3.727e-05
3.727e-05
3.727e-05
3.727e-05
3.727e-05
3.727e-05
3.727e-05
3.727e-05
3.727e-05
3.727e-05
3.727e-05
3.727e-05
3.74111e-05
3.74111e-05
3.74111e-05
3.74111e-05
3.74111e-05
3.74111e-05
3.74111e-05
3.74111e-05
3.74111e-05
3.74111e-05
3.74111e-05
3.74111e-05
3.74111e-05
3.74111e-05
3.74111e-05
3.74111e-05
3.74111e-05
3.74111e-05
3.74111e-05
3.74111e-05
3.74111e-05
3.74111e-05
3.74111e-05
3.74111e-05
3.74111e-05
3.74111e-05
3.74112e-05
3.74112e-05
3.74112e-05
3.74112e-05
3.74112e-05
3.74112e-05
3.74112e-05
3.74112e-05
3.74112e-05
3.74112e-05
3.74112e-05
3.74112e-05
3.74112e-05
3.74112e-05
3.74112e-05
3.74112e-05
3.74112e-05
3.74112e-05
3.74112e-05
3.74112e-05
3.74112e-05
3.74112e-05
3.74112e-05
3.74112e-05
3.74112e-05
3.74112e-05
3.74112e-05
3.74112e-05
3.74112e-05
3.74112e-05
3.74112e-05
3.74112e-05
3.74112e-05
3.74112e-05
3.74112e-05
3.74112e-05
3.74112e-05
3.74112e-05
3.74112e-05
3.74112e-05
3.74112e-05
3.74112e-05
3.74112e-05
3.74112e-05
3.74112e-05
3.74111e-05
3.74111e-05
3.74111e-05
3.74111e-05
3.74111e-05
3.74111e-05
3.7411e-05
3.7411e-05
3.7411e-05
3.7411e-05
3.7411e-05
3.7411e-05
3.74111e-05
3.74113e-05
3.74115e-05
3.7412e-05
3.74126e-05
3.74135e-05
3.74148e-05
3.74166e-05
3.74188e-05
3.74215e-05
3.74246e-05
3.7428e-05
3.74315e-05
3.74348e-05
3.74376e-05
3.74396e-05
3.74407e-05
3.74407e-05
3.74396e-05
3.74375e-05
3.74347e-05
3.74314e-05
3.74279e-05
3.74245e-05
3.74214e-05
3.74187e-05
3.74165e-05
3.74147e-05
3.74134e-05
3.74125e-05
3.74118e-05
3.74114e-05
3.74111e-05
3.74109e-05
3.74108e-05
3.74108e-05
3.74108e-05
3.74108e-05
3.74108e-05
3.74108e-05
3.74108e-05
3.74108e-05
3.74109e-05
3.74109e-05
3.74109e-05
3.74109e-05
3.74109e-05
3.74109e-05
3.74109e-05
3.74109e-05
3.74109e-05
3.74109e-05
3.74109e-05
3.74109e-05
3.74109e-05
3.74109e-05
3.74109e-05
3.74109e-05
3.74108e-05
3.74108e-05
3.74108e-05
3.74108e-05
3.74108e-05
3.74108e-05
3.74108e-05
3.74108e-05
3.74108e-05
3.74108e-05
3.74108e-05
3.74108e-05
3.74108e-05
3.74108e-05
3.74107e-05
3.74107e-05
3.74107e-05
3.74107e-05
3.74107e-05
3.74107e-05
3.74107e-05
3.74107e-05
3.74107e-05
3.74107e-05
3.74107e-05
3.74107e-05
3.74107e-05
3.74107e-05
3.74107e-05
3.74107e-05
3.74107e-05
3.74107e-05
3.74106e-05
3.74106e-05
3.74106e-05
3.74106e-05
3.74106e-05
3.74106e-05
3.74106e-05
3.74106e-05
3.74106e-05
3.74106e-05
3.74106e-05
3.74106e-05
3.74106e-05
3.74106e-05
3.74106e-05
3.74106e-05
3.74106e-05
3.74106e-05
3.74106e-05
3.74106e-05
3.74106e-05
3.74106e-05
3.74106e-05
3.74106e-05
3.74106e-05
3.74106e-05
3.74106e-05
3.76723e-05
3.76723e-05
3.76723e-05
3.76723e-05
3.76723e-05
3.76723e-05
3.76723e-05
3.76723e-05
3.76723e-05
3.76723e-05
3.76723e-05
3.76723e-05
3.76723e-05
3.76723e-05
3.76723e-05
3.76723e-05
3.76723e-05
3.76723e-05
3.76723e-05
3.76723e-05
3.76723e-05
3.76723e-05
3.76723e-05
3.76723e-05
3.76723e-05
3.76723e-05
3.76723e-05
3.76723e-05
3.76723e-05
3.76723e-05
3.76723e-05
3.76723e-05
3.76723e-05
3.76723e-05
3.76723e-05
3.76723e-05
3.76723e-05
3.76723e-05
3.76723e-05
3.76723e-05
3.76723e-05
3.76723e-05
3.76723e-05
3.76723e-05
3.76723e-05
3.76723e-05
3.76723e-05
3.76723e-05
3.76723e-05
3.76723e-05
3.76723e-05
3.76723e-05
3.76723e-05
3.76723e-05
3.76723e-05
3.76723e-05
3.76723e-05
3.76723e-05
3.76723e-05
3.76723e-05
3.76723e-05
3.76723e-05
3.76723e-05
3.76722e-05
3.76722e-05
3.76722e-05
3.76722e-05
3.76722e-05
3.76722e-05
3.76722e-05
3.76721e-05
3.76721e-05
3.76721e-05
3.7672e-05
3.7672e-05
3.7672e-05
3.76719e-05
3.76719e-05
3.76718e-05
3.76718e-05
3.76718e-05
3.76718e-05
3.76718e-05
3.7672e-05
3.76723e-05
3.76729e-05
3.76737e-05
3.7675e-05
3.76769e-05
3.76795e-05
3.7683e-05
3.76874e-05
3.76928e-05
3.7699e-05
3.77058e-05
3.77128e-05
3.77194e-05
3.7725e-05
3.77292e-05
3.77314e-05
3.77314e-05
3.77291e-05
3.7725e-05
3.77193e-05
3.77127e-05
3.77057e-05
3.76989e-05
3.76927e-05
3.76873e-05
3.76828e-05
3.76793e-05
3.76767e-05
3.76748e-05
3.76735e-05
3.76726e-05
3.7672e-05
3.76717e-05
3.76715e-05
3.76714e-05
3.76714e-05
3.76714e-05
3.76714e-05
3.76715e-05
3.76715e-05
3.76715e-05
3.76716e-05
3.76716e-05
3.76716e-05
3.76716e-05
3.76716e-05
3.76717e-05
3.76717e-05
3.76717e-05
3.76717e-05
3.76717e-05
3.76717e-05
3.76717e-05
3.76717e-05
3.76717e-05
3.76717e-05
3.76717e-05
3.76717e-05
3.76717e-05
3.76717e-05
3.76716e-05
3.76716e-05
3.76716e-05
3.76716e-05
3.76716e-05
3.76716e-05
3.76716e-05
3.76716e-05
3.76716e-05
3.76716e-05
3.76716e-05
3.76716e-05
3.76715e-05
3.76715e-05
3.76715e-05
3.76715e-05
3.76715e-05
3.76715e-05
3.76715e-05
3.76715e-05
3.76715e-05
3.76715e-05
3.76715e-05
3.76715e-05
3.76715e-05
3.76714e-05
3.76714e-05
3.76714e-05
3.76714e-05
3.76714e-05
3.76714e-05
3.76714e-05
3.76714e-05
3.76714e-05
3.76714e-05
3.76714e-05
3.76714e-05
3.76714e-05
3.76714e-05
3.76714e-05
3.76714e-05
3.76714e-05
3.76714e-05
3.76714e-05
3.76714e-05
3.76714e-05
3.76714e-05
3.76714e-05
3.76714e-05
3.76714e-05
3.76714e-05
3.76714e-05
3.76714e-05
3.76714e-05
3.76714e-05
3.76714e-05
3.81406e-05
3.81406e-05
3.81406e-05
3.81406e-05
3.81406e-05
3.81406e-05
3.81406e-05
3.81406e-05
3.81406e-05
3.81406e-05
3.81406e-05
3.81406e-05
3.81406e-05
3.81406e-05
3.81406e-05
3.81406e-05
3.81406e-05
3.81406e-05
3.81406e-05
3.81406e-05
3.81406e-05
3.81406e-05
3.81406e-05
3.81406e-05
3.81406e-05
3.81406e-05
3.81405e-05
3.81405e-05
3.81405e-05
3.81405e-05
3.81405e-05
3.81405e-05
3.81405e-05
3.81405e-05
3.81405e-05
3.81405e-05
3.81405e-05
3.81405e-05
3.81405e-05
3.81405e-05
3.81405e-05
3.81405e-05
3.81405e-05
3.81404e-05
3.81404e-05
3.81404e-05
3.81404e-05
3.81404e-05
3.81404e-05
3.81404e-05
3.81404e-05
3.81404e-05
3.81404e-05
3.81403e-05
3.81403e-05
3.81403e-05
3.81403e-05
3.81403e-05
3.81403e-05
3.81402e-05
3.81402e-05
3.81402e-05
3.81402e-05
3.81401e-05
3.81401e-05
3.81401e-05
3.814e-05
3.814e-05
3.81399e-05
3.81399e-05
3.81398e-05
3.81398e-05
3.81397e-05
3.81396e-05
3.81395e-05
3.81394e-05
3.81393e-05
3.81392e-05
3.81391e-05
3.81391e-05
3.8139e-05
3.81391e-05
3.81392e-05
3.81395e-05
3.81402e-05
3.81412e-05
3.81429e-05
3.81455e-05
3.81492e-05
3.81542e-05
3.8161e-05
3.81695e-05
3.81799e-05
3.81919e-05
3.82051e-05
3.82186e-05
3.82314e-05
3.82423e-05
3.82504e-05
3.82546e-05
3.82546e-05
3.82503e-05
3.82423e-05
3.82312e-05
3.82184e-05
3.82049e-05
3.81917e-05
3.81797e-05
3.81692e-05
3.81606e-05
3.81539e-05
3.81488e-05
3.81451e-05
3.81425e-05
3.81408e-05
3.81397e-05
3.8139e-05
3.81386e-05
3.81385e-05
3.81384e-05
3.81384e-05
3.81385e-05
3.81386e-05
3.81386e-05
3.81387e-05
3.81388e-05
3.81389e-05
3.81389e-05
3.8139e-05
3.8139e-05
3.81391e-05
3.81391e-05
3.81391e-05
3.81391e-05
3.81392e-05
3.81392e-05
3.81392e-05
3.81392e-05
3.81392e-05
3.81392e-05
3.81392e-05
3.81392e-05
3.81392e-05
3.81392e-05
3.81392e-05
3.81392e-05
3.81392e-05
3.81392e-05
3.81392e-05
3.81392e-05
3.81392e-05
3.81392e-05
3.81392e-05
3.81392e-05
3.81392e-05
3.81392e-05
3.81391e-05
3.81391e-05
3.81391e-05
3.81391e-05
3.81391e-05
3.81391e-05
3.81391e-05
3.81391e-05
3.81391e-05
3.81391e-05
3.81391e-05
3.81391e-05
3.81391e-05
3.81391e-05
3.81391e-05
3.81391e-05
3.81391e-05
3.81391e-05
3.81391e-05
3.8139e-05
3.8139e-05
3.8139e-05
3.8139e-05
3.8139e-05
3.8139e-05
3.8139e-05
3.8139e-05
3.8139e-05
3.8139e-05
3.8139e-05
3.8139e-05
3.8139e-05
3.8139e-05
3.8139e-05
3.8139e-05
3.8139e-05
3.8139e-05
3.8139e-05
3.8139e-05
3.8139e-05
3.8139e-05
3.8139e-05
3.8139e-05
3.8139e-05
3.89504e-05
3.89504e-05
3.89504e-05
3.89504e-05
3.89504e-05
3.89504e-05
3.89504e-05
3.89504e-05
3.89504e-05
3.89504e-05
3.89503e-05
3.89503e-05
3.89503e-05
3.89503e-05
3.89503e-05
3.89503e-05
3.89503e-05
3.89503e-05
3.89503e-05
3.89502e-05
3.89502e-05
3.89502e-05
3.89502e-05
3.89502e-05
3.89502e-05
3.89501e-05
3.89501e-05
3.89501e-05
3.89501e-05
3.89501e-05
3.89501e-05
3.895e-05
3.895e-05
3.895e-05
3.895e-05
3.89499e-05
3.89499e-05
3.89499e-05
3.89499e-05
3.89498e-05
3.89498e-05
3.89498e-05
3.89498e-05
3.89497e-05
3.89497e-05
3.89497e-05
3.89496e-05
3.89496e-05
3.89496e-05
3.89495e-05
3.89495e-05
3.89495e-05
3.89494e-05
3.89494e-05
3.89494e-05
3.89493e-05
3.89493e-05
3.89492e-05
3.89492e-05
3.89491e-05
3.8949e-05
3.8949e-05
3.89489e-05
3.89488e-05
3.89487e-05
3.89487e-05
3.89486e-05
3.89485e-05
3.89483e-05
3.89482e-05
3.89481e-05
3.89479e-05
3.89478e-05
3.89476e-05
3.89474e-05
3.89472e-05
3.8947e-05
3.89468e-05
3.89467e-05
3.89465e-05
3.89464e-05
3.89465e-05
3.89468e-05
3.89475e-05
3.89487e-05
3.89507e-05
3.89539e-05
3.89587e-05
3.89656e-05
3.89751e-05
3.89876e-05
3.90035e-05
3.90228e-05
3.90452e-05
3.90697e-05
3.90948e-05
3.91188e-05
3.91393e-05
3.91544e-05
3.91624e-05
3.91624e-05
3.91544e-05
3.91392e-05
3.91186e-05
3.90946e-05
3.90694e-05
3.90448e-05
3.90224e-05
3.9003e-05
3.89871e-05
3.89745e-05
3.89649e-05
3.8958e-05
3.89532e-05
3.89499e-05
3.89478e-05
3.89466e-05
3.89459e-05
3.89455e-05
3.89454e-05
3.89455e-05
3.89456e-05
3.89457e-05
3.89459e-05
3.89461e-05
3.89462e-05
3.89464e-05
3.89465e-05
3.89466e-05
3.89467e-05
3.89468e-05
3.89469e-05
3.8947e-05
3.89471e-05
3.89471e-05
3.89472e-05
3.89473e-05
3.89473e-05
3.89473e-05
3.89474e-05
3.89474e-05
3.89474e-05
3.89475e-05
3.89475e-05
3.89475e-05
3.89475e-05
3.89475e-05
3.89475e-05
3.89476e-05
3.89476e-05
3.89476e-05
3.89476e-05
3.89476e-05
3.89476e-05
3.89476e-05
3.89476e-05
3.89476e-05
3.89476e-05
3.89476e-05
3.89476e-05
3.89476e-05
3.89476e-05
3.89476e-05
3.89476e-05
3.89476e-05
3.89476e-05
3.89477e-05
3.89477e-05
3.89477e-05
3.89477e-05
3.89477e-05
3.89477e-05
3.89477e-05
3.89477e-05
3.89477e-05
3.89477e-05
3.89477e-05
3.89477e-05
3.89477e-05
3.89477e-05
3.89477e-05
3.89477e-05
3.89477e-05
3.89477e-05
3.89477e-05
3.89477e-05
3.89477e-05
3.89477e-05
3.89477e-05
3.89477e-05
3.89477e-05
3.89477e-05
3.89477e-05
3.89477e-05
3.89477e-05
3.89477e-05
3.89477e-05
3.89477e-05
3.89477e-05
3.89477e-05
4.0288e-05
4.02879e-05
4.02879e-05
4.02879e-05
4.02879e-05
4.02879e-05
4.02879e-05
4.02879e-05
4.02879e-05
4.02879e-05
4.02878e-05
4.02878e-05
4.02878e-05
4.02878e-05
4.02877e-05
4.02877e-05
4.02877e-05
4.02877e-05
4.02876e-05
4.02876e-05
4.02876e-05
4.02875e-05
4.02875e-05
4.02874e-05
4.02874e-05
4.02873e-05
4.02873e-05
4.02872e-05
4.02872e-05
4.02871e-05
4.02871e-05
4.0287e-05
4.0287e-05
4.02869e-05
4.02869e-05
4.02868e-05
4.02867e-05
4.02867e-05
4.02866e-05
4.02866e-05
4.02865e-05
4.02864e-05
4.02863e-05
4.02863e-05
4.02862e-05
4.02861e-05
4.0286e-05
4.02859e-05
4.02859e-05
4.02858e-05
4.02857e-05
4.02856e-05
4.02855e-05
4.02854e-05
4.02853e-05
4.02852e-05
4.0285e-05
4.02849e-05
4.02848e-05
4.02846e-05
4.02845e-05
4.02844e-05
4.02842e-05
4.0284e-05
4.02838e-05
4.02836e-05
4.02834e-05
4.02832e-05
4.0283e-05
4.02827e-05
4.02824e-05
4.02821e-05
4.02818e-05
4.02815e-05
4.02811e-05
4.02808e-05
4.02804e-05
4.028e-05
4.02796e-05
4.02794e-05
4.02792e-05
4.02794e-05
4.02799e-05
4.02811e-05
4.02833e-05
4.0287e-05
4.02927e-05
4.03013e-05
4.03134e-05
4.03301e-05
4.03522e-05
4.03801e-05
4.04141e-05
4.04535e-05
4.04968e-05
4.05413e-05
4.05837e-05
4.06201e-05
4.06469e-05
4.06611e-05
4.06611e-05
4.06468e-05
4.062e-05
4.05835e-05
4.0541e-05
4.04964e-05
4.0453e-05
4.04135e-05
4.03794e-05
4.03513e-05
4.03292e-05
4.03124e-05
4.03002e-05
4.02916e-05
4.02858e-05
4.0282e-05
4.02798e-05
4.02785e-05
4.02779e-05
4.02777e-05
4.02777e-05
4.0278e-05
4.02783e-05
4.02786e-05
4.02789e-05
4.02792e-05
4.02795e-05
4.02798e-05
4.02801e-05
4.02803e-05
4.02806e-05
4.02808e-05
4.0281e-05
4.02811e-05
4.02813e-05
4.02814e-05
4.02816e-05
4.02817e-05
4.02818e-05
4.02819e-05
4.0282e-05
4.02821e-05
4.02822e-05
4.02822e-05
4.02823e-05
4.02824e-05
4.02825e-05
4.02825e-05
4.02826e-05
4.02826e-05
4.02827e-05
4.02827e-05
4.02828e-05
4.02828e-05
4.02829e-05
4.02829e-05
4.02829e-05
4.0283e-05
4.0283e-05
4.0283e-05
4.02831e-05
4.02831e-05
4.02831e-05
4.02832e-05
4.02832e-05
4.02832e-05
4.02833e-05
4.02833e-05
4.02833e-05
4.02834e-05
4.02834e-05
4.02834e-05
4.02834e-05
4.02835e-05
4.02835e-05
4.02835e-05
4.02835e-05
4.02835e-05
4.02836e-05
4.02836e-05
4.02836e-05
4.02836e-05
4.02836e-05
4.02837e-05
4.02837e-05
4.02837e-05
4.02837e-05
4.02837e-05
4.02837e-05
4.02837e-05
4.02837e-05
4.02838e-05
4.02838e-05
4.02838e-05
4.02838e-05
4.02838e-05
4.02838e-05
4.02838e-05
4.02838e-05
4.02838e-05
4.23448e-05
4.23448e-05
4.23448e-05
4.23448e-05
4.23448e-05
4.23448e-05
4.23448e-05
4.23447e-05
4.23447e-05
4.23447e-05
4.23446e-05
4.23446e-05
4.23445e-05
4.23445e-05
4.23444e-05
4.23444e-05
4.23443e-05
4.23442e-05
4.23442e-05
4.23441e-05
4.2344e-05
4.23439e-05
4.23438e-05
4.23438e-05
4.23437e-05
4.23436e-05
4.23435e-05
4.23434e-05
4.23433e-05
4.23432e-05
4.2343e-05
4.23429e-05
4.23428e-05
4.23427e-05
4.23426e-05
4.23424e-05
4.23423e-05
4.23422e-05
4.2342e-05
4.23419e-05
4.23417e-05
4.23416e-05
4.23414e-05
4.23413e-05
4.23411e-05
4.23409e-05
4.23407e-05
4.23406e-05
4.23404e-05
4.23402e-05
4.234e-05
4.23398e-05
4.23396e-05
4.23394e-05
4.23391e-05
4.23389e-05
4.23386e-05
4.23384e-05
4.23381e-05
4.23378e-05
4.23376e-05
4.23373e-05
4.23369e-05
4.23366e-05
4.23362e-05
4.23359e-05
4.23355e-05
4.2335e-05
4.23346e-05
4.23341e-05
4.23336e-05
4.2333e-05
4.23325e-05
4.23318e-05
4.23312e-05
4.23305e-05
4.23298e-05
4.23292e-05
4.23286e-05
4.23281e-05
4.23279e-05
4.23281e-05
4.23291e-05
4.23311e-05
4.23348e-05
4.23408e-05
4.235e-05
4.23638e-05
4.23833e-05
4.241e-05
4.24452e-05
4.24898e-05
4.25442e-05
4.26073e-05
4.26765e-05
4.27479e-05
4.28158e-05
4.2874e-05
4.29167e-05
4.29393e-05
4.29393e-05
4.29166e-05
4.28738e-05
4.28155e-05
4.27475e-05
4.2676e-05
4.26066e-05
4.25433e-05
4.24888e-05
4.2444e-05
4.24086e-05
4.23818e-05
4.23622e-05
4.23484e-05
4.2339e-05
4.23329e-05
4.23291e-05
4.2327e-05
4.2326e-05
4.23257e-05
4.23258e-05
4.23262e-05
4.23267e-05
4.23273e-05
4.23279e-05
4.23285e-05
4.2329e-05
4.23296e-05
4.23301e-05
4.23306e-05
4.2331e-05
4.23314e-05
4.23318e-05
4.23321e-05
4.23325e-05
4.23328e-05
4.2333e-05
4.23333e-05
4.23336e-05
4.23338e-05
4.2334e-05
4.23342e-05
4.23344e-05
4.23346e-05
4.23348e-05
4.2335e-05
4.23351e-05
4.23353e-05
4.23354e-05
4.23356e-05
4.23357e-05
4.23358e-05
4.2336e-05
4.23361e-05
4.23362e-05
4.23363e-05
4.23364e-05
4.23366e-05
4.23367e-05
4.23368e-05
4.23369e-05
4.2337e-05
4.2337e-05
4.23371e-05
4.23372e-05
4.23373e-05
4.23374e-05
4.23375e-05
4.23376e-05
4.23376e-05
4.23377e-05
4.23378e-05
4.23379e-05
4.23379e-05
4.2338e-05
4.2338e-05
4.23381e-05
4.23382e-05
4.23382e-05
4.23383e-05
4.23383e-05
4.23384e-05
4.23384e-05
4.23385e-05
4.23385e-05
4.23386e-05
4.23386e-05
4.23386e-05
4.23387e-05
4.23387e-05
4.23387e-05
4.23387e-05
4.23388e-05
4.23388e-05
4.23388e-05
4.23388e-05
4.23388e-05
4.23388e-05
4.23388e-05
4.23388e-05
4.51516e-05
4.51516e-05
4.51516e-05
4.51516e-05
4.51515e-05
4.51515e-05
4.51515e-05
4.51514e-05
4.51514e-05
4.51513e-05
4.51512e-05
4.51512e-05
4.51511e-05
4.5151e-05
4.51509e-05
4.51508e-05
4.51507e-05
4.51506e-05
4.51504e-05
4.51503e-05
4.51502e-05
4.515e-05
4.51499e-05
4.51497e-05
4.51496e-05
4.51494e-05
4.51493e-05
4.51491e-05
4.51489e-05
4.51487e-05
4.51485e-05
4.51483e-05
4.51481e-05
4.51479e-05
4.51477e-05
4.51474e-05
4.51472e-05
4.5147e-05
4.51467e-05
4.51465e-05
4.51462e-05
4.51459e-05
4.51457e-05
4.51454e-05
4.51451e-05
4.51448e-05
4.51445e-05
4.51442e-05
4.51438e-05
4.51435e-05
4.51432e-05
4.51428e-05
4.51425e-05
4.51421e-05
4.51417e-05
4.51413e-05
4.51409e-05
4.51404e-05
4.514e-05
4.51395e-05
4.5139e-05
4.51385e-05
4.5138e-05
4.51374e-05
4.51368e-05
4.51362e-05
4.51356e-05
4.51349e-05
4.51342e-05
4.51334e-05
4.51326e-05
4.51317e-05
4.51308e-05
4.51299e-05
4.51289e-05
4.51278e-05
4.51268e-05
4.51258e-05
4.51249e-05
4.51242e-05
4.51239e-05
4.51243e-05
4.51256e-05
4.51285e-05
4.51336e-05
4.5142e-05
4.51548e-05
4.51736e-05
4.52003e-05
4.52368e-05
4.52848e-05
4.53458e-05
4.542e-05
4.55061e-05
4.56004e-05
4.56968e-05
4.57875e-05
4.58642e-05
4.59198e-05
4.59491e-05
4.5949e-05
4.59197e-05
4.5864e-05
4.57872e-05
4.56964e-05
4.55998e-05
4.55053e-05
4.5419e-05
4.53446e-05
4.52834e-05
4.52352e-05
4.51986e-05
4.51717e-05
4.51527e-05
4.51397e-05
4.51313e-05
4.5126e-05
4.5123e-05
4.51216e-05
4.51211e-05
4.51213e-05
4.51219e-05
4.51227e-05
4.51236e-05
4.51245e-05
4.51254e-05
4.51263e-05
4.51272e-05
4.5128e-05
4.51288e-05
4.51295e-05
4.51301e-05
4.51308e-05
4.51314e-05
4.51319e-05
4.51325e-05
4.51329e-05
4.51334e-05
4.51339e-05
4.51343e-05
4.51347e-05
4.51351e-05
4.51354e-05
4.51358e-05
4.51361e-05
4.51364e-05
4.51368e-05
4.5137e-05
4.51373e-05
4.51376e-05
4.51379e-05
4.51381e-05
4.51384e-05
4.51386e-05
4.51389e-05
4.51391e-05
4.51393e-05
4.51395e-05
4.51397e-05
4.51399e-05
4.51401e-05
4.51403e-05
4.51405e-05
4.51407e-05
4.51409e-05
4.5141e-05
4.51412e-05
4.51414e-05
4.51415e-05
4.51417e-05
4.51418e-05
4.5142e-05
4.51421e-05
4.51422e-05
4.51424e-05
4.51425e-05
4.51426e-05
4.51427e-05
4.51428e-05
4.51429e-05
4.5143e-05
4.51431e-05
4.51432e-05
4.51433e-05
4.51434e-05
4.51435e-05
4.51436e-05
4.51436e-05
4.51437e-05
4.51437e-05
4.51438e-05
4.51438e-05
4.51439e-05
4.51439e-05
4.51439e-05
4.5144e-05
4.5144e-05
4.5144e-05
4.5144e-05
4.5144e-05
4.84077e-05
4.84077e-05
4.84077e-05
4.84076e-05
4.84076e-05
4.84075e-05
4.84075e-05
4.84074e-05
4.84073e-05
4.84073e-05
4.84072e-05
4.84071e-05
4.84069e-05
4.84068e-05
4.84067e-05
4.84066e-05
4.84064e-05
4.84062e-05
4.84061e-05
4.84059e-05
4.84057e-05
4.84055e-05
4.84053e-05
4.84051e-05
4.84049e-05
4.84046e-05
4.84044e-05
4.84042e-05
4.84039e-05
4.84036e-05
4.84034e-05
4.84031e-05
4.84028e-05
4.84025e-05
4.84022e-05
4.84019e-05
4.84015e-05
4.84012e-05
4.84008e-05
4.84005e-05
4.84001e-05
4.83997e-05
4.83994e-05
4.8399e-05
4.83986e-05
4.83981e-05
4.83977e-05
4.83973e-05
4.83968e-05
4.83963e-05
4.83959e-05
4.83954e-05
4.83949e-05
4.83943e-05
4.83938e-05
4.83932e-05
4.83926e-05
4.8392e-05
4.83914e-05
4.83908e-05
4.83901e-05
4.83894e-05
4.83887e-05
4.83879e-05
4.83871e-05
4.83863e-05
4.83854e-05
4.83845e-05
4.83835e-05
4.83825e-05
4.83815e-05
4.83803e-05
4.83792e-05
4.83779e-05
4.83766e-05
4.83753e-05
4.8374e-05
4.83728e-05
4.83717e-05
4.83708e-05
4.83704e-05
4.83708e-05
4.83723e-05
4.83756e-05
4.83815e-05
4.8391e-05
4.84056e-05
4.8427e-05
4.84572e-05
4.84985e-05
4.85529e-05
4.86219e-05
4.87056e-05
4.88017e-05
4.89051e-05
4.90072e-05
4.9098e-05
4.91703e-05
4.92203e-05
4.92458e-05
4.92458e-05
4.92202e-05
4.91701e-05
4.90977e-05
4.90068e-05
4.89045e-05
4.8801e-05
4.87046e-05
4.86206e-05
4.85514e-05
4.84968e-05
4.84553e-05
4.84249e-05
4.84034e-05
4.83886e-05
4.8379e-05
4.8373e-05
4.83695e-05
4.83679e-05
4.83674e-05
4.83677e-05
4.83684e-05
4.83694e-05
4.83706e-05
4.83718e-05
4.8373e-05
4.83741e-05
4.83753e-05
4.83763e-05
4.83774e-05
4.83783e-05
4.83792e-05
4.83801e-05
4.83809e-05
4.83817e-05
4.83824e-05
4.83831e-05
4.83838e-05
4.83844e-05
4.8385e-05
4.83856e-05
4.83861e-05
4.83867e-05
4.83872e-05
4.83877e-05
4.83881e-05
4.83886e-05
4.8389e-05
4.83895e-05
4.83899e-05
4.83903e-05
4.83907e-05
4.8391e-05
4.83914e-05
4.83918e-05
4.83921e-05
4.83924e-05
4.83928e-05
4.83931e-05
4.83934e-05
4.83937e-05
4.8394e-05
4.83942e-05
4.83945e-05
4.83948e-05
4.8395e-05
4.83953e-05
4.83955e-05
4.83958e-05
4.8396e-05
4.83962e-05
4.83964e-05
4.83967e-05
4.83969e-05
4.8397e-05
4.83972e-05
4.83974e-05
4.83976e-05
4.83978e-05
4.83979e-05
4.83981e-05
4.83982e-05
4.83983e-05
4.83985e-05
4.83986e-05
4.83987e-05
4.83988e-05
4.83989e-05
4.8399e-05
4.83991e-05
4.83992e-05
4.83992e-05
4.83993e-05
4.83993e-05
4.83994e-05
4.83994e-05
4.83995e-05
4.83995e-05
4.83995e-05
4.83995e-05
5.16802e-05
5.16802e-05
5.16802e-05
5.16801e-05
5.16801e-05
5.168e-05
5.168e-05
5.16799e-05
5.16798e-05
5.16797e-05
5.16796e-05
5.16795e-05
5.16793e-05
5.16792e-05
5.1679e-05
5.16789e-05
5.16787e-05
5.16785e-05
5.16783e-05
5.16781e-05
5.16779e-05
5.16776e-05
5.16774e-05
5.16771e-05
5.16769e-05
5.16766e-05
5.16763e-05
5.1676e-05
5.16757e-05
5.16754e-05
5.1675e-05
5.16747e-05
5.16744e-05
5.1674e-05
5.16736e-05
5.16732e-05
5.16728e-05
5.16724e-05
5.1672e-05
5.16716e-05
5.16712e-05
5.16707e-05
5.16702e-05
5.16698e-05
5.16693e-05
5.16688e-05
5.16683e-05
5.16677e-05
5.16672e-05
5.16666e-05
5.16661e-05
5.16655e-05
5.16649e-05
5.16642e-05
5.16636e-05
5.16629e-05
5.16622e-05
5.16615e-05
5.16608e-05
5.166e-05
5.16592e-05
5.16584e-05
5.16575e-05
5.16567e-05
5.16557e-05
5.16548e-05
5.16538e-05
5.16527e-05
5.16516e-05
5.16504e-05
5.16492e-05
5.16479e-05
5.16466e-05
5.16452e-05
5.16438e-05
5.16423e-05
5.16408e-05
5.16394e-05
5.16382e-05
5.16372e-05
5.16367e-05
5.16369e-05
5.16384e-05
5.16415e-05
5.16472e-05
5.16564e-05
5.16706e-05
5.16913e-05
5.17207e-05
5.17609e-05
5.18138e-05
5.18805e-05
5.19595e-05
5.20456e-05
5.21292e-05
5.21986e-05
5.22421e-05
5.22603e-05
5.22632e-05
5.22618e-05
5.22617e-05
5.2263e-05
5.226e-05
5.22417e-05
5.21981e-05
5.21286e-05
5.20448e-05
5.19586e-05
5.18793e-05
5.18124e-05
5.17593e-05
5.17189e-05
5.16893e-05
5.16684e-05
5.16541e-05
5.16447e-05
5.1639e-05
5.16357e-05
5.16342e-05
5.16338e-05
5.16342e-05
5.16351e-05
5.16362e-05
5.16375e-05
5.16389e-05
5.16402e-05
5.16415e-05
5.16428e-05
5.16441e-05
5.16452e-05
5.16464e-05
5.16474e-05
5.16484e-05
5.16494e-05
5.16503e-05
5.16512e-05
5.1652e-05
5.16528e-05
5.16536e-05
5.16543e-05
5.1655e-05
5.16557e-05
5.16563e-05
5.16569e-05
5.16575e-05
5.16581e-05
5.16587e-05
5.16592e-05
5.16598e-05
5.16603e-05
5.16608e-05
5.16612e-05
5.16617e-05
5.16622e-05
5.16626e-05
5.1663e-05
5.16635e-05
5.16639e-05
5.16643e-05
5.16646e-05
5.1665e-05
5.16654e-05
5.16657e-05
5.16661e-05
5.16664e-05
5.16667e-05
5.1667e-05
5.16674e-05
5.16676e-05
5.16679e-05
5.16682e-05
5.16685e-05
5.16687e-05
5.1669e-05
5.16692e-05
5.16695e-05
5.16697e-05
5.16699e-05
5.16701e-05
5.16703e-05
5.16705e-05
5.16707e-05
5.16708e-05
5.1671e-05
5.16712e-05
5.16713e-05
5.16714e-05
5.16716e-05
5.16717e-05
5.16718e-05
5.16719e-05
5.16719e-05
5.1672e-05
5.16721e-05
5.16721e-05
5.16722e-05
5.16722e-05
5.16723e-05
5.16723e-05
5.16723e-05
5.47453e-05
5.47453e-05
5.47453e-05
5.47452e-05
5.47452e-05
5.47451e-05
5.47451e-05
5.4745e-05
5.47449e-05
5.47448e-05
5.47446e-05
5.47445e-05
5.47444e-05
5.47442e-05
5.4744e-05
5.47438e-05
5.47436e-05
5.47434e-05
5.47432e-05
5.4743e-05
5.47427e-05
5.47425e-05
5.47422e-05
5.47419e-05
5.47417e-05
5.47414e-05
5.4741e-05
5.47407e-05
5.47404e-05
5.474e-05
5.47397e-05
5.47393e-05
5.47389e-05
5.47385e-05
5.47381e-05
5.47377e-05
5.47372e-05
5.47368e-05
5.47363e-05
5.47359e-05
5.47354e-05
5.47349e-05
5.47344e-05
5.47338e-05
5.47333e-05
5.47328e-05
5.47322e-05
5.47316e-05
5.4731e-05
5.47304e-05
5.47298e-05
5.47291e-05
5.47284e-05
5.47277e-05
5.4727e-05
5.47263e-05
5.47255e-05
5.47248e-05
5.4724e-05
5.47231e-05
5.47223e-05
5.47214e-05
5.47204e-05
5.47195e-05
5.47185e-05
5.47174e-05
5.47164e-05
5.47152e-05
5.4714e-05
5.47128e-05
5.47115e-05
5.47102e-05
5.47087e-05
5.47073e-05
5.47058e-05
5.47042e-05
5.47027e-05
5.47012e-05
5.46999e-05
5.46988e-05
5.46981e-05
5.46981e-05
5.46991e-05
5.47017e-05
5.47065e-05
5.47144e-05
5.47268e-05
5.4745e-05
5.47709e-05
5.48065e-05
5.48531e-05
5.49101e-05
5.49723e-05
5.50259e-05
5.50471e-05
5.5012e-05
5.49119e-05
5.47684e-05
5.4631e-05
5.45489e-05
5.45486e-05
5.46303e-05
5.47675e-05
5.4911e-05
5.50112e-05
5.50464e-05
5.50251e-05
5.49714e-05
5.4909e-05
5.48518e-05
5.4805e-05
5.47692e-05
5.47432e-05
5.47248e-05
5.47123e-05
5.47042e-05
5.46993e-05
5.46966e-05
5.46955e-05
5.46954e-05
5.4696e-05
5.4697e-05
5.46982e-05
5.46996e-05
5.4701e-05
5.47025e-05
5.47039e-05
5.47053e-05
5.47066e-05
5.47078e-05
5.4709e-05
5.47102e-05
5.47113e-05
5.47123e-05
5.47133e-05
5.47143e-05
5.47152e-05
5.47161e-05
5.47169e-05
5.47177e-05
5.47185e-05
5.47192e-05
5.472e-05
5.47206e-05
5.47213e-05
5.4722e-05
5.47226e-05
5.47232e-05
5.47238e-05
5.47244e-05
5.4725e-05
5.47255e-05
5.4726e-05
5.47265e-05
5.4727e-05
5.47275e-05
5.4728e-05
5.47285e-05
5.47289e-05
5.47293e-05
5.47298e-05
5.47302e-05
5.47306e-05
5.4731e-05
5.47313e-05
5.47317e-05
5.47321e-05
5.47324e-05
5.47327e-05
5.47331e-05
5.47334e-05
5.47337e-05
5.4734e-05
5.47343e-05
5.47345e-05
5.47348e-05
5.47351e-05
5.47353e-05
5.47355e-05
5.47357e-05
5.4736e-05
5.47362e-05
5.47364e-05
5.47365e-05
5.47367e-05
5.47369e-05
5.4737e-05
5.47371e-05
5.47373e-05
5.47374e-05
5.47375e-05
5.47376e-05
5.47377e-05
5.47378e-05
5.47378e-05
5.47379e-05
5.47379e-05
5.47379e-05
5.4738e-05
5.4738e-05
5.76517e-05
5.76517e-05
5.76517e-05
5.76516e-05
5.76516e-05
5.76515e-05
5.76515e-05
5.76514e-05
5.76513e-05
5.76511e-05
5.7651e-05
5.76509e-05
5.76507e-05
5.76505e-05
5.76504e-05
5.76502e-05
5.765e-05
5.76498e-05
5.76495e-05
5.76493e-05
5.7649e-05
5.76488e-05
5.76485e-05
5.76482e-05
5.76479e-05
5.76476e-05
5.76472e-05
5.76469e-05
5.76465e-05
5.76462e-05
5.76458e-05
5.76454e-05
5.7645e-05
5.76446e-05
5.76441e-05
5.76437e-05
5.76432e-05
5.76427e-05
5.76423e-05
5.76418e-05
5.76412e-05
5.76407e-05
5.76402e-05
5.76396e-05
5.76391e-05
5.76385e-05
5.76379e-05
5.76373e-05
5.76366e-05
5.7636e-05
5.76353e-05
5.76346e-05
5.76339e-05
5.76332e-05
5.76324e-05
5.76317e-05
5.76309e-05
5.763e-05
5.76292e-05
5.76283e-05
5.76274e-05
5.76265e-05
5.76255e-05
5.76245e-05
5.76235e-05
5.76224e-05
5.76213e-05
5.76201e-05
5.76189e-05
5.76176e-05
5.76163e-05
5.76149e-05
5.76134e-05
5.7612e-05
5.76104e-05
5.76088e-05
5.76073e-05
5.76057e-05
5.76043e-05
5.7603e-05
5.76021e-05
5.76018e-05
5.76022e-05
5.7604e-05
5.76076e-05
5.76138e-05
5.76236e-05
5.76383e-05
5.76593e-05
5.76881e-05
5.77241e-05
5.77626e-05
5.77876e-05
5.77653e-05
5.76422e-05
5.73608e-05
5.69093e-05
5.63608e-05
5.5866e-05
5.5576e-05
5.55753e-05
5.58642e-05
5.63584e-05
5.69069e-05
5.73589e-05
5.76408e-05
5.77643e-05
5.77866e-05
5.77615e-05
5.77229e-05
5.76867e-05
5.76578e-05
5.76366e-05
5.76217e-05
5.76118e-05
5.76055e-05
5.76018e-05
5.76e-05
5.75994e-05
5.75996e-05
5.76004e-05
5.76016e-05
5.7603e-05
5.76044e-05
5.76059e-05
5.76074e-05
5.76088e-05
5.76102e-05
5.76116e-05
5.76129e-05
5.76141e-05
5.76153e-05
5.76165e-05
5.76175e-05
5.76186e-05
5.76196e-05
5.76205e-05
5.76215e-05
5.76223e-05
5.76232e-05
5.7624e-05
5.76248e-05
5.76256e-05
5.76263e-05
5.7627e-05
5.76277e-05
5.76284e-05
5.76291e-05
5.76297e-05
5.76303e-05
5.76309e-05
5.76315e-05
5.76321e-05
5.76326e-05
5.76332e-05
5.76337e-05
5.76342e-05
5.76347e-05
5.76352e-05
5.76356e-05
5.76361e-05
5.76365e-05
5.7637e-05
5.76374e-05
5.76378e-05
5.76382e-05
5.76386e-05
5.7639e-05
5.76393e-05
5.76397e-05
5.764e-05
5.76403e-05
5.76406e-05
5.76409e-05
5.76412e-05
5.76415e-05
5.76418e-05
5.76421e-05
5.76423e-05
5.76425e-05
5.76428e-05
5.7643e-05
5.76432e-05
5.76434e-05
5.76436e-05
5.76437e-05
5.76439e-05
5.7644e-05
5.76442e-05
5.76443e-05
5.76444e-05
5.76445e-05
5.76446e-05
5.76447e-05
5.76448e-05
5.76448e-05
5.76449e-05
5.76449e-05
5.76449e-05
5.76449e-05
6.06069e-05
6.06069e-05
6.06068e-05
6.06068e-05
6.06067e-05
6.06067e-05
6.06066e-05
6.06065e-05
6.06064e-05
6.06063e-05
6.06061e-05
6.0606e-05
6.06058e-05
6.06057e-05
6.06055e-05
6.06053e-05
6.06051e-05
6.06049e-05
6.06046e-05
6.06044e-05
6.06041e-05
6.06038e-05
6.06035e-05
6.06032e-05
6.06029e-05
6.06026e-05
6.06023e-05
6.06019e-05
6.06015e-05
6.06012e-05
6.06008e-05
6.06004e-05
6.05999e-05
6.05995e-05
6.05991e-05
6.05986e-05
6.05981e-05
6.05976e-05
6.05971e-05
6.05966e-05
6.05961e-05
6.05955e-05
6.0595e-05
6.05944e-05
6.05938e-05
6.05932e-05
6.05926e-05
6.0592e-05
6.05913e-05
6.05906e-05
6.059e-05
6.05893e-05
6.05885e-05
6.05878e-05
6.0587e-05
6.05862e-05
6.05854e-05
6.05846e-05
6.05837e-05
6.05828e-05
6.05819e-05
6.05809e-05
6.058e-05
6.05789e-05
6.05779e-05
6.05768e-05
6.05756e-05
6.05745e-05
6.05732e-05
6.0572e-05
6.05706e-05
6.05692e-05
6.05678e-05
6.05663e-05
6.05647e-05
6.05632e-05
6.05616e-05
6.056e-05
6.05584e-05
6.0557e-05
6.05559e-05
6.05551e-05
6.0555e-05
6.05558e-05
6.0558e-05
6.05622e-05
6.05691e-05
6.05797e-05
6.05949e-05
6.06147e-05
6.06351e-05
6.06418e-05
6.0597e-05
6.04236e-05
6.00005e-05
5.91984e-05
5.79817e-05
5.65236e-05
5.52079e-05
5.44356e-05
5.44338e-05
5.5203e-05
5.65172e-05
5.79757e-05
5.91939e-05
5.99976e-05
6.04218e-05
6.05957e-05
6.06406e-05
6.06339e-05
6.06134e-05
6.05935e-05
6.05781e-05
6.05674e-05
6.05604e-05
6.05561e-05
6.05538e-05
6.05529e-05
6.0553e-05
6.05536e-05
6.05547e-05
6.0556e-05
6.05574e-05
6.05589e-05
6.05604e-05
6.05619e-05
6.05634e-05
6.05648e-05
6.05662e-05
6.05675e-05
6.05687e-05
6.05699e-05
6.05711e-05
6.05722e-05
6.05733e-05
6.05743e-05
6.05753e-05
6.05762e-05
6.05771e-05
6.0578e-05
6.05788e-05
6.05797e-05
6.05804e-05
6.05812e-05
6.0582e-05
6.05827e-05
6.05834e-05
6.05841e-05
6.05847e-05
6.05854e-05
6.0586e-05
6.05866e-05
6.05872e-05
6.05878e-05
6.05883e-05
6.05889e-05
6.05894e-05
6.05899e-05
6.05904e-05
6.05909e-05
6.05914e-05
6.05919e-05
6.05923e-05
6.05927e-05
6.05932e-05
6.05936e-05
6.0594e-05
6.05944e-05
6.05947e-05
6.05951e-05
6.05955e-05
6.05958e-05
6.05961e-05
6.05965e-05
6.05968e-05
6.05971e-05
6.05973e-05
6.05976e-05
6.05979e-05
6.05981e-05
6.05983e-05
6.05986e-05
6.05988e-05
6.0599e-05
6.05992e-05
6.05994e-05
6.05995e-05
6.05997e-05
6.05998e-05
6.05999e-05
6.06001e-05
6.06002e-05
6.06003e-05
6.06003e-05
6.06004e-05
6.06005e-05
6.06005e-05
6.06006e-05
6.06006e-05
6.06006e-05
6.38688e-05
6.38688e-05
6.38687e-05
6.38687e-05
6.38686e-05
6.38686e-05
6.38685e-05
6.38684e-05
6.38683e-05
6.38682e-05
6.3868e-05
6.38679e-05
6.38677e-05
6.38676e-05
6.38674e-05
6.38672e-05
6.3867e-05
6.38667e-05
6.38665e-05
6.38662e-05
6.3866e-05
6.38657e-05
6.38654e-05
6.38651e-05
6.38648e-05
6.38645e-05
6.38641e-05
6.38638e-05
6.38634e-05
6.3863e-05
6.38626e-05
6.38622e-05
6.38618e-05
6.38613e-05
6.38609e-05
6.38604e-05
6.38599e-05
6.38595e-05
6.3859e-05
6.38584e-05
6.38579e-05
6.38574e-05
6.38568e-05
6.38562e-05
6.38556e-05
6.3855e-05
6.38544e-05
6.38538e-05
6.38531e-05
6.38524e-05
6.38517e-05
6.3851e-05
6.38503e-05
6.38495e-05
6.38488e-05
6.3848e-05
6.38472e-05
6.38463e-05
6.38455e-05
6.38446e-05
6.38437e-05
6.38427e-05
6.38417e-05
6.38407e-05
6.38397e-05
6.38386e-05
6.38375e-05
6.38363e-05
6.38351e-05
6.38339e-05
6.38326e-05
6.38312e-05
6.38298e-05
6.38284e-05
6.38269e-05
6.38253e-05
6.38237e-05
6.38222e-05
6.38206e-05
6.38191e-05
6.38178e-05
6.38167e-05
6.3816e-05
6.38159e-05
6.38167e-05
6.38189e-05
6.38228e-05
6.38292e-05
6.38378e-05
6.38465e-05
6.38451e-05
6.38026e-05
6.36428e-05
6.32115e-05
6.22617e-05
6.05098e-05
5.78359e-05
5.45909e-05
5.16875e-05
5.00355e-05
5.00314e-05
5.16763e-05
5.4576e-05
5.78222e-05
6.05e-05
6.22557e-05
6.32081e-05
6.36408e-05
6.38012e-05
6.38439e-05
6.38453e-05
6.38365e-05
6.38277e-05
6.38213e-05
6.38172e-05
6.3815e-05
6.38141e-05
6.38141e-05
6.38147e-05
6.38157e-05
6.3817e-05
6.38184e-05
6.38199e-05
6.38214e-05
6.38229e-05
6.38243e-05
6.38258e-05
6.38271e-05
6.38285e-05
6.38297e-05
6.3831e-05
6.38321e-05
6.38333e-05
6.38344e-05
6.38354e-05
6.38364e-05
6.38374e-05
6.38383e-05
6.38392e-05
6.38401e-05
6.3841e-05
6.38418e-05
6.38426e-05
6.38434e-05
6.38441e-05
6.38448e-05
6.38456e-05
6.38462e-05
6.38469e-05
6.38476e-05
6.38482e-05
6.38488e-05
6.38494e-05
6.385e-05
6.38506e-05
6.38511e-05
6.38517e-05
6.38522e-05
6.38527e-05
6.38532e-05
6.38537e-05
6.38542e-05
6.38546e-05
6.38551e-05
6.38555e-05
6.38559e-05
6.38563e-05
6.38567e-05
6.38571e-05
6.38575e-05
6.38578e-05
6.38582e-05
6.38585e-05
6.38588e-05
6.38591e-05
6.38594e-05
6.38597e-05
6.386e-05
6.38603e-05
6.38605e-05
6.38608e-05
6.3861e-05
6.38612e-05
6.38614e-05
6.38616e-05
6.38618e-05
6.3862e-05
6.38621e-05
6.38623e-05
6.38624e-05
6.38625e-05
6.38626e-05
6.38627e-05
6.38628e-05
6.38629e-05
6.38629e-05
6.3863e-05
6.3863e-05
6.3863e-05
6.38631e-05
6.76308e-05
6.76308e-05
6.76308e-05
6.76307e-05
6.76307e-05
6.76306e-05
6.76305e-05
6.76304e-05
6.76303e-05
6.76302e-05
6.76301e-05
6.76299e-05
6.76298e-05
6.76296e-05
6.76294e-05
6.76292e-05
6.7629e-05
6.76288e-05
6.76286e-05
6.76283e-05
6.7628e-05
6.76278e-05
6.76275e-05
6.76272e-05
6.76269e-05
6.76265e-05
6.76262e-05
6.76258e-05
6.76255e-05
6.76251e-05
6.76247e-05
6.76243e-05
6.76239e-05
6.76235e-05
6.7623e-05
6.76226e-05
6.76221e-05
6.76216e-05
6.76211e-05
6.76206e-05
6.76201e-05
6.76195e-05
6.7619e-05
6.76184e-05
6.76178e-05
6.76172e-05
6.76166e-05
6.7616e-05
6.76154e-05
6.76147e-05
6.7614e-05
6.76133e-05
6.76126e-05
6.76119e-05
6.76111e-05
6.76104e-05
6.76096e-05
6.76088e-05
6.76079e-05
6.76071e-05
6.76062e-05
6.76053e-05
6.76043e-05
6.76034e-05
6.76024e-05
6.76014e-05
6.76003e-05
6.75992e-05
6.75981e-05
6.75969e-05
6.75957e-05
6.75944e-05
6.75931e-05
6.75918e-05
6.75904e-05
6.7589e-05
6.75875e-05
6.7586e-05
6.75846e-05
6.75831e-05
6.75817e-05
6.75805e-05
6.75794e-05
6.75787e-05
6.75786e-05
6.75791e-05
6.75807e-05
6.75832e-05
6.75856e-05
6.75823e-05
6.75544e-05
6.74479e-05
6.7132e-05
6.63412e-05
6.46348e-05
6.14566e-05
5.64599e-05
5.04655e-05
4.58079e-05
4.367e-05
4.36647e-05
4.57902e-05
5.04364e-05
5.64313e-05
6.14368e-05
6.46235e-05
6.63353e-05
6.71289e-05
6.74461e-05
6.75531e-05
6.75811e-05
6.75844e-05
6.75819e-05
6.75793e-05
6.75777e-05
6.7577e-05
6.75771e-05
6.75778e-05
6.75787e-05
6.75799e-05
6.75812e-05
6.75826e-05
6.7584e-05
6.75854e-05
6.75868e-05
6.75882e-05
6.75895e-05
6.75908e-05
6.7592e-05
6.75932e-05
6.75943e-05
6.75954e-05
6.75965e-05
6.75975e-05
6.75985e-05
6.75995e-05
6.76004e-05
6.76013e-05
6.76022e-05
6.76031e-05
6.76039e-05
6.76047e-05
6.76055e-05
6.76062e-05
6.7607e-05
6.76077e-05
6.76084e-05
6.7609e-05
6.76097e-05
6.76103e-05
6.7611e-05
6.76116e-05
6.76122e-05
6.76127e-05
6.76133e-05
6.76139e-05
6.76144e-05
6.76149e-05
6.76154e-05
6.76159e-05
6.76164e-05
6.76169e-05
6.76173e-05
6.76178e-05
6.76182e-05
6.76186e-05
6.7619e-05
6.76194e-05
6.76198e-05
6.76202e-05
6.76205e-05
6.76209e-05
6.76212e-05
6.76215e-05
6.76219e-05
6.76222e-05
6.76224e-05
6.76227e-05
6.7623e-05
6.76232e-05
6.76235e-05
6.76237e-05
6.76239e-05
6.76241e-05
6.76243e-05
6.76245e-05
6.76247e-05
6.76248e-05
6.7625e-05
6.76251e-05
6.76252e-05
6.76253e-05
6.76254e-05
6.76255e-05
6.76256e-05
6.76256e-05
6.76257e-05
6.76257e-05
6.76258e-05
6.76258e-05
7.18724e-05
7.18724e-05
7.18724e-05
7.18723e-05
7.18723e-05
7.18722e-05
7.18721e-05
7.1872e-05
7.18719e-05
7.18718e-05
7.18717e-05
7.18716e-05
7.18714e-05
7.18712e-05
7.18711e-05
7.18709e-05
7.18707e-05
7.18704e-05
7.18702e-05
7.187e-05
7.18697e-05
7.18694e-05
7.18692e-05
7.18689e-05
7.18686e-05
7.18682e-05
7.18679e-05
7.18676e-05
7.18672e-05
7.18668e-05
7.18665e-05
7.18661e-05
7.18657e-05
7.18652e-05
7.18648e-05
7.18644e-05
7.18639e-05
7.18634e-05
7.1863e-05
7.18625e-05
7.1862e-05
7.18614e-05
7.18609e-05
7.18604e-05
7.18598e-05
7.18592e-05
7.18586e-05
7.1858e-05
7.18574e-05
7.18568e-05
7.18561e-05
7.18555e-05
7.18548e-05
7.18541e-05
7.18534e-05
7.18527e-05
7.18519e-05
7.18512e-05
7.18504e-05
7.18496e-05
7.18488e-05
7.1848e-05
7.18471e-05
7.18462e-05
7.18453e-05
7.18444e-05
7.18434e-05
7.18425e-05
7.18415e-05
7.18404e-05
7.18394e-05
7.18383e-05
7.18372e-05
7.18361e-05
7.18349e-05
7.18337e-05
7.18325e-05
7.18313e-05
7.18301e-05
7.18289e-05
7.18278e-05
7.18268e-05
7.18258e-05
7.18251e-05
7.18247e-05
7.18246e-05
7.1825e-05
7.18253e-05
7.18233e-05
7.181e-05
7.17573e-05
7.15864e-05
7.11088e-05
6.99379e-05
6.74086e-05
6.25914e-05
5.47357e-05
4.61135e-05
4.15575e-05
4.01797e-05
4.01764e-05
4.15418e-05
4.60714e-05
5.46819e-05
6.25563e-05
6.73894e-05
6.99283e-05
7.11043e-05
7.15841e-05
7.17559e-05
7.18089e-05
7.18222e-05
7.18242e-05
7.18238e-05
7.18234e-05
7.18234e-05
7.18237e-05
7.18244e-05
7.18252e-05
7.18262e-05
7.18273e-05
7.18284e-05
7.18296e-05
7.18307e-05
7.18318e-05
7.1833e-05
7.18341e-05
7.18351e-05
7.18362e-05
7.18372e-05
7.18382e-05
7.18392e-05
7.18401e-05
7.18411e-05
7.1842e-05
7.18428e-05
7.18437e-05
7.18445e-05
7.18453e-05
7.18461e-05
7.18469e-05
7.18476e-05
7.18483e-05
7.1849e-05
7.18497e-05
7.18504e-05
7.18511e-05
7.18517e-05
7.18524e-05
7.1853e-05
7.18536e-05
7.18542e-05
7.18547e-05
7.18553e-05
7.18558e-05
7.18564e-05
7.18569e-05
7.18574e-05
7.18579e-05
7.18584e-05
7.18588e-05
7.18593e-05
7.18597e-05
7.18602e-05
7.18606e-05
7.1861e-05
7.18614e-05
7.18618e-05
7.18622e-05
7.18625e-05
7.18629e-05
7.18632e-05
7.18636e-05
7.18639e-05
7.18642e-05
7.18645e-05
7.18648e-05
7.1865e-05
7.18653e-05
7.18655e-05
7.18658e-05
7.1866e-05
7.18662e-05
7.18664e-05
7.18666e-05
7.18668e-05
7.1867e-05
7.18671e-05
7.18673e-05
7.18674e-05
7.18675e-05
7.18676e-05
7.18677e-05
7.18678e-05
7.18679e-05
7.18679e-05
7.1868e-05
7.1868e-05
7.1868e-05
7.1868e-05
7.62845e-05
7.62845e-05
7.62844e-05
7.62844e-05
7.62844e-05
7.62843e-05
7.62842e-05
7.62841e-05
7.6284e-05
7.62839e-05
7.62838e-05
7.62836e-05
7.62835e-05
7.62833e-05
7.62832e-05
7.6283e-05
7.62828e-05
7.62825e-05
7.62823e-05
7.62821e-05
7.62818e-05
7.62816e-05
7.62813e-05
7.6281e-05
7.62807e-05
7.62804e-05
7.62801e-05
7.62797e-05
7.62794e-05
7.6279e-05
7.62787e-05
7.62783e-05
7.62779e-05
7.62775e-05
7.62771e-05
7.62767e-05
7.62762e-05
7.62758e-05
7.62753e-05
7.62748e-05
7.62743e-05
7.62738e-05
7.62733e-05
7.62728e-05
7.62723e-05
7.62717e-05
7.62712e-05
7.62706e-05
7.62701e-05
7.62695e-05
7.62689e-05
7.62683e-05
7.62676e-05
7.6267e-05
7.62664e-05
7.62657e-05
7.6265e-05
7.62644e-05
7.62637e-05
7.6263e-05
7.62622e-05
7.62615e-05
7.62608e-05
7.626e-05
7.62593e-05
7.62585e-05
7.62577e-05
7.6257e-05
7.62562e-05
7.62554e-05
7.62546e-05
7.62538e-05
7.6253e-05
7.62522e-05
7.62515e-05
7.62507e-05
7.625e-05
7.62493e-05
7.62487e-05
7.62482e-05
7.62478e-05
7.62475e-05
7.62474e-05
7.62476e-05
7.6248e-05
7.62488e-05
7.625e-05
7.62508e-05
7.62482e-05
7.62308e-05
7.6164e-05
7.59526e-05
7.53697e-05
7.39508e-05
7.08782e-05
6.48892e-05
5.46132e-05
4.40885e-05
4.04642e-05
3.99214e-05
3.99204e-05
4.04532e-05
4.40327e-05
5.452e-05
6.4831e-05
7.08482e-05
7.39363e-05
7.53631e-05
7.59496e-05
7.61624e-05
7.62297e-05
7.62472e-05
7.62498e-05
7.6249e-05
7.62478e-05
7.62469e-05
7.62464e-05
7.62462e-05
7.62462e-05
7.62464e-05
7.62468e-05
7.62473e-05
7.62478e-05
7.62484e-05
7.62491e-05
7.62498e-05
7.62505e-05
7.62512e-05
7.6252e-05
7.62527e-05
7.62535e-05
7.62542e-05
7.62549e-05
7.62557e-05
7.62564e-05
7.62571e-05
7.62578e-05
7.62585e-05
7.62592e-05
7.62599e-05
7.62606e-05
7.62612e-05
7.62619e-05
7.62625e-05
7.62631e-05
7.62637e-05
7.62644e-05
7.62649e-05
7.62655e-05
7.62661e-05
7.62667e-05
7.62672e-05
7.62677e-05
7.62683e-05
7.62688e-05
7.62693e-05
7.62698e-05
7.62703e-05
7.62707e-05
7.62712e-05
7.62717e-05
7.62721e-05
7.62725e-05
7.6273e-05
7.62734e-05
7.62738e-05
7.62742e-05
7.62745e-05
7.62749e-05
7.62752e-05
7.62756e-05
7.62759e-05
7.62763e-05
7.62766e-05
7.62769e-05
7.62772e-05
7.62774e-05
7.62777e-05
7.6278e-05
7.62782e-05
7.62784e-05
7.62787e-05
7.62789e-05
7.62791e-05
7.62792e-05
7.62794e-05
7.62796e-05
7.62797e-05
7.62799e-05
7.628e-05
7.62801e-05
7.62802e-05
7.62803e-05
7.62804e-05
7.62805e-05
7.62805e-05
7.62806e-05
7.62806e-05
7.62806e-05
7.62807e-05
7.94038e-05
7.94038e-05
7.94037e-05
7.94037e-05
7.94037e-05
7.94036e-05
7.94035e-05
7.94034e-05
7.94033e-05
7.94032e-05
7.94031e-05
7.9403e-05
7.94029e-05
7.94027e-05
7.94025e-05
7.94024e-05
7.94022e-05
7.9402e-05
7.94018e-05
7.94016e-05
7.94013e-05
7.94011e-05
7.94008e-05
7.94006e-05
7.94003e-05
7.94e-05
7.93997e-05
7.93994e-05
7.93991e-05
7.93988e-05
7.93985e-05
7.93981e-05
7.93978e-05
7.93974e-05
7.9397e-05
7.93967e-05
7.93963e-05
7.93959e-05
7.93955e-05
7.93951e-05
7.93946e-05
7.93942e-05
7.93938e-05
7.93933e-05
7.93929e-05
7.93924e-05
7.93919e-05
7.93915e-05
7.9391e-05
7.93905e-05
7.939e-05
7.93895e-05
7.9389e-05
7.93885e-05
7.9388e-05
7.93875e-05
7.9387e-05
7.93865e-05
7.9386e-05
7.93855e-05
7.9385e-05
7.93845e-05
7.9384e-05
7.93835e-05
7.93831e-05
7.93826e-05
7.93822e-05
7.93818e-05
7.93814e-05
7.93811e-05
7.93808e-05
7.93805e-05
7.93803e-05
7.93802e-05
7.93802e-05
7.93803e-05
7.93806e-05
7.9381e-05
7.93816e-05
7.93825e-05
7.93838e-05
7.93855e-05
7.93877e-05
7.93906e-05
7.93944e-05
7.93994e-05
7.94058e-05
7.94132e-05
7.9419e-05
7.94112e-05
7.93562e-05
7.91559e-05
7.85817e-05
7.71699e-05
7.4103e-05
6.80479e-05
5.64962e-05
4.28517e-05
3.98867e-05
4.0206e-05
4.02093e-05
3.98848e-05
4.2765e-05
5.63293e-05
6.79603e-05
7.40589e-05
7.71491e-05
7.85725e-05
7.91521e-05
7.93544e-05
7.94102e-05
7.94182e-05
7.94124e-05
7.94049e-05
7.93985e-05
7.93934e-05
7.93895e-05
7.93865e-05
7.93843e-05
7.93826e-05
7.93813e-05
7.93803e-05
7.93796e-05
7.93791e-05
7.93788e-05
7.93787e-05
7.93787e-05
7.93787e-05
7.93789e-05
7.93791e-05
7.93793e-05
7.93796e-05
7.93799e-05
7.93803e-05
7.93807e-05
7.93811e-05
7.93815e-05
7.93819e-05
7.93824e-05
7.93828e-05
7.93833e-05
7.93838e-05
7.93842e-05
7.93847e-05
7.93852e-05
7.93856e-05
7.93861e-05
7.93866e-05
7.9387e-05
7.93875e-05
7.93879e-05
7.93884e-05
7.93888e-05
7.93893e-05
7.93897e-05
7.93901e-05
7.93905e-05
7.93909e-05
7.93914e-05
7.93918e-05
7.93921e-05
7.93925e-05
7.93929e-05
7.93933e-05
7.93936e-05
7.9394e-05
7.93943e-05
7.93947e-05
7.9395e-05
7.93953e-05
7.93956e-05
7.93959e-05
7.93962e-05
7.93965e-05
7.93968e-05
7.9397e-05
7.93973e-05
7.93975e-05
7.93978e-05
7.9398e-05
7.93982e-05
7.93984e-05
7.93986e-05
7.93988e-05
7.9399e-05
7.93991e-05
7.93993e-05
7.93994e-05
7.93995e-05
7.93997e-05
7.93998e-05
7.93999e-05
7.94e-05
7.94e-05
7.94001e-05
7.94002e-05
7.94002e-05
7.94002e-05
7.94003e-05
7.94003e-05
8.19405e-05
8.19404e-05
8.19404e-05
8.19404e-05
8.19404e-05
8.19403e-05
8.19402e-05
8.19402e-05
8.19401e-05
8.194e-05
8.19399e-05
8.19397e-05
8.19396e-05
8.19395e-05
8.19393e-05
8.19392e-05
8.1939e-05
8.19388e-05
8.19386e-05
8.19384e-05
8.19382e-05
8.1938e-05
8.19377e-05
8.19375e-05
8.19372e-05
8.1937e-05
8.19367e-05
8.19364e-05
8.19362e-05
8.19359e-05
8.19356e-05
8.19352e-05
8.19349e-05
8.19346e-05
8.19343e-05
8.19339e-05
8.19336e-05
8.19332e-05
8.19329e-05
8.19325e-05
8.19321e-05
8.19317e-05
8.19313e-05
8.1931e-05
8.19306e-05
8.19302e-05
8.19298e-05
8.19294e-05
8.1929e-05
8.19286e-05
8.19282e-05
8.19278e-05
8.19273e-05
8.19269e-05
8.19265e-05
8.19262e-05
8.19258e-05
8.19254e-05
8.1925e-05
8.19247e-05
8.19243e-05
8.1924e-05
8.19237e-05
8.19234e-05
8.19231e-05
8.19229e-05
8.19227e-05
8.19226e-05
8.19225e-05
8.19225e-05
8.19225e-05
8.19227e-05
8.19229e-05
8.19233e-05
8.19238e-05
8.19245e-05
8.19254e-05
8.19266e-05
8.19281e-05
8.193e-05
8.19324e-05
8.19354e-05
8.19391e-05
8.19439e-05
8.195e-05
8.19577e-05
8.19675e-05
8.19789e-05
8.19886e-05
8.19818e-05
8.1916e-05
8.16649e-05
8.09296e-05
7.90944e-05
7.50666e-05
6.69863e-05
5.17227e-05
4.05686e-05
4.02202e-05
4.12291e-05
4.12352e-05
4.02317e-05
4.05306e-05
5.15156e-05
6.68547e-05
7.50026e-05
7.90642e-05
8.09166e-05
8.16597e-05
8.19139e-05
8.19808e-05
8.19878e-05
8.19781e-05
8.19666e-05
8.19569e-05
8.19491e-05
8.19429e-05
8.19381e-05
8.19342e-05
8.19312e-05
8.19288e-05
8.19268e-05
8.19253e-05
8.19241e-05
8.19231e-05
8.19224e-05
8.19218e-05
8.19214e-05
8.19211e-05
8.19209e-05
8.19208e-05
8.19208e-05
8.19208e-05
8.19209e-05
8.19211e-05
8.19212e-05
8.19215e-05
8.19217e-05
8.1922e-05
8.19223e-05
8.19226e-05
8.19229e-05
8.19232e-05
8.19236e-05
8.19239e-05
8.19243e-05
8.19246e-05
8.1925e-05
8.19254e-05
8.19257e-05
8.19261e-05
8.19265e-05
8.19268e-05
8.19272e-05
8.19276e-05
8.19279e-05
8.19283e-05
8.19287e-05
8.1929e-05
8.19294e-05
8.19297e-05
8.193e-05
8.19304e-05
8.19307e-05
8.1931e-05
8.19313e-05
8.19317e-05
8.1932e-05
8.19323e-05
8.19325e-05
8.19328e-05
8.19331e-05
8.19334e-05
8.19336e-05
8.19339e-05
8.19341e-05
8.19343e-05
8.19346e-05
8.19348e-05
8.1935e-05
8.19352e-05
8.19354e-05
8.19356e-05
8.19357e-05
8.19359e-05
8.1936e-05
8.19362e-05
8.19363e-05
8.19364e-05
8.19365e-05
8.19366e-05
8.19367e-05
8.19368e-05
8.19369e-05
8.1937e-05
8.1937e-05
8.1937e-05
8.19371e-05
8.19371e-05
8.19371e-05
8.36441e-05
8.36441e-05
8.3644e-05
8.3644e-05
8.3644e-05
8.36439e-05
8.36438e-05
8.36438e-05
8.36437e-05
8.36436e-05
8.36435e-05
8.36434e-05
8.36433e-05
8.36431e-05
8.3643e-05
8.36428e-05
8.36427e-05
8.36425e-05
8.36423e-05
8.36421e-05
8.36419e-05
8.36417e-05
8.36415e-05
8.36413e-05
8.3641e-05
8.36408e-05
8.36405e-05
8.36403e-05
8.364e-05
8.36397e-05
8.36395e-05
8.36392e-05
8.36389e-05
8.36385e-05
8.36382e-05
8.36379e-05
8.36376e-05
8.36372e-05
8.36369e-05
8.36366e-05
8.36362e-05
8.36358e-05
8.36355e-05
8.36351e-05
8.36347e-05
8.36344e-05
8.3634e-05
8.36336e-05
8.36332e-05
8.36328e-05
8.36325e-05
8.36321e-05
8.36317e-05
8.36313e-05
8.36309e-05
8.36306e-05
8.36302e-05
8.36298e-05
8.36295e-05
8.36291e-05
8.36288e-05
8.36285e-05
8.36282e-05
8.36279e-05
8.36276e-05
8.36274e-05
8.36272e-05
8.3627e-05
8.36269e-05
8.36269e-05
8.36269e-05
8.3627e-05
8.36271e-05
8.36274e-05
8.36279e-05
8.36284e-05
8.36292e-05
8.36302e-05
8.36315e-05
8.36331e-05
8.36352e-05
8.36378e-05
8.3641e-05
8.36452e-05
8.36505e-05
8.36571e-05
8.36654e-05
8.36743e-05
8.36791e-05
8.36607e-05
8.35613e-05
8.32149e-05
8.22237e-05
7.97663e-05
7.44169e-05
6.35053e-05
4.58109e-05
3.98673e-05
4.10752e-05
4.24048e-05
4.2412e-05
4.10927e-05
3.9865e-05
4.56384e-05
6.33238e-05
7.43294e-05
7.97259e-05
8.22063e-05
8.3208e-05
8.35586e-05
8.36595e-05
8.36782e-05
8.36735e-05
8.36645e-05
8.36563e-05
8.36495e-05
8.36442e-05
8.364e-05
8.36367e-05
8.3634e-05
8.36319e-05
8.36302e-05
8.36289e-05
8.36279e-05
8.36271e-05
8.36264e-05
8.3626e-05
8.36256e-05
8.36254e-05
8.36253e-05
8.36252e-05
8.36252e-05
8.36253e-05
8.36254e-05
8.36256e-05
8.36258e-05
8.3626e-05
8.36262e-05
8.36265e-05
8.36268e-05
8.36271e-05
8.36274e-05
8.36277e-05
8.3628e-05
8.36284e-05
8.36287e-05
8.36291e-05
8.36294e-05
8.36298e-05
8.36301e-05
8.36305e-05
8.36308e-05
8.36312e-05
8.36315e-05
8.36319e-05
8.36322e-05
8.36325e-05
8.36329e-05
8.36332e-05
8.36335e-05
8.36339e-05
8.36342e-05
8.36345e-05
8.36348e-05
8.36351e-05
8.36354e-05
8.36357e-05
8.3636e-05
8.36363e-05
8.36365e-05
8.36368e-05
8.36371e-05
8.36373e-05
8.36376e-05
8.36378e-05
8.3638e-05
8.36382e-05
8.36384e-05
8.36386e-05
8.36388e-05
8.3639e-05
8.36392e-05
8.36394e-05
8.36395e-05
8.36397e-05
8.36398e-05
8.364e-05
8.36401e-05
8.36402e-05
8.36403e-05
8.36404e-05
8.36405e-05
8.36405e-05
8.36406e-05
8.36407e-05
8.36407e-05
8.36408e-05
8.36408e-05
8.36408e-05
8.36408e-05
8.45978e-05
8.45977e-05
8.45977e-05
8.45977e-05
8.45977e-05
8.45976e-05
8.45975e-05
8.45975e-05
8.45974e-05
8.45973e-05
8.45972e-05
8.45971e-05
8.4597e-05
8.45969e-05
8.45967e-05
8.45966e-05
8.45964e-05
8.45963e-05
8.45961e-05
8.45959e-05
8.45957e-05
8.45955e-05
8.45953e-05
8.45951e-05
8.45949e-05
8.45946e-05
8.45944e-05
8.45941e-05
8.45939e-05
8.45936e-05
8.45933e-05
8.45931e-05
8.45928e-05
8.45925e-05
8.45922e-05
8.45918e-05
8.45915e-05
8.45912e-05
8.45908e-05
8.45905e-05
8.45902e-05
8.45898e-05
8.45894e-05
8.45891e-05
8.45887e-05
8.45883e-05
8.45879e-05
8.45875e-05
8.45871e-05
8.45867e-05
8.45863e-05
8.45859e-05
8.45855e-05
8.45851e-05
8.45847e-05
8.45842e-05
8.45838e-05
8.45834e-05
8.4583e-05
8.45826e-05
8.45821e-05
8.45817e-05
8.45813e-05
8.45809e-05
8.45805e-05
8.45802e-05
8.45798e-05
8.45795e-05
8.45791e-05
8.45789e-05
8.45786e-05
8.45784e-05
8.45782e-05
8.45781e-05
8.45781e-05
8.45781e-05
8.45783e-05
8.45786e-05
8.45791e-05
8.45798e-05
8.45807e-05
8.4582e-05
8.45837e-05
8.45859e-05
8.45887e-05
8.45924e-05
8.45967e-05
8.46001e-05
8.45959e-05
8.45611e-05
8.44208e-05
8.3968e-05
8.27044e-05
7.96295e-05
7.2908e-05
5.91132e-05
4.22415e-05
4.00524e-05
4.1935e-05
4.33802e-05
4.33876e-05
4.19544e-05
4.00656e-05
4.21436e-05
5.88937e-05
7.27992e-05
7.95786e-05
8.26824e-05
8.39593e-05
8.44175e-05
8.45596e-05
8.4595e-05
8.45993e-05
8.45958e-05
8.45915e-05
8.45878e-05
8.45849e-05
8.45826e-05
8.45809e-05
8.45796e-05
8.45786e-05
8.45779e-05
8.45774e-05
8.4577e-05
8.45768e-05
8.45767e-05
8.45767e-05
8.45768e-05
8.45769e-05
8.4577e-05
8.45773e-05
8.45775e-05
8.45778e-05
8.45781e-05
8.45784e-05
8.45788e-05
8.45791e-05
8.45795e-05
8.45798e-05
8.45802e-05
8.45806e-05
8.4581e-05
8.45813e-05
8.45817e-05
8.45821e-05
8.45825e-05
8.45829e-05
8.45833e-05
8.45837e-05
8.4584e-05
8.45844e-05
8.45848e-05
8.45851e-05
8.45855e-05
8.45859e-05
8.45862e-05
8.45866e-05
8.45869e-05
8.45872e-05
8.45876e-05
8.45879e-05
8.45882e-05
8.45885e-05
8.45888e-05
8.45891e-05
8.45894e-05
8.45897e-05
8.459e-05
8.45902e-05
8.45905e-05
8.45908e-05
8.4591e-05
8.45913e-05
8.45915e-05
8.45917e-05
8.45919e-05
8.45921e-05
8.45923e-05
8.45925e-05
8.45927e-05
8.45929e-05
8.45931e-05
8.45932e-05
8.45934e-05
8.45935e-05
8.45937e-05
8.45938e-05
8.45939e-05
8.4594e-05
8.45941e-05
8.45942e-05
8.45943e-05
8.45943e-05
8.45944e-05
8.45945e-05
8.45945e-05
8.45945e-05
8.45946e-05
8.45946e-05
8.45946e-05
8.50459e-05
8.50459e-05
8.50459e-05
8.50459e-05
8.50458e-05
8.50458e-05
8.50457e-05
8.50457e-05
8.50456e-05
8.50455e-05
8.50454e-05
8.50453e-05
8.50452e-05
8.50451e-05
8.50449e-05
8.50448e-05
8.50447e-05
8.50445e-05
8.50443e-05
8.50442e-05
8.5044e-05
8.50438e-05
8.50436e-05
8.50434e-05
8.50431e-05
8.50429e-05
8.50427e-05
8.50424e-05
8.50422e-05
8.50419e-05
8.50416e-05
8.50413e-05
8.50411e-05
8.50408e-05
8.50405e-05
8.50401e-05
8.50398e-05
8.50395e-05
8.50391e-05
8.50388e-05
8.50384e-05
8.50381e-05
8.50377e-05
8.50373e-05
8.50369e-05
8.50365e-05
8.50361e-05
8.50357e-05
8.50353e-05
8.50349e-05
8.50344e-05
8.5034e-05
8.50336e-05
8.50331e-05
8.50326e-05
8.50322e-05
8.50317e-05
8.50312e-05
8.50307e-05
8.50302e-05
8.50297e-05
8.50292e-05
8.50287e-05
8.50282e-05
8.50276e-05
8.50271e-05
8.50266e-05
8.5026e-05
8.50255e-05
8.5025e-05
8.50244e-05
8.50239e-05
8.50234e-05
8.50229e-05
8.50224e-05
8.5022e-05
8.50216e-05
8.50212e-05
8.50209e-05
8.50207e-05
8.50205e-05
8.50205e-05
8.50207e-05
8.50211e-05
8.50217e-05
8.50226e-05
8.50234e-05
8.50219e-05
8.50103e-05
8.49604e-05
8.47835e-05
8.42346e-05
8.2733e-05
7.90902e-05
7.11762e-05
5.50709e-05
4.07491e-05
4.04225e-05
4.25736e-05
4.40451e-05
4.40524e-05
4.25935e-05
4.04418e-05
4.0698e-05
5.48344e-05
7.1049e-05
7.90306e-05
8.27073e-05
8.42243e-05
8.47796e-05
8.49587e-05
8.50093e-05
8.50211e-05
8.50225e-05
8.50218e-05
8.50208e-05
8.50201e-05
8.50197e-05
8.50195e-05
8.50194e-05
8.50195e-05
8.50197e-05
8.502e-05
8.50203e-05
8.50207e-05
8.50211e-05
8.50215e-05
8.5022e-05
8.50224e-05
8.50229e-05
8.50234e-05
8.50239e-05
8.50244e-05
8.50249e-05
8.50254e-05
8.50259e-05
8.50264e-05
8.50268e-05
8.50273e-05
8.50278e-05
8.50283e-05
8.50287e-05
8.50292e-05
8.50296e-05
8.50301e-05
8.50305e-05
8.50309e-05
8.50314e-05
8.50318e-05
8.50322e-05
8.50326e-05
8.5033e-05
8.50334e-05
8.50338e-05
8.50341e-05
8.50345e-05
8.50349e-05
8.50352e-05
8.50356e-05
8.50359e-05
8.50362e-05
8.50366e-05
8.50369e-05
8.50372e-05
8.50375e-05
8.50378e-05
8.50381e-05
8.50383e-05
8.50386e-05
8.50389e-05
8.50391e-05
8.50394e-05
8.50396e-05
8.50398e-05
8.504e-05
8.50403e-05
8.50405e-05
8.50407e-05
8.50408e-05
8.5041e-05
8.50412e-05
8.50414e-05
8.50415e-05
8.50417e-05
8.50418e-05
8.50419e-05
8.5042e-05
8.50422e-05
8.50423e-05
8.50424e-05
8.50424e-05
8.50425e-05
8.50426e-05
8.50427e-05
8.50427e-05
8.50428e-05
8.50428e-05
8.50428e-05
8.50428e-05
8.50428e-05
8.52209e-05
8.52209e-05
8.52209e-05
8.52209e-05
8.52208e-05
8.52208e-05
8.52207e-05
8.52207e-05
8.52206e-05
8.52205e-05
8.52204e-05
8.52203e-05
8.52202e-05
8.52201e-05
8.522e-05
8.52198e-05
8.52197e-05
8.52195e-05
8.52194e-05
8.52192e-05
8.5219e-05
8.52188e-05
8.52186e-05
8.52184e-05
8.52182e-05
8.5218e-05
8.52177e-05
8.52175e-05
8.52172e-05
8.5217e-05
8.52167e-05
8.52164e-05
8.52161e-05
8.52158e-05
8.52155e-05
8.52152e-05
8.52149e-05
8.52145e-05
8.52142e-05
8.52139e-05
8.52135e-05
8.52131e-05
8.52127e-05
8.52124e-05
8.5212e-05
8.52116e-05
8.52111e-05
8.52107e-05
8.52103e-05
8.52098e-05
8.52094e-05
8.52089e-05
8.52084e-05
8.5208e-05
8.52075e-05
8.5207e-05
8.52064e-05
8.52059e-05
8.52054e-05
8.52048e-05
8.52042e-05
8.52037e-05
8.52031e-05
8.52025e-05
8.52019e-05
8.52012e-05
8.52006e-05
8.51999e-05
8.51993e-05
8.51986e-05
8.51979e-05
8.51971e-05
8.51964e-05
8.51957e-05
8.51949e-05
8.51941e-05
8.51933e-05
8.51926e-05
8.51918e-05
8.5191e-05
8.51902e-05
8.51894e-05
8.51886e-05
8.51879e-05
8.51872e-05
8.51864e-05
8.51851e-05
8.51807e-05
8.51641e-05
8.5103e-05
8.48969e-05
8.4269e-05
8.25629e-05
7.84573e-05
6.95763e-05
5.19585e-05
4.01793e-05
4.07283e-05
4.2978e-05
4.44423e-05
4.44495e-05
4.29978e-05
4.07499e-05
4.01512e-05
5.17225e-05
6.94333e-05
7.83903e-05
8.25338e-05
8.42575e-05
8.48925e-05
8.51012e-05
8.5163e-05
8.51798e-05
8.51842e-05
8.51856e-05
8.51863e-05
8.51869e-05
8.51876e-05
8.51883e-05
8.51891e-05
8.51898e-05
8.51906e-05
8.51913e-05
8.51921e-05
8.51928e-05
8.51936e-05
8.51943e-05
8.5195e-05
8.51957e-05
8.51964e-05
8.5197e-05
8.51977e-05
8.51983e-05
8.51989e-05
8.51995e-05
8.52001e-05
8.52007e-05
8.52013e-05
8.52018e-05
8.52024e-05
8.52029e-05
8.52034e-05
8.52039e-05
8.52044e-05
8.52049e-05
8.52054e-05
8.52058e-05
8.52063e-05
8.52067e-05
8.52072e-05
8.52076e-05
8.5208e-05
8.52084e-05
8.52088e-05
8.52092e-05
8.52096e-05
8.52099e-05
8.52103e-05
8.52106e-05
8.5211e-05
8.52113e-05
8.52116e-05
8.5212e-05
8.52123e-05
8.52126e-05
8.52129e-05
8.52132e-05
8.52134e-05
8.52137e-05
8.5214e-05
8.52142e-05
8.52145e-05
8.52147e-05
8.52149e-05
8.52151e-05
8.52153e-05
8.52155e-05
8.52157e-05
8.52159e-05
8.52161e-05
8.52163e-05
8.52164e-05
8.52166e-05
8.52167e-05
8.52169e-05
8.5217e-05
8.52171e-05
8.52172e-05
8.52173e-05
8.52174e-05
8.52175e-05
8.52176e-05
8.52177e-05
8.52177e-05
8.52178e-05
8.52178e-05
8.52178e-05
8.52179e-05
8.52179e-05
8.52179e-05
8.52727e-05
8.52727e-05
8.52727e-05
8.52727e-05
8.52726e-05
8.52726e-05
8.52725e-05
8.52725e-05
8.52724e-05
8.52723e-05
8.52722e-05
8.52721e-05
8.5272e-05
8.52719e-05
8.52718e-05
8.52716e-05
8.52715e-05
8.52713e-05
8.52712e-05
8.5271e-05
8.52708e-05
8.52706e-05
8.52704e-05
8.52702e-05
8.527e-05
8.52698e-05
8.52695e-05
8.52693e-05
8.5269e-05
8.52688e-05
8.52685e-05
8.52682e-05
8.52679e-05
8.52676e-05
8.52673e-05
8.5267e-05
8.52667e-05
8.52664e-05
8.5266e-05
8.52657e-05
8.52653e-05
8.52649e-05
8.52645e-05
8.52641e-05
8.52637e-05
8.52633e-05
8.52629e-05
8.52625e-05
8.5262e-05
8.52616e-05
8.52611e-05
8.52606e-05
8.52602e-05
8.52597e-05
8.52591e-05
8.52586e-05
8.52581e-05
8.52575e-05
8.5257e-05
8.52564e-05
8.52558e-05
8.52552e-05
8.52546e-05
8.52539e-05
8.52533e-05
8.52526e-05
8.52519e-05
8.52512e-05
8.52504e-05
8.52497e-05
8.52489e-05
8.52481e-05
8.52472e-05
8.52464e-05
8.52455e-05
8.52445e-05
8.52436e-05
8.52426e-05
8.52416e-05
8.52405e-05
8.52394e-05
8.52383e-05
8.52371e-05
8.52359e-05
8.52346e-05
8.52331e-05
8.52307e-05
8.52249e-05
8.52053e-05
8.51364e-05
8.49073e-05
8.42149e-05
8.23431e-05
7.78707e-05
6.82384e-05
4.97847e-05
3.99529e-05
4.09326e-05
4.3213e-05
4.4661e-05
4.4668e-05
4.32327e-05
4.09552e-05
3.99363e-05
4.95586e-05
6.80824e-05
7.77977e-05
8.23113e-05
8.42023e-05
8.49025e-05
8.51344e-05
8.52042e-05
8.5224e-05
8.52299e-05
8.52322e-05
8.52337e-05
8.52349e-05
8.52361e-05
8.52372e-05
8.52383e-05
8.52394e-05
8.52404e-05
8.52414e-05
8.52423e-05
8.52432e-05
8.52441e-05
8.5245e-05
8.52458e-05
8.52466e-05
8.52474e-05
8.52481e-05
8.52488e-05
8.52495e-05
8.52502e-05
8.52509e-05
8.52515e-05
8.52522e-05
8.52528e-05
8.52533e-05
8.52539e-05
8.52545e-05
8.5255e-05
8.52556e-05
8.52561e-05
8.52566e-05
8.52571e-05
8.52575e-05
8.5258e-05
8.52585e-05
8.52589e-05
8.52593e-05
8.52598e-05
8.52602e-05
8.52606e-05
8.5261e-05
8.52614e-05
8.52617e-05
8.52621e-05
8.52625e-05
8.52628e-05
8.52631e-05
8.52635e-05
8.52638e-05
8.52641e-05
8.52644e-05
8.52647e-05
8.5265e-05
8.52653e-05
8.52655e-05
8.52658e-05
8.5266e-05
8.52663e-05
8.52665e-05
8.52667e-05
8.5267e-05
8.52672e-05
8.52674e-05
8.52676e-05
8.52677e-05
8.52679e-05
8.52681e-05
8.52682e-05
8.52684e-05
8.52685e-05
8.52687e-05
8.52688e-05
8.52689e-05
8.5269e-05
8.52691e-05
8.52692e-05
8.52693e-05
8.52694e-05
8.52695e-05
8.52695e-05
8.52696e-05
8.52696e-05
8.52696e-05
8.52697e-05
8.52697e-05
8.52697e-05
8.52768e-05
8.52768e-05
8.52767e-05
8.52767e-05
8.52767e-05
8.52766e-05
8.52766e-05
8.52765e-05
8.52764e-05
8.52764e-05
8.52763e-05
8.52762e-05
8.52761e-05
8.52759e-05
8.52758e-05
8.52757e-05
8.52755e-05
8.52754e-05
8.52752e-05
8.5275e-05
8.52749e-05
8.52747e-05
8.52745e-05
8.52743e-05
8.5274e-05
8.52738e-05
8.52736e-05
8.52733e-05
8.52731e-05
8.52728e-05
8.52726e-05
8.52723e-05
8.5272e-05
8.52717e-05
8.52714e-05
8.52711e-05
8.52707e-05
8.52704e-05
8.52701e-05
8.52697e-05
8.52693e-05
8.5269e-05
8.52686e-05
8.52682e-05
8.52678e-05
8.52674e-05
8.52669e-05
8.52665e-05
8.52661e-05
8.52656e-05
8.52651e-05
8.52647e-05
8.52642e-05
8.52637e-05
8.52631e-05
8.52626e-05
8.52621e-05
8.52615e-05
8.52609e-05
8.52604e-05
8.52598e-05
8.52591e-05
8.52585e-05
8.52578e-05
8.52572e-05
8.52565e-05
8.52558e-05
8.5255e-05
8.52543e-05
8.52535e-05
8.52527e-05
8.52518e-05
8.5251e-05
8.52501e-05
8.52491e-05
8.52481e-05
8.52471e-05
8.52461e-05
8.5245e-05
8.52438e-05
8.52426e-05
8.52414e-05
8.52401e-05
8.52387e-05
8.52373e-05
8.52355e-05
8.52329e-05
8.52263e-05
8.52049e-05
8.51301e-05
8.48829e-05
8.41373e-05
8.2133e-05
7.73736e-05
6.71699e-05
4.83136e-05
3.98516e-05
4.10597e-05
4.33456e-05
4.47774e-05
4.47844e-05
4.33651e-05
4.10828e-05
3.98413e-05
4.80997e-05
6.70039e-05
7.72958e-05
8.20989e-05
8.41237e-05
8.48778e-05
8.5128e-05
8.52038e-05
8.52254e-05
8.5232e-05
8.52347e-05
8.52363e-05
8.52378e-05
8.52391e-05
8.52404e-05
8.52416e-05
8.52427e-05
8.52438e-05
8.52449e-05
8.52459e-05
8.52468e-05
8.52478e-05
8.52487e-05
8.52495e-05
8.52504e-05
8.52512e-05
8.52519e-05
8.52527e-05
8.52534e-05
8.52541e-05
8.52548e-05
8.52554e-05
8.52561e-05
8.52567e-05
8.52573e-05
8.52579e-05
8.52585e-05
8.5259e-05
8.52595e-05
8.52601e-05
8.52606e-05
8.52611e-05
8.52616e-05
8.5262e-05
8.52625e-05
8.52629e-05
8.52634e-05
8.52638e-05
8.52642e-05
8.52646e-05
8.5265e-05
8.52654e-05
8.52658e-05
8.52661e-05
8.52665e-05
8.52668e-05
8.52672e-05
8.52675e-05
8.52678e-05
8.52681e-05
8.52684e-05
8.52687e-05
8.5269e-05
8.52693e-05
8.52696e-05
8.52698e-05
8.52701e-05
8.52703e-05
8.52706e-05
8.52708e-05
8.5271e-05
8.52712e-05
8.52714e-05
8.52716e-05
8.52718e-05
8.5272e-05
8.52721e-05
8.52723e-05
8.52724e-05
8.52726e-05
8.52727e-05
8.52728e-05
8.5273e-05
8.52731e-05
8.52732e-05
8.52733e-05
8.52734e-05
8.52734e-05
8.52735e-05
8.52736e-05
8.52736e-05
8.52736e-05
8.52737e-05
8.52737e-05
8.52737e-05
8.52737e-05
8.52646e-05
8.52646e-05
8.52646e-05
8.52645e-05
8.52645e-05
8.52644e-05
8.52644e-05
8.52643e-05
8.52643e-05
8.52642e-05
8.52641e-05
8.5264e-05
8.52639e-05
8.52638e-05
8.52636e-05
8.52635e-05
8.52633e-05
8.52632e-05
8.5263e-05
8.52629e-05
8.52627e-05
8.52625e-05
8.52623e-05
8.52621e-05
8.52619e-05
8.52616e-05
8.52614e-05
8.52612e-05
8.52609e-05
8.52606e-05
8.52604e-05
8.52601e-05
8.52598e-05
8.52595e-05
8.52592e-05
8.52589e-05
8.52586e-05
8.52582e-05
8.52579e-05
8.52575e-05
8.52572e-05
8.52568e-05
8.52564e-05
8.5256e-05
8.52556e-05
8.52552e-05
8.52548e-05
8.52543e-05
8.52539e-05
8.52534e-05
8.5253e-05
8.52525e-05
8.5252e-05
8.52515e-05
8.5251e-05
8.52504e-05
8.52499e-05
8.52493e-05
8.52488e-05
8.52482e-05
8.52476e-05
8.5247e-05
8.52463e-05
8.52457e-05
8.5245e-05
8.52443e-05
8.52436e-05
8.52428e-05
8.52421e-05
8.52413e-05
8.52405e-05
8.52397e-05
8.52388e-05
8.52379e-05
8.52369e-05
8.5236e-05
8.5235e-05
8.52339e-05
8.52328e-05
8.52317e-05
8.52305e-05
8.52292e-05
8.52279e-05
8.52266e-05
8.52251e-05
8.52234e-05
8.52206e-05
8.52138e-05
8.51911e-05
8.51118e-05
8.48493e-05
8.40604e-05
8.19498e-05
7.69664e-05
6.63293e-05
4.73064e-05
3.97978e-05
4.11383e-05
4.34215e-05
4.48402e-05
4.48472e-05
4.34409e-05
4.11615e-05
3.97912e-05
4.71039e-05
6.61555e-05
7.68847e-05
8.19139e-05
8.40461e-05
8.48438e-05
8.51096e-05
8.51899e-05
8.52129e-05
8.52198e-05
8.52225e-05
8.52242e-05
8.52256e-05
8.52269e-05
8.52282e-05
8.52294e-05
8.52305e-05
8.52316e-05
8.52327e-05
8.52337e-05
8.52347e-05
8.52356e-05
8.52365e-05
8.52374e-05
8.52382e-05
8.5239e-05
8.52398e-05
8.52405e-05
8.52412e-05
8.52419e-05
8.52426e-05
8.52433e-05
8.52439e-05
8.52445e-05
8.52451e-05
8.52457e-05
8.52463e-05
8.52468e-05
8.52474e-05
8.52479e-05
8.52484e-05
8.52489e-05
8.52494e-05
8.52498e-05
8.52503e-05
8.52508e-05
8.52512e-05
8.52516e-05
8.5252e-05
8.52524e-05
8.52528e-05
8.52532e-05
8.52536e-05
8.5254e-05
8.52543e-05
8.52547e-05
8.5255e-05
8.52553e-05
8.52556e-05
8.5256e-05
8.52563e-05
8.52566e-05
8.52568e-05
8.52571e-05
8.52574e-05
8.52576e-05
8.52579e-05
8.52581e-05
8.52584e-05
8.52586e-05
8.52588e-05
8.5259e-05
8.52592e-05
8.52594e-05
8.52596e-05
8.52598e-05
8.52599e-05
8.52601e-05
8.52603e-05
8.52604e-05
8.52605e-05
8.52607e-05
8.52608e-05
8.52609e-05
8.5261e-05
8.52611e-05
8.52612e-05
8.52612e-05
8.52613e-05
8.52614e-05
8.52614e-05
8.52615e-05
8.52615e-05
8.52615e-05
8.52615e-05
8.52615e-05
8.52475e-05
8.52475e-05
8.52475e-05
8.52474e-05
8.52474e-05
8.52473e-05
8.52473e-05
8.52472e-05
8.52472e-05
8.52471e-05
8.5247e-05
8.52469e-05
8.52468e-05
8.52467e-05
8.52465e-05
8.52464e-05
8.52462e-05
8.52461e-05
8.52459e-05
8.52458e-05
8.52456e-05
8.52454e-05
8.52452e-05
8.5245e-05
8.52448e-05
8.52445e-05
8.52443e-05
8.52441e-05
8.52438e-05
8.52435e-05
8.52433e-05
8.5243e-05
8.52427e-05
8.52424e-05
8.52421e-05
8.52418e-05
8.52415e-05
8.52411e-05
8.52408e-05
8.52404e-05
8.52401e-05
8.52397e-05
8.52393e-05
8.52389e-05
8.52385e-05
8.52381e-05
8.52377e-05
8.52372e-05
8.52368e-05
8.52363e-05
8.52359e-05
8.52354e-05
8.52349e-05
8.52344e-05
8.52339e-05
8.52334e-05
8.52328e-05
8.52323e-05
8.52317e-05
8.52311e-05
8.52305e-05
8.52299e-05
8.52293e-05
8.52286e-05
8.5228e-05
8.52273e-05
8.52266e-05
8.52258e-05
8.52251e-05
8.52243e-05
8.52235e-05
8.52227e-05
8.52218e-05
8.5221e-05
8.522e-05
8.52191e-05
8.52181e-05
8.52171e-05
8.5216e-05
8.52149e-05
8.52138e-05
8.52126e-05
8.52113e-05
8.521e-05
8.52086e-05
8.52069e-05
8.52042e-05
8.51972e-05
8.51735e-05
8.50903e-05
8.48152e-05
8.39908e-05
8.17947e-05
7.66351e-05
6.56658e-05
4.65942e-05
3.97633e-05
4.11878e-05
4.34667e-05
4.48754e-05
4.48823e-05
4.3486e-05
4.12112e-05
3.97591e-05
4.64013e-05
6.54861e-05
7.65503e-05
8.17573e-05
8.39758e-05
8.48096e-05
8.50881e-05
8.51723e-05
8.51963e-05
8.52034e-05
8.52061e-05
8.52077e-05
8.5209e-05
8.52103e-05
8.52115e-05
8.52127e-05
8.52138e-05
8.52148e-05
8.52159e-05
8.52168e-05
8.52178e-05
8.52187e-05
8.52196e-05
8.52204e-05
8.52212e-05
8.5222e-05
8.52228e-05
8.52235e-05
8.52242e-05
8.52249e-05
8.52256e-05
8.52262e-05
8.52269e-05
8.52275e-05
8.52281e-05
8.52286e-05
8.52292e-05
8.52298e-05
8.52303e-05
8.52308e-05
8.52313e-05
8.52318e-05
8.52323e-05
8.52328e-05
8.52332e-05
8.52337e-05
8.52341e-05
8.52345e-05
8.52349e-05
8.52353e-05
8.52357e-05
8.52361e-05
8.52365e-05
8.52369e-05
8.52372e-05
8.52376e-05
8.52379e-05
8.52382e-05
8.52385e-05
8.52389e-05
8.52392e-05
8.52395e-05
8.52397e-05
8.524e-05
8.52403e-05
8.52405e-05
8.52408e-05
8.5241e-05
8.52413e-05
8.52415e-05
8.52417e-05
8.52419e-05
8.52421e-05
8.52423e-05
8.52425e-05
8.52427e-05
8.52428e-05
8.5243e-05
8.52432e-05
8.52433e-05
8.52434e-05
8.52436e-05
8.52437e-05
8.52438e-05
8.52439e-05
8.5244e-05
8.52441e-05
8.52441e-05
8.52442e-05
8.52443e-05
8.52443e-05
8.52444e-05
8.52444e-05
8.52444e-05
8.52444e-05
8.52444e-05
8.5229e-05
8.5229e-05
8.5229e-05
8.5229e-05
8.5229e-05
8.52289e-05
8.52289e-05
8.52288e-05
8.52287e-05
8.52286e-05
8.52285e-05
8.52284e-05
8.52283e-05
8.52282e-05
8.52281e-05
8.5228e-05
8.52278e-05
8.52277e-05
8.52275e-05
8.52273e-05
8.52271e-05
8.52269e-05
8.52267e-05
8.52265e-05
8.52263e-05
8.52261e-05
8.52259e-05
8.52256e-05
8.52254e-05
8.52251e-05
8.52248e-05
8.52246e-05
8.52243e-05
8.5224e-05
8.52237e-05
8.52233e-05
8.5223e-05
8.52227e-05
8.52223e-05
8.5222e-05
8.52216e-05
8.52213e-05
8.52209e-05
8.52205e-05
8.52201e-05
8.52197e-05
8.52192e-05
8.52188e-05
8.52184e-05
8.52179e-05
8.52175e-05
8.5217e-05
8.52165e-05
8.5216e-05
8.52155e-05
8.5215e-05
8.52144e-05
8.52139e-05
8.52133e-05
8.52127e-05
8.52121e-05
8.52115e-05
8.52109e-05
8.52103e-05
8.52096e-05
8.52089e-05
8.52082e-05
8.52075e-05
8.52068e-05
8.5206e-05
8.52053e-05
8.52044e-05
8.52036e-05
8.52027e-05
8.52019e-05
8.52009e-05
8.52e-05
8.5199e-05
8.5198e-05
8.51969e-05
8.51958e-05
8.51947e-05
8.51935e-05
8.51923e-05
8.5191e-05
8.51894e-05
8.51867e-05
8.51796e-05
8.51551e-05
8.50687e-05
8.4783e-05
8.39292e-05
8.16637e-05
7.63643e-05
6.51362e-05
4.6071e-05
3.97374e-05
4.12197e-05
4.34946e-05
4.48958e-05
4.49027e-05
4.35138e-05
4.12433e-05
3.97349e-05
4.5886e-05
6.49517e-05
7.6277e-05
8.16251e-05
8.39137e-05
8.47771e-05
8.50663e-05
8.51539e-05
8.51787e-05
8.51859e-05
8.51885e-05
8.519e-05
8.51913e-05
8.51925e-05
8.51936e-05
8.51947e-05
8.51958e-05
8.51968e-05
8.51978e-05
8.51987e-05
8.51996e-05
8.52005e-05
8.52014e-05
8.52022e-05
8.5203e-05
8.52037e-05
8.52045e-05
8.52052e-05
8.52059e-05
8.52066e-05
8.52072e-05
8.52079e-05
8.52085e-05
8.52091e-05
8.52097e-05
8.52103e-05
8.52108e-05
8.52114e-05
8.52119e-05
8.52124e-05
8.52129e-05
8.52134e-05
8.52139e-05
8.52143e-05
8.52148e-05
8.52152e-05
8.52157e-05
8.52161e-05
8.52165e-05
8.52169e-05
8.52173e-05
8.52177e-05
8.52181e-05
8.52184e-05
8.52188e-05
8.52191e-05
8.52195e-05
8.52198e-05
8.52201e-05
8.52204e-05
8.52207e-05
8.5221e-05
8.52213e-05
8.52216e-05
8.52218e-05
8.52221e-05
8.52223e-05
8.52226e-05
8.52228e-05
8.52231e-05
8.52233e-05
8.52235e-05
8.52237e-05
8.52239e-05
8.52241e-05
8.52242e-05
8.52244e-05
8.52246e-05
8.52247e-05
8.52249e-05
8.5225e-05
8.52251e-05
8.52252e-05
8.52253e-05
8.52254e-05
8.52255e-05
8.52256e-05
8.52257e-05
8.52258e-05
8.52258e-05
8.52259e-05
8.52259e-05
8.52259e-05
8.5226e-05
8.5226e-05
8.5226e-05
8.52103e-05
8.52103e-05
8.52103e-05
8.52102e-05
8.52102e-05
8.52101e-05
8.52101e-05
8.521e-05
8.521e-05
8.52099e-05
8.52098e-05
8.52097e-05
8.52096e-05
8.52094e-05
8.52093e-05
8.52092e-05
8.5209e-05
8.52089e-05
8.52087e-05
8.52085e-05
8.52084e-05
8.52082e-05
8.5208e-05
8.52078e-05
8.52076e-05
8.52073e-05
8.52071e-05
8.52068e-05
8.52066e-05
8.52063e-05
8.52061e-05
8.52058e-05
8.52055e-05
8.52052e-05
8.52049e-05
8.52046e-05
8.52043e-05
8.52039e-05
8.52036e-05
8.52032e-05
8.52029e-05
8.52025e-05
8.52021e-05
8.52017e-05
8.52013e-05
8.52009e-05
8.52005e-05
8.52001e-05
8.51996e-05
8.51992e-05
8.51987e-05
8.51982e-05
8.51978e-05
8.51973e-05
8.51968e-05
8.51962e-05
8.51957e-05
8.51952e-05
8.51946e-05
8.5194e-05
8.51935e-05
8.51929e-05
8.51922e-05
8.51916e-05
8.5191e-05
8.51903e-05
8.51896e-05
8.51889e-05
8.51882e-05
8.51874e-05
8.51867e-05
8.51859e-05
8.51851e-05
8.51842e-05
8.51834e-05
8.51825e-05
8.51816e-05
8.51806e-05
8.51797e-05
8.51787e-05
8.51776e-05
8.51765e-05
8.51754e-05
8.51743e-05
8.51731e-05
8.51716e-05
8.5169e-05
8.51618e-05
8.51366e-05
8.50474e-05
8.47528e-05
8.38747e-05
8.15525e-05
7.61407e-05
6.47071e-05
4.56728e-05
3.97156e-05
4.12404e-05
4.35122e-05
4.49078e-05
4.49147e-05
4.35314e-05
4.12641e-05
3.97143e-05
4.5494e-05
6.45189e-05
7.60513e-05
8.15128e-05
8.38587e-05
8.47468e-05
8.5045e-05
8.51354e-05
8.51609e-05
8.51681e-05
8.51707e-05
8.51721e-05
8.51733e-05
8.51744e-05
8.51755e-05
8.51765e-05
8.51775e-05
8.51785e-05
8.51794e-05
8.51803e-05
8.51812e-05
8.5182e-05
8.51829e-05
8.51837e-05
8.51844e-05
8.51852e-05
8.51859e-05
8.51866e-05
8.51873e-05
8.51879e-05
8.51886e-05
8.51892e-05
8.51898e-05
8.51904e-05
8.5191e-05
8.51916e-05
8.51921e-05
8.51927e-05
8.51932e-05
8.51937e-05
8.51942e-05
8.51947e-05
8.51951e-05
8.51956e-05
8.5196e-05
8.51965e-05
8.51969e-05
8.51973e-05
8.51977e-05
8.51981e-05
8.51985e-05
8.51989e-05
8.51993e-05
8.51997e-05
8.52e-05
8.52004e-05
8.52007e-05
8.5201e-05
8.52013e-05
8.52016e-05
8.52019e-05
8.52022e-05
8.52025e-05
8.52028e-05
8.52031e-05
8.52033e-05
8.52036e-05
8.52038e-05
8.5204e-05
8.52043e-05
8.52045e-05
8.52047e-05
8.52049e-05
8.52051e-05
8.52053e-05
8.52055e-05
8.52056e-05
8.52058e-05
8.52059e-05
8.52061e-05
8.52062e-05
8.52063e-05
8.52065e-05
8.52066e-05
8.52067e-05
8.52068e-05
8.52068e-05
8.52069e-05
8.5207e-05
8.5207e-05
8.52071e-05
8.52071e-05
8.52072e-05
8.52072e-05
8.52072e-05
8.52072e-05
8.51914e-05
8.51914e-05
8.51914e-05
8.51914e-05
8.51913e-05
8.51913e-05
8.51912e-05
8.51912e-05
8.51911e-05
8.5191e-05
8.51909e-05
8.51908e-05
8.51907e-05
8.51906e-05
8.51905e-05
8.51903e-05
8.51902e-05
8.519e-05
8.51899e-05
8.51897e-05
8.51895e-05
8.51893e-05
8.51891e-05
8.51889e-05
8.51887e-05
8.51885e-05
8.51883e-05
8.5188e-05
8.51878e-05
8.51875e-05
8.51872e-05
8.51869e-05
8.51867e-05
8.51864e-05
8.51861e-05
8.51857e-05
8.51854e-05
8.51851e-05
8.51847e-05
8.51844e-05
8.5184e-05
8.51837e-05
8.51833e-05
8.51829e-05
8.51825e-05
8.51821e-05
8.51817e-05
8.51812e-05
8.51808e-05
8.51804e-05
8.51799e-05
8.51794e-05
8.51789e-05
8.51785e-05
8.5178e-05
8.51774e-05
8.51769e-05
8.51764e-05
8.51758e-05
8.51753e-05
8.51747e-05
8.51741e-05
8.51735e-05
8.51729e-05
8.51722e-05
8.51716e-05
8.51709e-05
8.51702e-05
8.51695e-05
8.51688e-05
8.51681e-05
8.51673e-05
8.51665e-05
8.51657e-05
8.51649e-05
8.5164e-05
8.51631e-05
8.51622e-05
8.51613e-05
8.51603e-05
8.51594e-05
8.51584e-05
8.51573e-05
8.51563e-05
8.51551e-05
8.51537e-05
8.51512e-05
8.5144e-05
8.51182e-05
8.50266e-05
8.47245e-05
8.3826e-05
8.14572e-05
7.5954e-05
6.43544e-05
4.53599e-05
3.96958e-05
4.12535e-05
4.3523e-05
4.49144e-05
4.49213e-05
4.35422e-05
4.12773e-05
3.96954e-05
4.51862e-05
6.4163e-05
7.58628e-05
8.14166e-05
8.38096e-05
8.47183e-05
8.50242e-05
8.5117e-05
8.5143e-05
8.51504e-05
8.51528e-05
8.51542e-05
8.51553e-05
8.51563e-05
8.51573e-05
8.51583e-05
8.51592e-05
8.51601e-05
8.5161e-05
8.51619e-05
8.51627e-05
8.51635e-05
8.51643e-05
8.51651e-05
8.51658e-05
8.51665e-05
8.51672e-05
8.51679e-05
8.51686e-05
8.51692e-05
8.51699e-05
8.51705e-05
8.51711e-05
8.51717e-05
8.51722e-05
8.51728e-05
8.51733e-05
8.51739e-05
8.51744e-05
8.51749e-05
8.51754e-05
8.51759e-05
8.51763e-05
8.51768e-05
8.51772e-05
8.51777e-05
8.51781e-05
8.51785e-05
8.51789e-05
8.51793e-05
8.51797e-05
8.51801e-05
8.51805e-05
8.51808e-05
8.51812e-05
8.51815e-05
8.51818e-05
8.51822e-05
8.51825e-05
8.51828e-05
8.51831e-05
8.51834e-05
8.51837e-05
8.51839e-05
8.51842e-05
8.51845e-05
8.51847e-05
8.5185e-05
8.51852e-05
8.51854e-05
8.51856e-05
8.51859e-05
8.51861e-05
8.51862e-05
8.51864e-05
8.51866e-05
8.51868e-05
8.51869e-05
8.51871e-05
8.51872e-05
8.51874e-05
8.51875e-05
8.51876e-05
8.51877e-05
8.51878e-05
8.51879e-05
8.5188e-05
8.51881e-05
8.51881e-05
8.51882e-05
8.51883e-05
8.51883e-05
8.51883e-05
8.51884e-05
8.51884e-05
8.51884e-05
8.51726e-05
8.51726e-05
8.51726e-05
8.51725e-05
8.51725e-05
8.51725e-05
8.51724e-05
8.51723e-05
8.51723e-05
8.51722e-05
8.51721e-05
8.5172e-05
8.51719e-05
8.51718e-05
8.51716e-05
8.51715e-05
8.51713e-05
8.51712e-05
8.5171e-05
8.51709e-05
8.51707e-05
8.51705e-05
8.51703e-05
8.51701e-05
8.51699e-05
8.51696e-05
8.51694e-05
8.51692e-05
8.51689e-05
8.51686e-05
8.51684e-05
8.51681e-05
8.51678e-05
8.51675e-05
8.51672e-05
8.51669e-05
8.51666e-05
8.51662e-05
8.51659e-05
8.51655e-05
8.51652e-05
8.51648e-05
8.51644e-05
8.5164e-05
8.51636e-05
8.51632e-05
8.51628e-05
8.51624e-05
8.5162e-05
8.51615e-05
8.51611e-05
8.51606e-05
8.51601e-05
8.51596e-05
8.51591e-05
8.51586e-05
8.51581e-05
8.51576e-05
8.5157e-05
8.51565e-05
8.51559e-05
8.51553e-05
8.51547e-05
8.51541e-05
8.51535e-05
8.51529e-05
8.51522e-05
8.51515e-05
8.51509e-05
8.51502e-05
8.51494e-05
8.51487e-05
8.51479e-05
8.51471e-05
8.51463e-05
8.51455e-05
8.51447e-05
8.51438e-05
8.51429e-05
8.5142e-05
8.51411e-05
8.51402e-05
8.51392e-05
8.51382e-05
8.51372e-05
8.51359e-05
8.51334e-05
8.51261e-05
8.50999e-05
8.50062e-05
8.46977e-05
8.37821e-05
8.13745e-05
7.57961e-05
6.40602e-05
4.51072e-05
3.9677e-05
4.12612e-05
4.35292e-05
4.49175e-05
4.49244e-05
4.35484e-05
4.12851e-05
3.96774e-05
4.49377e-05
6.3866e-05
7.57034e-05
8.13331e-05
8.37653e-05
8.46914e-05
8.50037e-05
8.50986e-05
8.51252e-05
8.51326e-05
8.5135e-05
8.51363e-05
8.51373e-05
8.51382e-05
8.51391e-05
8.514e-05
8.51409e-05
8.51418e-05
8.51426e-05
8.51434e-05
8.51442e-05
8.5145e-05
8.51458e-05
8.51465e-05
8.51472e-05
8.51479e-05
8.51486e-05
8.51493e-05
8.51499e-05
8.51505e-05
8.51512e-05
8.51518e-05
8.51523e-05
8.51529e-05
8.51535e-05
8.5154e-05
8.51546e-05
8.51551e-05
8.51556e-05
8.51561e-05
8.51566e-05
8.5157e-05
8.51575e-05
8.5158e-05
8.51584e-05
8.51588e-05
8.51593e-05
8.51597e-05
8.51601e-05
8.51605e-05
8.51609e-05
8.51612e-05
8.51616e-05
8.5162e-05
8.51623e-05
8.51627e-05
8.5163e-05
8.51633e-05
8.51636e-05
8.51639e-05
8.51642e-05
8.51645e-05
8.51648e-05
8.51651e-05
8.51654e-05
8.51656e-05
8.51659e-05
8.51661e-05
8.51663e-05
8.51666e-05
8.51668e-05
8.5167e-05
8.51672e-05
8.51674e-05
8.51676e-05
8.51677e-05
8.51679e-05
8.51681e-05
8.51682e-05
8.51684e-05
8.51685e-05
8.51686e-05
8.51687e-05
8.51689e-05
8.5169e-05
8.5169e-05
8.51691e-05
8.51692e-05
8.51693e-05
8.51693e-05
8.51694e-05
8.51694e-05
8.51695e-05
8.51695e-05
8.51695e-05
8.51695e-05
8.51537e-05
8.51537e-05
8.51537e-05
8.51537e-05
8.51536e-05
8.51536e-05
8.51535e-05
8.51535e-05
8.51534e-05
8.51533e-05
8.51532e-05
8.51531e-05
8.5153e-05
8.51529e-05
8.51528e-05
8.51526e-05
8.51525e-05
8.51523e-05
8.51522e-05
8.5152e-05
8.51518e-05
8.51516e-05
8.51514e-05
8.51512e-05
8.5151e-05
8.51508e-05
8.51505e-05
8.51503e-05
8.515e-05
8.51498e-05
8.51495e-05
8.51492e-05
8.51489e-05
8.51486e-05
8.51483e-05
8.5148e-05
8.51477e-05
8.51474e-05
8.5147e-05
8.51467e-05
8.51463e-05
8.5146e-05
8.51456e-05
8.51452e-05
8.51448e-05
8.51444e-05
8.5144e-05
8.51436e-05
8.51431e-05
8.51427e-05
8.51422e-05
8.51418e-05
8.51413e-05
8.51408e-05
8.51403e-05
8.51398e-05
8.51393e-05
8.51388e-05
8.51383e-05
8.51377e-05
8.51372e-05
8.51366e-05
8.5136e-05
8.51354e-05
8.51348e-05
8.51342e-05
8.51335e-05
8.51329e-05
8.51322e-05
8.51315e-05
8.51308e-05
8.51301e-05
8.51294e-05
8.51286e-05
8.51278e-05
8.51271e-05
8.51263e-05
8.51254e-05
8.51246e-05
8.51237e-05
8.51229e-05
8.5122e-05
8.51211e-05
8.51202e-05
8.51192e-05
8.5118e-05
8.51156e-05
8.51083e-05
8.50816e-05
8.49862e-05
8.46722e-05
8.37421e-05
8.1302e-05
7.56609e-05
6.38115e-05
4.48981e-05
3.96586e-05
4.1265e-05
4.35322e-05
4.49181e-05
4.4925e-05
4.35514e-05
4.12889e-05
3.96597e-05
4.4732e-05
6.36148e-05
7.55669e-05
8.12599e-05
8.3725e-05
8.46657e-05
8.49837e-05
8.50803e-05
8.51074e-05
8.51148e-05
8.51171e-05
8.51183e-05
8.51192e-05
8.51201e-05
8.51209e-05
8.51218e-05
8.51226e-05
8.51234e-05
8.51242e-05
8.5125e-05
8.51257e-05
8.51265e-05
8.51272e-05
8.51279e-05
8.51286e-05
8.51293e-05
8.513e-05
8.51306e-05
8.51312e-05
8.51318e-05
8.51324e-05
8.5133e-05
8.51336e-05
8.51342e-05
8.51347e-05
8.51352e-05
8.51358e-05
8.51363e-05
8.51368e-05
8.51373e-05
8.51378e-05
8.51382e-05
8.51387e-05
8.51391e-05
8.51396e-05
8.514e-05
8.51404e-05
8.51408e-05
8.51412e-05
8.51416e-05
8.5142e-05
8.51424e-05
8.51427e-05
8.51431e-05
8.51435e-05
8.51438e-05
8.51441e-05
8.51445e-05
8.51448e-05
8.51451e-05
8.51454e-05
8.51457e-05
8.51459e-05
8.51462e-05
8.51465e-05
8.51467e-05
8.5147e-05
8.51472e-05
8.51475e-05
8.51477e-05
8.51479e-05
8.51481e-05
8.51483e-05
8.51485e-05
8.51487e-05
8.51489e-05
8.5149e-05
8.51492e-05
8.51494e-05
8.51495e-05
8.51496e-05
8.51498e-05
8.51499e-05
8.515e-05
8.51501e-05
8.51502e-05
8.51503e-05
8.51503e-05
8.51504e-05
8.51505e-05
8.51505e-05
8.51506e-05
8.51506e-05
8.51506e-05
8.51506e-05
8.51507e-05
8.51349e-05
8.51349e-05
8.51349e-05
8.51348e-05
8.51348e-05
8.51348e-05
8.51347e-05
8.51346e-05
8.51346e-05
8.51345e-05
8.51344e-05
8.51343e-05
8.51342e-05
8.51341e-05
8.51339e-05
8.51338e-05
8.51336e-05
8.51335e-05
8.51333e-05
8.51331e-05
8.5133e-05
8.51328e-05
8.51326e-05
8.51324e-05
8.51321e-05
8.51319e-05
8.51317e-05
8.51314e-05
8.51312e-05
8.51309e-05
8.51307e-05
8.51304e-05
8.51301e-05
8.51298e-05
8.51295e-05
8.51292e-05
8.51289e-05
8.51285e-05
8.51282e-05
8.51278e-05
8.51275e-05
8.51271e-05
8.51267e-05
8.51264e-05
8.5126e-05
8.51256e-05
8.51252e-05
8.51247e-05
8.51243e-05
8.51239e-05
8.51234e-05
8.5123e-05
8.51225e-05
8.5122e-05
8.51215e-05
8.5121e-05
8.51205e-05
8.512e-05
8.51195e-05
8.51189e-05
8.51184e-05
8.51178e-05
8.51173e-05
8.51167e-05
8.51161e-05
8.51155e-05
8.51148e-05
8.51142e-05
8.51135e-05
8.51129e-05
8.51122e-05
8.51115e-05
8.51108e-05
8.51101e-05
8.51093e-05
8.51086e-05
8.51078e-05
8.51071e-05
8.51063e-05
8.51055e-05
8.51047e-05
8.51038e-05
8.5103e-05
8.51022e-05
8.51013e-05
8.51002e-05
8.50978e-05
8.50905e-05
8.50634e-05
8.49665e-05
8.46477e-05
8.37052e-05
8.12376e-05
7.55438e-05
6.35983e-05
4.47214e-05
3.96405e-05
4.12658e-05
4.35327e-05
4.49168e-05
4.49237e-05
4.35519e-05
4.12899e-05
3.96421e-05
4.45581e-05
6.33994e-05
7.54486e-05
8.11949e-05
8.36879e-05
8.46412e-05
8.49639e-05
8.50621e-05
8.50895e-05
8.5097e-05
8.50993e-05
8.51004e-05
8.51012e-05
8.5102e-05
8.51028e-05
8.51035e-05
8.51043e-05
8.51051e-05
8.51058e-05
8.51066e-05
8.51073e-05
8.5108e-05
8.51087e-05
8.51094e-05
8.511e-05
8.51107e-05
8.51113e-05
8.51119e-05
8.51126e-05
8.51132e-05
8.51137e-05
8.51143e-05
8.51149e-05
8.51154e-05
8.5116e-05
8.51165e-05
8.5117e-05
8.51175e-05
8.5118e-05
8.51185e-05
8.5119e-05
8.51194e-05
8.51199e-05
8.51203e-05
8.51207e-05
8.51212e-05
8.51216e-05
8.5122e-05
8.51224e-05
8.51228e-05
8.51232e-05
8.51235e-05
8.51239e-05
8.51243e-05
8.51246e-05
8.51249e-05
8.51253e-05
8.51256e-05
8.51259e-05
8.51262e-05
8.51265e-05
8.51268e-05
8.51271e-05
8.51274e-05
8.51276e-05
8.51279e-05
8.51281e-05
8.51284e-05
8.51286e-05
8.51288e-05
8.51291e-05
8.51293e-05
8.51295e-05
8.51297e-05
8.51298e-05
8.513e-05
8.51302e-05
8.51303e-05
8.51305e-05
8.51306e-05
8.51308e-05
8.51309e-05
8.5131e-05
8.51311e-05
8.51312e-05
8.51313e-05
8.51314e-05
8.51315e-05
8.51316e-05
8.51316e-05
8.51317e-05
8.51317e-05
8.51317e-05
8.51318e-05
8.51318e-05
8.51318e-05
8.5116e-05
8.5116e-05
8.5116e-05
8.5116e-05
8.5116e-05
8.51159e-05
8.51158e-05
8.51158e-05
8.51157e-05
8.51156e-05
8.51155e-05
8.51154e-05
8.51153e-05
8.51152e-05
8.51151e-05
8.51149e-05
8.51148e-05
8.51146e-05
8.51145e-05
8.51143e-05
8.51141e-05
8.51139e-05
8.51137e-05
8.51135e-05
8.51133e-05
8.51131e-05
8.51128e-05
8.51126e-05
8.51123e-05
8.51121e-05
8.51118e-05
8.51115e-05
8.51112e-05
8.51109e-05
8.51106e-05
8.51103e-05
8.511e-05
8.51097e-05
8.51093e-05
8.5109e-05
8.51086e-05
8.51083e-05
8.51079e-05
8.51075e-05
8.51071e-05
8.51067e-05
8.51063e-05
8.51059e-05
8.51055e-05
8.5105e-05
8.51046e-05
8.51041e-05
8.51037e-05
8.51032e-05
8.51027e-05
8.51022e-05
8.51017e-05
8.51012e-05
8.51007e-05
8.51002e-05
8.50996e-05
8.50991e-05
8.50985e-05
8.5098e-05
8.50974e-05
8.50968e-05
8.50962e-05
8.50955e-05
8.50949e-05
8.50943e-05
8.50936e-05
8.50929e-05
8.50923e-05
8.50916e-05
8.50909e-05
8.50901e-05
8.50894e-05
8.50887e-05
8.50879e-05
8.50872e-05
8.50864e-05
8.50857e-05
8.50849e-05
8.50841e-05
8.50833e-05
8.50823e-05
8.508e-05
8.50726e-05
8.50452e-05
8.4947e-05
8.46241e-05
8.3671e-05
8.118e-05
7.54413e-05
6.34134e-05
4.45691e-05
3.96225e-05
4.12643e-05
4.35313e-05
4.49142e-05
4.49211e-05
4.35507e-05
4.12885e-05
3.96246e-05
4.44081e-05
6.32125e-05
7.53449e-05
8.11367e-05
8.36534e-05
8.46175e-05
8.49443e-05
8.50439e-05
8.50716e-05
8.50791e-05
8.50814e-05
8.50824e-05
8.50832e-05
8.50839e-05
8.50846e-05
8.50853e-05
8.5086e-05
8.50867e-05
8.50874e-05
8.50881e-05
8.50888e-05
8.50895e-05
8.50902e-05
8.50908e-05
8.50914e-05
8.50921e-05
8.50927e-05
8.50933e-05
8.50939e-05
8.50945e-05
8.5095e-05
8.50956e-05
8.50961e-05
8.50967e-05
8.50972e-05
8.50977e-05
8.50982e-05
8.50987e-05
8.50992e-05
8.50997e-05
8.51001e-05
8.51006e-05
8.51011e-05
8.51015e-05
8.51019e-05
8.51023e-05
8.51028e-05
8.51032e-05
8.51036e-05
8.51039e-05
8.51043e-05
8.51047e-05
8.51051e-05
8.51054e-05
8.51058e-05
8.51061e-05
8.51064e-05
8.51067e-05
8.51071e-05
8.51074e-05
8.51077e-05
8.51079e-05
8.51082e-05
8.51085e-05
8.51088e-05
8.5109e-05
8.51093e-05
8.51095e-05
8.51097e-05
8.511e-05
8.51102e-05
8.51104e-05
8.51106e-05
8.51108e-05
8.5111e-05
8.51112e-05
8.51113e-05
8.51115e-05
8.51116e-05
8.51118e-05
8.51119e-05
8.5112e-05
8.51122e-05
8.51123e-05
8.51124e-05
8.51125e-05
8.51126e-05
8.51126e-05
8.51127e-05
8.51128e-05
8.51128e-05
8.51129e-05
8.51129e-05
8.51129e-05
8.51129e-05
8.51129e-05
8.50972e-05
8.50972e-05
8.50972e-05
8.50971e-05
8.50971e-05
8.50971e-05
8.5097e-05
8.50969e-05
8.50969e-05
8.50968e-05
8.50967e-05
8.50966e-05
8.50965e-05
8.50964e-05
8.50962e-05
8.50961e-05
8.50959e-05
8.50958e-05
8.50956e-05
8.50955e-05
8.50953e-05
8.50951e-05
8.50949e-05
8.50947e-05
8.50945e-05
8.50942e-05
8.5094e-05
8.50937e-05
8.50935e-05
8.50932e-05
8.5093e-05
8.50927e-05
8.50924e-05
8.50921e-05
8.50918e-05
8.50915e-05
8.50912e-05
8.50908e-05
8.50905e-05
8.50902e-05
8.50898e-05
8.50894e-05
8.50891e-05
8.50887e-05
8.50883e-05
8.50879e-05
8.50875e-05
8.50871e-05
8.50867e-05
8.50862e-05
8.50858e-05
8.50853e-05
8.50849e-05
8.50844e-05
8.50839e-05
8.50835e-05
8.5083e-05
8.50825e-05
8.50819e-05
8.50814e-05
8.50809e-05
8.50803e-05
8.50798e-05
8.50792e-05
8.50787e-05
8.50781e-05
8.50775e-05
8.50769e-05
8.50763e-05
8.50756e-05
8.5075e-05
8.50744e-05
8.50737e-05
8.50731e-05
8.50724e-05
8.50717e-05
8.5071e-05
8.50703e-05
8.50696e-05
8.50689e-05
8.50682e-05
8.50675e-05
8.50668e-05
8.50661e-05
8.50654e-05
8.50644e-05
8.50621e-05
8.50547e-05
8.5027e-05
8.49276e-05
8.46013e-05
8.36389e-05
8.11277e-05
7.53505e-05
6.32511e-05
4.44356e-05
3.96045e-05
4.12611e-05
4.35286e-05
4.49106e-05
4.49175e-05
4.3548e-05
4.12854e-05
3.9607e-05
4.42766e-05
6.30484e-05
7.5253e-05
8.10839e-05
8.3621e-05
8.45945e-05
8.4925e-05
8.50257e-05
8.50538e-05
8.50612e-05
8.50634e-05
8.50644e-05
8.50651e-05
8.50658e-05
8.50664e-05
8.50671e-05
8.50678e-05
8.50684e-05
8.50691e-05
8.50697e-05
8.50704e-05
8.5071e-05
8.50716e-05
8.50723e-05
8.50729e-05
8.50735e-05
8.50741e-05
8.50747e-05
8.50752e-05
8.50758e-05
8.50763e-05
8.50769e-05
8.50774e-05
8.50779e-05
8.50785e-05
8.5079e-05
8.50795e-05
8.50799e-05
8.50804e-05
8.50809e-05
8.50814e-05
8.50818e-05
8.50822e-05
8.50827e-05
8.50831e-05
8.50835e-05
8.50839e-05
8.50843e-05
8.50847e-05
8.50851e-05
8.50855e-05
8.50858e-05
8.50862e-05
8.50866e-05
8.50869e-05
8.50872e-05
8.50876e-05
8.50879e-05
8.50882e-05
8.50885e-05
8.50888e-05
8.50891e-05
8.50894e-05
8.50896e-05
8.50899e-05
8.50902e-05
8.50904e-05
8.50907e-05
8.50909e-05
8.50911e-05
8.50913e-05
8.50915e-05
8.50917e-05
8.50919e-05
8.50921e-05
8.50923e-05
8.50925e-05
8.50926e-05
8.50928e-05
8.50929e-05
8.50931e-05
8.50932e-05
8.50933e-05
8.50934e-05
8.50935e-05
8.50936e-05
8.50937e-05
8.50938e-05
8.50938e-05
8.50939e-05
8.5094e-05
8.5094e-05
8.5094e-05
8.50941e-05
8.50941e-05
8.50941e-05
8.50784e-05
8.50784e-05
8.50783e-05
8.50783e-05
8.50783e-05
8.50782e-05
8.50782e-05
8.50781e-05
8.5078e-05
8.50779e-05
8.50779e-05
8.50778e-05
8.50776e-05
8.50775e-05
8.50774e-05
8.50773e-05
8.50771e-05
8.5077e-05
8.50768e-05
8.50766e-05
8.50764e-05
8.50762e-05
8.5076e-05
8.50758e-05
8.50756e-05
8.50754e-05
8.50751e-05
8.50749e-05
8.50747e-05
8.50744e-05
8.50741e-05
8.50738e-05
8.50736e-05
8.50733e-05
8.5073e-05
8.50726e-05
8.50723e-05
8.5072e-05
8.50717e-05
8.50713e-05
8.5071e-05
8.50706e-05
8.50702e-05
8.50699e-05
8.50695e-05
8.50691e-05
8.50687e-05
8.50683e-05
8.50678e-05
8.50674e-05
8.5067e-05
8.50665e-05
8.50661e-05
8.50656e-05
8.50651e-05
8.50647e-05
8.50642e-05
8.50637e-05
8.50632e-05
8.50627e-05
8.50621e-05
8.50616e-05
8.50611e-05
8.50605e-05
8.506e-05
8.50594e-05
8.50588e-05
8.50582e-05
8.50576e-05
8.5057e-05
8.50564e-05
8.50558e-05
8.50552e-05
8.50545e-05
8.50539e-05
8.50533e-05
8.50526e-05
8.50519e-05
8.50513e-05
8.50506e-05
8.505e-05
8.50493e-05
8.50487e-05
8.5048e-05
8.50474e-05
8.50464e-05
8.50442e-05
8.50368e-05
8.50088e-05
8.49085e-05
8.4579e-05
8.36087e-05
8.108e-05
7.52693e-05
6.31072e-05
4.43168e-05
3.95864e-05
4.12565e-05
4.35248e-05
4.49061e-05
4.49131e-05
4.35442e-05
4.12809e-05
3.95892e-05
4.41594e-05
6.29027e-05
7.51708e-05
8.10356e-05
8.35905e-05
8.45721e-05
8.49058e-05
8.50075e-05
8.50358e-05
8.50433e-05
8.50455e-05
8.50464e-05
8.5047e-05
8.50476e-05
8.50482e-05
8.50489e-05
8.50495e-05
8.50501e-05
8.50507e-05
8.50513e-05
8.50519e-05
8.50525e-05
8.50531e-05
8.50537e-05
8.50543e-05
8.50549e-05
8.50555e-05
8.5056e-05
8.50566e-05
8.50571e-05
8.50577e-05
8.50582e-05
8.50587e-05
8.50592e-05
8.50597e-05
8.50602e-05
8.50607e-05
8.50612e-05
8.50616e-05
8.50621e-05
8.50626e-05
8.5063e-05
8.50634e-05
8.50639e-05
8.50643e-05
8.50647e-05
8.50651e-05
8.50655e-05
8.50659e-05
8.50663e-05
8.50666e-05
8.5067e-05
8.50674e-05
8.50677e-05
8.50681e-05
8.50684e-05
8.50687e-05
8.5069e-05
8.50693e-05
8.50696e-05
8.50699e-05
8.50702e-05
8.50705e-05
8.50708e-05
8.50711e-05
8.50713e-05
8.50716e-05
8.50718e-05
8.5072e-05
8.50723e-05
8.50725e-05
8.50727e-05
8.50729e-05
8.50731e-05
8.50733e-05
8.50734e-05
8.50736e-05
8.50738e-05
8.50739e-05
8.50741e-05
8.50742e-05
8.50743e-05
8.50745e-05
8.50746e-05
8.50747e-05
8.50748e-05
8.50748e-05
8.50749e-05
8.5075e-05
8.50751e-05
8.50751e-05
8.50751e-05
8.50752e-05
8.50752e-05
8.50752e-05
8.50752e-05
8.50595e-05
8.50595e-05
8.50595e-05
8.50595e-05
8.50594e-05
8.50594e-05
8.50593e-05
8.50593e-05
8.50592e-05
8.50591e-05
8.5059e-05
8.50589e-05
8.50588e-05
8.50587e-05
8.50586e-05
8.50584e-05
8.50583e-05
8.50581e-05
8.50579e-05
8.50578e-05
8.50576e-05
8.50574e-05
8.50572e-05
8.5057e-05
8.50568e-05
8.50565e-05
8.50563e-05
8.50561e-05
8.50558e-05
8.50555e-05
8.50553e-05
8.5055e-05
8.50547e-05
8.50544e-05
8.50541e-05
8.50538e-05
8.50535e-05
8.50532e-05
8.50528e-05
8.50525e-05
8.50521e-05
8.50518e-05
8.50514e-05
8.5051e-05
8.50506e-05
8.50502e-05
8.50498e-05
8.50494e-05
8.5049e-05
8.50486e-05
8.50482e-05
8.50477e-05
8.50473e-05
8.50468e-05
8.50464e-05
8.50459e-05
8.50454e-05
8.50449e-05
8.50444e-05
8.50439e-05
8.50434e-05
8.50429e-05
8.50424e-05
8.50418e-05
8.50413e-05
8.50407e-05
8.50402e-05
8.50396e-05
8.5039e-05
8.50384e-05
8.50378e-05
8.50372e-05
8.50366e-05
8.5036e-05
8.50354e-05
8.50348e-05
8.50342e-05
8.50336e-05
8.5033e-05
8.50323e-05
8.50317e-05
8.50311e-05
8.50305e-05
8.503e-05
8.50293e-05
8.50284e-05
8.50263e-05
8.50189e-05
8.49907e-05
8.48894e-05
8.45572e-05
8.35799e-05
8.10359e-05
7.5196e-05
6.29783e-05
4.42096e-05
3.95682e-05
4.12508e-05
4.35201e-05
4.49011e-05
4.4908e-05
4.35396e-05
4.12753e-05
3.95714e-05
4.40536e-05
6.2772e-05
7.50966e-05
8.09911e-05
8.35615e-05
8.45502e-05
8.48867e-05
8.49893e-05
8.50179e-05
8.50254e-05
8.50275e-05
8.50284e-05
8.5029e-05
8.50295e-05
8.50301e-05
8.50306e-05
8.50312e-05
8.50317e-05
8.50323e-05
8.50329e-05
8.50335e-05
8.5034e-05
8.50346e-05
8.50352e-05
8.50357e-05
8.50363e-05
8.50368e-05
8.50374e-05
8.50379e-05
8.50384e-05
8.5039e-05
8.50395e-05
8.504e-05
8.50405e-05
8.5041e-05
8.50415e-05
8.50419e-05
8.50424e-05
8.50429e-05
8.50433e-05
8.50438e-05
8.50442e-05
8.50446e-05
8.50451e-05
8.50455e-05
8.50459e-05
8.50463e-05
8.50467e-05
8.50471e-05
8.50474e-05
8.50478e-05
8.50482e-05
8.50485e-05
8.50489e-05
8.50492e-05
8.50495e-05
8.50499e-05
8.50502e-05
8.50505e-05
8.50508e-05
8.50511e-05
8.50514e-05
8.50517e-05
8.50519e-05
8.50522e-05
8.50525e-05
8.50527e-05
8.50529e-05
8.50532e-05
8.50534e-05
8.50536e-05
8.50538e-05
8.5054e-05
8.50542e-05
8.50544e-05
8.50546e-05
8.50548e-05
8.50549e-05
8.50551e-05
8.50552e-05
8.50554e-05
8.50555e-05
8.50556e-05
8.50557e-05
8.50558e-05
8.50559e-05
8.5056e-05
8.50561e-05
8.50561e-05
8.50562e-05
8.50563e-05
8.50563e-05
8.50563e-05
8.50564e-05
8.50564e-05
8.50564e-05
8.50407e-05
8.50407e-05
8.50407e-05
8.50406e-05
8.50406e-05
8.50406e-05
8.50405e-05
8.50404e-05
8.50404e-05
8.50403e-05
8.50402e-05
8.50401e-05
8.504e-05
8.50398e-05
8.50397e-05
8.50396e-05
8.50394e-05
8.50393e-05
8.50391e-05
8.50389e-05
8.50388e-05
8.50386e-05
8.50384e-05
8.50381e-05
8.50379e-05
8.50377e-05
8.50375e-05
8.50372e-05
8.5037e-05
8.50367e-05
8.50364e-05
8.50362e-05
8.50359e-05
8.50356e-05
8.50353e-05
8.5035e-05
8.50346e-05
8.50343e-05
8.5034e-05
8.50336e-05
8.50333e-05
8.50329e-05
8.50326e-05
8.50322e-05
8.50318e-05
8.50314e-05
8.5031e-05
8.50306e-05
8.50302e-05
8.50298e-05
8.50294e-05
8.50289e-05
8.50285e-05
8.5028e-05
8.50276e-05
8.50271e-05
8.50266e-05
8.50261e-05
8.50257e-05
8.50252e-05
8.50247e-05
8.50242e-05
8.50236e-05
8.50231e-05
8.50226e-05
8.5022e-05
8.50215e-05
8.50209e-05
8.50204e-05
8.50198e-05
8.50193e-05
8.50187e-05
8.50181e-05
8.50175e-05
8.50169e-05
8.50164e-05
8.50158e-05
8.50152e-05
8.50146e-05
8.5014e-05
8.50135e-05
8.50129e-05
8.50124e-05
8.50118e-05
8.50113e-05
8.50104e-05
8.50083e-05
8.50009e-05
8.49725e-05
8.48704e-05
8.45358e-05
8.35523e-05
8.0995e-05
7.51293e-05
6.28617e-05
4.41117e-05
3.95499e-05
4.12442e-05
4.35147e-05
4.48955e-05
4.49024e-05
4.35343e-05
4.12688e-05
3.95534e-05
4.39568e-05
6.26538e-05
7.50289e-05
8.09496e-05
8.35338e-05
8.45288e-05
8.48677e-05
8.49711e-05
8.49999e-05
8.50074e-05
8.50095e-05
8.50103e-05
8.50108e-05
8.50113e-05
8.50118e-05
8.50124e-05
8.50129e-05
8.50134e-05
8.50139e-05
8.50145e-05
8.5015e-05
8.50156e-05
8.50161e-05
8.50166e-05
8.50172e-05
8.50177e-05
8.50182e-05
8.50188e-05
8.50193e-05
8.50198e-05
8.50203e-05
8.50208e-05
8.50213e-05
8.50218e-05
8.50222e-05
8.50227e-05
8.50232e-05
8.50236e-05
8.50241e-05
8.50245e-05
8.5025e-05
8.50254e-05
8.50258e-05
8.50262e-05
8.50267e-05
8.50271e-05
8.50275e-05
8.50278e-05
8.50282e-05
8.50286e-05
8.5029e-05
8.50293e-05
8.50297e-05
8.503e-05
8.50304e-05
8.50307e-05
8.5031e-05
8.50313e-05
8.50316e-05
8.50319e-05
8.50322e-05
8.50325e-05
8.50328e-05
8.50331e-05
8.50333e-05
8.50336e-05
8.50339e-05
8.50341e-05
8.50343e-05
8.50346e-05
8.50348e-05
8.5035e-05
8.50352e-05
8.50354e-05
8.50356e-05
8.50357e-05
8.50359e-05
8.50361e-05
8.50362e-05
8.50364e-05
8.50365e-05
8.50366e-05
8.50368e-05
8.50369e-05
8.5037e-05
8.50371e-05
8.50371e-05
8.50372e-05
8.50373e-05
8.50374e-05
8.50374e-05
8.50374e-05
8.50375e-05
8.50375e-05
8.50375e-05
8.50375e-05
8.50219e-05
8.50219e-05
8.50218e-05
8.50218e-05
8.50218e-05
8.50217e-05
8.50217e-05
8.50216e-05
8.50215e-05
8.50214e-05
8.50214e-05
8.50212e-05
8.50211e-05
8.5021e-05
8.50209e-05
8.50207e-05
8.50206e-05
8.50204e-05
8.50203e-05
8.50201e-05
8.50199e-05
8.50197e-05
8.50195e-05
8.50193e-05
8.50191e-05
8.50189e-05
8.50186e-05
8.50184e-05
8.50181e-05
8.50179e-05
8.50176e-05
8.50173e-05
8.5017e-05
8.50167e-05
8.50164e-05
8.50161e-05
8.50158e-05
8.50155e-05
8.50152e-05
8.50148e-05
8.50145e-05
8.50141e-05
8.50137e-05
8.50134e-05
8.5013e-05
8.50126e-05
8.50122e-05
8.50118e-05
8.50114e-05
8.5011e-05
8.50106e-05
8.50101e-05
8.50097e-05
8.50092e-05
8.50088e-05
8.50083e-05
8.50079e-05
8.50074e-05
8.50069e-05
8.50064e-05
8.50059e-05
8.50054e-05
8.50049e-05
8.50044e-05
8.50039e-05
8.50034e-05
8.50028e-05
8.50023e-05
8.50018e-05
8.50012e-05
8.50007e-05
8.50001e-05
8.49996e-05
8.4999e-05
8.49985e-05
8.49979e-05
8.49974e-05
8.49968e-05
8.49963e-05
8.49957e-05
8.49952e-05
8.49947e-05
8.49942e-05
8.49937e-05
8.49932e-05
8.49924e-05
8.49903e-05
8.49829e-05
8.49543e-05
8.48515e-05
8.45148e-05
8.35259e-05
8.09567e-05
7.50681e-05
6.27554e-05
4.40213e-05
3.95316e-05
4.12368e-05
4.35088e-05
4.48895e-05
4.48965e-05
4.35284e-05
4.12616e-05
3.95354e-05
4.38674e-05
6.25459e-05
7.49668e-05
8.09108e-05
8.35071e-05
8.45076e-05
8.48487e-05
8.49529e-05
8.49819e-05
8.49894e-05
8.49915e-05
8.49922e-05
8.49927e-05
8.49932e-05
8.49936e-05
8.49941e-05
8.49946e-05
8.4995e-05
8.49955e-05
8.49961e-05
8.49966e-05
8.49971e-05
8.49976e-05
8.49981e-05
8.49986e-05
8.49991e-05
8.49996e-05
8.50001e-05
8.50006e-05
8.50011e-05
8.50016e-05
8.50021e-05
8.50026e-05
8.5003e-05
8.50035e-05
8.5004e-05
8.50044e-05
8.50049e-05
8.50053e-05
8.50058e-05
8.50062e-05
8.50066e-05
8.5007e-05
8.50074e-05
8.50078e-05
8.50082e-05
8.50086e-05
8.5009e-05
8.50094e-05
8.50098e-05
8.50101e-05
8.50105e-05
8.50108e-05
8.50112e-05
8.50115e-05
8.50119e-05
8.50122e-05
8.50125e-05
8.50128e-05
8.50131e-05
8.50134e-05
8.50137e-05
8.5014e-05
8.50142e-05
8.50145e-05
8.50148e-05
8.5015e-05
8.50152e-05
8.50155e-05
8.50157e-05
8.50159e-05
8.50161e-05
8.50163e-05
8.50165e-05
8.50167e-05
8.50169e-05
8.50171e-05
8.50172e-05
8.50174e-05
8.50175e-05
8.50177e-05
8.50178e-05
8.50179e-05
8.5018e-05
8.50181e-05
8.50182e-05
8.50183e-05
8.50184e-05
8.50184e-05
8.50185e-05
8.50186e-05
8.50186e-05
8.50186e-05
8.50187e-05
8.50187e-05
8.50187e-05
8.5003e-05
8.5003e-05
8.5003e-05
8.5003e-05
8.50029e-05
8.50029e-05
8.50028e-05
8.50028e-05
8.50027e-05
8.50026e-05
8.50025e-05
8.50024e-05
8.50023e-05
8.50022e-05
8.50021e-05
8.50019e-05
8.50018e-05
8.50016e-05
8.50014e-05
8.50013e-05
8.50011e-05
8.50009e-05
8.50007e-05
8.50005e-05
8.50003e-05
8.5e-05
8.49998e-05
8.49996e-05
8.49993e-05
8.4999e-05
8.49988e-05
8.49985e-05
8.49982e-05
8.49979e-05
8.49976e-05
8.49973e-05
8.4997e-05
8.49967e-05
8.49963e-05
8.4996e-05
8.49956e-05
8.49953e-05
8.49949e-05
8.49945e-05
8.49942e-05
8.49938e-05
8.49934e-05
8.4993e-05
8.49926e-05
8.49922e-05
8.49917e-05
8.49913e-05
8.49909e-05
8.49904e-05
8.499e-05
8.49895e-05
8.49891e-05
8.49886e-05
8.49881e-05
8.49877e-05
8.49872e-05
8.49867e-05
8.49862e-05
8.49857e-05
8.49852e-05
8.49847e-05
8.49842e-05
8.49837e-05
8.49831e-05
8.49826e-05
8.49821e-05
8.49816e-05
8.4981e-05
8.49805e-05
8.498e-05
8.49795e-05
8.49789e-05
8.49784e-05
8.49779e-05
8.49774e-05
8.49769e-05
8.49764e-05
8.4976e-05
8.49755e-05
8.49751e-05
8.49743e-05
8.49723e-05
8.49648e-05
8.49361e-05
8.48327e-05
8.4494e-05
8.35003e-05
8.09206e-05
7.50116e-05
6.26576e-05
4.3937e-05
3.95131e-05
4.12288e-05
4.35024e-05
4.48831e-05
4.48902e-05
4.35221e-05
4.12537e-05
3.95172e-05
4.3784e-05
6.24466e-05
7.49093e-05
8.08742e-05
8.34813e-05
8.44868e-05
8.48299e-05
8.49347e-05
8.49638e-05
8.49714e-05
8.49734e-05
8.49741e-05
8.49745e-05
8.49749e-05
8.49754e-05
8.49758e-05
8.49762e-05
8.49767e-05
8.49771e-05
8.49776e-05
8.49781e-05
8.49786e-05
8.49791e-05
8.49795e-05
8.498e-05
8.49805e-05
8.4981e-05
8.49815e-05
8.4982e-05
8.49824e-05
8.49829e-05
8.49834e-05
8.49838e-05
8.49843e-05
8.49848e-05
8.49852e-05
8.49857e-05
8.49861e-05
8.49865e-05
8.4987e-05
8.49874e-05
8.49878e-05
8.49882e-05
8.49886e-05
8.4989e-05
8.49894e-05
8.49898e-05
8.49902e-05
8.49906e-05
8.49909e-05
8.49913e-05
8.49917e-05
8.4992e-05
8.49923e-05
8.49927e-05
8.4993e-05
8.49933e-05
8.49936e-05
8.4994e-05
8.49943e-05
8.49945e-05
8.49948e-05
8.49951e-05
8.49954e-05
8.49956e-05
8.49959e-05
8.49962e-05
8.49964e-05
8.49966e-05
8.49969e-05
8.49971e-05
8.49973e-05
8.49975e-05
8.49977e-05
8.49979e-05
8.4998e-05
8.49982e-05
8.49984e-05
8.49985e-05
8.49987e-05
8.49988e-05
8.49989e-05
8.49991e-05
8.49992e-05
8.49993e-05
8.49994e-05
8.49995e-05
8.49995e-05
8.49996e-05
8.49997e-05
8.49997e-05
8.49998e-05
8.49998e-05
8.49998e-05
8.49998e-05
8.49998e-05
8.49842e-05
8.49842e-05
8.49842e-05
8.49842e-05
8.49841e-05
8.49841e-05
8.4984e-05
8.4984e-05
8.49839e-05
8.49838e-05
8.49837e-05
8.49836e-05
8.49835e-05
8.49834e-05
8.49832e-05
8.49831e-05
8.49829e-05
8.49828e-05
8.49826e-05
8.49824e-05
8.49823e-05
8.49821e-05
8.49819e-05
8.49816e-05
8.49814e-05
8.49812e-05
8.4981e-05
8.49807e-05
8.49805e-05
8.49802e-05
8.49799e-05
8.49797e-05
8.49794e-05
8.49791e-05
8.49788e-05
8.49785e-05
8.49781e-05
8.49778e-05
8.49775e-05
8.49771e-05
8.49768e-05
8.49764e-05
8.49761e-05
8.49757e-05
8.49753e-05
8.4975e-05
8.49746e-05
8.49742e-05
8.49738e-05
8.49734e-05
8.49729e-05
8.49725e-05
8.49721e-05
8.49717e-05
8.49712e-05
8.49708e-05
8.49703e-05
8.49699e-05
8.49694e-05
8.49689e-05
8.49684e-05
8.4968e-05
8.49675e-05
8.4967e-05
8.49665e-05
8.4966e-05
8.49655e-05
8.4965e-05
8.49645e-05
8.4964e-05
8.49635e-05
8.4963e-05
8.49625e-05
8.4962e-05
8.49615e-05
8.4961e-05
8.49605e-05
8.496e-05
8.49595e-05
8.49591e-05
8.49586e-05
8.49582e-05
8.49578e-05
8.49574e-05
8.49569e-05
8.49562e-05
8.49542e-05
8.49467e-05
8.49178e-05
8.48139e-05
8.44736e-05
8.34755e-05
8.08863e-05
7.4959e-05
6.25672e-05
4.38579e-05
3.94946e-05
4.12203e-05
4.34955e-05
4.48765e-05
4.48836e-05
4.35154e-05
4.12454e-05
3.94989e-05
4.37056e-05
6.23547e-05
7.48558e-05
8.08396e-05
8.34563e-05
8.44663e-05
8.4811e-05
8.49164e-05
8.49457e-05
8.49533e-05
8.49553e-05
8.49559e-05
8.49563e-05
8.49567e-05
8.49571e-05
8.49575e-05
8.49579e-05
8.49583e-05
8.49587e-05
8.49592e-05
8.49596e-05
8.49601e-05
8.49605e-05
8.4961e-05
8.49615e-05
8.49619e-05
8.49624e-05
8.49628e-05
8.49633e-05
8.49638e-05
8.49642e-05
8.49647e-05
8.49651e-05
8.49656e-05
8.4966e-05
8.49665e-05
8.49669e-05
8.49673e-05
8.49678e-05
8.49682e-05
8.49686e-05
8.4969e-05
8.49694e-05
8.49698e-05
8.49702e-05
8.49706e-05
8.4971e-05
8.49714e-05
8.49717e-05
8.49721e-05
8.49725e-05
8.49728e-05
8.49732e-05
8.49735e-05
8.49738e-05
8.49742e-05
8.49745e-05
8.49748e-05
8.49751e-05
8.49754e-05
8.49757e-05
8.4976e-05
8.49763e-05
8.49765e-05
8.49768e-05
8.49771e-05
8.49773e-05
8.49775e-05
8.49778e-05
8.4978e-05
8.49782e-05
8.49784e-05
8.49786e-05
8.49788e-05
8.4979e-05
8.49792e-05
8.49794e-05
8.49795e-05
8.49797e-05
8.49798e-05
8.498e-05
8.49801e-05
8.49802e-05
8.49803e-05
8.49804e-05
8.49805e-05
8.49806e-05
8.49807e-05
8.49808e-05
8.49808e-05
8.49809e-05
8.49809e-05
8.4981e-05
8.4981e-05
8.4981e-05
8.4981e-05
8.49654e-05
8.49654e-05
8.49654e-05
8.49653e-05
8.49653e-05
8.49653e-05
8.49652e-05
8.49651e-05
8.49651e-05
8.4965e-05
8.49649e-05
8.49648e-05
8.49647e-05
8.49645e-05
8.49644e-05
8.49643e-05
8.49641e-05
8.4964e-05
8.49638e-05
8.49636e-05
8.49634e-05
8.49632e-05
8.4963e-05
8.49628e-05
8.49626e-05
8.49624e-05
8.49621e-05
8.49619e-05
8.49616e-05
8.49614e-05
8.49611e-05
8.49608e-05
8.49605e-05
8.49602e-05
8.49599e-05
8.49596e-05
8.49593e-05
8.4959e-05
8.49587e-05
8.49583e-05
8.4958e-05
8.49576e-05
8.49573e-05
8.49569e-05
8.49565e-05
8.49561e-05
8.49557e-05
8.49554e-05
8.4955e-05
8.49545e-05
8.49541e-05
8.49537e-05
8.49533e-05
8.49529e-05
8.49524e-05
8.4952e-05
8.49515e-05
8.49511e-05
8.49506e-05
8.49502e-05
8.49497e-05
8.49492e-05
8.49488e-05
8.49483e-05
8.49478e-05
8.49473e-05
8.49468e-05
8.49464e-05
8.49459e-05
8.49454e-05
8.49449e-05
8.49444e-05
8.49439e-05
8.49434e-05
8.4943e-05
8.49425e-05
8.4942e-05
8.49416e-05
8.49411e-05
8.49407e-05
8.49403e-05
8.49399e-05
8.49395e-05
8.49391e-05
8.49387e-05
8.49381e-05
8.49361e-05
8.49286e-05
8.48996e-05
8.47951e-05
8.44533e-05
8.34513e-05
8.08537e-05
7.49098e-05
6.2483e-05
4.37831e-05
3.9476e-05
4.12114e-05
4.34884e-05
4.48696e-05
4.48767e-05
4.35083e-05
4.12366e-05
3.94806e-05
4.36314e-05
6.22688e-05
7.48057e-05
8.08066e-05
8.3432e-05
8.44459e-05
8.47923e-05
8.48982e-05
8.49276e-05
8.49352e-05
8.49371e-05
8.49377e-05
8.49381e-05
8.49384e-05
8.49388e-05
8.49391e-05
8.49395e-05
8.49399e-05
8.49403e-05
8.49407e-05
8.49411e-05
8.49416e-05
8.4942e-05
8.49424e-05
8.49429e-05
8.49433e-05
8.49438e-05
8.49442e-05
8.49446e-05
8.49451e-05
8.49455e-05
8.4946e-05
8.49464e-05
8.49469e-05
8.49473e-05
8.49477e-05
8.49481e-05
8.49486e-05
8.4949e-05
8.49494e-05
8.49498e-05
8.49502e-05
8.49506e-05
8.4951e-05
8.49514e-05
8.49518e-05
8.49522e-05
8.49525e-05
8.49529e-05
8.49533e-05
8.49536e-05
8.4954e-05
8.49543e-05
8.49547e-05
8.4955e-05
8.49553e-05
8.49556e-05
8.4956e-05
8.49563e-05
8.49566e-05
8.49569e-05
8.49571e-05
8.49574e-05
8.49577e-05
8.4958e-05
8.49582e-05
8.49585e-05
8.49587e-05
8.49589e-05
8.49592e-05
8.49594e-05
8.49596e-05
8.49598e-05
8.496e-05
8.49602e-05
8.49604e-05
8.49605e-05
8.49607e-05
8.49608e-05
8.4961e-05
8.49611e-05
8.49613e-05
8.49614e-05
8.49615e-05
8.49616e-05
8.49617e-05
8.49618e-05
8.49619e-05
8.49619e-05
8.4962e-05
8.4962e-05
8.49621e-05
8.49621e-05
8.49621e-05
8.49622e-05
8.49622e-05
8.49466e-05
8.49466e-05
8.49466e-05
8.49465e-05
8.49465e-05
8.49464e-05
8.49464e-05
8.49463e-05
8.49462e-05
8.49462e-05
8.49461e-05
8.4946e-05
8.49458e-05
8.49457e-05
8.49456e-05
8.49454e-05
8.49453e-05
8.49451e-05
8.4945e-05
8.49448e-05
8.49446e-05
8.49444e-05
8.49442e-05
8.4944e-05
8.49438e-05
8.49435e-05
8.49433e-05
8.49431e-05
8.49428e-05
8.49425e-05
8.49423e-05
8.4942e-05
8.49417e-05
8.49414e-05
8.49411e-05
8.49408e-05
8.49405e-05
8.49402e-05
8.49398e-05
8.49395e-05
8.49391e-05
8.49388e-05
8.49384e-05
8.49381e-05
8.49377e-05
8.49373e-05
8.49369e-05
8.49365e-05
8.49361e-05
8.49357e-05
8.49353e-05
8.49349e-05
8.49345e-05
8.49341e-05
8.49336e-05
8.49332e-05
8.49328e-05
8.49323e-05
8.49319e-05
8.49314e-05
8.4931e-05
8.49305e-05
8.493e-05
8.49296e-05
8.49291e-05
8.49286e-05
8.49282e-05
8.49277e-05
8.49272e-05
8.49268e-05
8.49263e-05
8.49258e-05
8.49254e-05
8.49249e-05
8.49245e-05
8.4924e-05
8.49236e-05
8.49231e-05
8.49227e-05
8.49223e-05
8.49219e-05
8.49216e-05
8.49212e-05
8.49209e-05
8.49205e-05
8.49199e-05
8.49179e-05
8.49104e-05
8.48813e-05
8.47764e-05
8.44332e-05
8.34278e-05
8.08226e-05
7.48635e-05
6.24042e-05
4.37119e-05
3.94573e-05
4.12021e-05
4.34809e-05
4.48626e-05
4.48697e-05
4.3501e-05
4.12274e-05
3.94622e-05
4.35607e-05
6.21883e-05
7.47585e-05
8.07751e-05
8.34083e-05
8.44258e-05
8.47735e-05
8.48799e-05
8.49094e-05
8.4917e-05
8.49189e-05
8.49195e-05
8.49199e-05
8.49201e-05
8.49204e-05
8.49208e-05
8.49211e-05
8.49215e-05
8.49218e-05
8.49222e-05
8.49226e-05
8.4923e-05
8.49234e-05
8.49239e-05
8.49243e-05
8.49247e-05
8.49251e-05
8.49256e-05
8.4926e-05
8.49264e-05
8.49268e-05
8.49273e-05
8.49277e-05
8.49281e-05
8.49285e-05
8.4929e-05
8.49294e-05
8.49298e-05
8.49302e-05
8.49306e-05
8.4931e-05
8.49314e-05
8.49318e-05
8.49322e-05
8.49326e-05
8.4933e-05
8.49333e-05
8.49337e-05
8.49341e-05
8.49344e-05
8.49348e-05
8.49351e-05
8.49355e-05
8.49358e-05
8.49362e-05
8.49365e-05
8.49368e-05
8.49371e-05
8.49374e-05
8.49377e-05
8.4938e-05
8.49383e-05
8.49386e-05
8.49388e-05
8.49391e-05
8.49394e-05
8.49396e-05
8.49399e-05
8.49401e-05
8.49403e-05
8.49405e-05
8.49407e-05
8.4941e-05
8.49411e-05
8.49413e-05
8.49415e-05
8.49417e-05
8.49419e-05
8.4942e-05
8.49422e-05
8.49423e-05
8.49424e-05
8.49425e-05
8.49427e-05
8.49428e-05
8.49429e-05
8.49429e-05
8.4943e-05
8.49431e-05
8.49432e-05
8.49432e-05
8.49433e-05
8.49433e-05
8.49433e-05
8.49433e-05
8.49433e-05
8.49278e-05
8.49278e-05
8.49277e-05
8.49277e-05
8.49277e-05
8.49276e-05
8.49276e-05
8.49275e-05
8.49274e-05
8.49273e-05
8.49272e-05
8.49271e-05
8.4927e-05
8.49269e-05
8.49268e-05
8.49266e-05
8.49265e-05
8.49263e-05
8.49262e-05
8.4926e-05
8.49258e-05
8.49256e-05
8.49254e-05
8.49252e-05
8.4925e-05
8.49247e-05
8.49245e-05
8.49242e-05
8.4924e-05
8.49237e-05
8.49234e-05
8.49232e-05
8.49229e-05
8.49226e-05
8.49223e-05
8.4922e-05
8.49217e-05
8.49213e-05
8.4921e-05
8.49207e-05
8.49203e-05
8.492e-05
8.49196e-05
8.49192e-05
8.49189e-05
8.49185e-05
8.49181e-05
8.49177e-05
8.49173e-05
8.49169e-05
8.49165e-05
8.49161e-05
8.49157e-05
8.49153e-05
8.49149e-05
8.49144e-05
8.4914e-05
8.49136e-05
8.49131e-05
8.49127e-05
8.49122e-05
8.49118e-05
8.49113e-05
8.49109e-05
8.49104e-05
8.491e-05
8.49095e-05
8.4909e-05
8.49086e-05
8.49081e-05
8.49077e-05
8.49072e-05
8.49068e-05
8.49064e-05
8.49059e-05
8.49055e-05
8.49051e-05
8.49047e-05
8.49043e-05
8.49039e-05
8.49036e-05
8.49032e-05
8.49029e-05
8.49026e-05
8.49022e-05
8.49016e-05
8.48997e-05
8.48922e-05
8.4863e-05
8.47577e-05
8.44133e-05
8.34047e-05
8.07927e-05
7.48198e-05
6.23299e-05
4.36438e-05
3.94386e-05
4.11924e-05
4.34733e-05
4.48554e-05
4.48625e-05
4.34934e-05
4.12179e-05
3.94436e-05
4.3493e-05
6.21123e-05
7.47139e-05
8.07448e-05
8.33851e-05
8.44058e-05
8.47547e-05
8.48615e-05
8.48912e-05
8.48988e-05
8.49007e-05
8.49013e-05
8.49016e-05
8.49018e-05
8.49021e-05
8.49024e-05
8.49027e-05
8.4903e-05
8.49034e-05
8.49037e-05
8.49041e-05
8.49045e-05
8.49049e-05
8.49053e-05
8.49057e-05
8.49061e-05
8.49065e-05
8.49069e-05
8.49073e-05
8.49077e-05
8.49081e-05
8.49086e-05
8.4909e-05
8.49094e-05
8.49098e-05
8.49102e-05
8.49106e-05
8.4911e-05
8.49114e-05
8.49118e-05
8.49122e-05
8.49126e-05
8.4913e-05
8.49134e-05
8.49138e-05
8.49142e-05
8.49145e-05
8.49149e-05
8.49153e-05
8.49156e-05
8.4916e-05
8.49163e-05
8.49167e-05
8.4917e-05
8.49173e-05
8.49176e-05
8.4918e-05
8.49183e-05
8.49186e-05
8.49189e-05
8.49192e-05
8.49194e-05
8.49197e-05
8.492e-05
8.49203e-05
8.49205e-05
8.49208e-05
8.4921e-05
8.49212e-05
8.49215e-05
8.49217e-05
8.49219e-05
8.49221e-05
8.49223e-05
8.49225e-05
8.49227e-05
8.49228e-05
8.4923e-05
8.49232e-05
8.49233e-05
8.49235e-05
8.49236e-05
8.49237e-05
8.49238e-05
8.49239e-05
8.4924e-05
8.49241e-05
8.49242e-05
8.49243e-05
8.49243e-05
8.49244e-05
8.49244e-05
8.49245e-05
8.49245e-05
8.49245e-05
8.49245e-05
8.4909e-05
8.4909e-05
8.49089e-05
8.49089e-05
8.49089e-05
8.49088e-05
8.49088e-05
8.49087e-05
8.49086e-05
8.49085e-05
8.49084e-05
8.49083e-05
8.49082e-05
8.49081e-05
8.4908e-05
8.49078e-05
8.49077e-05
8.49075e-05
8.49073e-05
8.49072e-05
8.4907e-05
8.49068e-05
8.49066e-05
8.49064e-05
8.49061e-05
8.49059e-05
8.49057e-05
8.49054e-05
8.49052e-05
8.49049e-05
8.49046e-05
8.49043e-05
8.49041e-05
8.49038e-05
8.49035e-05
8.49031e-05
8.49028e-05
8.49025e-05
8.49022e-05
8.49018e-05
8.49015e-05
8.49011e-05
8.49008e-05
8.49004e-05
8.49001e-05
8.48997e-05
8.48993e-05
8.48989e-05
8.48985e-05
8.48981e-05
8.48977e-05
8.48973e-05
8.48969e-05
8.48965e-05
8.48961e-05
8.48956e-05
8.48952e-05
8.48948e-05
8.48943e-05
8.48939e-05
8.48935e-05
8.4893e-05
8.48926e-05
8.48921e-05
8.48917e-05
8.48913e-05
8.48908e-05
8.48904e-05
8.48899e-05
8.48895e-05
8.48891e-05
8.48886e-05
8.48882e-05
8.48878e-05
8.48874e-05
8.4887e-05
8.48866e-05
8.48862e-05
8.48858e-05
8.48855e-05
8.48852e-05
8.48848e-05
8.48846e-05
8.48843e-05
8.4884e-05
8.48834e-05
8.48815e-05
8.48739e-05
8.48446e-05
8.4739e-05
8.43935e-05
8.33822e-05
8.07639e-05
7.47783e-05
6.22598e-05
4.35784e-05
3.94198e-05
4.11825e-05
4.34654e-05
4.4848e-05
4.48552e-05
4.34856e-05
4.12081e-05
3.94251e-05
4.34278e-05
6.20403e-05
7.46717e-05
8.07157e-05
8.33623e-05
8.43859e-05
8.4736e-05
8.48432e-05
8.48729e-05
8.48805e-05
8.48824e-05
8.4883e-05
8.48832e-05
8.48835e-05
8.48837e-05
8.4884e-05
8.48843e-05
8.48846e-05
8.48849e-05
8.48852e-05
8.48856e-05
8.48859e-05
8.48863e-05
8.48867e-05
8.48871e-05
8.48874e-05
8.48878e-05
8.48882e-05
8.48886e-05
8.4889e-05
8.48894e-05
8.48898e-05
8.48902e-05
8.48906e-05
8.4891e-05
8.48914e-05
8.48918e-05
8.48922e-05
8.48926e-05
8.4893e-05
8.48934e-05
8.48938e-05
8.48942e-05
8.48946e-05
8.4895e-05
8.48953e-05
8.48957e-05
8.48961e-05
8.48964e-05
8.48968e-05
8.48971e-05
8.48975e-05
8.48978e-05
8.48981e-05
8.48985e-05
8.48988e-05
8.48991e-05
8.48994e-05
8.48997e-05
8.49e-05
8.49003e-05
8.49006e-05
8.49009e-05
8.49012e-05
8.49014e-05
8.49017e-05
8.49019e-05
8.49022e-05
8.49024e-05
8.49026e-05
8.49029e-05
8.49031e-05
8.49033e-05
8.49035e-05
8.49037e-05
8.49038e-05
8.4904e-05
8.49042e-05
8.49043e-05
8.49045e-05
8.49046e-05
8.49048e-05
8.49049e-05
8.4905e-05
8.49051e-05
8.49052e-05
8.49053e-05
8.49054e-05
8.49054e-05
8.49055e-05
8.49055e-05
8.49056e-05
8.49056e-05
8.49057e-05
8.49057e-05
8.49057e-05
8.48902e-05
8.48901e-05
8.48901e-05
8.48901e-05
8.48901e-05
8.489e-05
8.489e-05
8.48899e-05
8.48898e-05
8.48897e-05
8.48896e-05
8.48895e-05
8.48894e-05
8.48893e-05
8.48891e-05
8.4889e-05
8.48889e-05
8.48887e-05
8.48885e-05
8.48883e-05
8.48882e-05
8.4888e-05
8.48877e-05
8.48875e-05
8.48873e-05
8.48871e-05
8.48868e-05
8.48866e-05
8.48863e-05
8.48861e-05
8.48858e-05
8.48855e-05
8.48852e-05
8.48849e-05
8.48846e-05
8.48843e-05
8.4884e-05
8.48837e-05
8.48834e-05
8.4883e-05
8.48827e-05
8.48823e-05
8.4882e-05
8.48816e-05
8.48812e-05
8.48809e-05
8.48805e-05
8.48801e-05
8.48797e-05
8.48793e-05
8.48789e-05
8.48785e-05
8.48781e-05
8.48777e-05
8.48773e-05
8.48769e-05
8.48764e-05
8.4876e-05
8.48756e-05
8.48752e-05
8.48747e-05
8.48743e-05
8.48739e-05
8.48734e-05
8.4873e-05
8.48726e-05
8.48721e-05
8.48717e-05
8.48713e-05
8.48708e-05
8.48704e-05
8.487e-05
8.48696e-05
8.48692e-05
8.48688e-05
8.48684e-05
8.48681e-05
8.48677e-05
8.48674e-05
8.4867e-05
8.48667e-05
8.48664e-05
8.48662e-05
8.48659e-05
8.48656e-05
8.48651e-05
8.48632e-05
8.48556e-05
8.48262e-05
8.47203e-05
8.43738e-05
8.336e-05
8.07362e-05
7.47389e-05
6.21932e-05
4.35153e-05
3.94009e-05
4.11722e-05
4.34573e-05
4.48405e-05
4.48477e-05
4.34776e-05
4.11981e-05
3.94064e-05
4.3365e-05
6.1972e-05
7.46315e-05
8.06875e-05
8.334e-05
8.43662e-05
8.47173e-05
8.48248e-05
8.48546e-05
8.48622e-05
8.48641e-05
8.48646e-05
8.48649e-05
8.48651e-05
8.48653e-05
8.48656e-05
8.48658e-05
8.48661e-05
8.48664e-05
8.48667e-05
8.4867e-05
8.48674e-05
8.48677e-05
8.48681e-05
8.48684e-05
8.48688e-05
8.48692e-05
8.48696e-05
8.48699e-05
8.48703e-05
8.48707e-05
8.48711e-05
8.48715e-05
8.48719e-05
8.48723e-05
8.48727e-05
8.48731e-05
8.48735e-05
8.48739e-05
8.48742e-05
8.48746e-05
8.4875e-05
8.48754e-05
8.48758e-05
8.48761e-05
8.48765e-05
8.48769e-05
8.48772e-05
8.48776e-05
8.48779e-05
8.48783e-05
8.48786e-05
8.4879e-05
8.48793e-05
8.48796e-05
8.488e-05
8.48803e-05
8.48806e-05
8.48809e-05
8.48812e-05
8.48815e-05
8.48818e-05
8.4882e-05
8.48823e-05
8.48826e-05
8.48828e-05
8.48831e-05
8.48833e-05
8.48836e-05
8.48838e-05
8.4884e-05
8.48842e-05
8.48844e-05
8.48846e-05
8.48848e-05
8.4885e-05
8.48852e-05
8.48853e-05
8.48855e-05
8.48856e-05
8.48858e-05
8.48859e-05
8.4886e-05
8.48862e-05
8.48863e-05
8.48864e-05
8.48865e-05
8.48865e-05
8.48866e-05
8.48867e-05
8.48867e-05
8.48868e-05
8.48868e-05
8.48868e-05
8.48868e-05
8.48869e-05
8.48714e-05
8.48713e-05
8.48713e-05
8.48713e-05
8.48713e-05
8.48712e-05
8.48712e-05
8.48711e-05
8.4871e-05
8.48709e-05
8.48708e-05
8.48707e-05
8.48706e-05
8.48705e-05
8.48703e-05
8.48702e-05
8.487e-05
8.48699e-05
8.48697e-05
8.48695e-05
8.48693e-05
8.48691e-05
8.48689e-05
8.48687e-05
8.48685e-05
8.48683e-05
8.4868e-05
8.48678e-05
8.48675e-05
8.48672e-05
8.4867e-05
8.48667e-05
8.48664e-05
8.48661e-05
8.48658e-05
8.48655e-05
8.48652e-05
8.48649e-05
8.48645e-05
8.48642e-05
8.48638e-05
8.48635e-05
8.48631e-05
8.48628e-05
8.48624e-05
8.4862e-05
8.48617e-05
8.48613e-05
8.48609e-05
8.48605e-05
8.48601e-05
8.48597e-05
8.48593e-05
8.48589e-05
8.48585e-05
8.48581e-05
8.48576e-05
8.48572e-05
8.48568e-05
8.48564e-05
8.4856e-05
8.48555e-05
8.48551e-05
8.48547e-05
8.48543e-05
8.48538e-05
8.48534e-05
8.4853e-05
8.48526e-05
8.48522e-05
8.48518e-05
8.48514e-05
8.4851e-05
8.48506e-05
8.48502e-05
8.48499e-05
8.48495e-05
8.48492e-05
8.48489e-05
8.48486e-05
8.48483e-05
8.4848e-05
8.48478e-05
8.48475e-05
8.48473e-05
8.48467e-05
8.48449e-05
8.48373e-05
8.48078e-05
8.47016e-05
8.43542e-05
8.33382e-05
8.07093e-05
7.47014e-05
6.213e-05
4.34544e-05
3.9382e-05
4.11618e-05
4.3449e-05
4.48328e-05
4.48401e-05
4.34694e-05
4.11878e-05
3.93877e-05
4.33043e-05
6.19069e-05
7.45931e-05
8.06603e-05
8.33181e-05
8.43465e-05
8.46986e-05
8.48064e-05
8.48363e-05
8.48439e-05
8.48458e-05
8.48463e-05
8.48465e-05
8.48467e-05
8.48469e-05
8.48471e-05
8.48473e-05
8.48476e-05
8.48479e-05
8.48482e-05
8.48485e-05
8.48488e-05
8.48491e-05
8.48494e-05
8.48498e-05
8.48501e-05
8.48505e-05
8.48509e-05
8.48512e-05
8.48516e-05
8.4852e-05
8.48524e-05
8.48528e-05
8.48531e-05
8.48535e-05
8.48539e-05
8.48543e-05
8.48547e-05
8.48551e-05
8.48554e-05
8.48558e-05
8.48562e-05
8.48566e-05
8.48569e-05
8.48573e-05
8.48577e-05
8.4858e-05
8.48584e-05
8.48588e-05
8.48591e-05
8.48595e-05
8.48598e-05
8.48601e-05
8.48605e-05
8.48608e-05
8.48611e-05
8.48614e-05
8.48617e-05
8.4862e-05
8.48623e-05
8.48626e-05
8.48629e-05
8.48632e-05
8.48635e-05
8.48637e-05
8.4864e-05
8.48642e-05
8.48645e-05
8.48647e-05
8.4865e-05
8.48652e-05
8.48654e-05
8.48656e-05
8.48658e-05
8.4866e-05
8.48662e-05
8.48663e-05
8.48665e-05
8.48667e-05
8.48668e-05
8.4867e-05
8.48671e-05
8.48672e-05
8.48673e-05
8.48674e-05
8.48675e-05
8.48676e-05
8.48677e-05
8.48678e-05
8.48678e-05
8.48679e-05
8.48679e-05
8.4868e-05
8.4868e-05
8.4868e-05
8.4868e-05
8.48526e-05
8.48525e-05
8.48525e-05
8.48525e-05
8.48525e-05
8.48524e-05
8.48524e-05
8.48523e-05
8.48522e-05
8.48521e-05
8.4852e-05
8.48519e-05
8.48518e-05
8.48517e-05
8.48515e-05
8.48514e-05
8.48512e-05
8.48511e-05
8.48509e-05
8.48507e-05
8.48505e-05
8.48503e-05
8.48501e-05
8.48499e-05
8.48497e-05
8.48494e-05
8.48492e-05
8.4849e-05
8.48487e-05
8.48484e-05
8.48482e-05
8.48479e-05
8.48476e-05
8.48473e-05
8.4847e-05
8.48467e-05
8.48464e-05
8.4846e-05
8.48457e-05
8.48454e-05
8.4845e-05
8.48447e-05
8.48443e-05
8.4844e-05
8.48436e-05
8.48432e-05
8.48428e-05
8.48425e-05
8.48421e-05
8.48417e-05
8.48413e-05
8.48409e-05
8.48405e-05
8.48401e-05
8.48397e-05
8.48393e-05
8.48389e-05
8.48384e-05
8.4838e-05
8.48376e-05
8.48372e-05
8.48368e-05
8.48364e-05
8.4836e-05
8.48355e-05
8.48351e-05
8.48347e-05
8.48343e-05
8.48339e-05
8.48335e-05
8.48331e-05
8.48327e-05
8.48324e-05
8.4832e-05
8.48316e-05
8.48313e-05
8.4831e-05
8.48307e-05
8.48304e-05
8.48301e-05
8.48298e-05
8.48296e-05
8.48293e-05
8.48291e-05
8.48289e-05
8.48284e-05
8.48265e-05
8.4819e-05
8.47894e-05
8.46829e-05
8.43347e-05
8.33167e-05
8.06833e-05
7.46657e-05
6.20698e-05
4.33954e-05
3.9363e-05
4.11511e-05
4.34406e-05
4.4825e-05
4.48324e-05
4.34611e-05
4.11773e-05
3.93689e-05
4.32454e-05
6.18449e-05
7.45566e-05
8.0634e-05
8.32964e-05
8.4327e-05
8.46799e-05
8.47879e-05
8.48179e-05
8.48255e-05
8.48274e-05
8.48279e-05
8.48281e-05
8.48282e-05
8.48284e-05
8.48286e-05
8.48288e-05
8.48291e-05
8.48293e-05
8.48296e-05
8.48299e-05
8.48302e-05
8.48305e-05
8.48308e-05
8.48311e-05
8.48315e-05
8.48318e-05
8.48322e-05
8.48325e-05
8.48329e-05
8.48333e-05
8.48336e-05
8.4834e-05
8.48344e-05
8.48348e-05
8.48351e-05
8.48355e-05
8.48359e-05
8.48363e-05
8.48366e-05
8.4837e-05
8.48374e-05
8.48378e-05
8.48381e-05
8.48385e-05
8.48389e-05
8.48392e-05
8.48396e-05
8.48399e-05
8.48403e-05
8.48406e-05
8.4841e-05
8.48413e-05
8.48416e-05
8.48419e-05
8.48423e-05
8.48426e-05
8.48429e-05
8.48432e-05
8.48435e-05
8.48438e-05
8.48441e-05
8.48444e-05
8.48446e-05
8.48449e-05
8.48452e-05
8.48454e-05
8.48456e-05
8.48459e-05
8.48461e-05
8.48463e-05
8.48466e-05
8.48468e-05
8.4847e-05
8.48472e-05
8.48473e-05
8.48475e-05
8.48477e-05
8.48478e-05
8.4848e-05
8.48481e-05
8.48483e-05
8.48484e-05
8.48485e-05
8.48486e-05
8.48487e-05
8.48488e-05
8.48489e-05
8.4849e-05
8.4849e-05
8.48491e-05
8.48491e-05
8.48492e-05
8.48492e-05
8.48492e-05
8.48492e-05
8.48338e-05
8.48338e-05
8.48337e-05
8.48337e-05
8.48337e-05
8.48336e-05
8.48336e-05
8.48335e-05
8.48334e-05
8.48333e-05
8.48332e-05
8.48331e-05
8.4833e-05
8.48329e-05
8.48327e-05
8.48326e-05
8.48324e-05
8.48323e-05
8.48321e-05
8.48319e-05
8.48317e-05
8.48315e-05
8.48313e-05
8.48311e-05
8.48309e-05
8.48306e-05
8.48304e-05
8.48301e-05
8.48299e-05
8.48296e-05
8.48293e-05
8.48291e-05
8.48288e-05
8.48285e-05
8.48282e-05
8.48278e-05
8.48275e-05
8.48272e-05
8.48269e-05
8.48265e-05
8.48262e-05
8.48258e-05
8.48255e-05
8.48251e-05
8.48248e-05
8.48244e-05
8.4824e-05
8.48236e-05
8.48233e-05
8.48229e-05
8.48225e-05
8.48221e-05
8.48217e-05
8.48213e-05
8.48209e-05
8.48205e-05
8.48201e-05
8.48197e-05
8.48192e-05
8.48188e-05
8.48184e-05
8.4818e-05
8.48176e-05
8.48172e-05
8.48168e-05
8.48164e-05
8.4816e-05
8.48156e-05
8.48152e-05
8.48148e-05
8.48145e-05
8.48141e-05
8.48137e-05
8.48134e-05
8.4813e-05
8.48127e-05
8.48124e-05
8.48121e-05
8.48118e-05
8.48115e-05
8.48113e-05
8.48111e-05
8.48109e-05
8.48107e-05
8.48104e-05
8.48099e-05
8.48081e-05
8.48005e-05
8.47709e-05
8.46642e-05
8.43154e-05
8.32956e-05
8.06582e-05
7.46316e-05
6.20127e-05
4.33382e-05
3.93439e-05
4.11402e-05
4.3432e-05
4.48172e-05
4.48245e-05
4.34526e-05
4.11666e-05
3.935e-05
4.31882e-05
6.17859e-05
7.45217e-05
8.06085e-05
8.32752e-05
8.43076e-05
8.46612e-05
8.47695e-05
8.47995e-05
8.48071e-05
8.4809e-05
8.48094e-05
8.48096e-05
8.48098e-05
8.48099e-05
8.48101e-05
8.48103e-05
8.48105e-05
8.48108e-05
8.4811e-05
8.48113e-05
8.48116e-05
8.48119e-05
8.48122e-05
8.48125e-05
8.48128e-05
8.48131e-05
8.48135e-05
8.48138e-05
8.48142e-05
8.48145e-05
8.48149e-05
8.48153e-05
8.48156e-05
8.4816e-05
8.48164e-05
8.48167e-05
8.48171e-05
8.48175e-05
8.48178e-05
8.48182e-05
8.48186e-05
8.48189e-05
8.48193e-05
8.48197e-05
8.482e-05
8.48204e-05
8.48207e-05
8.48211e-05
8.48214e-05
8.48218e-05
8.48221e-05
8.48224e-05
8.48228e-05
8.48231e-05
8.48234e-05
8.48237e-05
8.48241e-05
8.48244e-05
8.48247e-05
8.48249e-05
8.48252e-05
8.48255e-05
8.48258e-05
8.48261e-05
8.48263e-05
8.48266e-05
8.48268e-05
8.4827e-05
8.48273e-05
8.48275e-05
8.48277e-05
8.48279e-05
8.48281e-05
8.48283e-05
8.48285e-05
8.48287e-05
8.48289e-05
8.4829e-05
8.48292e-05
8.48293e-05
8.48294e-05
8.48296e-05
8.48297e-05
8.48298e-05
8.48299e-05
8.483e-05
8.48301e-05
8.48301e-05
8.48302e-05
8.48303e-05
8.48303e-05
8.48303e-05
8.48304e-05
8.48304e-05
8.48304e-05
8.4815e-05
8.4815e-05
8.48149e-05
8.48149e-05
8.48149e-05
8.48148e-05
8.48148e-05
8.48147e-05
8.48146e-05
8.48145e-05
8.48144e-05
8.48143e-05
8.48142e-05
8.48141e-05
8.48139e-05
8.48138e-05
8.48136e-05
8.48135e-05
8.48133e-05
8.48131e-05
8.48129e-05
8.48127e-05
8.48125e-05
8.48123e-05
8.48121e-05
8.48118e-05
8.48116e-05
8.48113e-05
8.48111e-05
8.48108e-05
8.48105e-05
8.48102e-05
8.48099e-05
8.48096e-05
8.48093e-05
8.4809e-05
8.48087e-05
8.48084e-05
8.4808e-05
8.48077e-05
8.48074e-05
8.4807e-05
8.48067e-05
8.48063e-05
8.48059e-05
8.48056e-05
8.48052e-05
8.48048e-05
8.48044e-05
8.4804e-05
8.48037e-05
8.48033e-05
8.48029e-05
8.48025e-05
8.48021e-05
8.48017e-05
8.48013e-05
8.48009e-05
8.48005e-05
8.48001e-05
8.47997e-05
8.47993e-05
8.47989e-05
8.47985e-05
8.47981e-05
8.47977e-05
8.47973e-05
8.47969e-05
8.47965e-05
8.47961e-05
8.47958e-05
8.47954e-05
8.47951e-05
8.47947e-05
8.47944e-05
8.47941e-05
8.47938e-05
8.47935e-05
8.47932e-05
8.4793e-05
8.47928e-05
8.47926e-05
8.47924e-05
8.47922e-05
8.4792e-05
8.47915e-05
8.47897e-05
8.47821e-05
8.47525e-05
8.46455e-05
8.42961e-05
8.32748e-05
8.06338e-05
7.45992e-05
6.19584e-05
4.32828e-05
3.93247e-05
4.11291e-05
4.34232e-05
4.48092e-05
4.48166e-05
4.3444e-05
4.11557e-05
3.93311e-05
4.31328e-05
6.17298e-05
7.44885e-05
8.05837e-05
8.32542e-05
8.42883e-05
8.46424e-05
8.4751e-05
8.47811e-05
8.47887e-05
8.47905e-05
8.4791e-05
8.47911e-05
8.47912e-05
8.47914e-05
8.47916e-05
8.47917e-05
8.47919e-05
8.47922e-05
8.47924e-05
8.47927e-05
8.47929e-05
8.47932e-05
8.47935e-05
8.47938e-05
8.47941e-05
8.47944e-05
8.47948e-05
8.47951e-05
8.47954e-05
8.47958e-05
8.47961e-05
8.47965e-05
8.47968e-05
8.47972e-05
8.47976e-05
8.47979e-05
8.47983e-05
8.47987e-05
8.4799e-05
8.47994e-05
8.47997e-05
8.48001e-05
8.48005e-05
8.48008e-05
8.48012e-05
8.48015e-05
8.48019e-05
8.48022e-05
8.48026e-05
8.48029e-05
8.48033e-05
8.48036e-05
8.48039e-05
8.48043e-05
8.48046e-05
8.48049e-05
8.48052e-05
8.48055e-05
8.48058e-05
8.48061e-05
8.48064e-05
8.48067e-05
8.48069e-05
8.48072e-05
8.48075e-05
8.48077e-05
8.4808e-05
8.48082e-05
8.48084e-05
8.48087e-05
8.48089e-05
8.48091e-05
8.48093e-05
8.48095e-05
8.48097e-05
8.48099e-05
8.481e-05
8.48102e-05
8.48103e-05
8.48105e-05
8.48106e-05
8.48107e-05
8.48109e-05
8.4811e-05
8.48111e-05
8.48112e-05
8.48112e-05
8.48113e-05
8.48114e-05
8.48114e-05
8.48115e-05
8.48115e-05
8.48116e-05
8.48116e-05
8.48116e-05
8.47962e-05
8.47962e-05
8.47962e-05
8.47961e-05
8.47961e-05
8.4796e-05
8.4796e-05
8.47959e-05
8.47958e-05
8.47957e-05
8.47956e-05
8.47955e-05
8.47954e-05
8.47953e-05
8.47951e-05
8.4795e-05
8.47948e-05
8.47947e-05
8.47945e-05
8.47943e-05
8.47941e-05
8.47939e-05
8.47937e-05
8.47935e-05
8.47932e-05
8.4793e-05
8.47928e-05
8.47925e-05
8.47922e-05
8.4792e-05
8.47917e-05
8.47914e-05
8.47911e-05
8.47908e-05
8.47905e-05
8.47902e-05
8.47899e-05
8.47896e-05
8.47892e-05
8.47889e-05
8.47885e-05
8.47882e-05
8.47878e-05
8.47875e-05
8.47871e-05
8.47867e-05
8.47864e-05
8.4786e-05
8.47856e-05
8.47852e-05
8.47848e-05
8.47844e-05
8.47841e-05
8.47837e-05
8.47833e-05
8.47829e-05
8.47825e-05
8.47821e-05
8.47817e-05
8.47813e-05
8.47809e-05
8.47805e-05
8.47801e-05
8.47797e-05
8.47793e-05
8.47789e-05
8.47785e-05
8.47782e-05
8.47778e-05
8.47774e-05
8.47771e-05
8.47767e-05
8.47764e-05
8.47761e-05
8.47758e-05
8.47755e-05
8.47752e-05
8.47749e-05
8.47747e-05
8.47744e-05
8.47742e-05
8.4774e-05
8.47738e-05
8.47737e-05
8.47735e-05
8.4773e-05
8.47712e-05
8.47636e-05
8.47339e-05
8.46268e-05
8.42769e-05
8.32543e-05
8.06103e-05
7.45685e-05
6.19072e-05
4.32292e-05
3.93055e-05
4.11178e-05
4.34143e-05
4.48011e-05
4.48086e-05
4.34352e-05
4.11445e-05
3.93121e-05
4.30791e-05
6.16767e-05
7.44569e-05
8.05598e-05
8.32336e-05
8.4269e-05
8.46237e-05
8.47324e-05
8.47626e-05
8.47702e-05
8.4772e-05
8.47724e-05
8.47726e-05
8.47727e-05
8.47728e-05
8.4773e-05
8.47732e-05
8.47733e-05
8.47735e-05
8.47738e-05
8.4774e-05
8.47743e-05
8.47745e-05
8.47748e-05
8.47751e-05
8.47754e-05
8.47757e-05
8.4776e-05
8.47763e-05
8.47767e-05
8.4777e-05
8.47774e-05
8.47777e-05
8.47781e-05
8.47784e-05
8.47788e-05
8.47791e-05
8.47795e-05
8.47798e-05
8.47802e-05
8.47806e-05
8.47809e-05
8.47813e-05
8.47816e-05
8.4782e-05
8.47823e-05
8.47827e-05
8.47831e-05
8.47834e-05
8.47837e-05
8.47841e-05
8.47844e-05
8.47848e-05
8.47851e-05
8.47854e-05
8.47857e-05
8.4786e-05
8.47864e-05
8.47867e-05
8.4787e-05
8.47873e-05
8.47875e-05
8.47878e-05
8.47881e-05
8.47884e-05
8.47886e-05
8.47889e-05
8.47891e-05
8.47894e-05
8.47896e-05
8.47898e-05
8.47901e-05
8.47903e-05
8.47905e-05
8.47907e-05
8.47909e-05
8.4791e-05
8.47912e-05
8.47914e-05
8.47915e-05
8.47917e-05
8.47918e-05
8.47919e-05
8.4792e-05
8.47922e-05
8.47923e-05
8.47923e-05
8.47924e-05
8.47925e-05
8.47926e-05
8.47926e-05
8.47927e-05
8.47927e-05
8.47927e-05
8.47928e-05
8.47928e-05
8.47774e-05
8.47774e-05
8.47774e-05
8.47773e-05
8.47773e-05
8.47772e-05
8.47772e-05
8.47771e-05
8.4777e-05
8.47769e-05
8.47768e-05
8.47767e-05
8.47766e-05
8.47765e-05
8.47763e-05
8.47762e-05
8.4776e-05
8.47759e-05
8.47757e-05
8.47755e-05
8.47753e-05
8.47751e-05
8.47749e-05
8.47747e-05
8.47744e-05
8.47742e-05
8.4774e-05
8.47737e-05
8.47734e-05
8.47732e-05
8.47729e-05
8.47726e-05
8.47723e-05
8.4772e-05
8.47717e-05
8.47714e-05
8.47711e-05
8.47707e-05
8.47704e-05
8.47701e-05
8.47697e-05
8.47694e-05
8.4769e-05
8.47686e-05
8.47683e-05
8.47679e-05
8.47675e-05
8.47672e-05
8.47668e-05
8.47664e-05
8.4766e-05
8.47656e-05
8.47652e-05
8.47648e-05
8.47644e-05
8.4764e-05
8.47637e-05
8.47633e-05
8.47629e-05
8.47625e-05
8.47621e-05
8.47617e-05
8.47613e-05
8.47609e-05
8.47605e-05
8.47602e-05
8.47598e-05
8.47594e-05
8.47591e-05
8.47587e-05
8.47584e-05
8.4758e-05
8.47577e-05
8.47574e-05
8.47571e-05
8.47568e-05
8.47565e-05
8.47563e-05
8.4756e-05
8.47558e-05
8.47556e-05
8.47554e-05
8.47553e-05
8.47551e-05
8.47549e-05
8.47545e-05
8.47527e-05
8.47451e-05
8.47154e-05
8.46081e-05
8.42578e-05
8.32342e-05
8.05876e-05
7.45396e-05
6.18593e-05
4.31775e-05
3.92862e-05
4.11062e-05
4.34052e-05
4.47929e-05
4.48004e-05
4.34263e-05
4.11331e-05
3.9293e-05
4.30273e-05
6.1627e-05
7.44273e-05
8.05368e-05
8.32133e-05
8.42499e-05
8.4605e-05
8.47139e-05
8.4744e-05
8.47517e-05
8.47535e-05
8.47539e-05
8.4754e-05
8.47541e-05
8.47543e-05
8.47544e-05
8.47545e-05
8.47547e-05
8.47549e-05
8.47551e-05
8.47553e-05
8.47556e-05
8.47558e-05
8.47561e-05
8.47564e-05
8.47567e-05
8.4757e-05
8.47573e-05
8.47576e-05
8.47579e-05
8.47582e-05
8.47586e-05
8.47589e-05
8.47593e-05
8.47596e-05
8.476e-05
8.47603e-05
8.47607e-05
8.4761e-05
8.47614e-05
8.47617e-05
8.47621e-05
8.47624e-05
8.47628e-05
8.47632e-05
8.47635e-05
8.47639e-05
8.47642e-05
8.47646e-05
8.47649e-05
8.47652e-05
8.47656e-05
8.47659e-05
8.47662e-05
8.47666e-05
8.47669e-05
8.47672e-05
8.47675e-05
8.47678e-05
8.47681e-05
8.47684e-05
8.47687e-05
8.4769e-05
8.47693e-05
8.47695e-05
8.47698e-05
8.47701e-05
8.47703e-05
8.47705e-05
8.47708e-05
8.4771e-05
8.47712e-05
8.47714e-05
8.47716e-05
8.47718e-05
8.4772e-05
8.47722e-05
8.47724e-05
8.47725e-05
8.47727e-05
8.47728e-05
8.4773e-05
8.47731e-05
8.47732e-05
8.47733e-05
8.47734e-05
8.47735e-05
8.47736e-05
8.47737e-05
8.47738e-05
8.47738e-05
8.47739e-05
8.47739e-05
8.47739e-05
8.47739e-05
8.4774e-05
8.47586e-05
8.47586e-05
8.47586e-05
8.47586e-05
8.47585e-05
8.47585e-05
8.47584e-05
8.47583e-05
8.47583e-05
8.47582e-05
8.47581e-05
8.4758e-05
8.47578e-05
8.47577e-05
8.47576e-05
8.47574e-05
8.47572e-05
8.47571e-05
8.47569e-05
8.47567e-05
8.47565e-05
8.47563e-05
8.47561e-05
8.47559e-05
8.47556e-05
8.47554e-05
8.47551e-05
8.47549e-05
8.47546e-05
8.47544e-05
8.47541e-05
8.47538e-05
8.47535e-05
8.47532e-05
8.47529e-05
8.47526e-05
8.47522e-05
8.47519e-05
8.47516e-05
8.47512e-05
8.47509e-05
8.47505e-05
8.47502e-05
8.47498e-05
8.47495e-05
8.47491e-05
8.47487e-05
8.47483e-05
8.4748e-05
8.47476e-05
8.47472e-05
8.47468e-05
8.47464e-05
8.4746e-05
8.47456e-05
8.47452e-05
8.47448e-05
8.47444e-05
8.47441e-05
8.47437e-05
8.47433e-05
8.47429e-05
8.47425e-05
8.47421e-05
8.47418e-05
8.47414e-05
8.4741e-05
8.47407e-05
8.47403e-05
8.474e-05
8.47396e-05
8.47393e-05
8.4739e-05
8.47387e-05
8.47384e-05
8.47381e-05
8.47379e-05
8.47376e-05
8.47374e-05
8.47372e-05
8.4737e-05
8.47368e-05
8.47367e-05
8.47365e-05
8.47364e-05
8.47359e-05
8.47341e-05
8.47266e-05
8.46968e-05
8.45895e-05
8.42389e-05
8.32144e-05
8.05659e-05
7.45129e-05
6.18155e-05
4.31283e-05
3.92668e-05
4.10943e-05
4.33959e-05
4.47846e-05
4.47921e-05
4.34171e-05
4.11214e-05
3.92738e-05
4.29776e-05
6.15813e-05
7.43997e-05
8.05147e-05
8.31934e-05
8.42308e-05
8.45863e-05
8.46953e-05
8.47255e-05
8.47331e-05
8.47349e-05
8.47353e-05
8.47355e-05
8.47355e-05
8.47356e-05
8.47358e-05
8.47359e-05
8.47361e-05
8.47363e-05
8.47364e-05
8.47367e-05
8.47369e-05
8.47371e-05
8.47374e-05
8.47377e-05
8.47379e-05
8.47382e-05
8.47385e-05
8.47388e-05
8.47391e-05
8.47395e-05
8.47398e-05
8.47401e-05
8.47405e-05
8.47408e-05
8.47411e-05
8.47415e-05
8.47418e-05
8.47422e-05
8.47425e-05
8.47429e-05
8.47432e-05
8.47436e-05
8.4744e-05
8.47443e-05
8.47447e-05
8.4745e-05
8.47454e-05
8.47457e-05
8.4746e-05
8.47464e-05
8.47467e-05
8.47471e-05
8.47474e-05
8.47477e-05
8.4748e-05
8.47484e-05
8.47487e-05
8.4749e-05
8.47493e-05
8.47496e-05
8.47499e-05
8.47501e-05
8.47504e-05
8.47507e-05
8.4751e-05
8.47512e-05
8.47515e-05
8.47517e-05
8.47519e-05
8.47522e-05
8.47524e-05
8.47526e-05
8.47528e-05
8.4753e-05
8.47532e-05
8.47534e-05
8.47536e-05
8.47537e-05
8.47539e-05
8.4754e-05
8.47542e-05
8.47543e-05
8.47544e-05
8.47545e-05
8.47546e-05
8.47547e-05
8.47548e-05
8.47549e-05
8.4755e-05
8.4755e-05
8.47551e-05
8.47551e-05
8.47551e-05
8.47551e-05
8.47552e-05
8.47399e-05
8.47398e-05
8.47398e-05
8.47398e-05
8.47398e-05
8.47397e-05
8.47396e-05
8.47396e-05
8.47395e-05
8.47394e-05
8.47393e-05
8.47392e-05
8.47391e-05
8.47389e-05
8.47388e-05
8.47386e-05
8.47385e-05
8.47383e-05
8.47381e-05
8.47379e-05
8.47377e-05
8.47375e-05
8.47373e-05
8.47371e-05
8.47368e-05
8.47366e-05
8.47364e-05
8.47361e-05
8.47358e-05
8.47356e-05
8.47353e-05
8.4735e-05
8.47347e-05
8.47344e-05
8.47341e-05
8.47337e-05
8.47334e-05
8.47331e-05
8.47328e-05
8.47324e-05
8.47321e-05
8.47317e-05
8.47314e-05
8.4731e-05
8.47306e-05
8.47303e-05
8.47299e-05
8.47295e-05
8.47291e-05
8.47287e-05
8.47284e-05
8.4728e-05
8.47276e-05
8.47272e-05
8.47268e-05
8.47264e-05
8.4726e-05
8.47256e-05
8.47253e-05
8.47249e-05
8.47245e-05
8.47241e-05
8.47237e-05
8.47233e-05
8.4723e-05
8.47226e-05
8.47223e-05
8.47219e-05
8.47216e-05
8.47212e-05
8.47209e-05
8.47206e-05
8.47203e-05
8.472e-05
8.47197e-05
8.47195e-05
8.47192e-05
8.4719e-05
8.47188e-05
8.47186e-05
8.47184e-05
8.47182e-05
8.47181e-05
8.47179e-05
8.47178e-05
8.47173e-05
8.47155e-05
8.4708e-05
8.46782e-05
8.45708e-05
8.422e-05
8.3195e-05
8.05452e-05
7.44884e-05
6.17758e-05
4.30814e-05
3.92473e-05
4.10821e-05
4.33864e-05
4.47761e-05
4.47836e-05
4.34077e-05
4.11094e-05
3.92545e-05
4.29305e-05
6.15401e-05
7.43745e-05
8.04937e-05
8.31739e-05
8.42119e-05
8.45676e-05
8.46767e-05
8.47069e-05
8.47145e-05
8.47163e-05
8.47167e-05
8.47169e-05
8.47169e-05
8.4717e-05
8.47171e-05
8.47173e-05
8.47174e-05
8.47176e-05
8.47178e-05
8.4718e-05
8.47182e-05
8.47184e-05
8.47187e-05
8.47189e-05
8.47192e-05
8.47195e-05
8.47198e-05
8.47201e-05
8.47204e-05
8.47207e-05
8.4721e-05
8.47213e-05
8.47217e-05
8.4722e-05
8.47223e-05
8.47227e-05
8.4723e-05
8.47234e-05
8.47237e-05
8.47241e-05
8.47244e-05
8.47248e-05
8.47251e-05
8.47255e-05
8.47258e-05
8.47262e-05
8.47265e-05
8.47269e-05
8.47272e-05
8.47275e-05
8.47279e-05
8.47282e-05
8.47285e-05
8.47289e-05
8.47292e-05
8.47295e-05
8.47298e-05
8.47301e-05
8.47304e-05
8.47307e-05
8.4731e-05
8.47313e-05
8.47316e-05
8.47319e-05
8.47321e-05
8.47324e-05
8.47326e-05
8.47329e-05
8.47331e-05
8.47334e-05
8.47336e-05
8.47338e-05
8.4734e-05
8.47342e-05
8.47344e-05
8.47346e-05
8.47348e-05
8.47349e-05
8.47351e-05
8.47352e-05
8.47354e-05
8.47355e-05
8.47356e-05
8.47357e-05
8.47358e-05
8.47359e-05
8.4736e-05
8.47361e-05
8.47362e-05
8.47362e-05
8.47363e-05
8.47363e-05
8.47363e-05
8.47364e-05
8.47364e-05
8.47211e-05
8.47211e-05
8.47211e-05
8.47211e-05
8.4721e-05
8.4721e-05
8.47209e-05
8.47209e-05
8.47208e-05
8.47207e-05
8.47206e-05
8.47205e-05
8.47203e-05
8.47202e-05
8.47201e-05
8.47199e-05
8.47197e-05
8.47196e-05
8.47194e-05
8.47192e-05
8.4719e-05
8.47188e-05
8.47186e-05
8.47183e-05
8.47181e-05
8.47179e-05
8.47176e-05
8.47173e-05
8.47171e-05
8.47168e-05
8.47165e-05
8.47162e-05
8.47159e-05
8.47156e-05
8.47153e-05
8.4715e-05
8.47147e-05
8.47143e-05
8.4714e-05
8.47136e-05
8.47133e-05
8.47129e-05
8.47126e-05
8.47122e-05
8.47118e-05
8.47115e-05
8.47111e-05
8.47107e-05
8.47103e-05
8.471e-05
8.47096e-05
8.47092e-05
8.47088e-05
8.47084e-05
8.4708e-05
8.47076e-05
8.47072e-05
8.47069e-05
8.47065e-05
8.47061e-05
8.47057e-05
8.47053e-05
8.4705e-05
8.47046e-05
8.47042e-05
8.47039e-05
8.47035e-05
8.47032e-05
8.47028e-05
8.47025e-05
8.47022e-05
8.47019e-05
8.47016e-05
8.47013e-05
8.4701e-05
8.47008e-05
8.47005e-05
8.47003e-05
8.47001e-05
8.46999e-05
8.46998e-05
8.46996e-05
8.46995e-05
8.46994e-05
8.46992e-05
8.46988e-05
8.4697e-05
8.46894e-05
8.46596e-05
8.45522e-05
8.42014e-05
8.31762e-05
8.0526e-05
7.44669e-05
6.17417e-05
4.30375e-05
3.92276e-05
4.10695e-05
4.33765e-05
4.47673e-05
4.4775e-05
4.33979e-05
4.10969e-05
3.92349e-05
4.28861e-05
6.15043e-05
7.43522e-05
8.04741e-05
8.31549e-05
8.41932e-05
8.4549e-05
8.46581e-05
8.46883e-05
8.4696e-05
8.46977e-05
8.46981e-05
8.46983e-05
8.46983e-05
8.46984e-05
8.46985e-05
8.46986e-05
8.46988e-05
8.46989e-05
8.46991e-05
8.46993e-05
8.46995e-05
8.46997e-05
8.47e-05
8.47002e-05
8.47005e-05
8.47007e-05
8.4701e-05
8.47013e-05
8.47016e-05
8.47019e-05
8.47022e-05
8.47026e-05
8.47029e-05
8.47032e-05
8.47035e-05
8.47039e-05
8.47042e-05
8.47046e-05
8.47049e-05
8.47053e-05
8.47056e-05
8.4706e-05
8.47063e-05
8.47067e-05
8.4707e-05
8.47074e-05
8.47077e-05
8.47081e-05
8.47084e-05
8.47087e-05
8.47091e-05
8.47094e-05
8.47097e-05
8.47101e-05
8.47104e-05
8.47107e-05
8.4711e-05
8.47113e-05
8.47116e-05
8.47119e-05
8.47122e-05
8.47125e-05
8.47128e-05
8.47131e-05
8.47133e-05
8.47136e-05
8.47139e-05
8.47141e-05
8.47144e-05
8.47146e-05
8.47148e-05
8.4715e-05
8.47152e-05
8.47154e-05
8.47156e-05
8.47158e-05
8.4716e-05
8.47162e-05
8.47163e-05
8.47165e-05
8.47166e-05
8.47167e-05
8.47169e-05
8.4717e-05
8.47171e-05
8.47172e-05
8.47173e-05
8.47173e-05
8.47174e-05
8.47175e-05
8.47175e-05
8.47176e-05
8.47176e-05
8.47176e-05
8.47176e-05
8.47026e-05
8.47026e-05
8.47026e-05
8.47026e-05
8.47025e-05
8.47025e-05
8.47024e-05
8.47023e-05
8.47022e-05
8.47022e-05
8.4702e-05
8.47019e-05
8.47018e-05
8.47017e-05
8.47015e-05
8.47014e-05
8.47012e-05
8.4701e-05
8.47008e-05
8.47007e-05
8.47005e-05
8.47002e-05
8.47e-05
8.46998e-05
8.46995e-05
8.46993e-05
8.4699e-05
8.46988e-05
8.46985e-05
8.46982e-05
8.46979e-05
8.46976e-05
8.46973e-05
8.4697e-05
8.46967e-05
8.46964e-05
8.46961e-05
8.46957e-05
8.46954e-05
8.4695e-05
8.46947e-05
8.46943e-05
8.4694e-05
8.46936e-05
8.46932e-05
8.46929e-05
8.46925e-05
8.46921e-05
8.46917e-05
8.46913e-05
8.4691e-05
8.46906e-05
8.46902e-05
8.46898e-05
8.46894e-05
8.4689e-05
8.46886e-05
8.46883e-05
8.46879e-05
8.46875e-05
8.46871e-05
8.46867e-05
8.46864e-05
8.4686e-05
8.46856e-05
8.46853e-05
8.46849e-05
8.46846e-05
8.46843e-05
8.4684e-05
8.46836e-05
8.46833e-05
8.46831e-05
8.46828e-05
8.46825e-05
8.46823e-05
8.4682e-05
8.46818e-05
8.46816e-05
8.46814e-05
8.46813e-05
8.46811e-05
8.4681e-05
8.46809e-05
8.46808e-05
8.46803e-05
8.46785e-05
8.4671e-05
8.46412e-05
8.45338e-05
8.4183e-05
8.31582e-05
8.05084e-05
7.44491e-05
6.17149e-05
4.29979e-05
3.92077e-05
4.10562e-05
4.33662e-05
4.47583e-05
4.4766e-05
4.33878e-05
4.10839e-05
3.92152e-05
4.28458e-05
6.14758e-05
7.43336e-05
8.04563e-05
8.31367e-05
8.41748e-05
8.45306e-05
8.46397e-05
8.46699e-05
8.46775e-05
8.46793e-05
8.46797e-05
8.46798e-05
8.46799e-05
8.46799e-05
8.468e-05
8.46801e-05
8.46803e-05
8.46804e-05
8.46806e-05
8.46808e-05
8.4681e-05
8.46812e-05
8.46814e-05
8.46816e-05
8.46819e-05
8.46822e-05
8.46824e-05
8.46827e-05
8.4683e-05
8.46833e-05
8.46836e-05
8.46839e-05
8.46843e-05
8.46846e-05
8.46849e-05
8.46853e-05
8.46856e-05
8.46859e-05
8.46863e-05
8.46866e-05
8.4687e-05
8.46873e-05
8.46877e-05
8.4688e-05
8.46884e-05
8.46887e-05
8.46891e-05
8.46894e-05
8.46898e-05
8.46901e-05
8.46904e-05
8.46908e-05
8.46911e-05
8.46914e-05
8.46918e-05
8.46921e-05
8.46924e-05
8.46927e-05
8.4693e-05
8.46933e-05
8.46936e-05
8.46939e-05
8.46942e-05
8.46945e-05
8.46947e-05
8.4695e-05
8.46953e-05
8.46955e-05
8.46958e-05
8.4696e-05
8.46962e-05
8.46964e-05
8.46967e-05
8.46969e-05
8.46971e-05
8.46972e-05
8.46974e-05
8.46976e-05
8.46978e-05
8.46979e-05
8.4698e-05
8.46982e-05
8.46983e-05
8.46984e-05
8.46985e-05
8.46986e-05
8.46987e-05
8.46988e-05
8.46989e-05
8.46989e-05
8.4699e-05
8.4699e-05
8.4699e-05
8.46991e-05
8.46991e-05
8.46849e-05
8.46848e-05
8.46848e-05
8.46848e-05
8.46847e-05
8.46847e-05
8.46846e-05
8.46846e-05
8.46845e-05
8.46844e-05
8.46843e-05
8.46841e-05
8.4684e-05
8.46839e-05
8.46837e-05
8.46836e-05
8.46834e-05
8.46832e-05
8.4683e-05
8.46829e-05
8.46826e-05
8.46824e-05
8.46822e-05
8.4682e-05
8.46817e-05
8.46815e-05
8.46812e-05
8.46809e-05
8.46807e-05
8.46804e-05
8.46801e-05
8.46798e-05
8.46795e-05
8.46792e-05
8.46789e-05
8.46785e-05
8.46782e-05
8.46779e-05
8.46775e-05
8.46772e-05
8.46768e-05
8.46764e-05
8.46761e-05
8.46757e-05
8.46753e-05
8.4675e-05
8.46746e-05
8.46742e-05
8.46738e-05
8.46734e-05
8.4673e-05
8.46727e-05
8.46723e-05
8.46719e-05
8.46715e-05
8.46711e-05
8.46707e-05
8.46703e-05
8.46699e-05
8.46696e-05
8.46692e-05
8.46688e-05
8.46684e-05
8.46681e-05
8.46677e-05
8.46674e-05
8.4667e-05
8.46667e-05
8.46664e-05
8.46661e-05
8.46658e-05
8.46655e-05
8.46652e-05
8.46649e-05
8.46647e-05
8.46644e-05
8.46642e-05
8.4664e-05
8.46638e-05
8.46636e-05
8.46635e-05
8.46633e-05
8.46632e-05
8.46631e-05
8.4663e-05
8.46625e-05
8.46608e-05
8.46532e-05
8.46235e-05
8.45161e-05
8.41656e-05
8.31415e-05
8.04935e-05
7.44365e-05
6.1698e-05
4.29638e-05
3.91874e-05
4.1042e-05
4.33552e-05
4.47489e-05
4.47566e-05
4.3377e-05
4.10699e-05
3.91951e-05
4.28109e-05
6.14573e-05
7.43204e-05
8.0441e-05
8.31199e-05
8.41573e-05
8.45129e-05
8.46219e-05
8.46521e-05
8.46597e-05
8.46615e-05
8.46619e-05
8.4662e-05
8.4662e-05
8.46621e-05
8.46622e-05
8.46623e-05
8.46624e-05
8.46625e-05
8.46627e-05
8.46629e-05
8.46631e-05
8.46633e-05
8.46635e-05
8.46637e-05
8.4664e-05
8.46642e-05
8.46645e-05
8.46648e-05
8.46651e-05
8.46654e-05
8.46657e-05
8.4666e-05
8.46663e-05
8.46666e-05
8.4667e-05
8.46673e-05
8.46676e-05
8.4668e-05
8.46683e-05
8.46687e-05
8.4669e-05
8.46694e-05
8.46697e-05
8.46701e-05
8.46704e-05
8.46708e-05
8.46711e-05
8.46715e-05
8.46718e-05
8.46722e-05
8.46725e-05
8.46728e-05
8.46732e-05
8.46735e-05
8.46738e-05
8.46742e-05
8.46745e-05
8.46748e-05
8.46751e-05
8.46754e-05
8.46757e-05
8.4676e-05
8.46763e-05
8.46766e-05
8.46769e-05
8.46771e-05
8.46774e-05
8.46776e-05
8.46779e-05
8.46781e-05
8.46784e-05
8.46786e-05
8.46788e-05
8.4679e-05
8.46792e-05
8.46794e-05
8.46796e-05
8.46798e-05
8.46799e-05
8.46801e-05
8.46802e-05
8.46804e-05
8.46805e-05
8.46806e-05
8.46807e-05
8.46808e-05
8.46809e-05
8.4681e-05
8.4681e-05
8.46811e-05
8.46811e-05
8.46812e-05
8.46812e-05
8.46812e-05
8.46812e-05
8.46697e-05
8.46697e-05
8.46697e-05
8.46697e-05
8.46696e-05
8.46696e-05
8.46695e-05
8.46694e-05
8.46694e-05
8.46693e-05
8.46691e-05
8.4669e-05
8.46689e-05
8.46687e-05
8.46686e-05
8.46684e-05
8.46683e-05
8.46681e-05
8.46679e-05
8.46677e-05
8.46675e-05
8.46672e-05
8.4667e-05
8.46668e-05
8.46665e-05
8.46663e-05
8.4666e-05
8.46657e-05
8.46654e-05
8.46651e-05
8.46648e-05
8.46645e-05
8.46642e-05
8.46639e-05
8.46636e-05
8.46632e-05
8.46629e-05
8.46625e-05
8.46622e-05
8.46618e-05
8.46615e-05
8.46611e-05
8.46607e-05
8.46603e-05
8.466e-05
8.46596e-05
8.46592e-05
8.46588e-05
8.46584e-05
8.4658e-05
8.46576e-05
8.46572e-05
8.46568e-05
8.46564e-05
8.4656e-05
8.46556e-05
8.46552e-05
8.46548e-05
8.46545e-05
8.46541e-05
8.46537e-05
8.46533e-05
8.4653e-05
8.46526e-05
8.46522e-05
8.46519e-05
8.46515e-05
8.46512e-05
8.46509e-05
8.46506e-05
8.46503e-05
8.465e-05
8.46497e-05
8.46494e-05
8.46492e-05
8.46489e-05
8.46487e-05
8.46485e-05
8.46483e-05
8.46482e-05
8.4648e-05
8.46479e-05
8.46478e-05
8.46477e-05
8.46475e-05
8.46471e-05
8.46453e-05
8.46378e-05
8.46081e-05
8.45008e-05
8.41508e-05
8.3128e-05
8.04833e-05
7.44319e-05
6.16952e-05
4.29377e-05
3.91668e-05
4.10267e-05
4.33434e-05
4.47388e-05
4.47466e-05
4.33653e-05
4.10548e-05
3.91746e-05
4.27837e-05
6.14532e-05
7.43151e-05
8.04305e-05
8.31063e-05
8.41425e-05
8.44976e-05
8.46065e-05
8.46367e-05
8.46443e-05
8.46461e-05
8.46464e-05
8.46465e-05
8.46466e-05
8.46466e-05
8.46467e-05
8.46468e-05
8.46469e-05
8.46471e-05
8.46472e-05
8.46474e-05
8.46476e-05
8.46478e-05
8.4648e-05
8.46482e-05
8.46485e-05
8.46487e-05
8.4649e-05
8.46493e-05
8.46495e-05
8.46498e-05
8.46501e-05
8.46505e-05
8.46508e-05
8.46511e-05
8.46514e-05
8.46518e-05
8.46521e-05
8.46524e-05
8.46528e-05
8.46531e-05
8.46535e-05
8.46539e-05
8.46542e-05
8.46546e-05
8.46549e-05
8.46553e-05
8.46556e-05
8.4656e-05
8.46564e-05
8.46567e-05
8.46571e-05
8.46574e-05
8.46577e-05
8.46581e-05
8.46584e-05
8.46588e-05
8.46591e-05
8.46594e-05
8.46597e-05
8.466e-05
8.46604e-05
8.46607e-05
8.4661e-05
8.46612e-05
8.46615e-05
8.46618e-05
8.46621e-05
8.46623e-05
8.46626e-05
8.46628e-05
8.46631e-05
8.46633e-05
8.46635e-05
8.46637e-05
8.46639e-05
8.46641e-05
8.46643e-05
8.46645e-05
8.46647e-05
8.46648e-05
8.4665e-05
8.46651e-05
8.46653e-05
8.46654e-05
8.46655e-05
8.46656e-05
8.46657e-05
8.46658e-05
8.46658e-05
8.46659e-05
8.4666e-05
8.4666e-05
8.4666e-05
8.4666e-05
8.46661e-05
8.46634e-05
8.46634e-05
8.46634e-05
8.46633e-05
8.46633e-05
8.46632e-05
8.46632e-05
8.46631e-05
8.4663e-05
8.46629e-05
8.46628e-05
8.46626e-05
8.46625e-05
8.46623e-05
8.46622e-05
8.4662e-05
8.46618e-05
8.46616e-05
8.46614e-05
8.46612e-05
8.4661e-05
8.46607e-05
8.46605e-05
8.46602e-05
8.46599e-05
8.46597e-05
8.46594e-05
8.46591e-05
8.46588e-05
8.46585e-05
8.46581e-05
8.46578e-05
8.46575e-05
8.46571e-05
8.46568e-05
8.46564e-05
8.4656e-05
8.46557e-05
8.46553e-05
8.46549e-05
8.46545e-05
8.46541e-05
8.46537e-05
8.46533e-05
8.46529e-05
8.46525e-05
8.46521e-05
8.46517e-05
8.46512e-05
8.46508e-05
8.46504e-05
8.465e-05
8.46496e-05
8.46491e-05
8.46487e-05
8.46483e-05
8.46479e-05
8.46475e-05
8.46471e-05
8.46467e-05
8.46463e-05
8.46459e-05
8.46455e-05
8.46451e-05
8.46448e-05
8.46444e-05
8.46441e-05
8.46437e-05
8.46434e-05
8.46431e-05
8.46428e-05
8.46425e-05
8.46422e-05
8.46419e-05
8.46417e-05
8.46414e-05
8.46412e-05
8.4641e-05
8.46408e-05
8.46407e-05
8.46405e-05
8.46404e-05
8.46403e-05
8.46402e-05
8.464e-05
8.46396e-05
8.46378e-05
8.46303e-05
8.46006e-05
8.44935e-05
8.41441e-05
8.31232e-05
8.04832e-05
7.44412e-05
6.17144e-05
4.29231e-05
3.91455e-05
4.10096e-05
4.33303e-05
4.47278e-05
4.47357e-05
4.33523e-05
4.10379e-05
3.91534e-05
4.27678e-05
6.14711e-05
7.43239e-05
8.04301e-05
8.31013e-05
8.41357e-05
8.44902e-05
8.4599e-05
8.46291e-05
8.46367e-05
8.46385e-05
8.46389e-05
8.4639e-05
8.4639e-05
8.46391e-05
8.46391e-05
8.46392e-05
8.46393e-05
8.46395e-05
8.46396e-05
8.46398e-05
8.464e-05
8.46402e-05
8.46404e-05
8.46406e-05
8.46409e-05
8.46411e-05
8.46414e-05
8.46417e-05
8.4642e-05
8.46423e-05
8.46426e-05
8.46429e-05
8.46432e-05
8.46436e-05
8.46439e-05
8.46443e-05
8.46446e-05
8.4645e-05
8.46453e-05
8.46457e-05
8.46461e-05
8.46465e-05
8.46468e-05
8.46472e-05
8.46476e-05
8.4648e-05
8.46483e-05
8.46487e-05
8.46491e-05
8.46495e-05
8.46499e-05
8.46502e-05
8.46506e-05
8.4651e-05
8.46513e-05
8.46517e-05
8.4652e-05
8.46524e-05
8.46527e-05
8.46531e-05
8.46534e-05
8.46537e-05
8.4654e-05
8.46543e-05
8.46547e-05
8.46549e-05
8.46552e-05
8.46555e-05
8.46558e-05
8.46561e-05
8.46563e-05
8.46566e-05
8.46568e-05
8.4657e-05
8.46573e-05
8.46575e-05
8.46577e-05
8.46579e-05
8.4658e-05
8.46582e-05
8.46584e-05
8.46585e-05
8.46587e-05
8.46588e-05
8.46589e-05
8.4659e-05
8.46591e-05
8.46592e-05
8.46593e-05
8.46594e-05
8.46594e-05
8.46595e-05
8.46595e-05
8.46595e-05
8.46595e-05
8.46834e-05
8.46834e-05
8.46834e-05
8.46833e-05
8.46833e-05
8.46832e-05
8.46831e-05
8.4683e-05
8.46829e-05
8.46828e-05
8.46826e-05
8.46825e-05
8.46823e-05
8.46821e-05
8.46819e-05
8.46817e-05
8.46815e-05
8.46813e-05
8.4681e-05
8.46808e-05
8.46805e-05
8.46802e-05
8.46799e-05
8.46796e-05
8.46793e-05
8.4679e-05
8.46786e-05
8.46783e-05
8.46779e-05
8.46775e-05
8.46771e-05
8.46767e-05
8.46763e-05
8.46759e-05
8.46755e-05
8.46751e-05
8.46746e-05
8.46742e-05
8.46738e-05
8.46733e-05
8.46728e-05
8.46724e-05
8.46719e-05
8.46714e-05
8.46709e-05
8.46705e-05
8.467e-05
8.46695e-05
8.4669e-05
8.46685e-05
8.4668e-05
8.46675e-05
8.4667e-05
8.46666e-05
8.46661e-05
8.46656e-05
8.46651e-05
8.46647e-05
8.46642e-05
8.46637e-05
8.46633e-05
8.46628e-05
8.46624e-05
8.4662e-05
8.46616e-05
8.46612e-05
8.46608e-05
8.46604e-05
8.46601e-05
8.46597e-05
8.46594e-05
8.46591e-05
8.46588e-05
8.46585e-05
8.46582e-05
8.4658e-05
8.46577e-05
8.46575e-05
8.46573e-05
8.46572e-05
8.4657e-05
8.46569e-05
8.46568e-05
8.46567e-05
8.46565e-05
8.46561e-05
8.46543e-05
8.46467e-05
8.4617e-05
8.45101e-05
8.41612e-05
8.31423e-05
8.05078e-05
7.44785e-05
6.17707e-05
4.29267e-05
3.91232e-05
4.09899e-05
4.33151e-05
4.47154e-05
4.47232e-05
4.33373e-05
4.10184e-05
3.91312e-05
4.27695e-05
6.15262e-05
7.43608e-05
8.04545e-05
8.31202e-05
8.41526e-05
8.45066e-05
8.46153e-05
8.46454e-05
8.46531e-05
8.46548e-05
8.46552e-05
8.46553e-05
8.46554e-05
8.46554e-05
8.46555e-05
8.46556e-05
8.46557e-05
8.46558e-05
8.4656e-05
8.46561e-05
8.46563e-05
8.46565e-05
8.46568e-05
8.4657e-05
8.46573e-05
8.46575e-05
8.46578e-05
8.46581e-05
8.46584e-05
8.46588e-05
8.46591e-05
8.46595e-05
8.46598e-05
8.46602e-05
8.46606e-05
8.4661e-05
8.46614e-05
8.46618e-05
8.46622e-05
8.46627e-05
8.46631e-05
8.46635e-05
8.4664e-05
8.46644e-05
8.46649e-05
8.46653e-05
8.46657e-05
8.46662e-05
8.46666e-05
8.46671e-05
8.46675e-05
8.4668e-05
8.46684e-05
8.46688e-05
8.46693e-05
8.46697e-05
8.46701e-05
8.46705e-05
8.46709e-05
8.46713e-05
8.46717e-05
8.46721e-05
8.46725e-05
8.46729e-05
8.46732e-05
8.46736e-05
8.46739e-05
8.46743e-05
8.46746e-05
8.46749e-05
8.46752e-05
8.46755e-05
8.46758e-05
8.46761e-05
8.46763e-05
8.46766e-05
8.46768e-05
8.46771e-05
8.46773e-05
8.46775e-05
8.46777e-05
8.46779e-05
8.4678e-05
8.46782e-05
8.46783e-05
8.46785e-05
8.46786e-05
8.46787e-05
8.46788e-05
8.46788e-05
8.46789e-05
8.4679e-05
8.4679e-05
8.4679e-05
8.4679e-05
8.47742e-05
8.47742e-05
8.47742e-05
8.47741e-05
8.4774e-05
8.47739e-05
8.47738e-05
8.47737e-05
8.47735e-05
8.47733e-05
8.47731e-05
8.47729e-05
8.47727e-05
8.47724e-05
8.47722e-05
8.47719e-05
8.47716e-05
8.47712e-05
8.47709e-05
8.47705e-05
8.47701e-05
8.47697e-05
8.47693e-05
8.47689e-05
8.47684e-05
8.4768e-05
8.47675e-05
8.4767e-05
8.47665e-05
8.4766e-05
8.47654e-05
8.47649e-05
8.47643e-05
8.47637e-05
8.47631e-05
8.47625e-05
8.47619e-05
8.47613e-05
8.47607e-05
8.476e-05
8.47594e-05
8.47587e-05
8.47581e-05
8.47574e-05
8.47568e-05
8.47561e-05
8.47554e-05
8.47547e-05
8.47541e-05
8.47534e-05
8.47527e-05
8.4752e-05
8.47514e-05
8.47507e-05
8.47501e-05
8.47494e-05
8.47488e-05
8.47481e-05
8.47475e-05
8.47469e-05
8.47463e-05
8.47458e-05
8.47452e-05
8.47446e-05
8.47441e-05
8.47436e-05
8.47431e-05
8.47426e-05
8.47422e-05
8.47418e-05
8.47413e-05
8.4741e-05
8.47406e-05
8.47402e-05
8.47399e-05
8.47396e-05
8.47394e-05
8.47391e-05
8.47389e-05
8.47387e-05
8.47385e-05
8.47384e-05
8.47382e-05
8.47381e-05
8.47379e-05
8.47374e-05
8.47356e-05
8.4728e-05
8.46982e-05
8.45912e-05
8.42423e-05
8.32243e-05
8.05937e-05
7.45765e-05
6.18952e-05
4.29601e-05
3.90996e-05
4.09659e-05
4.32966e-05
4.47005e-05
4.47084e-05
4.33189e-05
4.09946e-05
3.91075e-05
4.27999e-05
6.16495e-05
7.44587e-05
8.05401e-05
8.3202e-05
8.42335e-05
8.45875e-05
8.46962e-05
8.47264e-05
8.47341e-05
8.47359e-05
8.47363e-05
8.47364e-05
8.47365e-05
8.47365e-05
8.47366e-05
8.47367e-05
8.47368e-05
8.4737e-05
8.47372e-05
8.47374e-05
8.47376e-05
8.47378e-05
8.47381e-05
8.47384e-05
8.47387e-05
8.4739e-05
8.47394e-05
8.47398e-05
8.47402e-05
8.47406e-05
8.4741e-05
8.47415e-05
8.4742e-05
8.47425e-05
8.4743e-05
8.47435e-05
8.47441e-05
8.47446e-05
8.47452e-05
8.47457e-05
8.47463e-05
8.47469e-05
8.47475e-05
8.47481e-05
8.47487e-05
8.47494e-05
8.475e-05
8.47506e-05
8.47512e-05
8.47518e-05
8.47525e-05
8.47531e-05
8.47537e-05
8.47543e-05
8.47549e-05
8.47555e-05
8.47561e-05
8.47567e-05
8.47572e-05
8.47578e-05
8.47584e-05
8.47589e-05
8.47595e-05
8.476e-05
8.47605e-05
8.4761e-05
8.47615e-05
8.4762e-05
8.47624e-05
8.47629e-05
8.47633e-05
8.47637e-05
8.47641e-05
8.47645e-05
8.47649e-05
8.47653e-05
8.47656e-05
8.47659e-05
8.47662e-05
8.47665e-05
8.47668e-05
8.47671e-05
8.47673e-05
8.47675e-05
8.47677e-05
8.47679e-05
8.47681e-05
8.47682e-05
8.47683e-05
8.47685e-05
8.47685e-05
8.47686e-05
8.47687e-05
8.47687e-05
8.47687e-05
8.50328e-05
8.50327e-05
8.50327e-05
8.50326e-05
8.50324e-05
8.50323e-05
8.50321e-05
8.50319e-05
8.50316e-05
8.50313e-05
8.5031e-05
8.50306e-05
8.50303e-05
8.50298e-05
8.50294e-05
8.50289e-05
8.50284e-05
8.50279e-05
8.50273e-05
8.50267e-05
8.50261e-05
8.50254e-05
8.50247e-05
8.5024e-05
8.50233e-05
8.50225e-05
8.50217e-05
8.50209e-05
8.50201e-05
8.50192e-05
8.50183e-05
8.50174e-05
8.50165e-05
8.50155e-05
8.50145e-05
8.50135e-05
8.50125e-05
8.50115e-05
8.50105e-05
8.50094e-05
8.50084e-05
8.50073e-05
8.50062e-05
8.50051e-05
8.5004e-05
8.50029e-05
8.50018e-05
8.50007e-05
8.49996e-05
8.49985e-05
8.49974e-05
8.49963e-05
8.49952e-05
8.49941e-05
8.49931e-05
8.4992e-05
8.4991e-05
8.499e-05
8.4989e-05
8.49881e-05
8.49871e-05
8.49862e-05
8.49854e-05
8.49845e-05
8.49837e-05
8.49829e-05
8.49822e-05
8.49814e-05
8.49808e-05
8.49801e-05
8.49795e-05
8.49789e-05
8.49784e-05
8.49779e-05
8.49775e-05
8.49771e-05
8.49767e-05
8.49763e-05
8.4976e-05
8.49757e-05
8.49755e-05
8.49753e-05
8.49751e-05
8.49749e-05
8.49747e-05
8.49741e-05
8.49722e-05
8.49645e-05
8.49344e-05
8.48268e-05
8.44764e-05
8.34554e-05
8.08211e-05
7.48061e-05
6.21497e-05
4.30443e-05
3.90739e-05
4.09353e-05
4.32729e-05
4.46816e-05
4.46896e-05
4.32954e-05
4.09643e-05
3.90815e-05
4.28796e-05
6.19027e-05
7.4688e-05
8.07669e-05
8.34326e-05
8.44672e-05
8.48226e-05
8.4932e-05
8.49624e-05
8.49702e-05
8.4972e-05
8.49724e-05
8.49726e-05
8.49726e-05
8.49727e-05
8.49728e-05
8.4973e-05
8.49731e-05
8.49733e-05
8.49736e-05
8.49738e-05
8.49742e-05
8.49745e-05
8.49749e-05
8.49753e-05
8.49758e-05
8.49763e-05
8.49768e-05
8.49774e-05
8.4978e-05
8.49787e-05
8.49793e-05
8.49801e-05
8.49808e-05
8.49816e-05
8.49824e-05
8.49832e-05
8.49841e-05
8.4985e-05
8.49859e-05
8.49868e-05
8.49878e-05
8.49888e-05
8.49897e-05
8.49907e-05
8.49917e-05
8.49928e-05
8.49938e-05
8.49948e-05
8.49958e-05
8.49969e-05
8.49979e-05
8.49989e-05
8.49999e-05
8.50009e-05
8.50019e-05
8.50029e-05
8.50039e-05
8.50049e-05
8.50059e-05
8.50068e-05
8.50077e-05
8.50087e-05
8.50096e-05
8.50104e-05
8.50113e-05
8.50121e-05
8.50129e-05
8.50137e-05
8.50145e-05
8.50153e-05
8.5016e-05
8.50167e-05
8.50174e-05
8.5018e-05
8.50186e-05
8.50192e-05
8.50198e-05
8.50203e-05
8.50208e-05
8.50213e-05
8.50218e-05
8.50222e-05
8.50226e-05
8.50229e-05
8.50233e-05
8.50236e-05
8.50238e-05
8.50241e-05
8.50243e-05
8.50245e-05
8.50246e-05
8.50248e-05
8.50249e-05
8.50249e-05
8.50249e-05
8.56335e-05
8.56335e-05
8.56334e-05
8.56332e-05
8.5633e-05
8.56327e-05
8.56324e-05
8.5632e-05
8.56315e-05
8.5631e-05
8.56304e-05
8.56298e-05
8.56292e-05
8.56284e-05
8.56276e-05
8.56268e-05
8.56259e-05
8.5625e-05
8.5624e-05
8.56229e-05
8.56218e-05
8.56207e-05
8.56195e-05
8.56182e-05
8.5617e-05
8.56156e-05
8.56142e-05
8.56128e-05
8.56113e-05
8.56098e-05
8.56082e-05
8.56066e-05
8.5605e-05
8.56033e-05
8.56016e-05
8.55998e-05
8.5598e-05
8.55962e-05
8.55944e-05
8.55925e-05
8.55906e-05
8.55887e-05
8.55868e-05
8.55849e-05
8.55829e-05
8.5581e-05
8.5579e-05
8.55771e-05
8.55751e-05
8.55732e-05
8.55713e-05
8.55694e-05
8.55675e-05
8.55656e-05
8.55637e-05
8.55619e-05
8.55601e-05
8.55584e-05
8.55566e-05
8.5555e-05
8.55533e-05
8.55518e-05
8.55502e-05
8.55488e-05
8.55474e-05
8.5546e-05
8.55448e-05
8.55435e-05
8.55424e-05
8.55413e-05
8.55403e-05
8.55393e-05
8.55385e-05
8.55377e-05
8.55369e-05
8.55362e-05
8.55356e-05
8.55351e-05
8.55346e-05
8.55341e-05
8.55337e-05
8.55334e-05
8.55331e-05
8.55328e-05
8.55324e-05
8.55318e-05
8.55298e-05
8.55218e-05
8.54913e-05
8.53821e-05
8.50273e-05
8.39951e-05
8.1339e-05
7.52989e-05
6.26466e-05
4.32181e-05
3.90453e-05
4.08943e-05
4.32407e-05
4.46563e-05
4.46643e-05
4.32634e-05
4.09235e-05
3.90523e-05
4.30459e-05
6.23986e-05
7.51801e-05
8.12841e-05
8.39715e-05
8.50172e-05
8.53771e-05
8.54879e-05
8.55188e-05
8.55267e-05
8.55286e-05
8.55291e-05
8.55292e-05
8.55294e-05
8.55295e-05
8.55297e-05
8.55299e-05
8.55302e-05
8.55305e-05
8.55309e-05
8.55314e-05
8.55319e-05
8.55324e-05
8.55331e-05
8.55338e-05
8.55346e-05
8.55354e-05
8.55364e-05
8.55374e-05
8.55384e-05
8.55395e-05
8.55407e-05
8.5542e-05
8.55433e-05
8.55447e-05
8.55461e-05
8.55476e-05
8.55491e-05
8.55507e-05
8.55523e-05
8.55539e-05
8.55556e-05
8.55573e-05
8.55591e-05
8.55608e-05
8.55626e-05
8.55644e-05
8.55662e-05
8.55681e-05
8.55699e-05
8.55717e-05
8.55736e-05
8.55754e-05
8.55772e-05
8.5579e-05
8.55808e-05
8.55826e-05
8.55844e-05
8.55861e-05
8.55878e-05
8.55895e-05
8.55912e-05
8.55928e-05
8.55944e-05
8.55959e-05
8.55975e-05
8.55989e-05
8.56004e-05
8.56018e-05
8.56032e-05
8.56045e-05
8.56058e-05
8.5607e-05
8.56082e-05
8.56093e-05
8.56104e-05
8.56115e-05
8.56125e-05
8.56134e-05
8.56143e-05
8.56152e-05
8.5616e-05
8.56167e-05
8.56174e-05
8.5618e-05
8.56186e-05
8.56192e-05
8.56196e-05
8.56201e-05
8.56204e-05
8.56208e-05
8.5621e-05
8.56213e-05
8.56214e-05
8.56215e-05
8.56216e-05
8.68184e-05
8.68183e-05
8.68181e-05
8.68178e-05
8.68174e-05
8.6817e-05
8.68164e-05
8.68158e-05
8.6815e-05
8.68142e-05
8.68132e-05
8.68122e-05
8.68111e-05
8.68099e-05
8.68086e-05
8.68072e-05
8.68057e-05
8.68041e-05
8.68024e-05
8.68007e-05
8.67989e-05
8.67969e-05
8.67949e-05
8.67928e-05
8.67907e-05
8.67884e-05
8.67861e-05
8.67836e-05
8.67812e-05
8.67786e-05
8.6776e-05
8.67733e-05
8.67705e-05
8.67676e-05
8.67647e-05
8.67618e-05
8.67588e-05
8.67557e-05
8.67526e-05
8.67495e-05
8.67463e-05
8.67431e-05
8.67398e-05
8.67365e-05
8.67332e-05
8.67299e-05
8.67266e-05
8.67233e-05
8.672e-05
8.67167e-05
8.67134e-05
8.67102e-05
8.67069e-05
8.67037e-05
8.67006e-05
8.66975e-05
8.66944e-05
8.66914e-05
8.66885e-05
8.66857e-05
8.66829e-05
8.66802e-05
8.66777e-05
8.66752e-05
8.66728e-05
8.66705e-05
8.66683e-05
8.66663e-05
8.66643e-05
8.66625e-05
8.66608e-05
8.66592e-05
8.66577e-05
8.66563e-05
8.6655e-05
8.66539e-05
8.66529e-05
8.66519e-05
8.66511e-05
8.66504e-05
8.66497e-05
8.66491e-05
8.66486e-05
8.66482e-05
8.66477e-05
8.6647e-05
8.66448e-05
8.66367e-05
8.66054e-05
8.64933e-05
8.61296e-05
8.50734e-05
8.23658e-05
7.62514e-05
6.35582e-05
4.35481e-05
3.90133e-05
4.08378e-05
4.3196e-05
4.46211e-05
4.46292e-05
4.32188e-05
4.0867e-05
3.90193e-05
4.33632e-05
6.33095e-05
7.61316e-05
8.23096e-05
8.50485e-05
8.61184e-05
8.64872e-05
8.66007e-05
8.66323e-05
8.66403e-05
8.66422e-05
8.66427e-05
8.66429e-05
8.66431e-05
8.66433e-05
8.66436e-05
8.6644e-05
8.66445e-05
8.66451e-05
8.66458e-05
8.66466e-05
8.66474e-05
8.66485e-05
8.66496e-05
8.66508e-05
8.66522e-05
8.66536e-05
8.66552e-05
8.66569e-05
8.66588e-05
8.66607e-05
8.66627e-05
8.66649e-05
8.66672e-05
8.66695e-05
8.6672e-05
8.66745e-05
8.66771e-05
8.66798e-05
8.66826e-05
8.66854e-05
8.66883e-05
8.66913e-05
8.66943e-05
8.66973e-05
8.67004e-05
8.67034e-05
8.67066e-05
8.67097e-05
8.67128e-05
8.6716e-05
8.67191e-05
8.67222e-05
8.67253e-05
8.67284e-05
8.67315e-05
8.67345e-05
8.67375e-05
8.67404e-05
8.67434e-05
8.67462e-05
8.6749e-05
8.67518e-05
8.67545e-05
8.67572e-05
8.67598e-05
8.67623e-05
8.67647e-05
8.67671e-05
8.67694e-05
8.67717e-05
8.67738e-05
8.67759e-05
8.67779e-05
8.67798e-05
8.67817e-05
8.67834e-05
8.67851e-05
8.67867e-05
8.67882e-05
8.67896e-05
8.6791e-05
8.67922e-05
8.67934e-05
8.67945e-05
8.67954e-05
8.67963e-05
8.67972e-05
8.67979e-05
8.67985e-05
8.6799e-05
8.67995e-05
8.67999e-05
8.68001e-05
8.68003e-05
8.68004e-05
8.88033e-05
8.88031e-05
8.88028e-05
8.88024e-05
8.88019e-05
8.88012e-05
8.88003e-05
8.87994e-05
8.87983e-05
8.8797e-05
8.87956e-05
8.87941e-05
8.87924e-05
8.87906e-05
8.87887e-05
8.87866e-05
8.87844e-05
8.87821e-05
8.87796e-05
8.8777e-05
8.87743e-05
8.87714e-05
8.87684e-05
8.87653e-05
8.8762e-05
8.87587e-05
8.87552e-05
8.87516e-05
8.87479e-05
8.8744e-05
8.87401e-05
8.8736e-05
8.87319e-05
8.87276e-05
8.87233e-05
8.87189e-05
8.87144e-05
8.87098e-05
8.87051e-05
8.87003e-05
8.86955e-05
8.86907e-05
8.86858e-05
8.86808e-05
8.86759e-05
8.86709e-05
8.86659e-05
8.86608e-05
8.86558e-05
8.86508e-05
8.86458e-05
8.86409e-05
8.86359e-05
8.86311e-05
8.86263e-05
8.86215e-05
8.86169e-05
8.86123e-05
8.86079e-05
8.86035e-05
8.85993e-05
8.85952e-05
8.85912e-05
8.85874e-05
8.85837e-05
8.85802e-05
8.85769e-05
8.85737e-05
8.85707e-05
8.85678e-05
8.85652e-05
8.85627e-05
8.85604e-05
8.85583e-05
8.85563e-05
8.85545e-05
8.85529e-05
8.85515e-05
8.85502e-05
8.8549e-05
8.8548e-05
8.85471e-05
8.85464e-05
8.85458e-05
8.85452e-05
8.85444e-05
8.85422e-05
8.85338e-05
8.85015e-05
8.83853e-05
8.80076e-05
8.69122e-05
8.41165e-05
7.78651e-05
6.50773e-05
4.41408e-05
3.8979e-05
4.07599e-05
4.31339e-05
4.45726e-05
4.45807e-05
4.31568e-05
4.07892e-05
3.8983e-05
4.39344e-05
6.48285e-05
7.7744e-05
8.40586e-05
8.68859e-05
8.79951e-05
8.83778e-05
8.84954e-05
8.85279e-05
8.8536e-05
8.85379e-05
8.85383e-05
8.85385e-05
8.85388e-05
8.85392e-05
8.85397e-05
8.85403e-05
8.85411e-05
8.8542e-05
8.85431e-05
8.85444e-05
8.85458e-05
8.85474e-05
8.85492e-05
8.85512e-05
8.85533e-05
8.85556e-05
8.85581e-05
8.85608e-05
8.85636e-05
8.85667e-05
8.85699e-05
8.85732e-05
8.85767e-05
8.85804e-05
8.85841e-05
8.85881e-05
8.85921e-05
8.85963e-05
8.86005e-05
8.86049e-05
8.86093e-05
8.86138e-05
8.86184e-05
8.86231e-05
8.86278e-05
8.86325e-05
8.86372e-05
8.8642e-05
8.86468e-05
8.86515e-05
8.86563e-05
8.8661e-05
8.86658e-05
8.86704e-05
8.86751e-05
8.86797e-05
8.86842e-05
8.86887e-05
8.86931e-05
8.86974e-05
8.87017e-05
8.87058e-05
8.87099e-05
8.87139e-05
8.87178e-05
8.87216e-05
8.87253e-05
8.87288e-05
8.87323e-05
8.87356e-05
8.87389e-05
8.8742e-05
8.8745e-05
8.87479e-05
8.87506e-05
8.87533e-05
8.87558e-05
8.87582e-05
8.87604e-05
8.87625e-05
8.87645e-05
8.87664e-05
8.87681e-05
8.87697e-05
8.87712e-05
8.87725e-05
8.87737e-05
8.87748e-05
8.87758e-05
8.87766e-05
8.87772e-05
8.87778e-05
8.87782e-05
8.87784e-05
8.87786e-05
9.16056e-05
9.16054e-05
9.16051e-05
9.16045e-05
9.16038e-05
9.1603e-05
9.16019e-05
9.16007e-05
9.15993e-05
9.15977e-05
9.15959e-05
9.1594e-05
9.15919e-05
9.15896e-05
9.15871e-05
9.15845e-05
9.15817e-05
9.15788e-05
9.15756e-05
9.15723e-05
9.15688e-05
9.15652e-05
9.15614e-05
9.15574e-05
9.15533e-05
9.1549e-05
9.15446e-05
9.154e-05
9.15352e-05
9.15303e-05
9.15253e-05
9.15201e-05
9.15148e-05
9.15094e-05
9.15038e-05
9.14981e-05
9.14923e-05
9.14864e-05
9.14804e-05
9.14743e-05
9.14681e-05
9.14619e-05
9.14556e-05
9.14492e-05
9.14427e-05
9.14363e-05
9.14298e-05
9.14233e-05
9.14168e-05
9.14103e-05
9.14038e-05
9.13974e-05
9.1391e-05
9.13846e-05
9.13784e-05
9.13722e-05
9.13661e-05
9.13601e-05
9.13543e-05
9.13486e-05
9.1343e-05
9.13376e-05
9.13324e-05
9.13273e-05
9.13225e-05
9.13178e-05
9.13134e-05
9.13091e-05
9.13051e-05
9.13013e-05
9.12978e-05
9.12944e-05
9.12913e-05
9.12885e-05
9.12858e-05
9.12834e-05
9.12812e-05
9.12793e-05
9.12775e-05
9.12759e-05
9.12746e-05
9.12735e-05
9.12725e-05
9.12717e-05
9.1271e-05
9.12702e-05
9.12681e-05
9.12595e-05
9.1226e-05
9.11046e-05
9.07088e-05
8.95614e-05
8.66461e-05
8.02039e-05
6.72932e-05
4.51444e-05
3.89472e-05
4.06576e-05
4.3052e-05
4.45087e-05
4.45168e-05
4.30749e-05
4.06867e-05
3.89484e-05
4.49038e-05
6.70466e-05
8.00821e-05
8.65867e-05
8.95338e-05
9.06952e-05
9.1096e-05
9.12188e-05
9.12525e-05
9.12607e-05
9.12624e-05
9.12628e-05
9.1263e-05
9.12633e-05
9.12638e-05
9.12645e-05
9.12654e-05
9.12665e-05
9.12678e-05
9.12694e-05
9.12711e-05
9.12731e-05
9.12753e-05
9.12778e-05
9.12805e-05
9.12834e-05
9.12865e-05
9.12899e-05
9.12935e-05
9.12974e-05
9.13014e-05
9.13057e-05
9.13101e-05
9.13148e-05
9.13196e-05
9.13247e-05
9.13299e-05
9.13352e-05
9.13407e-05
9.13463e-05
9.1352e-05
9.13579e-05
9.13638e-05
9.13698e-05
9.13759e-05
9.1382e-05
9.13882e-05
9.13944e-05
9.14006e-05
9.14068e-05
9.1413e-05
9.14192e-05
9.14253e-05
9.14314e-05
9.14375e-05
9.14435e-05
9.14494e-05
9.14553e-05
9.1461e-05
9.14667e-05
9.14723e-05
9.14778e-05
9.14831e-05
9.14884e-05
9.14935e-05
9.14985e-05
9.15033e-05
9.1508e-05
9.15126e-05
9.15171e-05
9.15214e-05
9.15255e-05
9.15295e-05
9.15333e-05
9.1537e-05
9.15405e-05
9.15439e-05
9.15471e-05
9.15501e-05
9.1553e-05
9.15557e-05
9.15582e-05
9.15606e-05
9.15628e-05
9.15648e-05
9.15667e-05
9.15684e-05
9.15699e-05
9.15713e-05
9.15725e-05
9.15735e-05
9.15743e-05
9.1575e-05
9.15755e-05
9.15759e-05
9.1576e-05
9.49092e-05
9.49091e-05
9.49087e-05
9.49081e-05
9.49074e-05
9.49064e-05
9.49053e-05
9.4904e-05
9.49025e-05
9.49009e-05
9.4899e-05
9.48969e-05
9.48947e-05
9.48923e-05
9.48897e-05
9.48869e-05
9.48839e-05
9.48808e-05
9.48775e-05
9.48739e-05
9.48702e-05
9.48664e-05
9.48623e-05
9.48581e-05
9.48537e-05
9.48491e-05
9.48444e-05
9.48395e-05
9.48344e-05
9.48292e-05
9.48238e-05
9.48183e-05
9.48126e-05
9.48068e-05
9.48008e-05
9.47947e-05
9.47885e-05
9.47822e-05
9.47757e-05
9.47692e-05
9.47625e-05
9.47558e-05
9.4749e-05
9.47421e-05
9.47352e-05
9.47282e-05
9.47211e-05
9.47141e-05
9.4707e-05
9.47e-05
9.46929e-05
9.46859e-05
9.4679e-05
9.46721e-05
9.46652e-05
9.46585e-05
9.46518e-05
9.46452e-05
9.46388e-05
9.46326e-05
9.46264e-05
9.46205e-05
9.46147e-05
9.46091e-05
9.46037e-05
9.45985e-05
9.45936e-05
9.45889e-05
9.45844e-05
9.45801e-05
9.45761e-05
9.45724e-05
9.45689e-05
9.45656e-05
9.45626e-05
9.45599e-05
9.45574e-05
9.45551e-05
9.45531e-05
9.45513e-05
9.45498e-05
9.45485e-05
9.45475e-05
9.45466e-05
9.4546e-05
9.45452e-05
9.4543e-05
9.45343e-05
9.44994e-05
9.43722e-05
9.39568e-05
9.27524e-05
8.97046e-05
8.30523e-05
7.00405e-05
4.67074e-05
3.89283e-05
4.05341e-05
4.29529e-05
4.44316e-05
4.44397e-05
4.29758e-05
4.05629e-05
3.89251e-05
4.64187e-05
6.97993e-05
8.29305e-05
8.96443e-05
9.27242e-05
9.39429e-05
9.43635e-05
9.4492e-05
9.4527e-05
9.45354e-05
9.45371e-05
9.45374e-05
9.45376e-05
9.4538e-05
9.45386e-05
9.45394e-05
9.45405e-05
9.45418e-05
9.45433e-05
9.45452e-05
9.45472e-05
9.45495e-05
9.45521e-05
9.45549e-05
9.4558e-05
9.45613e-05
9.45649e-05
9.45687e-05
9.45728e-05
9.45771e-05
9.45816e-05
9.45864e-05
9.45914e-05
9.45965e-05
9.46019e-05
9.46075e-05
9.46133e-05
9.46192e-05
9.46252e-05
9.46314e-05
9.46377e-05
9.46441e-05
9.46506e-05
9.46572e-05
9.46638e-05
9.46705e-05
9.46772e-05
9.4684e-05
9.46907e-05
9.46975e-05
9.47042e-05
9.47109e-05
9.47176e-05
9.47242e-05
9.47308e-05
9.47373e-05
9.47437e-05
9.475e-05
9.47562e-05
9.47623e-05
9.47683e-05
9.47742e-05
9.478e-05
9.47856e-05
9.47911e-05
9.47964e-05
9.48016e-05
9.48067e-05
9.48116e-05
9.48163e-05
9.48209e-05
9.48253e-05
9.48296e-05
9.48337e-05
9.48376e-05
9.48413e-05
9.48449e-05
9.48483e-05
9.48515e-05
9.48546e-05
9.48575e-05
9.48602e-05
9.48627e-05
9.4865e-05
9.48672e-05
9.48692e-05
9.4871e-05
9.48726e-05
9.48741e-05
9.48753e-05
9.48764e-05
9.48773e-05
9.4878e-05
9.48786e-05
9.48789e-05
9.48791e-05
9.813e-05
9.81298e-05
9.81295e-05
9.8129e-05
9.81283e-05
9.81275e-05
9.81265e-05
9.81254e-05
9.81241e-05
9.81226e-05
9.8121e-05
9.81192e-05
9.81172e-05
9.81151e-05
9.81128e-05
9.81104e-05
9.81078e-05
9.8105e-05
9.81021e-05
9.8099e-05
9.80957e-05
9.80923e-05
9.80887e-05
9.8085e-05
9.80811e-05
9.80771e-05
9.80729e-05
9.80686e-05
9.80641e-05
9.80595e-05
9.80548e-05
9.80499e-05
9.80448e-05
9.80397e-05
9.80344e-05
9.8029e-05
9.80235e-05
9.80178e-05
9.80121e-05
9.80063e-05
9.80003e-05
9.79943e-05
9.79883e-05
9.79821e-05
9.79759e-05
9.79697e-05
9.79634e-05
9.7957e-05
9.79507e-05
9.79444e-05
9.7938e-05
9.79317e-05
9.79255e-05
9.79192e-05
9.7913e-05
9.79069e-05
9.79009e-05
9.78949e-05
9.78891e-05
9.78834e-05
9.78778e-05
9.78724e-05
9.78671e-05
9.7862e-05
9.7857e-05
9.78523e-05
9.78477e-05
9.78433e-05
9.78392e-05
9.78352e-05
9.78315e-05
9.7828e-05
9.78247e-05
9.78217e-05
9.78189e-05
9.78163e-05
9.78139e-05
9.78118e-05
9.78099e-05
9.78082e-05
9.78068e-05
9.78055e-05
9.78046e-05
9.78038e-05
9.78032e-05
9.78025e-05
9.78003e-05
9.77913e-05
9.77549e-05
9.76224e-05
9.71893e-05
9.59339e-05
9.27683e-05
8.59343e-05
7.28866e-05
4.88347e-05
3.89333e-05
4.04022e-05
4.28468e-05
4.43495e-05
4.43576e-05
4.28696e-05
4.04305e-05
3.89245e-05
4.84933e-05
7.26531e-05
8.58137e-05
9.2708e-05
9.59061e-05
9.7176e-05
9.76144e-05
9.77484e-05
9.77849e-05
9.77937e-05
9.77954e-05
9.77957e-05
9.77959e-05
9.77963e-05
9.77969e-05
9.77977e-05
9.77987e-05
9.78e-05
9.78015e-05
9.78033e-05
9.78052e-05
9.78074e-05
9.78099e-05
9.78125e-05
9.78154e-05
9.78186e-05
9.78219e-05
9.78255e-05
9.78293e-05
9.78333e-05
9.78375e-05
9.78419e-05
9.78465e-05
9.78513e-05
9.78563e-05
9.78614e-05
9.78666e-05
9.7872e-05
9.78775e-05
9.78832e-05
9.78889e-05
9.78947e-05
9.79006e-05
9.79066e-05
9.79126e-05
9.79186e-05
9.79247e-05
9.79307e-05
9.79368e-05
9.79429e-05
9.79489e-05
9.79549e-05
9.79609e-05
9.79668e-05
9.79727e-05
9.79785e-05
9.79842e-05
9.79898e-05
9.79954e-05
9.80008e-05
9.80062e-05
9.80114e-05
9.80165e-05
9.80215e-05
9.80264e-05
9.80311e-05
9.80357e-05
9.80402e-05
9.80445e-05
9.80487e-05
9.80528e-05
9.80567e-05
9.80605e-05
9.80641e-05
9.80675e-05
9.80708e-05
9.8074e-05
9.8077e-05
9.80798e-05
9.80825e-05
9.80851e-05
9.80874e-05
9.80897e-05
9.80917e-05
9.80936e-05
9.80954e-05
9.80969e-05
9.80984e-05
9.80996e-05
9.81008e-05
9.81017e-05
9.81025e-05
9.81031e-05
9.81036e-05
9.81039e-05
9.81041e-05
0.000100707
0.000100707
0.000100707
0.000100707
0.000100706
0.000100705
0.000100705
0.000100704
0.000100703
0.000100702
0.000100701
0.000100699
0.000100698
0.000100696
0.000100695
0.000100693
0.000100691
0.000100689
0.000100687
0.000100685
0.000100682
0.00010068
0.000100677
0.000100674
0.000100672
0.000100669
0.000100666
0.000100662
0.000100659
0.000100656
0.000100652
0.000100649
0.000100645
0.000100641
0.000100637
0.000100633
0.000100629
0.000100625
0.000100621
0.000100617
0.000100612
0.000100608
0.000100603
0.000100599
0.000100594
0.000100589
0.000100585
0.00010058
0.000100575
0.000100571
0.000100566
0.000100561
0.000100556
0.000100552
0.000100547
0.000100543
0.000100538
0.000100534
0.000100529
0.000100525
0.000100521
0.000100517
0.000100513
0.000100509
0.000100505
0.000100501
0.000100498
0.000100494
0.000100491
0.000100488
0.000100485
0.000100483
0.00010048
0.000100478
0.000100476
0.000100474
0.000100472
0.00010047
0.000100469
0.000100467
0.000100466
0.000100465
0.000100464
0.000100464
0.000100463
0.000100463
0.00010046
0.000100451
0.000100413
0.000100277
9.98311e-05
9.85397e-05
9.52924e-05
8.83407e-05
7.53321e-05
5.11941e-05
3.89624e-05
4.02807e-05
4.2749e-05
4.4274e-05
4.42821e-05
4.27718e-05
4.03085e-05
3.89476e-05
5.08155e-05
7.51077e-05
8.8222e-05
9.52329e-05
9.85128e-05
9.98189e-05
0.00010027
0.000100408
0.000100446
0.000100455
0.000100457
0.000100458
0.000100458
0.000100458
0.000100459
0.000100459
0.00010046
0.000100461
0.000100462
0.000100464
0.000100465
0.000100467
0.000100469
0.000100471
0.000100473
0.000100476
0.000100478
0.000100481
0.000100484
0.000100487
0.00010049
0.000100494
0.000100497
0.000100501
0.000100505
0.000100509
0.000100513
0.000100517
0.000100521
0.000100525
0.000100529
0.000100534
0.000100538
0.000100543
0.000100547
0.000100552
0.000100556
0.000100561
0.000100565
0.00010057
0.000100574
0.000100579
0.000100583
0.000100587
0.000100592
0.000100596
0.0001006
0.000100604
0.000100609
0.000100613
0.000100617
0.00010062
0.000100624
0.000100628
0.000100631
0.000100635
0.000100638
0.000100642
0.000100645
0.000100648
0.000100651
0.000100654
0.000100656
0.000100659
0.000100662
0.000100664
0.000100666
0.000100669
0.000100671
0.000100673
0.000100674
0.000100676
0.000100678
0.000100679
0.000100681
0.000100682
0.000100683
0.000100684
0.000100685
0.000100686
0.000100687
0.000100687
0.000100688
0.000100688
0.000100688
0.000100688
0.0001024
0.0001024
0.0001024
0.0001024
0.0001024
0.000102399
0.000102399
0.000102398
0.000102398
0.000102397
0.000102396
0.000102396
0.000102395
0.000102394
0.000102393
0.000102392
0.00010239
0.000102389
0.000102388
0.000102386
0.000102385
0.000102383
0.000102382
0.00010238
0.000102378
0.000102376
0.000102375
0.000102373
0.000102371
0.000102368
0.000102366
0.000102364
0.000102362
0.000102359
0.000102357
0.000102354
0.000102352
0.000102349
0.000102347
0.000102344
0.000102341
0.000102338
0.000102336
0.000102333
0.00010233
0.000102327
0.000102324
0.000102321
0.000102318
0.000102315
0.000102312
0.000102309
0.000102306
0.000102303
0.0001023
0.000102297
0.000102294
0.000102292
0.000102289
0.000102286
0.000102283
0.000102281
0.000102278
0.000102276
0.000102273
0.000102271
0.000102269
0.000102266
0.000102264
0.000102262
0.000102261
0.000102259
0.000102257
0.000102256
0.000102254
0.000102253
0.000102252
0.00010225
0.000102249
0.000102249
0.000102248
0.000102247
0.000102247
0.000102246
0.000102246
0.000102245
0.000102243
0.000102233
0.000102195
0.000102056
0.000101603
0.000100291
9.69996e-05
8.99928e-05
7.70629e-05
5.32073e-05
3.89979e-05
4.01861e-05
4.2673e-05
4.42153e-05
4.42233e-05
4.26958e-05
4.02136e-05
3.89779e-05
5.28168e-05
7.6847e-05
8.98762e-05
9.69413e-05
0.000100266
0.000101592
0.000102051
0.000102192
0.00010223
0.00010224
0.000102242
0.000102242
0.000102242
0.000102243
0.000102243
0.000102243
0.000102244
0.000102245
0.000102246
0.000102246
0.000102248
0.000102249
0.00010225
0.000102251
0.000102253
0.000102254
0.000102256
0.000102258
0.00010226
0.000102262
0.000102264
0.000102266
0.000102268
0.000102271
0.000102273
0.000102276
0.000102278
0.000102281
0.000102283
0.000102286
0.000102289
0.000102292
0.000102294
0.000102297
0.0001023
0.000102303
0.000102306
0.000102309
0.000102311
0.000102314
0.000102317
0.00010232
0.000102323
0.000102325
0.000102328
0.000102331
0.000102333
0.000102336
0.000102339
0.000102341
0.000102344
0.000102346
0.000102348
0.000102351
0.000102353
0.000102355
0.000102357
0.000102359
0.000102361
0.000102363
0.000102365
0.000102367
0.000102368
0.00010237
0.000102372
0.000102373
0.000102375
0.000102376
0.000102377
0.000102379
0.00010238
0.000102381
0.000102382
0.000102383
0.000102384
0.000102384
0.000102385
0.000102386
0.000102386
0.000102387
0.000102387
0.000102388
0.000102388
0.000102388
0.000102388
0.000102388
0.000103322
0.000103322
0.000103321
0.000103321
0.000103321
0.000103321
0.000103321
0.00010332
0.00010332
0.00010332
0.000103319
0.000103319
0.000103318
0.000103318
0.000103317
0.000103317
0.000103316
0.000103315
0.000103315
0.000103314
0.000103313
0.000103312
0.000103311
0.00010331
0.000103309
0.000103308
0.000103307
0.000103306
0.000103305
0.000103304
0.000103302
0.000103301
0.0001033
0.000103299
0.000103297
0.000103296
0.000103294
0.000103293
0.000103291
0.00010329
0.000103288
0.000103287
0.000103285
0.000103284
0.000103282
0.00010328
0.000103279
0.000103277
0.000103275
0.000103274
0.000103272
0.00010327
0.000103269
0.000103267
0.000103265
0.000103264
0.000103262
0.000103261
0.000103259
0.000103257
0.000103256
0.000103254
0.000103253
0.000103252
0.00010325
0.000103249
0.000103248
0.000103246
0.000103245
0.000103244
0.000103243
0.000103242
0.000103241
0.00010324
0.000103239
0.000103238
0.000103238
0.000103237
0.000103236
0.000103236
0.000103235
0.000103235
0.000103235
0.000103234
0.000103234
0.000103234
0.000103231
0.000103222
0.000103183
0.000103043
0.000102585
0.000101264
9.79503e-05
9.09206e-05
7.80542e-05
5.44864e-05
3.90163e-05
4.01245e-05
4.2624e-05
4.41769e-05
4.4185e-05
4.26468e-05
4.0152e-05
3.89931e-05
5.40982e-05
7.7844e-05
9.08055e-05
9.78928e-05
0.000101239
0.000102575
0.000103038
0.00010318
0.00010322
0.000103229
0.000103232
0.000103232
0.000103232
0.000103232
0.000103232
0.000103233
0.000103233
0.000103233
0.000103234
0.000103234
0.000103235
0.000103236
0.000103236
0.000103237
0.000103238
0.000103239
0.00010324
0.000103241
0.000103242
0.000103243
0.000103245
0.000103246
0.000103247
0.000103248
0.00010325
0.000103251
0.000103253
0.000103254
0.000103256
0.000103257
0.000103259
0.00010326
0.000103262
0.000103263
0.000103265
0.000103266
0.000103268
0.00010327
0.000103271
0.000103273
0.000103274
0.000103276
0.000103278
0.000103279
0.000103281
0.000103282
0.000103284
0.000103285
0.000103286
0.000103288
0.000103289
0.000103291
0.000103292
0.000103293
0.000103294
0.000103296
0.000103297
0.000103298
0.000103299
0.0001033
0.000103301
0.000103302
0.000103303
0.000103304
0.000103305
0.000103306
0.000103307
0.000103307
0.000103308
0.000103309
0.000103309
0.00010331
0.000103311
0.000103311
0.000103312
0.000103312
0.000103312
0.000103313
0.000103313
0.000103313
0.000103314
0.000103314
0.000103314
0.000103314
0.000103314
0.000103314
0.000103741
0.000103741
0.000103741
0.000103741
0.00010374
0.00010374
0.00010374
0.00010374
0.00010374
0.00010374
0.000103739
0.000103739
0.000103739
0.000103739
0.000103738
0.000103738
0.000103737
0.000103737
0.000103737
0.000103736
0.000103736
0.000103735
0.000103735
0.000103734
0.000103734
0.000103733
0.000103733
0.000103732
0.000103731
0.000103731
0.00010373
0.000103729
0.000103729
0.000103728
0.000103727
0.000103726
0.000103726
0.000103725
0.000103724
0.000103723
0.000103722
0.000103721
0.000103721
0.00010372
0.000103719
0.000103718
0.000103717
0.000103716
0.000103715
0.000103714
0.000103713
0.000103712
0.000103711
0.000103711
0.00010371
0.000103709
0.000103708
0.000103707
0.000103706
0.000103705
0.000103704
0.000103704
0.000103703
0.000103702
0.000103701
0.0001037
0.0001037
0.000103699
0.000103698
0.000103698
0.000103697
0.000103697
0.000103696
0.000103695
0.000103695
0.000103695
0.000103694
0.000103694
0.000103693
0.000103693
0.000103693
0.000103693
0.000103692
0.000103692
0.000103692
0.000103692
0.000103689
0.000103679
0.00010364
0.000103499
0.00010304
0.000101712
9.83852e-05
9.13379e-05
7.84892e-05
5.50492e-05
3.9008e-05
4.00914e-05
4.2598e-05
4.41555e-05
4.41637e-05
4.2621e-05
4.0119e-05
3.89834e-05
5.46645e-05
7.8281e-05
9.12232e-05
9.83278e-05
0.000101687
0.00010303
0.000103496
0.000103638
0.000103678
0.000103688
0.00010369
0.000103691
0.000103691
0.000103691
0.000103691
0.000103691
0.000103691
0.000103692
0.000103692
0.000103692
0.000103692
0.000103693
0.000103693
0.000103694
0.000103694
0.000103695
0.000103695
0.000103696
0.000103696
0.000103697
0.000103698
0.000103698
0.000103699
0.0001037
0.000103701
0.000103701
0.000103702
0.000103703
0.000103704
0.000103705
0.000103705
0.000103706
0.000103707
0.000103708
0.000103709
0.00010371
0.000103711
0.000103711
0.000103712
0.000103713
0.000103714
0.000103715
0.000103716
0.000103717
0.000103717
0.000103718
0.000103719
0.00010372
0.000103721
0.000103721
0.000103722
0.000103723
0.000103724
0.000103724
0.000103725
0.000103726
0.000103726
0.000103727
0.000103727
0.000103728
0.000103729
0.000103729
0.00010373
0.00010373
0.000103731
0.000103731
0.000103732
0.000103732
0.000103732
0.000103733
0.000103733
0.000103734
0.000103734
0.000103734
0.000103734
0.000103735
0.000103735
0.000103735
0.000103735
0.000103735
0.000103736
0.000103736
0.000103736
0.000103736
0.000103736
0.000103736
0.000103899
0.000103899
0.000103899
0.000103899
0.000103899
0.000103899
0.000103899
0.000103899
0.000103898
0.000103898
0.000103898
0.000103898
0.000103898
0.000103898
0.000103897
0.000103897
0.000103897
0.000103897
0.000103896
0.000103896
0.000103896
0.000103896
0.000103895
0.000103895
0.000103894
0.000103894
0.000103894
0.000103893
0.000103893
0.000103893
0.000103892
0.000103892
0.000103891
0.000103891
0.00010389
0.00010389
0.000103889
0.000103889
0.000103888
0.000103888
0.000103887
0.000103887
0.000103886
0.000103886
0.000103885
0.000103885
0.000103884
0.000103884
0.000103883
0.000103882
0.000103882
0.000103881
0.000103881
0.00010388
0.00010388
0.000103879
0.000103878
0.000103878
0.000103877
0.000103877
0.000103876
0.000103876
0.000103875
0.000103875
0.000103874
0.000103874
0.000103873
0.000103873
0.000103873
0.000103872
0.000103872
0.000103871
0.000103871
0.000103871
0.000103871
0.00010387
0.00010387
0.00010387
0.00010387
0.000103869
0.000103869
0.000103869
0.000103869
0.000103869
0.000103869
0.000103868
0.000103866
0.000103856
0.000103817
0.000103675
0.000103214
0.000101881
9.85422e-05
9.14734e-05
7.86003e-05
5.51276e-05
3.89784e-05
4.00761e-05
4.25862e-05
4.41446e-05
4.41528e-05
4.26094e-05
4.0104e-05
3.89539e-05
5.47428e-05
7.83912e-05
9.13579e-05
9.84845e-05
0.000101856
0.000103205
0.000103672
0.000103815
0.000103855
0.000103865
0.000103867
0.000103868
0.000103868
0.000103868
0.000103868
0.000103868
0.000103868
0.000103868
0.000103868
0.000103868
0.000103869
0.000103869
0.000103869
0.000103869
0.00010387
0.00010387
0.00010387
0.000103871
0.000103871
0.000103871
0.000103872
0.000103872
0.000103873
0.000103873
0.000103874
0.000103874
0.000103875
0.000103875
0.000103876
0.000103876
0.000103877
0.000103877
0.000103878
0.000103878
0.000103879
0.000103879
0.00010388
0.00010388
0.000103881
0.000103881
0.000103882
0.000103882
0.000103883
0.000103883
0.000103884
0.000103884
0.000103885
0.000103885
0.000103886
0.000103886
0.000103887
0.000103887
0.000103888
0.000103888
0.000103888
0.000103889
0.000103889
0.00010389
0.00010389
0.00010389
0.000103891
0.000103891
0.000103891
0.000103892
0.000103892
0.000103892
0.000103893
0.000103893
0.000103893
0.000103893
0.000103894
0.000103894
0.000103894
0.000103894
0.000103894
0.000103895
0.000103895
0.000103895
0.000103895
0.000103895
0.000103895
0.000103895
0.000103895
0.000103895
0.000103895
0.000103895
0.000103944
0.000103944
0.000103944
0.000103944
0.000103944
0.000103944
0.000103944
0.000103944
0.000103944
0.000103944
0.000103944
0.000103943
0.000103943
0.000103943
0.000103943
0.000103943
0.000103943
0.000103942
0.000103942
0.000103942
0.000103942
0.000103941
0.000103941
0.000103941
0.000103941
0.00010394
0.00010394
0.00010394
0.00010394
0.000103939
0.000103939
0.000103939
0.000103938
0.000103938
0.000103937
0.000103937
0.000103937
0.000103936
0.000103936
0.000103936
0.000103935
0.000103935
0.000103934
0.000103934
0.000103934
0.000103933
0.000103933
0.000103932
0.000103932
0.000103931
0.000103931
0.000103931
0.00010393
0.00010393
0.000103929
0.000103929
0.000103928
0.000103928
0.000103928
0.000103927
0.000103927
0.000103926
0.000103926
0.000103926
0.000103925
0.000103925
0.000103925
0.000103924
0.000103924
0.000103924
0.000103923
0.000103923
0.000103923
0.000103923
0.000103922
0.000103922
0.000103922
0.000103922
0.000103922
0.000103922
0.000103921
0.000103921
0.000103921
0.000103921
0.000103921
0.000103921
0.000103918
0.000103908
0.000103869
0.000103727
0.000103264
0.000101927
9.85766e-05
9.14852e-05
7.8573e-05
5.50205e-05
3.89427e-05
4.00667e-05
4.25795e-05
4.41376e-05
4.41458e-05
4.26029e-05
4.00949e-05
3.89189e-05
5.4634e-05
7.83616e-05
9.13686e-05
9.85184e-05
0.000101902
0.000103255
0.000103723
0.000103867
0.000103907
0.000103917
0.00010392
0.00010392
0.00010392
0.00010392
0.00010392
0.00010392
0.00010392
0.000103921
0.000103921
0.000103921
0.000103921
0.000103921
0.000103921
0.000103921
0.000103922
0.000103922
0.000103922
0.000103922
0.000103923
0.000103923
0.000103923
0.000103924
0.000103924
0.000103924
0.000103925
0.000103925
0.000103925
0.000103926
0.000103926
0.000103926
0.000103927
0.000103927
0.000103927
0.000103928
0.000103928
0.000103929
0.000103929
0.000103929
0.00010393
0.00010393
0.000103931
0.000103931
0.000103931
0.000103932
0.000103932
0.000103933
0.000103933
0.000103933
0.000103934
0.000103934
0.000103934
0.000103935
0.000103935
0.000103935
0.000103936
0.000103936
0.000103936
0.000103937
0.000103937
0.000103937
0.000103937
0.000103938
0.000103938
0.000103938
0.000103938
0.000103939
0.000103939
0.000103939
0.000103939
0.000103939
0.00010394
0.00010394
0.00010394
0.00010394
0.00010394
0.00010394
0.00010394
0.000103941
0.000103941
0.000103941
0.000103941
0.000103941
0.000103941
0.000103941
0.000103941
0.000103941
0.000103947
0.000103947
0.000103947
0.000103947
0.000103947
0.000103947
0.000103947
0.000103947
0.000103947
0.000103947
0.000103947
0.000103947
0.000103946
0.000103946
0.000103946
0.000103946
0.000103946
0.000103946
0.000103945
0.000103945
0.000103945
0.000103945
0.000103945
0.000103944
0.000103944
0.000103944
0.000103944
0.000103943
0.000103943
0.000103943
0.000103942
0.000103942
0.000103942
0.000103941
0.000103941
0.000103941
0.00010394
0.00010394
0.00010394
0.000103939
0.000103939
0.000103939
0.000103938
0.000103938
0.000103938
0.000103937
0.000103937
0.000103936
0.000103936
0.000103936
0.000103935
0.000103935
0.000103935
0.000103934
0.000103934
0.000103933
0.000103933
0.000103933
0.000103932
0.000103932
0.000103932
0.000103931
0.000103931
0.000103931
0.00010393
0.00010393
0.00010393
0.000103929
0.000103929
0.000103929
0.000103929
0.000103928
0.000103928
0.000103928
0.000103928
0.000103927
0.000103927
0.000103927
0.000103927
0.000103927
0.000103927
0.000103927
0.000103927
0.000103927
0.000103926
0.000103926
0.000103924
0.000103914
0.000103874
0.000103732
0.000103268
0.000101926
9.85663e-05
9.14542e-05
7.85035e-05
5.48547e-05
3.89048e-05
4.00594e-05
4.25744e-05
4.41317e-05
4.414e-05
4.2598e-05
4.00879e-05
3.88817e-05
5.4465e-05
7.82892e-05
9.13362e-05
9.85075e-05
0.000101901
0.000103258
0.000103728
0.000103873
0.000103913
0.000103923
0.000103925
0.000103926
0.000103926
0.000103926
0.000103926
0.000103926
0.000103926
0.000103926
0.000103926
0.000103926
0.000103926
0.000103926
0.000103927
0.000103927
0.000103927
0.000103927
0.000103927
0.000103928
0.000103928
0.000103928
0.000103928
0.000103929
0.000103929
0.000103929
0.000103929
0.00010393
0.00010393
0.00010393
0.000103931
0.000103931
0.000103931
0.000103932
0.000103932
0.000103932
0.000103933
0.000103933
0.000103933
0.000103934
0.000103934
0.000103934
0.000103935
0.000103935
0.000103936
0.000103936
0.000103936
0.000103937
0.000103937
0.000103937
0.000103938
0.000103938
0.000103938
0.000103938
0.000103939
0.000103939
0.000103939
0.00010394
0.00010394
0.00010394
0.00010394
0.000103941
0.000103941
0.000103941
0.000103941
0.000103942
0.000103942
0.000103942
0.000103942
0.000103942
0.000103943
0.000103943
0.000103943
0.000103943
0.000103943
0.000103943
0.000103944
0.000103944
0.000103944
0.000103944
0.000103944
0.000103944
0.000103944
0.000103944
0.000103944
0.000103944
0.000103944
0.000103944
0.000103937
0.000103937
0.000103937
0.000103937
0.000103937
0.000103936
0.000103936
0.000103936
0.000103936
0.000103936
0.000103936
0.000103936
0.000103936
0.000103936
0.000103935
0.000103935
0.000103935
0.000103935
0.000103935
0.000103935
0.000103934
0.000103934
0.000103934
0.000103934
0.000103933
0.000103933
0.000103933
0.000103933
0.000103932
0.000103932
0.000103932
0.000103932
0.000103931
0.000103931
0.000103931
0.00010393
0.00010393
0.00010393
0.000103929
0.000103929
0.000103929
0.000103928
0.000103928
0.000103927
0.000103927
0.000103927
0.000103926
0.000103926
0.000103926
0.000103925
0.000103925
0.000103924
0.000103924
0.000103924
0.000103923
0.000103923
0.000103923
0.000103922
0.000103922
0.000103922
0.000103921
0.000103921
0.000103921
0.00010392
0.00010392
0.00010392
0.000103919
0.000103919
0.000103919
0.000103918
0.000103918
0.000103918
0.000103918
0.000103918
0.000103917
0.000103917
0.000103917
0.000103917
0.000103917
0.000103917
0.000103916
0.000103916
0.000103916
0.000103916
0.000103916
0.000103916
0.000103913
0.000103903
0.000103864
0.000103721
0.000103256
0.000101911
9.8543e-05
9.14133e-05
7.84263e-05
5.46821e-05
3.8868e-05
4.00509e-05
4.25684e-05
4.41252e-05
4.41336e-05
4.25921e-05
4.00797e-05
3.88456e-05
5.42881e-05
7.82092e-05
9.12939e-05
9.84835e-05
0.000101886
0.000103246
0.000103718
0.000103862
0.000103902
0.000103912
0.000103915
0.000103915
0.000103915
0.000103915
0.000103915
0.000103915
0.000103915
0.000103916
0.000103916
0.000103916
0.000103916
0.000103916
0.000103916
0.000103916
0.000103917
0.000103917
0.000103917
0.000103917
0.000103917
0.000103918
0.000103918
0.000103918
0.000103918
0.000103919
0.000103919
0.000103919
0.00010392
0.00010392
0.00010392
0.000103921
0.000103921
0.000103921
0.000103922
0.000103922
0.000103922
0.000103923
0.000103923
0.000103923
0.000103924
0.000103924
0.000103924
0.000103925
0.000103925
0.000103925
0.000103926
0.000103926
0.000103926
0.000103927
0.000103927
0.000103927
0.000103928
0.000103928
0.000103928
0.000103928
0.000103929
0.000103929
0.000103929
0.00010393
0.00010393
0.00010393
0.00010393
0.000103931
0.000103931
0.000103931
0.000103931
0.000103931
0.000103932
0.000103932
0.000103932
0.000103932
0.000103932
0.000103933
0.000103933
0.000103933
0.000103933
0.000103933
0.000103933
0.000103933
0.000103933
0.000103933
0.000103933
0.000103933
0.000103934
0.000103934
0.000103934
0.000103934
0.000103922
0.000103922
0.000103922
0.000103922
0.000103922
0.000103922
0.000103922
0.000103922
0.000103922
0.000103921
0.000103921
0.000103921
0.000103921
0.000103921
0.000103921
0.000103921
0.00010392
0.00010392
0.00010392
0.00010392
0.00010392
0.000103919
0.000103919
0.000103919
0.000103919
0.000103918
0.000103918
0.000103918
0.000103918
0.000103917
0.000103917
0.000103917
0.000103916
0.000103916
0.000103916
0.000103915
0.000103915
0.000103915
0.000103914
0.000103914
0.000103914
0.000103913
0.000103913
0.000103913
0.000103912
0.000103912
0.000103911
0.000103911
0.000103911
0.00010391
0.00010391
0.00010391
0.000103909
0.000103909
0.000103908
0.000103908
0.000103908
0.000103907
0.000103907
0.000103907
0.000103906
0.000103906
0.000103906
0.000103905
0.000103905
0.000103905
0.000103904
0.000103904
0.000103904
0.000103904
0.000103903
0.000103903
0.000103903
0.000103903
0.000103902
0.000103902
0.000103902
0.000103902
0.000103902
0.000103902
0.000103902
0.000103901
0.000103901
0.000103901
0.000103901
0.000103901
0.000103898
0.000103888
0.000103849
0.000103706
0.00010324
0.000101893
9.85178e-05
9.13742e-05
7.83584e-05
5.45323e-05
3.88331e-05
4.00406e-05
4.25609e-05
4.41178e-05
4.41262e-05
4.25848e-05
4.00697e-05
3.88112e-05
5.41335e-05
7.81385e-05
9.12535e-05
9.84575e-05
0.000101867
0.00010323
0.000103702
0.000103847
0.000103887
0.000103897
0.0001039
0.0001039
0.0001039
0.0001039
0.0001039
0.0001039
0.000103901
0.000103901
0.000103901
0.000103901
0.000103901
0.000103901
0.000103901
0.000103901
0.000103902
0.000103902
0.000103902
0.000103902
0.000103902
0.000103903
0.000103903
0.000103903
0.000103904
0.000103904
0.000103904
0.000103904
0.000103905
0.000103905
0.000103905
0.000103906
0.000103906
0.000103906
0.000103907
0.000103907
0.000103907
0.000103908
0.000103908
0.000103908
0.000103909
0.000103909
0.000103909
0.00010391
0.00010391
0.00010391
0.000103911
0.000103911
0.000103912
0.000103912
0.000103912
0.000103912
0.000103913
0.000103913
0.000103913
0.000103914
0.000103914
0.000103914
0.000103915
0.000103915
0.000103915
0.000103915
0.000103916
0.000103916
0.000103916
0.000103916
0.000103917
0.000103917
0.000103917
0.000103917
0.000103917
0.000103917
0.000103918
0.000103918
0.000103918
0.000103918
0.000103918
0.000103918
0.000103918
0.000103918
0.000103919
0.000103919
0.000103919
0.000103919
0.000103919
0.000103919
0.000103919
0.000103919
0.000103906
0.000103906
0.000103906
0.000103906
0.000103906
0.000103906
0.000103906
0.000103906
0.000103906
0.000103906
0.000103906
0.000103905
0.000103905
0.000103905
0.000103905
0.000103905
0.000103905
0.000103904
0.000103904
0.000103904
0.000103904
0.000103904
0.000103903
0.000103903
0.000103903
0.000103903
0.000103902
0.000103902
0.000103902
0.000103901
0.000103901
0.000103901
0.000103901
0.0001039
0.0001039
0.0001039
0.000103899
0.000103899
0.000103899
0.000103898
0.000103898
0.000103897
0.000103897
0.000103897
0.000103896
0.000103896
0.000103896
0.000103895
0.000103895
0.000103894
0.000103894
0.000103894
0.000103893
0.000103893
0.000103892
0.000103892
0.000103892
0.000103891
0.000103891
0.000103891
0.00010389
0.00010389
0.00010389
0.000103889
0.000103889
0.000103889
0.000103888
0.000103888
0.000103888
0.000103887
0.000103887
0.000103887
0.000103887
0.000103886
0.000103886
0.000103886
0.000103886
0.000103886
0.000103886
0.000103885
0.000103885
0.000103885
0.000103885
0.000103885
0.000103885
0.000103884
0.000103882
0.000103872
0.000103833
0.000103689
0.000103223
0.000101874
9.84937e-05
9.13397e-05
7.83016e-05
5.44074e-05
3.87998e-05
4.00287e-05
4.25522e-05
4.41095e-05
4.4118e-05
4.25763e-05
4.00581e-05
3.87784e-05
5.40038e-05
7.80791e-05
9.12176e-05
9.84328e-05
0.000101848
0.000103213
0.000103686
0.000103831
0.000103871
0.000103881
0.000103884
0.000103884
0.000103884
0.000103884
0.000103884
0.000103884
0.000103884
0.000103884
0.000103885
0.000103885
0.000103885
0.000103885
0.000103885
0.000103885
0.000103885
0.000103886
0.000103886
0.000103886
0.000103886
0.000103887
0.000103887
0.000103887
0.000103887
0.000103888
0.000103888
0.000103888
0.000103889
0.000103889
0.000103889
0.00010389
0.00010389
0.00010389
0.000103891
0.000103891
0.000103891
0.000103892
0.000103892
0.000103892
0.000103893
0.000103893
0.000103893
0.000103894
0.000103894
0.000103895
0.000103895
0.000103895
0.000103896
0.000103896
0.000103896
0.000103897
0.000103897
0.000103897
0.000103897
0.000103898
0.000103898
0.000103898
0.000103899
0.000103899
0.000103899
0.000103899
0.0001039
0.0001039
0.0001039
0.0001039
0.000103901
0.000103901
0.000103901
0.000103901
0.000103901
0.000103902
0.000103902
0.000103902
0.000103902
0.000103902
0.000103902
0.000103902
0.000103903
0.000103903
0.000103903
0.000103903
0.000103903
0.000103903
0.000103903
0.000103903
0.000103903
0.000103903
0.00010389
0.00010389
0.00010389
0.00010389
0.00010389
0.00010389
0.00010389
0.00010389
0.00010389
0.00010389
0.00010389
0.000103889
0.000103889
0.000103889
0.000103889
0.000103889
0.000103889
0.000103888
0.000103888
0.000103888
0.000103888
0.000103888
0.000103887
0.000103887
0.000103887
0.000103887
0.000103886
0.000103886
0.000103886
0.000103885
0.000103885
0.000103885
0.000103884
0.000103884
0.000103884
0.000103883
0.000103883
0.000103883
0.000103882
0.000103882
0.000103882
0.000103881
0.000103881
0.00010388
0.00010388
0.00010388
0.000103879
0.000103879
0.000103878
0.000103878
0.000103878
0.000103877
0.000103877
0.000103876
0.000103876
0.000103876
0.000103875
0.000103875
0.000103875
0.000103874
0.000103874
0.000103873
0.000103873
0.000103873
0.000103872
0.000103872
0.000103872
0.000103872
0.000103871
0.000103871
0.000103871
0.00010387
0.00010387
0.00010387
0.00010387
0.00010387
0.000103869
0.000103869
0.000103869
0.000103869
0.000103869
0.000103869
0.000103869
0.000103869
0.000103868
0.000103868
0.000103866
0.000103856
0.000103816
0.000103673
0.000103206
0.000101855
9.84712e-05
9.13094e-05
7.82539e-05
5.43014e-05
3.87676e-05
4.00155e-05
4.25425e-05
4.41006e-05
4.41092e-05
4.25668e-05
4.00453e-05
3.87466e-05
5.3893e-05
7.80287e-05
9.11859e-05
9.84096e-05
0.000101829
0.000103196
0.000103669
0.000103814
0.000103855
0.000103865
0.000103867
0.000103868
0.000103868
0.000103868
0.000103868
0.000103868
0.000103868
0.000103868
0.000103868
0.000103868
0.000103868
0.000103868
0.000103869
0.000103869
0.000103869
0.000103869
0.000103869
0.00010387
0.00010387
0.00010387
0.00010387
0.000103871
0.000103871
0.000103871
0.000103872
0.000103872
0.000103872
0.000103873
0.000103873
0.000103873
0.000103874
0.000103874
0.000103874
0.000103875
0.000103875
0.000103875
0.000103876
0.000103876
0.000103876
0.000103877
0.000103877
0.000103878
0.000103878
0.000103878
0.000103879
0.000103879
0.000103879
0.00010388
0.00010388
0.00010388
0.000103881
0.000103881
0.000103881
0.000103882
0.000103882
0.000103882
0.000103883
0.000103883
0.000103883
0.000103883
0.000103884
0.000103884
0.000103884
0.000103884
0.000103885
0.000103885
0.000103885
0.000103885
0.000103885
0.000103886
0.000103886
0.000103886
0.000103886
0.000103886
0.000103886
0.000103886
0.000103887
0.000103887
0.000103887
0.000103887
0.000103887
0.000103887
0.000103887
0.000103887
0.000103887
0.000103887
0.000103874
0.000103874
0.000103874
0.000103874
0.000103874
0.000103874
0.000103874
0.000103874
0.000103874
0.000103874
0.000103873
0.000103873
0.000103873
0.000103873
0.000103873
0.000103873
0.000103873
0.000103872
0.000103872
0.000103872
0.000103872
0.000103871
0.000103871
0.000103871
0.000103871
0.00010387
0.00010387
0.00010387
0.00010387
0.000103869
0.000103869
0.000103869
0.000103868
0.000103868
0.000103868
0.000103867
0.000103867
0.000103866
0.000103866
0.000103866
0.000103865
0.000103865
0.000103865
0.000103864
0.000103864
0.000103863
0.000103863
0.000103863
0.000103862
0.000103862
0.000103861
0.000103861
0.000103861
0.00010386
0.00010386
0.000103859
0.000103859
0.000103859
0.000103858
0.000103858
0.000103857
0.000103857
0.000103857
0.000103856
0.000103856
0.000103856
0.000103855
0.000103855
0.000103855
0.000103854
0.000103854
0.000103854
0.000103854
0.000103853
0.000103853
0.000103853
0.000103853
0.000103853
0.000103852
0.000103852
0.000103852
0.000103852
0.000103852
0.000103852
0.000103852
0.000103851
0.000103849
0.000103839
0.000103799
0.000103656
0.000103189
0.000101837
9.84501e-05
9.12822e-05
7.82128e-05
5.4208e-05
3.87361e-05
4.00017e-05
4.25322e-05
4.40913e-05
4.40999e-05
4.25568e-05
4.00318e-05
3.87154e-05
5.37948e-05
7.7985e-05
9.11574e-05
9.83878e-05
0.00010181
0.000103178
0.000103652
0.000103798
0.000103838
0.000103848
0.00010385
0.000103851
0.000103851
0.000103851
0.000103851
0.000103851
0.000103851
0.000103851
0.000103851
0.000103851
0.000103852
0.000103852
0.000103852
0.000103852
0.000103852
0.000103853
0.000103853
0.000103853
0.000103853
0.000103854
0.000103854
0.000103854
0.000103854
0.000103855
0.000103855
0.000103855
0.000103856
0.000103856
0.000103856
0.000103857
0.000103857
0.000103858
0.000103858
0.000103858
0.000103859
0.000103859
0.000103859
0.00010386
0.00010386
0.000103861
0.000103861
0.000103861
0.000103862
0.000103862
0.000103862
0.000103863
0.000103863
0.000103863
0.000103864
0.000103864
0.000103864
0.000103865
0.000103865
0.000103865
0.000103866
0.000103866
0.000103866
0.000103867
0.000103867
0.000103867
0.000103867
0.000103868
0.000103868
0.000103868
0.000103868
0.000103869
0.000103869
0.000103869
0.000103869
0.000103869
0.00010387
0.00010387
0.00010387
0.00010387
0.00010387
0.00010387
0.00010387
0.000103871
0.000103871
0.000103871
0.000103871
0.000103871
0.000103871
0.000103871
0.000103871
0.000103871
0.000103858
0.000103858
0.000103858
0.000103858
0.000103858
0.000103858
0.000103858
0.000103858
0.000103858
0.000103858
0.000103857
0.000103857
0.000103857
0.000103857
0.000103857
0.000103857
0.000103856
0.000103856
0.000103856
0.000103856
0.000103856
0.000103855
0.000103855
0.000103855
0.000103855
0.000103854
0.000103854
0.000103854
0.000103853
0.000103853
0.000103853
0.000103852
0.000103852
0.000103852
0.000103851
0.000103851
0.000103851
0.00010385
0.00010385
0.000103849
0.000103849
0.000103849
0.000103848
0.000103848
0.000103847
0.000103847
0.000103847
0.000103846
0.000103846
0.000103845
0.000103845
0.000103845
0.000103844
0.000103844
0.000103843
0.000103843
0.000103842
0.000103842
0.000103842
0.000103841
0.000103841
0.000103841
0.00010384
0.00010384
0.000103839
0.000103839
0.000103839
0.000103838
0.000103838
0.000103838
0.000103838
0.000103837
0.000103837
0.000103837
0.000103837
0.000103836
0.000103836
0.000103836
0.000103836
0.000103836
0.000103836
0.000103835
0.000103835
0.000103835
0.000103835
0.000103835
0.000103832
0.000103822
0.000103783
0.000103639
0.000103171
0.000101819
9.84301e-05
9.12575e-05
7.81763e-05
5.4123e-05
3.8705e-05
3.99873e-05
4.25215e-05
4.40817e-05
4.40904e-05
4.25464e-05
4.00178e-05
3.86846e-05
5.37049e-05
7.79458e-05
9.11313e-05
9.83672e-05
0.000101792
0.000103161
0.000103635
0.000103781
0.000103821
0.000103831
0.000103834
0.000103834
0.000103834
0.000103834
0.000103834
0.000103834
0.000103835
0.000103835
0.000103835
0.000103835
0.000103835
0.000103835
0.000103835
0.000103836
0.000103836
0.000103836
0.000103836
0.000103836
0.000103837
0.000103837
0.000103837
0.000103838
0.000103838
0.000103838
0.000103839
0.000103839
0.000103839
0.00010384
0.00010384
0.00010384
0.000103841
0.000103841
0.000103841
0.000103842
0.000103842
0.000103843
0.000103843
0.000103843
0.000103844
0.000103844
0.000103845
0.000103845
0.000103845
0.000103846
0.000103846
0.000103846
0.000103847
0.000103847
0.000103847
0.000103848
0.000103848
0.000103849
0.000103849
0.000103849
0.00010385
0.00010385
0.00010385
0.00010385
0.000103851
0.000103851
0.000103851
0.000103852
0.000103852
0.000103852
0.000103852
0.000103852
0.000103853
0.000103853
0.000103853
0.000103853
0.000103853
0.000103854
0.000103854
0.000103854
0.000103854
0.000103854
0.000103854
0.000103854
0.000103855
0.000103855
0.000103855
0.000103855
0.000103855
0.000103855
0.000103855
0.000103855
0.000103842
0.000103842
0.000103842
0.000103842
0.000103842
0.000103842
0.000103842
0.000103842
0.000103842
0.000103841
0.000103841
0.000103841
0.000103841
0.000103841
0.000103841
0.000103841
0.00010384
0.00010384
0.00010384
0.00010384
0.000103839
0.000103839
0.000103839
0.000103839
0.000103838
0.000103838
0.000103838
0.000103838
0.000103837
0.000103837
0.000103837
0.000103836
0.000103836
0.000103835
0.000103835
0.000103835
0.000103834
0.000103834
0.000103834
0.000103833
0.000103833
0.000103832
0.000103832
0.000103832
0.000103831
0.000103831
0.00010383
0.00010383
0.000103829
0.000103829
0.000103829
0.000103828
0.000103828
0.000103827
0.000103827
0.000103826
0.000103826
0.000103826
0.000103825
0.000103825
0.000103824
0.000103824
0.000103824
0.000103823
0.000103823
0.000103823
0.000103822
0.000103822
0.000103822
0.000103821
0.000103821
0.000103821
0.00010382
0.00010382
0.00010382
0.00010382
0.000103819
0.000103819
0.000103819
0.000103819
0.000103819
0.000103819
0.000103819
0.000103819
0.000103818
0.000103818
0.000103816
0.000103806
0.000103766
0.000103622
0.000103155
0.000101801
9.8411e-05
9.12347e-05
7.81432e-05
5.40438e-05
3.86743e-05
3.99726e-05
4.25106e-05
4.40719e-05
4.40807e-05
4.25357e-05
4.00034e-05
3.86541e-05
5.36208e-05
7.79101e-05
9.11071e-05
9.83474e-05
0.000101774
0.000103144
0.000103619
0.000103764
0.000103805
0.000103815
0.000103817
0.000103817
0.000103818
0.000103818
0.000103818
0.000103818
0.000103818
0.000103818
0.000103818
0.000103818
0.000103818
0.000103819
0.000103819
0.000103819
0.000103819
0.000103819
0.00010382
0.00010382
0.00010382
0.00010382
0.000103821
0.000103821
0.000103821
0.000103822
0.000103822
0.000103822
0.000103823
0.000103823
0.000103823
0.000103824
0.000103824
0.000103825
0.000103825
0.000103825
0.000103826
0.000103826
0.000103827
0.000103827
0.000103827
0.000103828
0.000103828
0.000103829
0.000103829
0.000103829
0.00010383
0.00010383
0.00010383
0.000103831
0.000103831
0.000103832
0.000103832
0.000103832
0.000103833
0.000103833
0.000103833
0.000103834
0.000103834
0.000103834
0.000103835
0.000103835
0.000103835
0.000103835
0.000103836
0.000103836
0.000103836
0.000103836
0.000103837
0.000103837
0.000103837
0.000103837
0.000103837
0.000103838
0.000103838
0.000103838
0.000103838
0.000103838
0.000103838
0.000103838
0.000103838
0.000103838
0.000103839
0.000103839
0.000103839
0.000103839
0.000103839
0.000103839
0.000103826
0.000103826
0.000103826
0.000103826
0.000103826
0.000103826
0.000103826
0.000103826
0.000103825
0.000103825
0.000103825
0.000103825
0.000103825
0.000103825
0.000103825
0.000103824
0.000103824
0.000103824
0.000103824
0.000103824
0.000103823
0.000103823
0.000103823
0.000103823
0.000103822
0.000103822
0.000103822
0.000103821
0.000103821
0.000103821
0.00010382
0.00010382
0.00010382
0.000103819
0.000103819
0.000103819
0.000103818
0.000103818
0.000103817
0.000103817
0.000103817
0.000103816
0.000103816
0.000103815
0.000103815
0.000103814
0.000103814
0.000103813
0.000103813
0.000103813
0.000103812
0.000103812
0.000103811
0.000103811
0.00010381
0.00010381
0.00010381
0.000103809
0.000103809
0.000103808
0.000103808
0.000103807
0.000103807
0.000103807
0.000103806
0.000103806
0.000103806
0.000103805
0.000103805
0.000103805
0.000103804
0.000103804
0.000103804
0.000103803
0.000103803
0.000103803
0.000103803
0.000103803
0.000103802
0.000103802
0.000103802
0.000103802
0.000103802
0.000103802
0.000103802
0.000103801
0.000103799
0.000103789
0.000103749
0.000103606
0.000103138
0.000101784
9.83926e-05
9.12133e-05
7.81126e-05
5.39686e-05
3.86437e-05
3.99576e-05
4.24995e-05
4.4062e-05
4.40709e-05
4.25248e-05
3.99888e-05
3.86238e-05
5.35406e-05
7.7877e-05
9.10844e-05
9.83284e-05
0.000101756
0.000103127
0.000103602
0.000103747
0.000103788
0.000103798
0.0001038
0.000103801
0.000103801
0.000103801
0.000103801
0.000103801
0.000103801
0.000103801
0.000103801
0.000103801
0.000103802
0.000103802
0.000103802
0.000103802
0.000103802
0.000103803
0.000103803
0.000103803
0.000103804
0.000103804
0.000103804
0.000103804
0.000103805
0.000103805
0.000103805
0.000103806
0.000103806
0.000103807
0.000103807
0.000103807
0.000103808
0.000103808
0.000103809
0.000103809
0.000103809
0.00010381
0.00010381
0.000103811
0.000103811
0.000103811
0.000103812
0.000103812
0.000103813
0.000103813
0.000103813
0.000103814
0.000103814
0.000103815
0.000103815
0.000103815
0.000103816
0.000103816
0.000103816
0.000103817
0.000103817
0.000103817
0.000103818
0.000103818
0.000103818
0.000103819
0.000103819
0.000103819
0.000103819
0.00010382
0.00010382
0.00010382
0.00010382
0.000103821
0.000103821
0.000103821
0.000103821
0.000103821
0.000103822
0.000103822
0.000103822
0.000103822
0.000103822
0.000103822
0.000103822
0.000103822
0.000103822
0.000103823
0.000103823
0.000103823
0.000103823
0.000103823
0.00010381
0.00010381
0.00010381
0.00010381
0.00010381
0.00010381
0.00010381
0.00010381
0.000103809
0.000103809
0.000103809
0.000103809
0.000103809
0.000103809
0.000103809
0.000103808
0.000103808
0.000103808
0.000103808
0.000103808
0.000103807
0.000103807
0.000103807
0.000103806
0.000103806
0.000103806
0.000103806
0.000103805
0.000103805
0.000103805
0.000103804
0.000103804
0.000103803
0.000103803
0.000103803
0.000103802
0.000103802
0.000103802
0.000103801
0.000103801
0.0001038
0.0001038
0.000103799
0.000103799
0.000103798
0.000103798
0.000103798
0.000103797
0.000103797
0.000103796
0.000103796
0.000103795
0.000103795
0.000103794
0.000103794
0.000103794
0.000103793
0.000103793
0.000103792
0.000103792
0.000103791
0.000103791
0.000103791
0.00010379
0.00010379
0.000103789
0.000103789
0.000103789
0.000103788
0.000103788
0.000103788
0.000103787
0.000103787
0.000103787
0.000103787
0.000103786
0.000103786
0.000103786
0.000103786
0.000103786
0.000103785
0.000103785
0.000103785
0.000103785
0.000103785
0.000103784
0.000103782
0.000103772
0.000103732
0.000103589
0.000103121
0.000101767
9.83748e-05
9.11931e-05
7.80843e-05
5.38972e-05
3.86133e-05
3.99425e-05
4.24882e-05
4.40521e-05
4.4061e-05
4.25138e-05
3.99741e-05
3.85936e-05
5.34635e-05
7.78458e-05
9.10628e-05
9.83099e-05
0.000101739
0.00010311
0.000103585
0.000103731
0.000103771
0.000103781
0.000103783
0.000103784
0.000103784
0.000103784
0.000103784
0.000103784
0.000103784
0.000103784
0.000103785
0.000103785
0.000103785
0.000103785
0.000103785
0.000103786
0.000103786
0.000103786
0.000103786
0.000103787
0.000103787
0.000103787
0.000103788
0.000103788
0.000103788
0.000103789
0.000103789
0.000103789
0.00010379
0.00010379
0.00010379
0.000103791
0.000103791
0.000103792
0.000103792
0.000103793
0.000103793
0.000103793
0.000103794
0.000103794
0.000103795
0.000103795
0.000103795
0.000103796
0.000103796
0.000103797
0.000103797
0.000103797
0.000103798
0.000103798
0.000103799
0.000103799
0.000103799
0.0001038
0.0001038
0.000103801
0.000103801
0.000103801
0.000103802
0.000103802
0.000103802
0.000103802
0.000103803
0.000103803
0.000103803
0.000103804
0.000103804
0.000103804
0.000103804
0.000103805
0.000103805
0.000103805
0.000103805
0.000103805
0.000103805
0.000103806
0.000103806
0.000103806
0.000103806
0.000103806
0.000103806
0.000103806
0.000103806
0.000103806
0.000103806
0.000103807
0.000103807
0.000103807
0.000103794
0.000103794
0.000103794
0.000103794
0.000103794
0.000103794
0.000103794
0.000103794
0.000103793
0.000103793
0.000103793
0.000103793
0.000103793
0.000103793
0.000103793
0.000103792
0.000103792
0.000103792
0.000103792
0.000103791
0.000103791
0.000103791
0.000103791
0.00010379
0.00010379
0.00010379
0.000103789
0.000103789
0.000103789
0.000103788
0.000103788
0.000103788
0.000103787
0.000103787
0.000103787
0.000103786
0.000103786
0.000103785
0.000103785
0.000103784
0.000103784
0.000103784
0.000103783
0.000103783
0.000103782
0.000103782
0.000103781
0.000103781
0.00010378
0.00010378
0.000103779
0.000103779
0.000103778
0.000103778
0.000103778
0.000103777
0.000103777
0.000103776
0.000103776
0.000103775
0.000103775
0.000103774
0.000103774
0.000103774
0.000103773
0.000103773
0.000103772
0.000103772
0.000103772
0.000103771
0.000103771
0.000103771
0.00010377
0.00010377
0.00010377
0.00010377
0.000103769
0.000103769
0.000103769
0.000103769
0.000103769
0.000103769
0.000103768
0.000103768
0.000103768
0.000103768
0.000103765
0.000103755
0.000103716
0.000103572
0.000103104
0.00010175
9.83576e-05
9.11739e-05
7.80574e-05
5.38275e-05
3.8583e-05
3.99272e-05
4.24768e-05
4.4042e-05
4.40511e-05
4.25027e-05
3.99592e-05
3.85636e-05
5.33888e-05
7.78164e-05
9.10423e-05
9.8292e-05
0.000101722
0.000103094
0.000103568
0.000103714
0.000103754
0.000103764
0.000103767
0.000103767
0.000103767
0.000103767
0.000103767
0.000103768
0.000103768
0.000103768
0.000103768
0.000103768
0.000103768
0.000103768
0.000103769
0.000103769
0.000103769
0.000103769
0.00010377
0.00010377
0.00010377
0.000103771
0.000103771
0.000103771
0.000103772
0.000103772
0.000103772
0.000103773
0.000103773
0.000103774
0.000103774
0.000103774
0.000103775
0.000103775
0.000103776
0.000103776
0.000103776
0.000103777
0.000103777
0.000103778
0.000103778
0.000103779
0.000103779
0.00010378
0.00010378
0.00010378
0.000103781
0.000103781
0.000103782
0.000103782
0.000103782
0.000103783
0.000103783
0.000103784
0.000103784
0.000103784
0.000103785
0.000103785
0.000103785
0.000103786
0.000103786
0.000103786
0.000103787
0.000103787
0.000103787
0.000103787
0.000103788
0.000103788
0.000103788
0.000103788
0.000103789
0.000103789
0.000103789
0.000103789
0.000103789
0.00010379
0.00010379
0.00010379
0.00010379
0.00010379
0.00010379
0.00010379
0.00010379
0.00010379
0.00010379
0.00010379
0.00010379
0.00010379
0.000103778
0.000103778
0.000103778
0.000103778
0.000103778
0.000103778
0.000103778
0.000103777
0.000103777
0.000103777
0.000103777
0.000103777
0.000103777
0.000103777
0.000103776
0.000103776
0.000103776
0.000103776
0.000103776
0.000103775
0.000103775
0.000103775
0.000103775
0.000103774
0.000103774
0.000103774
0.000103773
0.000103773
0.000103773
0.000103772
0.000103772
0.000103771
0.000103771
0.000103771
0.00010377
0.00010377
0.000103769
0.000103769
0.000103769
0.000103768
0.000103768
0.000103767
0.000103767
0.000103766
0.000103766
0.000103765
0.000103765
0.000103764
0.000103764
0.000103763
0.000103763
0.000103762
0.000103762
0.000103762
0.000103761
0.000103761
0.00010376
0.00010376
0.000103759
0.000103759
0.000103758
0.000103758
0.000103757
0.000103757
0.000103757
0.000103756
0.000103756
0.000103755
0.000103755
0.000103755
0.000103754
0.000103754
0.000103754
0.000103753
0.000103753
0.000103753
0.000103753
0.000103752
0.000103752
0.000103752
0.000103752
0.000103752
0.000103752
0.000103752
0.000103751
0.000103751
0.000103748
0.000103738
0.000103699
0.000103555
0.000103087
0.000101734
9.83408e-05
9.11556e-05
7.8032e-05
5.37599e-05
3.85528e-05
3.99118e-05
4.24653e-05
4.40319e-05
4.4041e-05
4.24915e-05
3.99441e-05
3.85336e-05
5.33163e-05
7.77884e-05
9.10226e-05
9.82745e-05
0.000101705
0.000103077
0.000103551
0.000103697
0.000103737
0.000103748
0.00010375
0.00010375
0.000103751
0.000103751
0.000103751
0.000103751
0.000103751
0.000103751
0.000103751
0.000103751
0.000103751
0.000103752
0.000103752
0.000103752
0.000103752
0.000103753
0.000103753
0.000103753
0.000103754
0.000103754
0.000103754
0.000103755
0.000103755
0.000103755
0.000103756
0.000103756
0.000103757
0.000103757
0.000103757
0.000103758
0.000103758
0.000103759
0.000103759
0.00010376
0.00010376
0.00010376
0.000103761
0.000103761
0.000103762
0.000103762
0.000103763
0.000103763
0.000103764
0.000103764
0.000103764
0.000103765
0.000103765
0.000103766
0.000103766
0.000103767
0.000103767
0.000103767
0.000103768
0.000103768
0.000103768
0.000103769
0.000103769
0.000103769
0.00010377
0.00010377
0.00010377
0.000103771
0.000103771
0.000103771
0.000103772
0.000103772
0.000103772
0.000103772
0.000103773
0.000103773
0.000103773
0.000103773
0.000103773
0.000103773
0.000103774
0.000103774
0.000103774
0.000103774
0.000103774
0.000103774
0.000103774
0.000103774
0.000103774
0.000103774
0.000103774
0.000103774
0.000103762
0.000103762
0.000103762
0.000103762
0.000103762
0.000103762
0.000103762
0.000103761
0.000103761
0.000103761
0.000103761
0.000103761
0.000103761
0.000103761
0.00010376
0.00010376
0.00010376
0.00010376
0.00010376
0.000103759
0.000103759
0.000103759
0.000103758
0.000103758
0.000103758
0.000103758
0.000103757
0.000103757
0.000103756
0.000103756
0.000103756
0.000103755
0.000103755
0.000103755
0.000103754
0.000103754
0.000103753
0.000103753
0.000103752
0.000103752
0.000103751
0.000103751
0.00010375
0.00010375
0.00010375
0.000103749
0.000103749
0.000103748
0.000103748
0.000103747
0.000103747
0.000103746
0.000103746
0.000103745
0.000103745
0.000103744
0.000103744
0.000103743
0.000103743
0.000103742
0.000103742
0.000103741
0.000103741
0.00010374
0.00010374
0.00010374
0.000103739
0.000103739
0.000103738
0.000103738
0.000103738
0.000103737
0.000103737
0.000103737
0.000103736
0.000103736
0.000103736
0.000103736
0.000103735
0.000103735
0.000103735
0.000103735
0.000103735
0.000103735
0.000103735
0.000103734
0.000103732
0.000103722
0.000103682
0.000103539
0.000103071
0.000101717
9.83244e-05
9.11382e-05
7.8008e-05
5.36942e-05
3.85226e-05
3.98963e-05
4.24538e-05
4.40217e-05
4.40309e-05
4.24802e-05
3.9929e-05
3.85037e-05
5.32452e-05
7.77617e-05
9.10037e-05
9.82574e-05
0.000101688
0.00010306
0.000103535
0.00010368
0.000103721
0.000103731
0.000103733
0.000103734
0.000103734
0.000103734
0.000103734
0.000103734
0.000103734
0.000103734
0.000103734
0.000103734
0.000103735
0.000103735
0.000103735
0.000103735
0.000103736
0.000103736
0.000103736
0.000103737
0.000103737
0.000103737
0.000103738
0.000103738
0.000103738
0.000103739
0.000103739
0.00010374
0.00010374
0.00010374
0.000103741
0.000103741
0.000103742
0.000103742
0.000103743
0.000103743
0.000103744
0.000103744
0.000103745
0.000103745
0.000103745
0.000103746
0.000103746
0.000103747
0.000103747
0.000103748
0.000103748
0.000103749
0.000103749
0.000103749
0.00010375
0.00010375
0.000103751
0.000103751
0.000103751
0.000103752
0.000103752
0.000103753
0.000103753
0.000103753
0.000103754
0.000103754
0.000103754
0.000103755
0.000103755
0.000103755
0.000103755
0.000103756
0.000103756
0.000103756
0.000103756
0.000103757
0.000103757
0.000103757
0.000103757
0.000103757
0.000103758
0.000103758
0.000103758
0.000103758
0.000103758
0.000103758
0.000103758
0.000103758
0.000103758
0.000103758
0.000103758
0.000103758
0.000103746
0.000103746
0.000103746
0.000103746
0.000103746
0.000103746
0.000103746
0.000103745
0.000103745
0.000103745
0.000103745
0.000103745
0.000103745
0.000103745
0.000103744
0.000103744
0.000103744
0.000103744
0.000103743
0.000103743
0.000103743
0.000103743
0.000103742
0.000103742
0.000103742
0.000103741
0.000103741
0.000103741
0.00010374
0.00010374
0.00010374
0.000103739
0.000103739
0.000103738
0.000103738
0.000103737
0.000103737
0.000103737
0.000103736
0.000103736
0.000103735
0.000103735
0.000103734
0.000103734
0.000103733
0.000103733
0.000103732
0.000103732
0.000103731
0.000103731
0.00010373
0.00010373
0.000103729
0.000103729
0.000103728
0.000103728
0.000103727
0.000103727
0.000103726
0.000103726
0.000103725
0.000103725
0.000103724
0.000103724
0.000103723
0.000103723
0.000103722
0.000103722
0.000103722
0.000103721
0.000103721
0.000103721
0.00010372
0.00010372
0.00010372
0.000103719
0.000103719
0.000103719
0.000103719
0.000103718
0.000103718
0.000103718
0.000103718
0.000103718
0.000103718
0.000103717
0.000103715
0.000103705
0.000103665
0.000103522
0.000103054
0.000101701
9.83084e-05
9.11215e-05
7.79853e-05
5.36303e-05
3.84926e-05
3.98806e-05
4.24421e-05
4.40114e-05
4.40208e-05
4.24688e-05
3.99137e-05
3.84738e-05
5.31758e-05
7.77362e-05
9.09857e-05
9.82408e-05
0.000101672
0.000103043
0.000103518
0.000103663
0.000103704
0.000103714
0.000103716
0.000103717
0.000103717
0.000103717
0.000103717
0.000103717
0.000103717
0.000103717
0.000103717
0.000103718
0.000103718
0.000103718
0.000103718
0.000103719
0.000103719
0.000103719
0.00010372
0.00010372
0.00010372
0.000103721
0.000103721
0.000103721
0.000103722
0.000103722
0.000103723
0.000103723
0.000103723
0.000103724
0.000103724
0.000103725
0.000103725
0.000103726
0.000103726
0.000103727
0.000103727
0.000103728
0.000103728
0.000103729
0.000103729
0.000103729
0.00010373
0.00010373
0.000103731
0.000103731
0.000103732
0.000103732
0.000103733
0.000103733
0.000103734
0.000103734
0.000103734
0.000103735
0.000103735
0.000103736
0.000103736
0.000103736
0.000103737
0.000103737
0.000103737
0.000103738
0.000103738
0.000103738
0.000103739
0.000103739
0.000103739
0.00010374
0.00010374
0.00010374
0.00010374
0.000103741
0.000103741
0.000103741
0.000103741
0.000103741
0.000103741
0.000103742
0.000103742
0.000103742
0.000103742
0.000103742
0.000103742
0.000103742
0.000103742
0.000103742
0.000103742
0.000103742
0.00010373
0.00010373
0.00010373
0.00010373
0.00010373
0.00010373
0.00010373
0.000103729
0.000103729
0.000103729
0.000103729
0.000103729
0.000103729
0.000103729
0.000103728
0.000103728
0.000103728
0.000103728
0.000103727
0.000103727
0.000103727
0.000103727
0.000103726
0.000103726
0.000103726
0.000103725
0.000103725
0.000103725
0.000103724
0.000103724
0.000103723
0.000103723
0.000103723
0.000103722
0.000103722
0.000103721
0.000103721
0.00010372
0.00010372
0.000103719
0.000103719
0.000103718
0.000103718
0.000103717
0.000103717
0.000103716
0.000103716
0.000103715
0.000103715
0.000103714
0.000103714
0.000103713
0.000103713
0.000103712
0.000103712
0.000103711
0.000103711
0.00010371
0.00010371
0.000103709
0.000103709
0.000103708
0.000103708
0.000103707
0.000103707
0.000103706
0.000103706
0.000103705
0.000103705
0.000103705
0.000103704
0.000103704
0.000103703
0.000103703
0.000103703
0.000103703
0.000103702
0.000103702
0.000103702
0.000103702
0.000103701
0.000103701
0.000103701
0.000103701
0.000103701
0.0001037
0.000103698
0.000103688
0.000103648
0.000103505
0.000103038
0.000101685
9.82929e-05
9.11056e-05
7.79639e-05
5.35681e-05
3.84625e-05
3.98649e-05
4.24304e-05
4.40011e-05
4.40105e-05
4.24574e-05
3.98984e-05
3.84441e-05
5.31081e-05
7.7712e-05
9.09684e-05
9.82246e-05
0.000101656
0.000103027
0.000103501
0.000103646
0.000103687
0.000103697
0.000103699
0.0001037
0.0001037
0.0001037
0.0001037
0.0001037
0.0001037
0.0001037
0.000103701
0.000103701
0.000103701
0.000103701
0.000103702
0.000103702
0.000103702
0.000103702
0.000103703
0.000103703
0.000103703
0.000103704
0.000103704
0.000103705
0.000103705
0.000103705
0.000103706
0.000103706
0.000103707
0.000103707
0.000103708
0.000103708
0.000103709
0.000103709
0.00010371
0.00010371
0.000103711
0.000103711
0.000103712
0.000103712
0.000103713
0.000103713
0.000103714
0.000103714
0.000103715
0.000103715
0.000103716
0.000103716
0.000103716
0.000103717
0.000103717
0.000103718
0.000103718
0.000103719
0.000103719
0.000103719
0.00010372
0.00010372
0.000103721
0.000103721
0.000103721
0.000103722
0.000103722
0.000103722
0.000103723
0.000103723
0.000103723
0.000103723
0.000103724
0.000103724
0.000103724
0.000103724
0.000103725
0.000103725
0.000103725
0.000103725
0.000103725
0.000103726
0.000103726
0.000103726
0.000103726
0.000103726
0.000103726
0.000103726
0.000103726
0.000103726
0.000103726
0.000103726
0.000103714
0.000103714
0.000103714
0.000103714
0.000103714
0.000103714
0.000103714
0.000103713
0.000103713
0.000103713
0.000103713
0.000103713
0.000103713
0.000103713
0.000103712
0.000103712
0.000103712
0.000103712
0.000103711
0.000103711
0.000103711
0.000103711
0.00010371
0.00010371
0.00010371
0.000103709
0.000103709
0.000103708
0.000103708
0.000103708
0.000103707
0.000103707
0.000103706
0.000103706
0.000103706
0.000103705
0.000103705
0.000103704
0.000103704
0.000103703
0.000103703
0.000103702
0.000103702
0.000103701
0.000103701
0.0001037
0.000103699
0.000103699
0.000103698
0.000103698
0.000103697
0.000103697
0.000103696
0.000103696
0.000103695
0.000103695
0.000103694
0.000103693
0.000103693
0.000103692
0.000103692
0.000103691
0.000103691
0.00010369
0.00010369
0.000103689
0.000103689
0.000103689
0.000103688
0.000103688
0.000103687
0.000103687
0.000103687
0.000103686
0.000103686
0.000103686
0.000103685
0.000103685
0.000103685
0.000103685
0.000103684
0.000103684
0.000103684
0.000103684
0.000103684
0.000103683
0.000103681
0.000103671
0.000103631
0.000103488
0.000103021
0.000101669
9.82778e-05
9.10906e-05
7.79438e-05
5.35077e-05
3.84326e-05
3.9849e-05
4.24185e-05
4.39907e-05
4.40002e-05
4.24458e-05
3.98829e-05
3.84143e-05
5.3042e-05
7.76892e-05
9.09519e-05
9.82088e-05
0.000101639
0.00010301
0.000103484
0.00010363
0.00010367
0.00010368
0.000103682
0.000103683
0.000103683
0.000103683
0.000103683
0.000103683
0.000103683
0.000103684
0.000103684
0.000103684
0.000103684
0.000103684
0.000103685
0.000103685
0.000103685
0.000103686
0.000103686
0.000103686
0.000103687
0.000103687
0.000103688
0.000103688
0.000103688
0.000103689
0.000103689
0.00010369
0.00010369
0.000103691
0.000103691
0.000103692
0.000103692
0.000103693
0.000103693
0.000103694
0.000103694
0.000103695
0.000103695
0.000103696
0.000103696
0.000103697
0.000103697
0.000103698
0.000103698
0.000103699
0.000103699
0.0001037
0.0001037
0.000103701
0.000103701
0.000103702
0.000103702
0.000103702
0.000103703
0.000103703
0.000103704
0.000103704
0.000103704
0.000103705
0.000103705
0.000103706
0.000103706
0.000103706
0.000103707
0.000103707
0.000103707
0.000103707
0.000103708
0.000103708
0.000103708
0.000103708
0.000103709
0.000103709
0.000103709
0.000103709
0.000103709
0.000103709
0.00010371
0.00010371
0.00010371
0.00010371
0.00010371
0.00010371
0.00010371
0.00010371
0.00010371
0.00010371
0.000103698
0.000103698
0.000103698
0.000103698
0.000103698
0.000103698
0.000103698
0.000103697
0.000103697
0.000103697
0.000103697
0.000103697
0.000103697
0.000103697
0.000103696
0.000103696
0.000103696
0.000103696
0.000103695
0.000103695
0.000103695
0.000103694
0.000103694
0.000103694
0.000103693
0.000103693
0.000103693
0.000103692
0.000103692
0.000103692
0.000103691
0.000103691
0.00010369
0.00010369
0.000103689
0.000103689
0.000103688
0.000103688
0.000103687
0.000103687
0.000103686
0.000103686
0.000103685
0.000103685
0.000103684
0.000103684
0.000103683
0.000103683
0.000103682
0.000103681
0.000103681
0.00010368
0.00010368
0.000103679
0.000103679
0.000103678
0.000103677
0.000103677
0.000103676
0.000103676
0.000103675
0.000103675
0.000103674
0.000103674
0.000103673
0.000103673
0.000103672
0.000103672
0.000103671
0.000103671
0.000103671
0.00010367
0.00010367
0.000103669
0.000103669
0.000103669
0.000103669
0.000103668
0.000103668
0.000103668
0.000103668
0.000103667
0.000103667
0.000103667
0.000103667
0.000103666
0.000103664
0.000103654
0.000103614
0.000103471
0.000103005
0.000101653
9.82633e-05
9.10765e-05
7.79251e-05
5.34492e-05
3.84027e-05
3.9833e-05
4.24066e-05
4.39802e-05
4.39899e-05
4.24341e-05
3.98673e-05
3.83847e-05
5.29779e-05
7.76678e-05
9.09364e-05
9.81936e-05
0.000101623
0.000102993
0.000103467
0.000103613
0.000103653
0.000103663
0.000103665
0.000103666
0.000103666
0.000103666
0.000103666
0.000103666
0.000103666
0.000103667
0.000103667
0.000103667
0.000103667
0.000103668
0.000103668
0.000103668
0.000103668
0.000103669
0.000103669
0.00010367
0.00010367
0.00010367
0.000103671
0.000103671
0.000103672
0.000103672
0.000103673
0.000103673
0.000103674
0.000103674
0.000103675
0.000103675
0.000103676
0.000103676
0.000103677
0.000103677
0.000103678
0.000103678
0.000103679
0.000103679
0.00010368
0.00010368
0.000103681
0.000103681
0.000103682
0.000103682
0.000103683
0.000103683
0.000103684
0.000103684
0.000103685
0.000103685
0.000103686
0.000103686
0.000103687
0.000103687
0.000103687
0.000103688
0.000103688
0.000103689
0.000103689
0.000103689
0.00010369
0.00010369
0.00010369
0.000103691
0.000103691
0.000103691
0.000103692
0.000103692
0.000103692
0.000103692
0.000103693
0.000103693
0.000103693
0.000103693
0.000103693
0.000103693
0.000103694
0.000103694
0.000103694
0.000103694
0.000103694
0.000103694
0.000103694
0.000103694
0.000103694
0.000103694
0.000103682
0.000103682
0.000103682
0.000103682
0.000103682
0.000103682
0.000103682
0.000103681
0.000103681
0.000103681
0.000103681
0.000103681
0.000103681
0.000103681
0.00010368
0.00010368
0.00010368
0.00010368
0.000103679
0.000103679
0.000103679
0.000103678
0.000103678
0.000103678
0.000103677
0.000103677
0.000103677
0.000103676
0.000103676
0.000103675
0.000103675
0.000103675
0.000103674
0.000103674
0.000103673
0.000103673
0.000103672
0.000103672
0.000103671
0.000103671
0.00010367
0.00010367
0.000103669
0.000103668
0.000103668
0.000103667
0.000103667
0.000103666
0.000103666
0.000103665
0.000103664
0.000103664
0.000103663
0.000103663
0.000103662
0.000103662
0.000103661
0.00010366
0.00010366
0.000103659
0.000103659
0.000103658
0.000103658
0.000103657
0.000103657
0.000103656
0.000103656
0.000103655
0.000103655
0.000103654
0.000103654
0.000103653
0.000103653
0.000103653
0.000103652
0.000103652
0.000103652
0.000103651
0.000103651
0.000103651
0.000103651
0.00010365
0.00010365
0.00010365
0.00010365
0.000103649
0.000103647
0.000103637
0.000103597
0.000103455
0.000102988
0.000101638
9.82492e-05
9.10634e-05
7.79081e-05
5.33929e-05
3.83729e-05
3.98168e-05
4.23945e-05
4.39697e-05
4.39794e-05
4.24223e-05
3.98515e-05
3.83551e-05
5.2916e-05
7.7648e-05
9.09219e-05
9.81788e-05
0.000101608
0.000102977
0.00010345
0.000103596
0.000103636
0.000103646
0.000103648
0.000103649
0.000103649
0.000103649
0.000103649
0.000103649
0.000103649
0.00010365
0.00010365
0.00010365
0.00010365
0.000103651
0.000103651
0.000103651
0.000103652
0.000103652
0.000103652
0.000103653
0.000103653
0.000103654
0.000103654
0.000103654
0.000103655
0.000103655
0.000103656
0.000103656
0.000103657
0.000103657
0.000103658
0.000103658
0.000103659
0.00010366
0.00010366
0.000103661
0.000103661
0.000103662
0.000103662
0.000103663
0.000103663
0.000103664
0.000103664
0.000103665
0.000103666
0.000103666
0.000103667
0.000103667
0.000103668
0.000103668
0.000103669
0.000103669
0.000103669
0.00010367
0.00010367
0.000103671
0.000103671
0.000103672
0.000103672
0.000103672
0.000103673
0.000103673
0.000103674
0.000103674
0.000103674
0.000103675
0.000103675
0.000103675
0.000103675
0.000103676
0.000103676
0.000103676
0.000103676
0.000103677
0.000103677
0.000103677
0.000103677
0.000103677
0.000103678
0.000103678
0.000103678
0.000103678
0.000103678
0.000103678
0.000103678
0.000103678
0.000103678
0.000103678
0.000103666
0.000103666
0.000103666
0.000103666
0.000103666
0.000103666
0.000103666
0.000103666
0.000103665
0.000103665
0.000103665
0.000103665
0.000103665
0.000103665
0.000103664
0.000103664
0.000103664
0.000103664
0.000103663
0.000103663
0.000103663
0.000103662
0.000103662
0.000103662
0.000103661
0.000103661
0.000103661
0.00010366
0.00010366
0.000103659
0.000103659
0.000103658
0.000103658
0.000103657
0.000103657
0.000103657
0.000103656
0.000103655
0.000103655
0.000103654
0.000103654
0.000103653
0.000103653
0.000103652
0.000103652
0.000103651
0.00010365
0.00010365
0.000103649
0.000103649
0.000103648
0.000103647
0.000103647
0.000103646
0.000103646
0.000103645
0.000103644
0.000103644
0.000103643
0.000103643
0.000103642
0.000103641
0.000103641
0.00010364
0.00010364
0.000103639
0.000103639
0.000103638
0.000103638
0.000103637
0.000103637
0.000103637
0.000103636
0.000103636
0.000103635
0.000103635
0.000103635
0.000103634
0.000103634
0.000103634
0.000103634
0.000103633
0.000103633
0.000103633
0.000103633
0.000103632
0.00010363
0.00010362
0.00010358
0.000103438
0.000102972
0.000101622
9.82358e-05
9.10514e-05
7.7893e-05
5.33393e-05
3.83431e-05
3.98004e-05
4.23823e-05
4.3959e-05
4.39689e-05
4.24104e-05
3.98356e-05
3.83255e-05
5.28565e-05
7.76301e-05
9.09085e-05
9.81647e-05
0.000101592
0.000102961
0.000103434
0.000103579
0.000103619
0.000103629
0.000103631
0.000103632
0.000103632
0.000103632
0.000103632
0.000103632
0.000103633
0.000103633
0.000103633
0.000103633
0.000103633
0.000103634
0.000103634
0.000103634
0.000103635
0.000103635
0.000103636
0.000103636
0.000103636
0.000103637
0.000103637
0.000103638
0.000103638
0.000103639
0.000103639
0.00010364
0.00010364
0.000103641
0.000103641
0.000103642
0.000103642
0.000103643
0.000103644
0.000103644
0.000103645
0.000103645
0.000103646
0.000103646
0.000103647
0.000103648
0.000103648
0.000103649
0.000103649
0.00010365
0.00010365
0.000103651
0.000103651
0.000103652
0.000103652
0.000103653
0.000103653
0.000103654
0.000103654
0.000103655
0.000103655
0.000103656
0.000103656
0.000103656
0.000103657
0.000103657
0.000103657
0.000103658
0.000103658
0.000103659
0.000103659
0.000103659
0.000103659
0.00010366
0.00010366
0.00010366
0.00010366
0.000103661
0.000103661
0.000103661
0.000103661
0.000103661
0.000103662
0.000103662
0.000103662
0.000103662
0.000103662
0.000103662
0.000103662
0.000103662
0.000103662
0.000103662
0.00010365
0.00010365
0.00010365
0.00010365
0.00010365
0.00010365
0.00010365
0.00010365
0.000103649
0.000103649
0.000103649
0.000103649
0.000103649
0.000103649
0.000103648
0.000103648
0.000103648
0.000103648
0.000103647
0.000103647
0.000103647
0.000103646
0.000103646
0.000103646
0.000103645
0.000103645
0.000103645
0.000103644
0.000103644
0.000103643
0.000103643
0.000103642
0.000103642
0.000103641
0.000103641
0.00010364
0.00010364
0.000103639
0.000103639
0.000103638
0.000103638
0.000103637
0.000103636
0.000103636
0.000103635
0.000103635
0.000103634
0.000103633
0.000103633
0.000103632
0.000103632
0.000103631
0.00010363
0.00010363
0.000103629
0.000103628
0.000103628
0.000103627
0.000103627
0.000103626
0.000103625
0.000103625
0.000103624
0.000103624
0.000103623
0.000103623
0.000103622
0.000103622
0.000103621
0.000103621
0.00010362
0.00010362
0.000103619
0.000103619
0.000103618
0.000103618
0.000103618
0.000103617
0.000103617
0.000103617
0.000103617
0.000103616
0.000103616
0.000103616
0.000103616
0.000103615
0.000103613
0.000103603
0.000103563
0.000103421
0.000102956
0.000101608
9.82231e-05
9.10409e-05
7.78801e-05
5.32888e-05
3.83135e-05
3.97839e-05
4.23699e-05
4.39483e-05
4.39582e-05
4.23983e-05
3.98194e-05
3.82961e-05
5.28002e-05
7.76144e-05
9.08966e-05
9.81514e-05
0.000101577
0.000102944
0.000103417
0.000103562
0.000103602
0.000103612
0.000103614
0.000103615
0.000103615
0.000103615
0.000103615
0.000103615
0.000103615
0.000103616
0.000103616
0.000103616
0.000103616
0.000103617
0.000103617
0.000103617
0.000103618
0.000103618
0.000103619
0.000103619
0.00010362
0.00010362
0.00010362
0.000103621
0.000103621
0.000103622
0.000103623
0.000103623
0.000103624
0.000103624
0.000103625
0.000103625
0.000103626
0.000103626
0.000103627
0.000103628
0.000103628
0.000103629
0.000103629
0.00010363
0.000103631
0.000103631
0.000103632
0.000103632
0.000103633
0.000103633
0.000103634
0.000103634
0.000103635
0.000103636
0.000103636
0.000103637
0.000103637
0.000103638
0.000103638
0.000103638
0.000103639
0.000103639
0.00010364
0.00010364
0.000103641
0.000103641
0.000103641
0.000103642
0.000103642
0.000103642
0.000103643
0.000103643
0.000103643
0.000103644
0.000103644
0.000103644
0.000103644
0.000103645
0.000103645
0.000103645
0.000103645
0.000103645
0.000103646
0.000103646
0.000103646
0.000103646
0.000103646
0.000103646
0.000103646
0.000103646
0.000103646
0.000103646
0.000103634
0.000103634
0.000103634
0.000103634
0.000103634
0.000103634
0.000103634
0.000103634
0.000103633
0.000103633
0.000103633
0.000103633
0.000103633
0.000103633
0.000103632
0.000103632
0.000103632
0.000103632
0.000103631
0.000103631
0.000103631
0.00010363
0.00010363
0.00010363
0.000103629
0.000103629
0.000103628
0.000103628
0.000103628
0.000103627
0.000103627
0.000103626
0.000103626
0.000103625
0.000103625
0.000103624
0.000103624
0.000103623
0.000103623
0.000103622
0.000103621
0.000103621
0.00010362
0.00010362
0.000103619
0.000103618
0.000103618
0.000103617
0.000103616
0.000103616
0.000103615
0.000103614
0.000103614
0.000103613
0.000103613
0.000103612
0.000103611
0.000103611
0.00010361
0.000103609
0.000103609
0.000103608
0.000103607
0.000103607
0.000103606
0.000103606
0.000103605
0.000103605
0.000103604
0.000103604
0.000103603
0.000103603
0.000103602
0.000103602
0.000103601
0.000103601
0.000103601
0.0001036
0.0001036
0.0001036
0.0001036
0.000103599
0.000103599
0.000103599
0.000103599
0.000103598
0.000103596
0.000103586
0.000103546
0.000103404
0.00010294
0.000101593
9.82113e-05
9.1032e-05
7.78699e-05
5.32422e-05
3.82839e-05
3.9767e-05
4.23573e-05
4.39373e-05
4.39474e-05
4.2386e-05
3.9803e-05
3.82667e-05
5.27477e-05
7.76013e-05
9.08862e-05
9.81389e-05
0.000101562
0.000102928
0.0001034
0.000103545
0.000103585
0.000103595
0.000103597
0.000103598
0.000103598
0.000103598
0.000103598
0.000103598
0.000103598
0.000103599
0.000103599
0.000103599
0.000103599
0.0001036
0.0001036
0.000103601
0.000103601
0.000103601
0.000103602
0.000103602
0.000103603
0.000103603
0.000103604
0.000103604
0.000103605
0.000103605
0.000103606
0.000103606
0.000103607
0.000103608
0.000103608
0.000103609
0.000103609
0.00010361
0.00010361
0.000103611
0.000103612
0.000103612
0.000103613
0.000103614
0.000103614
0.000103615
0.000103615
0.000103616
0.000103616
0.000103617
0.000103618
0.000103618
0.000103619
0.000103619
0.00010362
0.00010362
0.000103621
0.000103621
0.000103622
0.000103622
0.000103623
0.000103623
0.000103624
0.000103624
0.000103625
0.000103625
0.000103625
0.000103626
0.000103626
0.000103626
0.000103627
0.000103627
0.000103627
0.000103628
0.000103628
0.000103628
0.000103628
0.000103629
0.000103629
0.000103629
0.000103629
0.000103629
0.00010363
0.00010363
0.00010363
0.00010363
0.00010363
0.00010363
0.00010363
0.00010363
0.00010363
0.00010363
0.000103618
0.000103618
0.000103618
0.000103618
0.000103618
0.000103618
0.000103618
0.000103618
0.000103618
0.000103617
0.000103617
0.000103617
0.000103617
0.000103617
0.000103616
0.000103616
0.000103616
0.000103616
0.000103615
0.000103615
0.000103615
0.000103614
0.000103614
0.000103614
0.000103613
0.000103613
0.000103612
0.000103612
0.000103612
0.000103611
0.000103611
0.00010361
0.00010361
0.000103609
0.000103609
0.000103608
0.000103607
0.000103607
0.000103606
0.000103606
0.000103605
0.000103604
0.000103604
0.000103603
0.000103603
0.000103602
0.000103601
0.000103601
0.0001036
0.000103599
0.000103599
0.000103598
0.000103597
0.000103597
0.000103596
0.000103595
0.000103595
0.000103594
0.000103593
0.000103593
0.000103592
0.000103591
0.000103591
0.00010359
0.00010359
0.000103589
0.000103588
0.000103588
0.000103587
0.000103587
0.000103586
0.000103586
0.000103585
0.000103585
0.000103584
0.000103584
0.000103584
0.000103583
0.000103583
0.000103583
0.000103582
0.000103582
0.000103582
0.000103582
0.000103582
0.000103581
0.000103579
0.000103569
0.000103529
0.000103388
0.000102924
0.000101579
9.82006e-05
9.1025e-05
7.78629e-05
5.32003e-05
3.82544e-05
3.97499e-05
4.23445e-05
4.39262e-05
4.39364e-05
4.23734e-05
3.97863e-05
3.82374e-05
5.26998e-05
7.75916e-05
9.08779e-05
9.81275e-05
0.000101548
0.000102912
0.000103383
0.000103527
0.000103567
0.000103577
0.00010358
0.00010358
0.000103581
0.000103581
0.000103581
0.000103581
0.000103581
0.000103582
0.000103582
0.000103582
0.000103582
0.000103583
0.000103583
0.000103584
0.000103584
0.000103584
0.000103585
0.000103585
0.000103586
0.000103586
0.000103587
0.000103587
0.000103588
0.000103588
0.000103589
0.00010359
0.00010359
0.000103591
0.000103591
0.000103592
0.000103593
0.000103593
0.000103594
0.000103595
0.000103595
0.000103596
0.000103596
0.000103597
0.000103598
0.000103598
0.000103599
0.0001036
0.0001036
0.000103601
0.000103601
0.000103602
0.000103602
0.000103603
0.000103604
0.000103604
0.000103605
0.000103605
0.000103606
0.000103606
0.000103607
0.000103607
0.000103608
0.000103608
0.000103608
0.000103609
0.000103609
0.00010361
0.00010361
0.00010361
0.000103611
0.000103611
0.000103611
0.000103612
0.000103612
0.000103612
0.000103612
0.000103613
0.000103613
0.000103613
0.000103613
0.000103613
0.000103614
0.000103614
0.000103614
0.000103614
0.000103614
0.000103614
0.000103614
0.000103614
0.000103614
0.000103614
0.000103602
0.000103602
0.000103602
0.000103602
0.000103602
0.000103602
0.000103602
0.000103602
0.000103602
0.000103601
0.000103601
0.000103601
0.000103601
0.000103601
0.0001036
0.0001036
0.0001036
0.0001036
0.000103599
0.000103599
0.000103599
0.000103598
0.000103598
0.000103598
0.000103597
0.000103597
0.000103596
0.000103596
0.000103595
0.000103595
0.000103594
0.000103594
0.000103593
0.000103593
0.000103592
0.000103592
0.000103591
0.000103591
0.00010359
0.000103589
0.000103589
0.000103588
0.000103588
0.000103587
0.000103586
0.000103586
0.000103585
0.000103584
0.000103584
0.000103583
0.000103582
0.000103582
0.000103581
0.00010358
0.000103579
0.000103579
0.000103578
0.000103577
0.000103577
0.000103576
0.000103575
0.000103575
0.000103574
0.000103573
0.000103573
0.000103572
0.000103572
0.000103571
0.00010357
0.00010357
0.000103569
0.000103569
0.000103568
0.000103568
0.000103567
0.000103567
0.000103567
0.000103566
0.000103566
0.000103566
0.000103565
0.000103565
0.000103565
0.000103565
0.000103564
0.000103564
0.000103561
0.000103551
0.000103512
0.000103371
0.000102908
0.000101565
9.81911e-05
9.10206e-05
7.78599e-05
5.31646e-05
3.82251e-05
3.97323e-05
4.23313e-05
4.39149e-05
4.39251e-05
4.23606e-05
3.97691e-05
3.82083e-05
5.2658e-05
7.75859e-05
9.08721e-05
9.81175e-05
0.000101534
0.000102896
0.000103366
0.00010351
0.00010355
0.00010356
0.000103563
0.000103563
0.000103563
0.000103564
0.000103564
0.000103564
0.000103564
0.000103564
0.000103565
0.000103565
0.000103565
0.000103566
0.000103566
0.000103567
0.000103567
0.000103567
0.000103568
0.000103568
0.000103569
0.000103569
0.00010357
0.000103571
0.000103571
0.000103572
0.000103572
0.000103573
0.000103574
0.000103574
0.000103575
0.000103575
0.000103576
0.000103577
0.000103577
0.000103578
0.000103579
0.000103579
0.00010358
0.000103581
0.000103581
0.000103582
0.000103583
0.000103583
0.000103584
0.000103584
0.000103585
0.000103586
0.000103586
0.000103587
0.000103587
0.000103588
0.000103588
0.000103589
0.000103589
0.00010359
0.00010359
0.000103591
0.000103591
0.000103592
0.000103592
0.000103593
0.000103593
0.000103594
0.000103594
0.000103594
0.000103595
0.000103595
0.000103595
0.000103596
0.000103596
0.000103596
0.000103596
0.000103597
0.000103597
0.000103597
0.000103597
0.000103597
0.000103598
0.000103598
0.000103598
0.000103598
0.000103598
0.000103598
0.000103598
0.000103598
0.000103598
0.000103598
0.000103586
0.000103586
0.000103586
0.000103586
0.000103586
0.000103586
0.000103586
0.000103586
0.000103586
0.000103586
0.000103585
0.000103585
0.000103585
0.000103585
0.000103585
0.000103584
0.000103584
0.000103584
0.000103583
0.000103583
0.000103583
0.000103582
0.000103582
0.000103582
0.000103581
0.000103581
0.00010358
0.00010358
0.000103579
0.000103579
0.000103578
0.000103578
0.000103577
0.000103577
0.000103576
0.000103576
0.000103575
0.000103575
0.000103574
0.000103573
0.000103573
0.000103572
0.000103571
0.000103571
0.00010357
0.000103569
0.000103569
0.000103568
0.000103567
0.000103566
0.000103566
0.000103565
0.000103564
0.000103564
0.000103563
0.000103562
0.000103561
0.000103561
0.00010356
0.000103559
0.000103559
0.000103558
0.000103557
0.000103557
0.000103556
0.000103555
0.000103555
0.000103554
0.000103553
0.000103553
0.000103552
0.000103552
0.000103551
0.000103551
0.00010355
0.00010355
0.00010355
0.000103549
0.000103549
0.000103548
0.000103548
0.000103548
0.000103548
0.000103547
0.000103547
0.000103547
0.000103544
0.000103534
0.000103495
0.000103354
0.000102893
0.000101553
9.81833e-05
9.10192e-05
7.78619e-05
5.31366e-05
3.8196e-05
3.97143e-05
4.23177e-05
4.39033e-05
4.39136e-05
4.23473e-05
3.97515e-05
3.81793e-05
5.26237e-05
7.75852e-05
9.08693e-05
9.8109e-05
0.000101521
0.000102881
0.00010335
0.000103493
0.000103533
0.000103543
0.000103545
0.000103546
0.000103546
0.000103546
0.000103547
0.000103547
0.000103547
0.000103547
0.000103548
0.000103548
0.000103548
0.000103549
0.000103549
0.00010355
0.00010355
0.00010355
0.000103551
0.000103551
0.000103552
0.000103553
0.000103553
0.000103554
0.000103554
0.000103555
0.000103556
0.000103556
0.000103557
0.000103557
0.000103558
0.000103559
0.000103559
0.00010356
0.000103561
0.000103561
0.000103562
0.000103563
0.000103564
0.000103564
0.000103565
0.000103566
0.000103566
0.000103567
0.000103567
0.000103568
0.000103569
0.000103569
0.00010357
0.000103571
0.000103571
0.000103572
0.000103572
0.000103573
0.000103573
0.000103574
0.000103574
0.000103575
0.000103575
0.000103576
0.000103576
0.000103577
0.000103577
0.000103577
0.000103578
0.000103578
0.000103579
0.000103579
0.000103579
0.00010358
0.00010358
0.00010358
0.00010358
0.000103581
0.000103581
0.000103581
0.000103581
0.000103581
0.000103582
0.000103582
0.000103582
0.000103582
0.000103582
0.000103582
0.000103582
0.000103582
0.000103582
0.000103582
0.00010357
0.00010357
0.00010357
0.00010357
0.00010357
0.00010357
0.00010357
0.00010357
0.00010357
0.00010357
0.000103569
0.000103569
0.000103569
0.000103569
0.000103569
0.000103568
0.000103568
0.000103568
0.000103567
0.000103567
0.000103567
0.000103566
0.000103566
0.000103566
0.000103565
0.000103565
0.000103564
0.000103564
0.000103563
0.000103563
0.000103562
0.000103562
0.000103561
0.000103561
0.00010356
0.00010356
0.000103559
0.000103558
0.000103558
0.000103557
0.000103556
0.000103556
0.000103555
0.000103554
0.000103554
0.000103553
0.000103552
0.000103551
0.000103551
0.00010355
0.000103549
0.000103549
0.000103548
0.000103547
0.000103546
0.000103546
0.000103545
0.000103544
0.000103543
0.000103543
0.000103542
0.000103541
0.00010354
0.00010354
0.000103539
0.000103538
0.000103538
0.000103537
0.000103537
0.000103536
0.000103535
0.000103535
0.000103534
0.000103534
0.000103533
0.000103533
0.000103532
0.000103532
0.000103532
0.000103531
0.000103531
0.000103531
0.00010353
0.00010353
0.00010353
0.000103529
0.000103527
0.000103517
0.000103478
0.000103338
0.000102877
0.000101541
9.81776e-05
9.10216e-05
7.78702e-05
5.31186e-05
3.81671e-05
3.96956e-05
4.23037e-05
4.38913e-05
4.39017e-05
4.23335e-05
3.97332e-05
3.81504e-05
5.25993e-05
7.7591e-05
9.08704e-05
9.81026e-05
0.000101509
0.000102865
0.000103333
0.000103476
0.000103516
0.000103526
0.000103528
0.000103529
0.000103529
0.000103529
0.000103529
0.00010353
0.00010353
0.00010353
0.000103531
0.000103531
0.000103531
0.000103532
0.000103532
0.000103532
0.000103533
0.000103533
0.000103534
0.000103535
0.000103535
0.000103536
0.000103536
0.000103537
0.000103537
0.000103538
0.000103539
0.000103539
0.00010354
0.000103541
0.000103541
0.000103542
0.000103543
0.000103544
0.000103544
0.000103545
0.000103546
0.000103546
0.000103547
0.000103548
0.000103548
0.000103549
0.00010355
0.00010355
0.000103551
0.000103552
0.000103552
0.000103553
0.000103554
0.000103554
0.000103555
0.000103555
0.000103556
0.000103557
0.000103557
0.000103558
0.000103558
0.000103559
0.000103559
0.00010356
0.00010356
0.000103561
0.000103561
0.000103561
0.000103562
0.000103562
0.000103563
0.000103563
0.000103563
0.000103564
0.000103564
0.000103564
0.000103564
0.000103565
0.000103565
0.000103565
0.000103565
0.000103565
0.000103566
0.000103566
0.000103566
0.000103566
0.000103566
0.000103566
0.000103566
0.000103566
0.000103566
0.000103566
0.000103555
0.000103555
0.000103555
0.000103554
0.000103554
0.000103554
0.000103554
0.000103554
0.000103554
0.000103554
0.000103554
0.000103553
0.000103553
0.000103553
0.000103553
0.000103552
0.000103552
0.000103552
0.000103552
0.000103551
0.000103551
0.00010355
0.00010355
0.00010355
0.000103549
0.000103549
0.000103548
0.000103548
0.000103547
0.000103547
0.000103546
0.000103546
0.000103545
0.000103545
0.000103544
0.000103543
0.000103543
0.000103542
0.000103542
0.000103541
0.00010354
0.000103539
0.000103539
0.000103538
0.000103537
0.000103537
0.000103536
0.000103535
0.000103534
0.000103534
0.000103533
0.000103532
0.000103531
0.00010353
0.00010353
0.000103529
0.000103528
0.000103527
0.000103527
0.000103526
0.000103525
0.000103524
0.000103524
0.000103523
0.000103522
0.000103522
0.000103521
0.00010352
0.00010352
0.000103519
0.000103518
0.000103518
0.000103517
0.000103517
0.000103516
0.000103516
0.000103515
0.000103515
0.000103514
0.000103514
0.000103514
0.000103513
0.000103513
0.000103513
0.000103513
0.000103512
0.00010351
0.0001035
0.000103461
0.000103321
0.000102862
0.00010153
9.81743e-05
9.10288e-05
7.78865e-05
5.31136e-05
3.81385e-05
3.9676e-05
4.22889e-05
4.38788e-05
4.38894e-05
4.23191e-05
3.97141e-05
3.81219e-05
5.25875e-05
7.76049e-05
9.08764e-05
9.80988e-05
0.000101498
0.00010285
0.000103316
0.000103459
0.000103498
0.000103508
0.000103511
0.000103511
0.000103512
0.000103512
0.000103512
0.000103512
0.000103513
0.000103513
0.000103513
0.000103514
0.000103514
0.000103514
0.000103515
0.000103515
0.000103516
0.000103516
0.000103517
0.000103518
0.000103518
0.000103519
0.000103519
0.00010352
0.000103521
0.000103521
0.000103522
0.000103523
0.000103523
0.000103524
0.000103525
0.000103525
0.000103526
0.000103527
0.000103528
0.000103528
0.000103529
0.00010353
0.000103531
0.000103531
0.000103532
0.000103533
0.000103533
0.000103534
0.000103535
0.000103535
0.000103536
0.000103537
0.000103537
0.000103538
0.000103539
0.000103539
0.00010354
0.00010354
0.000103541
0.000103542
0.000103542
0.000103543
0.000103543
0.000103544
0.000103544
0.000103545
0.000103545
0.000103545
0.000103546
0.000103546
0.000103547
0.000103547
0.000103547
0.000103548
0.000103548
0.000103548
0.000103548
0.000103549
0.000103549
0.000103549
0.000103549
0.00010355
0.00010355
0.00010355
0.00010355
0.00010355
0.00010355
0.00010355
0.00010355
0.00010355
0.00010355
0.00010355
0.000103539
0.000103539
0.000103539
0.000103539
0.000103539
0.000103538
0.000103538
0.000103538
0.000103538
0.000103538
0.000103538
0.000103537
0.000103537
0.000103537
0.000103537
0.000103537
0.000103536
0.000103536
0.000103536
0.000103535
0.000103535
0.000103534
0.000103534
0.000103534
0.000103533
0.000103533
0.000103532
0.000103532
0.000103531
0.000103531
0.00010353
0.00010353
0.000103529
0.000103529
0.000103528
0.000103527
0.000103527
0.000103526
0.000103525
0.000103525
0.000103524
0.000103523
0.000103523
0.000103522
0.000103521
0.00010352
0.00010352
0.000103519
0.000103518
0.000103517
0.000103516
0.000103516
0.000103515
0.000103514
0.000103513
0.000103512
0.000103512
0.000103511
0.00010351
0.000103509
0.000103508
0.000103508
0.000103507
0.000103506
0.000103505
0.000103505
0.000103504
0.000103503
0.000103503
0.000103502
0.000103501
0.000103501
0.0001035
0.0001035
0.000103499
0.000103499
0.000103498
0.000103498
0.000103497
0.000103497
0.000103497
0.000103496
0.000103496
0.000103496
0.000103495
0.000103495
0.000103492
0.000103482
0.000103444
0.000103305
0.000102848
0.00010152
9.81743e-05
9.10423e-05
7.7913e-05
5.31256e-05
3.81102e-05
3.96554e-05
4.22733e-05
4.38657e-05
4.38764e-05
4.23038e-05
3.96939e-05
3.80936e-05
5.25925e-05
7.76293e-05
9.08887e-05
9.80983e-05
0.000101488
0.000102836
0.0001033
0.000103442
0.000103481
0.000103491
0.000103494
0.000103494
0.000103494
0.000103495
0.000103495
0.000103495
0.000103495
0.000103496
0.000103496
0.000103496
0.000103497
0.000103497
0.000103498
0.000103498
0.000103499
0.000103499
0.0001035
0.0001035
0.000103501
0.000103502
0.000103502
0.000103503
0.000103504
0.000103504
0.000103505
0.000103506
0.000103507
0.000103507
0.000103508
0.000103509
0.00010351
0.00010351
0.000103511
0.000103512
0.000103513
0.000103513
0.000103514
0.000103515
0.000103516
0.000103516
0.000103517
0.000103518
0.000103518
0.000103519
0.00010352
0.000103521
0.000103521
0.000103522
0.000103522
0.000103523
0.000103524
0.000103524
0.000103525
0.000103525
0.000103526
0.000103527
0.000103527
0.000103528
0.000103528
0.000103528
0.000103529
0.000103529
0.00010353
0.00010353
0.000103531
0.000103531
0.000103531
0.000103532
0.000103532
0.000103532
0.000103532
0.000103533
0.000103533
0.000103533
0.000103533
0.000103534
0.000103534
0.000103534
0.000103534
0.000103534
0.000103534
0.000103534
0.000103534
0.000103534
0.000103535
0.000103535
0.000103523
0.000103523
0.000103523
0.000103523
0.000103523
0.000103523
0.000103522
0.000103522
0.000103522
0.000103522
0.000103522
0.000103522
0.000103521
0.000103521
0.000103521
0.000103521
0.00010352
0.00010352
0.00010352
0.000103519
0.000103519
0.000103519
0.000103518
0.000103518
0.000103517
0.000103517
0.000103516
0.000103516
0.000103515
0.000103515
0.000103514
0.000103514
0.000103513
0.000103512
0.000103512
0.000103511
0.000103511
0.00010351
0.000103509
0.000103508
0.000103508
0.000103507
0.000103506
0.000103506
0.000103505
0.000103504
0.000103503
0.000103502
0.000103502
0.000103501
0.0001035
0.000103499
0.000103498
0.000103497
0.000103497
0.000103496
0.000103495
0.000103494
0.000103493
0.000103492
0.000103492
0.000103491
0.00010349
0.000103489
0.000103488
0.000103488
0.000103487
0.000103486
0.000103486
0.000103485
0.000103484
0.000103484
0.000103483
0.000103482
0.000103482
0.000103481
0.000103481
0.00010348
0.00010348
0.00010348
0.000103479
0.000103479
0.000103479
0.000103478
0.000103478
0.000103477
0.000103475
0.000103465
0.000103427
0.000103288
0.000102834
0.000101513
9.81784e-05
9.10635e-05
7.79528e-05
5.31599e-05
3.80826e-05
3.96332e-05
4.22565e-05
4.38517e-05
4.38625e-05
4.22874e-05
3.96723e-05
3.80658e-05
5.26193e-05
7.76674e-05
9.0909e-05
9.8102e-05
0.00010148
0.000102822
0.000103284
0.000103425
0.000103464
0.000103474
0.000103476
0.000103477
0.000103477
0.000103477
0.000103478
0.000103478
0.000103478
0.000103478
0.000103479
0.000103479
0.00010348
0.00010348
0.000103481
0.000103481
0.000103482
0.000103482
0.000103483
0.000103483
0.000103484
0.000103485
0.000103485
0.000103486
0.000103487
0.000103488
0.000103488
0.000103489
0.00010349
0.000103491
0.000103491
0.000103492
0.000103493
0.000103494
0.000103494
0.000103495
0.000103496
0.000103497
0.000103498
0.000103498
0.000103499
0.0001035
0.000103501
0.000103501
0.000103502
0.000103503
0.000103504
0.000103504
0.000103505
0.000103506
0.000103506
0.000103507
0.000103508
0.000103508
0.000103509
0.000103509
0.00010351
0.00010351
0.000103511
0.000103511
0.000103512
0.000103512
0.000103513
0.000103513
0.000103514
0.000103514
0.000103515
0.000103515
0.000103515
0.000103516
0.000103516
0.000103516
0.000103517
0.000103517
0.000103517
0.000103517
0.000103517
0.000103518
0.000103518
0.000103518
0.000103518
0.000103518
0.000103518
0.000103518
0.000103519
0.000103519
0.000103519
0.000103519
0.000103507
0.000103507
0.000103507
0.000103507
0.000103507
0.000103507
0.000103507
0.000103506
0.000103506
0.000103506
0.000103506
0.000103506
0.000103506
0.000103505
0.000103505
0.000103505
0.000103504
0.000103504
0.000103504
0.000103503
0.000103503
0.000103503
0.000103502
0.000103502
0.000103501
0.000103501
0.0001035
0.0001035
0.000103499
0.000103499
0.000103498
0.000103498
0.000103497
0.000103496
0.000103496
0.000103495
0.000103494
0.000103494
0.000103493
0.000103492
0.000103492
0.000103491
0.00010349
0.000103489
0.000103488
0.000103488
0.000103487
0.000103486
0.000103485
0.000103484
0.000103483
0.000103483
0.000103482
0.000103481
0.00010348
0.000103479
0.000103478
0.000103477
0.000103476
0.000103476
0.000103475
0.000103474
0.000103473
0.000103472
0.000103472
0.000103471
0.00010347
0.000103469
0.000103469
0.000103468
0.000103467
0.000103467
0.000103466
0.000103465
0.000103465
0.000103464
0.000103464
0.000103463
0.000103463
0.000103462
0.000103462
0.000103462
0.000103461
0.000103461
0.000103461
0.00010346
0.000103457
0.000103448
0.00010341
0.000103272
0.000102821
0.000101507
9.81877e-05
9.10948e-05
7.801e-05
5.32241e-05
3.80557e-05
3.96091e-05
4.22381e-05
4.38366e-05
4.38476e-05
4.22693e-05
3.96486e-05
3.80387e-05
5.26756e-05
7.7723e-05
9.09397e-05
9.8111e-05
0.000101475
0.000102809
0.000103268
0.000103408
0.000103446
0.000103456
0.000103459
0.000103459
0.00010346
0.00010346
0.00010346
0.00010346
0.000103461
0.000103461
0.000103462
0.000103462
0.000103462
0.000103463
0.000103463
0.000103464
0.000103465
0.000103465
0.000103466
0.000103466
0.000103467
0.000103468
0.000103468
0.000103469
0.00010347
0.000103471
0.000103471
0.000103472
0.000103473
0.000103474
0.000103475
0.000103475
0.000103476
0.000103477
0.000103478
0.000103479
0.00010348
0.00010348
0.000103481
0.000103482
0.000103483
0.000103484
0.000103484
0.000103485
0.000103486
0.000103487
0.000103487
0.000103488
0.000103489
0.000103489
0.00010349
0.000103491
0.000103491
0.000103492
0.000103493
0.000103493
0.000103494
0.000103494
0.000103495
0.000103495
0.000103496
0.000103496
0.000103497
0.000103497
0.000103498
0.000103498
0.000103499
0.000103499
0.000103499
0.0001035
0.0001035
0.0001035
0.000103501
0.000103501
0.000103501
0.000103501
0.000103502
0.000103502
0.000103502
0.000103502
0.000103502
0.000103502
0.000103502
0.000103503
0.000103503
0.000103503
0.000103503
0.000103503
0.000103491
0.000103491
0.000103491
0.000103491
0.000103491
0.000103491
0.000103491
0.000103491
0.000103491
0.00010349
0.00010349
0.00010349
0.00010349
0.000103489
0.000103489
0.000103489
0.000103489
0.000103488
0.000103488
0.000103488
0.000103487
0.000103487
0.000103486
0.000103486
0.000103485
0.000103485
0.000103484
0.000103484
0.000103483
0.000103483
0.000103482
0.000103482
0.000103481
0.00010348
0.00010348
0.000103479
0.000103478
0.000103478
0.000103477
0.000103476
0.000103475
0.000103475
0.000103474
0.000103473
0.000103472
0.000103471
0.000103471
0.00010347
0.000103469
0.000103468
0.000103467
0.000103466
0.000103465
0.000103464
0.000103463
0.000103462
0.000103462
0.000103461
0.00010346
0.000103459
0.000103458
0.000103457
0.000103456
0.000103455
0.000103455
0.000103454
0.000103453
0.000103452
0.000103451
0.000103451
0.00010345
0.000103449
0.000103449
0.000103448
0.000103448
0.000103447
0.000103446
0.000103446
0.000103445
0.000103445
0.000103445
0.000103444
0.000103444
0.000103444
0.000103443
0.000103442
0.00010344
0.00010343
0.000103393
0.000103257
0.000102809
0.000101504
9.82035e-05
9.11392e-05
7.80903e-05
5.33282e-05
3.80299e-05
3.95824e-05
4.22176e-05
4.38199e-05
4.3831e-05
4.22492e-05
3.96224e-05
3.80124e-05
5.27717e-05
7.78015e-05
9.09837e-05
9.81268e-05
0.000101472
0.000102797
0.000103252
0.000103391
0.000103429
0.000103439
0.000103441
0.000103442
0.000103442
0.000103443
0.000103443
0.000103443
0.000103443
0.000103444
0.000103444
0.000103445
0.000103445
0.000103446
0.000103446
0.000103447
0.000103447
0.000103448
0.000103449
0.000103449
0.00010345
0.000103451
0.000103451
0.000103452
0.000103453
0.000103454
0.000103455
0.000103455
0.000103456
0.000103457
0.000103458
0.000103459
0.00010346
0.00010346
0.000103461
0.000103462
0.000103463
0.000103464
0.000103465
0.000103466
0.000103466
0.000103467
0.000103468
0.000103469
0.00010347
0.00010347
0.000103471
0.000103472
0.000103473
0.000103473
0.000103474
0.000103475
0.000103475
0.000103476
0.000103477
0.000103477
0.000103478
0.000103478
0.000103479
0.000103479
0.00010348
0.00010348
0.000103481
0.000103481
0.000103482
0.000103482
0.000103483
0.000103483
0.000103483
0.000103484
0.000103484
0.000103484
0.000103485
0.000103485
0.000103485
0.000103485
0.000103486
0.000103486
0.000103486
0.000103486
0.000103486
0.000103487
0.000103487
0.000103487
0.000103487
0.000103487
0.000103487
0.000103487
0.000103476
0.000103476
0.000103476
0.000103475
0.000103475
0.000103475
0.000103475
0.000103475
0.000103475
0.000103475
0.000103474
0.000103474
0.000103474
0.000103474
0.000103473
0.000103473
0.000103473
0.000103473
0.000103472
0.000103472
0.000103471
0.000103471
0.000103471
0.00010347
0.00010347
0.000103469
0.000103469
0.000103468
0.000103468
0.000103467
0.000103466
0.000103466
0.000103465
0.000103464
0.000103464
0.000103463
0.000103462
0.000103462
0.000103461
0.00010346
0.000103459
0.000103459
0.000103458
0.000103457
0.000103456
0.000103455
0.000103454
0.000103453
0.000103453
0.000103452
0.000103451
0.00010345
0.000103449
0.000103448
0.000103447
0.000103446
0.000103445
0.000103444
0.000103443
0.000103442
0.000103441
0.00010344
0.000103439
0.000103439
0.000103438
0.000103437
0.000103436
0.000103435
0.000103434
0.000103434
0.000103433
0.000103432
0.000103431
0.000103431
0.00010343
0.00010343
0.000103429
0.000103429
0.000103428
0.000103428
0.000103427
0.000103427
0.000103426
0.000103426
0.000103426
0.000103425
0.000103423
0.000103413
0.000103376
0.000103241
0.000102798
0.000101505
9.82279e-05
9.12008e-05
7.8201e-05
5.34865e-05
3.80057e-05
3.9552e-05
4.21941e-05
4.38011e-05
4.38123e-05
4.22261e-05
3.95924e-05
3.79875e-05
5.29217e-05
7.79104e-05
9.1045e-05
9.81514e-05
0.000101473
0.000102786
0.000103237
0.000103374
0.000103412
0.000103421
0.000103424
0.000103425
0.000103425
0.000103425
0.000103425
0.000103426
0.000103426
0.000103427
0.000103427
0.000103427
0.000103428
0.000103428
0.000103429
0.000103429
0.00010343
0.000103431
0.000103431
0.000103432
0.000103433
0.000103434
0.000103434
0.000103435
0.000103436
0.000103437
0.000103438
0.000103439
0.000103439
0.00010344
0.000103441
0.000103442
0.000103443
0.000103444
0.000103445
0.000103446
0.000103447
0.000103447
0.000103448
0.000103449
0.00010345
0.000103451
0.000103452
0.000103453
0.000103453
0.000103454
0.000103455
0.000103456
0.000103456
0.000103457
0.000103458
0.000103459
0.000103459
0.00010346
0.000103461
0.000103461
0.000103462
0.000103462
0.000103463
0.000103464
0.000103464
0.000103465
0.000103465
0.000103466
0.000103466
0.000103466
0.000103467
0.000103467
0.000103468
0.000103468
0.000103468
0.000103469
0.000103469
0.000103469
0.000103469
0.00010347
0.00010347
0.00010347
0.00010347
0.000103471
0.000103471
0.000103471
0.000103471
0.000103471
0.000103471
0.000103471
0.000103471
0.000103471
0.00010346
0.00010346
0.00010346
0.00010346
0.00010346
0.00010346
0.00010346
0.00010346
0.00010346
0.000103459
0.000103459
0.000103459
0.000103459
0.000103458
0.000103458
0.000103458
0.000103458
0.000103457
0.000103457
0.000103456
0.000103456
0.000103456
0.000103455
0.000103455
0.000103454
0.000103454
0.000103453
0.000103453
0.000103452
0.000103452
0.000103451
0.00010345
0.00010345
0.000103449
0.000103448
0.000103448
0.000103447
0.000103446
0.000103445
0.000103444
0.000103444
0.000103443
0.000103442
0.000103441
0.00010344
0.000103439
0.000103438
0.000103438
0.000103437
0.000103436
0.000103435
0.000103434
0.000103433
0.000103432
0.000103431
0.00010343
0.000103429
0.000103428
0.000103427
0.000103426
0.000103425
0.000103424
0.000103423
0.000103422
0.000103421
0.00010342
0.000103419
0.000103418
0.000103417
0.000103416
0.000103415
0.000103415
0.000103414
0.000103414
0.000103413
0.000103413
0.000103412
0.000103412
0.000103411
0.000103411
0.00010341
0.00010341
0.000103409
0.000103409
0.000103409
0.000103408
0.000103405
0.000103396
0.000103359
0.000103226
0.000102789
0.00010151
9.82635e-05
9.1285e-05
7.83524e-05
5.37189e-05
3.7984e-05
3.95164e-05
4.21663e-05
4.37791e-05
4.37905e-05
4.21988e-05
3.95574e-05
3.79647e-05
5.31458e-05
7.80603e-05
9.11291e-05
9.81872e-05
0.000101478
0.000102777
0.000103222
0.000103357
0.000103395
0.000103404
0.000103407
0.000103407
0.000103408
0.000103408
0.000103408
0.000103409
0.000103409
0.000103409
0.00010341
0.00010341
0.000103411
0.000103411
0.000103412
0.000103412
0.000103413
0.000103413
0.000103414
0.000103415
0.000103416
0.000103417
0.000103418
0.000103418
0.000103419
0.00010342
0.000103421
0.000103422
0.000103423
0.000103424
0.000103425
0.000103426
0.000103427
0.000103428
0.000103429
0.00010343
0.00010343
0.000103431
0.000103432
0.000103433
0.000103434
0.000103435
0.000103436
0.000103437
0.000103438
0.000103438
0.000103439
0.00010344
0.000103441
0.000103442
0.000103442
0.000103443
0.000103444
0.000103444
0.000103445
0.000103446
0.000103446
0.000103447
0.000103447
0.000103448
0.000103449
0.000103449
0.00010345
0.00010345
0.000103451
0.000103451
0.000103451
0.000103452
0.000103452
0.000103453
0.000103453
0.000103453
0.000103454
0.000103454
0.000103454
0.000103454
0.000103455
0.000103455
0.000103455
0.000103455
0.000103455
0.000103455
0.000103456
0.000103456
0.000103456
0.000103456
0.000103456
0.000103456
0.000103446
0.000103446
0.000103446
0.000103446
0.000103446
0.000103446
0.000103446
0.000103446
0.000103446
0.000103446
0.000103445
0.000103445
0.000103445
0.000103445
0.000103444
0.000103444
0.000103444
0.000103443
0.000103443
0.000103443
0.000103442
0.000103442
0.000103441
0.000103441
0.00010344
0.00010344
0.000103439
0.000103439
0.000103438
0.000103437
0.000103437
0.000103436
0.000103436
0.000103435
0.000103434
0.000103433
0.000103433
0.000103432
0.000103431
0.00010343
0.000103429
0.000103429
0.000103428
0.000103427
0.000103426
0.000103425
0.000103424
0.000103423
0.000103422
0.000103421
0.00010342
0.000103419
0.000103418
0.000103417
0.000103416
0.000103415
0.000103414
0.000103413
0.000103411
0.00010341
0.000103409
0.000103408
0.000103407
0.000103406
0.000103405
0.000103404
0.000103402
0.000103401
0.000103399
0.000103398
0.000103397
0.000103396
0.000103396
0.000103396
0.000103396
0.000103396
0.000103396
0.000103395
0.000103395
0.000103394
0.000103394
0.000103393
0.000103393
0.000103393
0.000103392
0.000103391
0.000103389
0.00010338
0.000103344
0.000103213
0.000102783
0.000101522
9.83141e-05
9.13996e-05
7.85584e-05
5.40535e-05
3.79661e-05
3.94737e-05
4.21325e-05
4.37526e-05
4.37642e-05
4.21654e-05
3.95152e-05
3.79451e-05
5.34721e-05
7.82655e-05
9.12437e-05
9.82381e-05
0.00010149
0.000102771
0.000103209
0.000103342
0.000103378
0.000103388
0.00010339
0.000103391
0.000103391
0.000103392
0.000103392
0.000103392
0.000103393
0.000103393
0.000103393
0.000103394
0.000103394
0.000103394
0.000103394
0.000103394
0.000103394
0.000103395
0.000103396
0.000103397
0.000103398
0.0001034
0.000103401
0.000103402
0.000103403
0.000103404
0.000103406
0.000103407
0.000103408
0.000103409
0.00010341
0.000103411
0.000103412
0.000103413
0.000103414
0.000103415
0.000103416
0.000103417
0.000103418
0.000103418
0.000103419
0.00010342
0.000103421
0.000103422
0.000103423
0.000103424
0.000103425
0.000103426
0.000103426
0.000103427
0.000103428
0.000103429
0.000103429
0.00010343
0.000103431
0.000103431
0.000103432
0.000103433
0.000103433
0.000103434
0.000103434
0.000103435
0.000103435
0.000103436
0.000103436
0.000103437
0.000103437
0.000103438
0.000103438
0.000103439
0.000103439
0.000103439
0.00010344
0.00010344
0.00010344
0.00010344
0.000103441
0.000103441
0.000103441
0.000103441
0.000103441
0.000103441
0.000103442
0.000103442
0.000103442
0.000103442
0.000103442
0.000103442
0.000103438
0.000103437
0.000103437
0.000103437
0.000103437
0.000103437
0.000103437
0.000103437
0.000103437
0.000103437
0.000103436
0.000103436
0.000103436
0.000103436
0.000103435
0.000103435
0.000103435
0.000103434
0.000103434
0.000103433
0.000103433
0.000103433
0.000103432
0.000103432
0.000103431
0.000103431
0.00010343
0.000103429
0.000103429
0.000103428
0.000103427
0.000103427
0.000103426
0.000103425
0.000103425
0.000103424
0.000103423
0.000103422
0.000103421
0.000103421
0.00010342
0.000103419
0.000103418
0.000103417
0.000103416
0.000103415
0.000103414
0.000103413
0.000103412
0.000103411
0.000103409
0.000103408
0.000103407
0.000103406
0.000103405
0.000103404
0.000103402
0.000103401
0.0001034
0.000103399
0.000103398
0.000103396
0.000103395
0.000103393
0.000103391
0.000103389
0.000103386
0.000103382
0.000103379
0.000103377
0.000103375
0.000103376
0.000103377
0.000103378
0.00010338
0.000103381
0.000103381
0.000103381
0.000103381
0.000103381
0.00010338
0.00010338
0.000103379
0.000103379
0.000103379
0.000103378
0.000103375
0.000103366
0.000103331
0.000103203
0.000102781
0.000101544
9.83854e-05
9.15554e-05
7.88385e-05
5.45306e-05
3.79546e-05
3.94206e-05
4.20897e-05
4.37194e-05
4.37311e-05
4.21233e-05
3.94626e-05
3.7931e-05
5.39411e-05
7.85457e-05
9.13998e-05
9.831e-05
0.000101512
0.000102769
0.000103198
0.000103329
0.000103365
0.000103374
0.000103377
0.000103377
0.000103378
0.000103378
0.000103378
0.000103379
0.000103379
0.000103379
0.00010338
0.000103379
0.000103379
0.000103378
0.000103377
0.000103375
0.000103374
0.000103373
0.000103374
0.000103377
0.00010338
0.000103383
0.000103386
0.000103388
0.00010339
0.000103392
0.000103393
0.000103394
0.000103396
0.000103397
0.000103398
0.000103399
0.0001034
0.000103401
0.000103403
0.000103404
0.000103405
0.000103406
0.000103407
0.000103408
0.000103409
0.00010341
0.000103411
0.000103412
0.000103413
0.000103414
0.000103415
0.000103416
0.000103416
0.000103417
0.000103418
0.000103419
0.00010342
0.00010342
0.000103421
0.000103422
0.000103422
0.000103423
0.000103424
0.000103424
0.000103425
0.000103425
0.000103426
0.000103427
0.000103427
0.000103427
0.000103428
0.000103428
0.000103429
0.000103429
0.00010343
0.00010343
0.00010343
0.000103431
0.000103431
0.000103431
0.000103431
0.000103432
0.000103432
0.000103432
0.000103432
0.000103432
0.000103432
0.000103432
0.000103433
0.000103433
0.000103433
0.000103433
0.000103444
0.000103444
0.000103444
0.000103444
0.000103444
0.000103443
0.000103443
0.000103443
0.000103443
0.000103443
0.000103443
0.000103442
0.000103442
0.000103442
0.000103441
0.000103441
0.000103441
0.00010344
0.00010344
0.000103439
0.000103439
0.000103438
0.000103438
0.000103437
0.000103437
0.000103436
0.000103436
0.000103435
0.000103434
0.000103434
0.000103433
0.000103432
0.000103431
0.000103431
0.00010343
0.000103429
0.000103428
0.000103427
0.000103426
0.000103425
0.000103424
0.000103423
0.000103422
0.000103421
0.00010342
0.000103419
0.000103418
0.000103416
0.000103415
0.000103414
0.000103413
0.000103411
0.00010341
0.000103408
0.000103407
0.000103405
0.000103404
0.000103402
0.000103401
0.000103399
0.000103397
0.000103395
0.000103393
0.00010339
0.000103386
0.00010338
0.000103372
0.000103362
0.000103353
0.000103347
0.000103345
0.000103347
0.000103353
0.00010336
0.000103367
0.000103372
0.000103375
0.000103376
0.000103377
0.000103377
0.000103376
0.000103376
0.000103376
0.000103375
0.000103375
0.000103374
0.000103371
0.000103362
0.000103327
0.000103202
0.000102791
0.000101582
9.84877e-05
9.17687e-05
7.92204e-05
5.52077e-05
3.7954e-05
3.93526e-05
4.20335e-05
4.36757e-05
4.36877e-05
4.20677e-05
3.93951e-05
3.79265e-05
5.46115e-05
7.89289e-05
9.16141e-05
9.84132e-05
0.000101551
0.000102779
0.000103198
0.000103325
0.00010336
0.00010337
0.000103372
0.000103373
0.000103374
0.000103374
0.000103374
0.000103375
0.000103375
0.000103375
0.000103374
0.000103373
0.00010337
0.000103365
0.000103359
0.000103351
0.000103346
0.000103343
0.000103345
0.000103351
0.000103359
0.000103369
0.000103377
0.000103383
0.000103387
0.00010339
0.000103392
0.000103394
0.000103395
0.000103397
0.000103399
0.0001034
0.000103402
0.000103403
0.000103404
0.000103406
0.000103407
0.000103408
0.00010341
0.000103411
0.000103412
0.000103413
0.000103414
0.000103415
0.000103417
0.000103418
0.000103419
0.00010342
0.000103421
0.000103421
0.000103422
0.000103423
0.000103424
0.000103425
0.000103426
0.000103426
0.000103427
0.000103428
0.000103429
0.000103429
0.00010343
0.00010343
0.000103431
0.000103432
0.000103432
0.000103433
0.000103433
0.000103434
0.000103434
0.000103434
0.000103435
0.000103435
0.000103436
0.000103436
0.000103436
0.000103437
0.000103437
0.000103437
0.000103437
0.000103437
0.000103438
0.000103438
0.000103438
0.000103438
0.000103438
0.000103438
0.000103438
0.000103438
0.000103493
0.000103493
0.000103493
0.000103493
0.000103493
0.000103493
0.000103493
0.000103493
0.000103493
0.000103492
0.000103492
0.000103492
0.000103491
0.000103491
0.000103491
0.00010349
0.00010349
0.000103489
0.000103489
0.000103488
0.000103488
0.000103487
0.000103487
0.000103486
0.000103486
0.000103485
0.000103484
0.000103483
0.000103483
0.000103482
0.000103481
0.00010348
0.000103479
0.000103478
0.000103477
0.000103476
0.000103475
0.000103474
0.000103473
0.000103472
0.00010347
0.000103469
0.000103468
0.000103466
0.000103465
0.000103463
0.000103462
0.00010346
0.000103458
0.000103457
0.000103455
0.000103453
0.000103451
0.000103449
0.000103447
0.000103445
0.000103442
0.00010344
0.000103437
0.000103434
0.000103431
0.000103428
0.000103423
0.000103416
0.000103405
0.000103388
0.000103365
0.000103338
0.000103311
0.000103292
0.000103287
0.000103296
0.000103317
0.000103341
0.000103364
0.00010338
0.000103391
0.000103396
0.000103399
0.0001034
0.000103401
0.000103401
0.000103401
0.0001034
0.000103399
0.000103398
0.000103395
0.000103385
0.000103351
0.000103229
0.00010283
0.000101656
9.86417e-05
9.20669e-05
7.9745e-05
5.61684e-05
3.79732e-05
3.92624e-05
4.19563e-05
4.36152e-05
4.36276e-05
4.19914e-05
3.93055e-05
3.79398e-05
5.5568e-05
7.94564e-05
9.19141e-05
9.85684e-05
0.000101625
0.000102818
0.000103224
0.000103348
0.000103384
0.000103393
0.000103396
0.000103398
0.000103398
0.000103399
0.000103399
0.000103399
0.000103399
0.000103398
0.000103395
0.000103389
0.000103379
0.000103363
0.000103341
0.000103317
0.000103296
0.000103286
0.00010329
0.000103308
0.000103334
0.000103361
0.000103384
0.0001034
0.000103411
0.000103418
0.000103423
0.000103427
0.00010343
0.000103432
0.000103435
0.000103437
0.000103439
0.000103442
0.000103444
0.000103446
0.000103447
0.000103449
0.000103451
0.000103453
0.000103454
0.000103456
0.000103457
0.000103459
0.00010346
0.000103462
0.000103463
0.000103464
0.000103465
0.000103466
0.000103468
0.000103469
0.00010347
0.000103471
0.000103472
0.000103473
0.000103473
0.000103474
0.000103475
0.000103476
0.000103477
0.000103477
0.000103478
0.000103479
0.000103479
0.00010348
0.00010348
0.000103481
0.000103482
0.000103482
0.000103482
0.000103483
0.000103483
0.000103484
0.000103484
0.000103484
0.000103485
0.000103485
0.000103485
0.000103485
0.000103486
0.000103486
0.000103486
0.000103486
0.000103486
0.000103486
0.000103486
0.000103486
0.000103655
0.000103655
0.000103655
0.000103654
0.000103654
0.000103654
0.000103654
0.000103654
0.000103653
0.000103653
0.000103653
0.000103653
0.000103652
0.000103652
0.000103651
0.000103651
0.00010365
0.00010365
0.000103649
0.000103648
0.000103648
0.000103647
0.000103646
0.000103645
0.000103644
0.000103644
0.000103643
0.000103642
0.000103641
0.000103639
0.000103638
0.000103637
0.000103636
0.000103634
0.000103633
0.000103632
0.00010363
0.000103629
0.000103627
0.000103625
0.000103623
0.000103621
0.000103619
0.000103617
0.000103615
0.000103613
0.00010361
0.000103608
0.000103605
0.000103602
0.000103599
0.000103596
0.000103593
0.000103589
0.000103585
0.000103581
0.000103577
0.000103573
0.000103568
0.000103562
0.000103556
0.000103548
0.000103537
0.00010352
0.000103492
0.000103447
0.000103383
0.000103305
0.000103229
0.000103176
0.000103162
0.00010319
0.000103251
0.000103324
0.00010339
0.000103439
0.00010347
0.000103487
0.000103496
0.0001035
0.000103502
0.000103503
0.000103503
0.000103503
0.000103501
0.000103499
0.000103494
0.000103483
0.000103448
0.000103328
0.000102942
0.000101808
9.8892e-05
9.24998e-05
8.04762e-05
5.75328e-05
3.80307e-05
3.91388e-05
4.1845e-05
4.35262e-05
4.3539e-05
4.18812e-05
3.91824e-05
3.79879e-05
5.69336e-05
8.01925e-05
9.23498e-05
9.88203e-05
0.000101779
0.00010293
0.000103323
0.000103445
0.000103481
0.000103492
0.000103497
0.000103499
0.000103501
0.000103501
0.000103501
0.0001035
0.000103498
0.000103494
0.000103486
0.000103469
0.00010344
0.000103392
0.000103327
0.000103254
0.000103193
0.000103163
0.000103174
0.000103225
0.000103299
0.000103375
0.000103439
0.000103484
0.000103512
0.00010353
0.000103541
0.000103548
0.000103554
0.00010356
0.000103565
0.000103569
0.000103573
0.000103577
0.000103581
0.000103584
0.000103588
0.000103591
0.000103593
0.000103596
0.000103599
0.000103601
0.000103604
0.000103606
0.000103608
0.00010361
0.000103612
0.000103614
0.000103616
0.000103617
0.000103619
0.00010362
0.000103622
0.000103623
0.000103624
0.000103626
0.000103627
0.000103628
0.000103629
0.00010363
0.000103631
0.000103632
0.000103633
0.000103634
0.000103635
0.000103636
0.000103636
0.000103637
0.000103638
0.000103638
0.000103639
0.000103639
0.00010364
0.00010364
0.000103641
0.000103641
0.000103642
0.000103642
0.000103642
0.000103643
0.000103643
0.000103643
0.000103643
0.000103643
0.000103644
0.000103644
0.000103644
0.000103644
0.000104069
0.000104069
0.000104069
0.000104068
0.000104068
0.000104068
0.000104068
0.000104067
0.000104067
0.000104067
0.000104066
0.000104066
0.000104065
0.000104064
0.000104064
0.000104063
0.000104062
0.000104061
0.000104061
0.00010406
0.000104059
0.000104058
0.000104056
0.000104055
0.000104054
0.000104053
0.000104051
0.00010405
0.000104048
0.000104046
0.000104045
0.000104043
0.000104041
0.000104039
0.000104037
0.000104034
0.000104032
0.000104029
0.000104027
0.000104024
0.000104021
0.000104018
0.000104014
0.000104011
0.000104007
0.000104003
0.000103999
0.000103994
0.00010399
0.000103985
0.000103979
0.000103973
0.000103967
0.00010396
0.000103953
0.000103945
0.000103937
0.000103928
0.000103918
0.000103906
0.000103893
0.000103876
0.000103852
0.000103811
0.000103743
0.000103632
0.000103471
0.000103271
0.000103073
0.000102931
0.000102892
0.000102965
0.000103125
0.00010332
0.000103495
0.000103623
0.000103703
0.000103748
0.000103771
0.000103783
0.000103789
0.000103792
0.000103793
0.000103792
0.00010379
0.000103785
0.000103777
0.000103762
0.000103723
0.000103603
0.000103228
0.000102138
9.93341e-05
9.31631e-05
8.15197e-05
5.94731e-05
3.81671e-05
3.89643e-05
4.16761e-05
4.33864e-05
4.33999e-05
4.1714e-05
3.90083e-05
3.81084e-05
5.88846e-05
8.12435e-05
9.30169e-05
9.92642e-05
0.000102108
0.000103216
0.000103597
0.00010372
0.00010376
0.000103775
0.000103782
0.000103787
0.00010379
0.00010379
0.00010379
0.000103787
0.000103781
0.00010377
0.000103747
0.000103705
0.000103628
0.000103503
0.000103332
0.000103139
0.000102975
0.000102897
0.000102928
0.000103063
0.000103257
0.000103454
0.000103616
0.000103728
0.000103797
0.000103838
0.000103863
0.00010388
0.000103893
0.000103904
0.000103914
0.000103923
0.000103931
0.000103939
0.000103946
0.000103952
0.000103958
0.000103964
0.000103969
0.000103974
0.000103979
0.000103983
0.000103987
0.000103991
0.000103995
0.000103998
0.000104001
0.000104005
0.000104007
0.00010401
0.000104013
0.000104015
0.000104017
0.00010402
0.000104022
0.000104024
0.000104026
0.000104027
0.000104029
0.000104031
0.000104032
0.000104034
0.000104035
0.000104036
0.000104037
0.000104039
0.00010404
0.000104041
0.000104042
0.000104043
0.000104043
0.000104044
0.000104045
0.000104046
0.000104046
0.000104047
0.000104047
0.000104048
0.000104048
0.000104049
0.000104049
0.000104049
0.00010405
0.00010405
0.00010405
0.00010405
0.00010405
0.00010405
0.000104979
0.000104979
0.000104979
0.000104978
0.000104978
0.000104978
0.000104977
0.000104977
0.000104976
0.000104976
0.000104975
0.000104974
0.000104973
0.000104972
0.000104971
0.00010497
0.000104969
0.000104968
0.000104967
0.000104965
0.000104963
0.000104962
0.00010496
0.000104958
0.000104956
0.000104954
0.000104952
0.000104949
0.000104947
0.000104944
0.000104941
0.000104939
0.000104935
0.000104932
0.000104929
0.000104925
0.000104921
0.000104917
0.000104912
0.000104907
0.000104902
0.000104897
0.000104891
0.000104885
0.000104879
0.000104872
0.000104865
0.000104857
0.000104848
0.000104839
0.000104829
0.000104819
0.000104807
0.000104795
0.000104782
0.000104767
0.000104751
0.000104733
0.000104714
0.000104692
0.000104666
0.000104632
0.000104581
0.000104496
0.000104347
0.000104101
0.000103737
0.000103279
0.000102813
0.00010247
0.000102366
0.000102532
0.000102911
0.000103373
0.000103785
0.000104085
0.000104269
0.000104371
0.000104424
0.000104452
0.000104466
0.000104474
0.000104476
0.000104475
0.000104471
0.000104462
0.000104448
0.000104426
0.000104378
0.000104251
0.000103882
0.000102834
0.000100153
9.42365e-05
8.30564e-05
6.22289e-05
3.84801e-05
3.87133e-05
4.14071e-05
4.31528e-05
4.31674e-05
4.14474e-05
3.87571e-05
3.83926e-05
6.16656e-05
8.27903e-05
9.40948e-05
0.000100084
0.000102804
0.000103869
0.000104244
0.000104373
0.000104421
0.000104444
0.000104458
0.000104467
0.000104472
0.000104473
0.00010447
0.000104463
0.00010445
0.000104424
0.000104373
0.000104276
0.000104098
0.000103808
0.000103404
0.000102945
0.000102558
0.000102377
0.000102462
0.00010279
0.000103247
0.000103703
0.000104069
0.000104318
0.000104469
0.000104556
0.000104607
0.000104642
0.000104668
0.00010469
0.000104709
0.000104726
0.000104742
0.000104756
0.00010477
0.000104782
0.000104793
0.000104803
0.000104813
0.000104822
0.00010483
0.000104838
0.000104845
0.000104852
0.000104858
0.000104864
0.000104869
0.000104874
0.000104879
0.000104884
0.000104888
0.000104892
0.000104896
0.0001049
0.000104903
0.000104906
0.000104909
0.000104912
0.000104915
0.000104917
0.00010492
0.000104922
0.000104924
0.000104926
0.000104928
0.00010493
0.000104932
0.000104933
0.000104935
0.000104936
0.000104937
0.000104939
0.00010494
0.000104941
0.000104942
0.000104943
0.000104943
0.000104944
0.000104945
0.000104945
0.000104946
0.000104946
0.000104947
0.000104947
0.000104947
0.000104948
0.000104948
0.000104948
0.000106711
0.000106711
0.000106711
0.000106711
0.00010671
0.00010671
0.000106709
0.000106708
0.000106708
0.000106707
0.000106706
0.000106705
0.000106703
0.000106702
0.0001067
0.000106699
0.000106697
0.000106695
0.000106693
0.000106691
0.000106689
0.000106686
0.000106683
0.000106681
0.000106678
0.000106675
0.000106671
0.000106668
0.000106664
0.00010666
0.000106655
0.000106651
0.000106646
0.000106641
0.000106636
0.00010663
0.000106624
0.000106617
0.00010661
0.000106603
0.000106595
0.000106586
0.000106577
0.000106568
0.000106558
0.000106546
0.000106535
0.000106522
0.000106508
0.000106493
0.000106477
0.000106459
0.00010644
0.00010642
0.000106397
0.000106372
0.000106345
0.000106315
0.000106281
0.000106243
0.000106198
0.000106138
0.000106046
0.000105888
0.000105607
0.00010513
0.000104411
0.000103485
0.000102517
0.000101774
0.000101516
0.000101836
0.000102625
0.000103597
0.000104461
0.000105079
0.000105456
0.00010566
0.000105765
0.000105818
0.000105847
0.000105862
0.000105868
0.000105867
0.000105859
0.000105845
0.000105822
0.000105787
0.000105724
0.000105585
0.000105214
0.000104206
0.000101656
9.60258e-05
8.53898e-05
6.61238e-05
3.92374e-05
3.83564e-05
4.09647e-05
4.27465e-05
4.27629e-05
4.10087e-05
3.83982e-05
3.90904e-05
6.56033e-05
8.51357e-05
9.58884e-05
0.000101588
0.000104175
0.000105199
0.000105575
0.000105717
0.00010578
0.000105815
0.000105838
0.000105854
0.000105862
0.000105863
0.000105858
0.000105844
0.000105817
0.000105766
0.000105667
0.000105472
0.00010511
0.000104512
0.000103665
0.000102698
0.000101889
0.000101533
0.00010175
0.000102464
0.000103418
0.000104343
0.000105069
0.000105554
0.000105841
0.000106003
0.000106097
0.000106158
0.000106203
0.000106241
0.000106275
0.000106305
0.000106332
0.000106356
0.000106379
0.000106399
0.000106418
0.000106435
0.000106451
0.000106465
0.000106479
0.000106491
0.000106503
0.000106514
0.000106524
0.000106533
0.000106542
0.00010655
0.000106558
0.000106565
0.000106572
0.000106578
0.000106584
0.000106589
0.000106595
0.0001066
0.000106604
0.000106609
0.000106613
0.000106617
0.00010662
0.000106624
0.000106627
0.00010663
0.000106633
0.000106635
0.000106638
0.00010664
0.000106643
0.000106645
0.000106647
0.000106648
0.00010665
0.000106652
0.000106653
0.000106654
0.000106656
0.000106657
0.000106658
0.000106659
0.000106659
0.00010666
0.000106661
0.000106661
0.000106661
0.000106662
0.000106662
0.000106662
0.000109556
0.000109556
0.000109556
0.000109555
0.000109555
0.000109554
0.000109553
0.000109552
0.000109551
0.00010955
0.000109549
0.000109547
0.000109546
0.000109544
0.000109542
0.00010954
0.000109537
0.000109535
0.000109532
0.000109529
0.000109526
0.000109523
0.000109519
0.000109515
0.000109511
0.000109507
0.000109502
0.000109498
0.000109492
0.000109487
0.000109481
0.000109475
0.000109468
0.000109461
0.000109454
0.000109446
0.000109438
0.000109429
0.000109419
0.000109409
0.000109398
0.000109386
0.000109374
0.00010936
0.000109346
0.00010933
0.000109314
0.000109295
0.000109276
0.000109255
0.000109232
0.000109206
0.000109179
0.000109149
0.000109116
0.00010908
0.00010904
0.000108996
0.000108946
0.000108889
0.000108821
0.00010873
0.000108589
0.000108341
0.000107888
0.000107103
0.000105886
0.000104277
0.000102532
0.000101097
0.000100495
0.00010099
0.000102416
0.000104219
0.000105815
0.000106939
0.00010761
0.000107967
0.000108146
0.000108236
0.000108284
0.00010831
0.000108321
0.00010832
0.000108309
0.000108287
0.000108253
0.000108203
0.000108123
0.000107968
0.000107597
0.000106637
0.00010425
9.89752e-05
8.89973e-05
7.1598e-05
4.13914e-05
3.79005e-05
4.02368e-05
4.20361e-05
4.20554e-05
4.02855e-05
3.79329e-05
4.10834e-05
7.11346e-05
8.87563e-05
9.88422e-05
0.000104183
0.000106604
0.000107579
0.000107955
0.000108113
0.000108194
0.000108244
0.000108279
0.000108301
0.000108313
0.000108314
0.000108304
0.00010828
0.000108235
0.00010815
0.00010798
0.000107641
0.000106999
0.000105914
0.000104353
0.000102557
0.000101081
0.000100509
0.000101033
0.00010242
0.000104151
0.000105768
0.000107002
0.000107805
0.00010827
0.000108525
0.00010867
0.000108763
0.000108831
0.000108888
0.000108938
0.000108982
0.000109021
0.000109057
0.00010909
0.00010912
0.000109147
0.000109171
0.000109194
0.000109215
0.000109234
0.000109252
0.000109268
0.000109284
0.000109298
0.000109311
0.000109323
0.000109334
0.000109345
0.000109355
0.000109364
0.000109373
0.000109381
0.000109389
0.000109396
0.000109403
0.000109409
0.000109415
0.00010942
0.000109426
0.000109431
0.000109435
0.00010944
0.000109444
0.000109448
0.000109451
0.000109455
0.000109458
0.000109461
0.000109463
0.000109466
0.000109468
0.000109471
0.000109473
0.000109475
0.000109476
0.000109478
0.00010948
0.000109481
0.000109482
0.000109483
0.000109484
0.000109485
0.000109485
0.000109486
0.000109486
0.000109486
0.000109487
0.000113547
0.000113547
0.000113547
0.000113546
0.000113546
0.000113545
0.000113544
0.000113543
0.000113542
0.00011354
0.000113539
0.000113537
0.000113535
0.000113533
0.000113531
0.000113528
0.000113526
0.000113523
0.00011352
0.000113516
0.000113513
0.000113509
0.000113505
0.000113501
0.000113496
0.000113491
0.000113486
0.00011348
0.000113474
0.000113468
0.000113462
0.000113454
0.000113447
0.000113439
0.00011343
0.000113421
0.000113411
0.000113401
0.00011339
0.000113378
0.000113366
0.000113352
0.000113337
0.000113322
0.000113305
0.000113287
0.000113267
0.000113246
0.000113223
0.000113197
0.00011317
0.00011314
0.000113107
0.000113071
0.000113032
0.000112988
0.000112939
0.000112885
0.000112824
0.000112754
0.00011267
0.000112557
0.000112379
0.000112062
0.000111468
0.000110407
0.000108709
0.000106366
0.000103672
0.000101256
9.99319e-05
0.000100425
0.000102603
0.000105534
0.000108136
0.000109932
0.000110975
0.000111515
0.000111778
0.000111907
0.000111975
0.000112011
0.000112027
0.000112029
0.000112016
0.00011199
0.000111948
0.000111887
0.000111796
0.000111634
0.000111284
0.000110422
0.000108309
0.000103601
9.45696e-05
7.92973e-05
4.93694e-05
3.76127e-05
3.90937e-05
4.08391e-05
4.08644e-05
3.91469e-05
3.76064e-05
4.86379e-05
7.89038e-05
9.43429e-05
0.000103473
0.000108244
0.000110389
0.000111264
0.00011162
0.000111783
0.000111876
0.000111937
0.000111979
0.000112007
0.00011202
0.00011202
0.000112005
0.000111971
0.000111907
0.000111785
0.000111537
0.000111028
0.000110037
0.000108313
0.000105777
0.000102844
0.000100552
9.99023e-05
0.000101102
0.000103465
0.000106157
0.000108529
0.000110263
0.000111355
0.000111969
0.000112298
0.000112481
0.000112596
0.000112681
0.000112752
0.000112812
0.000112867
0.000112915
0.000112959
0.000112998
0.000113034
0.000113066
0.000113096
0.000113123
0.000113148
0.00011317
0.000113191
0.00011321
0.000113228
0.000113245
0.00011326
0.000113274
0.000113287
0.0001133
0.000113311
0.000113322
0.000113332
0.000113341
0.00011335
0.000113359
0.000113366
0.000113374
0.00011338
0.000113387
0.000113393
0.000113398
0.000113404
0.000113409
0.000113413
0.000113418
0.000113422
0.000113426
0.000113429
0.000113433
0.000113436
0.000113439
0.000113442
0.000113444
0.000113447
0.000113449
0.000113451
0.000113453
0.000113454
0.000113456
0.000113457
0.000113458
0.000113459
0.00011346
0.000113461
0.000113461
0.000113462
0.000113462
0.000113462
0.000118263
0.000118263
0.000118262
0.000118262
0.000118261
0.000118261
0.00011826
0.000118259
0.000118258
0.000118257
0.000118255
0.000118253
0.000118252
0.00011825
0.000118248
0.000118246
0.000118243
0.00011824
0.000118238
0.000118235
0.000118231
0.000118228
0.000118224
0.00011822
0.000118216
0.000118212
0.000118207
0.000118202
0.000118197
0.000118191
0.000118185
0.000118179
0.000118172
0.000118164
0.000118157
0.000118148
0.00011814
0.00011813
0.00011812
0.000118109
0.000118098
0.000118085
0.000118072
0.000118058
0.000118042
0.000118026
0.000118008
0.000117988
0.000117967
0.000117943
0.000117918
0.00011789
0.000117859
0.000117825
0.000117788
0.000117746
0.000117699
0.000117647
0.000117587
0.000117519
0.000117437
0.000117327
0.000117157
0.000116853
0.000116273
0.0001152
0.000113384
0.000110687
0.00010725
0.000103648
0.000100999
0.000100808
0.000103386
0.000107583
0.000111403
0.00011397
0.000115405
0.00011612
0.000116457
0.000116617
0.000116699
0.000116743
0.000116765
0.000116771
0.000116762
0.000116738
0.0001167
0.000116643
0.00011656
0.000116423
0.000116146
0.000115496
0.000113914
0.000110303
0.000103058
9.04965e-05
6.88182e-05
4.03666e-05
3.76492e-05
3.89974e-05
3.9036e-05
3.76822e-05
4.01024e-05
6.8063e-05
9.01356e-05
0.000102842
0.000110186
0.000113855
0.000115465
0.000116127
0.000116409
0.000116548
0.000116632
0.000116689
0.000116728
0.000116752
0.000116762
0.000116758
0.000116738
0.000116697
0.00011662
0.00011647
0.000116157
0.000115491
0.000114146
0.000111714
0.000108017
0.000103772
0.000100924
0.000100812
0.000103312
0.000106899
0.000110389
0.000113155
0.000115032
0.000116148
0.000116753
0.00011707
0.000117246
0.000117358
0.000117442
0.000117511
0.00011757
0.000117623
0.000117669
0.000117711
0.000117748
0.000117782
0.000117813
0.00011784
0.000117865
0.000117888
0.000117909
0.000117929
0.000117946
0.000117963
0.000117978
0.000117992
0.000118005
0.000118017
0.000118028
0.000118038
0.000118048
0.000118057
0.000118066
0.000118074
0.000118081
0.000118088
0.000118095
0.000118101
0.000118107
0.000118112
0.000118117
0.000118122
0.000118126
0.000118131
0.000118135
0.000118138
0.000118142
0.000118145
0.000118148
0.000118151
0.000118154
0.000118156
0.000118159
0.000118161
0.000118163
0.000118164
0.000118166
0.000118168
0.000118169
0.00011817
0.000118171
0.000118172
0.000118173
0.000118174
0.000118174
0.000118175
0.000118175
0.000118175
0.000122873
0.000122873
0.000122872
0.000122872
0.000122872
0.000122871
0.000122871
0.00012287
0.00012287
0.000122869
0.000122868
0.000122867
0.000122866
0.000122865
0.000122863
0.000122862
0.000122861
0.000122859
0.000122857
0.000122855
0.000122853
0.000122851
0.000122849
0.000122847
0.000122844
0.000122841
0.000122838
0.000122835
0.000122832
0.000122829
0.000122825
0.000122821
0.000122817
0.000122812
0.000122808
0.000122803
0.000122797
0.000122792
0.000122785
0.000122779
0.000122772
0.000122764
0.000122756
0.000122747
0.000122738
0.000122727
0.000122716
0.000122704
0.00012269
0.000122676
0.000122659
0.000122641
0.000122621
0.000122598
0.000122573
0.000122544
0.000122512
0.000122475
0.000122432
0.000122384
0.000122325
0.000122252
0.000122149
0.00012198
0.000121667
0.000121061
0.000119921
0.000117915
0.00011471
0.000110215
0.000105165
0.000102366
0.000104101
0.000109352
0.00011472
0.000118235
0.000120114
0.000121014
0.000121423
0.000121611
0.000121704
0.000121756
0.000121786
0.000121802
0.000121804
0.000121797
0.000121778
0.000121747
0.000121702
0.000121632
0.000121502
0.00012122
0.000120551
0.000118999
0.000115669
0.000109239
9.78688e-05
8.18252e-05
6.6327e-05
3.81301e-05
3.79367e-05
6.42524e-05
8.1299e-05
9.72271e-05
0.000108868
0.000115467
0.000118898
0.000120503
0.000121196
0.000121488
0.000121621
0.000121692
0.000121738
0.000121769
0.000121789
0.000121797
0.000121796
0.000121782
0.000121754
0.000121706
0.000121619
0.000121449
0.00012108
0.000120267
0.00011856
0.000115319
0.000110183
0.000104636
0.000102315
0.000104501
0.000109526
0.000114186
0.000117565
0.000119697
0.000120915
0.000121562
0.000121896
0.000122075
0.000122182
0.000122257
0.000122316
0.000122365
0.000122408
0.000122445
0.000122477
0.000122506
0.000122531
0.000122554
0.000122574
0.000122591
0.000122608
0.000122622
0.000122635
0.000122647
0.000122658
0.000122668
0.000122678
0.000122686
0.000122694
0.000122701
0.000122708
0.000122714
0.00012272
0.000122726
0.000122731
0.000122735
0.00012274
0.000122744
0.000122748
0.000122752
0.000122755
0.000122759
0.000122762
0.000122764
0.000122767
0.00012277
0.000122772
0.000122774
0.000122777
0.000122779
0.00012278
0.000122782
0.000122784
0.000122785
0.000122787
0.000122788
0.000122789
0.00012279
0.000122791
0.000122792
0.000122793
0.000122794
0.000122794
0.000122795
0.000122795
0.000122796
0.000122796
0.000122796
0.000122797
0.000122797
0.000126528
0.000126527
0.000126527
0.000126527
0.000126527
0.000126527
0.000126527
0.000126527
0.000126526
0.000126526
0.000126526
0.000126525
0.000126525
0.000126525
0.000126524
0.000126524
0.000126523
0.000126522
0.000126522
0.000126521
0.00012652
0.00012652
0.000126519
0.000126518
0.000126517
0.000126516
0.000126515
0.000126514
0.000126513
0.000126512
0.000126511
0.000126509
0.000126508
0.000126507
0.000126505
0.000126503
0.000126501
0.0001265
0.000126498
0.000126495
0.000126493
0.00012649
0.000126487
0.000126484
0.000126481
0.000126477
0.000126473
0.000126468
0.000126463
0.000126456
0.000126449
0.000126441
0.000126432
0.000126421
0.000126409
0.000126394
0.000126377
0.000126356
0.000126332
0.000126302
0.000126266
0.00012622
0.000126155
0.000126047
0.00012584
0.000125412
0.000124523
0.00012276
0.000119561
0.000114506
0.00010822
0.000103864
0.000104977
0.000110464
0.000116969
0.000121476
0.000123909
0.00012506
0.000125569
0.000125791
0.000125895
0.00012595
0.000125983
0.000126004
0.000126016
0.000126022
0.00012602
0.000126014
0.000126001
0.000125978
0.000125932
0.000125825
0.000125557
0.000124893
0.000123362
0.000120116
0.000113887
0.00010371
8.99416e-05
4.67808e-05
4.3986e-05
8.74344e-05
0.000102501
0.000113157
0.000119737
0.000123181
0.000124814
0.000125524
0.000125811
0.000125925
0.000125973
0.000125996
0.000126009
0.000126016
0.000126017
0.000126013
0.000126001
0.000125981
0.00012595
0.000125899
0.000125805
0.000125607
0.000125155
0.000124129
0.000121941
0.000117801
0.000111515
0.000105515
0.000103676
0.000107296
0.000113616
0.000118938
0.000122388
0.000124312
0.00012529
0.00012576
0.000125985
0.000126101
0.00012617
0.000126217
0.000126254
0.000126284
0.000126309
0.000126329
0.000126347
0.000126361
0.000126374
0.000126384
0.000126393
0.000126401
0.000126408
0.000126414
0.000126419
0.000126423
0.000126427
0.000126431
0.000126434
0.000126437
0.00012644
0.000126442
0.000126444
0.000126446
0.000126448
0.00012645
0.000126451
0.000126453
0.000126454
0.000126456
0.000126457
0.000126458
0.000126459
0.00012646
0.000126461
0.000126462
0.000126463
0.000126464
0.000126464
0.000126465
0.000126466
0.000126466
0.000126467
0.000126468
0.000126468
0.000126469
0.000126469
0.00012647
0.00012647
0.00012647
0.000126471
0.000126471
0.000126471
0.000126472
0.000126472
0.000126472
0.000126472
0.000126472
0.000126472
0.000126472
0.000126473
0.000126473
0.000128862
0.000128862
0.000128862
0.000128862
0.000128862
0.000128862
0.000128862
0.000128862
0.000128862
0.000128862
0.000128862
0.000128862
0.000128862
0.000128862
0.000128861
0.000128861
0.000128861
0.000128861
0.000128861
0.000128861
0.000128861
0.000128861
0.000128861
0.000128861
0.000128861
0.000128861
0.00012886
0.00012886
0.00012886
0.00012886
0.00012886
0.00012886
0.00012886
0.00012886
0.00012886
0.00012886
0.00012886
0.00012886
0.00012886
0.00012886
0.000128859
0.000128859
0.000128859
0.000128859
0.000128859
0.000128858
0.000128858
0.000128857
0.000128856
0.000128855
0.000128853
0.000128851
0.000128849
0.000128845
0.000128841
0.000128835
0.000128828
0.000128819
0.000128808
0.000128794
0.000128774
0.000128747
0.000128704
0.00012862
0.000128439
0.000128031
0.000127133
0.000125288
0.000121866
0.000116412
0.000109603
0.000104584
0.000105294
0.000110628
0.000117774
0.0001231
0.000126107
0.000127566
0.00012821
0.000128479
0.000128593
0.000128645
0.000128674
0.000128692
0.000128705
0.000128713
0.000128719
0.000128722
0.000128722
0.000128718
0.000128699
0.00012864
0.000128468
0.000128007
0.000126882
0.000124374
0.000119302
0.000109929
9.32126e-05
5.43459e-05
4.97358e-05
9.03181e-05
0.000108251
0.000118383
0.000123901
0.000126662
0.000127914
0.000128432
0.000128627
0.000128695
0.000128715
0.000128721
0.00012872
0.000128717
0.000128711
0.000128703
0.000128691
0.000128674
0.000128647
0.000128599
0.000128498
0.00012826
0.000127691
0.000126391
0.00012368
0.000118761
0.000111764
0.000105777
0.000104314
0.000108577
0.000115421
0.000121176
0.000124884
0.000126919
0.000127918
0.000128375
0.000128578
0.00012867
0.000128717
0.000128746
0.000128765
0.00012878
0.000128791
0.0001288
0.000128807
0.000128813
0.000128817
0.00012882
0.000128823
0.000128824
0.000128826
0.000128827
0.000128828
0.000128828
0.000128828
0.000128829
0.000128829
0.000128829
0.000128829
0.000128829
0.000128829
0.000128829
0.000128829
0.000128828
0.000128828
0.000128828
0.000128828
0.000128828
0.000128828
0.000128828
0.000128828
0.000128828
0.000128828
0.000128828
0.000128828
0.000128828
0.000128828
0.000128828
0.000128828
0.000128828
0.000128828
0.000128828
0.000128828
0.000128828
0.000128828
0.000128828
0.000128828
0.000128828
0.000128828
0.000128828
0.000128828
0.000128828
0.000128828
0.000128828
0.000128828
0.000128828
0.000128828
0.000128828
0.000128828
0.000128828
0.000130082
0.000130082
0.000130082
0.000130081
0.000130081
0.000130081
0.000130081
0.000130081
0.000130081
0.000130081
0.000130081
0.000130081
0.000130081
0.000130081
0.000130081
0.000130081
0.000130081
0.000130081
0.000130081
0.000130081
0.000130081
0.000130081
0.000130081
0.000130081
0.000130081
0.000130081
0.000130081
0.000130081
0.000130081
0.000130081
0.000130081
0.000130081
0.000130081
0.000130081
0.000130081
0.000130081
0.000130081
0.000130081
0.000130081
0.000130081
0.000130082
0.000130082
0.000130082
0.000130082
0.000130083
0.000130083
0.000130083
0.000130083
0.000130083
0.000130083
0.000130083
0.000130083
0.000130082
0.000130081
0.00013008
0.000130078
0.000130075
0.000130072
0.000130067
0.000130061
0.000130051
0.000130034
0.000129999
0.000129917
0.000129717
0.000129244
0.000128197
0.000126081
0.000122288
0.000116499
0.000109547
0.000104448
0.000105021
0.000110161
0.000117467
0.000123337
0.000126887
0.000128683
0.000129489
0.00012982
0.000129949
0.00013
0.000130023
0.000130035
0.000130043
0.000130049
0.000130054
0.000130057
0.000130058
0.000130054
0.000130033
0.000129961
0.000129751
0.000129195
0.000127889
0.00012508
0.000119509
0.000109264
9.1688e-05
5.81997e-05
5.28719e-05
8.82692e-05
0.000107249
0.000118351
0.000124469
0.000127593
0.000129063
0.000129699
0.000129942
0.000130026
0.000130052
0.000130057
0.000130056
0.000130053
0.000130048
0.000130042
0.000130035
0.000130023
0.000130003
0.000129958
0.000129844
0.000129554
0.000128841
0.000127234
0.000124009
0.000118524
0.000111296
0.000105472
0.000104159
0.000108508
0.000115461
0.000121535
0.000125629
0.000127958
0.000129127
0.00012966
0.000129886
0.000129978
0.000130017
0.000130036
0.000130046
0.000130053
0.000130058
0.000130061
0.000130063
0.000130065
0.000130066
0.000130067
0.000130068
0.000130068
0.000130068
0.000130068
0.000130067
0.000130067
0.000130067
0.000130066
0.000130066
0.000130066
0.000130065
0.000130065
0.000130065
0.000130064
0.000130064
0.000130064
0.000130064
0.000130064
0.000130063
0.000130063
0.000130063
0.000130063
0.000130063
0.000130063
0.000130063
0.000130063
0.000130063
0.000130063
0.000130063
0.000130063
0.000130063
0.000130063
0.000130063
0.000130063
0.000130063
0.000130063
0.000130063
0.000130063
0.000130063
0.000130063
0.000130063
0.000130063
0.000130063
0.000130063
0.000130063
0.000130063
0.000130063
0.000130063
0.000130063
0.000130063
0.000130063
0.000130063
0.000130611
0.000130611
0.000130611
0.000130611
0.000130611
0.000130611
0.000130611
0.00013061
0.00013061
0.00013061
0.00013061
0.00013061
0.00013061
0.00013061
0.00013061
0.000130609
0.000130609
0.000130609
0.000130609
0.000130609
0.000130608
0.000130608
0.000130608
0.000130608
0.000130608
0.000130607
0.000130607
0.000130607
0.000130607
0.000130606
0.000130606
0.000130606
0.000130605
0.000130605
0.000130605
0.000130605
0.000130604
0.000130604
0.000130604
0.000130603
0.000130603
0.000130603
0.000130603
0.000130602
0.000130602
0.000130602
0.000130601
0.000130601
0.000130601
0.0001306
0.0001306
0.000130599
0.000130599
0.000130598
0.000130597
0.000130596
0.000130594
0.000130592
0.000130589
0.000130586
0.000130579
0.000130565
0.000130529
0.000130433
0.000130187
0.000129599
0.000128321
0.000125851
0.000121685
0.00011569
0.000108778
0.000103749
0.000104189
0.00010908
0.000116445
0.000122741
0.000126784
0.000128937
0.000129926
0.000130335
0.000130489
0.000130544
0.000130564
0.000130572
0.000130576
0.000130579
0.000130581
0.000130581
0.00013058
0.000130571
0.000130537
0.000130431
0.000130133
0.00012939
0.000127671
0.000124124
0.00011761
0.000106732
8.94799e-05
6.05927e-05
5.53009e-05
8.50153e-05
0.000104343
0.000116197
0.000123329
0.000127268
0.000129209
0.000130059
0.000130402
0.000130527
0.000130567
0.000130578
0.00013058
0.00013058
0.000130578
0.000130575
0.000130571
0.000130564
0.000130547
0.000130499
0.000130366
0.000130008
0.000129129
0.000127191
0.000123482
0.000117546
0.000110194
0.0001046
0.00010345
0.000107753
0.000114636
0.000120884
0.000125343
0.000128041
0.000129463
0.000130125
0.000130405
0.000130514
0.000130555
0.000130571
0.000130578
0.000130582
0.000130585
0.000130587
0.000130588
0.000130589
0.00013059
0.000130591
0.000130591
0.000130592
0.000130592
0.000130592
0.000130593
0.000130593
0.000130593
0.000130593
0.000130594
0.000130594
0.000130594
0.000130594
0.000130594
0.000130595
0.000130595
0.000130595
0.000130595
0.000130595
0.000130596
0.000130596
0.000130596
0.000130596
0.000130597
0.000130597
0.000130597
0.000130597
0.000130597
0.000130598
0.000130598
0.000130598
0.000130598
0.000130598
0.000130599
0.000130599
0.000130599
0.000130599
0.000130599
0.000130599
0.0001306
0.0001306
0.0001306
0.0001306
0.0001306
0.0001306
0.0001306
0.0001306
0.0001306
0.0001306
0.0001306
0.0001306
0.0001306
0.0001306
0.000130801
0.000130801
0.000130801
0.000130801
0.000130801
0.000130801
0.000130801
0.000130801
0.000130801
0.0001308
0.0001308
0.0001308
0.0001308
0.0001308
0.000130799
0.000130799
0.000130799
0.000130798
0.000130798
0.000130798
0.000130797
0.000130797
0.000130797
0.000130796
0.000130796
0.000130795
0.000130795
0.000130794
0.000130794
0.000130793
0.000130793
0.000130792
0.000130792
0.000130791
0.000130791
0.00013079
0.000130789
0.000130789
0.000130788
0.000130787
0.000130786
0.000130786
0.000130785
0.000130784
0.000130783
0.000130782
0.000130781
0.000130781
0.00013078
0.000130779
0.000130777
0.000130776
0.000130775
0.000130774
0.000130772
0.000130771
0.000130769
0.000130767
0.000130765
0.000130762
0.000130755
0.00013074
0.000130696
0.000130575
0.000130263
0.000129525
0.000127963
0.000125066
0.000120433
0.000114164
0.000107312
0.000102434
0.000102796
0.000107511
0.000114947
0.000121671
0.000126234
0.000128767
0.000129965
0.000130462
0.00013065
0.000130714
0.000130736
0.000130742
0.000130745
0.000130746
0.000130746
0.000130745
0.00013074
0.000130725
0.000130676
0.00013053
0.000130133
0.000129131
0.000126896
0.000122532
0.00011511
0.000103828
8.72873e-05
6.24533e-05
5.74288e-05
8.24167e-05
0.000101163
0.000113467
0.000121551
0.000126374
0.000128887
0.000130031
0.000130492
0.000130662
0.00013072
0.000130738
0.000130743
0.000130745
0.000130744
0.000130744
0.000130742
0.000130736
0.000130718
0.000130663
0.000130501
0.000130066
0.000129
0.000126706
0.000122485
0.000116084
0.000108606
0.000103178
0.000102134
0.00010631
0.00011309
0.000119568
0.000124488
0.000127633
0.00012936
0.00013019
0.000130544
0.000130682
0.000130732
0.00013075
0.000130757
0.000130761
0.000130763
0.000130765
0.000130766
0.000130768
0.000130769
0.00013077
0.000130771
0.000130773
0.000130774
0.000130774
0.000130775
0.000130776
0.000130777
0.000130778
0.000130779
0.000130779
0.00013078
0.000130781
0.000130782
0.000130782
0.000130783
0.000130783
0.000130784
0.000130785
0.000130785
0.000130786
0.000130786
0.000130787
0.000130787
0.000130788
0.000130788
0.000130789
0.000130789
0.00013079
0.00013079
0.00013079
0.000130791
0.000130791
0.000130791
0.000130792
0.000130792
0.000130792
0.000130793
0.000130793
0.000130793
0.000130793
0.000130793
0.000130794
0.000130794
0.000130794
0.000130794
0.000130794
0.000130794
0.000130794
0.000130794
0.000130794
0.000130795
0.000130795
0.000130853
0.000130853
0.000130853
0.000130853
0.000130853
0.000130853
0.000130853
0.000130852
0.000130852
0.000130852
0.000130852
0.000130852
0.000130851
0.000130851
0.000130851
0.00013085
0.00013085
0.00013085
0.000130849
0.000130849
0.000130848
0.000130848
0.000130848
0.000130847
0.000130846
0.000130846
0.000130845
0.000130845
0.000130844
0.000130843
0.000130843
0.000130842
0.000130841
0.000130841
0.00013084
0.000130839
0.000130838
0.000130837
0.000130836
0.000130835
0.000130834
0.000130833
0.000130832
0.000130831
0.00013083
0.000130829
0.000130827
0.000130826
0.000130825
0.000130823
0.000130822
0.00013082
0.000130819
0.000130817
0.000130815
0.000130813
0.000130811
0.000130809
0.000130807
0.000130803
0.000130796
0.000130776
0.000130721
0.000130568
0.000130172
0.000129251
0.000127355
0.000123969
0.000118813
0.000112221
0.000105377
0.000100639
0.000100971
0.000105622
0.000113203
0.000120378
0.000125476
0.000128413
0.000129839
0.000130442
0.000130668
0.000130746
0.000130771
0.000130778
0.00013078
0.00013078
0.00013078
0.000130778
0.000130771
0.000130751
0.000130686
0.000130495
0.000129972
0.000128685
0.000125903
0.000120724
0.000112517
0.000101066
8.54744e-05
6.39725e-05
5.93479e-05
8.06612e-05
9.82776e-05
0.000110693
0.000119567
0.000125258
0.000128375
0.00012984
0.000130445
0.000130668
0.000130744
0.000130769
0.000130776
0.000130779
0.000130779
0.000130779
0.000130778
0.000130772
0.000130751
0.000130685
0.000130491
0.000129963
0.000128693
0.000126022
0.000121272
0.000114385
0.000106713
0.000101339
0.000100341
0.000104389
0.000111118
0.000117875
0.000123309
0.000126964
0.000129051
0.000130081
0.00013053
0.000130706
0.000130769
0.000130791
0.0001308
0.000130803
0.000130806
0.000130808
0.00013081
0.000130812
0.000130813
0.000130815
0.000130817
0.000130818
0.000130819
0.000130821
0.000130822
0.000130823
0.000130825
0.000130826
0.000130827
0.000130828
0.000130829
0.00013083
0.000130831
0.000130832
0.000130833
0.000130833
0.000130834
0.000130835
0.000130836
0.000130837
0.000130837
0.000130838
0.000130839
0.000130839
0.00013084
0.00013084
0.000130841
0.000130842
0.000130842
0.000130843
0.000130843
0.000130843
0.000130844
0.000130844
0.000130845
0.000130845
0.000130845
0.000130846
0.000130846
0.000130846
0.000130846
0.000130847
0.000130847
0.000130847
0.000130847
0.000130847
0.000130847
0.000130848
0.000130848
0.000130848
0.000130848
0.000130848
0.000130856
0.000130856
0.000130856
0.000130856
0.000130856
0.000130856
0.000130856
0.000130855
0.000130855
0.000130855
0.000130855
0.000130855
0.000130854
0.000130854
0.000130854
0.000130853
0.000130853
0.000130853
0.000130852
0.000130852
0.000130851
0.000130851
0.00013085
0.00013085
0.000130849
0.000130848
0.000130848
0.000130847
0.000130846
0.000130846
0.000130845
0.000130844
0.000130843
0.000130842
0.000130842
0.000130841
0.00013084
0.000130839
0.000130838
0.000130837
0.000130835
0.000130834
0.000130833
0.000130832
0.000130831
0.000130829
0.000130828
0.000130826
0.000130825
0.000130823
0.000130822
0.00013082
0.000130818
0.000130816
0.000130814
0.000130812
0.00013081
0.000130808
0.000130805
0.000130801
0.000130792
0.000130768
0.000130698
0.000130504
0.000130008
0.000128875
0.000126602
0.000122682
0.000116972
0.000110032
0.000103148
9.85175e-05
9.88508e-05
0.000103529
0.000111323
0.000118959
0.000124604
0.000127968
0.000129645
0.000130366
0.00013064
0.000130735
0.000130765
0.000130773
0.000130775
0.000130775
0.000130774
0.000130771
0.000130763
0.000130738
0.000130656
0.000130412
0.000129753
0.000128161
0.000124812
0.000118846
0.000109974
9.85231e-05
8.39863e-05
6.52009e-05
6.1042e-05
7.94613e-05
9.57363e-05
0.000108026
0.00011753
0.000124045
0.000127781
0.000129589
0.000130348
0.000130633
0.00013073
0.00013076
0.00013077
0.000130773
0.000130774
0.000130774
0.000130773
0.000130766
0.000130741
0.000130662
0.000130427
0.000129798
0.000128305
0.000125236
0.000119947
0.000112563
0.000104636
9.9217e-05
9.82222e-05
0.000102165
0.000108893
0.000115957
0.000121933
0.000126141
0.000128632
0.000129896
0.000130457
0.00013068
0.00013076
0.000130787
0.000130797
0.000130802
0.000130805
0.000130807
0.000130809
0.000130811
0.000130813
0.000130815
0.000130816
0.000130818
0.00013082
0.000130821
0.000130823
0.000130824
0.000130825
0.000130827
0.000130828
0.000130829
0.00013083
0.000130832
0.000130833
0.000130834
0.000130835
0.000130836
0.000130837
0.000130837
0.000130838
0.000130839
0.00013084
0.000130841
0.000130841
0.000130842
0.000130843
0.000130843
0.000130844
0.000130845
0.000130845
0.000130846
0.000130846
0.000130847
0.000130847
0.000130847
0.000130848
0.000130848
0.000130849
0.000130849
0.000130849
0.00013085
0.00013085
0.00013085
0.00013085
0.00013085
0.000130851
0.000130851
0.000130851
0.000130851
0.000130851
0.000130851
0.000130851
0.000130851
0.000130844
0.000130844
0.000130844
0.000130844
0.000130844
0.000130844
0.000130844
0.000130843
0.000130843
0.000130843
0.000130843
0.000130842
0.000130842
0.000130842
0.000130842
0.000130841
0.000130841
0.00013084
0.00013084
0.000130839
0.000130839
0.000130838
0.000130838
0.000130837
0.000130837
0.000130836
0.000130835
0.000130835
0.000130834
0.000130833
0.000130833
0.000130832
0.000130831
0.00013083
0.000130829
0.000130828
0.000130827
0.000130826
0.000130825
0.000130824
0.000130823
0.000130821
0.00013082
0.000130819
0.000130818
0.000130816
0.000130815
0.000130813
0.000130811
0.00013081
0.000130808
0.000130806
0.000130804
0.000130802
0.0001308
0.000130798
0.000130796
0.000130793
0.000130791
0.000130786
0.000130775
0.000130745
0.000130657
0.000130414
0.000129801
0.000128423
0.000125728
0.000121232
0.000114954
0.000107666
0.000100726
9.61818e-05
9.65339e-05
0.000101296
0.000109322
0.000117414
0.000123625
0.000127455
0.000129412
0.000130267
0.000130597
0.000130711
0.000130747
0.000130757
0.000130759
0.000130759
0.000130758
0.000130755
0.000130746
0.000130714
0.000130612
0.000130312
0.000129507
0.00012759
0.000123659
0.000116936
0.000107494
9.6145e-05
8.2693e-05
6.61858e-05
6.24804e-05
7.8558e-05
9.34448e-05
0.00010547
0.000115482
0.000122774
0.000127138
0.000129308
0.000130234
0.000130584
0.000130704
0.000130742
0.000130753
0.000130757
0.000130758
0.000130758
0.000130757
0.000130748
0.000130719
0.000130624
0.000130343
0.000129598
0.000127856
0.000124356
0.000118508
0.000110635
0.000102435
9.69093e-05
9.58902e-05
9.9743e-05
0.000106489
0.000113858
0.000120389
0.000125189
0.000128133
0.000129665
0.000130357
0.000130635
0.000130736
0.00013077
0.000130782
0.000130787
0.000130791
0.000130793
0.000130795
0.000130797
0.000130799
0.000130801
0.000130803
0.000130805
0.000130806
0.000130808
0.00013081
0.000130811
0.000130813
0.000130814
0.000130815
0.000130817
0.000130818
0.000130819
0.00013082
0.000130821
0.000130822
0.000130823
0.000130824
0.000130825
0.000130826
0.000130827
0.000130828
0.000130828
0.000130829
0.00013083
0.000130831
0.000130831
0.000130832
0.000130832
0.000130833
0.000130834
0.000130834
0.000130835
0.000130835
0.000130836
0.000130836
0.000130836
0.000130837
0.000130837
0.000130837
0.000130838
0.000130838
0.000130838
0.000130838
0.000130839
0.000130839
0.000130839
0.000130839
0.000130839
0.000130839
0.000130839
0.000130839
0.000130839
0.000130828
0.000130828
0.000130828
0.000130828
0.000130828
0.000130828
0.000130827
0.000130827
0.000130827
0.000130827
0.000130827
0.000130826
0.000130826
0.000130826
0.000130825
0.000130825
0.000130825
0.000130824
0.000130824
0.000130823
0.000130823
0.000130822
0.000130822
0.000130821
0.000130821
0.00013082
0.000130819
0.000130819
0.000130818
0.000130817
0.000130816
0.000130815
0.000130815
0.000130814
0.000130813
0.000130812
0.000130811
0.00013081
0.000130809
0.000130807
0.000130806
0.000130805
0.000130804
0.000130802
0.000130801
0.0001308
0.000130798
0.000130796
0.000130795
0.000130793
0.000130791
0.000130789
0.000130788
0.000130785
0.000130783
0.000130781
0.000130779
0.000130776
0.000130773
0.000130768
0.000130755
0.000130718
0.000130609
0.000130307
0.000129554
0.000127893
0.000124721
0.000119604
0.000112747
0.000105132
9.81529e-05
9.36943e-05
9.40729e-05
9.89351e-05
0.00010717
0.000115702
0.000122518
0.000126869
0.000129146
0.000130156
0.000130548
0.000130683
0.000130726
0.000130738
0.000130741
0.000130741
0.00013074
0.000130737
0.000130725
0.000130687
0.000130565
0.000130204
0.000129241
0.000126979
0.000122448
0.000114982
0.000105031
9.38345e-05
8.14679e-05
6.70264e-05
6.36992e-05
7.77815e-05
9.12761e-05
0.000102965
0.000113412
0.000121452
0.000126456
0.000129007
0.000130111
0.000130531
0.000130675
0.000130721
0.000130735
0.000130739
0.00013074
0.00013074
0.000130738
0.000130728
0.000130693
0.00013058
0.000130247
0.000129369
0.000127343
0.00012336
0.000116913
0.000108559
0.000100115
9.44654e-05
9.34087e-05
9.71699e-05
0.00010392
0.000111571
0.000118661
0.000124098
0.000127547
0.00012939
0.000130238
0.000130581
0.000130707
0.00013075
0.000130764
0.00013077
0.000130773
0.000130776
0.000130778
0.00013078
0.000130782
0.000130784
0.000130786
0.000130788
0.00013079
0.000130791
0.000130793
0.000130794
0.000130796
0.000130797
0.000130799
0.0001308
0.000130801
0.000130802
0.000130804
0.000130805
0.000130806
0.000130807
0.000130808
0.000130809
0.00013081
0.00013081
0.000130811
0.000130812
0.000130813
0.000130814
0.000130814
0.000130815
0.000130816
0.000130816
0.000130817
0.000130817
0.000130818
0.000130818
0.000130819
0.000130819
0.00013082
0.00013082
0.000130821
0.000130821
0.000130821
0.000130821
0.000130822
0.000130822
0.000130822
0.000130822
0.000130823
0.000130823
0.000130823
0.000130823
0.000130823
0.000130823
0.000130823
0.000130823
0.000130811
0.000130811
0.000130811
0.000130811
0.00013081
0.00013081
0.00013081
0.00013081
0.00013081
0.00013081
0.000130809
0.000130809
0.000130809
0.000130809
0.000130808
0.000130808
0.000130807
0.000130807
0.000130807
0.000130806
0.000130806
0.000130805
0.000130804
0.000130804
0.000130803
0.000130803
0.000130802
0.000130801
0.000130801
0.0001308
0.000130799
0.000130798
0.000130797
0.000130796
0.000130795
0.000130794
0.000130793
0.000130792
0.000130791
0.00013079
0.000130789
0.000130788
0.000130786
0.000130785
0.000130784
0.000130782
0.000130781
0.000130779
0.000130777
0.000130776
0.000130774
0.000130772
0.00013077
0.000130768
0.000130766
0.000130763
0.000130761
0.000130758
0.000130755
0.000130749
0.000130733
0.000130688
0.000130553
0.000130182
0.000129264
0.00012727
0.000123556
0.000117764
0.000110316
0.000102407
9.54244e-05
9.10718e-05
9.1477e-05
9.64222e-05
0.00010481
0.000113785
0.000121268
0.000126207
0.000128848
0.000130033
0.000130494
0.000130655
0.000130705
0.000130719
0.000130723
0.000130723
0.000130722
0.000130718
0.000130705
0.000130659
0.000130515
0.000130088
0.000128956
0.000126325
0.000121168
0.000112951
0.000102505
9.14684e-05
8.01425e-05
6.76703e-05
6.48291e-05
7.69844e-05
8.90845e-05
0.00010042
0.00011128
0.000120068
0.000125731
0.000128684
0.000129979
0.000130475
0.000130646
0.0001307
0.000130716
0.000130721
0.000130722
0.000130722
0.000130719
0.000130708
0.000130667
0.000130533
0.00013014
0.00012911
0.000126757
0.000122224
0.000115119
0.000106272
9.76435e-05
9.18911e-05
9.07956e-05
9.44466e-05
0.000101165
0.000109061
0.000116714
0.000122837
0.000126861
0.000129066
0.000130097
0.00013052
0.000130675
0.000130728
0.000130745
0.000130752
0.000130755
0.000130758
0.00013076
0.000130763
0.000130765
0.000130767
0.000130769
0.00013077
0.000130772
0.000130774
0.000130776
0.000130777
0.000130779
0.00013078
0.000130781
0.000130783
0.000130784
0.000130785
0.000130786
0.000130787
0.000130788
0.000130789
0.00013079
0.000130791
0.000130792
0.000130793
0.000130794
0.000130795
0.000130796
0.000130796
0.000130797
0.000130798
0.000130798
0.000130799
0.0001308
0.0001308
0.000130801
0.000130801
0.000130802
0.000130802
0.000130803
0.000130803
0.000130803
0.000130804
0.000130804
0.000130804
0.000130805
0.000130805
0.000130805
0.000130805
0.000130805
0.000130806
0.000130806
0.000130806
0.000130806
0.000130806
0.000130806
0.000130806
0.000130793
0.000130793
0.000130793
0.000130793
0.000130793
0.000130793
0.000130793
0.000130793
0.000130792
0.000130792
0.000130792
0.000130792
0.000130791
0.000130791
0.000130791
0.00013079
0.00013079
0.00013079
0.000130789
0.000130789
0.000130788
0.000130788
0.000130787
0.000130786
0.000130786
0.000130785
0.000130785
0.000130784
0.000130783
0.000130782
0.000130782
0.000130781
0.00013078
0.000130779
0.000130778
0.000130777
0.000130776
0.000130775
0.000130774
0.000130773
0.000130771
0.00013077
0.000130769
0.000130767
0.000130766
0.000130765
0.000130763
0.000130761
0.00013076
0.000130758
0.000130756
0.000130754
0.000130752
0.00013075
0.000130748
0.000130746
0.000130743
0.000130741
0.000130737
0.00013073
0.000130711
0.000130656
0.00013049
0.000130035
0.000128919
0.000126533
0.000122197
0.000115662
0.000107605
9.94329e-05
9.24979e-05
8.82888e-05
8.87155e-05
9.37055e-05
0.000102178
0.000111635
0.000119863
0.000125467
0.000128519
0.0001299
0.000130439
0.000130625
0.000130684
0.0001307
0.000130705
0.000130705
0.000130704
0.000130699
0.000130684
0.000130632
0.000130463
0.000129966
0.00012865
0.000125624
0.000119798
0.000110788
9.98112e-05
8.89004e-05
7.85603e-05
6.76847e-05
6.55092e-05
7.59364e-05
8.66957e-05
9.77139e-05
0.000109031
0.000118598
0.000124957
0.00012834
0.00012984
0.000130417
0.000130616
0.000130678
0.000130697
0.000130702
0.000130704
0.000130704
0.000130701
0.000130687
0.000130639
0.000130484
0.000130024
0.000128821
0.000126093
0.000120932
0.000113085
0.000103711
9.49495e-05
8.91526e-05
8.80259e-05
9.15337e-05
9.81676e-05
0.000106269
0.000114496
0.000121371
0.000126051
0.000128682
0.000129933
0.00013045
0.00013064
0.000130705
0.000130726
0.000130734
0.000130738
0.00013074
0.000130743
0.000130745
0.000130747
0.000130749
0.000130751
0.000130753
0.000130755
0.000130756
0.000130758
0.000130759
0.000130761
0.000130762
0.000130764
0.000130765
0.000130766
0.000130768
0.000130769
0.00013077
0.000130771
0.000130772
0.000130773
0.000130774
0.000130775
0.000130776
0.000130777
0.000130777
0.000130778
0.000130779
0.00013078
0.00013078
0.000130781
0.000130782
0.000130782
0.000130783
0.000130783
0.000130784
0.000130784
0.000130785
0.000130785
0.000130786
0.000130786
0.000130786
0.000130787
0.000130787
0.000130787
0.000130787
0.000130788
0.000130788
0.000130788
0.000130788
0.000130788
0.000130788
0.000130789
0.000130789
0.000130789
0.000130789
0.000130776
0.000130776
0.000130776
0.000130776
0.000130776
0.000130776
0.000130775
0.000130775
0.000130775
0.000130775
0.000130775
0.000130774
0.000130774
0.000130774
0.000130773
0.000130773
0.000130773
0.000130772
0.000130772
0.000130771
0.000130771
0.00013077
0.00013077
0.000130769
0.000130768
0.000130768
0.000130767
0.000130766
0.000130766
0.000130765
0.000130764
0.000130763
0.000130762
0.000130761
0.00013076
0.000130759
0.000130758
0.000130757
0.000130756
0.000130755
0.000130754
0.000130753
0.000130751
0.00013075
0.000130748
0.000130747
0.000130745
0.000130744
0.000130742
0.00013074
0.000130739
0.000130737
0.000130735
0.000130733
0.00013073
0.000130728
0.000130726
0.000130723
0.000130719
0.000130711
0.000130689
0.000130621
0.000130418
0.000129862
0.000128509
0.000125658
0.0001206
0.000113235
0.000104526
9.6112e-05
8.92786e-05
8.52678e-05
8.57115e-05
9.06859e-05
9.92132e-05
0.000109223
0.000118294
0.000124647
0.000128159
0.000129757
0.00013038
0.000130596
0.000130663
0.000130682
0.000130687
0.000130687
0.000130686
0.000130681
0.000130663
0.000130603
0.000130409
0.000129836
0.000128322
0.000124865
0.000118312
0.00010843
9.68114e-05
8.59317e-05
7.65537e-05
6.73633e-05
6.53966e-05
7.43746e-05
8.38913e-05
9.46933e-05
0.000106589
0.000117012
0.000124123
0.00012797
0.000129692
0.000130357
0.000130585
0.000130657
0.000130678
0.000130684
0.000130686
0.000130686
0.000130682
0.000130667
0.000130612
0.000130432
0.0001299
0.000128502
0.000125349
0.000119469
0.000110774
0.000100802
9.19242e-05
8.61707e-05
8.50206e-05
8.83375e-05
9.48292e-05
0.000103107
0.000111939
0.00011965
0.000125088
0.000128224
0.000129739
0.00013037
0.000130603
0.000130681
0.000130707
0.000130716
0.00013072
0.000130723
0.000130725
0.000130727
0.000130729
0.000130731
0.000130733
0.000130735
0.000130737
0.000130739
0.00013074
0.000130742
0.000130743
0.000130745
0.000130746
0.000130748
0.000130749
0.00013075
0.000130751
0.000130752
0.000130753
0.000130755
0.000130756
0.000130756
0.000130757
0.000130758
0.000130759
0.00013076
0.000130761
0.000130761
0.000130762
0.000130763
0.000130764
0.000130764
0.000130765
0.000130765
0.000130766
0.000130766
0.000130767
0.000130767
0.000130768
0.000130768
0.000130769
0.000130769
0.000130769
0.000130769
0.00013077
0.00013077
0.00013077
0.00013077
0.000130771
0.000130771
0.000130771
0.000130771
0.000130771
0.000130771
0.000130771
0.000130771
0.000130758
0.000130758
0.000130758
0.000130758
0.000130758
0.000130758
0.000130758
0.000130758
0.000130758
0.000130757
0.000130757
0.000130757
0.000130757
0.000130756
0.000130756
0.000130756
0.000130755
0.000130755
0.000130754
0.000130754
0.000130753
0.000130753
0.000130752
0.000130752
0.000130751
0.00013075
0.00013075
0.000130749
0.000130748
0.000130747
0.000130747
0.000130746
0.000130745
0.000130744
0.000130743
0.000130742
0.000130741
0.00013074
0.000130739
0.000130738
0.000130736
0.000130735
0.000130734
0.000130732
0.000130731
0.00013073
0.000130728
0.000130726
0.000130725
0.000130723
0.000130721
0.000130719
0.000130717
0.000130715
0.000130713
0.00013071
0.000130708
0.000130705
0.000130701
0.000130692
0.000130665
0.000130583
0.000130335
0.000129659
0.000128022
0.000124617
0.000118716
0.000110404
0.000100952
9.22715e-05
8.55683e-05
8.18249e-05
8.23051e-05
8.71975e-05
9.58136e-05
0.000106503
0.000116543
0.00012374
0.000127767
0.000129605
0.00013032
0.000130566
0.000130642
0.000130663
0.000130669
0.00013067
0.000130668
0.000130663
0.000130643
0.000130575
0.000130354
0.000129699
0.000127972
0.000124044
0.000116685
0.000105802
9.33138e-05
8.22272e-05
7.36796e-05
6.61346e-05
6.45364e-05
7.18788e-05
8.03235e-05
9.11382e-05
0.000103867
0.000115279
0.00012322
0.000127574
0.000129535
0.000130294
0.000130555
0.000130636
0.00013066
0.000130667
0.000130668
0.000130668
0.000130664
0.000130647
0.000130584
0.000130379
0.000129766
0.000128153
0.000124519
0.000117818
0.00010814
9.74411e-05
8.83991e-05
8.27772e-05
8.15874e-05
8.46534e-05
9.09684e-05
9.94372e-05
0.000108959
0.000117622
0.000123945
0.000127681
0.000129511
0.000130278
0.000130562
0.000130657
0.000130687
0.000130698
0.000130702
0.000130705
0.000130707
0.00013071
0.000130712
0.000130714
0.000130716
0.000130718
0.00013072
0.000130721
0.000130723
0.000130724
0.000130726
0.000130727
0.000130729
0.00013073
0.000130731
0.000130733
0.000130734
0.000130735
0.000130736
0.000130737
0.000130738
0.000130739
0.00013074
0.000130741
0.000130742
0.000130743
0.000130743
0.000130744
0.000130745
0.000130745
0.000130746
0.000130747
0.000130747
0.000130748
0.000130748
0.000130749
0.000130749
0.00013075
0.00013075
0.000130751
0.000130751
0.000130751
0.000130752
0.000130752
0.000130752
0.000130753
0.000130753
0.000130753
0.000130753
0.000130753
0.000130754
0.000130754
0.000130754
0.000130754
0.000130754
0.000130754
0.000130741
0.000130741
0.000130741
0.000130741
0.000130741
0.000130741
0.000130741
0.00013074
0.00013074
0.00013074
0.00013074
0.000130739
0.000130739
0.000130739
0.000130739
0.000130738
0.000130738
0.000130737
0.000130737
0.000130736
0.000130736
0.000130735
0.000130735
0.000130734
0.000130734
0.000130733
0.000130732
0.000130732
0.000130731
0.00013073
0.000130729
0.000130728
0.000130728
0.000130727
0.000130726
0.000130725
0.000130724
0.000130723
0.000130721
0.00013072
0.000130719
0.000130718
0.000130716
0.000130715
0.000130714
0.000130712
0.000130711
0.000130709
0.000130707
0.000130705
0.000130704
0.000130702
0.0001307
0.000130698
0.000130695
0.000130693
0.000130691
0.000130688
0.000130683
0.000130673
0.000130641
0.000130542
0.000130242
0.000129421
0.000127446
0.000123386
0.000116497
0.000107077
9.66783e-05
8.75806e-05
8.08572e-05
7.73822e-05
7.80708e-05
8.29276e-05
9.17972e-05
0.000103403
0.000114582
0.000122738
0.000127341
0.000129443
0.000130258
0.000130536
0.000130621
0.000130645
0.000130651
0.000130652
0.000130651
0.000130645
0.000130623
0.000130547
0.000130298
0.000129557
0.0001276
0.000123163
0.000114912
0.000102843
8.90499e-05
7.71038e-05
6.80157e-05
6.06885e-05
5.96116e-05
6.62531e-05
7.52369e-05
8.67142e-05
0.000100781
0.000113382
0.000122245
0.000127151
0.000129371
0.000130229
0.000130524
0.000130615
0.000130642
0.000130649
0.000130651
0.000130651
0.000130646
0.000130627
0.000130557
0.000130324
0.000129625
0.000127774
0.000123601
0.000115962
0.000105124
9.34592e-05
8.40838e-05
7.85232e-05
7.712e-05
7.9912e-05
8.622e-05
9.50318e-05
0.00010545
0.000115235
0.000122593
0.000127038
0.000129244
0.000130173
0.000130517
0.000130632
0.000130668
0.00013068
0.000130685
0.000130688
0.00013069
0.000130692
0.000130694
0.000130697
0.000130698
0.0001307
0.000130702
0.000130704
0.000130705
0.000130707
0.000130709
0.00013071
0.000130711
0.000130713
0.000130714
0.000130715
0.000130716
0.000130718
0.000130719
0.00013072
0.000130721
0.000130722
0.000130723
0.000130723
0.000130724
0.000130725
0.000130726
0.000130727
0.000130727
0.000130728
0.000130729
0.000130729
0.00013073
0.000130731
0.000130731
0.000130732
0.000130732
0.000130732
0.000130733
0.000130733
0.000130734
0.000130734
0.000130734
0.000130735
0.000130735
0.000130735
0.000130735
0.000130736
0.000130736
0.000130736
0.000130736
0.000130736
0.000130736
0.000130736
0.000130736
0.000130736
0.000130724
0.000130724
0.000130724
0.000130724
0.000130723
0.000130723
0.000130723
0.000130723
0.000130723
0.000130723
0.000130722
0.000130722
0.000130722
0.000130722
0.000130721
0.000130721
0.00013072
0.00013072
0.00013072
0.000130719
0.000130719
0.000130718
0.000130717
0.000130717
0.000130716
0.000130716
0.000130715
0.000130714
0.000130713
0.000130713
0.000130712
0.000130711
0.00013071
0.000130709
0.000130708
0.000130707
0.000130706
0.000130705
0.000130704
0.000130703
0.000130702
0.0001307
0.000130699
0.000130698
0.000130696
0.000130695
0.000130693
0.000130692
0.00013069
0.000130688
0.000130686
0.000130684
0.000130682
0.00013068
0.000130678
0.000130676
0.000130673
0.00013067
0.000130665
0.000130653
0.000130616
0.000130497
0.000130135
0.000129147
0.000126776
0.000121953
0.000113919
0.000103174
9.13735e-05
8.12903e-05
7.25735e-05
6.81769e-05
7.0827e-05
7.71875e-05
8.68395e-05
9.98312e-05
0.000112389
0.000121635
0.000126881
0.000129272
0.000130194
0.000130506
0.000130601
0.000130627
0.000130634
0.000130635
0.000130633
0.000130627
0.000130603
0.000130519
0.000130241
0.00012941
0.000127213
0.000122236
0.000113024
9.95663e-05
8.36993e-05
6.87114e-05
4.91794e-05
3.95234e-05
3.92398e-05
4.61592e-05
6.6068e-05
8.09355e-05
9.7322e-05
0.00011135
0.000121215
0.000126708
0.0001292
0.000130163
0.000130493
0.000130595
0.000130624
0.000130632
0.000130634
0.000130633
0.000130628
0.000130607
0.000130529
0.000130268
0.000129477
0.000127367
0.000122597
0.000113893
0.00010166
8.85767e-05
7.83194e-05
7.13782e-05
6.77084e-05
7.08088e-05
7.96649e-05
8.94987e-05
0.00010131
0.000112458
0.000121019
0.000126289
0.000128934
0.000130053
0.000130467
0.000130605
0.000130648
0.000130662
0.000130667
0.00013067
0.000130673
0.000130675
0.000130677
0.000130679
0.000130681
0.000130683
0.000130685
0.000130686
0.000130688
0.00013069
0.000130691
0.000130693
0.000130694
0.000130695
0.000130697
0.000130698
0.000130699
0.0001307
0.000130701
0.000130702
0.000130703
0.000130704
0.000130705
0.000130706
0.000130707
0.000130708
0.000130709
0.000130709
0.00013071
0.000130711
0.000130711
0.000130712
0.000130713
0.000130713
0.000130714
0.000130714
0.000130715
0.000130715
0.000130716
0.000130716
0.000130716
0.000130717
0.000130717
0.000130717
0.000130718
0.000130718
0.000130718
0.000130718
0.000130718
0.000130719
0.000130719
0.000130719
0.000130719
0.000130719
0.000130719
0.000130719
0.000130706
0.000130706
0.000130706
0.000130706
0.000130706
0.000130706
0.000130706
0.000130706
0.000130706
0.000130705
0.000130705
0.000130705
0.000130704
0.000130704
0.000130704
0.000130703
0.000130703
0.000130703
0.000130702
0.000130702
0.000130701
0.000130701
0.0001307
0.0001307
0.000130699
0.000130698
0.000130698
0.000130697
0.000130696
0.000130695
0.000130695
0.000130694
0.000130693
0.000130692
0.000130691
0.00013069
0.000130689
0.000130688
0.000130687
0.000130686
0.000130684
0.000130683
0.000130682
0.00013068
0.000130679
0.000130677
0.000130676
0.000130674
0.000130673
0.000130671
0.000130669
0.000130667
0.000130665
0.000130663
0.000130661
0.000130659
0.000130656
0.000130653
0.000130648
0.000130634
0.00013059
0.000130448
0.000130016
0.000128835
0.000126012
0.000120332
0.000111017
9.86859e-05
8.44859e-05
7.01258e-05
4.59268e-05
4.05542e-05
4.87938e-05
6.72229e-05
8.04e-05
9.57417e-05
0.000109973
0.000120436
0.000126387
0.000129093
0.000130128
0.000130476
0.000130581
0.00013061
0.000130617
0.000130618
0.000130616
0.00013061
0.000130583
0.000130491
0.000130184
0.000129262
0.00012682
0.000121298
0.000111118
9.61612e-05
7.70706e-05
5.31831e-05
3.72085e-05
3.91806e-05
3.93658e-05
3.74785e-05
4.76501e-05
7.33499e-05
9.36909e-05
0.000109285
0.000120164
0.000126255
0.000129026
0.000130097
0.000130462
0.000130574
0.000130606
0.000130615
0.000130617
0.000130616
0.000130611
0.000130588
0.000130502
0.000130211
0.000129324
0.000126939
0.000121523
0.000111648
9.77516e-05
8.23772e-05
6.89455e-05
5.00946e-05
4.01601e-05
4.19585e-05
6.63743e-05
8.2093e-05
9.6512e-05
0.000109333
0.00011924
0.000125437
0.000128582
0.000129919
0.000130414
0.000130578
0.000130628
0.000130644
0.00013065
0.000130653
0.000130656
0.000130658
0.00013066
0.000130662
0.000130664
0.000130666
0.000130667
0.000130669
0.000130671
0.000130672
0.000130674
0.000130675
0.000130677
0.000130678
0.000130679
0.000130681
0.000130682
0.000130683
0.000130684
0.000130685
0.000130686
0.000130687
0.000130688
0.000130689
0.00013069
0.00013069
0.000130691
0.000130692
0.000130693
0.000130693
0.000130694
0.000130695
0.000130695
0.000130696
0.000130696
0.000130697
0.000130697
0.000130698
0.000130698
0.000130699
0.000130699
0.000130699
0.0001307
0.0001307
0.0001307
0.000130701
0.000130701
0.000130701
0.000130701
0.000130701
0.000130701
0.000130702
0.000130702
0.000130702
0.000130702
0.000130702
0.000130689
0.000130689
0.000130689
0.000130689
0.000130689
0.000130689
0.000130689
0.000130688
0.000130688
0.000130688
0.000130688
0.000130687
0.000130687
0.000130687
0.000130687
0.000130686
0.000130686
0.000130685
0.000130685
0.000130684
0.000130684
0.000130683
0.000130683
0.000130682
0.000130682
0.000130681
0.00013068
0.00013068
0.000130679
0.000130678
0.000130677
0.000130676
0.000130676
0.000130675
0.000130674
0.000130673
0.000130672
0.000130671
0.000130669
0.000130668
0.000130667
0.000130666
0.000130664
0.000130663
0.000130662
0.00013066
0.000130659
0.000130657
0.000130655
0.000130654
0.000130652
0.00013065
0.000130648
0.000130646
0.000130644
0.000130641
0.000130639
0.000130636
0.00013063
0.000130614
0.000130563
0.000130396
0.000129885
0.000128488
0.000125171
0.000118576
0.000107935
9.3846e-05
7.48812e-05
4.44049e-05
3.80444e-05
3.88583e-05
3.73147e-05
4.67868e-05
7.20102e-05
9.12828e-05
0.000107414
0.000119168
0.000125869
0.000128907
0.000130062
0.000130446
0.000130561
0.000130592
0.0001306
0.000130601
0.0001306
0.000130592
0.000130564
0.000130463
0.000130127
0.000129117
0.000126436
0.000120394
0.000109329
9.30006e-05
6.9852e-05
4.02529e-05
3.94934e-05
4.20581e-05
4.22648e-05
4.01128e-05
3.75544e-05
6.46781e-05
9.03059e-05
0.000107335
0.000119141
0.000125807
0.000128854
0.000130031
0.000130431
0.000130554
0.000130589
0.000130598
0.0001306
0.0001306
0.000130594
0.000130569
0.000130475
0.000130155
0.000129168
0.000126499
0.000120415
0.00010933
9.35953e-05
7.45114e-05
5.06151e-05
3.72068e-05
3.89121e-05
3.85996e-05
3.91503e-05
7.13897e-05
9.131e-05
0.00010602
0.000117317
0.000124499
0.000128192
0.000129771
0.000130355
0.000130549
0.000130608
0.000130626
0.000130633
0.000130636
0.000130638
0.000130641
0.000130643
0.000130645
0.000130647
0.000130649
0.00013065
0.000130652
0.000130654
0.000130655
0.000130657
0.000130658
0.000130659
0.000130661
0.000130662
0.000130663
0.000130664
0.000130666
0.000130667
0.000130668
0.000130669
0.00013067
0.000130671
0.000130671
0.000130672
0.000130673
0.000130674
0.000130675
0.000130675
0.000130676
0.000130677
0.000130677
0.000130678
0.000130678
0.000130679
0.00013068
0.00013068
0.00013068
0.000130681
0.000130681
0.000130682
0.000130682
0.000130682
0.000130683
0.000130683
0.000130683
0.000130683
0.000130684
0.000130684
0.000130684
0.000130684
0.000130684
0.000130684
0.000130684
0.000130684
0.000130684
0.000130672
0.000130672
0.000130672
0.000130672
0.000130671
0.000130671
0.000130671
0.000130671
0.000130671
0.000130671
0.00013067
0.00013067
0.00013067
0.00013067
0.000130669
0.000130669
0.000130668
0.000130668
0.000130668
0.000130667
0.000130667
0.000130666
0.000130666
0.000130665
0.000130664
0.000130664
0.000130663
0.000130662
0.000130662
0.000130661
0.00013066
0.000130659
0.000130658
0.000130657
0.000130656
0.000130655
0.000130654
0.000130653
0.000130652
0.000130651
0.00013065
0.000130649
0.000130647
0.000130646
0.000130644
0.000130643
0.000130641
0.00013064
0.000130638
0.000130637
0.000130635
0.000130633
0.000130631
0.000130629
0.000130627
0.000130624
0.000130622
0.000130619
0.000130612
0.000130594
0.000130535
0.00013034
0.000129742
0.000128113
0.000124274
0.000116766
0.000104899
8.92133e-05
6.4264e-05
3.71456e-05
4.10783e-05
4.17011e-05
3.98654e-05
3.72279e-05
6.19535e-05
8.67648e-05
0.000104844
0.000117878
0.000125341
0.00012872
0.000129996
0.000130417
0.000130541
0.000130575
0.000130583
0.000130585
0.000130583
0.000130575
0.000130545
0.000130436
0.000130073
0.000128977
0.000126073
0.000119562
0.000107759
9.03644e-05
6.29996e-05
3.71609e-05
4.02745e-05
4.25778e-05
4.27547e-05
4.09168e-05
3.73878e-05
5.61287e-05
8.74408e-05
0.000105602
0.000118188
0.000125377
0.000128686
0.000129967
0.000130402
0.000130534
0.000130572
0.000130582
0.000130584
0.000130583
0.000130577
0.00013055
0.000130449
0.0001301
0.000129015
0.000126062
0.000119321
0.000107085
8.95938e-05
6.57948e-05
3.81906e-05
3.95338e-05
4.16651e-05
4.14839e-05
3.78038e-05
5.99975e-05
8.6204e-05
0.000102753
0.00011534
0.000123502
0.000127769
0.00012961
0.000130293
0.000130519
0.000130588
0.000130609
0.000130616
0.000130619
0.000130621
0.000130624
0.000130626
0.000130628
0.00013063
0.000130631
0.000130633
0.000130635
0.000130636
0.000130638
0.000130639
0.000130641
0.000130642
0.000130644
0.000130645
0.000130646
0.000130647
0.000130648
0.000130649
0.00013065
0.000130651
0.000130652
0.000130653
0.000130654
0.000130655
0.000130656
0.000130657
0.000130657
0.000130658
0.000130659
0.000130659
0.00013066
0.000130661
0.000130661
0.000130662
0.000130662
0.000130663
0.000130663
0.000130664
0.000130664
0.000130664
0.000130665
0.000130665
0.000130665
0.000130666
0.000130666
0.000130666
0.000130666
0.000130666
0.000130667
0.000130667
0.000130667
0.000130667
0.000130667
0.000130667
0.000130667
0.000130654
0.000130654
0.000130654
0.000130654
0.000130654
0.000130654
0.000130654
0.000130654
0.000130654
0.000130653
0.000130653
0.000130653
0.000130653
0.000130652
0.000130652
0.000130652
0.000130651
0.000130651
0.00013065
0.00013065
0.000130649
0.000130649
0.000130648
0.000130648
0.000130647
0.000130646
0.000130646
0.000130645
0.000130644
0.000130644
0.000130643
0.000130642
0.000130641
0.00013064
0.000130639
0.000130638
0.000130637
0.000130636
0.000130635
0.000130634
0.000130633
0.000130631
0.00013063
0.000130629
0.000130627
0.000130626
0.000130624
0.000130623
0.000130621
0.000130619
0.000130618
0.000130616
0.000130614
0.000130612
0.00013061
0.000130608
0.000130605
0.000130602
0.000130595
0.000130575
0.000130506
0.00013028
0.00012959
0.000127716
0.000123348
0.000114972
0.000102056
8.50321e-05
5.73143e-05
3.84118e-05
4.18412e-05
4.22694e-05
4.07343e-05
3.76553e-05
5.10361e-05
8.23317e-05
0.000102389
0.000116623
0.000124822
0.000128536
0.000129932
0.000130388
0.000130522
0.000130558
0.000130567
0.000130569
0.000130567
0.000130559
0.000130527
0.000130411
0.000130021
0.000128846
0.000125737
0.00011882
0.000106436
8.82905e-05
5.72521e-05
3.72175e-05
4.05466e-05
4.267e-05
4.28131e-05
4.1041e-05
3.78988e-05
5.08925e-05
8.51433e-05
0.000104118
0.000117326
0.000124975
0.000128526
0.000129905
0.000130373
0.000130515
0.000130555
0.000130565
0.000130568
0.000130567
0.00013056
0.000130532
0.000130423
0.000130046
0.000128867
0.000125642
0.000118282
0.000105014
8.59516e-05
5.66169e-05
3.71153e-05
4.03452e-05
4.22012e-05
4.2118e-05
3.90869e-05
5.25818e-05
8.12092e-05
9.96731e-05
0.000113387
0.000122477
0.000127324
0.000129439
0.000130227
0.000130488
0.000130568
0.000130591
0.000130599
0.000130602
0.000130605
0.000130607
0.000130609
0.000130611
0.000130613
0.000130614
0.000130616
0.000130618
0.000130619
0.000130621
0.000130622
0.000130624
0.000130625
0.000130626
0.000130628
0.000130629
0.00013063
0.000130631
0.000130632
0.000130633
0.000130634
0.000130635
0.000130636
0.000130637
0.000130638
0.000130639
0.000130639
0.00013064
0.000130641
0.000130641
0.000130642
0.000130643
0.000130643
0.000130644
0.000130644
0.000130645
0.000130645
0.000130646
0.000130646
0.000130647
0.000130647
0.000130647
0.000130648
0.000130648
0.000130648
0.000130649
0.000130649
0.000130649
0.000130649
0.000130649
0.000130649
0.00013065
0.00013065
0.00013065
0.00013065
0.00013065
0.000130637
0.000130637
0.000130637
0.000130637
0.000130637
0.000130637
0.000130637
0.000130637
0.000130636
0.000130636
0.000130636
0.000130636
0.000130635
0.000130635
0.000130635
0.000130634
0.000130634
0.000130633
0.000130633
0.000130633
0.000130632
0.000130632
0.000130631
0.00013063
0.00013063
0.000130629
0.000130628
0.000130628
0.000130627
0.000130626
0.000130625
0.000130625
0.000130624
0.000130623
0.000130622
0.000130621
0.00013062
0.000130619
0.000130618
0.000130617
0.000130615
0.000130614
0.000130613
0.000130612
0.00013061
0.000130609
0.000130607
0.000130606
0.000130604
0.000130602
0.000130601
0.000130599
0.000130597
0.000130595
0.000130593
0.000130591
0.000130588
0.000130585
0.000130577
0.000130555
0.000130477
0.000130218
0.000129431
0.000127305
0.000122413
0.000113233
9.94155e-05
8.10137e-05
5.30087e-05
3.88472e-05
4.20591e-05
4.24015e-05
4.09373e-05
3.82621e-05
4.42675e-05
7.83409e-05
0.000100187
0.000115465
0.000124334
0.000128362
0.000129871
0.000130361
0.000130504
0.000130542
0.000130551
0.000130552
0.000130551
0.000130542
0.000130509
0.000130386
0.000129972
0.000128724
0.000125434
0.000118172
0.000105343
8.67121e-05
5.38349e-05
3.749e-05
4.06322e-05
4.26878e-05
4.28149e-05
4.10278e-05
3.79001e-05
4.83873e-05
8.33591e-05
0.000102865
0.000116558
0.000124605
0.000128376
0.000129847
0.000130345
0.000130496
0.000130538
0.000130549
0.000130551
0.000130551
0.000130543
0.000130514
0.000130399
0.000129996
0.000128729
0.000125252
0.000117332
0.000103161
8.26639e-05
4.92219e-05
3.77313e-05
4.05876e-05
4.23318e-05
4.23027e-05
3.94579e-05
4.65533e-05
7.60254e-05
9.68248e-05
0.000111512
0.00012145
0.000126866
0.00012926
0.000130158
0.000130457
0.000130547
0.000130573
0.000130582
0.000130585
0.000130588
0.00013059
0.000130592
0.000130594
0.000130596
0.000130597
0.000130599
0.000130601
0.000130602
0.000130604
0.000130605
0.000130607
0.000130608
0.000130609
0.00013061
0.000130612
0.000130613
0.000130614
0.000130615
0.000130616
0.000130617
0.000130618
0.000130619
0.00013062
0.000130621
0.000130621
0.000130622
0.000130623
0.000130624
0.000130624
0.000130625
0.000130625
0.000130626
0.000130627
0.000130627
0.000130628
0.000130628
0.000130629
0.000130629
0.000130629
0.00013063
0.00013063
0.00013063
0.000130631
0.000130631
0.000130631
0.000130632
0.000130632
0.000130632
0.000130632
0.000130632
0.000130632
0.000130632
0.000130632
0.000130633
0.000130633
0.00013062
0.00013062
0.00013062
0.00013062
0.00013062
0.00013062
0.000130619
0.000130619
0.000130619
0.000130619
0.000130619
0.000130618
0.000130618
0.000130618
0.000130617
0.000130617
0.000130617
0.000130616
0.000130616
0.000130615
0.000130615
0.000130614
0.000130614
0.000130613
0.000130613
0.000130612
0.000130611
0.000130611
0.00013061
0.000130609
0.000130608
0.000130607
0.000130607
0.000130606
0.000130605
0.000130604
0.000130603
0.000130602
0.000130601
0.0001306
0.000130598
0.000130597
0.000130596
0.000130595
0.000130593
0.000130592
0.00013059
0.000130589
0.000130587
0.000130586
0.000130584
0.000130582
0.00013058
0.000130578
0.000130576
0.000130574
0.000130572
0.000130568
0.00013056
0.000130535
0.000130447
0.000130154
0.000129265
0.000126886
0.000121485
0.000111564
9.69399e-05
7.67353e-05
4.84977e-05
3.91226e-05
4.22135e-05
4.24693e-05
4.09793e-05
3.83017e-05
4.11728e-05
7.51497e-05
9.83379e-05
0.000114452
0.000123896
0.000128203
0.000129814
0.000130335
0.000130486
0.000130525
0.000130535
0.000130536
0.000130535
0.000130526
0.000130491
0.000130361
0.000129926
0.000128613
0.000125162
0.000117609
0.000104436
8.55055e-05
5.20972e-05
3.7495e-05
4.06301e-05
4.26867e-05
4.28096e-05
4.10006e-05
3.78569e-05
4.69073e-05
8.19169e-05
0.000101793
0.000115876
0.000124267
0.000128237
0.000129791
0.000130318
0.000130477
0.000130522
0.000130533
0.000130535
0.000130535
0.000130527
0.000130496
0.000130375
0.00012995
0.000128603
0.000124901
0.000116496
0.000101578
7.98994e-05
4.49638e-05
3.79558e-05
4.06736e-05
4.24017e-05
4.24373e-05
3.97915e-05
3.99582e-05
7.07041e-05
9.42692e-05
0.000109755
0.000120446
0.000126403
0.000129075
0.000130087
0.000130424
0.000130526
0.000130556
0.000130565
0.000130569
0.000130571
0.000130573
0.000130575
0.000130577
0.000130579
0.000130581
0.000130582
0.000130584
0.000130585
0.000130587
0.000130588
0.00013059
0.000130591
0.000130592
0.000130593
0.000130595
0.000130596
0.000130597
0.000130598
0.000130599
0.0001306
0.000130601
0.000130602
0.000130603
0.000130603
0.000130604
0.000130605
0.000130606
0.000130606
0.000130607
0.000130608
0.000130608
0.000130609
0.000130609
0.00013061
0.00013061
0.000130611
0.000130611
0.000130612
0.000130612
0.000130613
0.000130613
0.000130613
0.000130614
0.000130614
0.000130614
0.000130614
0.000130614
0.000130615
0.000130615
0.000130615
0.000130615
0.000130615
0.000130615
0.000130615
0.000130615
0.000130603
0.000130603
0.000130603
0.000130603
0.000130602
0.000130602
0.000130602
0.000130602
0.000130602
0.000130602
0.000130601
0.000130601
0.000130601
0.000130601
0.0001306
0.0001306
0.000130599
0.000130599
0.000130599
0.000130598
0.000130598
0.000130597
0.000130597
0.000130596
0.000130595
0.000130595
0.000130594
0.000130593
0.000130593
0.000130592
0.000130591
0.00013059
0.000130589
0.000130589
0.000130588
0.000130587
0.000130586
0.000130585
0.000130584
0.000130582
0.000130581
0.00013058
0.000130579
0.000130578
0.000130576
0.000130575
0.000130573
0.000130572
0.00013057
0.000130569
0.000130567
0.000130565
0.000130563
0.000130562
0.00013056
0.000130558
0.000130555
0.000130551
0.000130543
0.000130514
0.000130416
0.000130088
0.000129097
0.000126465
0.000120577
0.000109986
9.46481e-05
7.20341e-05
4.21729e-05
3.94796e-05
4.23601e-05
4.25171e-05
4.09761e-05
3.8276e-05
3.95934e-05
7.26828e-05
9.68476e-05
0.000113603
0.000123518
0.000128063
0.000129762
0.00013031
0.000130468
0.000130509
0.000130519
0.000130521
0.000130519
0.00013051
0.000130473
0.000130338
0.000129883
0.000128511
0.000124918
0.000117117
0.000103667
8.45265e-05
5.09748e-05
3.74697e-05
4.06184e-05
4.26842e-05
4.28065e-05
4.09824e-05
3.78256e-05
4.57726e-05
8.06623e-05
0.000100851
0.000115265
0.00012396
0.000128108
0.000129738
0.000130292
0.000130459
0.000130505
0.000130517
0.00013052
0.000130519
0.000130511
0.000130479
0.000130353
0.000129907
0.000128492
0.000124599
0.000115789
0.000100282
7.77255e-05
4.26162e-05
3.7946e-05
4.06798e-05
4.24459e-05
4.25552e-05
4.01918e-05
3.70763e-05
6.6262e-05
9.20947e-05
0.000108145
0.00011948
0.000125943
0.000128888
0.000130014
0.000130391
0.000130505
0.000130538
0.000130548
0.000130552
0.000130554
0.000130557
0.000130558
0.00013056
0.000130562
0.000130564
0.000130565
0.000130567
0.000130568
0.00013057
0.000130571
0.000130573
0.000130574
0.000130575
0.000130576
0.000130577
0.000130579
0.00013058
0.000130581
0.000130582
0.000130583
0.000130584
0.000130585
0.000130585
0.000130586
0.000130587
0.000130588
0.000130588
0.000130589
0.00013059
0.00013059
0.000130591
0.000130592
0.000130592
0.000130593
0.000130593
0.000130594
0.000130594
0.000130595
0.000130595
0.000130595
0.000130596
0.000130596
0.000130596
0.000130597
0.000130597
0.000130597
0.000130597
0.000130597
0.000130598
0.000130598
0.000130598
0.000130598
0.000130598
0.000130598
0.000130598
0.000130586
0.000130585
0.000130585
0.000130585
0.000130585
0.000130585
0.000130585
0.000130585
0.000130585
0.000130584
0.000130584
0.000130584
0.000130584
0.000130583
0.000130583
0.000130583
0.000130582
0.000130582
0.000130581
0.000130581
0.00013058
0.00013058
0.000130579
0.000130579
0.000130578
0.000130578
0.000130577
0.000130576
0.000130576
0.000130575
0.000130574
0.000130573
0.000130572
0.000130571
0.000130571
0.00013057
0.000130569
0.000130568
0.000130567
0.000130565
0.000130564
0.000130563
0.000130562
0.000130561
0.000130559
0.000130558
0.000130556
0.000130555
0.000130553
0.000130552
0.00013055
0.000130549
0.000130547
0.000130545
0.000130543
0.000130541
0.000130539
0.000130535
0.000130525
0.000130494
0.000130384
0.00013002
0.000128926
0.000126048
0.000119703
0.000108525
9.2638e-05
6.76963e-05
3.75932e-05
3.98971e-05
4.24862e-05
4.25508e-05
4.09609e-05
3.82476e-05
3.86901e-05
7.07926e-05
9.56797e-05
0.00011292
0.000123205
0.000127944
0.000129717
0.000130287
0.000130451
0.000130493
0.000130503
0.000130505
0.000130503
0.000130494
0.000130456
0.000130316
0.000129843
0.000128418
0.0001247
0.000116681
0.000102996
8.36725e-05
5.00256e-05
3.74518e-05
4.06126e-05
4.26852e-05
4.28074e-05
4.09758e-05
3.78149e-05
4.47624e-05
7.95085e-05
0.000100004
0.000114714
0.000123679
0.000127989
0.000129689
0.000130266
0.000130441
0.000130489
0.000130501
0.000130504
0.000130503
0.000130495
0.000130462
0.000130332
0.00012987
0.000128397
0.000124346
0.000115213
9.92521e-05
7.60579e-05
4.11822e-05
3.79168e-05
4.06613e-05
4.24712e-05
4.26496e-05
4.04887e-05
3.70015e-05
6.33898e-05
9.02611e-05
0.000106672
0.000118557
0.000125489
0.000128699
0.000129939
0.000130357
0.000130484
0.000130521
0.000130532
0.000130536
0.000130538
0.00013054
0.000130542
0.000130544
0.000130545
0.000130547
0.000130548
0.00013055
0.000130551
0.000130553
0.000130554
0.000130556
0.000130557
0.000130558
0.000130559
0.00013056
0.000130562
0.000130563
0.000130564
0.000130565
0.000130566
0.000130567
0.000130567
0.000130568
0.000130569
0.00013057
0.000130571
0.000130571
0.000130572
0.000130573
0.000130573
0.000130574
0.000130574
0.000130575
0.000130576
0.000130576
0.000130577
0.000130577
0.000130577
0.000130578
0.000130578
0.000130578
0.000130579
0.000130579
0.000130579
0.00013058
0.00013058
0.00013058
0.00013058
0.00013058
0.000130581
0.000130581
0.000130581
0.000130581
0.000130581
0.000130581
0.000130568
0.000130568
0.000130568
0.000130568
0.000130568
0.000130568
0.000130568
0.000130568
0.000130567
0.000130567
0.000130567
0.000130567
0.000130567
0.000130566
0.000130566
0.000130566
0.000130565
0.000130565
0.000130564
0.000130564
0.000130563
0.000130563
0.000130562
0.000130562
0.000130561
0.000130561
0.00013056
0.000130559
0.000130558
0.000130558
0.000130557
0.000130556
0.000130555
0.000130554
0.000130554
0.000130553
0.000130552
0.000130551
0.00013055
0.000130548
0.000130547
0.000130546
0.000130545
0.000130544
0.000130542
0.000130541
0.00013054
0.000130538
0.000130537
0.000130535
0.000130534
0.000130532
0.00013053
0.000130528
0.000130527
0.000130525
0.000130522
0.000130518
0.000130508
0.000130474
0.000130353
0.000129952
0.000128755
0.000125638
0.000118867
0.000107186
9.09419e-05
6.47364e-05
3.69032e-05
4.02202e-05
4.25846e-05
4.25731e-05
4.09355e-05
3.82201e-05
3.81441e-05
6.93472e-05
9.48074e-05
0.000112389
0.000122955
0.000127846
0.000129677
0.000130266
0.000130434
0.000130477
0.000130488
0.000130489
0.000130487
0.000130478
0.000130439
0.000130294
0.000129806
0.000128333
0.000124502
0.000116291
0.000102395
8.28879e-05
4.91124e-05
3.74459e-05
4.06181e-05
4.26902e-05
4.28116e-05
4.09797e-05
3.78196e-05
4.38116e-05
7.84158e-05
9.92293e-05
0.000114212
0.000123422
0.000127879
0.000129643
0.000130242
0.000130423
0.000130473
0.000130486
0.000130488
0.000130487
0.00013048
0.000130446
0.000130313
0.000129837
0.000128319
0.000124144
0.000114761
9.84572e-05
7.48068e-05
4.02462e-05
3.78785e-05
4.06288e-05
4.2482e-05
4.27256e-05
4.06938e-05
3.71379e-05
6.13601e-05
8.86039e-05
0.000105295
0.000117671
0.000125042
0.00012851
0.000129863
0.000130323
0.000130463
0.000130503
0.000130515
0.000130519
0.000130521
0.000130523
0.000130525
0.000130527
0.000130529
0.00013053
0.000130532
0.000130533
0.000130535
0.000130536
0.000130537
0.000130539
0.00013054
0.000130541
0.000130542
0.000130543
0.000130545
0.000130546
0.000130547
0.000130548
0.000130549
0.000130549
0.00013055
0.000130551
0.000130552
0.000130553
0.000130553
0.000130554
0.000130555
0.000130556
0.000130556
0.000130557
0.000130557
0.000130558
0.000130558
0.000130559
0.000130559
0.00013056
0.00013056
0.000130561
0.000130561
0.000130561
0.000130562
0.000130562
0.000130562
0.000130562
0.000130563
0.000130563
0.000130563
0.000130563
0.000130563
0.000130563
0.000130564
0.000130564
0.000130564
0.000130564
0.000130551
0.000130551
0.000130551
0.000130551
0.000130551
0.000130551
0.000130551
0.000130551
0.00013055
0.00013055
0.00013055
0.00013055
0.000130549
0.000130549
0.000130549
0.000130548
0.000130548
0.000130548
0.000130547
0.000130547
0.000130546
0.000130546
0.000130545
0.000130545
0.000130544
0.000130543
0.000130543
0.000130542
0.000130541
0.000130541
0.00013054
0.000130539
0.000130538
0.000130537
0.000130536
0.000130536
0.000130535
0.000130534
0.000130533
0.000130531
0.00013053
0.000130529
0.000130528
0.000130527
0.000130526
0.000130524
0.000130523
0.000130521
0.00013052
0.000130518
0.000130517
0.000130515
0.000130514
0.000130512
0.00013051
0.000130508
0.000130506
0.000130502
0.000130491
0.000130453
0.000130321
0.000129883
0.000128585
0.000125236
0.000118068
0.000105941
8.94424e-05
6.27736e-05
3.69794e-05
4.04361e-05
4.26633e-05
4.25854e-05
4.09008e-05
3.81901e-05
3.78055e-05
6.82658e-05
9.41764e-05
0.000111996
0.000122765
0.000127768
0.000129644
0.000130246
0.000130417
0.000130462
0.000130472
0.000130474
0.000130472
0.000130462
0.000130422
0.000130273
0.00012977
0.000128254
0.000124322
0.000115936
0.000101844
8.21459e-05
4.81954e-05
3.74537e-05
4.06322e-05
4.2697e-05
4.28165e-05
4.09896e-05
3.78356e-05
4.29109e-05
7.73699e-05
9.85158e-05
0.000113753
0.000123187
0.000127777
0.000129599
0.000130219
0.000130406
0.000130457
0.00013047
0.000130473
0.000130472
0.000130464
0.00013043
0.000130294
0.000129808
0.000128257
0.000123989
0.000114422
9.7878e-05
7.3884e-05
3.96158e-05
3.78366e-05
4.05854e-05
4.24814e-05
4.27887e-05
4.08698e-05
3.72548e-05
5.94496e-05
8.69874e-05
0.000103975
0.000116813
0.000124602
0.00012832
0.000129787
0.000130288
0.000130442
0.000130486
0.000130498
0.000130503
0.000130505
0.000130507
0.000130509
0.00013051
0.000130512
0.000130514
0.000130515
0.000130516
0.000130518
0.000130519
0.000130521
0.000130522
0.000130523
0.000130524
0.000130525
0.000130527
0.000130528
0.000130529
0.00013053
0.000130531
0.000130532
0.000130532
0.000130533
0.000130534
0.000130535
0.000130536
0.000130536
0.000130537
0.000130538
0.000130538
0.000130539
0.00013054
0.00013054
0.000130541
0.000130541
0.000130542
0.000130542
0.000130543
0.000130543
0.000130543
0.000130544
0.000130544
0.000130544
0.000130545
0.000130545
0.000130545
0.000130545
0.000130546
0.000130546
0.000130546
0.000130546
0.000130546
0.000130546
0.000130546
0.000130546
0.000130546
0.000130534
0.000130534
0.000130534
0.000130534
0.000130534
0.000130534
0.000130534
0.000130533
0.000130533
0.000130533
0.000130533
0.000130532
0.000130532
0.000130532
0.000130532
0.000130531
0.000130531
0.00013053
0.00013053
0.00013053
0.000130529
0.000130529
0.000130528
0.000130528
0.000130527
0.000130526
0.000130526
0.000130525
0.000130524
0.000130524
0.000130523
0.000130522
0.000130521
0.00013052
0.000130519
0.000130519
0.000130518
0.000130517
0.000130516
0.000130515
0.000130513
0.000130512
0.000130511
0.00013051
0.000130509
0.000130507
0.000130506
0.000130505
0.000130503
0.000130502
0.0001305
0.000130499
0.000130497
0.000130495
0.000130494
0.000130492
0.00013049
0.000130485
0.000130474
0.000130433
0.000130288
0.000129814
0.000128414
0.000124842
0.000117298
0.000104756
8.80108e-05
6.10315e-05
3.70625e-05
4.06121e-05
4.27293e-05
4.25887e-05
4.086e-05
3.81554e-05
3.75916e-05
6.74944e-05
9.37415e-05
0.000111723
0.000122628
0.00012771
0.000129616
0.000130227
0.000130401
0.000130446
0.000130457
0.000130458
0.000130456
0.000130446
0.000130405
0.000130253
0.000129736
0.000128182
0.000124156
0.00011561
0.000101335
8.14347e-05
4.7281e-05
3.74684e-05
4.06487e-05
4.27033e-05
4.28207e-05
4.10001e-05
3.78548e-05
4.20702e-05
7.63673e-05
9.78561e-05
0.000113332
0.000122971
0.000127683
0.000129558
0.000130196
0.000130389
0.000130441
0.000130454
0.000130457
0.000130456
0.000130449
0.000130414
0.000130277
0.000129784
0.000128209
0.000123877
0.000114186
9.74788e-05
7.32268e-05
3.91862e-05
3.7792e-05
4.05354e-05
4.24724e-05
4.2841e-05
4.10336e-05
3.73953e-05
5.7425e-05
8.53354e-05
0.000102682
0.000115974
0.000124165
0.000128129
0.000129709
0.000130253
0.000130421
0.000130468
0.000130482
0.000130486
0.000130489
0.000130491
0.000130492
0.000130494
0.000130495
0.000130497
0.000130498
0.0001305
0.000130501
0.000130502
0.000130504
0.000130505
0.000130506
0.000130507
0.000130509
0.00013051
0.000130511
0.000130512
0.000130513
0.000130514
0.000130515
0.000130515
0.000130516
0.000130517
0.000130518
0.000130519
0.000130519
0.00013052
0.000130521
0.000130521
0.000130522
0.000130523
0.000130523
0.000130524
0.000130524
0.000130525
0.000130525
0.000130526
0.000130526
0.000130526
0.000130527
0.000130527
0.000130527
0.000130528
0.000130528
0.000130528
0.000130528
0.000130529
0.000130529
0.000130529
0.000130529
0.000130529
0.000130529
0.000130529
0.000130529
0.000130529
0.000130517
0.000130517
0.000130517
0.000130517
0.000130517
0.000130517
0.000130516
0.000130516
0.000130516
0.000130516
0.000130516
0.000130515
0.000130515
0.000130515
0.000130514
0.000130514
0.000130514
0.000130513
0.000130513
0.000130513
0.000130512
0.000130512
0.000130511
0.00013051
0.00013051
0.000130509
0.000130509
0.000130508
0.000130507
0.000130507
0.000130506
0.000130505
0.000130504
0.000130503
0.000130503
0.000130502
0.000130501
0.0001305
0.000130499
0.000130498
0.000130497
0.000130495
0.000130494
0.000130493
0.000130492
0.000130491
0.000130489
0.000130488
0.000130487
0.000130485
0.000130484
0.000130482
0.000130481
0.000130479
0.000130477
0.000130475
0.000130473
0.000130469
0.000130456
0.000130412
0.000130256
0.000129744
0.000128244
0.000124452
0.000116547
0.000103603
8.65746e-05
5.92121e-05
3.71629e-05
4.0774e-05
4.27848e-05
4.25846e-05
4.08148e-05
3.81153e-05
3.74545e-05
6.69802e-05
9.34662e-05
0.00011155
0.000122539
0.000127668
0.000129593
0.00013021
0.000130386
0.000130431
0.000130441
0.000130443
0.000130441
0.000130431
0.000130389
0.000130233
0.000129705
0.000128114
0.000124004
0.000115309
0.000100859
8.07496e-05
4.6389e-05
3.74834e-05
4.06634e-05
4.2708e-05
4.28235e-05
4.10094e-05
3.78737e-05
4.13002e-05
7.54094e-05
9.72465e-05
0.000112946
0.000122772
0.000127596
0.000129519
0.000130174
0.000130372
0.000130425
0.000130439
0.000130442
0.000130441
0.000130433
0.000130399
0.00013026
0.000129764
0.000128175
0.000123805
0.000114038
9.72294e-05
7.27902e-05
3.8891e-05
3.77446e-05
4.04811e-05
4.24577e-05
4.28831e-05
4.11833e-05
3.75584e-05
5.52791e-05
8.36014e-05
0.000101399
0.000115148
0.000123732
0.000127938
0.000129631
0.000130218
0.000130399
0.000130451
0.000130465
0.00013047
0.000130472
0.000130474
0.000130476
0.000130477
0.000130479
0.00013048
0.000130482
0.000130483
0.000130484
0.000130486
0.000130487
0.000130488
0.000130489
0.000130491
0.000130492
0.000130493
0.000130494
0.000130495
0.000130496
0.000130497
0.000130498
0.000130498
0.000130499
0.0001305
0.000130501
0.000130502
0.000130502
0.000130503
0.000130504
0.000130504
0.000130505
0.000130505
0.000130506
0.000130507
0.000130507
0.000130508
0.000130508
0.000130508
0.000130509
0.000130509
0.00013051
0.00013051
0.00013051
0.00013051
0.000130511
0.000130511
0.000130511
0.000130511
0.000130512
0.000130512
0.000130512
0.000130512
0.000130512
0.000130512
0.000130512
0.000130512
0.0001305
0.0001305
0.0001305
0.0001305
0.0001305
0.000130499
0.000130499
0.000130499
0.000130499
0.000130499
0.000130499
0.000130498
0.000130498
0.000130498
0.000130497
0.000130497
0.000130497
0.000130496
0.000130496
0.000130495
0.000130495
0.000130494
0.000130494
0.000130493
0.000130493
0.000130492
0.000130492
0.000130491
0.00013049
0.00013049
0.000130489
0.000130488
0.000130487
0.000130486
0.000130486
0.000130485
0.000130484
0.000130483
0.000130482
0.000130481
0.00013048
0.000130479
0.000130478
0.000130476
0.000130475
0.000130474
0.000130473
0.000130471
0.00013047
0.000130469
0.000130467
0.000130466
0.000130464
0.000130463
0.000130461
0.000130459
0.000130457
0.000130453
0.000130439
0.000130392
0.000130223
0.000129673
0.000128075
0.000124068
0.000115812
0.000102467
8.50963e-05
5.72911e-05
3.7287e-05
4.09229e-05
4.28308e-05
4.25748e-05
4.07661e-05
3.80703e-05
3.7365e-05
6.66818e-05
9.33251e-05
0.000111461
0.000122489
0.00012764
0.000129574
0.000130194
0.00013037
0.000130416
0.000130426
0.000130428
0.000130426
0.000130415
0.000130373
0.000130214
0.000129674
0.000128051
0.000123863
0.000115031
0.000100414
8.00893e-05
4.55364e-05
3.74959e-05
4.0675e-05
4.2711e-05
4.28253e-05
4.10175e-05
3.78917e-05
4.06064e-05
7.44971e-05
9.66846e-05
0.000112593
0.000122591
0.000127516
0.000129483
0.000130153
0.000130355
0.00013041
0.000130424
0.000130427
0.000130426
0.000130418
0.000130383
0.000130245
0.000129746
0.000128151
0.000123765
0.000113964
9.7105e-05
7.25443e-05
3.86968e-05
3.76943e-05
4.04235e-05
4.24365e-05
4.29162e-05
4.13171e-05
3.77302e-05
5.30468e-05
8.17472e-05
0.000100119
0.000114332
0.000123301
0.000127747
0.000129552
0.000130182
0.000130378
0.000130433
0.000130449
0.000130454
0.000130456
0.000130458
0.000130459
0.000130461
0.000130462
0.000130464
0.000130465
0.000130466
0.000130468
0.000130469
0.00013047
0.000130471
0.000130473
0.000130474
0.000130475
0.000130476
0.000130477
0.000130478
0.000130479
0.00013048
0.000130481
0.000130481
0.000130482
0.000130483
0.000130484
0.000130485
0.000130485
0.000130486
0.000130487
0.000130487
0.000130488
0.000130488
0.000130489
0.000130489
0.00013049
0.00013049
0.000130491
0.000130491
0.000130492
0.000130492
0.000130492
0.000130493
0.000130493
0.000130493
0.000130494
0.000130494
0.000130494
0.000130494
0.000130494
0.000130495
0.000130495
0.000130495
0.000130495
0.000130495
0.000130495
0.000130495
0.000130483
0.000130483
0.000130483
0.000130483
0.000130482
0.000130482
0.000130482
0.000130482
0.000130482
0.000130482
0.000130481
0.000130481
0.000130481
0.000130481
0.00013048
0.00013048
0.00013048
0.000130479
0.000130479
0.000130478
0.000130478
0.000130477
0.000130477
0.000130476
0.000130476
0.000130475
0.000130475
0.000130474
0.000130473
0.000130473
0.000130472
0.000130471
0.00013047
0.00013047
0.000130469
0.000130468
0.000130467
0.000130466
0.000130465
0.000130464
0.000130463
0.000130462
0.000130461
0.00013046
0.000130458
0.000130457
0.000130456
0.000130455
0.000130453
0.000130452
0.000130451
0.000130449
0.000130448
0.000130446
0.000130445
0.000130443
0.000130441
0.000130436
0.000130422
0.000130371
0.00013019
0.000129603
0.000127905
0.000123686
0.000115088
0.000101338
8.35492e-05
5.53039e-05
3.74246e-05
4.10576e-05
4.28681e-05
4.25602e-05
4.07146e-05
3.80213e-05
3.73071e-05
6.66264e-05
9.32974e-05
0.000111439
0.00012247
0.000127624
0.000129559
0.000130179
0.000130355
0.0001304
0.000130411
0.000130412
0.00013041
0.0001304
0.000130356
0.000130195
0.000129645
0.000127992
0.000123732
0.000114772
9.99973e-05
7.94545e-05
4.47332e-05
3.75055e-05
4.06839e-05
4.27125e-05
4.28263e-05
4.10251e-05
3.79096e-05
3.99907e-05
7.36304e-05
9.61689e-05
0.000112271
0.000122424
0.000127441
0.000129448
0.000130132
0.000130338
0.000130394
0.000130408
0.000130411
0.00013041
0.000130403
0.000130368
0.00013023
0.000129732
0.000128139
0.000123753
0.000113953
9.70851e-05
7.24808e-05
3.85537e-05
3.76415e-05
4.03631e-05
4.24107e-05
4.29416e-05
4.14359e-05
3.79043e-05
5.07489e-05
7.97359e-05
9.88385e-05
0.000113528
0.000122874
0.000127555
0.000129473
0.000130146
0.000130356
0.000130416
0.000130432
0.000130438
0.00013044
0.000130442
0.000130443
0.000130444
0.000130446
0.000130447
0.000130449
0.00013045
0.000130451
0.000130452
0.000130454
0.000130455
0.000130456
0.000130457
0.000130458
0.000130459
0.00013046
0.000130461
0.000130462
0.000130463
0.000130464
0.000130465
0.000130465
0.000130466
0.000130467
0.000130468
0.000130468
0.000130469
0.00013047
0.00013047
0.000130471
0.000130471
0.000130472
0.000130472
0.000130473
0.000130473
0.000130474
0.000130474
0.000130475
0.000130475
0.000130475
0.000130476
0.000130476
0.000130476
0.000130477
0.000130477
0.000130477
0.000130477
0.000130477
0.000130477
0.000130478
0.000130478
0.000130478
0.000130478
0.000130478
0.000130478
0.000130466
0.000130466
0.000130466
0.000130465
0.000130465
0.000130465
0.000130465
0.000130465
0.000130465
0.000130465
0.000130464
0.000130464
0.000130464
0.000130464
0.000130463
0.000130463
0.000130463
0.000130462
0.000130462
0.000130461
0.000130461
0.00013046
0.00013046
0.000130459
0.000130459
0.000130458
0.000130458
0.000130457
0.000130456
0.000130456
0.000130455
0.000130454
0.000130453
0.000130453
0.000130452
0.000130451
0.00013045
0.000130449
0.000130448
0.000130447
0.000130446
0.000130445
0.000130444
0.000130443
0.000130442
0.000130441
0.000130439
0.000130438
0.000130437
0.000130436
0.000130434
0.000130433
0.000130431
0.00013043
0.000130428
0.000130427
0.000130425
0.00013042
0.000130405
0.00013035
0.000130157
0.000129532
0.000127736
0.000123308
0.000114373
0.000100214
8.19076e-05
5.32667e-05
3.75689e-05
4.11784e-05
4.2898e-05
4.2541e-05
4.06607e-05
3.7969e-05
3.72728e-05
6.6654e-05
9.33516e-05
0.000111476
0.000122482
0.000127619
0.000129547
0.000130165
0.00013034
0.000130385
0.000130395
0.000130397
0.000130395
0.000130384
0.00013034
0.000130176
0.000129617
0.000127937
0.000123611
0.000114533
9.96084e-05
7.88469e-05
4.39841e-05
3.7513e-05
4.06903e-05
4.27128e-05
4.28267e-05
4.10325e-05
3.79276e-05
3.94518e-05
7.2812e-05
9.56984e-05
0.00011198
0.000122273
0.000127373
0.000129415
0.000130112
0.000130321
0.000130379
0.000130393
0.000130396
0.000130395
0.000130388
0.000130353
0.000130216
0.000129721
0.000128134
0.000123767
0.000113996
9.71498e-05
7.25149e-05
3.84808e-05
3.75856e-05
4.03002e-05
4.23813e-05
4.29606e-05
4.15414e-05
3.80796e-05
4.84052e-05
7.75298e-05
9.75644e-05
0.000112738
0.000122452
0.000127365
0.000129393
0.00013011
0.000130334
0.000130398
0.000130416
0.000130421
0.000130424
0.000130425
0.000130427
0.000130428
0.000130429
0.000130431
0.000130432
0.000130433
0.000130435
0.000130436
0.000130437
0.000130438
0.000130439
0.00013044
0.000130441
0.000130442
0.000130443
0.000130444
0.000130445
0.000130446
0.000130447
0.000130448
0.000130448
0.000130449
0.00013045
0.000130451
0.000130451
0.000130452
0.000130453
0.000130453
0.000130454
0.000130454
0.000130455
0.000130455
0.000130456
0.000130456
0.000130457
0.000130457
0.000130458
0.000130458
0.000130458
0.000130459
0.000130459
0.000130459
0.000130459
0.00013046
0.00013046
0.00013046
0.00013046
0.00013046
0.000130461
0.000130461
0.000130461
0.000130461
0.000130461
0.000130461
0.000130449
0.000130449
0.000130449
0.000130448
0.000130448
0.000130448
0.000130448
0.000130448
0.000130448
0.000130448
0.000130447
0.000130447
0.000130447
0.000130447
0.000130446
0.000130446
0.000130446
0.000130445
0.000130445
0.000130444
0.000130444
0.000130443
0.000130443
0.000130442
0.000130442
0.000130441
0.000130441
0.00013044
0.000130439
0.000130439
0.000130438
0.000130437
0.000130437
0.000130436
0.000130435
0.000130434
0.000130433
0.000130432
0.000130431
0.00013043
0.000130429
0.000130428
0.000130427
0.000130426
0.000130425
0.000130424
0.000130423
0.000130422
0.00013042
0.000130419
0.000130418
0.000130416
0.000130415
0.000130414
0.000130412
0.000130411
0.000130408
0.000130404
0.000130388
0.000130329
0.000130124
0.000129461
0.000127568
0.000122935
0.00011367
9.9094e-05
8.01451e-05
5.11799e-05
3.77178e-05
4.12866e-05
4.29215e-05
4.25184e-05
4.06049e-05
3.79138e-05
3.72498e-05
6.67974e-05
9.34779e-05
0.00011156
0.000122516
0.000127622
0.000129538
0.000130151
0.000130325
0.00013037
0.00013038
0.000130382
0.00013038
0.000130369
0.000130324
0.000130157
0.000129591
0.000127886
0.000123499
0.000114312
9.92474e-05
7.82693e-05
4.32912e-05
3.75187e-05
4.06947e-05
4.27121e-05
4.28266e-05
4.10397e-05
3.79459e-05
3.89864e-05
7.20455e-05
9.52724e-05
0.000111717
0.000122136
0.00012731
0.000129384
0.000130092
0.000130305
0.000130363
0.000130377
0.000130381
0.00013038
0.000130372
0.000130338
0.000130202
0.000129711
0.000128137
0.0001238
0.000114082
9.72876e-05
7.26683e-05
3.84427e-05
3.75266e-05
4.02343e-05
4.23487e-05
4.29741e-05
4.16353e-05
3.82569e-05
4.59947e-05
7.50911e-05
9.6312e-05
0.000111972
0.000122039
0.000127177
0.000129315
0.000130074
0.000130313
0.000130381
0.0001304
0.000130405
0.000130407
0.000130409
0.00013041
0.000130412
0.000130413
0.000130414
0.000130416
0.000130417
0.000130418
0.000130419
0.00013042
0.000130421
0.000130422
0.000130424
0.000130425
0.000130426
0.000130426
0.000130427
0.000130428
0.000130429
0.00013043
0.000130431
0.000130432
0.000130432
0.000130433
0.000130434
0.000130434
0.000130435
0.000130436
0.000130436
0.000130437
0.000130437
0.000130438
0.000130438
0.000130439
0.000130439
0.00013044
0.00013044
0.000130441
0.000130441
0.000130441
0.000130442
0.000130442
0.000130442
0.000130442
0.000130443
0.000130443
0.000130443
0.000130443
0.000130443
0.000130443
0.000130444
0.000130444
0.000130444
0.000130444
0.000130444
0.000130432
0.000130432
0.000130431
0.000130431
0.000130431
0.000130431
0.000130431
0.000130431
0.000130431
0.000130431
0.00013043
0.00013043
0.00013043
0.00013043
0.000130429
0.000130429
0.000130429
0.000130428
0.000130428
0.000130427
0.000130427
0.000130426
0.000130426
0.000130425
0.000130425
0.000130424
0.000130424
0.000130423
0.000130423
0.000130422
0.000130421
0.00013042
0.00013042
0.000130419
0.000130418
0.000130417
0.000130416
0.000130416
0.000130415
0.000130414
0.000130413
0.000130412
0.000130411
0.00013041
0.000130409
0.000130407
0.000130406
0.000130405
0.000130404
0.000130403
0.000130401
0.0001304
0.000130399
0.000130397
0.000130396
0.000130394
0.000130392
0.000130387
0.00013037
0.000130308
0.000130091
0.000129391
0.000127402
0.000122567
0.000112981
9.7983e-05
7.82349e-05
4.90474e-05
3.78707e-05
4.13832e-05
4.29395e-05
4.24931e-05
4.05471e-05
3.78561e-05
3.72383e-05
6.70538e-05
9.36676e-05
0.000111682
0.000122568
0.000127632
0.00012953
0.000130138
0.000130311
0.000130355
0.000130365
0.000130366
0.000130364
0.000130353
0.000130308
0.000130139
0.000129565
0.000127838
0.000123397
0.000114111
9.89153e-05
7.77249e-05
4.26554e-05
3.75227e-05
4.06973e-05
4.27104e-05
4.28261e-05
4.10468e-05
3.79641e-05
3.8589e-05
7.13347e-05
9.48903e-05
0.000111482
0.000122013
0.000127252
0.000129355
0.000130073
0.000130289
0.000130347
0.000130362
0.000130365
0.000130365
0.000130357
0.000130324
0.000130189
0.000129703
0.000128145
0.000123848
0.000114205
9.74877e-05
7.29294e-05
3.84303e-05
3.74644e-05
4.01651e-05
4.23129e-05
4.29831e-05
4.17194e-05
3.84399e-05
4.32841e-05
7.24068e-05
9.51131e-05
0.000111243
0.000121641
0.000126993
0.000129237
0.000130038
0.000130291
0.000130363
0.000130383
0.000130389
0.000130391
0.000130393
0.000130394
0.000130395
0.000130397
0.000130398
0.000130399
0.0001304
0.000130401
0.000130403
0.000130404
0.000130405
0.000130406
0.000130407
0.000130408
0.000130409
0.00013041
0.000130411
0.000130411
0.000130412
0.000130413
0.000130414
0.000130415
0.000130415
0.000130416
0.000130417
0.000130417
0.000130418
0.000130419
0.000130419
0.00013042
0.00013042
0.000130421
0.000130421
0.000130422
0.000130422
0.000130423
0.000130423
0.000130424
0.000130424
0.000130424
0.000130425
0.000130425
0.000130425
0.000130425
0.000130426
0.000130426
0.000130426
0.000130426
0.000130426
0.000130426
0.000130427
0.000130427
0.000130427
0.000130427
0.000130427
0.000130415
0.000130415
0.000130414
0.000130414
0.000130414
0.000130414
0.000130414
0.000130414
0.000130414
0.000130414
0.000130413
0.000130413
0.000130413
0.000130413
0.000130412
0.000130412
0.000130412
0.000130411
0.000130411
0.00013041
0.00013041
0.00013041
0.000130409
0.000130409
0.000130408
0.000130407
0.000130407
0.000130406
0.000130406
0.000130405
0.000130404
0.000130404
0.000130403
0.000130402
0.000130401
0.000130401
0.0001304
0.000130399
0.000130398
0.000130397
0.000130396
0.000130395
0.000130394
0.000130393
0.000130392
0.000130391
0.00013039
0.000130389
0.000130387
0.000130386
0.000130385
0.000130384
0.000130383
0.000130381
0.00013038
0.000130378
0.000130376
0.000130371
0.000130353
0.000130288
0.000130058
0.000129321
0.000127238
0.000122208
0.000112313
9.68926e-05
7.61506e-05
4.68493e-05
3.80272e-05
4.14693e-05
4.29529e-05
4.24652e-05
4.04874e-05
3.77958e-05
3.72374e-05
6.74063e-05
9.39121e-05
0.000111838
0.000122635
0.000127647
0.000129525
0.000130126
0.000130296
0.00013034
0.00013035
0.000130351
0.000130349
0.000130338
0.000130293
0.000130122
0.000129541
0.000127794
0.000123304
0.000113929
9.86134e-05
7.72172e-05
4.20758e-05
3.7525e-05
4.06982e-05
4.27078e-05
4.2825e-05
4.10534e-05
3.79816e-05
3.82532e-05
7.06835e-05
9.45516e-05
0.000111275
0.000121903
0.000127199
0.000129327
0.000130054
0.000130273
0.000130332
0.000130347
0.00013035
0.00013035
0.000130342
0.000130309
0.000130176
0.000129697
0.000128158
0.00012391
0.000114356
9.774e-05
7.32782e-05
3.84459e-05
3.73986e-05
4.0092e-05
4.22739e-05
4.29883e-05
4.17948e-05
3.86375e-05
4.00935e-05
6.96307e-05
9.40261e-05
0.000110568
0.000121262
0.000126815
0.00012916
0.000130002
0.000130269
0.000130346
0.000130367
0.000130373
0.000130375
0.000130377
0.000130378
0.000130379
0.00013038
0.000130382
0.000130383
0.000130384
0.000130385
0.000130386
0.000130387
0.000130388
0.000130389
0.00013039
0.000130391
0.000130392
0.000130393
0.000130394
0.000130395
0.000130396
0.000130396
0.000130397
0.000130398
0.000130399
0.000130399
0.0001304
0.000130401
0.000130401
0.000130402
0.000130402
0.000130403
0.000130403
0.000130404
0.000130404
0.000130405
0.000130405
0.000130406
0.000130406
0.000130407
0.000130407
0.000130407
0.000130408
0.000130408
0.000130408
0.000130408
0.000130409
0.000130409
0.000130409
0.000130409
0.000130409
0.000130409
0.000130409
0.00013041
0.00013041
0.00013041
0.00013041
0.000130398
0.000130398
0.000130397
0.000130397
0.000130397
0.000130397
0.000130397
0.000130397
0.000130397
0.000130397
0.000130396
0.000130396
0.000130396
0.000130396
0.000130395
0.000130395
0.000130395
0.000130394
0.000130394
0.000130394
0.000130393
0.000130393
0.000130392
0.000130392
0.000130391
0.000130391
0.00013039
0.000130389
0.000130389
0.000130388
0.000130388
0.000130387
0.000130386
0.000130385
0.000130385
0.000130384
0.000130383
0.000130382
0.000130381
0.00013038
0.000130379
0.000130378
0.000130378
0.000130377
0.000130375
0.000130374
0.000130373
0.000130372
0.000130371
0.00013037
0.000130369
0.000130368
0.000130366
0.000130365
0.000130364
0.000130362
0.00013036
0.000130355
0.000130336
0.000130267
0.000130025
0.000129253
0.000127078
0.000121861
0.000111676
9.58453e-05
7.38806e-05
4.44059e-05
3.8188e-05
4.15458e-05
4.29624e-05
4.2435e-05
4.04253e-05
3.7733e-05
3.72464e-05
6.78405e-05
9.42039e-05
0.00011202
0.000122714
0.000127667
0.000129521
0.000130114
0.000130282
0.000130325
0.000130335
0.000130336
0.000130334
0.000130323
0.000130277
0.000130105
0.000129518
0.000127754
0.000123221
0.000113768
9.83439e-05
7.67507e-05
4.15507e-05
3.75254e-05
4.06974e-05
4.27043e-05
4.28234e-05
4.10593e-05
3.79978e-05
3.79717e-05
7.00961e-05
9.42563e-05
0.000111095
0.000121807
0.000127152
0.000129302
0.000130036
0.000130257
0.000130317
0.000130332
0.000130335
0.000130335
0.000130327
0.000130295
0.000130164
0.000129691
0.000128174
0.000123982
0.000114533
9.80364e-05
7.37032e-05
3.84909e-05
3.73291e-05
4.00149e-05
4.22318e-05
4.29903e-05
4.18613e-05
3.88386e-05
3.76129e-05
6.7252e-05
9.31171e-05
0.000109963
0.000120908
0.000126644
0.000129085
0.000129967
0.000130248
0.000130329
0.000130351
0.000130357
0.000130359
0.00013036
0.000130362
0.000130363
0.000130364
0.000130365
0.000130366
0.000130367
0.000130369
0.00013037
0.000130371
0.000130372
0.000130373
0.000130374
0.000130374
0.000130375
0.000130376
0.000130377
0.000130378
0.000130379
0.00013038
0.00013038
0.000130381
0.000130382
0.000130382
0.000130383
0.000130384
0.000130384
0.000130385
0.000130385
0.000130386
0.000130387
0.000130387
0.000130388
0.000130388
0.000130388
0.000130389
0.000130389
0.00013039
0.00013039
0.00013039
0.000130391
0.000130391
0.000130391
0.000130391
0.000130392
0.000130392
0.000130392
0.000130392
0.000130392
0.000130392
0.000130392
0.000130393
0.000130393
0.000130393
0.000130393
0.000130381
0.000130381
0.000130381
0.000130381
0.00013038
0.00013038
0.00013038
0.00013038
0.00013038
0.00013038
0.00013038
0.000130379
0.000130379
0.000130379
0.000130378
0.000130378
0.000130378
0.000130377
0.000130377
0.000130377
0.000130376
0.000130376
0.000130375
0.000130375
0.000130374
0.000130374
0.000130373
0.000130373
0.000130372
0.000130371
0.000130371
0.00013037
0.000130369
0.000130369
0.000130368
0.000130367
0.000130366
0.000130366
0.000130365
0.000130364
0.000130363
0.000130362
0.000130361
0.00013036
0.000130359
0.000130358
0.000130357
0.000130356
0.000130355
0.000130354
0.000130353
0.000130352
0.000130351
0.000130349
0.000130348
0.000130347
0.000130345
0.000130339
0.00013032
0.000130247
0.000129993
0.000129186
0.000126925
0.000121534
0.000111085
9.4883e-05
7.15147e-05
4.14268e-05
3.83563e-05
4.16138e-05
4.29688e-05
4.24025e-05
4.03605e-05
3.76671e-05
3.72658e-05
6.83482e-05
9.45379e-05
0.000112227
0.000122804
0.000127691
0.000129518
0.000130103
0.000130269
0.000130311
0.000130321
0.000130322
0.00013032
0.000130309
0.000130263
0.000130089
0.000129498
0.000127719
0.000123151
0.00011363
9.81101e-05
7.63313e-05
4.10794e-05
3.7524e-05
4.06949e-05
4.26999e-05
4.28212e-05
4.10643e-05
3.80121e-05
3.77373e-05
6.95771e-05
9.40052e-05
0.000110943
0.000121725
0.000127111
0.000129279
0.000130019
0.000130242
0.000130303
0.000130318
0.000130321
0.00013032
0.000130313
0.000130281
0.000130153
0.000129687
0.000128194
0.000124063
0.000114729
9.83705e-05
7.41957e-05
3.85672e-05
3.7256e-05
3.99338e-05
4.21866e-05
4.29897e-05
4.19191e-05
3.89977e-05
3.67703e-05
6.56989e-05
9.23943e-05
0.000109427
0.00012058
0.000126481
0.000129012
0.000129932
0.000130227
0.000130312
0.000130335
0.000130341
0.000130343
0.000130345
0.000130346
0.000130347
0.000130348
0.000130349
0.00013035
0.000130351
0.000130352
0.000130353
0.000130354
0.000130355
0.000130356
0.000130357
0.000130358
0.000130359
0.00013036
0.000130361
0.000130361
0.000130362
0.000130363
0.000130364
0.000130364
0.000130365
0.000130366
0.000130366
0.000130367
0.000130368
0.000130368
0.000130369
0.000130369
0.00013037
0.00013037
0.000130371
0.000130371
0.000130372
0.000130372
0.000130372
0.000130373
0.000130373
0.000130373
0.000130374
0.000130374
0.000130374
0.000130374
0.000130375
0.000130375
0.000130375
0.000130375
0.000130375
0.000130375
0.000130376
0.000130376
0.000130376
0.000130376
0.000130376
0.000130364
0.000130364
0.000130364
0.000130364
0.000130364
0.000130364
0.000130364
0.000130364
0.000130363
0.000130363
0.000130363
0.000130363
0.000130363
0.000130362
0.000130362
0.000130362
0.000130361
0.000130361
0.000130361
0.00013036
0.00013036
0.000130359
0.000130359
0.000130359
0.000130358
0.000130358
0.000130357
0.000130356
0.000130356
0.000130355
0.000130355
0.000130354
0.000130353
0.000130353
0.000130352
0.000130351
0.00013035
0.00013035
0.000130349
0.000130348
0.000130347
0.000130346
0.000130346
0.000130345
0.000130344
0.000130343
0.000130342
0.000130341
0.00013034
0.000130339
0.000130338
0.000130337
0.000130336
0.000130335
0.000130334
0.000130332
0.00013033
0.000130325
0.000130304
0.000130229
0.000129964
0.000129124
0.00012678
0.00012123
0.000110554
9.40616e-05
6.93907e-05
3.85494e-05
3.85285e-05
4.16739e-05
4.29724e-05
4.23677e-05
4.02927e-05
3.7598e-05
3.72969e-05
6.89256e-05
9.49111e-05
0.000112455
0.000122904
0.000127721
0.00012952
0.000130095
0.000130259
0.000130301
0.00013031
0.000130311
0.000130309
0.000130298
0.000130251
0.000130077
0.000129482
0.000127694
0.000123097
0.00011352
9.79167e-05
7.59666e-05
4.06611e-05
3.75205e-05
4.06906e-05
4.26946e-05
4.28182e-05
4.10678e-05
3.80236e-05
3.75432e-05
6.9132e-05
9.38005e-05
0.000110823
0.000121661
0.00012708
0.00012926
0.000130006
0.00013023
0.000130291
0.000130306
0.000130309
0.000130309
0.000130302
0.00013027
0.000130144
0.000129687
0.000128218
0.000124153
0.000114944
9.87377e-05
7.47479e-05
3.86773e-05
3.71795e-05
3.98489e-05
4.21386e-05
4.29865e-05
4.19702e-05
3.91083e-05
3.66034e-05
6.47181e-05
9.17925e-05
0.000108948
0.000120276
0.000126327
0.000128943
0.0001299
0.000130207
0.000130296
0.000130319
0.000130326
0.000130328
0.00013033
0.000130331
0.000130332
0.000130333
0.000130334
0.000130335
0.000130336
0.000130337
0.000130338
0.000130339
0.000130339
0.00013034
0.000130341
0.000130342
0.000130343
0.000130344
0.000130344
0.000130345
0.000130346
0.000130347
0.000130347
0.000130348
0.000130349
0.000130349
0.00013035
0.000130351
0.000130351
0.000130352
0.000130352
0.000130353
0.000130353
0.000130354
0.000130354
0.000130355
0.000130355
0.000130355
0.000130356
0.000130356
0.000130356
0.000130357
0.000130357
0.000130357
0.000130358
0.000130358
0.000130358
0.000130358
0.000130358
0.000130359
0.000130359
0.000130359
0.000130359
0.000130359
0.000130359
0.000130359
0.000130359
0.000130349
0.000130349
0.000130349
0.000130349
0.000130349
0.000130348
0.000130348
0.000130348
0.000130348
0.000130348
0.000130348
0.000130348
0.000130347
0.000130347
0.000130347
0.000130347
0.000130346
0.000130346
0.000130346
0.000130345
0.000130345
0.000130345
0.000130344
0.000130344
0.000130343
0.000130343
0.000130342
0.000130342
0.000130341
0.000130341
0.00013034
0.00013034
0.000130339
0.000130338
0.000130338
0.000130337
0.000130337
0.000130336
0.000130335
0.000130335
0.000130334
0.000130333
0.000130332
0.000130332
0.000130331
0.00013033
0.000130329
0.000130329
0.000130328
0.000130327
0.000130326
0.000130326
0.000130325
0.000130324
0.000130323
0.000130322
0.00013032
0.000130315
0.000130294
0.000130216
0.000129942
0.000129071
0.000126651
0.000120957
0.000110092
9.34071e-05
6.79041e-05
3.71199e-05
3.8674e-05
4.17266e-05
4.29738e-05
4.23304e-05
4.02216e-05
3.75255e-05
3.73419e-05
6.95709e-05
9.53233e-05
0.000112707
0.000123019
0.000127761
0.000129531
0.000130098
0.000130258
0.0001303
0.000130309
0.00013031
0.000130308
0.000130297
0.00013025
0.000130075
0.000129477
0.000127678
0.000123064
0.000113446
9.77711e-05
7.56663e-05
4.0295e-05
3.75143e-05
4.06845e-05
4.26883e-05
4.28143e-05
4.10695e-05
3.80316e-05
3.73837e-05
6.87694e-05
9.36468e-05
0.000110739
0.000121622
0.00012706
0.000129252
0.000130001
0.000130227
0.000130288
0.000130304
0.000130307
0.000130306
0.000130299
0.000130268
0.000130144
0.000129695
0.000128252
0.000124255
0.000115178
9.91368e-05
7.53546e-05
3.88245e-05
3.71002e-05
3.97605e-05
4.2088e-05
4.29809e-05
4.20162e-05
3.91966e-05
3.6548e-05
6.38701e-05
9.12491e-05
0.000108513
0.000119997
0.000126186
0.000128882
0.000129874
0.000130191
0.000130283
0.000130308
0.000130314
0.000130317
0.000130318
0.000130318
0.000130319
0.00013032
0.000130321
0.000130322
0.000130322
0.000130323
0.000130324
0.000130325
0.000130326
0.000130326
0.000130327
0.000130328
0.000130329
0.000130329
0.00013033
0.000130331
0.000130331
0.000130332
0.000130333
0.000130333
0.000130334
0.000130334
0.000130335
0.000130336
0.000130336
0.000130337
0.000130337
0.000130338
0.000130338
0.000130338
0.000130339
0.000130339
0.00013034
0.00013034
0.00013034
0.000130341
0.000130341
0.000130341
0.000130342
0.000130342
0.000130342
0.000130342
0.000130342
0.000130343
0.000130343
0.000130343
0.000130343
0.000130343
0.000130343
0.000130343
0.000130343
0.000130343
0.000130343
0.000130338
0.000130338
0.000130337
0.000130337
0.000130337
0.000130337
0.000130337
0.000130337
0.000130337
0.000130337
0.000130337
0.000130337
0.000130336
0.000130336
0.000130336
0.000130336
0.000130336
0.000130335
0.000130335
0.000130335
0.000130335
0.000130334
0.000130334
0.000130334
0.000130334
0.000130333
0.000130333
0.000130333
0.000130332
0.000130332
0.000130332
0.000130331
0.000130331
0.000130331
0.00013033
0.00013033
0.00013033
0.000130329
0.000130329
0.000130329
0.000130328
0.000130328
0.000130328
0.000130327
0.000130327
0.000130327
0.000130327
0.000130326
0.000130326
0.000130326
0.000130326
0.000130326
0.000130326
0.000130326
0.000130326
0.000130325
0.000130324
0.00013032
0.000130299
0.000130218
0.000129934
0.000129038
0.00012655
0.000120724
0.000109698
9.28857e-05
6.6981e-05
3.67251e-05
3.87763e-05
4.17731e-05
4.29729e-05
4.22907e-05
4.0147e-05
3.74495e-05
3.74037e-05
7.02855e-05
9.57792e-05
0.000112991
0.000123163
0.00012783
0.000129571
0.000130128
0.000130287
0.000130327
0.000130337
0.000130338
0.000130336
0.000130325
0.000130278
0.000130102
0.000129502
0.000127696
0.000123061
0.000113412
9.76839e-05
7.54401e-05
3.99811e-05
3.75055e-05
4.06761e-05
4.26809e-05
4.28094e-05
4.10689e-05
3.80354e-05
3.72538e-05
6.84924e-05
9.35496e-05
0.000110698
0.000121609
0.00012707
0.000129272
0.000130025
0.000130252
0.000130313
0.000130328
0.000130331
0.00013033
0.000130322
0.000130292
0.000130169
0.000129728
0.000128312
0.000124383
0.00011544
9.9572e-05
7.60152e-05
3.90138e-05
3.70184e-05
3.96687e-05
4.2035e-05
4.29728e-05
4.20577e-05
3.92768e-05
3.65132e-05
6.29905e-05
9.07412e-05
0.000108116
0.000119748
0.000126068
0.00012884
0.000129858
0.000130187
0.000130283
0.000130308
0.000130314
0.000130315
0.000130316
0.000130316
0.000130316
0.000130316
0.000130317
0.000130317
0.000130317
0.000130318
0.000130318
0.000130318
0.000130319
0.000130319
0.00013032
0.00013032
0.00013032
0.000130321
0.000130321
0.000130322
0.000130322
0.000130323
0.000130323
0.000130323
0.000130324
0.000130324
0.000130325
0.000130325
0.000130325
0.000130326
0.000130326
0.000130327
0.000130327
0.000130327
0.000130328
0.000130328
0.000130328
0.000130328
0.000130329
0.000130329
0.000130329
0.000130329
0.00013033
0.00013033
0.00013033
0.00013033
0.00013033
0.000130331
0.000130331
0.000130331
0.000130331
0.000130331
0.000130331
0.000130331
0.000130331
0.000130331
0.000130331
0.00013034
0.00013034
0.00013034
0.00013034
0.00013034
0.00013034
0.00013034
0.00013034
0.00013034
0.00013034
0.00013034
0.00013034
0.00013034
0.00013034
0.00013034
0.00013034
0.00013034
0.00013034
0.00013034
0.00013034
0.00013034
0.00013034
0.000130341
0.000130341
0.000130341
0.000130341
0.000130341
0.000130341
0.000130341
0.000130342
0.000130342
0.000130342
0.000130343
0.000130343
0.000130343
0.000130344
0.000130344
0.000130345
0.000130345
0.000130346
0.000130347
0.000130348
0.000130348
0.000130349
0.00013035
0.000130352
0.000130353
0.000130354
0.000130355
0.000130357
0.000130359
0.00013036
0.000130362
0.000130364
0.000130366
0.000130368
0.00013037
0.000130367
0.000130348
0.000130266
0.000129973
0.000129047
0.000126499
0.000120556
0.000109376
9.24513e-05
6.62688e-05
3.66015e-05
3.88527e-05
4.18146e-05
4.29697e-05
4.22485e-05
4.00689e-05
3.73698e-05
3.74859e-05
7.10763e-05
9.62921e-05
0.000113332
0.000123372
0.000127971
0.000129688
0.000130238
0.000130394
0.000130434
0.000130444
0.000130446
0.000130444
0.000130434
0.000130388
0.000130211
0.000129607
0.000127792
0.000123139
0.000113455
9.76745e-05
7.532e-05
3.97185e-05
3.74915e-05
4.06642e-05
4.26716e-05
4.28031e-05
4.10657e-05
3.80341e-05
3.71501e-05
6.83245e-05
9.35339e-05
0.000110729
0.000121676
0.000127157
0.00012937
0.000130127
0.000130354
0.000130415
0.000130428
0.00013043
0.000130427
0.000130419
0.000130388
0.000130267
0.000129833
0.000128439
0.000124573
0.000115757
0.000100057
7.67359e-05
3.92521e-05
3.69343e-05
3.95733e-05
4.19796e-05
4.29627e-05
4.20947e-05
3.9351e-05
3.64898e-05
6.20921e-05
9.02732e-05
0.000107768
0.00011955
0.000125998
0.000128829
0.000129881
0.000130221
0.000130318
0.000130342
0.000130347
0.000130346
0.000130345
0.000130343
0.000130342
0.000130341
0.000130339
0.000130338
0.000130337
0.000130336
0.000130336
0.000130335
0.000130334
0.000130334
0.000130333
0.000130333
0.000130332
0.000130332
0.000130331
0.000130331
0.000130331
0.000130331
0.00013033
0.00013033
0.00013033
0.00013033
0.00013033
0.00013033
0.00013033
0.00013033
0.00013033
0.00013033
0.00013033
0.00013033
0.00013033
0.00013033
0.00013033
0.00013033
0.00013033
0.00013033
0.00013033
0.00013033
0.00013033
0.00013033
0.00013033
0.00013033
0.00013033
0.00013033
0.000130331
0.000130331
0.000130331
0.000130331
0.000130331
0.000130331
0.000130331
0.000130331
0.000130331
0.000130384
0.000130384
0.000130384
0.000130384
0.000130385
0.000130385
0.000130385
0.000130385
0.000130386
0.000130386
0.000130386
0.000130387
0.000130387
0.000130388
0.000130389
0.000130389
0.00013039
0.000130391
0.000130392
0.000130393
0.000130394
0.000130395
0.000130396
0.000130397
0.000130398
0.0001304
0.000130401
0.000130403
0.000130404
0.000130406
0.000130408
0.00013041
0.000130412
0.000130415
0.000130417
0.00013042
0.000130422
0.000130425
0.000130428
0.000130432
0.000130435
0.000130439
0.000130443
0.000130447
0.000130451
0.000130456
0.000130461
0.000130466
0.000130472
0.000130477
0.000130483
0.00013049
0.000130497
0.000130504
0.000130511
0.000130519
0.000130526
0.000130529
0.000130514
0.000130435
0.000130136
0.00012918
0.000126551
0.000120483
0.000109147
9.20909e-05
6.55981e-05
3.6529e-05
3.89179e-05
4.18513e-05
4.2964e-05
4.22037e-05
3.99869e-05
3.72862e-05
3.75933e-05
7.19579e-05
9.68905e-05
0.000113788
0.000123733
0.000128291
0.000129995
0.000130542
0.000130698
0.000130739
0.000130749
0.000130752
0.000130752
0.000130743
0.000130698
0.000130521
0.00012991
0.000128075
0.000123379
0.000113631
9.7778e-05
7.53301e-05
3.95171e-05
3.74725e-05
4.06495e-05
4.2661e-05
4.27949e-05
4.10587e-05
3.80266e-05
3.70689e-05
6.83146e-05
9.3622e-05
0.000110885
0.000121894
0.000127421
0.000129658
0.000130423
0.00013065
0.000130708
0.000130719
0.000130718
0.000130713
0.000130703
0.00013067
0.000130548
0.000130116
0.000128734
0.00012491
0.000116187
0.000100623
7.75308e-05
3.95494e-05
3.6848e-05
3.94739e-05
4.19215e-05
4.29501e-05
4.21269e-05
3.94178e-05
3.64754e-05
6.12299e-05
8.98621e-05
0.000107495
0.000119442
0.000126006
0.000128924
0.00013001
0.000130358
0.000130455
0.000130474
0.000130474
0.000130469
0.000130463
0.000130457
0.000130451
0.000130445
0.00013044
0.000130435
0.000130431
0.000130426
0.000130422
0.000130418
0.000130415
0.000130411
0.000130408
0.000130405
0.000130403
0.0001304
0.000130397
0.000130395
0.000130393
0.000130391
0.000130389
0.000130387
0.000130386
0.000130384
0.000130383
0.000130381
0.00013038
0.000130379
0.000130378
0.000130377
0.000130376
0.000130375
0.000130374
0.000130373
0.000130373
0.000130372
0.000130371
0.000130371
0.00013037
0.00013037
0.000130369
0.000130369
0.000130369
0.000130368
0.000130368
0.000130368
0.000130367
0.000130367
0.000130367
0.000130367
0.000130367
0.000130367
0.000130367
0.000130367
0.000130367
0.000130544
0.000130544
0.000130544
0.000130545
0.000130545
0.000130546
0.000130547
0.000130548
0.000130549
0.000130551
0.000130552
0.000130554
0.000130555
0.000130557
0.00013056
0.000130562
0.000130564
0.000130567
0.00013057
0.000130573
0.000130576
0.00013058
0.000130584
0.000130588
0.000130592
0.000130596
0.000130601
0.000130606
0.000130612
0.000130617
0.000130623
0.000130629
0.000130636
0.000130643
0.000130651
0.000130658
0.000130667
0.000130675
0.000130684
0.000130694
0.000130704
0.000130715
0.000130726
0.000130738
0.00013075
0.000130763
0.000130776
0.000130791
0.000130805
0.000130821
0.000130837
0.000130854
0.000130872
0.00013089
0.00013091
0.00013093
0.000130949
0.000130966
0.000130962
0.000130892
0.000130589
0.000129597
0.000126866
0.000120601
0.000109052
9.18204e-05
6.49689e-05
3.64715e-05
3.89756e-05
4.18828e-05
4.29551e-05
4.21559e-05
3.99005e-05
3.71987e-05
3.77321e-05
7.29542e-05
9.76284e-05
0.000114472
0.000124422
0.000129003
0.000130723
0.000131276
0.000131434
0.000131475
0.000131487
0.000131493
0.000131496
0.00013149
0.000131448
0.000131269
0.000130643
0.000128757
0.000123953
0.000114046
9.80391e-05
7.5463e-05
3.93423e-05
3.74488e-05
4.0631e-05
4.26483e-05
4.27845e-05
4.10467e-05
3.80099e-05
3.70092e-05
6.84218e-05
9.38528e-05
0.000111254
0.000122423
0.000128069
0.000130363
0.000131147
0.000131375
0.000131428
0.000131433
0.000131426
0.000131416
0.000131401
0.000131364
0.000131238
0.0001308
0.000129408
0.000125571
0.000116851
0.00010133
7.84232e-05
3.99193e-05
3.67597e-05
3.93698e-05
4.18603e-05
4.29348e-05
4.21539e-05
3.94758e-05
3.64662e-05
6.04424e-05
8.9533e-05
0.000107343
0.000119481
0.000126245
0.000129269
0.000130395
0.00013075
0.00013084
0.00013085
0.000130838
0.00013082
0.000130803
0.000130786
0.00013077
0.000130755
0.000130741
0.000130727
0.000130714
0.000130701
0.000130689
0.000130678
0.000130667
0.000130657
0.000130648
0.000130639
0.00013063
0.000130622
0.000130614
0.000130607
0.0001306
0.000130593
0.000130587
0.000130581
0.000130576
0.00013057
0.000130565
0.000130561
0.000130556
0.000130552
0.000130548
0.000130545
0.000130541
0.000130538
0.000130535
0.000130532
0.000130529
0.000130527
0.000130525
0.000130522
0.00013052
0.000130518
0.000130517
0.000130515
0.000130514
0.000130512
0.000130511
0.00013051
0.000130509
0.000130508
0.000130507
0.000130507
0.000130506
0.000130506
0.000130505
0.000130505
0.000130505
0.000130988
0.000130989
0.00013099
0.000130991
0.000130992
0.000130994
0.000130996
0.000130999
0.000131002
0.000131006
0.000131009
0.000131014
0.000131018
0.000131023
0.000131029
0.000131035
0.000131041
0.000131048
0.000131056
0.000131064
0.000131072
0.000131081
0.000131091
0.000131101
0.000131112
0.000131123
0.000131135
0.000131148
0.000131161
0.000131175
0.00013119
0.000131206
0.000131222
0.000131239
0.000131257
0.000131276
0.000131296
0.000131317
0.000131339
0.000131362
0.000131386
0.000131411
0.000131437
0.000131464
0.000131493
0.000131523
0.000131554
0.000131586
0.00013162
0.000131655
0.000131691
0.000131729
0.000131768
0.000131809
0.000131851
0.000131894
0.000131939
0.00013198
0.000132002
0.000131947
0.000131643
0.000130596
0.000127699
0.000121122
0.000109186
9.16766e-05
6.44252e-05
3.64243e-05
3.90245e-05
4.19088e-05
4.29439e-05
4.21048e-05
3.9809e-05
3.71068e-05
3.79103e-05
7.40972e-05
9.85971e-05
0.000115586
0.000125744
0.000130467
0.00013225
0.000132824
0.000132987
0.000133031
0.000133046
0.000133056
0.000133064
0.000133066
0.000133029
0.000132847
0.000132189
0.000130195
0.000125152
0.000114883
9.85419e-05
7.5787e-05
3.92768e-05
3.74182e-05
4.06079e-05
4.26332e-05
4.27721e-05
4.10308e-05
3.7987e-05
3.69741e-05
6.87033e-05
9.42894e-05
0.000111997
0.000123536
0.000129447
0.000131866
0.000132688
0.000132919
0.000132963
0.000132956
0.000132938
0.000132919
0.000132896
0.000132852
0.000132717
0.00013226
0.000130817
0.000126866
0.000117966
0.000102284
7.9441e-05
4.03829e-05
3.667e-05
3.92601e-05
4.17955e-05
4.29165e-05
4.21752e-05
3.95238e-05
3.64587e-05
5.97504e-05
8.93102e-05
0.000107379
0.000119879
0.000126948
0.000130144
0.00013133
0.00013169
0.000131764
0.000131752
0.000131716
0.000131676
0.000131636
0.000131598
0.000131561
0.000131526
0.000131492
0.00013146
0.000131429
0.0001314
0.000131372
0.000131345
0.000131319
0.000131294
0.000131271
0.000131248
0.000131227
0.000131207
0.000131187
0.000131169
0.000131151
0.000131135
0.000131119
0.000131104
0.00013109
0.000131076
0.000131063
0.000131051
0.00013104
0.000131029
0.000131018
0.000131009
0.000131
0.000130991
0.000130983
0.000130975
0.000130968
0.000130961
0.000130955
0.000130949
0.000130943
0.000130938
0.000130933
0.000130929
0.000130925
0.000130921
0.000130918
0.000130915
0.000130912
0.00013091
0.000130908
0.000130906
0.000130904
0.000130903
0.000130902
0.000130902
0.000130901
0.000132042
0.000132043
0.000132045
0.000132047
0.000132051
0.000132055
0.00013206
0.000132066
0.000132073
0.00013208
0.000132089
0.000132098
0.000132108
0.00013212
0.000132132
0.000132145
0.000132159
0.000132174
0.000132191
0.000132208
0.000132226
0.000132246
0.000132267
0.000132288
0.000132312
0.000132336
0.000132362
0.000132389
0.000132417
0.000132447
0.000132478
0.000132511
0.000132545
0.000132581
0.000132619
0.000132658
0.000132699
0.000132742
0.000132787
0.000132834
0.000132882
0.000132933
0.000132985
0.00013304
0.000133097
0.000133156
0.000133217
0.00013328
0.000133346
0.000133414
0.000133484
0.000133556
0.000133631
0.000133708
0.000133788
0.000133871
0.000133955
0.000134037
0.000134099
0.000134069
0.000133764
0.000132623
0.000129441
0.000122317
0.000109716
9.17288e-05
6.40075e-05
3.63854e-05
3.90636e-05
4.19288e-05
4.29289e-05
4.20495e-05
3.97116e-05
3.70105e-05
3.81394e-05
7.5411e-05
9.99279e-05
0.000117419
0.000128111
0.000133156
0.00013507
0.000135685
0.000135858
0.000135905
0.000135924
0.00013594
0.000135958
0.00013597
0.000135941
0.000135753
0.000135036
0.000132848
0.000127357
0.000116391
9.93961e-05
7.63342e-05
3.925e-05
3.73802e-05
4.05795e-05
4.26149e-05
4.27567e-05
4.10095e-05
3.79559e-05
3.69551e-05
6.91934e-05
9.50224e-05
0.000113336
0.000125596
0.000132007
0.000134655
0.000135547
0.000135784
0.000135816
0.000135792
0.000135759
0.000135726
0.000135691
0.000135636
0.000135486
0.000134991
0.000133439
0.000129221
0.000119843
0.000103637
8.06189e-05
4.09691e-05
3.65801e-05
3.91437e-05
4.17266e-05
4.28948e-05
4.21905e-05
3.95612e-05
3.64501e-05
5.91733e-05
8.92933e-05
0.000107772
0.000120886
0.000128491
0.000131981
0.00013327
0.000133636
0.000133687
0.000133635
0.000133559
0.00013348
0.000133402
0.000133328
0.000133255
0.000133186
0.000133119
0.000133055
0.000132992
0.000132933
0.000132875
0.00013282
0.000132767
0.000132716
0.000132667
0.00013262
0.000132576
0.000132533
0.000132492
0.000132453
0.000132415
0.00013238
0.000132346
0.000132313
0.000132282
0.000132253
0.000132225
0.000132198
0.000132173
0.000132149
0.000132126
0.000132104
0.000132084
0.000132064
0.000132046
0.000132029
0.000132012
0.000131997
0.000131983
0.000131969
0.000131957
0.000131945
0.000131934
0.000131924
0.000131915
0.000131906
0.000131899
0.000131892
0.000131886
0.00013188
0.000131875
0.000131871
0.000131868
0.000131865
0.000131863
0.000131862
0.000131861
0.000134211
0.000134213
0.000134216
0.000134221
0.000134227
0.000134235
0.000134245
0.000134256
0.000134268
0.000134283
0.000134299
0.000134317
0.000134336
0.000134358
0.000134381
0.000134406
0.000134432
0.000134461
0.000134491
0.000134524
0.000134558
0.000134594
0.000134633
0.000134673
0.000134716
0.000134761
0.000134809
0.000134858
0.00013491
0.000134964
0.000135021
0.000135081
0.000135143
0.000135208
0.000135275
0.000135345
0.000135418
0.000135494
0.000135573
0.000135655
0.00013574
0.000135828
0.00013592
0.000136014
0.000136111
0.000136212
0.000136316
0.000136423
0.000136534
0.000136647
0.000136764
0.000136884
0.000137008
0.000137135
0.000137265
0.000137399
0.000137536
0.000137672
0.000137786
0.00013779
0.00013747
0.000136172
0.000132524
0.000124502
0.000110789
9.19883e-05
6.37125e-05
3.63517e-05
3.90928e-05
4.19423e-05
4.29096e-05
4.19894e-05
3.96074e-05
3.69101e-05
3.84319e-05
7.6908e-05
0.000101766
0.000120266
0.000131915
0.000137496
0.00013962
0.000140297
0.000140486
0.000140539
0.000140564
0.000140588
0.000140617
0.000140642
0.000140622
0.00014042
0.000139611
0.00013712
0.00013092
0.000118817
0.000100717
7.71288e-05
3.92822e-05
3.73351e-05
4.05454e-05
4.2593e-05
4.27375e-05
4.09824e-05
3.79163e-05
3.69558e-05
6.99189e-05
9.61498e-05
0.000115501
0.000128949
0.000136156
0.000139162
0.000140166
0.000140418
0.000140437
0.000140394
0.000140342
0.000140292
0.000140243
0.000140173
0.000140001
0.000139447
0.000137721
0.000133051
0.00012281
0.000105571
8.20012e-05
4.17119e-05
3.64915e-05
3.90195e-05
4.16527e-05
4.28693e-05
4.21995e-05
3.95883e-05
3.64391e-05
5.872e-05
8.94425e-05
0.00010865
0.00012281
0.00013131
0.000135287
0.000136749
0.000137135
0.000137155
0.00013705
0.000136919
0.000136785
0.000136655
0.000136529
0.000136407
0.000136289
0.000136174
0.000136063
0.000135956
0.000135852
0.000135752
0.000135654
0.000135561
0.00013547
0.000135383
0.000135299
0.000135219
0.000135141
0.000135067
0.000134995
0.000134927
0.000134861
0.000134798
0.000134738
0.00013468
0.000134625
0.000134572
0.000134522
0.000134474
0.000134429
0.000134386
0.000134344
0.000134305
0.000134268
0.000134233
0.0001342
0.000134169
0.000134139
0.000134111
0.000134085
0.000134061
0.000134038
0.000134017
0.000133998
0.00013398
0.000133963
0.000133948
0.000133935
0.000133922
0.000133912
0.000133902
0.000133894
0.000133888
0.000133882
0.000133878
0.000133876
0.000133874
0.000138082
0.000138084
0.000138089
0.000138097
0.000138107
0.00013812
0.000138136
0.000138154
0.000138175
0.000138199
0.000138225
0.000138254
0.000138286
0.00013832
0.000138358
0.000138398
0.000138441
0.000138487
0.000138536
0.000138588
0.000138643
0.000138702
0.000138763
0.000138828
0.000138896
0.000138967
0.000139042
0.00013912
0.000139202
0.000139287
0.000139376
0.000139469
0.000139565
0.000139665
0.000139769
0.000139877
0.000139989
0.000140105
0.000140225
0.000140348
0.000140476
0.000140608
0.000140744
0.000140884
0.000141028
0.000141176
0.000141328
0.000141484
0.000141644
0.000141808
0.000141976
0.000142147
0.000142322
0.000142502
0.000142685
0.000142873
0.000143064
0.000143254
0.000143418
0.000143452
0.000143085
0.000141542
0.000137208
0.000127873
0.000112522
9.25111e-05
6.35205e-05
3.6321e-05
3.91115e-05
4.19484e-05
4.28852e-05
4.19236e-05
3.94957e-05
3.68064e-05
3.87989e-05
7.85909e-05
0.000104204
0.000124271
0.000137289
0.000143598
0.000146
0.000146763
0.000146975
0.000147037
0.000147069
0.000147102
0.000147142
0.000147177
0.00014716
0.000146932
0.000145992
0.000143093
0.000135934
0.000122256
0.000102567
7.81754e-05
3.93776e-05
3.7284e-05
4.05055e-05
4.25669e-05
4.27141e-05
4.09493e-05
3.78691e-05
3.6977e-05
7.0889e-05
9.7734e-05
0.000118596
0.000133702
0.000141989
0.000145476
0.000146639
0.000146925
0.000146938
0.00014688
0.00014681
0.000146744
0.00014668
0.000146594
0.000146393
0.000145763
0.000143803
0.000138515
0.00012704
0.000108213
8.36165e-05
4.26492e-05
3.64072e-05
3.88865e-05
4.15734e-05
4.28389e-05
4.21998e-05
3.96026e-05
3.64244e-05
5.83812e-05
8.98335e-05
0.000110138
0.000125873
0.000135706
0.00014041
0.000142142
0.000142579
0.000142571
0.000142413
0.000142224
0.000142033
0.000141846
0.000141664
0.000141486
0.000141314
0.000141145
0.000140981
0.000140822
0.000140667
0.000140516
0.00014037
0.000140228
0.00014009
0.000139957
0.000139828
0.000139703
0.000139583
0.000139467
0.000139355
0.000139247
0.000139143
0.000139044
0.000138948
0.000138856
0.000138768
0.000138683
0.000138602
0.000138525
0.000138451
0.000138381
0.000138314
0.00013825
0.000138189
0.000138132
0.000138077
0.000138025
0.000137977
0.000137931
0.000137887
0.000137847
0.000137809
0.000137774
0.000137741
0.000137711
0.000137684
0.000137658
0.000137636
0.000137615
0.000137597
0.000137581
0.000137568
0.000137557
0.000137548
0.000137541
0.000137537
0.000137534
0.000144038
0.000144042
0.000144049
0.00014406
0.000144075
0.000144093
0.000144114
0.00014414
0.000144169
0.000144202
0.000144238
0.000144279
0.000144323
0.000144371
0.000144422
0.000144478
0.000144537
0.000144601
0.000144668
0.00014474
0.000144815
0.000144895
0.000144979
0.000145067
0.000145159
0.000145256
0.000145357
0.000145462
0.000145571
0.000145685
0.000145804
0.000145927
0.000146055
0.000146187
0.000146324
0.000146465
0.000146611
0.000146761
0.000146916
0.000147076
0.00014724
0.000147408
0.000147581
0.000147758
0.00014794
0.000148126
0.000148315
0.000148509
0.000148706
0.000148908
0.000149113
0.000149321
0.000149533
0.000149749
0.000149969
0.000150193
0.00015042
0.000150644
0.000150835
0.000150865
0.000150408
0.000148523
0.000143301
0.000132295
0.000114857
9.32826e-05
6.34741e-05
3.62916e-05
3.91196e-05
4.19455e-05
4.28551e-05
4.18517e-05
3.93764e-05
3.67013e-05
3.92482e-05
8.04186e-05
0.000107185
0.000129239
0.000143872
0.000151002
0.000153714
0.000154575
0.000154818
0.000154892
0.000154931
0.00015497
0.000155016
0.000155054
0.00015503
0.000154757
0.000153657
0.000150284
0.000142023
0.000126503
0.000104884
7.94365e-05
3.9532e-05
3.72287e-05
4.04604e-05
4.25362e-05
4.2686e-05
4.09108e-05
3.7816e-05
3.70178e-05
7.20807e-05
9.97428e-05
0.000122464
0.000139516
0.000149046
0.00015309
0.000154448
0.000154789
0.000154812
0.00015475
0.000154673
0.000154598
0.000154523
0.000154422
0.000154191
0.000153475
0.000151259
0.000145278
0.000132354
0.000111533
8.546e-05
4.38218e-05
3.63311e-05
3.87452e-05
4.14888e-05
4.28035e-05
4.21906e-05
3.9604e-05
3.64051e-05
5.81354e-05
9.04603e-05
0.000112219
0.000130002
0.00014156
0.000147215
0.000149321
0.00014986
0.000149853
0.000149664
0.000149435
0.000149203
0.000148974
0.00014875
0.000148531
0.000148316
0.000148106
0.0001479
0.000147699
0.000147502
0.000147309
0.000147121
0.000146938
0.00014676
0.000146586
0.000146417
0.000146254
0.000146095
0.000145941
0.000145792
0.000145647
0.000145508
0.000145374
0.000145244
0.000145119
0.000144999
0.000144884
0.000144773
0.000144666
0.000144564
0.000144467
0.000144374
0.000144285
0.0001442
0.00014412
0.000144043
0.00014397
0.000143902
0.000143837
0.000143776
0.000143719
0.000143665
0.000143615
0.000143569
0.000143526
0.000143487
0.000143451
0.000143418
0.000143389
0.000143363
0.00014334
0.000143321
0.000143305
0.000143292
0.000143283
0.000143276
0.000143273
0.000151862
0.000151867
0.000151875
0.000151888
0.000151905
0.000151926
0.000151952
0.000151982
0.000152016
0.000152054
0.000152097
0.000152144
0.000152196
0.000152252
0.000152312
0.000152377
0.000152446
0.000152519
0.000152597
0.00015268
0.000152767
0.000152859
0.000152955
0.000153055
0.000153161
0.000153271
0.000153385
0.000153504
0.000153628
0.000153756
0.000153889
0.000154026
0.000154168
0.000154315
0.000154466
0.000154622
0.000154782
0.000154946
0.000155114
0.000155287
0.000155464
0.000155645
0.000155829
0.000156018
0.00015621
0.000156405
0.000156604
0.000156806
0.000157011
0.000157219
0.000157429
0.000157642
0.000157858
0.000158076
0.000158297
0.00015852
0.000158746
0.000158964
0.00015914
0.000159121
0.000158525
0.00015623
0.000150023
0.000137203
0.000117501
9.41922e-05
6.34545e-05
3.6263e-05
3.91211e-05
4.19355e-05
4.28193e-05
4.17734e-05
3.92499e-05
3.65971e-05
3.97825e-05
8.22894e-05
0.000110446
0.000134587
0.00015078
0.000158661
0.000161652
0.000162605
0.000162879
0.000162964
0.000163007
0.000163048
0.00016309
0.000163121
0.000163078
0.000162749
0.000161482
0.000157649
0.00014833
0.000131013
0.000107432
8.08168e-05
3.97342e-05
3.71716e-05
4.04111e-05
4.25007e-05
4.26529e-05
4.08677e-05
3.77595e-05
3.70752e-05
7.34286e-05
0.000102007
0.000126638
0.000145593
0.000156309
0.00016089
0.00016245
0.000162862
0.000162912
0.000162862
0.000162791
0.000162719
0.000162643
0.000162535
0.00016228
0.000161491
0.000159051
0.000152449
0.000138159
0.000115292
8.7488e-05
4.53023e-05
3.62684e-05
3.85991e-05
4.13998e-05
4.27633e-05
4.21765e-05
3.95982e-05
3.63846e-05
5.79814e-05
9.12438e-05
0.000114655
0.000134703
0.00014816
0.000154881
0.000157439
0.000158132
0.000158175
0.000157997
0.000157769
0.000157532
0.000157298
0.000157067
0.00015684
0.000156616
0.000156396
0.000156179
0.000155965
0.000155755
0.000155549
0.000155347
0.000155149
0.000154955
0.000154765
0.00015458
0.000154399
0.000154223
0.000154051
0.000153884
0.000153723
0.000153566
0.000153413
0.000153266
0.000153124
0.000152986
0.000152853
0.000152726
0.000152603
0.000152485
0.000152371
0.000152263
0.000152159
0.000152059
0.000151964
0.000151874
0.000151789
0.000151707
0.000151631
0.000151558
0.00015149
0.000151426
0.000151366
0.000151311
0.00015126
0.000151212
0.000151169
0.00015113
0.000151095
0.000151064
0.000151037
0.000151013
0.000150994
0.000150978
0.000150967
0.000150959
0.000150955
0.000160485
0.00016049
0.000160498
0.00016051
0.000160527
0.000160548
0.000160572
0.000160601
0.000160634
0.000160672
0.000160713
0.000160759
0.000160808
0.000160862
0.00016092
0.000160983
0.000161049
0.000161119
0.000161194
0.000161273
0.000161356
0.000161443
0.000161534
0.000161629
0.000161728
0.000161831
0.000161939
0.00016205
0.000162165
0.000162284
0.000162407
0.000162534
0.000162664
0.000162799
0.000162936
0.000163078
0.000163222
0.000163371
0.000163522
0.000163676
0.000163834
0.000163994
0.000164157
0.000164322
0.00016449
0.00016466
0.000164832
0.000165006
0.000165181
0.000165358
0.000165537
0.000165716
0.000165897
0.000166079
0.000166263
0.000166447
0.000166631
0.000166803
0.000166922
0.000166822
0.000166053
0.00016335
0.00015623
0.000141764
0.000120004
9.50709e-05
6.34208e-05
3.6235e-05
3.91206e-05
4.19221e-05
4.27784e-05
4.16891e-05
3.91167e-05
3.64957e-05
4.0397e-05
8.40567e-05
0.000113597
0.000139542
0.000156931
0.00016534
0.00016852
0.000169537
0.000169832
0.000169923
0.000169965
0.000169999
0.000170032
0.000170047
0.000169978
0.000169594
0.000168187
0.00016399
0.000153841
0.000135089
0.000109858
8.21692e-05
3.99669e-05
3.71152e-05
4.03587e-05
4.24605e-05
4.2615e-05
4.08213e-05
3.77025e-05
3.71442e-05
7.48238e-05
0.000104247
0.000130492
0.000150959
0.000162595
0.000167596
0.000169325
0.000169808
0.000169893
0.000169867
0.000169815
0.000169757
0.000169691
0.000169588
0.000169325
0.000168495
0.000165915
0.000158906
0.00014364
0.00011912
8.9685e-05
4.72946e-05
3.62252e-05
3.8454e-05
4.13085e-05
4.27185e-05
4.2156e-05
3.95889e-05
3.63651e-05
5.78359e-05
9.20343e-05
0.000117033
0.000139177
0.000154383
0.000162104
0.000165114
0.000165999
0.000166127
0.000166007
0.000165823
0.000165626
0.000165428
0.000165231
0.000165037
0.000164844
0.000164654
0.000164465
0.000164278
0.000164094
0.000163911
0.000163732
0.000163555
0.000163381
0.00016321
0.000163042
0.000162877
0.000162716
0.000162559
0.000162405
0.000162255
0.000162109
0.000161967
0.000161829
0.000161695
0.000161565
0.000161439
0.000161318
0.000161201
0.000161087
0.000160979
0.000160874
0.000160774
0.000160678
0.000160586
0.000160498
0.000160415
0.000160335
0.00016026
0.000160189
0.000160122
0.000160059
0.00016
0.000159945
0.000159895
0.000159848
0.000159805
0.000159766
0.000159731
0.000159701
0.000159673
0.00015965
0.000159631
0.000159616
0.000159604
0.000159596
0.000159592
0.000168316
0.000168319
0.000168325
0.000168335
0.000168348
0.000168365
0.000168384
0.000168407
0.000168433
0.000168463
0.000168495
0.000168531
0.00016857
0.000168613
0.000168658
0.000168707
0.000168759
0.000168814
0.000168872
0.000168933
0.000168997
0.000169064
0.000169135
0.000169208
0.000169284
0.000169363
0.000169445
0.00016953
0.000169617
0.000169707
0.0001698
0.000169895
0.000169993
0.000170093
0.000170196
0.000170301
0.000170408
0.000170517
0.000170627
0.00017074
0.000170855
0.00017097
0.000171088
0.000171207
0.000171326
0.000171447
0.000171569
0.000171692
0.000171815
0.000171938
0.000172062
0.000172187
0.000172311
0.000172436
0.000172561
0.000172685
0.000172807
0.000172915
0.000172958
0.00017277
0.000171839
0.000168805
0.000160983
0.000145279
0.000121963
9.57556e-05
6.33042e-05
3.62083e-05
3.91202e-05
4.19037e-05
4.27325e-05
4.15998e-05
3.89783e-05
3.63988e-05
4.10815e-05
8.55832e-05
0.000116301
0.000143507
0.000161571
0.00017023
0.000173491
0.000174533
0.000174835
0.000174925
0.000174961
0.000174986
0.000175005
0.000175003
0.000174911
0.000174484
0.000172982
0.000168554
0.000157883
0.000138199
0.000111833
8.33333e-05
4.02079e-05
3.70615e-05
4.03048e-05
4.24158e-05
4.25725e-05
4.07732e-05
3.76477e-05
3.72169e-05
7.61306e-05
0.000106171
0.000133516
0.000154944
0.000167144
0.000172408
0.000174251
0.000174788
0.000174906
0.000174906
0.000174875
0.000174837
0.000174788
0.000174697
0.000174443
0.000173608
0.00017099
0.000163835
0.00014813
0.000122671
9.2136e-05
5.02649e-05
3.62087e-05
3.83169e-05
4.12186e-05
4.26696e-05
4.21295e-05
3.95773e-05
3.63478e-05
5.76458e-05
9.26745e-05
0.000118948
0.0001427
0.000159237
0.000167737
0.000171121
0.000172186
0.00017241
0.000172369
0.000172253
0.000172119
0.000171983
0.000171846
0.00017171
0.000171574
0.000171439
0.000171305
0.000171172
0.000171039
0.000170907
0.000170777
0.000170648
0.00017052
0.000170395
0.00017027
0.000170148
0.000170028
0.00016991
0.000169795
0.000169682
0.000169571
0.000169463
0.000169358
0.000169255
0.000169155
0.000169058
0.000168964
0.000168873
0.000168785
0.000168701
0.000168619
0.00016854
0.000168464
0.000168392
0.000168322
0.000168256
0.000168193
0.000168133
0.000168077
0.000168023
0.000167973
0.000167926
0.000167882
0.000167841
0.000167803
0.000167769
0.000167738
0.00016771
0.000167685
0.000167663
0.000167644
0.000167628
0.000167616
0.000167606
0.0001676
0.000167597
0.000174116
0.000174118
0.000174122
0.000174129
0.000174137
0.000174148
0.00017416
0.000174175
0.000174192
0.000174211
0.000174231
0.000174254
0.000174279
0.000174306
0.000174335
0.000174366
0.000174399
0.000174434
0.000174471
0.000174509
0.00017455
0.000174592
0.000174636
0.000174682
0.00017473
0.000174779
0.00017483
0.000174883
0.000174937
0.000174993
0.00017505
0.000175108
0.000175168
0.000175229
0.000175292
0.000175355
0.00017542
0.000175485
0.000175552
0.000175619
0.000175687
0.000175756
0.000175825
0.000175895
0.000175966
0.000176036
0.000176107
0.000176178
0.000176249
0.00017632
0.000176391
0.000176462
0.000176533
0.000176603
0.000176673
0.000176743
0.000176808
0.000176858
0.000176837
0.000176577
0.000175527
0.000172269
0.000163994
0.000147503
0.000123199
9.61545e-05
6.30817e-05
3.61834e-05
3.91205e-05
4.1881e-05
4.26824e-05
4.15073e-05
3.88369e-05
3.63077e-05
4.18475e-05
8.68208e-05
0.000118426
0.000146308
0.000164578
0.000173262
0.000176519
0.000177557
0.000177855
0.000177939
0.000177968
0.000177984
0.000177992
0.000177976
0.000177867
0.000177414
0.000175861
0.000171315
0.000160377
0.000140196
0.000113186
8.41907e-05
4.04347e-05
3.70119e-05
4.02507e-05
4.23674e-05
4.2526e-05
4.07248e-05
3.75974e-05
3.72839e-05
7.72168e-05
0.000107588
0.000135524
0.000157433
0.000169909
0.000175304
0.000177208
0.000177779
0.00017792
0.00017794
0.000177928
0.000177906
0.000177873
0.000177798
0.000177559
0.000176745
0.000174161
0.000167063
0.000151381
0.000125725
9.48974e-05
5.48599e-05
3.62224e-05
3.81959e-05
4.11339e-05
4.26171e-05
4.20985e-05
3.95644e-05
3.63337e-05
5.7379e-05
9.30635e-05
0.000120183
0.000144959
0.000162352
0.000171366
0.000175009
0.00017621
0.000176516
0.000176544
0.000176491
0.000176418
0.00017634
0.000176262
0.000176183
0.000176105
0.000176026
0.000175947
0.000175869
0.000175791
0.000175713
0.000175635
0.000175558
0.000175482
0.000175406
0.000175331
0.000175257
0.000175184
0.000175112
0.000175041
0.000174971
0.000174903
0.000174836
0.00017477
0.000174706
0.000174644
0.000174583
0.000174524
0.000174466
0.000174411
0.000174357
0.000174305
0.000174254
0.000174206
0.00017416
0.000174115
0.000174073
0.000174032
0.000173993
0.000173957
0.000173922
0.000173889
0.000173859
0.00017383
0.000173804
0.000173779
0.000173757
0.000173736
0.000173718
0.000173701
0.000173687
0.000173675
0.000173664
0.000173656
0.00017365
0.000173646
0.000173644
0.000177638
0.000177639
0.000177641
0.000177644
0.000177649
0.000177654
0.000177661
0.000177669
0.000177678
0.000177688
0.000177699
0.000177711
0.000177724
0.000177738
0.000177753
0.000177769
0.000177787
0.000177805
0.000177824
0.000177844
0.000177865
0.000177887
0.00017791
0.000177934
0.000177958
0.000177984
0.00017801
0.000178037
0.000178064
0.000178093
0.000178122
0.000178152
0.000178182
0.000178213
0.000178244
0.000178276
0.000178308
0.000178341
0.000178374
0.000178408
0.000178441
0.000178475
0.000178509
0.000178544
0.000178578
0.000178612
0.000178647
0.000178681
0.000178715
0.00017875
0.000178784
0.000178817
0.000178851
0.000178884
0.000178917
0.000178949
0.000178977
0.000178987
0.000178928
0.000178619
0.000177497
0.000174105
0.000165566
0.000148627
0.000123773
9.62632e-05
6.27419e-05
3.61611e-05
3.91217e-05
4.18551e-05
4.26294e-05
4.14145e-05
3.86958e-05
3.62242e-05
4.27219e-05
8.7876e-05
0.000120047
0.000148132
0.000166306
0.000174887
0.000178095
0.000179115
0.000179405
0.000179482
0.000179505
0.000179513
0.000179514
0.00017949
0.000179371
0.000178906
0.00017733
0.000172734
0.000161677
0.000141264
0.000113941
8.4707e-05
4.06298e-05
3.69669e-05
4.01975e-05
4.23161e-05
4.24765e-05
4.06775e-05
3.7553e-05
3.73356e-05
7.79897e-05
0.000108458
0.000136634
0.00015874
0.00017133
0.000176782
0.000178715
0.000179303
0.000179458
0.000179489
0.000179489
0.000179478
0.000179457
0.000179394
0.00017917
0.000178385
0.000175869
0.000168931
0.000153533
0.000128177
9.77285e-05
6.06649e-05
3.6259e-05
3.80959e-05
4.10558e-05
4.25625e-05
4.20657e-05
3.95554e-05
3.63236e-05
5.70206e-05
9.31665e-05
0.000120749
0.00014609
0.000163981
0.000173306
0.00017711
0.000178397
0.000178759
0.000178831
0.000178821
0.00017879
0.000178753
0.000178716
0.000178678
0.00017864
0.000178602
0.000178563
0.000178525
0.000178486
0.000178448
0.00017841
0.000178371
0.000178333
0.000178295
0.000178258
0.00017822
0.000178183
0.000178147
0.000178111
0.000178076
0.000178041
0.000178006
0.000177973
0.00017794
0.000177907
0.000177876
0.000177845
0.000177815
0.000177786
0.000177758
0.000177731
0.000177705
0.000177679
0.000177655
0.000177631
0.000177609
0.000177587
0.000177567
0.000177547
0.000177529
0.000177511
0.000177495
0.00017748
0.000177466
0.000177453
0.000177441
0.00017743
0.00017742
0.000177411
0.000177403
0.000177397
0.000177391
0.000177387
0.000177383
0.000177381
0.00017738
0.000179418
0.000179418
0.000179419
0.000179421
0.000179423
0.000179425
0.000179428
0.000179432
0.000179436
0.00017944
0.000179445
0.00017945
0.000179456
0.000179462
0.000179469
0.000179476
0.000179483
0.000179491
0.0001795
0.000179508
0.000179518
0.000179527
0.000179537
0.000179547
0.000179558
0.000179569
0.00017958
0.000179592
0.000179603
0.000179616
0.000179628
0.000179641
0.000179654
0.000179667
0.00017968
0.000179693
0.000179707
0.000179721
0.000179734
0.000179748
0.000179762
0.000179777
0.000179791
0.000179805
0.000179819
0.000179833
0.000179847
0.000179861
0.000179875
0.000179889
0.000179903
0.000179916
0.00017993
0.000179943
0.000179956
0.000179968
0.000179976
0.000179966
0.000179885
0.000179549
0.000178387
0.000174917
0.000166223
0.000149026
0.000123888
9.61372e-05
6.22937e-05
3.61418e-05
3.91247e-05
4.18281e-05
4.25755e-05
4.13252e-05
3.85598e-05
3.61509e-05
4.37432e-05
8.88794e-05
0.000121333
0.000149307
0.000167236
0.000175667
0.000178811
0.000179808
0.000180088
0.000180161
0.00018018
0.000180185
0.000180181
0.000180153
0.000180029
0.000179558
0.000177974
0.000173358
0.000162248
0.000141717
0.000114239
8.49175e-05
4.07834e-05
3.69265e-05
4.01463e-05
4.22634e-05
4.24255e-05
4.06322e-05
3.75153e-05
3.73656e-05
7.84541e-05
0.000108861
0.000137107
0.000159303
0.000171949
0.000177428
0.000179374
0.00017997
0.000180132
0.000180169
0.000180174
0.00018017
0.000180155
0.000180099
0.000179888
0.00017913
0.000176687
0.000169934
0.000154897
0.00013002
0.000100165
6.57872e-05
3.62999e-05
3.80156e-05
4.09839e-05
4.25073e-05
4.20332e-05
3.95515e-05
3.63184e-05
5.65707e-05
9.3027e-05
0.000120835
0.000146457
0.000164643
0.000174161
0.000178067
0.000179404
0.000179798
0.000179895
0.000179908
0.000179899
0.000179885
0.00017987
0.000179854
0.000179839
0.000179823
0.000179807
0.000179791
0.000179776
0.00017976
0.000179743
0.000179727
0.000179711
0.000179696
0.00017968
0.000179664
0.000179648
0.000179633
0.000179617
0.000179602
0.000179587
0.000179573
0.000179558
0.000179544
0.00017953
0.000179516
0.000179503
0.00017949
0.000179477
0.000179465
0.000179453
0.000179441
0.00017943
0.000179419
0.000179409
0.000179399
0.00017939
0.000179381
0.000179372
0.000179364
0.000179356
0.000179349
0.000179342
0.000179336
0.00017933
0.000179325
0.00017932
0.000179315
0.000179311
0.000179308
0.000179305
0.000179303
0.000179301
0.000179299
0.000179298
0.000179298
0.00018018
0.00018018
0.000180181
0.000180181
0.000180182
0.000180183
0.000180184
0.000180185
0.000180187
0.000180188
0.00018019
0.000180192
0.000180194
0.000180196
0.000180199
0.000180201
0.000180204
0.000180207
0.00018021
0.000180213
0.000180216
0.00018022
0.000180223
0.000180227
0.000180231
0.000180235
0.000180239
0.000180243
0.000180247
0.000180251
0.000180256
0.00018026
0.000180265
0.000180269
0.000180274
0.000180279
0.000180283
0.000180288
0.000180293
0.000180298
0.000180303
0.000180307
0.000180312
0.000180317
0.000180322
0.000180327
0.000180331
0.000180336
0.000180341
0.000180345
0.00018035
0.000180355
0.000180359
0.000180363
0.000180367
0.000180371
0.00018037
0.000180351
0.00018026
0.000179911
0.000178725
0.000175204
0.000166407
0.000149066
0.000123764
9.58943e-05
6.17624e-05
3.61256e-05
3.91307e-05
4.18018e-05
4.25232e-05
4.12437e-05
3.84355e-05
3.60918e-05
4.49945e-05
8.99615e-05
0.000122444
0.000150119
0.000167754
0.000176024
0.000179102
0.000180076
0.000180349
0.000180418
0.000180435
0.000180437
0.000180432
0.000180402
0.000180276
0.000179803
0.000178216
0.00017359
0.000162446
0.000141834
0.000114271
8.48862e-05
4.0894e-05
3.68904e-05
4.00982e-05
4.22111e-05
4.23746e-05
4.05897e-05
3.74844e-05
3.73649e-05
7.84662e-05
0.000108907
0.000137213
0.000159472
0.000172167
0.000177666
0.00017962
0.00018022
0.000180385
0.000180425
0.000180433
0.000180431
0.000180419
0.000180368
0.000180165
0.00017943
0.000177055
0.000170472
0.000155768
0.000131332
0.000101966
6.92146e-05
3.63295e-05
3.79496e-05
4.09169e-05
4.24528e-05
4.20033e-05
3.95542e-05
3.63187e-05
5.60338e-05
9.27578e-05
0.000120655
0.000146455
0.000164803
0.000174453
0.000178428
0.000179798
0.00018021
0.000180318
0.000180341
0.000180343
0.000180339
0.000180334
0.000180329
0.000180323
0.000180318
0.000180313
0.000180307
0.000180302
0.000180296
0.000180291
0.000180285
0.000180279
0.000180274
0.000180268
0.000180263
0.000180257
0.000180252
0.000180246
0.000180241
0.000180235
0.00018023
0.000180225
0.00018022
0.000180215
0.00018021
0.000180205
0.0001802
0.000180196
0.000180191
0.000180187
0.000180183
0.000180178
0.000180175
0.000180171
0.000180167
0.000180164
0.00018016
0.000180157
0.000180154
0.000180151
0.000180148
0.000180146
0.000180144
0.000180141
0.000180139
0.000180138
0.000180136
0.000180135
0.000180133
0.000180132
0.000180131
0.00018013
0.00018013
0.00018013
0.000180129
0.000180457
0.000180457
0.000180457
0.000180457
0.000180457
0.000180458
0.000180458
0.000180458
0.000180459
0.000180459
0.00018046
0.00018046
0.000180461
0.000180461
0.000180462
0.000180463
0.000180463
0.000180464
0.000180465
0.000180466
0.000180467
0.000180468
0.000180469
0.00018047
0.000180471
0.000180472
0.000180473
0.000180474
0.000180475
0.000180476
0.000180477
0.000180478
0.00018048
0.000180481
0.000180482
0.000180483
0.000180484
0.000180486
0.000180487
0.000180488
0.000180489
0.00018049
0.000180492
0.000180493
0.000180494
0.000180495
0.000180496
0.000180497
0.000180498
0.000180499
0.0001805
0.000180501
0.000180502
0.000180503
0.000180504
0.000180504
0.000180499
0.000180477
0.000180382
0.000180025
0.000178823
0.000175264
0.0001664
0.000148934
0.000123516
9.55803e-05
6.1176e-05
3.61126e-05
3.91398e-05
4.17779e-05
4.2475e-05
4.11744e-05
3.83319e-05
3.6053e-05
4.6808e-05
9.12785e-05
0.000123492
0.000150756
0.000168087
0.000176198
0.000179212
0.000180164
0.00018043
0.000180498
0.000180513
0.000180515
0.000180509
0.000180478
0.000180352
0.000179878
0.000178289
0.000173656
0.000162484
0.000141817
0.000114174
8.47883e-05
4.09679e-05
3.68578e-05
4.00544e-05
4.21618e-05
4.23266e-05
4.05512e-05
3.74575e-05
3.73454e-05
7.83329e-05
0.000108757
0.000137127
0.000159475
0.000172212
0.000177732
0.000179693
0.000180296
0.000180462
0.000180503
0.000180512
0.000180512
0.000180501
0.000180452
0.000180256
0.000179541
0.000177224
0.000170787
0.000156355
0.000132245
0.000103174
7.12558e-05
3.63442e-05
3.78924e-05
4.08541e-05
4.24011e-05
4.19785e-05
3.95661e-05
3.63253e-05
5.542e-05
9.24076e-05
0.000120336
0.00014624
0.000164757
0.000174502
0.000178529
0.000179923
0.000180345
0.000180459
0.000180487
0.000180492
0.000180492
0.000180491
0.00018049
0.000180489
0.000180487
0.000180486
0.000180484
0.000180483
0.000180482
0.00018048
0.000180479
0.000180477
0.000180476
0.000180474
0.000180473
0.000180471
0.00018047
0.000180468
0.000180467
0.000180466
0.000180464
0.000180463
0.000180461
0.00018046
0.000180459
0.000180457
0.000180456
0.000180455
0.000180453
0.000180452
0.000180451
0.00018045
0.000180449
0.000180448
0.000180447
0.000180446
0.000180445
0.000180444
0.000180443
0.000180442
0.000180441
0.000180441
0.00018044
0.000180439
0.000180439
0.000180438
0.000180438
0.000180437
0.000180437
0.000180437
0.000180436
0.000180436
0.000180436
0.000180436
0.000180436
0.000180537
0.000180537
0.000180537
0.000180537
0.000180537
0.000180537
0.000180537
0.000180537
0.000180537
0.000180537
0.000180538
0.000180538
0.000180538
0.000180538
0.000180538
0.000180538
0.000180538
0.000180538
0.000180538
0.000180538
0.000180538
0.000180538
0.000180538
0.000180538
0.000180538
0.000180538
0.000180538
0.000180538
0.000180538
0.000180538
0.000180538
0.000180538
0.000180538
0.000180538
0.000180538
0.000180538
0.000180538
0.000180538
0.000180538
0.000180538
0.000180538
0.000180538
0.000180538
0.000180538
0.000180538
0.000180538
0.000180537
0.000180537
0.000180537
0.000180537
0.000180537
0.000180537
0.000180537
0.000180536
0.000180536
0.000180535
0.000180529
0.000180505
0.000180408
0.000180047
0.000178831
0.000175246
0.000166308
0.000148736
0.00012323
9.52451e-05
6.05595e-05
3.61027e-05
3.91532e-05
4.17614e-05
4.24344e-05
4.11207e-05
3.82579e-05
3.60387e-05
5.01713e-05
9.29865e-05
0.000124519
0.000151317
0.000168348
0.000176303
0.000179254
0.000180186
0.000180446
0.000180511
0.000180526
0.000180528
0.000180521
0.00018049
0.000180364
0.000179889
0.000178299
0.000173661
0.000162465
0.000141733
0.00011403
8.4639e-05
4.10092e-05
3.68288e-05
4.00171e-05
4.2119e-05
4.22847e-05
4.05188e-05
3.74377e-05
3.72968e-05
7.806e-05
0.000108509
0.000136953
0.000159399
0.000172197
0.000177735
0.000179702
0.000180308
0.000180474
0.000180516
0.000180525
0.000180525
0.000180515
0.000180468
0.000180277
0.000179579
0.000177313
0.000171002
0.000156786
0.00013289
0.000103944
7.24118e-05
3.63464e-05
3.78403e-05
4.07956e-05
4.23555e-05
4.19667e-05
3.95898e-05
3.63393e-05
5.47405e-05
9.20183e-05
0.000119965
0.000145953
0.000164604
0.000174459
0.000178533
0.000179945
0.000180375
0.000180492
0.000180522
0.000180528
0.00018053
0.00018053
0.00018053
0.00018053
0.00018053
0.00018053
0.00018053
0.00018053
0.00018053
0.00018053
0.00018053
0.00018053
0.00018053
0.00018053
0.00018053
0.00018053
0.00018053
0.00018053
0.00018053
0.00018053
0.00018053
0.00018053
0.000180529
0.000180529
0.000180529
0.000180529
0.000180529
0.000180529
0.000180529
0.000180529
0.000180529
0.000180529
0.000180528
0.000180528
0.000180528
0.000180528
0.000180528
0.000180528
0.000180528
0.000180528
0.000180528
0.000180528
0.000180528
0.000180528
0.000180527
0.000180527
0.000180527
0.000180527
0.000180527
0.000180527
0.000180527
0.000180527
0.000180527
0.000180527
0.000180527
0.000180549
0.000180549
0.000180549
0.000180549
0.000180549
0.000180549
0.000180549
0.000180548
0.000180548
0.000180548
0.000180548
0.000180548
0.000180548
0.000180548
0.000180548
0.000180547
0.000180547
0.000180547
0.000180547
0.000180547
0.000180546
0.000180546
0.000180546
0.000180546
0.000180545
0.000180545
0.000180545
0.000180545
0.000180544
0.000180544
0.000180544
0.000180543
0.000180543
0.000180543
0.000180542
0.000180542
0.000180541
0.000180541
0.000180541
0.00018054
0.00018054
0.000180539
0.000180539
0.000180538
0.000180538
0.000180537
0.000180537
0.000180536
0.000180536
0.000180535
0.000180535
0.000180535
0.000180534
0.000180533
0.000180533
0.000180531
0.000180525
0.000180501
0.000180402
0.000180037
0.000178812
0.000175194
0.000166192
0.000148527
0.000122946
9.49177e-05
5.9932e-05
3.60958e-05
3.91723e-05
4.17539e-05
4.24032e-05
4.10838e-05
3.8229e-05
3.60298e-05
5.58744e-05
9.49217e-05
0.000125481
0.000151838
0.000168581
0.000176382
0.000179273
0.000180185
0.00018044
0.000180504
0.000180518
0.000180519
0.000180513
0.000180482
0.000180355
0.00017988
0.000178289
0.000173645
0.000162428
0.000141646
0.000113889
8.44811e-05
4.10201e-05
3.68074e-05
3.99914e-05
4.20878e-05
4.22537e-05
4.04961e-05
3.74229e-05
3.72341e-05
7.77104e-05
0.000108232
0.000136763
0.000159305
0.000172158
0.000177718
0.000179691
0.000180298
0.000180466
0.000180508
0.000180517
0.000180517
0.000180507
0.000180461
0.000180275
0.000179592
0.000177372
0.000171171
0.000157133
0.000133378
0.000104444
7.30365e-05
3.63399e-05
3.7791e-05
4.07421e-05
4.23179e-05
4.19627e-05
3.96256e-05
3.63612e-05
5.40039e-05
9.16148e-05
0.000119581
0.000145646
0.000164425
0.000174377
0.000178503
0.000179934
0.00018037
0.000180489
0.000180519
0.000180527
0.000180528
0.000180529
0.00018053
0.00018053
0.00018053
0.000180531
0.000180531
0.000180532
0.000180532
0.000180533
0.000180533
0.000180533
0.000180534
0.000180534
0.000180534
0.000180535
0.000180535
0.000180536
0.000180536
0.000180536
0.000180537
0.000180537
0.000180537
0.000180537
0.000180538
0.000180538
0.000180538
0.000180539
0.000180539
0.000180539
0.000180539
0.000180539
0.00018054
0.00018054
0.00018054
0.00018054
0.00018054
0.000180541
0.000180541
0.000180541
0.000180541
0.000180541
0.000180541
0.000180541
0.000180542
0.000180542
0.000180542
0.000180542
0.000180542
0.000180542
0.000180542
0.000180542
0.000180542
0.000180542
0.000180542
0.000180539
0.000180539
0.000180538
0.000180538
0.000180538
0.000180538
0.000180538
0.000180538
0.000180538
0.000180538
0.000180538
0.000180538
0.000180537
0.000180537
0.000180537
0.000180537
0.000180537
0.000180536
0.000180536
0.000180536
0.000180535
0.000180535
0.000180535
0.000180535
0.000180534
0.000180534
0.000180533
0.000180533
0.000180533
0.000180532
0.000180532
0.000180531
0.000180531
0.000180531
0.00018053
0.00018053
0.000180529
0.000180529
0.000180528
0.000180528
0.000180527
0.000180527
0.000180526
0.000180525
0.000180525
0.000180524
0.000180524
0.000180523
0.000180523
0.000180522
0.000180522
0.000180521
0.00018052
0.00018052
0.000180519
0.000180517
0.000180511
0.000180486
0.000180387
0.000180018
0.000178781
0.000175135
0.000166074
0.000148324
0.000122677
9.46096e-05
5.93043e-05
3.60921e-05
3.91985e-05
4.17549e-05
4.23848e-05
4.10605e-05
3.82214e-05
3.5997e-05
6.12142e-05
9.64573e-05
0.000126308
0.000152319
0.000168798
0.000176452
0.000179284
0.000180177
0.000180426
0.000180489
0.000180503
0.000180505
0.000180498
0.000180467
0.00018034
0.000179865
0.000178273
0.000173625
0.000162392
0.000141574
0.000113774
8.43442e-05
4.10061e-05
3.67897e-05
3.99788e-05
4.20725e-05
4.22376e-05
4.04847e-05
3.74116e-05
3.71625e-05
7.73614e-05
0.000107974
0.000136591
0.000159217
0.000172117
0.000177694
0.000179673
0.000180282
0.00018045
0.000180493
0.000180502
0.000180502
0.000180493
0.000180448
0.000180265
0.000179596
0.000177419
0.000171318
0.000157437
0.000133789
0.000104813
7.33957e-05
3.6329e-05
3.77432e-05
4.06951e-05
4.22909e-05
4.19709e-05
3.96732e-05
3.63909e-05
5.32186e-05
9.12081e-05
0.000119198
0.000145337
0.000164239
0.000174287
0.000178461
0.000179912
0.000180353
0.000180475
0.000180506
0.000180513
0.000180515
0.000180516
0.000180516
0.000180517
0.000180517
0.000180518
0.000180519
0.000180519
0.00018052
0.00018052
0.000180521
0.000180521
0.000180522
0.000180522
0.000180522
0.000180523
0.000180523
0.000180524
0.000180524
0.000180525
0.000180525
0.000180526
0.000180526
0.000180526
0.000180527
0.000180527
0.000180528
0.000180528
0.000180528
0.000180529
0.000180529
0.000180529
0.000180529
0.00018053
0.00018053
0.00018053
0.000180531
0.000180531
0.000180531
0.000180531
0.000180531
0.000180532
0.000180532
0.000180532
0.000180532
0.000180532
0.000180532
0.000180532
0.000180532
0.000180533
0.000180533
0.000180533
0.000180533
0.000180533
0.000180533
0.000180522
0.000180522
0.000180522
0.000180522
0.000180522
0.000180522
0.000180522
0.000180522
0.000180522
0.000180522
0.000180521
0.000180521
0.000180521
0.000180521
0.000180521
0.00018052
0.00018052
0.00018052
0.00018052
0.000180519
0.000180519
0.000180519
0.000180518
0.000180518
0.000180518
0.000180517
0.000180517
0.000180517
0.000180516
0.000180516
0.000180515
0.000180515
0.000180514
0.000180514
0.000180513
0.000180513
0.000180513
0.000180512
0.000180511
0.000180511
0.00018051
0.00018051
0.000180509
0.000180509
0.000180508
0.000180508
0.000180507
0.000180507
0.000180506
0.000180505
0.000180505
0.000180504
0.000180504
0.000180503
0.000180502
0.000180501
0.000180494
0.000180469
0.000180369
0.000179997
0.000178749
0.000175076
0.00016596
0.000148132
0.000122427
9.43249e-05
5.8684e-05
3.60915e-05
3.9232e-05
4.17666e-05
4.23769e-05
4.10462e-05
3.82215e-05
3.59564e-05
6.35786e-05
9.7379e-05
0.000126975
0.00015275
0.000168996
0.000176515
0.000179292
0.000180167
0.000180412
0.000180473
0.000180487
0.000180488
0.000180481
0.00018045
0.000180323
0.000179848
0.000178256
0.000173606
0.000162364
0.000141523
0.000113691
8.42396e-05
4.09723e-05
3.67748e-05
3.99715e-05
4.20649e-05
4.22296e-05
4.04779e-05
3.74034e-05
3.70852e-05
7.70605e-05
0.000107765
0.000136454
0.000159145
0.00017208
0.000177671
0.000179654
0.000180265
0.000180434
0.000180476
0.000180486
0.000180486
0.000180476
0.000180432
0.000180253
0.000179598
0.00017746
0.000171453
0.00015772
0.000134172
0.000105144
7.36688e-05
3.63175e-05
3.7696e-05
4.06554e-05
4.2278e-05
4.19914e-05
3.97301e-05
3.6427e-05
5.23965e-05
9.08014e-05
0.000118818
0.000145028
0.000164051
0.000174194
0.000178416
0.000179886
0.000180334
0.000180458
0.000180489
0.000180496
0.000180498
0.000180499
0.0001805
0.0001805
0.000180501
0.000180501
0.000180502
0.000180502
0.000180503
0.000180503
0.000180504
0.000180505
0.000180505
0.000180506
0.000180506
0.000180506
0.000180507
0.000180507
0.000180508
0.000180508
0.000180509
0.000180509
0.00018051
0.00018051
0.00018051
0.000180511
0.000180511
0.000180512
0.000180512
0.000180512
0.000180513
0.000180513
0.000180513
0.000180514
0.000180514
0.000180514
0.000180514
0.000180515
0.000180515
0.000180515
0.000180515
0.000180515
0.000180516
0.000180516
0.000180516
0.000180516
0.000180516
0.000180516
0.000180516
0.000180517
0.000180517
0.000180517
0.000180517
0.000180517
0.000180517
0.000180504
0.000180504
0.000180504
0.000180504
0.000180504
0.000180504
0.000180504
0.000180504
0.000180504
0.000180504
0.000180504
0.000180503
0.000180503
0.000180503
0.000180503
0.000180503
0.000180502
0.000180502
0.000180502
0.000180502
0.000180501
0.000180501
0.000180501
0.0001805
0.0001805
0.0001805
0.000180499
0.000180499
0.000180498
0.000180498
0.000180498
0.000180497
0.000180497
0.000180496
0.000180496
0.000180495
0.000180495
0.000180494
0.000180494
0.000180493
0.000180493
0.000180492
0.000180492
0.000180491
0.000180491
0.00018049
0.00018049
0.000180489
0.000180488
0.000180488
0.000180487
0.000180487
0.000180486
0.000180486
0.000180485
0.000180483
0.000180477
0.000180452
0.00018035
0.000179974
0.000178717
0.000175017
0.000165849
0.00014795
0.000122196
9.40646e-05
5.80799e-05
3.60937e-05
3.92715e-05
4.17873e-05
4.23753e-05
4.10362e-05
3.82177e-05
3.59155e-05
6.42174e-05
9.79294e-05
0.000127509
0.000153128
0.000169174
0.000176571
0.000179297
0.000180156
0.000180396
0.000180456
0.00018047
0.000180471
0.000180465
0.000180433
0.000180306
0.000179831
0.000178238
0.000173587
0.000162343
0.000141492
0.000113642
8.41709e-05
4.0923e-05
3.67631e-05
3.99711e-05
4.20644e-05
4.22277e-05
4.04765e-05
3.73971e-05
3.70063e-05
7.68278e-05
0.000107616
0.000136356
0.00015909
0.000172047
0.000177648
0.000179635
0.000180247
0.000180416
0.000180459
0.000180469
0.000180469
0.00018046
0.000180416
0.000180241
0.000179598
0.000177497
0.000171579
0.000157994
0.000134554
0.000105488
7.39548e-05
3.63087e-05
3.7649e-05
4.06213e-05
4.22709e-05
4.20199e-05
3.97921e-05
3.64669e-05
5.15543e-05
9.03952e-05
0.00011844
0.000144719
0.000163862
0.0001741
0.000178371
0.000179859
0.000180314
0.000180439
0.000180471
0.000180479
0.000180481
0.000180482
0.000180482
0.000180483
0.000180483
0.000180484
0.000180484
0.000180485
0.000180485
0.000180486
0.000180486
0.000180487
0.000180487
0.000180488
0.000180488
0.000180489
0.000180489
0.00018049
0.00018049
0.000180491
0.000180491
0.000180492
0.000180492
0.000180492
0.000180493
0.000180493
0.000180493
0.000180494
0.000180494
0.000180495
0.000180495
0.000180495
0.000180495
0.000180496
0.000180496
0.000180496
0.000180497
0.000180497
0.000180497
0.000180497
0.000180497
0.000180498
0.000180498
0.000180498
0.000180498
0.000180498
0.000180498
0.000180499
0.000180499
0.000180499
0.000180499
0.000180499
0.000180499
0.000180499
0.000180499
0.000180486
0.000180486
0.000180486
0.000180486
0.000180486
0.000180486
0.000180486
0.000180486
0.000180486
0.000180486
0.000180486
0.000180485
0.000180485
0.000180485
0.000180485
0.000180485
0.000180484
0.000180484
0.000180484
0.000180484
0.000180483
0.000180483
0.000180483
0.000180482
0.000180482
0.000180482
0.000180481
0.000180481
0.00018048
0.00018048
0.00018048
0.000180479
0.000180479
0.000180478
0.000180478
0.000180477
0.000180477
0.000180476
0.000180476
0.000180475
0.000180475
0.000180474
0.000180474
0.000180473
0.000180473
0.000180472
0.000180472
0.000180471
0.000180471
0.00018047
0.00018047
0.000180469
0.000180469
0.000180468
0.000180467
0.000180466
0.000180459
0.000180434
0.000180331
0.000179952
0.000178685
0.00017496
0.000165742
0.000147778
0.000121983
9.38288e-05
5.75036e-05
3.60977e-05
3.93133e-05
4.18127e-05
4.23788e-05
4.10267e-05
3.82046e-05
3.58804e-05
6.44769e-05
9.83263e-05
0.000127958
0.000153461
0.000169333
0.00017662
0.000179301
0.000180145
0.00018038
0.00018044
0.000180453
0.000180454
0.000180447
0.000180416
0.000180289
0.000179813
0.000178221
0.00017357
0.000162328
0.000141478
0.000113622
8.414e-05
4.08624e-05
3.67535e-05
3.99762e-05
4.207e-05
4.22313e-05
4.04786e-05
3.73917e-05
3.69288e-05
7.66677e-05
0.000107523
0.000136296
0.000159051
0.00017202
0.000177626
0.000179616
0.00018023
0.000180399
0.000180442
0.000180451
0.000180452
0.000180443
0.0001804
0.000180228
0.000179596
0.000177531
0.000171699
0.00015826
0.000134945
0.000105867
7.43024e-05
3.6305e-05
3.76017e-05
4.05908e-05
4.22686e-05
4.20511e-05
3.98535e-05
3.65069e-05
5.07115e-05
8.99892e-05
0.000118062
0.000144408
0.000163672
0.000174005
0.000178324
0.000179833
0.000180294
0.000180421
0.000180453
0.000180461
0.000180463
0.000180464
0.000180465
0.000180465
0.000180466
0.000180466
0.000180467
0.000180467
0.000180468
0.000180468
0.000180469
0.000180469
0.00018047
0.00018047
0.00018047
0.000180471
0.000180471
0.000180472
0.000180472
0.000180473
0.000180473
0.000180474
0.000180474
0.000180474
0.000180475
0.000180475
0.000180475
0.000180476
0.000180476
0.000180476
0.000180477
0.000180477
0.000180477
0.000180478
0.000180478
0.000180478
0.000180478
0.000180479
0.000180479
0.000180479
0.000180479
0.00018048
0.00018048
0.00018048
0.00018048
0.00018048
0.00018048
0.00018048
0.00018048
0.000180481
0.000180481
0.000180481
0.000180481
0.000180481
0.000180481
0.000180468
0.000180468
0.000180468
0.000180468
0.000180468
0.000180468
0.000180468
0.000180468
0.000180468
0.000180467
0.000180467
0.000180467
0.000180467
0.000180467
0.000180467
0.000180466
0.000180466
0.000180466
0.000180466
0.000180465
0.000180465
0.000180465
0.000180465
0.000180464
0.000180464
0.000180464
0.000180463
0.000180463
0.000180462
0.000180462
0.000180462
0.000180461
0.000180461
0.00018046
0.00018046
0.000180459
0.000180459
0.000180459
0.000180458
0.000180458
0.000180457
0.000180457
0.000180456
0.000180456
0.000180455
0.000180455
0.000180454
0.000180454
0.000180453
0.000180453
0.000180452
0.000180452
0.000180451
0.00018045
0.00018045
0.000180448
0.000180442
0.000180416
0.000180313
0.00017993
0.000178654
0.000174904
0.000165638
0.000147614
0.000121784
9.36161e-05
5.69664e-05
3.61011e-05
3.93523e-05
4.18374e-05
4.23831e-05
4.10156e-05
3.8185e-05
3.58484e-05
6.471e-05
9.86757e-05
0.000128361
0.00015376
0.000169476
0.000176663
0.000179302
0.000180132
0.000180364
0.000180423
0.000180436
0.000180437
0.00018043
0.000180399
0.000180272
0.000179796
0.000178203
0.000173554
0.000162318
0.000141477
0.000113623
8.41278e-05
4.07948e-05
3.67444e-05
3.9983e-05
4.20776e-05
4.22364e-05
4.04811e-05
3.73857e-05
3.6855e-05
7.65775e-05
0.000107479
0.000136265
0.000159025
0.000171997
0.000177606
0.000179598
0.000180212
0.000180382
0.000180425
0.000180434
0.000180435
0.000180426
0.000180384
0.000180215
0.000179594
0.000177562
0.000171813
0.00015852
0.000135343
0.00010628
7.47254e-05
3.63077e-05
3.75534e-05
4.05612e-05
4.22675e-05
4.20796e-05
3.99087e-05
3.65431e-05
4.98861e-05
8.95824e-05
0.000117682
0.000144094
0.000163478
0.000173909
0.000178278
0.000179806
0.000180274
0.000180403
0.000180436
0.000180444
0.000180446
0.000180446
0.000180447
0.000180447
0.000180448
0.000180448
0.000180449
0.000180449
0.00018045
0.00018045
0.000180451
0.000180451
0.000180452
0.000180452
0.000180453
0.000180453
0.000180453
0.000180454
0.000180454
0.000180455
0.000180455
0.000180456
0.000180456
0.000180456
0.000180457
0.000180457
0.000180457
0.000180458
0.000180458
0.000180458
0.000180459
0.000180459
0.000180459
0.00018046
0.00018046
0.00018046
0.00018046
0.000180461
0.000180461
0.000180461
0.000180461
0.000180461
0.000180461
0.000180462
0.000180462
0.000180462
0.000180462
0.000180462
0.000180462
0.000180462
0.000180462
0.000180462
0.000180462
0.000180462
0.000180462
0.00018045
0.00018045
0.00018045
0.00018045
0.00018045
0.00018045
0.00018045
0.00018045
0.000180449
0.000180449
0.000180449
0.000180449
0.000180449
0.000180449
0.000180448
0.000180448
0.000180448
0.000180448
0.000180448
0.000180447
0.000180447
0.000180447
0.000180446
0.000180446
0.000180446
0.000180445
0.000180445
0.000180445
0.000180444
0.000180444
0.000180444
0.000180443
0.000180443
0.000180442
0.000180442
0.000180442
0.000180441
0.000180441
0.00018044
0.00018044
0.000180439
0.000180439
0.000180438
0.000180438
0.000180437
0.000180437
0.000180436
0.000180436
0.000180435
0.000180435
0.000180434
0.000180434
0.000180433
0.000180433
0.000180432
0.00018043
0.000180424
0.000180398
0.000180294
0.000179909
0.000178622
0.000174849
0.000165537
0.000147456
0.000121598
9.34235e-05
5.6475e-05
3.61013e-05
3.93832e-05
4.18563e-05
4.23842e-05
4.10012e-05
3.8158e-05
3.58175e-05
6.50038e-05
9.90195e-05
0.000128735
0.000154032
0.000169603
0.0001767
0.000179302
0.00018012
0.000180348
0.000180406
0.000180419
0.00018042
0.000180413
0.000180382
0.000180254
0.000179778
0.000178185
0.000173538
0.000162309
0.000141483
0.00011364
8.41391e-05
4.0725e-05
3.67339e-05
3.99873e-05
4.20824e-05
4.22386e-05
4.04805e-05
3.73775e-05
3.6786e-05
7.65385e-05
0.000107469
0.000136258
0.00015901
0.000171977
0.000177586
0.000179579
0.000180194
0.000180364
0.000180407
0.000180417
0.000180417
0.000180409
0.000180368
0.000180201
0.00017959
0.000177589
0.000171919
0.000158771
0.00013574
0.000106717
7.52103e-05
3.63173e-05
3.75036e-05
4.053e-05
4.22629e-05
4.21014e-05
3.99539e-05
3.65728e-05
4.90908e-05
8.9173e-05
0.000117296
0.000143774
0.000163281
0.000173811
0.000178231
0.000179779
0.000180254
0.000180385
0.000180418
0.000180426
0.000180428
0.000180429
0.000180429
0.00018043
0.00018043
0.000180431
0.000180431
0.000180432
0.000180432
0.000180432
0.000180433
0.000180433
0.000180434
0.000180434
0.000180435
0.000180435
0.000180436
0.000180436
0.000180436
0.000180437
0.000180437
0.000180437
0.000180438
0.000180438
0.000180439
0.000180439
0.000180439
0.00018044
0.00018044
0.00018044
0.000180441
0.000180441
0.000180441
0.000180441
0.000180442
0.000180442
0.000180442
0.000180442
0.000180443
0.000180443
0.000180443
0.000180443
0.000180443
0.000180443
0.000180444
0.000180444
0.000180444
0.000180444
0.000180444
0.000180444
0.000180444
0.000180444
0.000180444
0.000180444
0.000180444
0.000180432
0.000180432
0.000180432
0.000180432
0.000180432
0.000180432
0.000180431
0.000180431
0.000180431
0.000180431
0.000180431
0.000180431
0.000180431
0.000180431
0.00018043
0.00018043
0.00018043
0.00018043
0.000180429
0.000180429
0.000180429
0.000180429
0.000180428
0.000180428
0.000180428
0.000180427
0.000180427
0.000180427
0.000180426
0.000180426
0.000180426
0.000180425
0.000180425
0.000180424
0.000180424
0.000180424
0.000180423
0.000180423
0.000180422
0.000180422
0.000180421
0.000180421
0.00018042
0.00018042
0.00018042
0.000180419
0.000180419
0.000180418
0.000180418
0.000180417
0.000180417
0.000180416
0.000180416
0.000180415
0.000180414
0.000180413
0.000180406
0.00018038
0.000180275
0.000179887
0.000178591
0.000174795
0.000165439
0.000147304
0.000121421
9.32474e-05
5.60364e-05
3.60962e-05
3.94028e-05
4.18665e-05
4.2379e-05
4.09822e-05
3.81257e-05
3.57879e-05
6.53778e-05
9.93674e-05
0.000129088
0.000154278
0.000169716
0.000176731
0.0001793
0.000180107
0.000180332
0.000180389
0.000180402
0.000180403
0.000180396
0.000180365
0.000180237
0.00017976
0.000178167
0.000173521
0.000162301
0.000141491
0.000113662
8.41656e-05
4.06567e-05
3.67206e-05
3.99862e-05
4.20816e-05
4.22352e-05
4.04741e-05
3.73649e-05
3.67218e-05
7.6522e-05
0.000107482
0.000136266
0.000159002
0.000171959
0.000177566
0.00017956
0.000180176
0.000180347
0.00018039
0.0001804
0.0001804
0.000180392
0.000180351
0.000180187
0.000179586
0.000177614
0.000172019
0.00015901
0.000136128
0.000107159
7.57281e-05
3.63336e-05
3.74519e-05
4.04959e-05
4.22525e-05
4.21149e-05
3.99878e-05
3.6595e-05
4.8331e-05
8.87579e-05
0.000116905
0.000143449
0.00016308
0.000173711
0.000178183
0.000179752
0.000180233
0.000180366
0.0001804
0.000180408
0.00018041
0.000180411
0.000180412
0.000180412
0.000180412
0.000180413
0.000180413
0.000180414
0.000180414
0.000180415
0.000180415
0.000180415
0.000180416
0.000180416
0.000180417
0.000180417
0.000180418
0.000180418
0.000180418
0.000180419
0.000180419
0.000180419
0.00018042
0.00018042
0.000180421
0.000180421
0.000180421
0.000180422
0.000180422
0.000180422
0.000180422
0.000180423
0.000180423
0.000180423
0.000180423
0.000180424
0.000180424
0.000180424
0.000180424
0.000180425
0.000180425
0.000180425
0.000180425
0.000180425
0.000180425
0.000180425
0.000180426
0.000180426
0.000180426
0.000180426
0.000180426
0.000180426
0.000180426
0.000180426
0.000180426
0.000180414
0.000180414
0.000180414
0.000180414
0.000180413
0.000180413
0.000180413
0.000180413
0.000180413
0.000180413
0.000180413
0.000180413
0.000180413
0.000180412
0.000180412
0.000180412
0.000180412
0.000180412
0.000180411
0.000180411
0.000180411
0.000180411
0.00018041
0.00018041
0.00018041
0.000180409
0.000180409
0.000180409
0.000180408
0.000180408
0.000180408
0.000180407
0.000180407
0.000180407
0.000180406
0.000180406
0.000180405
0.000180405
0.000180404
0.000180404
0.000180404
0.000180403
0.000180403
0.000180402
0.000180402
0.000180401
0.000180401
0.0001804
0.0001804
0.000180399
0.000180399
0.000180398
0.000180398
0.000180398
0.000180397
0.000180395
0.000180389
0.000180362
0.000180256
0.000179865
0.000178561
0.000174742
0.000165343
0.000147156
0.000121251
9.30845e-05
5.56529e-05
3.6085e-05
3.94106e-05
4.18682e-05
4.23686e-05
4.09596e-05
3.80902e-05
3.57594e-05
6.58107e-05
9.9712e-05
0.000129416
0.000154501
0.000169815
0.000176758
0.000179296
0.000180093
0.000180316
0.000180372
0.000180385
0.000180386
0.000180379
0.000180348
0.000180219
0.000179742
0.000178148
0.000173504
0.00016229
0.000141497
0.000113685
8.4194e-05
4.05917e-05
3.67021e-05
3.99779e-05
4.20745e-05
4.22264e-05
4.04627e-05
3.73486e-05
3.66619e-05
7.65335e-05
0.00010751
0.000136283
0.000158998
0.000171943
0.000177547
0.000179542
0.000180159
0.00018033
0.000180373
0.000180383
0.000180383
0.000180375
0.000180335
0.000180173
0.00017958
0.000177636
0.00017211
0.000159234
0.000136498
0.00010759
7.62479e-05
3.63556e-05
3.73986e-05
4.04588e-05
4.22388e-05
4.21211e-05
4.00117e-05
3.66105e-05
4.76052e-05
8.83339e-05
0.000116504
0.000143116
0.000162876
0.00017361
0.000178135
0.000179724
0.000180213
0.000180348
0.000180382
0.000180391
0.000180393
0.000180393
0.000180394
0.000180394
0.000180395
0.000180395
0.000180396
0.000180396
0.000180396
0.000180397
0.000180397
0.000180398
0.000180398
0.000180398
0.000180399
0.000180399
0.0001804
0.0001804
0.0001804
0.000180401
0.000180401
0.000180401
0.000180402
0.000180402
0.000180402
0.000180403
0.000180403
0.000180403
0.000180404
0.000180404
0.000180404
0.000180405
0.000180405
0.000180405
0.000180405
0.000180406
0.000180406
0.000180406
0.000180406
0.000180406
0.000180406
0.000180407
0.000180407
0.000180407
0.000180407
0.000180407
0.000180407
0.000180407
0.000180407
0.000180408
0.000180408
0.000180408
0.000180408
0.000180408
0.000180408
0.000180395
0.000180395
0.000180395
0.000180395
0.000180395
0.000180395
0.000180395
0.000180395
0.000180395
0.000180395
0.000180395
0.000180395
0.000180394
0.000180394
0.000180394
0.000180394
0.000180394
0.000180394
0.000180393
0.000180393
0.000180393
0.000180393
0.000180392
0.000180392
0.000180392
0.000180391
0.000180391
0.000180391
0.00018039
0.00018039
0.00018039
0.000180389
0.000180389
0.000180389
0.000180388
0.000180388
0.000180387
0.000180387
0.000180387
0.000180386
0.000180386
0.000180385
0.000180385
0.000180384
0.000180384
0.000180383
0.000180383
0.000180383
0.000180382
0.000180382
0.000180381
0.000180381
0.00018038
0.00018038
0.000180379
0.000180377
0.000180371
0.000180344
0.000180238
0.000179843
0.00017853
0.00017469
0.000165249
0.000147013
0.000121089
9.29323e-05
5.53205e-05
3.60686e-05
3.94087e-05
4.18629e-05
4.23553e-05
4.0935e-05
3.80534e-05
3.57315e-05
6.62607e-05
0.00010004
0.000129715
0.0001547
0.000169902
0.000176779
0.00017929
0.000180079
0.000180299
0.000180355
0.000180367
0.000180368
0.000180362
0.00018033
0.000180202
0.000179724
0.000178129
0.000173485
0.000162278
0.000141499
0.000113701
8.42161e-05
4.05291e-05
3.66823e-05
3.99656e-05
4.20641e-05
4.22153e-05
4.04495e-05
3.7331e-05
3.66092e-05
7.65597e-05
0.000107542
0.000136302
0.000158995
0.000171927
0.000177528
0.000179523
0.000180141
0.000180312
0.000180356
0.000180365
0.000180366
0.000180357
0.000180318
0.000180159
0.000179574
0.000177655
0.000172194
0.000159442
0.000136844
0.000107997
7.67455e-05
3.63822e-05
3.73442e-05
4.04192e-05
4.2221e-05
4.21218e-05
4.00282e-05
3.66212e-05
4.69078e-05
8.78981e-05
0.000116095
0.000142777
0.000162668
0.000173507
0.000178086
0.000179697
0.000180192
0.00018033
0.000180364
0.000180373
0.000180375
0.000180376
0.000180376
0.000180377
0.000180377
0.000180377
0.000180378
0.000180378
0.000180379
0.000180379
0.000180379
0.00018038
0.00018038
0.000180381
0.000180381
0.000180381
0.000180382
0.000180382
0.000180382
0.000180383
0.000180383
0.000180383
0.000180384
0.000180384
0.000180384
0.000180385
0.000180385
0.000180385
0.000180386
0.000180386
0.000180386
0.000180386
0.000180387
0.000180387
0.000180387
0.000180387
0.000180388
0.000180388
0.000180388
0.000180388
0.000180388
0.000180388
0.000180389
0.000180389
0.000180389
0.000180389
0.000180389
0.000180389
0.000180389
0.000180389
0.000180389
0.000180389
0.000180389
0.000180389
0.000180389
0.000180377
0.000180377
0.000180377
0.000180377
0.000180377
0.000180377
0.000180377
0.000180377
0.000180377
0.000180377
0.000180377
0.000180376
0.000180376
0.000180376
0.000180376
0.000180376
0.000180376
0.000180375
0.000180375
0.000180375
0.000180375
0.000180374
0.000180374
0.000180374
0.000180374
0.000180373
0.000180373
0.000180373
0.000180372
0.000180372
0.000180372
0.000180371
0.000180371
0.000180371
0.00018037
0.00018037
0.000180369
0.000180369
0.000180369
0.000180368
0.000180368
0.000180367
0.000180367
0.000180367
0.000180366
0.000180366
0.000180365
0.000180365
0.000180364
0.000180364
0.000180364
0.000180363
0.000180363
0.000180362
0.000180362
0.00018036
0.000180353
0.000180327
0.000180219
0.000179822
0.0001785
0.000174639
0.000165157
0.000146875
0.000120933
9.27896e-05
5.50323e-05
3.60471e-05
3.93985e-05
4.18522e-05
4.23393e-05
4.09097e-05
3.80173e-05
3.57037e-05
6.66853e-05
0.000100336
0.000129981
0.000154874
0.000169976
0.000176795
0.000179283
0.000180064
0.000180283
0.000180338
0.00018035
0.000180351
0.000180344
0.000180313
0.000180184
0.000179706
0.00017811
0.000173465
0.000162261
0.000141495
0.00011371
8.42293e-05
4.04677e-05
3.66611e-05
3.99518e-05
4.20522e-05
4.22024e-05
4.04341e-05
3.73116e-05
3.65584e-05
7.65857e-05
0.000107574
0.000136322
0.000158992
0.000171911
0.000177509
0.000179505
0.000180123
0.000180295
0.000180338
0.000180348
0.000180349
0.00018034
0.000180301
0.000180144
0.000179567
0.000177671
0.00017227
0.000159632
0.000137163
0.000108374
7.72064e-05
3.64122e-05
3.72895e-05
4.03783e-05
4.22006e-05
4.2119e-05
4.00401e-05
3.66294e-05
4.6232e-05
8.74488e-05
0.000115676
0.000142432
0.000162456
0.000173403
0.000178037
0.000179669
0.000180172
0.000180311
0.000180347
0.000180355
0.000180357
0.000180358
0.000180358
0.000180359
0.000180359
0.00018036
0.00018036
0.00018036
0.000180361
0.000180361
0.000180362
0.000180362
0.000180362
0.000180363
0.000180363
0.000180363
0.000180364
0.000180364
0.000180364
0.000180365
0.000180365
0.000180365
0.000180366
0.000180366
0.000180366
0.000180367
0.000180367
0.000180367
0.000180368
0.000180368
0.000180368
0.000180368
0.000180369
0.000180369
0.000180369
0.000180369
0.000180369
0.00018037
0.00018037
0.00018037
0.00018037
0.00018037
0.00018037
0.000180371
0.000180371
0.000180371
0.000180371
0.000180371
0.000180371
0.000180371
0.000180371
0.000180371
0.000180371
0.000180371
0.000180371
0.000180359
0.000180359
0.000180359
0.000180359
0.000180359
0.000180359
0.000180359
0.000180359
0.000180359
0.000180359
0.000180359
0.000180358
0.000180358
0.000180358
0.000180358
0.000180358
0.000180358
0.000180357
0.000180357
0.000180357
0.000180357
0.000180356
0.000180356
0.000180356
0.000180356
0.000180355
0.000180355
0.000180355
0.000180354
0.000180354
0.000180354
0.000180353
0.000180353
0.000180353
0.000180352
0.000180352
0.000180352
0.000180351
0.000180351
0.00018035
0.00018035
0.00018035
0.000180349
0.000180349
0.000180348
0.000180348
0.000180347
0.000180347
0.000180347
0.000180346
0.000180346
0.000180345
0.000180345
0.000180345
0.000180344
0.000180342
0.000180336
0.000180309
0.0001802
0.0001798
0.00017847
0.000174588
0.000165068
0.000146741
0.000120784
9.2656e-05
5.47783e-05
3.60235e-05
3.93844e-05
4.18396e-05
4.23223e-05
4.08852e-05
3.79828e-05
3.56757e-05
6.70548e-05
0.000100593
0.000130211
0.000155024
0.000170039
0.000176807
0.000179275
0.000180049
0.000180266
0.000180321
0.000180333
0.000180334
0.000180327
0.000180296
0.000180167
0.000179688
0.00017809
0.000173444
0.000162242
0.000141486
0.000113712
8.42338e-05
4.04062e-05
3.66392e-05
3.99368e-05
4.2039e-05
4.21881e-05
4.04172e-05
3.72909e-05
3.65095e-05
7.66072e-05
0.000107602
0.000136339
0.000158988
0.000171894
0.00017749
0.000179486
0.000180105
0.000180277
0.000180321
0.000180331
0.000180331
0.000180323
0.000180285
0.000180129
0.000179559
0.000177684
0.000172339
0.000159805
0.000137455
0.000108718
7.76252e-05
3.64443e-05
3.72352e-05
4.03372e-05
4.21793e-05
4.21144e-05
4.00495e-05
3.66365e-05
4.55721e-05
8.69853e-05
0.000115249
0.00014208
0.000162241
0.000173297
0.000177987
0.000179642
0.000180151
0.000180293
0.000180329
0.000180337
0.00018034
0.00018034
0.000180341
0.000180341
0.000180341
0.000180342
0.000180342
0.000180343
0.000180343
0.000180343
0.000180344
0.000180344
0.000180344
0.000180345
0.000180345
0.000180345
0.000180346
0.000180346
0.000180346
0.000180347
0.000180347
0.000180347
0.000180348
0.000180348
0.000180348
0.000180349
0.000180349
0.000180349
0.000180349
0.00018035
0.00018035
0.00018035
0.00018035
0.000180351
0.000180351
0.000180351
0.000180351
0.000180351
0.000180352
0.000180352
0.000180352
0.000180352
0.000180352
0.000180352
0.000180352
0.000180353
0.000180353
0.000180353
0.000180353
0.000180353
0.000180353
0.000180353
0.000180353
0.000180353
0.000180353
0.000180341
0.000180341
0.000180341
0.000180341
0.000180341
0.000180341
0.000180341
0.000180341
0.000180341
0.000180341
0.00018034
0.00018034
0.00018034
0.00018034
0.00018034
0.00018034
0.000180339
0.000180339
0.000180339
0.000180339
0.000180339
0.000180338
0.000180338
0.000180338
0.000180338
0.000180337
0.000180337
0.000180337
0.000180336
0.000180336
0.000180336
0.000180335
0.000180335
0.000180335
0.000180334
0.000180334
0.000180334
0.000180333
0.000180333
0.000180333
0.000180332
0.000180332
0.000180331
0.000180331
0.000180331
0.00018033
0.00018033
0.000180329
0.000180329
0.000180328
0.000180328
0.000180328
0.000180327
0.000180327
0.000180326
0.000180324
0.000180318
0.000180291
0.000180181
0.000179779
0.000178441
0.000174538
0.000164981
0.000146612
0.000120644
9.25327e-05
5.45522e-05
3.59986e-05
3.93679e-05
4.18253e-05
4.23052e-05
4.08621e-05
3.79508e-05
3.56472e-05
6.73567e-05
0.000100808
0.000130406
0.00015515
0.00017009
0.000176815
0.000179266
0.000180034
0.000180249
0.000180304
0.000180316
0.000180317
0.00018031
0.000180278
0.000180149
0.000179669
0.00017807
0.000173421
0.00016222
0.000141471
0.000113707
8.42304e-05
4.03436e-05
3.66173e-05
3.99213e-05
4.20254e-05
4.21735e-05
4.03997e-05
3.72696e-05
3.64622e-05
7.66235e-05
0.000107627
0.000136353
0.000158982
0.000171877
0.00017747
0.000179467
0.000180087
0.00018026
0.000180304
0.000180313
0.000180314
0.000180306
0.000180268
0.000180114
0.00017955
0.000177694
0.0001724
0.000159963
0.000137721
0.00010903
7.80028e-05
3.64774e-05
3.71822e-05
4.0297e-05
4.21582e-05
4.21091e-05
4.00578e-05
3.66436e-05
4.49247e-05
8.65082e-05
0.000114813
0.000141724
0.000162023
0.00017319
0.000177937
0.000179614
0.000180131
0.000180274
0.000180311
0.00018032
0.000180322
0.000180323
0.000180323
0.000180323
0.000180324
0.000180324
0.000180324
0.000180325
0.000180325
0.000180326
0.000180326
0.000180326
0.000180327
0.000180327
0.000180327
0.000180328
0.000180328
0.000180328
0.000180329
0.000180329
0.000180329
0.000180329
0.00018033
0.00018033
0.00018033
0.000180331
0.000180331
0.000180331
0.000180331
0.000180332
0.000180332
0.000180332
0.000180332
0.000180333
0.000180333
0.000180333
0.000180333
0.000180333
0.000180333
0.000180334
0.000180334
0.000180334
0.000180334
0.000180334
0.000180334
0.000180334
0.000180334
0.000180335
0.000180335
0.000180335
0.000180335
0.000180335
0.000180335
0.000180335
0.000180335
0.000180323
0.000180323
0.000180323
0.000180323
0.000180323
0.000180323
0.000180323
0.000180323
0.000180323
0.000180322
0.000180322
0.000180322
0.000180322
0.000180322
0.000180322
0.000180322
0.000180321
0.000180321
0.000180321
0.000180321
0.000180321
0.00018032
0.00018032
0.00018032
0.00018032
0.000180319
0.000180319
0.000180319
0.000180318
0.000180318
0.000180318
0.000180318
0.000180317
0.000180317
0.000180316
0.000180316
0.000180316
0.000180315
0.000180315
0.000180315
0.000180314
0.000180314
0.000180314
0.000180313
0.000180313
0.000180312
0.000180312
0.000180312
0.000180311
0.000180311
0.00018031
0.00018031
0.00018031
0.000180309
0.000180308
0.000180307
0.0001803
0.000180273
0.000180163
0.000179757
0.000178411
0.000174489
0.000164895
0.000146489
0.000120512
9.24205e-05
5.43496e-05
3.59723e-05
3.9349e-05
4.18095e-05
4.22883e-05
4.08407e-05
3.79214e-05
3.5618e-05
6.75923e-05
0.000100982
0.000130567
0.000155255
0.000170132
0.00017682
0.000179255
0.000180019
0.000180232
0.000180286
0.000180298
0.000180299
0.000180293
0.000180261
0.000180131
0.00017965
0.000178049
0.000173396
0.000162194
0.000141451
0.000113696
8.42205e-05
4.02789e-05
3.65957e-05
3.9906e-05
4.2012e-05
4.21589e-05
4.03824e-05
3.72481e-05
3.6416e-05
7.66351e-05
0.000107647
0.000136364
0.000158975
0.000171859
0.000177451
0.000179448
0.000180069
0.000180242
0.000180286
0.000180296
0.000180297
0.000180289
0.000180251
0.000180099
0.00017954
0.000177703
0.000172454
0.000160105
0.000137962
0.000109313
7.83431e-05
3.65107e-05
3.71308e-05
4.02583e-05
4.21375e-05
4.21035e-05
4.00655e-05
3.66509e-05
4.42886e-05
8.60185e-05
0.000114372
0.000141363
0.000161803
0.000173082
0.000177887
0.000179586
0.00018011
0.000180256
0.000180293
0.000180302
0.000180304
0.000180305
0.000180305
0.000180306
0.000180306
0.000180306
0.000180307
0.000180307
0.000180307
0.000180308
0.000180308
0.000180308
0.000180309
0.000180309
0.000180309
0.00018031
0.00018031
0.00018031
0.000180311
0.000180311
0.000180311
0.000180311
0.000180312
0.000180312
0.000180312
0.000180313
0.000180313
0.000180313
0.000180313
0.000180314
0.000180314
0.000180314
0.000180314
0.000180314
0.000180315
0.000180315
0.000180315
0.000180315
0.000180315
0.000180316
0.000180316
0.000180316
0.000180316
0.000180316
0.000180316
0.000180316
0.000180316
0.000180316
0.000180316
0.000180317
0.000180317
0.000180317
0.000180317
0.000180317
0.000180317
0.000180305
0.000180305
0.000180305
0.000180305
0.000180305
0.000180305
0.000180305
0.000180305
0.000180304
0.000180304
0.000180304
0.000180304
0.000180304
0.000180304
0.000180304
0.000180304
0.000180303
0.000180303
0.000180303
0.000180303
0.000180303
0.000180302
0.000180302
0.000180302
0.000180302
0.000180301
0.000180301
0.000180301
0.0001803
0.0001803
0.0001803
0.0001803
0.000180299
0.000180299
0.000180299
0.000180298
0.000180298
0.000180298
0.000180297
0.000180297
0.000180296
0.000180296
0.000180296
0.000180295
0.000180295
0.000180295
0.000180294
0.000180294
0.000180293
0.000180293
0.000180293
0.000180292
0.000180292
0.000180291
0.000180291
0.000180289
0.000180283
0.000180255
0.000180144
0.000179736
0.000178382
0.00017444
0.000164812
0.000146369
0.000120389
9.23229e-05
5.41786e-05
3.59443e-05
3.93274e-05
4.17922e-05
4.22717e-05
4.08212e-05
3.78946e-05
3.55882e-05
6.77705e-05
0.00010112
0.000130698
0.000155341
0.000170166
0.000176822
0.000179244
0.000180003
0.000180215
0.000180269
0.000180281
0.000180282
0.000180275
0.000180243
0.000180113
0.000179631
0.000178027
0.000173371
0.000162165
0.000141425
0.00011368
8.42055e-05
4.02117e-05
3.65746e-05
3.98912e-05
4.19988e-05
4.21448e-05
4.03655e-05
3.72268e-05
3.63706e-05
7.66429e-05
0.000107663
0.000136371
0.000158965
0.00017184
0.00017743
0.00017943
0.000180051
0.000180225
0.000180269
0.000180279
0.000180279
0.000180271
0.000180234
0.000180084
0.00017953
0.000177709
0.000172502
0.000160234
0.000138182
0.00010957
7.86514e-05
3.65434e-05
3.70813e-05
4.02213e-05
4.21176e-05
4.20978e-05
4.00726e-05
3.66583e-05
4.36646e-05
8.55178e-05
0.000113926
0.000140999
0.000161581
0.000172974
0.000177836
0.000179558
0.00018009
0.000180238
0.000180275
0.000180284
0.000180286
0.000180287
0.000180288
0.000180288
0.000180288
0.000180289
0.000180289
0.000180289
0.00018029
0.00018029
0.00018029
0.00018029
0.000180291
0.000180291
0.000180291
0.000180292
0.000180292
0.000180292
0.000180293
0.000180293
0.000180293
0.000180293
0.000180294
0.000180294
0.000180294
0.000180295
0.000180295
0.000180295
0.000180295
0.000180296
0.000180296
0.000180296
0.000180296
0.000180296
0.000180297
0.000180297
0.000180297
0.000180297
0.000180297
0.000180297
0.000180298
0.000180298
0.000180298
0.000180298
0.000180298
0.000180298
0.000180298
0.000180298
0.000180298
0.000180298
0.000180298
0.000180298
0.000180298
0.000180298
0.000180298
0.000180287
0.000180287
0.000180287
0.000180287
0.000180287
0.000180287
0.000180287
0.000180286
0.000180286
0.000180286
0.000180286
0.000180286
0.000180286
0.000180286
0.000180286
0.000180285
0.000180285
0.000180285
0.000180285
0.000180285
0.000180285
0.000180284
0.000180284
0.000180284
0.000180284
0.000180283
0.000180283
0.000180283
0.000180283
0.000180282
0.000180282
0.000180282
0.000180281
0.000180281
0.000180281
0.00018028
0.00018028
0.00018028
0.000180279
0.000180279
0.000180279
0.000180278
0.000180278
0.000180278
0.000180277
0.000180277
0.000180276
0.000180276
0.000180276
0.000180275
0.000180275
0.000180275
0.000180274
0.000180274
0.000180273
0.000180271
0.000180265
0.000180237
0.000180126
0.000179715
0.000178353
0.000174392
0.000164729
0.000146255
0.000120275
9.22357e-05
5.40205e-05
3.59139e-05
3.93022e-05
4.1773e-05
4.22551e-05
4.08032e-05
3.78701e-05
3.55576e-05
6.79028e-05
0.000101229
0.000130806
0.000155414
0.000170194
0.000176822
0.000179232
0.000179987
0.000180198
0.000180252
0.000180264
0.000180265
0.000180258
0.000180226
0.000180095
0.000179612
0.000178005
0.000173343
0.000162133
0.000141396
0.000113659
8.41865e-05
4.01417e-05
3.6554e-05
3.98769e-05
4.19861e-05
4.21309e-05
4.0349e-05
3.72057e-05
3.63258e-05
7.66479e-05
0.000107676
0.000136375
0.000158952
0.00017182
0.00017741
0.00017941
0.000180033
0.000180207
0.000180251
0.000180261
0.000180262
0.000180254
0.000180217
0.000180068
0.000179519
0.000177713
0.000172545
0.000160351
0.000138382
0.000109806
7.89324e-05
3.65752e-05
3.70337e-05
4.0186e-05
4.20983e-05
4.20918e-05
4.00789e-05
3.66654e-05
4.30545e-05
8.5008e-05
0.000113478
0.000140635
0.000161358
0.000172865
0.000177785
0.000179529
0.000180069
0.000180219
0.000180257
0.000180267
0.000180269
0.000180269
0.00018027
0.00018027
0.00018027
0.000180271
0.000180271
0.000180271
0.000180272
0.000180272
0.000180272
0.000180273
0.000180273
0.000180273
0.000180274
0.000180274
0.000180274
0.000180274
0.000180275
0.000180275
0.000180275
0.000180276
0.000180276
0.000180276
0.000180276
0.000180277
0.000180277
0.000180277
0.000180277
0.000180277
0.000180278
0.000180278
0.000180278
0.000180278
0.000180278
0.000180279
0.000180279
0.000180279
0.000180279
0.000180279
0.000180279
0.000180279
0.00018028
0.00018028
0.00018028
0.00018028
0.00018028
0.00018028
0.00018028
0.00018028
0.00018028
0.00018028
0.00018028
0.00018028
0.00018028
0.000180269
0.000180269
0.000180269
0.000180269
0.000180269
0.000180269
0.000180268
0.000180268
0.000180268
0.000180268
0.000180268
0.000180268
0.000180268
0.000180268
0.000180268
0.000180267
0.000180267
0.000180267
0.000180267
0.000180267
0.000180267
0.000180266
0.000180266
0.000180266
0.000180266
0.000180265
0.000180265
0.000180265
0.000180265
0.000180264
0.000180264
0.000180264
0.000180263
0.000180263
0.000180263
0.000180262
0.000180262
0.000180262
0.000180261
0.000180261
0.000180261
0.00018026
0.00018026
0.00018026
0.000180259
0.000180259
0.000180259
0.000180258
0.000180258
0.000180258
0.000180257
0.000180257
0.000180256
0.000180256
0.000180255
0.000180254
0.000180247
0.000180219
0.000180107
0.000179694
0.000178324
0.000174343
0.000164648
0.000146145
0.000120173
9.21669e-05
5.39296e-05
3.58802e-05
3.92723e-05
4.17513e-05
4.22382e-05
4.07867e-05
3.78475e-05
3.55266e-05
6.80019e-05
0.000101318
0.0001309
0.000155481
0.000170221
0.000176822
0.00017922
0.000179972
0.000180181
0.000180235
0.000180246
0.000180247
0.00018024
0.000180208
0.000180077
0.000179593
0.000177982
0.000173314
0.000162097
0.000141361
0.000113635
8.41643e-05
4.0069e-05
3.65338e-05
3.9863e-05
4.19735e-05
4.21173e-05
4.03328e-05
3.71848e-05
3.62812e-05
7.66508e-05
0.000107686
0.000136375
0.000158937
0.000171798
0.000177389
0.000179391
0.000180015
0.000180189
0.000180234
0.000180244
0.000180245
0.000180237
0.0001802
0.000180052
0.000179508
0.000177715
0.000172583
0.000160457
0.000138565
0.000110022
7.91899e-05
3.66056e-05
3.6988e-05
4.01522e-05
4.20797e-05
4.20856e-05
4.00843e-05
3.66722e-05
4.24606e-05
8.44913e-05
0.000113029
0.000140271
0.000161135
0.000172755
0.000177734
0.000179501
0.000180048
0.000180201
0.000180239
0.000180249
0.000180251
0.000180252
0.000180252
0.000180252
0.000180253
0.000180253
0.000180253
0.000180254
0.000180254
0.000180254
0.000180255
0.000180255
0.000180255
0.000180255
0.000180256
0.000180256
0.000180256
0.000180256
0.000180257
0.000180257
0.000180257
0.000180258
0.000180258
0.000180258
0.000180258
0.000180259
0.000180259
0.000180259
0.000180259
0.000180259
0.00018026
0.00018026
0.00018026
0.00018026
0.00018026
0.000180261
0.000180261
0.000180261
0.000180261
0.000180261
0.000180261
0.000180261
0.000180261
0.000180262
0.000180262
0.000180262
0.000180262
0.000180262
0.000180262
0.000180262
0.000180262
0.000180262
0.000180262
0.000180262
0.000180262
0.000180251
0.000180251
0.000180251
0.000180251
0.000180251
0.00018025
0.00018025
0.00018025
0.00018025
0.00018025
0.00018025
0.00018025
0.00018025
0.00018025
0.00018025
0.000180249
0.000180249
0.000180249
0.000180249
0.000180249
0.000180249
0.000180248
0.000180248
0.000180248
0.000180248
0.000180247
0.000180247
0.000180247
0.000180247
0.000180246
0.000180246
0.000180246
0.000180245
0.000180245
0.000180245
0.000180245
0.000180244
0.000180244
0.000180244
0.000180243
0.000180243
0.000180243
0.000180242
0.000180242
0.000180242
0.000180241
0.000180241
0.00018024
0.00018024
0.00018024
0.000180239
0.000180239
0.000180239
0.000180238
0.000180238
0.000180236
0.000180229
0.000180201
0.000180088
0.000179673
0.000178295
0.000174295
0.000164566
0.00014604
0.000120087
9.21271e-05
5.38778e-05
3.58421e-05
3.92363e-05
4.17264e-05
4.22208e-05
4.07712e-05
3.78264e-05
3.54952e-05
6.80821e-05
0.000101399
0.000130993
0.00015555
0.000170251
0.000176824
0.00017921
0.000179956
0.000180164
0.000180217
0.000180229
0.00018023
0.000180223
0.000180191
0.000180059
0.000179573
0.000177959
0.000173284
0.000162059
0.000141323
0.000113606
8.41392e-05
3.99939e-05
3.65138e-05
3.98493e-05
4.19612e-05
4.2104e-05
4.03168e-05
3.71641e-05
3.62369e-05
7.66516e-05
0.000107693
0.000136372
0.000158919
0.000171775
0.000177367
0.000179372
0.000179997
0.000180172
0.000180216
0.000180227
0.000180227
0.000180219
0.000180183
0.000180036
0.000179496
0.000177716
0.000172616
0.000160553
0.000138733
0.00011022
7.9427e-05
3.66342e-05
3.6944e-05
4.012e-05
4.20616e-05
4.20792e-05
4.00889e-05
3.66786e-05
4.18851e-05
8.39699e-05
0.000112583
0.000139909
0.000160914
0.000172646
0.000177683
0.000179473
0.000180028
0.000180182
0.000180222
0.000180231
0.000180233
0.000180234
0.000180234
0.000180235
0.000180235
0.000180235
0.000180236
0.000180236
0.000180236
0.000180236
0.000180237
0.000180237
0.000180237
0.000180237
0.000180238
0.000180238
0.000180238
0.000180239
0.000180239
0.000180239
0.000180239
0.00018024
0.00018024
0.00018024
0.00018024
0.00018024
0.000180241
0.000180241
0.000180241
0.000180241
0.000180242
0.000180242
0.000180242
0.000180242
0.000180242
0.000180242
0.000180243
0.000180243
0.000180243
0.000180243
0.000180243
0.000180243
0.000180243
0.000180243
0.000180244
0.000180244
0.000180244
0.000180244
0.000180244
0.000180244
0.000180244
0.000180244
0.000180244
0.000180244
0.000180244
0.000180233
0.000180233
0.000180233
0.000180233
0.000180232
0.000180232
0.000180232
0.000180232
0.000180232
0.000180232
0.000180232
0.000180232
0.000180232
0.000180232
0.000180232
0.000180231
0.000180231
0.000180231
0.000180231
0.000180231
0.000180231
0.00018023
0.00018023
0.00018023
0.00018023
0.000180229
0.000180229
0.000180229
0.000180229
0.000180228
0.000180228
0.000180228
0.000180228
0.000180227
0.000180227
0.000180227
0.000180226
0.000180226
0.000180226
0.000180225
0.000180225
0.000180225
0.000180224
0.000180224
0.000180224
0.000180223
0.000180223
0.000180223
0.000180222
0.000180222
0.000180222
0.000180221
0.000180221
0.000180221
0.00018022
0.000180218
0.000180212
0.000180183
0.00018007
0.000179652
0.000178267
0.000174247
0.000164486
0.000145939
0.000120014
9.21137e-05
5.38886e-05
3.57985e-05
3.91925e-05
4.16974e-05
4.22024e-05
4.07564e-05
3.78062e-05
3.54636e-05
6.8162e-05
0.000101488
0.000131102
0.000155637
0.000170291
0.000176831
0.0001792
0.000179941
0.000180148
0.0001802
0.000180212
0.000180212
0.000180205
0.000180173
0.000180041
0.000179553
0.000177935
0.000173252
0.000162018
0.000141281
0.000113574
8.41112e-05
3.99165e-05
3.6494e-05
3.98357e-05
4.1949e-05
4.20908e-05
4.03011e-05
3.71436e-05
3.61927e-05
7.66499e-05
0.000107696
0.000136364
0.000158899
0.000171751
0.000177345
0.000179352
0.000179979
0.000180154
0.000180199
0.000180209
0.00018021
0.000180202
0.000180166
0.00018002
0.000179483
0.000177715
0.000172645
0.00016064
0.000138886
0.000110404
7.96459e-05
3.66609e-05
3.69017e-05
4.00892e-05
4.20441e-05
4.20727e-05
4.00925e-05
3.66844e-05
4.13304e-05
8.34461e-05
0.00011214
0.00013955
0.000160694
0.000172538
0.000177632
0.000179445
0.000180007
0.000180164
0.000180204
0.000180213
0.000180216
0.000180216
0.000180217
0.000180217
0.000180217
0.000180217
0.000180218
0.000180218
0.000180218
0.000180219
0.000180219
0.000180219
0.000180219
0.00018022
0.00018022
0.00018022
0.00018022
0.000180221
0.000180221
0.000180221
0.000180221
0.000180222
0.000180222
0.000180222
0.000180222
0.000180222
0.000180223
0.000180223
0.000180223
0.000180223
0.000180223
0.000180224
0.000180224
0.000180224
0.000180224
0.000180224
0.000180224
0.000180225
0.000180225
0.000180225
0.000180225
0.000180225
0.000180225
0.000180225
0.000180225
0.000180225
0.000180226
0.000180226
0.000180226
0.000180226
0.000180226
0.000180226
0.000180226
0.000180226
0.000180226
0.000180215
0.000180215
0.000180215
0.000180214
0.000180214
0.000180214
0.000180214
0.000180214
0.000180214
0.000180214
0.000180214
0.000180214
0.000180214
0.000180214
0.000180214
0.000180213
0.000180213
0.000180213
0.000180213
0.000180213
0.000180213
0.000180212
0.000180212
0.000180212
0.000180212
0.000180211
0.000180211
0.000180211
0.000180211
0.00018021
0.00018021
0.00018021
0.00018021
0.000180209
0.000180209
0.000180209
0.000180209
0.000180208
0.000180208
0.000180208
0.000180207
0.000180207
0.000180207
0.000180206
0.000180206
0.000180206
0.000180205
0.000180205
0.000180205
0.000180204
0.000180204
0.000180204
0.000180203
0.000180203
0.000180202
0.000180201
0.000180194
0.000180166
0.000180052
0.000179632
0.00017824
0.0001742
0.000164406
0.000145841
0.000119955
9.21283e-05
5.39837e-05
3.57482e-05
3.91387e-05
4.1663e-05
4.21822e-05
4.07418e-05
3.77858e-05
3.54322e-05
6.82658e-05
0.00010161
0.000131253
0.000155759
0.000170352
0.000176846
0.000179194
0.000179927
0.000180131
0.000180183
0.000180194
0.000180195
0.000180188
0.000180155
0.000180023
0.000179534
0.00017791
0.000173219
0.000161974
0.000141235
0.000113539
8.40812e-05
3.98372e-05
3.64743e-05
3.98222e-05
4.19369e-05
4.20779e-05
4.02857e-05
3.71233e-05
3.61485e-05
7.66451e-05
0.000107695
0.000136351
0.000158875
0.000171725
0.000177323
0.000179333
0.000179961
0.000180137
0.000180182
0.000180192
0.000180192
0.000180185
0.000180149
0.000180004
0.000179471
0.000177713
0.000172671
0.000160719
0.000139028
0.000110574
7.98485e-05
3.66853e-05
3.68609e-05
4.00597e-05
4.20271e-05
4.20659e-05
4.00955e-05
3.66899e-05
4.07982e-05
8.29225e-05
0.000111703
0.000139197
0.000160476
0.000172431
0.000177582
0.000179417
0.000179987
0.000180145
0.000180186
0.000180196
0.000180198
0.000180199
0.000180199
0.000180199
0.000180199
0.0001802
0.0001802
0.0001802
0.0001802
0.000180201
0.000180201
0.000180201
0.000180201
0.000180202
0.000180202
0.000180202
0.000180202
0.000180203
0.000180203
0.000180203
0.000180203
0.000180204
0.000180204
0.000180204
0.000180204
0.000180204
0.000180205
0.000180205
0.000180205
0.000180205
0.000180205
0.000180206
0.000180206
0.000180206
0.000180206
0.000180206
0.000180206
0.000180207
0.000180207
0.000180207
0.000180207
0.000180207
0.000180207
0.000180207
0.000180207
0.000180207
0.000180207
0.000180207
0.000180208
0.000180208
0.000180208
0.000180208
0.000180208
0.000180208
0.000180208
0.000180196
0.000180196
0.000180196
0.000180196
0.000180196
0.000180196
0.000180196
0.000180196
0.000180196
0.000180196
0.000180196
0.000180196
0.000180196
0.000180196
0.000180196
0.000180195
0.000180195
0.000180195
0.000180195
0.000180195
0.000180195
0.000180194
0.000180194
0.000180194
0.000180194
0.000180194
0.000180193
0.000180193
0.000180193
0.000180193
0.000180192
0.000180192
0.000180192
0.000180192
0.000180191
0.000180191
0.000180191
0.00018019
0.00018019
0.00018019
0.000180189
0.000180189
0.000180189
0.000180188
0.000180188
0.000180188
0.000180187
0.000180187
0.000180187
0.000180186
0.000180186
0.000180186
0.000180185
0.000180185
0.000180184
0.000180183
0.000180176
0.000180148
0.000180035
0.000179614
0.000178216
0.00017416
0.000164331
0.000145749
0.000119913
9.21832e-05
5.41911e-05
3.56896e-05
3.90717e-05
4.16213e-05
4.21594e-05
4.07263e-05
3.77639e-05
3.54014e-05
6.84274e-05
0.000101796
0.000131482
0.000155945
0.000170446
0.000176875
0.000179192
0.000179914
0.000180115
0.000180165
0.000180177
0.000180178
0.00018017
0.000180138
0.000180005
0.000179513
0.000177885
0.000173184
0.000161927
0.000141185
0.0001135
8.40491e-05
3.97561e-05
3.64547e-05
3.98088e-05
4.19249e-05
4.20651e-05
4.02706e-05
3.71032e-05
3.61041e-05
7.66364e-05
0.000107689
0.000136333
0.000158847
0.000171698
0.000177299
0.000179313
0.000179942
0.000180119
0.000180164
0.000180174
0.000180175
0.000180167
0.000180132
0.000179988
0.000179457
0.000177709
0.000172693
0.000160791
0.000139158
0.000110731
8.00363e-05
3.67074e-05
3.68216e-05
4.00314e-05
4.20107e-05
4.20591e-05
4.00978e-05
3.66951e-05
4.02903e-05
8.24015e-05
0.000111274
0.000138851
0.000160262
0.000172324
0.000177532
0.000179389
0.000179966
0.000180127
0.000180168
0.000180178
0.00018018
0.000180181
0.000180181
0.000180181
0.000180182
0.000180182
0.000180182
0.000180182
0.000180183
0.000180183
0.000180183
0.000180183
0.000180184
0.000180184
0.000180184
0.000180184
0.000180185
0.000180185
0.000180185
0.000180185
0.000180185
0.000180186
0.000180186
0.000180186
0.000180186
0.000180186
0.000180187
0.000180187
0.000180187
0.000180187
0.000180187
0.000180188
0.000180188
0.000180188
0.000180188
0.000180188
0.000180188
0.000180188
0.000180189
0.000180189
0.000180189
0.000180189
0.000180189
0.000180189
0.000180189
0.000180189
0.000180189
0.000180189
0.000180189
0.000180189
0.000180189
0.00018019
0.00018019
0.00018019
0.00018019
0.000180178
0.000180178
0.000180178
0.000180178
0.000180178
0.000180178
0.000180178
0.000180178
0.000180178
0.000180178
0.000180178
0.000180178
0.000180178
0.000180178
0.000180178
0.000180177
0.000180177
0.000180177
0.000180177
0.000180177
0.000180177
0.000180176
0.000180176
0.000180176
0.000180176
0.000180176
0.000180175
0.000180175
0.000180175
0.000180175
0.000180174
0.000180174
0.000180174
0.000180174
0.000180173
0.000180173
0.000180173
0.000180172
0.000180172
0.000180172
0.000180172
0.000180171
0.000180171
0.000180171
0.00018017
0.00018017
0.00018017
0.000180169
0.000180169
0.000180169
0.000180168
0.000180168
0.000180168
0.000180167
0.000180167
0.000180165
0.000180159
0.000180131
0.000180018
0.000179599
0.0001782
0.00017413
0.000164274
0.000145674
0.000119895
9.22893e-05
5.45494e-05
3.56212e-05
3.89873e-05
4.15699e-05
4.21325e-05
4.07088e-05
3.77386e-05
3.53719e-05
6.86956e-05
0.000102095
0.000131841
0.000156228
0.000170589
0.000176921
0.000179195
0.000179902
0.000180099
0.000180148
0.000180159
0.00018016
0.000180153
0.00018012
0.000179986
0.000179493
0.00017786
0.000173149
0.000161879
0.000141133
0.000113459
8.40152e-05
3.96737e-05
3.64351e-05
3.97954e-05
4.1913e-05
4.20526e-05
4.02559e-05
3.70834e-05
3.60594e-05
7.66229e-05
0.000107677
0.00013631
0.000158815
0.000171668
0.000177276
0.000179293
0.000179924
0.000180101
0.000180146
0.000180157
0.000180158
0.00018015
0.000180115
0.000179971
0.000179444
0.000177705
0.000172712
0.000160856
0.000139278
0.000110878
8.02109e-05
3.67269e-05
3.67836e-05
4.00044e-05
4.19948e-05
4.20521e-05
4.00995e-05
3.67001e-05
3.9808e-05
8.18858e-05
0.000110857
0.000138513
0.000160053
0.00017222
0.000177482
0.000179361
0.000179945
0.000180109
0.00018015
0.00018016
0.000180162
0.000180163
0.000180163
0.000180164
0.000180164
0.000180164
0.000180164
0.000180165
0.000180165
0.000180165
0.000180165
0.000180166
0.000180166
0.000180166
0.000180166
0.000180166
0.000180167
0.000180167
0.000180167
0.000180167
0.000180168
0.000180168
0.000180168
0.000180168
0.000180168
0.000180168
0.000180169
0.000180169
0.000180169
0.000180169
0.000180169
0.00018017
0.00018017
0.00018017
0.00018017
0.00018017
0.00018017
0.00018017
0.00018017
0.000180171
0.000180171
0.000180171
0.000180171
0.000180171
0.000180171
0.000180171
0.000180171
0.000180171
0.000180171
0.000180171
0.000180171
0.000180171
0.000180171
0.000180171
0.000180171
0.00018016
0.00018016
0.00018016
0.00018016
0.00018016
0.00018016
0.00018016
0.00018016
0.00018016
0.00018016
0.00018016
0.00018016
0.00018016
0.00018016
0.00018016
0.000180159
0.000180159
0.000180159
0.000180159
0.000180159
0.000180159
0.000180158
0.000180158
0.000180158
0.000180158
0.000180158
0.000180157
0.000180157
0.000180157
0.000180157
0.000180157
0.000180156
0.000180156
0.000180156
0.000180155
0.000180155
0.000180155
0.000180155
0.000180154
0.000180154
0.000180154
0.000180153
0.000180153
0.000180153
0.000180153
0.000180152
0.000180152
0.000180152
0.000180151
0.000180151
0.000180151
0.00018015
0.00018015
0.00018015
0.000180149
0.000180147
0.000180141
0.000180114
0.000180004
0.000179589
0.000178198
0.00017413
0.000164251
0.000145632
0.000119915
9.24628e-05
5.51144e-05
3.55417e-05
3.88791e-05
4.15048e-05
4.20995e-05
4.06873e-05
3.77071e-05
3.53449e-05
6.91417e-05
0.000102577
0.000132396
0.000156647
0.000170796
0.00017699
0.000179205
0.000179892
0.000180083
0.000180131
0.000180142
0.000180142
0.000180135
0.000180102
0.000179968
0.000179473
0.000177835
0.000173112
0.000161829
0.000141078
0.000113416
8.39801e-05
3.95902e-05
3.64154e-05
3.97819e-05
4.19012e-05
4.20404e-05
4.02415e-05
3.7064e-05
3.60144e-05
7.66038e-05
0.000107659
0.00013628
0.000158779
0.000171637
0.000177251
0.000179272
0.000179906
0.000180083
0.000180129
0.000180139
0.00018014
0.000180133
0.000180097
0.000179955
0.00017943
0.000177699
0.000172727
0.000160914
0.000139388
0.000111014
8.03734e-05
3.67437e-05
3.67469e-05
3.99784e-05
4.19794e-05
4.20452e-05
4.01008e-05
3.67051e-05
3.93526e-05
8.13781e-05
0.000110452
0.000138186
0.000159848
0.000172117
0.000177433
0.000179334
0.000179925
0.00018009
0.000180132
0.000180142
0.000180145
0.000180145
0.000180146
0.000180146
0.000180146
0.000180146
0.000180147
0.000180147
0.000180147
0.000180147
0.000180147
0.000180148
0.000180148
0.000180148
0.000180148
0.000180149
0.000180149
0.000180149
0.000180149
0.000180149
0.00018015
0.00018015
0.00018015
0.00018015
0.00018015
0.00018015
0.000180151
0.000180151
0.000180151
0.000180151
0.000180151
0.000180151
0.000180152
0.000180152
0.000180152
0.000180152
0.000180152
0.000180152
0.000180152
0.000180152
0.000180153
0.000180153
0.000180153
0.000180153
0.000180153
0.000180153
0.000180153
0.000180153
0.000180153
0.000180153
0.000180153
0.000180153
0.000180153
0.000180153
0.000180153
0.000180142
0.000180142
0.000180142
0.000180142
0.000180142
0.000180142
0.000180142
0.000180142
0.000180142
0.000180142
0.000180142
0.000180142
0.000180142
0.000180142
0.000180142
0.000180141
0.000180141
0.000180141
0.000180141
0.000180141
0.000180141
0.00018014
0.00018014
0.00018014
0.00018014
0.00018014
0.00018014
0.000180139
0.000180139
0.000180139
0.000180139
0.000180138
0.000180138
0.000180138
0.000180138
0.000180137
0.000180137
0.000180137
0.000180136
0.000180136
0.000180136
0.000180136
0.000180135
0.000180135
0.000180135
0.000180134
0.000180134
0.000180134
0.000180133
0.000180133
0.000180133
0.000180133
0.000180132
0.000180132
0.000180131
0.00018013
0.000180124
0.000180098
0.000179992
0.000179589
0.000178223
0.000174189
0.000164326
0.00014569
0.000120012
9.2732e-05
5.59689e-05
3.5451e-05
3.87384e-05
4.14207e-05
4.20574e-05
4.06592e-05
3.76656e-05
3.53227e-05
6.9863e-05
0.000103334
0.000133225
0.000157246
0.000171082
0.000177086
0.000179223
0.000179884
0.000180067
0.000180114
0.000180124
0.000180125
0.000180118
0.000180084
0.000179949
0.000179452
0.000177809
0.000173076
0.000161778
0.000141021
0.000113372
8.39444e-05
3.95059e-05
3.63957e-05
3.97683e-05
4.18893e-05
4.20283e-05
4.02276e-05
3.70451e-05
3.59689e-05
7.65784e-05
0.000107634
0.000136242
0.000158738
0.000171603
0.000177225
0.000179252
0.000179887
0.000180066
0.000180111
0.000180122
0.000180123
0.000180115
0.00018008
0.000179938
0.000179416
0.000177692
0.000172741
0.000160967
0.00013949
0.00011114
8.0525e-05
3.67578e-05
3.67114e-05
3.99535e-05
4.19644e-05
4.20381e-05
4.01016e-05
3.67101e-05
3.89248e-05
8.08811e-05
0.000110062
0.00013787
0.00015965
0.000172017
0.000177384
0.000179306
0.000179905
0.000180072
0.000180114
0.000180125
0.000180127
0.000180128
0.000180128
0.000180128
0.000180128
0.000180129
0.000180129
0.000180129
0.000180129
0.000180129
0.00018013
0.00018013
0.00018013
0.00018013
0.00018013
0.000180131
0.000180131
0.000180131
0.000180131
0.000180131
0.000180132
0.000180132
0.000180132
0.000180132
0.000180132
0.000180133
0.000180133
0.000180133
0.000180133
0.000180133
0.000180133
0.000180133
0.000180134
0.000180134
0.000180134
0.000180134
0.000180134
0.000180134
0.000180134
0.000180134
0.000180135
0.000180135
0.000180135
0.000180135
0.000180135
0.000180135
0.000180135
0.000180135
0.000180135
0.000180135
0.000180135
0.000180135
0.000180135
0.000180135
0.000180135
0.000180124
0.000180124
0.000180124
0.000180124
0.000180124
0.000180124
0.000180124
0.000180124
0.000180124
0.000180124
0.000180124
0.000180124
0.000180124
0.000180124
0.000180124
0.000180123
0.000180123
0.000180123
0.000180123
0.000180123
0.000180123
0.000180123
0.000180122
0.000180122
0.000180122
0.000180122
0.000180122
0.000180121
0.000180121
0.000180121
0.000180121
0.00018012
0.00018012
0.00018012
0.00018012
0.000180119
0.000180119
0.000180119
0.000180119
0.000180118
0.000180118
0.000180118
0.000180117
0.000180117
0.000180117
0.000180117
0.000180116
0.000180116
0.000180116
0.000180115
0.000180115
0.000180115
0.000180114
0.000180114
0.000180114
0.000180112
0.000180107
0.000180083
0.000179984
0.000179605
0.000178295
0.000174363
0.000164605
0.000145985
0.000120289
9.31545e-05
5.72405e-05
3.53522e-05
3.85528e-05
4.13097e-05
4.20019e-05
4.06202e-05
3.76083e-05
3.53099e-05
7.09845e-05
0.000104482
0.000134417
0.000158062
0.000171457
0.00017721
0.000179247
0.000179876
0.000180052
0.000180097
0.000180107
0.000180107
0.0001801
0.000180067
0.000179931
0.000179432
0.000177783
0.000173038
0.000161726
0.000140964
0.000113327
8.3909e-05
3.94212e-05
3.63758e-05
3.97545e-05
4.18775e-05
4.20166e-05
4.02142e-05
3.70266e-05
3.59227e-05
7.65444e-05
0.000107601
0.000136196
0.000158691
0.000171566
0.000177199
0.000179231
0.000179868
0.000180048
0.000180094
0.000180104
0.000180105
0.000180098
0.000180063
0.000179922
0.000179401
0.000177685
0.000172751
0.000161015
0.000139584
0.000111258
8.06669e-05
3.67691e-05
3.6677e-05
3.99294e-05
4.19499e-05
4.20311e-05
4.01022e-05
3.67151e-05
3.85253e-05
8.03981e-05
0.000109687
0.000137566
0.000159457
0.000171918
0.000177336
0.000179279
0.000179884
0.000180053
0.000180097
0.000180107
0.000180109
0.00018011
0.00018011
0.00018011
0.000180111
0.000180111
0.000180111
0.000180111
0.000180111
0.000180112
0.000180112
0.000180112
0.000180112
0.000180112
0.000180113
0.000180113
0.000180113
0.000180113
0.000180113
0.000180113
0.000180114
0.000180114
0.000180114
0.000180114
0.000180114
0.000180115
0.000180115
0.000180115
0.000180115
0.000180115
0.000180115
0.000180115
0.000180116
0.000180116
0.000180116
0.000180116
0.000180116
0.000180116
0.000180116
0.000180116
0.000180116
0.000180117
0.000180117
0.000180117
0.000180117
0.000180117
0.000180117
0.000180117
0.000180117
0.000180117
0.000180117
0.000180117
0.000180117
0.000180117
0.000180117
0.000180106
0.000180106
0.000180106
0.000180106
0.000180106
0.000180106
0.000180106
0.000180106
0.000180106
0.000180106
0.000180106
0.000180106
0.000180106
0.000180106
0.000180106
0.000180105
0.000180105
0.000180105
0.000180105
0.000180105
0.000180105
0.000180105
0.000180104
0.000180104
0.000180104
0.000180104
0.000180104
0.000180103
0.000180103
0.000180103
0.000180103
0.000180103
0.000180102
0.000180102
0.000180102
0.000180102
0.000180101
0.000180101
0.000180101
0.000180101
0.0001801
0.0001801
0.0001801
0.000180099
0.000180099
0.000180099
0.000180098
0.000180098
0.000180098
0.000180098
0.000180097
0.000180097
0.000180097
0.000180096
0.000180096
0.000180095
0.00018009
0.000180069
0.000179982
0.000179641
0.00017844
0.000174743
0.000165303
0.00014683
0.000121005
9.38668e-05
5.91379e-05
3.52563e-05
3.83056e-05
4.11606e-05
4.19267e-05
4.05641e-05
3.75269e-05
3.53163e-05
7.26922e-05
0.000106174
0.000136067
0.000159123
0.000171922
0.000177357
0.000179275
0.000179869
0.000180036
0.000180079
0.000180089
0.00018009
0.000180082
0.000180049
0.000179912
0.000179411
0.000177757
0.000173002
0.000161674
0.000140907
0.000113283
8.38748e-05
3.93366e-05
3.63557e-05
3.97405e-05
4.18656e-05
4.20051e-05
4.02013e-05
3.70088e-05
3.58757e-05
7.65026e-05
0.000107559
0.000136141
0.000158637
0.000171526
0.000177171
0.000179209
0.00017985
0.00018003
0.000180076
0.000180087
0.000180088
0.00018008
0.000180046
0.000179905
0.000179386
0.000177676
0.000172759
0.000161057
0.000139669
0.000111368
8.07998e-05
3.67777e-05
3.66436e-05
3.99063e-05
4.19358e-05
4.20241e-05
4.01024e-05
3.67201e-05
3.81541e-05
7.99334e-05
0.000109328
0.000137275
0.000159271
0.000171822
0.000177289
0.000179251
0.000179864
0.000180035
0.000180079
0.000180089
0.000180092
0.000180092
0.000180092
0.000180093
0.000180093
0.000180093
0.000180093
0.000180093
0.000180094
0.000180094
0.000180094
0.000180094
0.000180094
0.000180095
0.000180095
0.000180095
0.000180095
0.000180095
0.000180095
0.000180096
0.000180096
0.000180096
0.000180096
0.000180096
0.000180096
0.000180097
0.000180097
0.000180097
0.000180097
0.000180097
0.000180097
0.000180097
0.000180097
0.000180098
0.000180098
0.000180098
0.000180098
0.000180098
0.000180098
0.000180098
0.000180098
0.000180098
0.000180099
0.000180099
0.000180099
0.000180099
0.000180099
0.000180099
0.000180099
0.000180099
0.000180099
0.000180099
0.000180099
0.000180099
0.000180099
0.000180088
0.000180088
0.000180088
0.000180088
0.000180088
0.000180088
0.000180088
0.000180088
0.000180088
0.000180088
0.000180088
0.000180088
0.000180088
0.000180088
0.000180088
0.000180087
0.000180087
0.000180087
0.000180087
0.000180087
0.000180087
0.000180087
0.000180086
0.000180086
0.000180086
0.000180086
0.000180086
0.000180086
0.000180085
0.000180085
0.000180085
0.000180085
0.000180084
0.000180084
0.000180084
0.000180084
0.000180083
0.000180083
0.000180083
0.000180083
0.000180082
0.000180082
0.000180082
0.000180082
0.000180081
0.000180081
0.000180081
0.00018008
0.00018008
0.00018008
0.000180079
0.000180079
0.000180079
0.000180079
0.000180078
0.000180077
0.000180074
0.000180057
0.000179987
0.000179706
0.00017869
0.000175447
0.000166774
0.000148888
0.000122819
9.52533e-05
6.20408e-05
3.51935e-05
3.79745e-05
4.09577e-05
4.18224e-05
4.04807e-05
3.74083e-05
3.5362e-05
7.52361e-05
0.000108593
0.000138249
0.000160429
0.000172461
0.000177519
0.000179303
0.00017986
0.000180019
0.000180061
0.000180071
0.000180072
0.000180065
0.000180031
0.000179894
0.000179391
0.000177731
0.000172965
0.000161624
0.000140852
0.000113241
8.38433e-05
3.92527e-05
3.63353e-05
3.97261e-05
4.18537e-05
4.19939e-05
4.0189e-05
3.69914e-05
3.5828e-05
7.64516e-05
0.000107506
0.000136076
0.000158577
0.000171483
0.000177142
0.000179188
0.000179831
0.000180012
0.000180059
0.000180069
0.00018007
0.000180063
0.000180028
0.000179888
0.000179371
0.000177666
0.000172765
0.000161093
0.000139747
0.000111471
8.09245e-05
3.67836e-05
3.6611e-05
3.9884e-05
4.19221e-05
4.2017e-05
4.01024e-05
3.67252e-05
3.78112e-05
7.94892e-05
0.000108991
0.000136998
0.000159091
0.000171728
0.000177243
0.000179224
0.000179843
0.000180017
0.000180061
0.000180071
0.000180074
0.000180074
0.000180075
0.000180075
0.000180075
0.000180075
0.000180075
0.000180076
0.000180076
0.000180076
0.000180076
0.000180076
0.000180076
0.000180077
0.000180077
0.000180077
0.000180077
0.000180077
0.000180077
0.000180078
0.000180078
0.000180078
0.000180078
0.000180078
0.000180078
0.000180079
0.000180079
0.000180079
0.000180079
0.000180079
0.000180079
0.000180079
0.000180079
0.00018008
0.00018008
0.00018008
0.00018008
0.00018008
0.00018008
0.00018008
0.00018008
0.00018008
0.00018008
0.00018008
0.000180081
0.000180081
0.000180081
0.000180081
0.000180081
0.000180081
0.000180081
0.000180081
0.000180081
0.000180081
0.000180081
0.00018007
0.00018007
0.00018007
0.00018007
0.00018007
0.00018007
0.00018007
0.00018007
0.00018007
0.00018007
0.00018007
0.00018007
0.00018007
0.00018007
0.00018007
0.00018007
0.000180069
0.000180069
0.000180069
0.000180069
0.000180069
0.000180069
0.000180069
0.000180068
0.000180068
0.000180068
0.000180068
0.000180068
0.000180067
0.000180067
0.000180067
0.000180067
0.000180067
0.000180066
0.000180066
0.000180066
0.000180066
0.000180065
0.000180065
0.000180065
0.000180065
0.000180064
0.000180064
0.000180064
0.000180063
0.000180063
0.000180063
0.000180063
0.000180062
0.000180062
0.000180062
0.000180061
0.000180061
0.000180061
0.000180061
0.00018006
0.000180058
0.000180047
0.00018
0.000179804
0.000179066
0.000176581
0.000169451
0.000153301
0.000127343
9.8497e-05
6.68388e-05
3.52458e-05
3.75318e-05
4.06794e-05
4.16763e-05
4.03542e-05
3.72352e-05
3.54905e-05
7.89018e-05
0.000111903
0.000140963
0.000161924
0.000173036
0.000177677
0.000179325
0.000179848
0.000180001
0.000180043
0.000180053
0.000180054
0.000180047
0.000180013
0.000179875
0.00017937
0.000177706
0.00017293
0.000161575
0.000140799
0.000113202
8.38161e-05
3.917e-05
3.63144e-05
3.97114e-05
4.18416e-05
4.1983e-05
4.01776e-05
3.6975e-05
3.57794e-05
7.6391e-05
0.000107443
0.000136
0.000158509
0.000171437
0.000177112
0.000179166
0.000179812
0.000179994
0.000180041
0.000180052
0.000180053
0.000180045
0.000180011
0.000179871
0.000179356
0.000177655
0.000172767
0.000161125
0.000139817
0.000111565
8.10419e-05
3.67869e-05
3.65793e-05
3.98623e-05
4.19088e-05
4.20099e-05
4.01021e-05
3.67302e-05
3.7496e-05
7.90672e-05
0.000108677
0.000136736
0.000158918
0.000171636
0.000177196
0.000179197
0.000179823
0.000179998
0.000180043
0.000180054
0.000180056
0.000180057
0.000180057
0.000180057
0.000180057
0.000180057
0.000180058
0.000180058
0.000180058
0.000180058
0.000180058
0.000180058
0.000180059
0.000180059
0.000180059
0.000180059
0.000180059
0.000180059
0.00018006
0.00018006
0.00018006
0.00018006
0.00018006
0.00018006
0.00018006
0.000180061
0.000180061
0.000180061
0.000180061
0.000180061
0.000180061
0.000180061
0.000180061
0.000180062
0.000180062
0.000180062
0.000180062
0.000180062
0.000180062
0.000180062
0.000180062
0.000180062
0.000180062
0.000180062
0.000180062
0.000180063
0.000180063
0.000180063
0.000180063
0.000180063
0.000180063
0.000180063
0.000180063
0.000180063
0.000180063
0.000180052
0.000180052
0.000180052
0.000180052
0.000180052
0.000180052
0.000180052
0.000180052
0.000180052
0.000180052
0.000180052
0.000180052
0.000180052
0.000180052
0.000180052
0.000180052
0.000180051
0.000180051
0.000180051
0.000180051
0.000180051
0.000180051
0.000180051
0.00018005
0.00018005
0.00018005
0.00018005
0.00018005
0.00018005
0.000180049
0.000180049
0.000180049
0.000180049
0.000180049
0.000180048
0.000180048
0.000180048
0.000180048
0.000180047
0.000180047
0.000180047
0.000180047
0.000180046
0.000180046
0.000180046
0.000180045
0.000180045
0.000180045
0.000180045
0.000180044
0.000180044
0.000180044
0.000180044
0.000180044
0.000180044
0.000180044
0.000180044
0.000180042
0.000180026
0.000179942
0.000179572
0.000178158
0.000173548
0.000161354
0.000137758
0.000107234
7.62665e-05
3.56264e-05
3.69654e-05
4.03002e-05
4.14697e-05
4.01549e-05
3.69855e-05
3.5796e-05
8.38741e-05
0.000116082
0.000144041
0.000163467
0.000173574
0.000177803
0.00017933
0.00017983
0.000179981
0.000180024
0.000180035
0.000180036
0.000180029
0.000179995
0.000179857
0.00017935
0.000177681
0.000172896
0.000161529
0.000140751
0.000113168
8.37935e-05
3.90893e-05
3.6293e-05
3.96962e-05
4.18295e-05
4.19724e-05
4.01666e-05
3.69593e-05
3.57296e-05
7.63203e-05
0.000107369
0.000135912
0.000158433
0.000171386
0.00017708
0.000179143
0.000179793
0.000179976
0.000180024
0.000180034
0.000180035
0.000180028
0.000179993
0.000179854
0.00017934
0.000177643
0.000172767
0.00016115
0.00013988
0.000111653
8.11528e-05
3.67877e-05
3.65483e-05
3.98414e-05
4.18958e-05
4.20028e-05
4.01015e-05
3.67351e-05
3.72079e-05
7.86686e-05
0.000108386
0.000136489
0.000158751
0.000171546
0.000177151
0.00017917
0.000179802
0.00017998
0.000180025
0.000180036
0.000180038
0.000180039
0.000180039
0.000180039
0.00018004
0.00018004
0.00018004
0.00018004
0.00018004
0.00018004
0.00018004
0.000180041
0.000180041
0.000180041
0.000180041
0.000180041
0.000180041
0.000180042
0.000180042
0.000180042
0.000180042
0.000180042
0.000180042
0.000180042
0.000180042
0.000180043
0.000180043
0.000180043
0.000180043
0.000180043
0.000180043
0.000180043
0.000180043
0.000180044
0.000180044
0.000180044
0.000180044
0.000180044
0.000180044
0.000180044
0.000180044
0.000180044
0.000180044
0.000180044
0.000180044
0.000180044
0.000180045
0.000180045
0.000180045
0.000180045
0.000180045
0.000180045
0.000180045
0.000180045
0.000180045
0.000180035
0.000180035
0.000180035
0.000180035
0.000180035
0.000180035
0.000180034
0.000180034
0.000180034
0.000180034
0.000180034
0.000180034
0.000180034
0.000180034
0.000180034
0.000180034
0.000180034
0.000180034
0.000180034
0.000180033
0.000180033
0.000180033
0.000180033
0.000180033
0.000180033
0.000180032
0.000180032
0.000180032
0.000180032
0.000180032
0.000180032
0.000180031
0.000180031
0.000180031
0.000180031
0.000180031
0.00018003
0.00018003
0.00018003
0.00018003
0.000180029
0.000180029
0.000180029
0.000180029
0.000180028
0.000180028
0.000180028
0.000180027
0.000180027
0.000180027
0.000180027
0.000180027
0.000180027
0.000180027
0.000180028
0.000180029
0.000180034
0.000180046
0.000180076
0.000180138
0.000180212
0.000180063
0.000178643
0.00017288
0.000157367
0.000129906
9.80414e-05
3.87328e-05
3.61299e-05
3.97559e-05
4.11627e-05
3.98345e-05
3.66263e-05
3.64809e-05
8.9845e-05
0.000120719
0.000147049
0.0001648
0.000173965
0.000177859
0.000179312
0.000179803
0.000179958
0.000180004
0.000180017
0.000180019
0.000180012
0.000179977
0.000179839
0.00017933
0.000177657
0.000172863
0.000161487
0.000140708
0.000113141
8.37791e-05
3.90114e-05
3.62709e-05
3.96803e-05
4.18171e-05
4.19621e-05
4.01562e-05
3.69442e-05
3.56793e-05
7.62397e-05
0.000107284
0.000135811
0.000158347
0.00017133
0.000177046
0.00017912
0.000179774
0.000179959
0.000180006
0.000180017
0.000180018
0.000180011
0.000179976
0.000179837
0.000179323
0.00017763
0.000172763
0.00016117
0.000139934
0.000111735
8.12582e-05
3.67863e-05
3.6518e-05
3.98211e-05
4.18831e-05
4.19956e-05
4.01005e-05
3.67396e-05
3.69457e-05
7.82956e-05
0.000108117
0.000136257
0.000158591
0.000171457
0.000177105
0.000179143
0.000179782
0.000179962
0.000180007
0.000180018
0.000180021
0.000180022
0.000180022
0.000180022
0.000180022
0.000180022
0.000180022
0.000180022
0.000180023
0.000180023
0.000180023
0.000180023
0.000180023
0.000180023
0.000180023
0.000180024
0.000180024
0.000180024
0.000180024
0.000180024
0.000180024
0.000180024
0.000180024
0.000180025
0.000180025
0.000180025
0.000180025
0.000180025
0.000180025
0.000180025
0.000180025
0.000180026
0.000180026
0.000180026
0.000180026
0.000180026
0.000180026
0.000180026
0.000180026
0.000180026
0.000180026
0.000180026
0.000180026
0.000180027
0.000180027
0.000180027
0.000180027
0.000180027
0.000180027
0.000180027
0.000180027
0.000180027
0.000180027
0.000180027
0.000180027
0.000180018
0.000180018
0.000180018
0.000180018
0.000180017
0.000180017
0.000180017
0.000180017
0.000180017
0.000180017
0.000180017
0.000180017
0.000180017
0.000180017
0.000180017
0.000180017
0.000180017
0.000180017
0.000180017
0.000180016
0.000180016
0.000180016
0.000180016
0.000180016
0.000180016
0.000180016
0.000180016
0.000180015
0.000180015
0.000180015
0.000180015
0.000180015
0.000180015
0.000180014
0.000180014
0.000180014
0.000180014
0.000180014
0.000180013
0.000180013
0.000180013
0.000180013
0.000180013
0.000180012
0.000180012
0.000180012
0.000180012
0.000180012
0.000180011
0.000180011
0.000180011
0.000180011
0.000180012
0.000180013
0.000180015
0.000180021
0.000180036
0.000180075
0.000180181
0.000180448
0.000181051
0.000182204
0.000183854
0.000184831
0.000181682
0.000169449
0.000147182
6.69531e-05
3.52694e-05
3.89826e-05
4.05322e-05
3.9303e-05
3.6125e-05
3.79938e-05
9.55235e-05
0.000124714
0.000149252
0.000165573
0.000174109
0.000177824
0.000179255
0.000179764
0.000179933
0.000179985
0.000179999
0.000180002
0.000179995
0.000179961
0.000179822
0.000179312
0.000177635
0.000172834
0.000161449
0.000140673
0.000113122
8.37754e-05
3.89375e-05
3.62478e-05
3.96636e-05
4.18045e-05
4.1952e-05
4.01466e-05
3.69298e-05
3.56281e-05
7.61502e-05
0.000107187
0.000135697
0.000158251
0.000171268
0.00017701
0.000179097
0.000179755
0.000179942
0.00017999
0.000180001
0.000180002
0.000179994
0.00017996
0.00017982
0.000179308
0.000177616
0.000172756
0.000161182
0.00013998
0.00011181
8.13596e-05
3.6783e-05
3.64881e-05
3.98014e-05
4.18708e-05
4.19884e-05
4.00989e-05
3.67434e-05
3.67085e-05
7.79508e-05
0.000107872
0.00013604
0.000158437
0.00017137
0.00017706
0.000179118
0.000179763
0.000179944
0.000179991
0.000180002
0.000180004
0.000180005
0.000180005
0.000180005
0.000180005
0.000180006
0.000180006
0.000180006
0.000180006
0.000180006
0.000180006
0.000180006
0.000180006
0.000180006
0.000180007
0.000180007
0.000180007
0.000180007
0.000180007
0.000180007
0.000180007
0.000180007
0.000180008
0.000180008
0.000180008
0.000180008
0.000180008
0.000180008
0.000180008
0.000180008
0.000180008
0.000180009
0.000180009
0.000180009
0.000180009
0.000180009
0.000180009
0.000180009
0.000180009
0.000180009
0.000180009
0.000180009
0.000180009
0.000180009
0.00018001
0.00018001
0.00018001
0.00018001
0.00018001
0.00018001
0.00018001
0.00018001
0.00018001
0.00018001
0.00018001
0.000180003
0.000180003
0.000180003
0.000180003
0.000180003
0.000180003
0.000180003
0.000180003
0.000180003
0.000180003
0.000180003
0.000180003
0.000180003
0.000180003
0.000180003
0.000180003
0.000180003
0.000180003
0.000180003
0.000180002
0.000180002
0.000180002
0.000180002
0.000180002
0.000180002
0.000180002
0.000180002
0.000180002
0.000180002
0.000180002
0.000180002
0.000180002
0.000180001
0.000180001
0.000180001
0.000180001
0.000180001
0.000180001
0.000180001
0.000180001
0.000180001
0.000180001
0.000180001
0.000180001
0.000180001
0.000180001
0.000180001
0.000180001
0.000180001
0.000180001
0.000180001
0.000180002
0.000180003
0.000180006
0.000180014
0.000180029
0.000180067
0.000180162
0.000180405
0.000180989
0.000182266
0.000184732
0.000188817
0.000194228
0.000198686
0.000198956
0.000193133
0.00013503
0.000106241
4.74247e-05
3.72048e-05
3.83943e-05
3.55178e-05
4.09388e-05
9.84387e-05
0.000126527
0.000150033
0.00016566
0.000173904
0.000177636
0.000179151
0.000179715
0.000179909
0.000179969
0.000179986
0.000179989
0.000179982
0.000179948
0.000179809
0.000179297
0.000177616
0.000172809
0.000161418
0.000140647
0.000113115
8.37859e-05
3.88691e-05
3.62236e-05
3.9646e-05
4.17915e-05
4.19423e-05
4.01376e-05
3.6916e-05
3.55764e-05
7.60537e-05
0.000107081
0.00013557
0.000158144
0.000171202
0.000176975
0.000179076
0.00017974
0.000179928
0.000179976
0.000179988
0.000179988
0.000179981
0.000179947
0.000179807
0.000179294
0.000177604
0.000172748
0.000161189
0.000140019
0.00011188
8.14595e-05
3.67783e-05
3.64587e-05
3.97823e-05
4.18587e-05
4.1981e-05
4.00967e-05
3.67462e-05
3.64951e-05
7.7638e-05
0.000107652
0.000135838
0.000158289
0.000171287
0.000177019
0.000179095
0.000179747
0.00017993
0.000179977
0.000179988
0.000179991
0.000179991
0.000179992
0.000179992
0.000179992
0.000179992
0.000179992
0.000179992
0.000179992
0.000179992
0.000179992
0.000179992
0.000179993
0.000179993
0.000179993
0.000179993
0.000179993
0.000179993
0.000179993
0.000179993
0.000179993
0.000179993
0.000179994
0.000179994
0.000179994
0.000179994
0.000179994
0.000179994
0.000179994
0.000179994
0.000179994
0.000179994
0.000179995
0.000179995
0.000179995
0.000179995
0.000179995
0.000179995
0.000179995
0.000179995
0.000179995
0.000179995
0.000179995
0.000179995
0.000179995
0.000179995
0.000179995
0.000179995
0.000179995
0.000179996
0.000179996
0.000179996
0.000179996
0.000179996
0.000179996
0.000179998
0.000179998
0.000179998
0.000179998
0.000179998
0.000179998
0.000179998
0.000179998
0.000179998
0.000179998
0.000179999
0.000179999
0.000179999
0.000179999
0.000179999
0.000179999
0.000179999
0.000179999
0.000179999
0.000179999
0.000179999
0.000179999
0.000179999
0.000179999
0.00018
0.00018
0.00018
0.00018
0.00018
0.00018
0.000180001
0.000180001
0.000180001
0.000180001
0.000180002
0.000180002
0.000180002
0.000180003
0.000180003
0.000180003
0.000180004
0.000180004
0.000180005
0.000180005
0.000180006
0.000180006
0.000180006
0.000180007
0.000180008
0.000180008
0.000180009
0.000180011
0.000180015
0.000180024
0.000180042
0.000180081
0.000180169
0.000180377
0.000180867
0.000181962
0.000184178
0.000188105
0.00019397
0.000200689
0.000204479
0.000201136
0.000195952
0.000186648
0.00017464
0.000100933
8.27505e-05
3.73041e-05
3.50387e-05
4.69027e-05
9.69929e-05
0.000125399
0.000148942
0.000164629
0.000173219
0.000177291
0.000179014
0.000179673
0.000179895
0.000179966
0.000179986
0.00017999
0.000179983
0.000179948
0.000179808
0.000179295
0.000177609
0.000172793
0.000161395
0.000140632
0.000113124
8.38157e-05
3.88082e-05
3.61979e-05
3.96273e-05
4.17781e-05
4.19327e-05
4.01292e-05
3.69026e-05
3.55244e-05
7.59537e-05
0.000106966
0.000135432
0.000158031
0.000171141
0.000176949
0.000179065
0.000179735
0.000179925
0.000179974
0.000179985
0.000179986
0.000179979
0.000179944
0.000179805
0.000179291
0.000177599
0.000172743
0.000161194
0.000140052
0.000111949
8.15618e-05
3.67732e-05
3.64294e-05
3.97635e-05
4.18469e-05
4.19735e-05
4.00936e-05
3.67476e-05
3.63045e-05
7.73623e-05
0.000107458
0.000135654
0.000158153
0.000171216
0.00017699
0.000179083
0.000179742
0.000179928
0.000179975
0.000179986
0.000179989
0.000179989
0.000179989
0.000179989
0.000179989
0.000179989
0.000179989
0.000179989
0.000179989
0.000179989
0.000179989
0.000179989
0.000179989
0.000179989
0.000179989
0.000179989
0.000179989
0.000179989
0.000179989
0.00017999
0.00017999
0.00017999
0.00017999
0.00017999
0.00017999
0.00017999
0.00017999
0.00017999
0.00017999
0.00017999
0.00017999
0.00017999
0.000179991
0.000179991
0.000179991
0.000179991
0.000179991
0.000179991
0.000179991
0.000179991
0.000179991
0.000179991
0.000179991
0.000179991
0.000179991
0.000179991
0.000179991
0.000179991
0.000179991
0.000179991
0.000179991
0.000179991
0.000179991
0.000179991
0.000179991
0.000180026
0.000180026
0.000180026
0.000180026
0.000180026
0.000180026
0.000180026
0.000180026
0.000180026
0.000180027
0.000180027
0.000180027
0.000180027
0.000180028
0.000180028
0.000180029
0.000180029
0.000180029
0.00018003
0.00018003
0.000180031
0.000180032
0.000180032
0.000180033
0.000180034
0.000180035
0.000180036
0.000180037
0.000180038
0.000180039
0.00018004
0.000180041
0.000180042
0.000180044
0.000180045
0.000180047
0.000180048
0.00018005
0.000180051
0.000180053
0.000180055
0.000180057
0.000180059
0.000180061
0.000180063
0.000180065
0.000180067
0.00018007
0.000180072
0.000180074
0.000180077
0.000180082
0.000180092
0.000180111
0.000180153
0.000180241
0.000180434
0.000180856
0.000181769
0.000183643
0.000187131
0.000192691
0.000199619
0.000204691
0.000202524
0.000193086
0.000182826
0.000174231
0.000165737
0.000145221
0.000117541
5.06849e-05
3.50428e-05
4.65702e-05
9.14414e-05
0.000121407
0.00014591
0.000162625
0.000172164
0.000176866
0.000178906
0.000179664
0.000179928
0.00018001
0.000180032
0.000180035
0.000180027
0.000179991
0.00017985
0.000179334
0.000177641
0.000172812
0.0001614
0.00014064
0.000113156
8.38726e-05
3.87573e-05
3.61702e-05
3.96071e-05
4.17643e-05
4.19234e-05
4.01211e-05
3.68894e-05
3.54729e-05
7.58562e-05
0.00010685
0.000135292
0.000157931
0.000171102
0.00017695
0.000179088
0.000179766
0.000179958
0.000180007
0.000180018
0.000180019
0.000180012
0.000179977
0.000179837
0.000179322
0.000177625
0.000172762
0.000161211
0.00014009
0.000112022
8.16731e-05
3.67688e-05
3.63999e-05
3.9745e-05
4.18353e-05
4.19656e-05
4.00894e-05
3.67469e-05
3.61357e-05
7.71327e-05
0.000107299
0.0001355
0.000158049
0.000171175
0.000176991
0.000179108
0.000179775
0.000179962
0.00018001
0.00018002
0.000180022
0.000180022
0.000180021
0.000180021
0.000180021
0.00018002
0.00018002
0.00018002
0.00018002
0.00018002
0.000180019
0.000180019
0.000180019
0.000180019
0.000180019
0.000180019
0.000180019
0.000180019
0.000180019
0.000180019
0.000180019
0.000180019
0.000180019
0.000180019
0.000180019
0.000180019
0.000180019
0.00018002
0.00018002
0.00018002
0.00018002
0.00018002
0.00018002
0.00018002
0.00018002
0.00018002
0.00018002
0.00018002
0.00018002
0.00018002
0.00018002
0.00018002
0.00018002
0.00018002
0.00018002
0.00018002
0.00018002
0.00018002
0.00018002
0.00018002
0.00018002
0.00018002
0.00018002
0.00018002
0.00018002
0.000180151
0.000180151
0.000180151
0.000180151
0.000180152
0.000180152
0.000180153
0.000180153
0.000180154
0.000180155
0.000180156
0.000180156
0.000180158
0.000180159
0.00018016
0.000180161
0.000180163
0.000180165
0.000180166
0.000180168
0.00018017
0.000180173
0.000180175
0.000180177
0.00018018
0.000180183
0.000180186
0.000180189
0.000180193
0.000180196
0.0001802
0.000180204
0.000180209
0.000180213
0.000180218
0.000180223
0.000180228
0.000180233
0.000180239
0.000180245
0.000180251
0.000180257
0.000180264
0.00018027
0.000180277
0.000180284
0.00018029
0.000180297
0.000180304
0.000180311
0.000180319
0.00018033
0.00018035
0.000180391
0.000180479
0.000180665
0.000181054
0.00018185
0.000183424
0.000186366
0.000191323
0.000198204
0.000204307
0.00020517
0.00019452
0.000181987
0.000170111
0.000159688
0.00014907
0.000128381
8.04987e-05
4.39274e-05
3.55136e-05
4.50717e-05
8.54237e-05
0.00011669
0.000142131
0.000160202
0.000171037
0.000176562
0.000178902
0.000179803
0.000180106
0.000180194
0.000180213
0.000180211
0.000180199
0.00018016
0.000180016
0.000179495
0.00017779
0.000172933
0.000161483
0.000140701
0.000113226
8.39685e-05
3.87206e-05
3.614e-05
3.95851e-05
4.17497e-05
4.19141e-05
4.01133e-05
3.68761e-05
3.54218e-05
7.5769e-05
0.000106746
0.00013518
0.00015788
0.000171135
0.00017705
0.000179217
0.000179904
0.000180097
0.000180146
0.000180156
0.000180156
0.000180149
0.000180114
0.000179974
0.000179456
0.000177749
0.000172862
0.000161283
0.000140157
0.000112112
8.18041e-05
3.67672e-05
3.63698e-05
3.97264e-05
4.18237e-05
4.19574e-05
4.00837e-05
3.67435e-05
3.59882e-05
7.69463e-05
0.000107183
0.000135403
0.000158007
0.000171218
0.000177098
0.000179243
0.000179918
0.000180106
0.000180152
0.000180161
0.000180161
0.00018016
0.000180158
0.000180157
0.000180156
0.000180155
0.000180154
0.000180153
0.000180153
0.000180152
0.000180152
0.000180151
0.000180151
0.00018015
0.00018015
0.00018015
0.00018015
0.00018015
0.00018015
0.000180149
0.000180149
0.000180149
0.000180149
0.000180149
0.000180149
0.000180149
0.000180149
0.000180149
0.000180149
0.000180149
0.000180149
0.000180149
0.000180149
0.000180149
0.000180149
0.000180149
0.000180149
0.000180149
0.000180149
0.000180149
0.000180149
0.000180149
0.000180149
0.000180149
0.000180149
0.000180149
0.000180149
0.000180149
0.000180149
0.000180149
0.000180149
0.000180149
0.000180149
0.000180149
0.000180149
0.000180547
0.000180547
0.000180547
0.000180548
0.000180549
0.00018055
0.000180552
0.000180554
0.000180556
0.000180558
0.00018056
0.000180563
0.000180566
0.00018057
0.000180573
0.000180577
0.000180582
0.000180587
0.000180592
0.000180597
0.000180603
0.00018061
0.000180616
0.000180624
0.000180631
0.00018064
0.000180648
0.000180657
0.000180667
0.000180678
0.000180689
0.0001807
0.000180712
0.000180725
0.000180738
0.000180752
0.000180767
0.000180782
0.000180798
0.000180814
0.000180831
0.000180848
0.000180866
0.000180884
0.000180902
0.000180921
0.000180939
0.000180957
0.000180975
0.000180993
0.000181012
0.000181036
0.000181075
0.000181154
0.000181323
0.00018168
0.000182404
0.000183798
0.000186317
0.000190524
0.000196683
0.000203362
0.000205523
0.000199213
0.000184038
0.000169172
0.000156364
0.000144814
0.00013055
9.97033e-05
7.12433e-05
4.18302e-05
3.58684e-05
4.49906e-05
8.28775e-05
0.000113139
0.00013867
0.000157992
0.000170278
0.00017655
0.000179312
0.000180346
0.000180674
0.000180752
0.000180755
0.000180739
0.000180715
0.000180667
0.000180515
0.000179982
0.000178251
0.000173332
0.000161774
0.000140884
0.000113364
8.41215e-05
3.87032e-05
3.61064e-05
3.95609e-05
4.17342e-05
4.19047e-05
4.01052e-05
3.68619e-05
3.53743e-05
7.57225e-05
0.000106678
0.000135138
0.000157971
0.000171401
0.000177422
0.000179632
0.000180329
0.000180521
0.000180566
0.000180574
0.000180573
0.000180566
0.000180532
0.000180393
0.00017987
0.000178141
0.000173198
0.000161524
0.000140314
0.000112248
8.19717e-05
3.67712e-05
3.63384e-05
3.97075e-05
4.18121e-05
4.19487e-05
4.00764e-05
3.6737e-05
3.58614e-05
7.68706e-05
0.000107153
0.000135404
0.000158143
0.000171513
0.000177491
0.000179674
0.000180358
0.000180544
0.000180585
0.000180589
0.000180586
0.000180581
0.000180577
0.000180573
0.00018057
0.000180567
0.000180565
0.000180563
0.000180561
0.00018056
0.000180559
0.000180557
0.000180557
0.000180556
0.000180555
0.000180555
0.000180554
0.000180554
0.000180553
0.000180553
0.000180553
0.000180553
0.000180552
0.000180552
0.000180552
0.000180552
0.000180552
0.000180552
0.000180552
0.000180552
0.000180552
0.000180552
0.000180552
0.000180552
0.000180552
0.000180552
0.000180552
0.000180552
0.000180552
0.000180551
0.000180551
0.000180551
0.000180551
0.000180551
0.000180551
0.000180551
0.000180551
0.000180551
0.000180551
0.000180551
0.000180551
0.000180551
0.000180551
0.000180551
0.000180551
0.000181602
0.000181603
0.000181604
0.000181606
0.000181609
0.000181612
0.000181615
0.00018162
0.000181625
0.00018163
0.000181637
0.000181644
0.000181652
0.00018166
0.00018167
0.00018168
0.000181691
0.000181703
0.000181716
0.00018173
0.000181744
0.00018176
0.000181777
0.000181795
0.000181815
0.000181835
0.000181857
0.00018188
0.000181904
0.00018193
0.000181957
0.000181985
0.000182015
0.000182046
0.000182079
0.000182113
0.000182149
0.000182186
0.000182225
0.000182265
0.000182306
0.000182348
0.000182391
0.000182435
0.000182479
0.000182523
0.000182567
0.000182611
0.000182653
0.000182694
0.000182736
0.000182784
0.000182856
0.000182995
0.000183288
0.000183906
0.000185134
0.00018738
0.000191101
0.000196517
0.000202794
0.000206034
0.000199896
0.000187076
0.000170726
0.00015555
0.000142631
0.000129404
0.00010757
8.22166e-05
6.13826e-05
4.26828e-05
3.62526e-05
4.52343e-05
8.19158e-05
0.000110667
0.000135932
0.000156545
0.000170183
0.0001775
0.000180687
0.000181828
0.000182142
0.000182177
0.000182136
0.000182083
0.000182031
0.000181962
0.000181793
0.000181237
0.000179449
0.000174389
0.000162561
0.000141349
0.000113631
8.43589e-05
3.87125e-05
3.60686e-05
3.95337e-05
4.17176e-05
4.18948e-05
4.00965e-05
3.68454e-05
3.53297e-05
7.5726e-05
0.000106698
0.000135298
0.000158472
0.000172238
0.000178448
0.000180725
0.000181433
0.00018162
0.000181656
0.000181658
0.000181654
0.000181647
0.000181616
0.000181479
0.000180949
0.000179178
0.000174109
0.000162192
0.000140704
0.000112482
8.22014e-05
3.6785e-05
3.63049e-05
3.96877e-05
4.18e-05
4.19387e-05
4.00654e-05
3.67246e-05
3.57576e-05
7.68841e-05
0.00010724
0.00013566
0.000158723
0.000172407
0.00017856
0.000180805
0.000181498
0.000181676
0.000181706
0.000181701
0.000181688
0.000181676
0.000181666
0.000181658
0.000181651
0.000181645
0.00018164
0.000181635
0.000181632
0.000181629
0.000181626
0.000181624
0.000181622
0.000181621
0.000181619
0.000181618
0.000181617
0.000181616
0.000181616
0.000181615
0.000181615
0.000181615
0.000181614
0.000181614
0.000181614
0.000181614
0.000181614
0.000181614
0.000181614
0.000181614
0.000181614
0.000181614
0.000181614
0.000181614
0.000181614
0.000181614
0.000181614
0.000181614
0.000181614
0.000181614
0.000181614
0.000181614
0.000181614
0.000181614
0.000181614
0.000181614
0.000181614
0.000181614
0.000181614
0.000181614
0.000181614
0.000181614
0.000181614
0.000181614
0.000181614
0.000184057
0.000184058
0.000184061
0.000184065
0.00018407
0.000184077
0.000184085
0.000184094
0.000184105
0.000184118
0.000184132
0.000184147
0.000184165
0.000184184
0.000184204
0.000184227
0.000184251
0.000184277
0.000184305
0.000184336
0.000184368
0.000184403
0.00018444
0.000184479
0.000184521
0.000184566
0.000184613
0.000184663
0.000184715
0.000184771
0.000184829
0.000184891
0.000184955
0.000185023
0.000185093
0.000185167
0.000185244
0.000185323
0.000185406
0.000185491
0.000185578
0.000185668
0.000185759
0.000185852
0.000185946
0.00018604
0.000186133
0.000186224
0.000186313
0.000186399
0.000186482
0.000186573
0.000186696
0.000186917
0.000187375
0.000188331
0.000190195
0.000193458
0.000198401
0.000204396
0.000208596
0.000205741
0.000189007
0.00017172
0.000155494
0.000141783
0.000129166
0.000113485
9.31977e-05
7.54754e-05
5.68092e-05
4.27633e-05
3.66072e-05
4.59271e-05
8.17477e-05
0.000109011
0.000134153
0.000156176
0.000171758
0.000180299
0.000183948
0.000185151
0.000185391
0.00018533
0.0001852
0.000185075
0.000184966
0.000184855
0.000184651
0.000184049
0.00018215
0.000176797
0.000164379
0.000142397
0.000114138
8.47192e-05
3.87579e-05
3.60256e-05
3.95029e-05
4.16992e-05
4.18842e-05
4.00867e-05
3.68269e-05
3.529e-05
7.58143e-05
0.000106881
0.000135907
0.000159837
0.00017427
0.000180828
0.00018322
0.000183942
0.000184113
0.000184133
0.000184122
0.000184112
0.000184105
0.000184081
0.000183951
0.000183409
0.000181557
0.000176228
0.000163772
0.000141596
0.000112912
8.25286e-05
3.68139e-05
3.62683e-05
3.96664e-05
4.17872e-05
4.19279e-05
4.00522e-05
3.67068e-05
3.56656e-05
7.70175e-05
0.000107537
0.000136408
0.000160215
0.00017454
0.000181024
0.000183378
0.000184083
0.000184244
0.000184253
0.000184228
0.000184201
0.000184176
0.000184156
0.000184139
0.000184126
0.000184114
0.000184104
0.000184096
0.00018409
0.000184084
0.00018408
0.000184076
0.000184073
0.00018407
0.000184068
0.000184067
0.000184065
0.000184064
0.000184064
0.000184063
0.000184063
0.000184063
0.000184063
0.000184063
0.000184063
0.000184064
0.000184064
0.000184064
0.000184065
0.000184065
0.000184066
0.000184066
0.000184067
0.000184067
0.000184067
0.000184068
0.000184068
0.000184069
0.000184069
0.000184069
0.00018407
0.00018407
0.00018407
0.00018407
0.000184071
0.000184071
0.000184071
0.000184071
0.000184071
0.000184071
0.000184071
0.000184071
0.000184072
0.000184072
0.000184072
0.00018905
0.000189053
0.000189058
0.000189066
0.000189076
0.000189089
0.000189104
0.000189122
0.000189144
0.000189167
0.000189194
0.000189224
0.000189257
0.000189293
0.000189332
0.000189375
0.000189422
0.000189472
0.000189525
0.000189583
0.000189645
0.000189711
0.000189781
0.000189856
0.000189936
0.00019002
0.00019011
0.000190204
0.000190303
0.000190408
0.000190518
0.000190634
0.000190755
0.000190882
0.000191014
0.000191152
0.000191295
0.000191444
0.000191597
0.000191755
0.000191917
0.000192083
0.000192253
0.000192424
0.000192597
0.000192771
0.000192943
0.000193112
0.000193277
0.000193434
0.000193586
0.000193743
0.000193936
0.000194256
0.000194893
0.000196194
0.00019866
0.000202737
0.000208162
0.000212688
0.000211365
0.000199207
0.000176759
0.000157379
0.000142072
0.00012943
0.000116268
9.94491e-05
8.28536e-05
6.87798e-05
5.75465e-05
4.29993e-05
3.69638e-05
4.69677e-05
8.17818e-05
0.000107926
0.000133467
0.000157676
0.00017592
0.000186079
0.000190292
0.00019153
0.000191634
0.000191416
0.000191141
0.000190897
0.000190695
0.000190512
0.000190246
0.000189561
0.000187458
0.000181564
0.000168016
0.000144489
0.000115057
8.52515e-05
3.88502e-05
3.59764e-05
3.94675e-05
4.16788e-05
4.18725e-05
4.00747e-05
3.68052e-05
3.5257e-05
7.60325e-05
0.000107359
0.000137331
0.000162759
0.000178431
0.000185606
0.000188196
0.000188943
0.000189091
0.000189083
0.000189052
0.000189033
0.000189027
0.000189011
0.00018889
0.000188326
0.000186323
0.00018051
0.000167007
0.000143415
0.000113692
8.2998e-05
3.68639e-05
3.62279e-05
3.96428e-05
4.17733e-05
4.19156e-05
4.00356e-05
3.66831e-05
3.56122e-05
7.7332e-05
0.000108174
0.000138032
0.00016333
0.000178863
0.000185946
0.000188492
0.000189222
0.000189359
0.000189337
0.000189285
0.000189235
0.000189193
0.000189158
0.00018913
0.000189107
0.000189088
0.000189072
0.00018906
0.000189049
0.000189041
0.000189034
0.000189029
0.000189025
0.000189022
0.00018902
0.000189019
0.000189018
0.000189018
0.000189018
0.000189018
0.000189019
0.00018902
0.000189022
0.000189023
0.000189025
0.000189026
0.000189028
0.00018903
0.000189031
0.000189033
0.000189035
0.000189037
0.000189038
0.00018904
0.000189041
0.000189043
0.000189044
0.000189045
0.000189047
0.000189048
0.000189049
0.00018905
0.000189051
0.000189051
0.000189052
0.000189053
0.000189054
0.000189054
0.000189054
0.000189055
0.000189055
0.000189055
0.000189056
0.000189056
0.000189056
0.000197932
0.000197937
0.000197945
0.000197958
0.000197975
0.000197996
0.000198022
0.000198052
0.000198087
0.000198127
0.000198172
0.000198221
0.000198276
0.000198335
0.000198401
0.000198472
0.000198549
0.000198631
0.00019872
0.000198816
0.000198918
0.000199027
0.000199143
0.000199266
0.000199397
0.000199536
0.000199683
0.000199837
0.0002
0.000200172
0.000200352
0.00020054
0.000200738
0.000200944
0.000201158
0.000201381
0.000201613
0.000201852
0.0002021
0.000202354
0.000202615
0.000202881
0.000203153
0.000203428
0.000203705
0.000203983
0.000204259
0.000204531
0.000204796
0.000205051
0.000205296
0.000205539
0.000205819
0.000206235
0.000207007
0.000208505
0.000211169
0.000215039
0.000218623
0.000217561
0.000209756
0.000184868
0.000162258
0.000144083
0.000130236
0.000117923
0.000103728
8.95402e-05
7.78697e-05
6.64881e-05
5.73606e-05
4.31768e-05
3.73259e-05
4.83234e-05
8.19496e-05
0.000107344
0.000133902
0.000161505
0.000183435
0.000195823
0.000200824
0.000202131
0.00020208
0.000201664
0.000201205
0.000200806
0.000200477
0.000200191
0.000199831
0.000199007
0.000196564
0.000189774
0.000174334
0.000148148
0.0001166
8.60083e-05
3.90009e-05
3.59207e-05
3.9427e-05
4.16555e-05
4.18589e-05
4.00608e-05
3.67794e-05
3.52324e-05
7.64249e-05
0.000108287
0.000140005
0.000168027
0.00018577
0.000193966
0.000196891
0.000197695
0.00019782
0.00019778
0.000197724
0.000197692
0.000197686
0.000197679
0.000197562
0.000196946
0.000194681
0.000188047
0.000172752
0.000146664
0.000115017
8.36571e-05
3.69413e-05
3.61829e-05
3.96162e-05
4.17574e-05
4.1901e-05
4.00143e-05
3.66517e-05
3.55741e-05
7.7863e-05
0.000109313
0.000140988
0.000168879
0.000186442
0.000194519
0.000197396
0.000198187
0.000198304
0.00019825
0.000198167
0.000198092
0.00019803
0.00019798
0.00019794
0.000197908
0.000197881
0.00019786
0.000197844
0.000197831
0.00019782
0.000197813
0.000197808
0.000197804
0.000197802
0.000197802
0.000197802
0.000197803
0.000197805
0.000197808
0.000197811
0.000197815
0.000197819
0.000197823
0.000197828
0.000197832
0.000197837
0.000197841
0.000197846
0.00019785
0.000197855
0.000197859
0.000197863
0.000197867
0.000197871
0.000197875
0.000197878
0.000197882
0.000197885
0.000197888
0.00019789
0.000197893
0.000197895
0.000197898
0.0001979
0.000197901
0.000197903
0.000197905
0.000197906
0.000197907
0.000197908
0.000197909
0.00019791
0.00019791
0.00019791
0.000197911
0.000211676
0.000211682
0.000211694
0.000211713
0.000211737
0.000211767
0.000211804
0.000211848
0.000211898
0.000211954
0.000212018
0.000212088
0.000212166
0.000212252
0.000212345
0.000212446
0.000212555
0.000212673
0.0002128
0.000212935
0.00021308
0.000213235
0.000213399
0.000213574
0.000213759
0.000213955
0.000214161
0.000214379
0.000214608
0.000214849
0.000215101
0.000215365
0.000215641
0.000215928
0.000216226
0.000216536
0.000216857
0.000217188
0.00021753
0.00021788
0.000218239
0.000218605
0.000218978
0.000219355
0.000219735
0.000220116
0.000220495
0.000220869
0.000221236
0.00022159
0.00022193
0.000222263
0.000222622
0.000223096
0.000223862
0.000225156
0.000227008
0.000228413
0.000225925
0.000216571
0.000198702
0.000170548
0.000148084
0.00013206
0.000119665
0.000106361
9.24107e-05
8.12704e-05
7.35002e-05
6.70921e-05
5.75102e-05
4.33903e-05
3.7724e-05
5.01113e-05
8.23332e-05
0.000107276
0.000135662
0.000167633
0.000194361
0.000209733
0.000215877
0.000217398
0.000217255
0.000216668
0.000216038
0.000215485
0.000215024
0.000214621
0.000214139
0.000213114
0.000210166
0.000202052
0.00018383
0.000153711
0.000118934
8.70265e-05
3.92193e-05
3.58588e-05
3.93806e-05
4.16287e-05
4.18429e-05
4.00441e-05
3.67497e-05
3.52174e-05
7.70184e-05
0.000109795
0.00014424
0.000176156
0.000196976
0.000206701
0.00021016
0.000211091
0.000211217
0.000211153
0.000211076
0.000211031
0.000211021
0.000211016
0.000210883
0.000210161
0.000207471
0.000199583
0.000181585
0.000151709
0.000117051
8.45404e-05
3.7051e-05
3.61335e-05
3.95858e-05
4.17389e-05
4.18834e-05
3.99879e-05
3.66124e-05
3.55587e-05
7.86452e-05
0.000111105
0.000145609
0.000177387
0.000197958
0.000207521
0.000210924
0.000211848
0.000211977
0.000211905
0.000211801
0.000211708
0.000211632
0.000211572
0.000211523
0.000211485
0.000211455
0.000211432
0.000211414
0.000211401
0.000211392
0.000211386
0.000211384
0.000211383
0.000211385
0.000211388
0.000211392
0.000211398
0.000211404
0.000211412
0.00021142
0.000211428
0.000211437
0.000211446
0.000211455
0.000211464
0.000211473
0.000211482
0.000211491
0.0002115
0.000211508
0.000211516
0.000211524
0.000211532
0.000211539
0.000211546
0.000211553
0.000211559
0.000211565
0.00021157
0.000211576
0.00021158
0.000211585
0.000211589
0.000211593
0.000211596
0.0002116
0.000211602
0.000211605
0.000211607
0.000211609
0.00021161
0.000211612
0.000211613
0.000211613
0.000211613
0.000229941
0.000229949
0.000229963
0.000229985
0.000230015
0.000230052
0.000230096
0.000230148
0.000230209
0.000230277
0.000230353
0.000230438
0.000230532
0.000230635
0.000230747
0.000230869
0.000231
0.000231141
0.000231293
0.000231456
0.000231629
0.000231814
0.000232011
0.000232219
0.000232439
0.000232672
0.000232918
0.000233176
0.000233448
0.000233732
0.00023403
0.00023434
0.000234664
0.000235001
0.00023535
0.000235711
0.000236085
0.00023647
0.000236865
0.00023727
0.000237684
0.000238106
0.000238534
0.000238967
0.000239403
0.00023984
0.000240275
0.000240706
0.000241129
0.000241541
0.000241938
0.000242324
0.000242712
0.000243136
0.000243611
0.000243956
0.000243286
0.000239043
0.000227387
0.000204907
0.000179063
0.000154158
0.000135117
0.000121732
0.000110286
9.72352e-05
8.52917e-05
7.71838e-05
7.38316e-05
6.77078e-05
5.78073e-05
4.3633e-05
3.81939e-05
5.28135e-05
8.29499e-05
0.000107576
0.000138258
0.000175284
0.000207631
0.000226615
0.000234274
0.000236241
0.000236157
0.00023552
0.000234808
0.000234169
0.000233622
0.00023313
0.000232529
0.000231259
0.000227662
0.000217857
0.000196099
0.000160987
0.000122043
8.82966e-05
3.95099e-05
3.57919e-05
3.93282e-05
4.15976e-05
4.18237e-05
4.00242e-05
3.67165e-05
3.52121e-05
7.78202e-05
0.000111904
0.000149948
0.000186892
0.000211693
0.000223444
0.000227663
0.00022882
0.000228998
0.000228937
0.000228853
0.000228801
0.000228784
0.000228765
0.000228583
0.000227677
0.000224379
0.000214806
0.000193262
0.000158444
0.000119806
8.56439e-05
3.71945e-05
3.60802e-05
3.95512e-05
4.17169e-05
4.18619e-05
3.99563e-05
3.65665e-05
3.55681e-05
7.9696e-05
0.000113588
0.000151818
0.000188587
0.000213017
0.000224526
0.000228665
0.000229819
0.000230011
0.000229954
0.000229852
0.00022976
0.000229684
0.000229624
0.000229577
0.000229541
0.000229514
0.000229494
0.00022948
0.000229471
0.000229466
0.000229465
0.000229467
0.000229472
0.000229479
0.000229488
0.000229498
0.000229509
0.000229521
0.000229534
0.000229547
0.000229561
0.000229575
0.00022959
0.000229604
0.000229618
0.000229632
0.000229646
0.000229659
0.000229672
0.000229685
0.000229698
0.000229709
0.000229721
0.000229732
0.000229742
0.000229752
0.000229761
0.00022977
0.000229778
0.000229786
0.000229794
0.0002298
0.000229806
0.000229812
0.000229817
0.000229822
0.000229826
0.00022983
0.000229833
0.000229836
0.000229838
0.00022984
0.000229842
0.000229842
0.000229843
0.000250335
0.000250342
0.000250357
0.000250379
0.000250408
0.000250445
0.000250489
0.000250541
0.000250601
0.000250668
0.000250744
0.000250829
0.000250922
0.000251024
0.000251135
0.000251255
0.000251385
0.000251525
0.000251675
0.000251835
0.000252006
0.000252188
0.000252381
0.000252585
0.000252802
0.000253029
0.000253269
0.000253521
0.000253785
0.000254061
0.00025435
0.00025465
0.000254962
0.000255286
0.000255621
0.000255967
0.000256323
0.000256689
0.000257065
0.000257448
0.000257839
0.000258237
0.000258639
0.000259045
0.000259454
0.000259863
0.00026027
0.000260675
0.000261073
0.000261463
0.000261841
0.000262198
0.000262508
0.000262671
0.000262352
0.0002606
0.000255293
0.000243353
0.000222344
0.000185433
0.000158641
0.000138068
0.00012356
0.000112718
0.000101628
9.05645e-05
8.23845e-05
7.73252e-05
7.40201e-05
6.81228e-05
5.81848e-05
4.3931e-05
3.87498e-05
5.66511e-05
8.35616e-05
0.000108015
0.000141069
0.000183144
0.000221151
0.000243845
0.000253179
0.000255785
0.000255942
0.000255426
0.000254777
0.000254172
0.000253637
0.000253129
0.000252457
0.000250961
0.000246686
0.00023508
0.000209555
0.000169101
0.000125631
8.97335e-05
3.98695e-05
3.57216e-05
3.927e-05
4.15616e-05
4.18006e-05
4.00014e-05
3.66811e-05
3.52152e-05
7.87967e-05
0.000114439
0.000156482
0.000198909
0.000228076
0.000242104
0.000247228
0.0002487
0.000248984
0.000248962
0.000248892
0.000248843
0.000248817
0.00024877
0.000248507
0.000247357
0.000243331
0.000231841
0.000206357
0.000166098
0.00012303
8.68992e-05
3.73684e-05
3.60247e-05
3.95126e-05
4.16907e-05
4.18359e-05
3.99198e-05
3.65155e-05
3.56017e-05
8.09873e-05
0.00011659
0.00015895
0.000201108
0.0002297
0.000243348
0.000248339
0.000249798
0.000250103
0.000250095
0.000250024
0.000249952
0.000249893
0.000249846
0.000249811
0.000249785
0.000249766
0.000249754
0.000249747
0.000249745
0.000249747
0.000249751
0.000249759
0.000249769
0.000249781
0.000249794
0.000249808
0.000249824
0.00024984
0.000249857
0.000249874
0.000249892
0.000249909
0.000249927
0.000249944
0.000249961
0.000249978
0.000249995
0.000250011
0.000250027
0.000250042
0.000250056
0.00025007
0.000250084
0.000250097
0.000250109
0.000250121
0.000250132
0.000250142
0.000250152
0.000250161
0.00025017
0.000250178
0.000250185
0.000250192
0.000250198
0.000250203
0.000250208
0.000250213
0.000250217
0.00025022
0.000250223
0.000250225
0.000250226
0.000250227
0.000250228
0.000269018
0.000269024
0.000269036
0.000269053
0.000269077
0.000269106
0.000269142
0.000269184
0.000269231
0.000269286
0.000269347
0.000269414
0.000269489
0.000269571
0.000269659
0.000269756
0.000269859
0.000269971
0.00027009
0.000270218
0.000270354
0.000270499
0.000270652
0.000270814
0.000270986
0.000271166
0.000271355
0.000271553
0.000271761
0.000271977
0.000272203
0.000272437
0.000272681
0.000272932
0.000273192
0.000273459
0.000273734
0.000274015
0.000274303
0.000274596
0.000274894
0.000275196
0.000275502
0.000275809
0.000276118
0.000276427
0.000276734
0.00027704
0.000277342
0.000277637
0.000277916
0.000278145
0.000278202
0.000277731
0.000275833
0.000270641
0.00025956
0.000239037
0.000206431
0.000168791
0.000142933
0.000125828
0.000114417
0.000105004
9.49186e-05
8.60781e-05
8.03796e-05
7.79111e-05
7.43463e-05
6.85205e-05
5.87105e-05
4.43445e-05
3.93857e-05
5.9539e-05
8.37151e-05
0.000108303
0.000143454
0.00018988
0.000232681
0.000258475
0.00026926
0.000272516
0.000273022
0.000272739
0.000272275
0.000271813
0.000271387
0.000270948
0.000270283
0.000268646
0.000263831
0.000250706
0.000221938
0.00017678
0.000129181
9.11798e-05
4.02866e-05
3.56499e-05
3.92065e-05
4.15201e-05
4.1773e-05
3.99757e-05
3.66451e-05
3.52235e-05
7.98647e-05
0.000117048
0.0001628
0.000210172
0.000243265
0.000259371
0.000265356
0.000267154
0.000267569
0.000267607
0.000267569
0.000267531
0.000267499
0.00026742
0.00026707
0.000265674
0.000260959
0.000247707
0.000218643
0.000173433
0.000126248
8.8171e-05
3.75636e-05
3.59689e-05
3.94703e-05
4.16598e-05
4.1805e-05
3.98786e-05
3.64614e-05
3.56566e-05
8.24278e-05
0.000119736
0.000165916
0.000212858
0.000245092
0.000260623
0.000266388
0.000268143
0.000268571
0.000268628
0.000268599
0.000268559
0.000268524
0.000268497
0.000268477
0.000268464
0.000268456
0.000268452
0.000268453
0.000268456
0.000268462
0.000268471
0.000268481
0.000268493
0.000268506
0.000268521
0.000268536
0.000268552
0.000268568
0.000268585
0.000268602
0.000268619
0.000268636
0.000268653
0.000268669
0.000268685
0.000268701
0.000268717
0.000268732
0.000268747
0.000268761
0.000268774
0.000268787
0.0002688
0.000268812
0.000268823
0.000268834
0.000268844
0.000268854
0.000268863
0.000268872
0.000268879
0.000268887
0.000268894
0.0002689
0.000268906
0.000268911
0.000268915
0.000268919
0.000268923
0.000268926
0.000268928
0.00026893
0.000268932
0.000268933
0.000268933
0.000282889
0.000282893
0.000282901
0.000282912
0.000282927
0.000282946
0.000282969
0.000282996
0.000283027
0.000283062
0.000283102
0.000283145
0.000283194
0.000283246
0.000283304
0.000283366
0.000283433
0.000283505
0.000283582
0.000283664
0.000283751
0.000283844
0.000283943
0.000284046
0.000284156
0.000284271
0.000284392
0.000284518
0.00028465
0.000284787
0.00028493
0.000285079
0.000285232
0.00028539
0.000285553
0.000285721
0.000285892
0.000286068
0.000286247
0.000286428
0.000286613
0.000286799
0.000286987
0.000287176
0.000287366
0.000287555
0.000287744
0.000287931
0.000288115
0.000288289
0.000288424
0.00028842
0.000287961
0.000286269
0.000281829
0.000273136
0.000256086
0.000227155
0.00018275
0.000151479
0.000129706
0.00011603
0.000106869
9.82729e-05
9.00901e-05
8.4231e-05
8.08578e-05
7.82453e-05
7.45523e-05
6.8831e-05
5.93563e-05
4.49044e-05
4.00668e-05
5.98919e-05
8.34225e-05
0.000108229
0.000144994
0.000194731
0.000240959
0.000268809
0.000280541
0.000284274
0.000285096
0.000285055
0.000284804
0.00028452
0.00028424
0.000283915
0.000283314
0.000281641
0.000276523
0.000262441
0.000231497
0.000182975
0.000132204
9.24615e-05
4.07432e-05
3.55782e-05
3.91386e-05
4.1473e-05
4.17405e-05
3.99477e-05
3.66104e-05
3.52327e-05
8.09038e-05
0.000119344
0.000167959
0.000218977
0.000254892
0.000272485
0.000279097
0.000281145
0.00028167
0.000281765
0.000281758
0.000281735
0.000281703
0.000281601
0.000281185
0.000279609
0.000274397
0.000259884
0.000228235
0.000179353
0.000128979
8.92969e-05
3.77663e-05
3.59148e-05
3.94254e-05
4.16239e-05
4.17685e-05
3.98334e-05
3.64061e-05
3.57276e-05
8.38732e-05
0.000122597
0.000171725
0.000222107
0.000256836
0.000273632
0.000279917
0.000281877
0.000282397
0.000282506
0.000282512
0.000282498
0.000282483
0.000282473
0.000282465
0.000282461
0.000282461
0.000282462
0.000282466
0.000282472
0.000282479
0.000282487
0.000282497
0.000282507
0.000282518
0.00028253
0.000282542
0.000282555
0.000282568
0.00028258
0.000282593
0.000282606
0.000282619
0.000282631
0.000282644
0.000282656
0.000282668
0.000282679
0.000282691
0.000282701
0.000282712
0.000282722
0.000282731
0.000282741
0.000282749
0.000282758
0.000282766
0.000282773
0.00028278
0.000282787
0.000282793
0.000282799
0.000282804
0.000282809
0.000282814
0.000282818
0.000282822
0.000282825
0.000282828
0.000282831
0.000282833
0.000282835
0.000282836
0.000282837
0.000282838
0.000282838
0.000291284
0.000291286
0.00029129
0.000291296
0.000291304
0.000291314
0.000291327
0.000291341
0.000291357
0.000291376
0.000291397
0.00029142
0.000291446
0.000291474
0.000291504
0.000291537
0.000291572
0.00029161
0.000291651
0.000291695
0.000291741
0.00029179
0.000291842
0.000291896
0.000291954
0.000292015
0.000292078
0.000292144
0.000292213
0.000292285
0.00029236
0.000292437
0.000292517
0.000292599
0.000292684
0.000292771
0.000292859
0.00029295
0.000293042
0.000293135
0.00029323
0.000293325
0.000293421
0.000293517
0.000293614
0.00029371
0.000293806
0.0002939
0.000293988
0.000294051
0.00029402
0.000293658
0.000292341
0.000288957
0.000281882
0.000267443
0.000242831
0.000206923
0.000165533
0.000136544
0.000118558
0.000108087
0.000100465
9.3153e-05
8.69828e-05
8.3146e-05
8.14407e-05
7.84937e-05
7.45948e-05
6.89986e-05
6.00074e-05
4.56013e-05
4.07706e-05
5.96521e-05
8.27647e-05
0.00010772
0.000145585
0.000197672
0.000246047
0.00027497
0.000287143
0.000291127
0.000292151
0.000292287
0.000292197
0.000292056
0.0002919
0.000291677
0.000291154
0.000289511
0.000284307
0.000269832
0.000237814
0.000187343
0.000134473
9.34669e-05
4.12218e-05
3.55074e-05
3.90669e-05
4.14201e-05
4.1703e-05
3.99179e-05
3.65784e-05
3.52372e-05
8.17848e-05
0.000121074
0.000171547
0.000224777
0.000262297
0.000280701
0.000287652
0.000289838
0.000290429
0.00029056
0.000290576
0.000290566
0.000290536
0.000290424
0.000289974
0.000288304
0.000282832
0.000267643
0.000234542
0.000183435
0.000130962
9.01533e-05
3.79617e-05
3.58638e-05
3.93789e-05
4.15833e-05
4.17265e-05
3.97844e-05
3.6351e-05
3.58074e-05
8.51652e-05
0.000124887
0.000175946
0.000228323
0.000264335
0.000281725
0.000288246
0.0002903
0.000290865
0.000291
0.000291025
0.000291026
0.000291023
0.00029102
0.000291019
0.00029102
0.000291022
0.000291025
0.000291028
0.000291033
0.000291039
0.000291045
0.000291051
0.000291058
0.000291066
0.000291073
0.000291081
0.000291089
0.000291097
0.000291104
0.000291112
0.00029112
0.000291128
0.000291136
0.000291143
0.00029115
0.000291157
0.000291164
0.000291171
0.000291177
0.000291184
0.00029119
0.000291195
0.000291201
0.000291206
0.000291211
0.000291216
0.00029122
0.000291224
0.000291228
0.000291232
0.000291235
0.000291239
0.000291241
0.000291244
0.000291247
0.000291249
0.000291251
0.000291253
0.000291254
0.000291256
0.000291257
0.000291257
0.000291258
0.000291259
0.000291259
0.000295508
0.000295509
0.000295511
0.000295514
0.000295517
0.000295522
0.000295527
0.000295534
0.000295541
0.000295549
0.000295559
0.000295569
0.00029558
0.000295593
0.000295606
0.000295621
0.000295637
0.000295654
0.000295672
0.000295691
0.000295712
0.000295734
0.000295757
0.000295781
0.000295807
0.000295834
0.000295862
0.000295891
0.000295922
0.000295954
0.000295987
0.000296021
0.000296056
0.000296092
0.000296129
0.000296167
0.000296206
0.000296245
0.000296285
0.000296326
0.000296367
0.000296408
0.00029645
0.000296491
0.000296533
0.000296574
0.000296615
0.000296652
0.000296676
0.000296641
0.000296403
0.000295529
0.000293229
0.000287422
0.00027471
0.000253816
0.000226409
0.00018182
0.00014766
0.000123537
0.000109615
0.000101637
9.5176e-05
8.96616e-05
8.59349e-05
8.38798e-05
8.16797e-05
7.84747e-05
7.4494e-05
6.89893e-05
6.05489e-05
4.63977e-05
4.14879e-05
5.92195e-05
8.18564e-05
0.000106773
0.00014547
0.000199133
0.000248779
0.000278149
0.000290439
0.000294508
0.000295628
0.000295862
0.000295863
0.000295809
0.000295729
0.000295574
0.000295111
0.000293522
0.000288363
0.000273868
0.000241551
0.000190174
0.000136046
9.41879e-05
4.17115e-05
3.54374e-05
3.89922e-05
4.13621e-05
4.16606e-05
3.98867e-05
3.65501e-05
3.52327e-05
8.24042e-05
0.000122176
0.000173705
0.000228082
0.000266321
0.000285037
0.000292107
0.000294344
0.000294962
0.000295111
0.000295139
0.000295136
0.000295108
0.000294994
0.000294533
0.000292833
0.000287277
0.00027185
0.000238142
0.000185914
0.000132214
9.07022e-05
3.81375e-05
3.58168e-05
3.93322e-05
4.15386e-05
4.16792e-05
3.97322e-05
3.62967e-05
3.58887e-05
8.61867e-05
0.000126537
0.000178733
0.000232051
0.000268481
0.00028599
0.000292543
0.00029461
0.000295186
0.000295329
0.000295361
0.000295368
0.000295368
0.000295369
0.00029537
0.000295371
0.000295373
0.000295375
0.000295377
0.00029538
0.000295383
0.000295387
0.00029539
0.000295394
0.000295398
0.000295402
0.000295406
0.00029541
0.000295414
0.000295418
0.000295422
0.000295426
0.00029543
0.000295434
0.000295437
0.000295441
0.000295444
0.000295448
0.000295451
0.000295454
0.000295458
0.00029546
0.000295463
0.000295466
0.000295469
0.000295471
0.000295473
0.000295476
0.000295478
0.00029548
0.000295481
0.000295483
0.000295485
0.000295486
0.000295488
0.000295489
0.00029549
0.000295491
0.000295492
0.000295492
0.000295493
0.000295494
0.000295494
0.000295494
0.000295495
0.000295495
0.000297316
0.000297316
0.000297317
0.000297318
0.00029732
0.000297321
0.000297323
0.000297326
0.000297329
0.000297332
0.000297335
0.000297339
0.000297344
0.000297348
0.000297354
0.000297359
0.000297365
0.000297372
0.000297379
0.000297386
0.000297394
0.000297402
0.000297411
0.000297421
0.00029743
0.000297441
0.000297451
0.000297463
0.000297474
0.000297486
0.000297499
0.000297512
0.000297525
0.000297539
0.000297553
0.000297567
0.000297581
0.000297596
0.000297611
0.000297626
0.000297642
0.000297657
0.000297672
0.000297688
0.000297703
0.000297718
0.000297731
0.000297737
0.000297711
0.000297568
0.000297063
0.000295646
0.000291534
0.000281603
0.000262272
0.000234295
0.000205223
0.000163953
0.000131815
0.000112385
0.000102464
9.62435e-05
9.10762e-05
8.74357e-05
8.55538e-05
8.423e-05
8.16573e-05
7.82688e-05
7.41942e-05
6.88478e-05
6.0835e-05
4.72362e-05
4.22169e-05
5.87294e-05
8.07201e-05
0.000105439
0.000144691
0.000199565
0.000250063
0.000279603
0.000291876
0.00029595
0.000297103
0.00029738
0.000297424
0.000297411
0.000297369
0.00029725
0.000296825
0.00029529
0.000290228
0.000275895
0.000243683
0.000191993
0.000137124
9.46961e-05
4.22101e-05
3.53679e-05
3.89151e-05
4.12997e-05
4.16144e-05
3.98547e-05
3.65256e-05
3.52157e-05
8.27026e-05
0.00012272
0.000174841
0.000229781
0.000268262
0.000287024
0.000294096
0.000296336
0.000296959
0.000297114
0.000297147
0.000297147
0.000297122
0.000297008
0.000296548
0.000294851
0.000289302
0.000273868
0.000240017
0.000187301
0.000132919
9.09893e-05
3.82874e-05
3.57745e-05
3.92869e-05
4.14911e-05
4.16272e-05
3.9677e-05
3.62432e-05
3.59654e-05
8.69065e-05
0.000127654
0.000180513
0.000234193
0.000270587
0.00028797
0.000294452
0.000296494
0.000297064
0.000297207
0.00029724
0.000297247
0.000297249
0.00029725
0.00029725
0.000297251
0.000297252
0.000297253
0.000297255
0.000297256
0.000297257
0.000297259
0.000297261
0.000297262
0.000297264
0.000297266
0.000297267
0.000297269
0.000297271
0.000297273
0.000297274
0.000297276
0.000297278
0.000297279
0.000297281
0.000297282
0.000297284
0.000297285
0.000297287
0.000297288
0.000297289
0.000297291
0.000297292
0.000297293
0.000297294
0.000297295
0.000297296
0.000297297
0.000297298
0.000297299
0.0002973
0.0002973
0.000297301
0.000297302
0.000297302
0.000297303
0.000297303
0.000297304
0.000297304
0.000297304
0.000297305
0.000297305
0.000297305
0.000297305
0.000297305
0.000297305
0.000297983
0.000297983
0.000297984
0.000297984
0.000297984
0.000297985
0.000297986
0.000297986
0.000297987
0.000297988
0.00029799
0.000297991
0.000297992
0.000297994
0.000297996
0.000297998
0.000298
0.000298002
0.000298004
0.000298007
0.000298009
0.000298012
0.000298015
0.000298018
0.000298021
0.000298024
0.000298028
0.000298032
0.000298035
0.000298039
0.000298043
0.000298048
0.000298052
0.000298056
0.000298061
0.000298065
0.00029807
0.000298075
0.000298079
0.000298084
0.000298089
0.000298094
0.000298098
0.000298103
0.000298107
0.000298111
0.000298111
0.000298094
0.000298014
0.000297752
0.00029692
0.000294353
0.000287725
0.000273306
0.000247987
0.000214515
0.000179696
0.000144057
0.000117584
0.000103497
9.68139e-05
9.22537e-05
8.89415e-05
8.7187e-05
8.59848e-05
8.40947e-05
8.12799e-05
7.774e-05
7.36419e-05
6.84781e-05
6.07771e-05
4.80605e-05
4.29634e-05
5.82352e-05
7.93358e-05
0.000103784
0.000143512
0.00019944
0.000250565
0.000280199
0.000292431
0.000296488
0.000297648
0.00029794
0.000298001
0.000298004
0.000297978
0.000297876
0.000297474
0.000295984
0.00029103
0.000276919
0.000244972
0.000193245
0.000137912
9.50813e-05
4.27207e-05
3.52989e-05
3.88368e-05
4.12348e-05
4.1566e-05
3.98228e-05
3.6504e-05
3.51837e-05
8.26753e-05
0.000122893
0.00017538
0.000230621
0.000269148
0.00028785
0.000294878
0.000297101
0.000297721
0.000297876
0.000297911
0.000297912
0.000297888
0.000297776
0.000297319
0.000295636
0.000290128
0.000274774
0.000240969
0.000188064
0.000133288
9.11025e-05
3.84096e-05
3.57369e-05
3.92445e-05
4.14428e-05
4.15723e-05
3.96194e-05
3.61897e-05
3.60353e-05
8.73854e-05
0.000128418
0.000181711
0.000235494
0.000271669
0.000288836
0.000295209
0.000297212
0.00029777
0.00029791
0.000297943
0.00029795
0.000297951
0.000297952
0.000297952
0.000297952
0.000297953
0.000297953
0.000297953
0.000297954
0.000297954
0.000297955
0.000297956
0.000297956
0.000297957
0.000297957
0.000297958
0.000297959
0.000297959
0.00029796
0.00029796
0.000297961
0.000297962
0.000297962
0.000297963
0.000297963
0.000297964
0.000297964
0.000297965
0.000297965
0.000297966
0.000297966
0.000297967
0.000297967
0.000297968
0.000297968
0.000297968
0.000297969
0.000297969
0.000297969
0.00029797
0.00029797
0.00029797
0.000297971
0.000297971
0.000297971
0.000297971
0.000297971
0.000297971
0.000297972
0.000297972
0.000297972
0.000297972
0.000297972
0.000297972
0.000297972
0.000298193
0.000298193
0.000298193
0.000298193
0.000298193
0.000298193
0.000298193
0.000298194
0.000298194
0.000298194
0.000298195
0.000298195
0.000298195
0.000298196
0.000298196
0.000298197
0.000298197
0.000298198
0.000298199
0.000298199
0.0002982
0.000298201
0.000298202
0.000298202
0.000298203
0.000298204
0.000298205
0.000298206
0.000298207
0.000298208
0.000298209
0.00029821
0.000298211
0.000298212
0.000298213
0.000298214
0.000298215
0.000298217
0.000298218
0.000298219
0.00029822
0.000298221
0.000298221
0.000298222
0.000298223
0.000298221
0.00029821
0.000298167
0.000298029
0.000297542
0.00029602
0.000291858
0.000282036
0.00026296
0.000234044
0.000191872
0.000155838
0.000124621
0.00010511
9.595e-05
9.22779e-05
9.04204e-05
8.95449e-05
9.02541e-05
8.75837e-05
8.40125e-05
8.0456e-05
7.68296e-05
7.28111e-05
6.78407e-05
6.05755e-05
4.87647e-05
4.37236e-05
5.76709e-05
7.76691e-05
0.000101882
0.000142104
0.000198966
0.000250674
0.000280408
0.00029262
0.000296663
0.000297821
0.000298117
0.000298183
0.000298192
0.000298172
0.000298077
0.00029769
0.000296238
0.000291386
0.000277501
0.000245861
0.000194207
0.00013855
9.54077e-05
4.3247e-05
3.52307e-05
3.87588e-05
4.11697e-05
4.15177e-05
3.97924e-05
3.64858e-05
3.51437e-05
8.25682e-05
0.000122886
0.000175624
0.000231057
0.000269568
0.000288184
0.000295156
0.000297357
0.000297971
0.000298125
0.00029816
0.000298162
0.000298138
0.000298027
0.000297574
0.000295906
0.000290443
0.000275185
0.000241477
0.000188499
0.000133477
9.11255e-05
3.85043e-05
3.57046e-05
3.92072e-05
4.13966e-05
4.1517e-05
3.95606e-05
3.61359e-05
3.60997e-05
8.77279e-05
0.000128998
0.000182619
0.000236403
0.000272303
0.000289233
0.000295491
0.000297453
0.000297998
0.000298135
0.000298167
0.000298174
0.000298175
0.000298175
0.000298175
0.000298175
0.000298175
0.000298175
0.000298175
0.000298175
0.000298175
0.000298175
0.000298176
0.000298176
0.000298176
0.000298176
0.000298176
0.000298176
0.000298177
0.000298177
0.000298177
0.000298177
0.000298177
0.000298177
0.000298178
0.000298178
0.000298178
0.000298178
0.000298178
0.000298178
0.000298178
0.000298179
0.000298179
0.000298179
0.000298179
0.000298179
0.000298179
0.000298179
0.00029818
0.00029818
0.00029818
0.00029818
0.00029818
0.00029818
0.00029818
0.00029818
0.00029818
0.00029818
0.00029818
0.00029818
0.00029818
0.00029818
0.00029818
0.000298181
0.000298181
0.000298181
0.000298242
0.000298242
0.000298242
0.000298242
0.000298242
0.000298242
0.000298242
0.000298242
0.000298242
0.000298242
0.000298242
0.000298242
0.000298242
0.000298242
0.000298243
0.000298243
0.000298243
0.000298243
0.000298243
0.000298243
0.000298243
0.000298243
0.000298244
0.000298244
0.000298244
0.000298244
0.000298244
0.000298244
0.000298244
0.000298244
0.000298244
0.000298244
0.000298244
0.000298245
0.000298245
0.000298245
0.000298244
0.000298244
0.000298244
0.000298244
0.000298244
0.000298244
0.000298243
0.000298243
0.000298241
0.000298235
0.000298213
0.000298133
0.000297844
0.000296933
0.000294364
0.000287961
0.000274201
0.000249969
0.000217701
0.000175076
0.000137859
0.000110696
9.67886e-05
9.38099e-05
9.28164e-05
9.24006e-05
9.65598e-05
0.000102147
9.48313e-05
8.59728e-05
7.97403e-05
7.55472e-05
7.15889e-05
6.68386e-05
6.00837e-05
4.95695e-05
4.44418e-05
5.69336e-05
7.56887e-05
9.98194e-05
0.00014063
0.000198388
0.000250621
0.00028046
0.000292671
0.000296706
0.000297862
0.000298158
0.000298226
0.000298236
0.000298219
0.000298128
0.00029775
0.000296331
0.000291571
0.0002779
0.000246564
0.000195025
0.000139114
9.57086e-05
4.37896e-05
3.51642e-05
3.86837e-05
4.1108e-05
4.14728e-05
3.9765e-05
3.64705e-05
3.50881e-05
8.23855e-05
0.0001228
0.000175742
0.000231323
0.000269802
0.000288331
0.00029525
0.00029743
0.000298036
0.000298189
0.000298223
0.000298225
0.000298202
0.000298091
0.000297642
0.000295987
0.000290563
0.000275388
0.000241773
0.000188764
0.000133574
9.11026e-05
3.85708e-05
3.56816e-05
3.91785e-05
4.13562e-05
4.14645e-05
3.95021e-05
3.60815e-05
3.61613e-05
8.80231e-05
0.000129511
0.000183407
0.000237146
0.000272759
0.000289454
0.000295602
0.000297524
0.000298057
0.000298191
0.000298222
0.000298228
0.000298229
0.000298229
0.000298229
0.000298229
0.000298229
0.000298229
0.000298228
0.000298228
0.000298228
0.000298228
0.000298228
0.000298228
0.000298228
0.000298228
0.000298228
0.000298228
0.000298228
0.000298228
0.000298228
0.000298228
0.000298228
0.000298228
0.000298228
0.000298228
0.000298228
0.000298228
0.000298228
0.000298228
0.000298228
0.000298228
0.000298228
0.000298228
0.000298228
0.000298229
0.000298229
0.000298229
0.000298229
0.000298229
0.000298229
0.000298229
0.000298229
0.000298229
0.000298229
0.000298229
0.000298229
0.000298229
0.000298229
0.000298229
0.000298229
0.000298229
0.000298229
0.000298229
0.000298229
0.000298229
0.000298241
0.000298241
0.000298241
0.000298241
0.000298241
0.000298241
0.000298241
0.000298241
0.000298241
0.000298241
0.000298241
0.000298241
0.000298241
0.000298241
0.000298241
0.000298241
0.000298241
0.000298241
0.000298241
0.000298241
0.000298241
0.000298241
0.000298241
0.000298241
0.000298241
0.00029824
0.00029824
0.00029824
0.00029824
0.00029824
0.00029824
0.00029824
0.000298239
0.000298239
0.000298239
0.000298238
0.000298238
0.000298238
0.000298237
0.000298237
0.000298236
0.000298236
0.000298235
0.000298234
0.00029823
0.000298218
0.000298172
0.000297999
0.000297433
0.000295786
0.000291586
0.000282257
0.000264494
0.000236886
0.000195921
0.000157572
0.000124046
0.000102771
9.73506e-05
9.72043e-05
0.000103789
0.000110152
0.000126305
0.000125629
0.000109215
9.13536e-05
8.0035e-05
7.38884e-05
6.95265e-05
6.47498e-05
5.87402e-05
4.98137e-05
4.55728e-05
5.59833e-05
7.33877e-05
9.77177e-05
0.000139269
0.000197873
0.000250529
0.000280458
0.000292676
0.000296708
0.000297861
0.000298156
0.000298225
0.000298235
0.000298219
0.00029813
0.000297761
0.000296369
0.000291694
0.000278219
0.000247174
0.000195765
0.000139642
9.59983e-05
4.43461e-05
3.51004e-05
3.86143e-05
4.10534e-05
4.14345e-05
3.97425e-05
3.64574e-05
3.50292e-05
8.21834e-05
0.000122702
0.000175823
0.000231527
0.000269968
0.000288414
0.000295283
0.000297442
0.000298042
0.000298193
0.000298227
0.000298229
0.000298206
0.000298096
0.00029765
0.000296004
0.000290609
0.000275499
0.000241959
0.00018893
0.000133618
9.10636e-05
3.86094e-05
3.56644e-05
3.91619e-05
4.13248e-05
4.1418e-05
3.94458e-05
3.60268e-05
3.62236e-05
8.83247e-05
0.00013002
0.00018416
0.000237826
0.000273146
0.000289613
0.000295655
0.00029754
0.000298061
0.000298192
0.000298223
0.000298229
0.00029823
0.00029823
0.00029823
0.000298229
0.000298229
0.000298229
0.000298229
0.000298229
0.000298229
0.000298228
0.000298228
0.000298228
0.000298228
0.000298228
0.000298228
0.000298228
0.000298228
0.000298228
0.000298228
0.000298228
0.000298228
0.000298228
0.000298228
0.000298227
0.000298227
0.000298227
0.000298227
0.000298227
0.000298227
0.000298227
0.000298227
0.000298227
0.000298227
0.000298227
0.000298227
0.000298227
0.000298227
0.000298227
0.000298227
0.000298228
0.000298228
0.000298228
0.000298228
0.000298228
0.000298228
0.000298228
0.000298228
0.000298228
0.000298228
0.000298228
0.000298228
0.000298228
0.000298228
0.000298228
0.000298226
0.000298226
0.000298226
0.000298226
0.000298226
0.000298226
0.000298226
0.000298226
0.000298226
0.000298226
0.000298226
0.000298226
0.000298226
0.000298226
0.000298226
0.000298226
0.000298226
0.000298226
0.000298226
0.000298226
0.000298226
0.000298225
0.000298225
0.000298225
0.000298225
0.000298225
0.000298225
0.000298225
0.000298224
0.000298224
0.000298224
0.000298224
0.000298223
0.000298223
0.000298223
0.000298222
0.000298222
0.000298221
0.000298221
0.00029822
0.00029822
0.000298219
0.000298218
0.000298216
0.00029821
0.000298184
0.000298086
0.000297742
0.00029667
0.00029377
0.000287097
0.00027413
0.000252402
0.000222387
0.00018069
0.000142696
0.000114241
0.000101004
9.91696e-05
0.000106581
0.000125762
0.000144592
0.000157494
0.000149415
0.000123602
9.77128e-05
8.04142e-05
7.11134e-05
6.30685e-05
5.45396e-05
5.04628e-05
4.79854e-05
4.5741e-05
5.45819e-05
7.08612e-05
9.57644e-05
0.000138219
0.000197555
0.000250475
0.000280449
0.000292669
0.000296698
0.000297848
0.000298142
0.00029821
0.000298221
0.000298205
0.000298118
0.000297756
0.00029639
0.000291791
0.000278497
0.000247727
0.000196458
0.000140151
9.62839e-05
4.49122e-05
3.50404e-05
3.85529e-05
4.10086e-05
4.14054e-05
3.9728e-05
3.64474e-05
3.49666e-05
8.20021e-05
0.000122629
0.000175916
0.00023172
0.000270113
0.000288476
0.000295297
0.000297437
0.000298031
0.000298181
0.000298214
0.000298216
0.000298193
0.000298083
0.000297639
0.000296
0.000290626
0.000275562
0.000242073
0.000189025
0.000133621
9.10025e-05
3.86206e-05
3.56517e-05
3.91529e-05
4.13037e-05
4.13794e-05
3.93932e-05
3.59722e-05
3.62894e-05
8.86586e-05
0.000130556
0.000184914
0.00023848
0.000273504
0.00028975
0.00029569
0.000297539
0.000298051
0.000298179
0.000298208
0.000298214
0.000298215
0.000298215
0.000298215
0.000298215
0.000298215
0.000298214
0.000298214
0.000298214
0.000298214
0.000298214
0.000298213
0.000298213
0.000298213
0.000298213
0.000298213
0.000298213
0.000298213
0.000298213
0.000298213
0.000298213
0.000298213
0.000298212
0.000298212
0.000298212
0.000298212
0.000298212
0.000298212
0.000298212
0.000298212
0.000298212
0.000298212
0.000298212
0.000298212
0.000298212
0.000298212
0.000298212
0.000298212
0.000298212
0.000298212
0.000298212
0.000298212
0.000298212
0.000298212
0.000298212
0.000298212
0.000298212
0.000298212
0.000298212
0.000298212
0.000298212
0.000298212
0.000298212
0.000298212
0.000298212
0.000298207
0.000298207
0.000298207
0.000298207
0.000298207
0.000298207
0.000298207
0.000298207
0.000298207
0.000298207
0.000298207
0.000298207
0.000298207
0.000298207
0.000298207
0.000298207
0.000298207
0.000298207
0.000298207
0.000298207
0.000298207
0.000298207
0.000298207
0.000298207
0.000298207
0.000298206
0.000298206
0.000298206
0.000298206
0.000298206
0.000298206
0.000298205
0.000298205
0.000298205
0.000298204
0.000298204
0.000298203
0.000298203
0.000298202
0.000298202
0.000298201
0.0002982
0.000298199
0.000298196
0.000298183
0.000298132
0.000297942
0.000297299
0.000295387
0.000290527
0.000280356
0.000263437
0.000239816
0.000201734
0.000164
0.000130787
0.000108935
0.000101623
0.000101931
0.000116085
0.000133822
0.000163163
0.000179894
0.000167525
0.000134215
0.000102122
7.94771e-05
6.44669e-05
3.66769e-05
3.43758e-05
3.44412e-05
3.51775e-05
4.09193e-05
5.22556e-05
6.82597e-05
9.42002e-05
0.000137649
0.0001975
0.000250504
0.000280457
0.000292664
0.000296686
0.000297832
0.000298125
0.000298193
0.000298204
0.000298188
0.000298103
0.000297747
0.000296404
0.000291875
0.000278748
0.00024824
0.000197116
0.000140649
9.65706e-05
4.54837e-05
3.49845e-05
3.85007e-05
4.09741e-05
4.13851e-05
3.97181e-05
3.64399e-05
3.49017e-05
8.18612e-05
0.000122602
0.000176044
0.000231923
0.000270252
0.000288531
0.000295305
0.000297427
0.000298015
0.000298163
0.000298196
0.000298198
0.000298175
0.000298065
0.000297622
0.000295988
0.000290627
0.00027559
0.000242128
0.000189058
0.000133589
9.09234e-05
3.86054e-05
3.56453e-05
3.91521e-05
4.12924e-05
4.1348e-05
3.93443e-05
3.59175e-05
3.63613e-05
8.90334e-05
0.000131129
0.000185682
0.000239124
0.000273849
0.000289877
0.000295719
0.000297534
0.000298036
0.000298161
0.00029819
0.000298196
0.000298197
0.000298197
0.000298196
0.000298196
0.000298196
0.000298196
0.000298196
0.000298195
0.000298195
0.000298195
0.000298195
0.000298195
0.000298195
0.000298194
0.000298194
0.000298194
0.000298194
0.000298194
0.000298194
0.000298194
0.000298194
0.000298194
0.000298194
0.000298194
0.000298194
0.000298194
0.000298194
0.000298193
0.000298193
0.000298193
0.000298193
0.000298193
0.000298193
0.000298193
0.000298193
0.000298193
0.000298193
0.000298193
0.000298193
0.000298193
0.000298193
0.000298193
0.000298193
0.000298193
0.000298193
0.000298193
0.000298193
0.000298193
0.000298193
0.000298193
0.000298193
0.000298193
0.000298193
0.000298193
0.000298188
0.000298188
0.000298188
0.000298188
0.000298188
0.000298188
0.000298188
0.000298188
0.000298188
0.000298188
0.000298188
0.000298188
0.000298188
0.000298188
0.000298188
0.000298188
0.000298188
0.000298188
0.000298188
0.000298188
0.000298188
0.000298188
0.000298188
0.000298187
0.000298187
0.000298187
0.000298187
0.000298187
0.000298187
0.000298187
0.000298186
0.000298186
0.000298186
0.000298186
0.000298185
0.000298185
0.000298184
0.000298184
0.000298183
0.000298183
0.000298182
0.000298181
0.000298179
0.000298173
0.000298149
0.000298054
0.000297709
0.000296596
0.000293455
0.000285915
0.000271232
0.000249734
0.000225681
0.000186468
0.000148789
0.000121002
0.000106165
0.000102198
0.000104249
0.000123099
0.000148116
0.000179855
0.000197076
0.000180559
0.000141033
0.000104005
7.59592e-05
4.82636e-05
3.6079e-05
3.94287e-05
4.00724e-05
3.74765e-05
3.4332e-05
4.40057e-05
6.52376e-05
9.32217e-05
0.000137624
0.000197718
0.000250614
0.000280489
0.000292665
0.000296674
0.000297816
0.000298107
0.000298175
0.000298185
0.000298169
0.000298086
0.000297736
0.000296414
0.000291949
0.000278977
0.000248719
0.000197747
0.000141142
9.68616e-05
4.60581e-05
3.49324e-05
3.84567e-05
4.09481e-05
4.13714e-05
3.97117e-05
3.64338e-05
3.48364e-05
8.17723e-05
0.000122629
0.000176218
0.000232146
0.000270395
0.000288585
0.000295311
0.000297415
0.000297998
0.000298145
0.000298177
0.000298179
0.000298156
0.000298046
0.000297603
0.000295971
0.000290616
0.00027559
0.000242134
0.000189041
0.000133523
9.08278e-05
3.85574e-05
3.56453e-05
3.91601e-05
4.1286e-05
4.13217e-05
3.92977e-05
3.58622e-05
3.6442e-05
8.94478e-05
0.000131736
0.000186465
0.000239762
0.000274182
0.000289999
0.000295746
0.000297528
0.000298019
0.000298142
0.000298171
0.000298176
0.000298177
0.000298177
0.000298177
0.000298177
0.000298176
0.000298176
0.000298176
0.000298176
0.000298176
0.000298175
0.000298175
0.000298175
0.000298175
0.000298175
0.000298175
0.000298175
0.000298175
0.000298174
0.000298174
0.000298174
0.000298174
0.000298174
0.000298174
0.000298174
0.000298174
0.000298174
0.000298174
0.000298174
0.000298174
0.000298174
0.000298174
0.000298174
0.000298174
0.000298174
0.000298174
0.000298174
0.000298174
0.000298174
0.000298174
0.000298174
0.000298174
0.000298174
0.000298174
0.000298174
0.000298174
0.000298174
0.000298174
0.000298174
0.000298174
0.000298174
0.000298174
0.000298174
0.000298174
0.000298174
0.000298168
0.000298168
0.000298168
0.000298168
0.000298168
0.000298168
0.000298168
0.000298168
0.000298168
0.000298168
0.000298168
0.000298168
0.000298168
0.000298168
0.000298168
0.000298168
0.000298168
0.000298168
0.000298168
0.000298168
0.000298168
0.000298168
0.000298168
0.000298168
0.000298168
0.000298168
0.000298168
0.000298168
0.000298168
0.000298167
0.000298167
0.000298167
0.000298167
0.000298166
0.000298166
0.000298166
0.000298165
0.000298165
0.000298164
0.000298164
0.000298163
0.000298162
0.000298159
0.000298147
0.000298102
0.000297932
0.000297345
0.000295554
0.000290811
0.00028021
0.000261024
0.000235121
0.000204535
0.000167868
0.000135227
0.000113732
0.000104392
0.00010274
0.000107096
0.000123069
0.000159353
0.000194825
0.000210774
0.00018982
0.000145035
0.000104164
7.05085e-05
3.72465e-05
3.79223e-05
4.08676e-05
4.17e-05
4.04657e-05
3.71992e-05
3.53937e-05
6.08948e-05
9.27474e-05
0.000137995
0.000198092
0.000250784
0.000280542
0.000292672
0.000296664
0.0002978
0.000298089
0.000298156
0.000298167
0.000298151
0.000298069
0.000297724
0.000296421
0.000292014
0.000279187
0.000249168
0.000198353
0.000141629
9.71579e-05
4.66351e-05
3.48834e-05
3.84188e-05
4.09272e-05
4.1361e-05
3.97073e-05
3.64279e-05
3.4772e-05
8.17373e-05
0.000122707
0.000176439
0.000232393
0.000270544
0.000288638
0.000295317
0.000297403
0.000297981
0.000298126
0.000298158
0.00029816
0.000298136
0.000298027
0.000297584
0.000295951
0.000290596
0.000275569
0.0002421
0.00018897
0.00013342
9.0714e-05
3.84977e-05
3.56504e-05
3.91746e-05
4.12848e-05
4.1298e-05
3.92514e-05
3.58053e-05
3.65341e-05
8.98956e-05
0.00013237
0.000187256
0.000240393
0.000274508
0.000290115
0.000295771
0.000297521
0.000298003
0.000298124
0.000298151
0.000298157
0.000298158
0.000298158
0.000298157
0.000298157
0.000298157
0.000298157
0.000298156
0.000298156
0.000298156
0.000298156
0.000298156
0.000298155
0.000298155
0.000298155
0.000298155
0.000298155
0.000298155
0.000298155
0.000298155
0.000298155
0.000298154
0.000298154
0.000298154
0.000298154
0.000298154
0.000298154
0.000298154
0.000298154
0.000298154
0.000298154
0.000298154
0.000298154
0.000298154
0.000298154
0.000298154
0.000298154
0.000298154
0.000298154
0.000298154
0.000298154
0.000298154
0.000298154
0.000298154
0.000298154
0.000298154
0.000298154
0.000298154
0.000298154
0.000298154
0.000298154
0.000298154
0.000298154
0.000298154
0.000298154
0.000298148
0.000298148
0.000298148
0.000298148
0.000298149
0.000298149
0.000298149
0.000298149
0.000298149
0.000298149
0.000298149
0.000298149
0.000298149
0.000298149
0.000298149
0.000298149
0.000298149
0.000298149
0.000298149
0.000298149
0.000298149
0.000298149
0.000298149
0.000298149
0.000298149
0.000298149
0.000298149
0.000298149
0.000298148
0.000298148
0.000298148
0.000298148
0.000298148
0.000298147
0.000298147
0.000298147
0.000298146
0.000298146
0.000298145
0.000298145
0.000298144
0.000298142
0.000298137
0.000298116
0.000298034
0.00029774
0.000296785
0.000294049
0.000287308
0.000273561
0.000251149
0.000217323
0.000182698
0.000148667
0.000123174
0.000108658
0.000104214
0.000104252
0.000117077
0.000138388
0.000173388
0.000209178
0.000222092
0.000196708
0.000147624
0.00010391
6.41775e-05
3.43165e-05
3.79489e-05
4.081e-05
4.17242e-05
4.07714e-05
3.82274e-05
3.44904e-05
5.32575e-05
9.23964e-05
0.000138426
0.000198494
0.000250982
0.000280611
0.000292685
0.000296655
0.000297784
0.000298071
0.000298137
0.000298148
0.000298133
0.000298051
0.000297712
0.000296425
0.000292072
0.000279381
0.000249589
0.000198935
0.00014211
9.74582e-05
4.72152e-05
3.48364e-05
3.83844e-05
4.09087e-05
4.1351e-05
3.97025e-05
3.64207e-05
3.47096e-05
8.17315e-05
0.000122833
0.000176704
0.000232664
0.000270699
0.000288693
0.000295323
0.000297391
0.000297964
0.000298107
0.000298139
0.00029814
0.000298117
0.000298007
0.000297563
0.000295928
0.000290566
0.00027552
0.000242013
0.000188835
0.000133272
9.05731e-05
3.83877e-05
3.56593e-05
3.91927e-05
4.12858e-05
4.12744e-05
3.92032e-05
3.57457e-05
3.66404e-05
9.03679e-05
0.000133021
0.000188049
0.000241014
0.000274824
0.000290228
0.000295794
0.000297514
0.000297987
0.000298105
0.000298132
0.000298137
0.000298138
0.000298138
0.000298138
0.000298137
0.000298137
0.000298137
0.000298137
0.000298136
0.000298136
0.000298136
0.000298136
0.000298136
0.000298136
0.000298135
0.000298135
0.000298135
0.000298135
0.000298135
0.000298135
0.000298135
0.000298135
0.000298135
0.000298134
0.000298134
0.000298134
0.000298134
0.000298134
0.000298134
0.000298134
0.000298134
0.000298134
0.000298134
0.000298134
0.000298134
0.000298134
0.000298134
0.000298134
0.000298134
0.000298134
0.000298134
0.000298134
0.000298134
0.000298134
0.000298134
0.000298134
0.000298134
0.000298134
0.000298134
0.000298134
0.000298134
0.000298134
0.000298134
0.000298134
0.000298134
0.000298129
0.000298129
0.000298129
0.000298129
0.000298129
0.000298129
0.000298129
0.000298129
0.000298129
0.000298129
0.000298129
0.000298129
0.000298129
0.000298129
0.000298129
0.000298129
0.000298129
0.000298129
0.000298129
0.000298129
0.000298129
0.000298129
0.000298129
0.000298129
0.000298129
0.000298129
0.000298129
0.000298129
0.000298129
0.000298129
0.000298129
0.000298129
0.000298128
0.000298128
0.000298128
0.000298128
0.000298127
0.000298127
0.000298126
0.000298125
0.000298124
0.000298121
0.000298112
0.000298072
0.000297926
0.000297431
0.000295925
0.0002919
0.000282668
0.000265312
0.000240677
0.000202754
0.000164457
0.000134004
0.000114563
0.000105978
0.000104248
0.000106413
0.000123687
0.000152349
0.000189273
0.000223647
0.000231899
0.0002023
0.000149855
0.000104169
6.19017e-05
3.43188e-05
3.77889e-05
4.0585e-05
4.16215e-05
4.07461e-05
3.82917e-05
3.52596e-05
4.61512e-05
9.20382e-05
0.000138754
0.000198871
0.000251194
0.00028069
0.0002927
0.000296647
0.000297768
0.000298053
0.000298119
0.000298129
0.000298114
0.000298034
0.000297698
0.000296427
0.000292124
0.000279558
0.000249983
0.000199493
0.000142582
9.77599e-05
4.77995e-05
3.47906e-05
3.83517e-05
4.08909e-05
4.13404e-05
3.96953e-05
3.64111e-05
3.46503e-05
8.17716e-05
0.000123006
0.000177012
0.000232957
0.000270861
0.000288749
0.000295329
0.000297379
0.000297946
0.000298088
0.000298119
0.000298121
0.000298097
0.000297987
0.000297542
0.000295902
0.000290526
0.000275446
0.000241874
0.000188634
0.000133072
9.04012e-05
3.82629e-05
3.56704e-05
3.92117e-05
4.12861e-05
4.12488e-05
3.91514e-05
3.56826e-05
3.67637e-05
9.08549e-05
0.000133677
0.000188835
0.000241623
0.000275132
0.000290336
0.000295816
0.000297506
0.00029797
0.000298086
0.000298112
0.000298118
0.000298118
0.000298118
0.000298118
0.000298118
0.000298117
0.000298117
0.000298117
0.000298117
0.000298117
0.000298116
0.000298116
0.000298116
0.000298116
0.000298116
0.000298115
0.000298115
0.000298115
0.000298115
0.000298115
0.000298115
0.000298115
0.000298115
0.000298115
0.000298115
0.000298115
0.000298114
0.000298114
0.000298114
0.000298114
0.000298114
0.000298114
0.000298114
0.000298114
0.000298114
0.000298114
0.000298114
0.000298114
0.000298114
0.000298114
0.000298114
0.000298114
0.000298114
0.000298114
0.000298114
0.000298114
0.000298114
0.000298114
0.000298114
0.000298114
0.000298114
0.000298114
0.000298114
0.000298114
0.000298114
0.000298109
0.000298109
0.000298109
0.000298109
0.000298109
0.000298109
0.000298109
0.000298109
0.000298109
0.000298109
0.000298109
0.00029811
0.00029811
0.00029811
0.00029811
0.00029811
0.00029811
0.00029811
0.00029811
0.00029811
0.00029811
0.00029811
0.00029811
0.00029811
0.00029811
0.00029811
0.00029811
0.00029811
0.00029811
0.00029811
0.00029811
0.00029811
0.000298109
0.000298109
0.000298109
0.000298108
0.000298108
0.000298108
0.000298107
0.000298106
0.000298105
0.0002981
0.000298081
0.000298007
0.000297746
0.000296917
0.000294589
0.000288879
0.000276914
0.000256352
0.000223224
0.000184993
0.000148324
0.000122832
0.000109352
0.000105361
0.000105336
0.000114811
0.000135251
0.000167547
0.000206511
0.000238032
0.000240599
0.000207187
0.000152197
0.000105054
6.25047e-05
3.42985e-05
3.74994e-05
4.03518e-05
4.15157e-05
4.07066e-05
3.82411e-05
3.52129e-05
4.27338e-05
9.18547e-05
0.000139062
0.00019924
0.000251417
0.000280777
0.000292718
0.000296639
0.000297752
0.000298035
0.0002981
0.00029811
0.000298095
0.000298016
0.000297684
0.000296427
0.000292169
0.000279719
0.000250352
0.000200025
0.000143043
9.80605e-05
4.83878e-05
3.47456e-05
3.83197e-05
4.08729e-05
4.13285e-05
3.96846e-05
3.63976e-05
3.45935e-05
8.18556e-05
0.000123218
0.000177356
0.00023327
0.00027103
0.000288806
0.000295335
0.000297367
0.000297929
0.000298069
0.0002981
0.000298101
0.000298078
0.000297967
0.00029752
0.000295874
0.000290477
0.000275346
0.000241682
0.00018836
0.000132811
9.01891e-05
3.81181e-05
3.56827e-05
3.92303e-05
4.12846e-05
4.12203e-05
3.90952e-05
3.56155e-05
3.69064e-05
9.13476e-05
0.000134328
0.000189609
0.000242219
0.000275432
0.000290442
0.000295837
0.000297498
0.000297953
0.000298067
0.000298093
0.000298098
0.000298099
0.000298099
0.000298098
0.000298098
0.000298098
0.000298097
0.000298097
0.000298097
0.000298097
0.000298097
0.000298096
0.000298096
0.000298096
0.000298096
0.000298096
0.000298096
0.000298095
0.000298095
0.000298095
0.000298095
0.000298095
0.000298095
0.000298095
0.000298095
0.000298095
0.000298095
0.000298095
0.000298095
0.000298095
0.000298094
0.000298094
0.000298094
0.000298094
0.000298094
0.000298094
0.000298094
0.000298094
0.000298094
0.000298094
0.000298094
0.000298094
0.000298094
0.000298094
0.000298094
0.000298094
0.000298094
0.000298094
0.000298094
0.000298094
0.000298094
0.000298094
0.000298094
0.000298094
0.000298094
0.00029809
0.00029809
0.00029809
0.00029809
0.00029809
0.00029809
0.00029809
0.00029809
0.00029809
0.00029809
0.00029809
0.00029809
0.00029809
0.00029809
0.00029809
0.00029809
0.00029809
0.00029809
0.000298091
0.000298091
0.000298091
0.000298091
0.000298091
0.000298091
0.000298091
0.000298091
0.000298091
0.000298091
0.000298091
0.000298091
0.000298091
0.000298091
0.00029809
0.00029809
0.00029809
0.000298089
0.000298089
0.000298089
0.000298088
0.000298087
0.000298085
0.000298075
0.000298039
0.000297903
0.000297438
0.000296048
0.000292474
0.000284588
0.000269659
0.00024716
0.000209058
0.000167336
0.000134477
0.000114697
0.000106773
0.000105508
0.00010867
0.00012609
0.000152284
0.000187801
0.000226021
0.000251876
0.000248401
0.000211568
0.000154771
0.000106372
6.42588e-05
3.42054e-05
3.72119e-05
4.01656e-05
4.14425e-05
4.06902e-05
3.81911e-05
3.50566e-05
4.12471e-05
9.18758e-05
0.000139415
0.000199625
0.000251651
0.000280869
0.000292737
0.000296631
0.000297736
0.000298017
0.000298081
0.000298091
0.000298076
0.000297998
0.00029767
0.000296426
0.000292208
0.000279866
0.000250695
0.000200532
0.000143493
9.83583e-05
4.89786e-05
3.47013e-05
3.82882e-05
4.08546e-05
4.13151e-05
3.96722e-05
3.63815e-05
3.45424e-05
8.19737e-05
0.000123465
0.000177733
0.000233601
0.000271205
0.000288865
0.000295341
0.000297355
0.000297911
0.00029805
0.000298081
0.000298082
0.000298058
0.000297947
0.000297497
0.000295842
0.000290419
0.00027522
0.000241435
0.00018801
0.000132482
8.99282e-05
3.79511e-05
3.56963e-05
3.92485e-05
4.12812e-05
4.11889e-05
3.90345e-05
3.55447e-05
3.70708e-05
9.1838e-05
0.000134969
0.000190367
0.0002428
0.000275724
0.000290544
0.000295857
0.000297489
0.000297937
0.000298048
0.000298073
0.000298078
0.000298079
0.000298079
0.000298079
0.000298078
0.000298078
0.000298078
0.000298077
0.000298077
0.000298077
0.000298077
0.000298077
0.000298076
0.000298076
0.000298076
0.000298076
0.000298076
0.000298076
0.000298075
0.000298075
0.000298075
0.000298075
0.000298075
0.000298075
0.000298075
0.000298075
0.000298075
0.000298075
0.000298075
0.000298075
0.000298075
0.000298075
0.000298075
0.000298075
0.000298075
0.000298075
0.000298075
0.000298075
0.000298075
0.000298074
0.000298074
0.000298074
0.000298074
0.000298074
0.000298074
0.000298074
0.000298074
0.000298074
0.000298074
0.000298074
0.000298074
0.000298074
0.000298074
0.000298074
0.000298074
0.00029807
0.00029807
0.00029807
0.00029807
0.00029807
0.00029807
0.00029807
0.00029807
0.00029807
0.00029807
0.00029807
0.00029807
0.00029807
0.000298071
0.000298071
0.000298071
0.000298071
0.000298071
0.000298071
0.000298071
0.000298071
0.000298071
0.000298071
0.000298072
0.000298072
0.000298072
0.000298072
0.000298072
0.000298072
0.000298072
0.000298072
0.000298071
0.000298071
0.000298071
0.000298071
0.000298071
0.00029807
0.00029807
0.000298069
0.000298068
0.000298063
0.000298047
0.000297981
0.000297736
0.000296925
0.000294622
0.000289189
0.000278779
0.00026162
0.000230771
0.000191096
0.000151187
0.000123828
0.000110238
0.000106565
0.000106723
0.000119009
0.000141378
0.000172969
0.000210926
0.000245562
0.000263845
0.000255009
0.000215551
0.000157608
0.000108037
6.6698e-05
3.41081e-05
3.69679e-05
4.00128e-05
4.13871e-05
4.06893e-05
3.81828e-05
3.49429e-05
4.05061e-05
9.20414e-05
0.000139823
0.000200036
0.000251898
0.000280965
0.000292757
0.000296623
0.00029772
0.000297998
0.000298062
0.000298072
0.000298058
0.00029798
0.000297655
0.000296422
0.000292242
0.00028
0.000251013
0.000201014
0.000143931
9.86526e-05
4.95688e-05
3.4658e-05
3.82577e-05
4.08364e-05
4.13006e-05
3.96574e-05
3.63634e-05
3.44934e-05
8.21171e-05
0.00012374
0.000178137
0.000233949
0.000271386
0.000288925
0.000295348
0.000297343
0.000297894
0.000298031
0.000298061
0.000298062
0.000298038
0.000297926
0.000297473
0.000295808
0.000290352
0.000275068
0.000241133
0.00018758
0.000132082
8.96136e-05
3.77616e-05
3.57115e-05
3.92669e-05
4.12765e-05
4.1155e-05
3.89699e-05
3.54703e-05
3.72589e-05
9.23201e-05
0.000135596
0.000191108
0.000243368
0.000276009
0.000290643
0.000295876
0.000297481
0.00029792
0.000298029
0.000298054
0.000298059
0.000298059
0.000298059
0.000298059
0.000298059
0.000298058
0.000298058
0.000298058
0.000298057
0.000298057
0.000298057
0.000298057
0.000298057
0.000298056
0.000298056
0.000298056
0.000298056
0.000298056
0.000298056
0.000298056
0.000298055
0.000298055
0.000298055
0.000298055
0.000298055
0.000298055
0.000298055
0.000298055
0.000298055
0.000298055
0.000298055
0.000298055
0.000298055
0.000298055
0.000298055
0.000298055
0.000298055
0.000298055
0.000298055
0.000298055
0.000298055
0.000298055
0.000298055
0.000298055
0.000298055
0.000298055
0.000298055
0.000298055
0.000298055
0.000298055
0.000298055
0.000298055
0.000298055
0.000298055
0.000298055
0.00029805
0.00029805
0.00029805
0.00029805
0.00029805
0.00029805
0.00029805
0.00029805
0.000298051
0.000298051
0.000298051
0.000298051
0.000298051
0.000298051
0.000298051
0.000298051
0.000298051
0.000298052
0.000298052
0.000298052
0.000298052
0.000298052
0.000298052
0.000298052
0.000298052
0.000298052
0.000298052
0.000298053
0.000298053
0.000298053
0.000298053
0.000298052
0.000298052
0.000298052
0.000298052
0.000298052
0.000298051
0.000298051
0.00029805
0.000298048
0.000298041
0.000298012
0.000297898
0.000297481
0.000296146
0.000292503
0.000284464
0.000271074
0.000253242
0.000216414
0.000172277
0.000136894
0.000116032
0.000108082
0.000106907
0.000111285
0.000131148
0.000159495
0.000195864
0.000233631
0.000262245
0.000272925
0.000260032
0.000219207
0.000160711
0.000109992
6.91415e-05
3.40554e-05
3.6762e-05
3.98786e-05
4.13389e-05
4.06983e-05
3.82061e-05
3.49125e-05
4.00322e-05
9.23067e-05
0.00014028
0.000200471
0.000252157
0.000281065
0.000292778
0.000296615
0.000297704
0.00029798
0.000298043
0.000298053
0.000298039
0.000297962
0.000297639
0.000296416
0.00029227
0.00028012
0.000251308
0.00020147
0.000144355
9.89431e-05
5.0154e-05
3.46163e-05
3.82293e-05
4.08191e-05
4.12854e-05
3.96403e-05
3.63425e-05
3.44474e-05
8.22845e-05
0.000124042
0.000178568
0.00023431
0.000271571
0.000288986
0.000295354
0.000297332
0.000297876
0.000298012
0.000298042
0.000298043
0.000298018
0.000297906
0.000297449
0.000295771
0.000290275
0.000274891
0.000240776
0.000187073
0.000131611
8.92438e-05
3.755e-05
3.57289e-05
3.92862e-05
4.12714e-05
4.11193e-05
3.89023e-05
3.53929e-05
3.74728e-05
9.27907e-05
0.000136207
0.000191832
0.000243923
0.000276287
0.00029074
0.000295894
0.000297472
0.000297903
0.00029801
0.000298034
0.000298039
0.00029804
0.000298039
0.000298039
0.000298039
0.000298038
0.000298038
0.000298038
0.000298038
0.000298037
0.000298037
0.000298037
0.000298037
0.000298037
0.000298036
0.000298036
0.000298036
0.000298036
0.000298036
0.000298036
0.000298036
0.000298036
0.000298035
0.000298035
0.000298035
0.000298035
0.000298035
0.000298035
0.000298035
0.000298035
0.000298035
0.000298035
0.000298035
0.000298035
0.000298035
0.000298035
0.000298035
0.000298035
0.000298035
0.000298035
0.000298035
0.000298035
0.000298035
0.000298035
0.000298035
0.000298035
0.000298035
0.000298035
0.000298035
0.000298035
0.000298035
0.000298035
0.000298035
0.000298035
0.000298035
0.000298031
0.000298031
0.000298031
0.000298031
0.000298031
0.000298031
0.000298031
0.000298031
0.000298031
0.000298031
0.000298031
0.000298031
0.000298031
0.000298031
0.000298032
0.000298032
0.000298032
0.000298032
0.000298032
0.000298032
0.000298033
0.000298033
0.000298033
0.000298033
0.000298033
0.000298033
0.000298033
0.000298033
0.000298033
0.000298033
0.000298033
0.000298033
0.000298033
0.000298033
0.000298033
0.000298033
0.000298032
0.000298032
0.000298031
0.000298028
0.000298016
0.000297967
0.000297777
0.000297115
0.000295089
0.000289846
0.000278945
0.000262376
0.000236703
0.000196216
0.000154267
0.000125678
0.000111647
0.000107914
0.000108275
0.000121457
0.000144761
0.000178308
0.000217577
0.00025257
0.000274453
0.000279002
0.000263616
0.000222554
0.000164053
0.000112234
7.14075e-05
3.4037e-05
3.65804e-05
3.97572e-05
4.12946e-05
4.07062e-05
3.82438e-05
3.49047e-05
3.96715e-05
9.2643e-05
0.000140774
0.000200928
0.000252425
0.000281167
0.000292799
0.000296608
0.000297688
0.000297962
0.000298024
0.000298034
0.00029802
0.000297943
0.000297623
0.000296409
0.000292294
0.000280227
0.000251578
0.0002019
0.000144765
9.92295e-05
5.0729e-05
3.45766e-05
3.82037e-05
4.08033e-05
4.127e-05
3.96214e-05
3.6319e-05
3.44045e-05
8.24766e-05
0.000124371
0.000179022
0.000234683
0.00027176
0.000289049
0.000295362
0.00029732
0.000297859
0.000297993
0.000298023
0.000298023
0.000297998
0.000297885
0.000297424
0.000295731
0.000290191
0.00027469
0.000240367
0.00018649
0.000131072
8.88201e-05
3.73171e-05
3.57489e-05
3.93067e-05
4.12662e-05
4.10821e-05
3.88321e-05
3.53128e-05
3.77148e-05
9.32488e-05
0.000136804
0.00019254
0.000244467
0.00027656
0.000290836
0.000295912
0.000297463
0.000297886
0.000297991
0.000298014
0.000298019
0.00029802
0.00029802
0.000298019
0.000298019
0.000298019
0.000298018
0.000298018
0.000298018
0.000298018
0.000298017
0.000298017
0.000298017
0.000298017
0.000298017
0.000298016
0.000298016
0.000298016
0.000298016
0.000298016
0.000298016
0.000298016
0.000298016
0.000298015
0.000298015
0.000298015
0.000298015
0.000298015
0.000298015
0.000298015
0.000298015
0.000298015
0.000298015
0.000298015
0.000298015
0.000298015
0.000298015
0.000298015
0.000298015
0.000298015
0.000298015
0.000298015
0.000298015
0.000298015
0.000298015
0.000298015
0.000298015
0.000298015
0.000298015
0.000298015
0.000298015
0.000298015
0.000298015
0.000298015
0.000298015
0.000298011
0.000298011
0.000298011
0.000298011
0.000298011
0.000298011
0.000298011
0.000298011
0.000298011
0.000298011
0.000298011
0.000298012
0.000298012
0.000298012
0.000298012
0.000298012
0.000298012
0.000298013
0.000298013
0.000298013
0.000298013
0.000298013
0.000298014
0.000298014
0.000298014
0.000298014
0.000298014
0.000298014
0.000298014
0.000298014
0.000298014
0.000298014
0.000298014
0.000298014
0.000298014
0.000298014
0.000298014
0.000298013
0.000298011
0.000298006
0.000297986
0.000297903
0.000297598
0.000296593
0.000293731
0.00028692
0.000273776
0.000250377
0.000215535
0.000172539
0.000137833
0.000117284
0.000109433
0.000108201
0.000112293
0.000130672
0.000159142
0.000197017
0.000236572
0.000266835
0.000282507
0.00028279
0.000266125
0.000225598
0.00016758
0.000114812
7.3685e-05
3.40433e-05
3.64134e-05
3.9649e-05
4.12553e-05
4.0708e-05
3.82738e-05
3.49132e-05
3.93335e-05
9.30344e-05
0.000141295
0.000201401
0.000252702
0.000281273
0.000292821
0.0002966
0.000297671
0.000297943
0.000298005
0.000298015
0.000298
0.000297924
0.000297606
0.0002964
0.000292312
0.000280321
0.000251824
0.000202301
0.00014516
9.95113e-05
5.12887e-05
3.45393e-05
3.81817e-05
4.07895e-05
4.12547e-05
3.96011e-05
3.62931e-05
3.43646e-05
8.26937e-05
0.000124724
0.000179498
0.000235068
0.000271953
0.000289112
0.000295369
0.000297308
0.000297841
0.000297974
0.000298003
0.000298004
0.000297979
0.000297864
0.000297399
0.00029569
0.000290098
0.000274466
0.00023991
0.000185838
0.000130469
8.83448e-05
3.7065e-05
3.57718e-05
3.93287e-05
4.12611e-05
4.10436e-05
3.87595e-05
3.52303e-05
3.79876e-05
9.36942e-05
0.000137387
0.000193234
0.000245003
0.00027683
0.00029093
0.00029593
0.000297454
0.000297869
0.000297972
0.000297995
0.000297999
0.000298
0.000298
0.000298
0.000297999
0.000297999
0.000297999
0.000297998
0.000297998
0.000297998
0.000297998
0.000297997
0.000297997
0.000297997
0.000297997
0.000297997
0.000297996
0.000297996
0.000297996
0.000297996
0.000297996
0.000297996
0.000297996
0.000297996
0.000297996
0.000297995
0.000297995
0.000297995
0.000297995
0.000297995
0.000297995
0.000297995
0.000297995
0.000297995
0.000297995
0.000297995
0.000297995
0.000297995
0.000297995
0.000297995
0.000297995
0.000297995
0.000297995
0.000297995
0.000297995
0.000297995
0.000297995
0.000297995
0.000297995
0.000297995
0.000297995
0.000297995
0.000297995
0.000297995
0.000297995
0.000297991
0.000297991
0.000297991
0.000297991
0.000297991
0.000297991
0.000297991
0.000297991
0.000297992
0.000297992
0.000297992
0.000297992
0.000297992
0.000297992
0.000297993
0.000297993
0.000297993
0.000297993
0.000297993
0.000297994
0.000297994
0.000297994
0.000297994
0.000297994
0.000297995
0.000297995
0.000297995
0.000297995
0.000297995
0.000297995
0.000297995
0.000297996
0.000297996
0.000297995
0.000297995
0.000297995
0.000297995
0.000297994
0.000297992
0.000297983
0.000297947
0.000297806
0.000297316
0.000295828
0.000291961
0.000283545
0.000269503
0.000238653
0.000194511
0.000153045
0.000125719
0.00011264
0.000109159
0.00010942
0.000121217
0.000142773
0.000175549
0.000215778
0.000252779
0.000277153
0.000287525
0.000285218
0.000267877
0.000228308
0.000171178
0.000117776
7.62192e-05
3.4078e-05
3.62587e-05
3.95588e-05
4.12236e-05
4.07028e-05
3.82832e-05
3.49077e-05
3.90961e-05
9.34591e-05
0.00014183
0.000201888
0.000252987
0.00028138
0.000292843
0.000296593
0.000297655
0.000297925
0.000297986
0.000297996
0.000297981
0.000297906
0.000297589
0.00029639
0.000292325
0.000280402
0.000252045
0.000202673
0.000145536
9.97871e-05
5.18279e-05
3.45049e-05
3.81635e-05
4.07776e-05
4.12395e-05
3.95795e-05
3.62651e-05
3.43276e-05
8.29359e-05
0.000125102
0.000179993
0.000235462
0.000272148
0.000289176
0.000295376
0.000297296
0.000297824
0.000297955
0.000297984
0.000297984
0.000297959
0.000297842
0.000297372
0.000295646
0.000289998
0.000274222
0.000239409
0.000185125
0.00012981
8.78215e-05
3.67966e-05
3.57974e-05
3.93519e-05
4.1256e-05
4.1004e-05
3.86844e-05
3.51454e-05
3.82944e-05
9.41272e-05
0.000137958
0.000193921
0.000245533
0.000277097
0.000291023
0.000295947
0.000297445
0.000297852
0.000297953
0.000297975
0.00029798
0.00029798
0.00029798
0.00029798
0.000297979
0.000297979
0.000297979
0.000297979
0.000297978
0.000297978
0.000297978
0.000297978
0.000297977
0.000297977
0.000297977
0.000297977
0.000297977
0.000297976
0.000297976
0.000297976
0.000297976
0.000297976
0.000297976
0.000297976
0.000297976
0.000297976
0.000297976
0.000297976
0.000297975
0.000297975
0.000297975
0.000297975
0.000297975
0.000297975
0.000297975
0.000297975
0.000297975
0.000297975
0.000297975
0.000297975
0.000297975
0.000297975
0.000297975
0.000297975
0.000297975
0.000297975
0.000297975
0.000297975
0.000297975
0.000297975
0.000297975
0.000297975
0.000297975
0.000297975
0.000297975
0.000297971
0.000297971
0.000297971
0.000297971
0.000297972
0.000297972
0.000297972
0.000297972
0.000297972
0.000297972
0.000297972
0.000297972
0.000297973
0.000297973
0.000297973
0.000297973
0.000297973
0.000297974
0.000297974
0.000297974
0.000297974
0.000297975
0.000297975
0.000297975
0.000297975
0.000297976
0.000297976
0.000297976
0.000297976
0.000297976
0.000297977
0.000297977
0.000297977
0.000297977
0.000297977
0.000297976
0.000297976
0.000297975
0.000297971
0.000297956
0.000297894
0.000297657
0.000296877
0.000294723
0.000289792
0.000279828
0.000259037
0.000221319
0.000173919
0.000137666
0.000117396
0.000110396
0.000109515
0.000113547
0.00013071
0.000157851
0.000194842
0.000234809
0.000266541
0.000284566
0.000290659
0.000286721
0.000269153
0.000230621
0.000174625
0.000121089
7.9225e-05
3.41536e-05
3.612e-05
3.94921e-05
4.12027e-05
4.06914e-05
3.82693e-05
3.48806e-05
3.89877e-05
9.38956e-05
0.00014237
0.000202386
0.000253279
0.000281492
0.000292867
0.000296586
0.000297639
0.000297906
0.000297967
0.000297976
0.000297962
0.000297887
0.000297571
0.000296378
0.000292334
0.000280471
0.000252241
0.000203013
0.000145893
0.000100055
5.23425e-05
3.44731e-05
3.81494e-05
4.07674e-05
4.12243e-05
3.95564e-05
3.6235e-05
3.42936e-05
8.32027e-05
0.000125503
0.000180507
0.000235863
0.000272346
0.00028924
0.000295384
0.000297284
0.000297806
0.000297936
0.000297964
0.000297964
0.000297939
0.000297821
0.000297346
0.0002956
0.000289892
0.000273961
0.000238872
0.00018436
0.000129103
8.7254e-05
3.65154e-05
3.58255e-05
3.93761e-05
4.12508e-05
4.09631e-05
3.86066e-05
3.5058e-05
3.8639e-05
9.45479e-05
0.00013852
0.000194603
0.000246062
0.000277363
0.000291116
0.000295964
0.000297436
0.000297835
0.000297933
0.000297956
0.00029796
0.00029796
0.00029796
0.00029796
0.00029796
0.000297959
0.000297959
0.000297959
0.000297958
0.000297958
0.000297958
0.000297958
0.000297957
0.000297957
0.000297957
0.000297957
0.000297957
0.000297957
0.000297956
0.000297956
0.000297956
0.000297956
0.000297956
0.000297956
0.000297956
0.000297956
0.000297956
0.000297956
0.000297956
0.000297956
0.000297956
0.000297955
0.000297955
0.000297955
0.000297955
0.000297955
0.000297955
0.000297955
0.000297955
0.000297955
0.000297955
0.000297955
0.000297955
0.000297955
0.000297955
0.000297955
0.000297955
0.000297955
0.000297955
0.000297955
0.000297955
0.000297955
0.000297955
0.000297955
0.000297955
0.000297952
0.000297952
0.000297952
0.000297952
0.000297952
0.000297952
0.000297952
0.000297952
0.000297952
0.000297952
0.000297953
0.000297953
0.000297953
0.000297953
0.000297953
0.000297954
0.000297954
0.000297954
0.000297954
0.000297955
0.000297955
0.000297955
0.000297956
0.000297956
0.000297956
0.000297956
0.000297957
0.000297957
0.000297957
0.000297957
0.000297958
0.000297958
0.000297958
0.000297958
0.000297958
0.000297958
0.000297957
0.000297956
0.00029795
0.000297925
0.000297823
0.000297446
0.000296252
0.000293198
0.000287177
0.000276965
0.000247974
0.000200255
0.000154966
0.000126185
0.000113301
0.000110466
0.000111907
0.000124013
0.000146047
0.000178372
0.000217395
0.000253424
0.000277816
0.000289786
0.000292612
0.000287642
0.000270072
0.000232446
0.000177572
0.000124421
8.27628e-05
3.42854e-05
3.60039e-05
3.94547e-05
4.11921e-05
4.06775e-05
3.8245e-05
3.4838e-05
3.89463e-05
9.43366e-05
0.000142915
0.000202894
0.000253579
0.000281606
0.000292892
0.000296579
0.000297623
0.000297887
0.000297948
0.000297957
0.000297943
0.000297867
0.000297554
0.000296365
0.000292339
0.000280528
0.000252412
0.000203322
0.000146227
0.000100314
5.28287e-05
3.44439e-05
3.81379e-05
4.07585e-05
4.12089e-05
3.95319e-05
3.62026e-05
3.42625e-05
8.34933e-05
0.000125926
0.000181035
0.000236271
0.000272546
0.000289306
0.000295392
0.000297273
0.000297789
0.000297917
0.000297945
0.000297945
0.000297918
0.000297799
0.000297319
0.000295553
0.000289781
0.000273684
0.000238304
0.000183554
0.000128357
8.66465e-05
3.62255e-05
3.58559e-05
3.94011e-05
4.12454e-05
4.09208e-05
3.8526e-05
3.49682e-05
3.90261e-05
9.4957e-05
0.000139076
0.000195287
0.000246594
0.000277631
0.000291209
0.000295982
0.000297427
0.000297818
0.000297914
0.000297936
0.00029794
0.000297941
0.00029794
0.00029794
0.00029794
0.000297939
0.000297939
0.000297939
0.000297939
0.000297938
0.000297938
0.000297938
0.000297938
0.000297937
0.000297937
0.000297937
0.000297937
0.000297937
0.000297937
0.000297936
0.000297936
0.000297936
0.000297936
0.000297936
0.000297936
0.000297936
0.000297936
0.000297936
0.000297936
0.000297936
0.000297936
0.000297936
0.000297936
0.000297936
0.000297936
0.000297936
0.000297936
0.000297936
0.000297936
0.000297936
0.000297936
0.000297936
0.000297936
0.000297936
0.000297936
0.000297936
0.000297936
0.000297936
0.000297936
0.000297936
0.000297936
0.000297936
0.000297936
0.000297936
0.000297936
0.000297932
0.000297932
0.000297932
0.000297932
0.000297932
0.000297932
0.000297932
0.000297932
0.000297933
0.000297933
0.000297933
0.000297933
0.000297933
0.000297934
0.000297934
0.000297934
0.000297934
0.000297935
0.000297935
0.000297935
0.000297936
0.000297936
0.000297936
0.000297937
0.000297937
0.000297937
0.000297938
0.000297938
0.000297938
0.000297938
0.000297939
0.000297939
0.000297939
0.000297939
0.000297939
0.000297939
0.000297938
0.000297936
0.000297927
0.00029789
0.00029774
0.000297198
0.000295537
0.000291446
0.000284046
0.000267495
0.000229352
0.000178314
0.000139711
0.000118807
0.000112054
0.000111452
0.000120324
0.000139351
0.000167822
0.000204217
0.000241295
0.000269831
0.000286275
0.000293233
0.000293797
0.000288189
0.0002707
0.000233745
0.000179699
0.000127092
8.62515e-05
3.44765e-05
3.59172e-05
3.94434e-05
4.11879e-05
4.06596e-05
3.82074e-05
3.47806e-05
3.90089e-05
9.47843e-05
0.000143467
0.000203414
0.000253889
0.000281726
0.000292919
0.000296573
0.000297607
0.000297869
0.000297928
0.000297938
0.000297923
0.000297848
0.000297535
0.000296351
0.000292339
0.000280573
0.000252559
0.000203597
0.000146537
0.000100561
5.32819e-05
3.44175e-05
3.81298e-05
4.07514e-05
4.11934e-05
3.95058e-05
3.61678e-05
3.42345e-05
8.38063e-05
0.000126367
0.000181577
0.000236685
0.000272747
0.000289371
0.0002954
0.000297261
0.000297771
0.000297898
0.000297925
0.000297925
0.000297898
0.000297778
0.000297291
0.000295504
0.000289665
0.000273397
0.000237715
0.000182719
0.000127583
8.60034e-05
3.5931e-05
3.58887e-05
3.94268e-05
4.12396e-05
4.08771e-05
3.84424e-05
3.48759e-05
3.94611e-05
9.53553e-05
0.000139631
0.000195979
0.000247135
0.000277904
0.000291305
0.000296
0.000297418
0.000297801
0.000297895
0.000297916
0.00029792
0.000297921
0.000297921
0.00029792
0.00029792
0.00029792
0.000297919
0.000297919
0.000297919
0.000297918
0.000297918
0.000297918
0.000297918
0.000297917
0.000297917
0.000297917
0.000297917
0.000297917
0.000297917
0.000297917
0.000297916
0.000297916
0.000297916
0.000297916
0.000297916
0.000297916
0.000297916
0.000297916
0.000297916
0.000297916
0.000297916
0.000297916
0.000297916
0.000297916
0.000297916
0.000297916
0.000297916
0.000297916
0.000297916
0.000297916
0.000297916
0.000297916
0.000297916
0.000297916
0.000297916
0.000297916
0.000297916
0.000297916
0.000297916
0.000297916
0.000297916
0.000297916
0.000297916
0.000297916
0.000297916
0.000297912
0.000297912
0.000297912
0.000297912
0.000297912
0.000297912
0.000297913
0.000297913
0.000297913
0.000297913
0.000297913
0.000297913
0.000297914
0.000297914
0.000297914
0.000297914
0.000297915
0.000297915
0.000297915
0.000297916
0.000297916
0.000297917
0.000297917
0.000297917
0.000297918
0.000297918
0.000297918
0.000297919
0.000297919
0.000297919
0.00029792
0.00029792
0.00029792
0.00029792
0.00029792
0.00029792
0.000297919
0.000297916
0.000297904
0.000297853
0.000297652
0.000296957
0.000294935
0.000290024
0.000278892
0.000251679
0.00020363
0.000157238
0.000128073
0.000115078
0.000112331
0.000115114
0.000133342
0.000159564
0.000194043
0.000231274
0.000262333
0.000282081
0.000291813
0.000295252
0.000294508
0.000288477
0.000271093
0.000234563
0.000180934
0.000128554
8.84313e-05
3.46898e-05
3.58702e-05
3.94496e-05
4.11895e-05
4.0637e-05
3.81571e-05
3.47117e-05
3.9229e-05
9.52429e-05
0.000144032
0.000203952
0.00025421
0.000281852
0.000292948
0.000296567
0.000297591
0.00029785
0.000297909
0.000297918
0.000297904
0.000297829
0.000297517
0.000296335
0.000292335
0.000280606
0.00025268
0.000203837
0.000146819
0.000100794
5.36993e-05
3.43945e-05
3.8125e-05
4.07454e-05
4.11776e-05
3.9478e-05
3.61306e-05
3.42097e-05
8.41399e-05
0.000126826
0.00018213
0.000237102
0.00027295
0.000289437
0.000295408
0.000297249
0.000297753
0.000297878
0.000297905
0.000297905
0.000297878
0.000297756
0.000297263
0.000295454
0.000289546
0.000273102
0.000237112
0.000181867
0.00012679
8.53301e-05
3.56363e-05
3.59238e-05
3.9453e-05
4.12334e-05
4.08317e-05
3.83557e-05
3.47811e-05
3.99503e-05
9.57444e-05
0.000140191
0.000196689
0.00024769
0.000278184
0.000291403
0.000296019
0.00029741
0.000297784
0.000297876
0.000297897
0.000297901
0.000297901
0.000297901
0.0002979
0.0002979
0.0002979
0.000297899
0.000297899
0.000297899
0.000297898
0.000297898
0.000297898
0.000297898
0.000297898
0.000297897
0.000297897
0.000297897
0.000297897
0.000297897
0.000297897
0.000297896
0.000297896
0.000297896
0.000297896
0.000297896
0.000297896
0.000297896
0.000297896
0.000297896
0.000297896
0.000297896
0.000297896
0.000297896
0.000297896
0.000297896
0.000297896
0.000297896
0.000297896
0.000297896
0.000297896
0.000297896
0.000297896
0.000297896
0.000297896
0.000297896
0.000297896
0.000297896
0.000297896
0.000297896
0.000297896
0.000297896
0.000297896
0.000297896
0.000297896
0.000297896
0.000297892
0.000297892
0.000297892
0.000297893
0.000297893
0.000297893
0.000297893
0.000297893
0.000297893
0.000297893
0.000297894
0.000297894
0.000297894
0.000297894
0.000297895
0.000297895
0.000297895
0.000297896
0.000297896
0.000297896
0.000297897
0.000297897
0.000297898
0.000297898
0.000297898
0.000297899
0.000297899
0.0002979
0.0002979
0.000297901
0.000297901
0.000297901
0.000297901
0.000297902
0.000297902
0.000297901
0.0002979
0.000297895
0.000297879
0.000297815
0.00029757
0.000296747
0.000294483
0.000289714
0.000273131
0.000232557
0.000179928
0.000141179
0.000120867
0.000114349
0.000113749
0.000125314
0.000148342
0.000181401
0.000219847
0.000254227
0.000277494
0.000289762
0.000294939
0.000296289
0.000294876
0.000288615
0.000271311
0.000234998
0.000181469
0.000128961
8.87984e-05
3.48644e-05
3.58548e-05
3.94722e-05
4.11932e-05
4.06102e-05
3.80972e-05
3.46337e-05
3.9697e-05
9.57223e-05
0.000144619
0.000204514
0.000254547
0.000281985
0.00029298
0.000296562
0.000297575
0.000297831
0.00029789
0.000297898
0.000297884
0.000297809
0.000297497
0.000296318
0.000292327
0.000280629
0.000252778
0.000204043
0.000147073
0.000101012
5.4081e-05
3.43726e-05
3.81226e-05
4.07403e-05
4.11612e-05
3.94485e-05
3.6091e-05
3.41881e-05
8.44925e-05
0.0001273
0.000182692
0.000237523
0.000273154
0.000289504
0.000295416
0.000297238
0.000297736
0.000297859
0.000297886
0.000297885
0.000297858
0.000297734
0.000297235
0.000295403
0.000289425
0.000272803
0.000236503
0.000181012
0.000125992
8.4632e-05
3.53461e-05
3.59614e-05
3.94799e-05
4.12269e-05
4.07848e-05
3.82656e-05
3.46838e-05
4.0501e-05
9.61268e-05
0.000140764
0.000197425
0.000248267
0.000278474
0.000291505
0.000296039
0.000297401
0.000297768
0.000297857
0.000297877
0.000297881
0.000297881
0.000297881
0.000297881
0.00029788
0.00029788
0.000297879
0.000297879
0.000297879
0.000297879
0.000297878
0.000297878
0.000297878
0.000297878
0.000297877
0.000297877
0.000297877
0.000297877
0.000297877
0.000297877
0.000297877
0.000297876
0.000297876
0.000297876
0.000297876
0.000297876
0.000297876
0.000297876
0.000297876
0.000297876
0.000297876
0.000297876
0.000297876
0.000297876
0.000297876
0.000297876
0.000297876
0.000297876
0.000297876
0.000297876
0.000297876
0.000297876
0.000297876
0.000297876
0.000297876
0.000297876
0.000297876
0.000297876
0.000297876
0.000297876
0.000297876
0.000297876
0.000297876
0.000297876
0.000297876
0.000297873
0.000297873
0.000297873
0.000297873
0.000297873
0.000297873
0.000297873
0.000297873
0.000297873
0.000297874
0.000297874
0.000297874
0.000297874
0.000297875
0.000297875
0.000297875
0.000297876
0.000297876
0.000297876
0.000297877
0.000297877
0.000297878
0.000297878
0.000297879
0.000297879
0.00029788
0.00029788
0.000297881
0.000297881
0.000297882
0.000297882
0.000297882
0.000297883
0.000297883
0.000297883
0.000297882
0.00029788
0.000297874
0.000297854
0.00029778
0.000297509
0.000296613
0.000294051
0.000287236
0.000262849
0.000210885
0.000159816
0.000129815
0.000117366
0.000114798
0.000117873
0.000136346
0.000165527
0.000203851
0.000242455
0.000271009
0.000286901
0.000293956
0.000296491
0.000296766
0.00029503
0.000288666
0.000271402
0.000235161
0.000181578
0.00012886
8.8604e-05
3.49808e-05
3.58508e-05
3.95003e-05
4.11961e-05
4.05807e-05
3.8032e-05
3.45502e-05
4.05378e-05
9.6239e-05
0.00014524
0.000205104
0.000254903
0.000282127
0.000293015
0.000296558
0.000297559
0.000297812
0.00029787
0.000297879
0.000297864
0.00029779
0.000297478
0.0002963
0.000292316
0.000280641
0.000252852
0.000204213
0.000147296
0.000101211
5.44259e-05
3.43524e-05
3.81221e-05
4.07358e-05
4.11443e-05
3.94173e-05
3.60491e-05
3.41698e-05
8.48626e-05
0.000127788
0.000183262
0.000237948
0.00027336
0.000289572
0.000295425
0.000297226
0.000297718
0.00029784
0.000297866
0.000297866
0.000297838
0.000297712
0.000297207
0.000295352
0.000289303
0.000272502
0.000235896
0.000180165
0.0001252
8.39157e-05
3.50649e-05
3.60016e-05
3.95076e-05
4.122e-05
4.07362e-05
3.8172e-05
3.45842e-05
4.11218e-05
9.65063e-05
0.000141358
0.000198198
0.000248871
0.000278778
0.000291612
0.000296061
0.000297394
0.000297751
0.000297838
0.000297857
0.000297861
0.000297861
0.000297861
0.000297861
0.00029786
0.00029786
0.00029786
0.000297859
0.000297859
0.000297859
0.000297858
0.000297858
0.000297858
0.000297858
0.000297857
0.000297857
0.000297857
0.000297857
0.000297857
0.000297857
0.000297857
0.000297857
0.000297856
0.000297856
0.000297856
0.000297856
0.000297856
0.000297856
0.000297856
0.000297856
0.000297856
0.000297856
0.000297856
0.000297856
0.000297856
0.000297856
0.000297856
0.000297856
0.000297856
0.000297856
0.000297856
0.000297856
0.000297856
0.000297856
0.000297856
0.000297856
0.000297856
0.000297856
0.000297856
0.000297856
0.000297856
0.000297856
0.000297856
0.000297856
0.000297856
0.000297853
0.000297853
0.000297853
0.000297853
0.000297853
0.000297853
0.000297853
0.000297853
0.000297854
0.000297854
0.000297854
0.000297854
0.000297855
0.000297855
0.000297855
0.000297856
0.000297856
0.000297856
0.000297857
0.000297857
0.000297858
0.000297858
0.000297859
0.000297859
0.00029786
0.00029786
0.000297861
0.000297862
0.000297862
0.000297863
0.000297863
0.000297864
0.000297864
0.000297864
0.000297864
0.000297863
0.00029786
0.000297852
0.000297829
0.000297752
0.000297479
0.000296628
0.000294623
0.000284756
0.000247528
0.000188205
0.000143984
0.000123093
0.000117131
0.000116549
0.000128135
0.000150828
0.000185353
0.000226069
0.00026085
0.000282228
0.000292233
0.000296046
0.000297181
0.000296975
0.000295071
0.000288664
0.000271407
0.000235156
0.00018144
0.000128526
8.81769e-05
3.50409e-05
3.58598e-05
3.95288e-05
4.11974e-05
4.05501e-05
3.79654e-05
3.44656e-05
4.18475e-05
9.68098e-05
0.000145903
0.000205732
0.000255282
0.000282279
0.000293054
0.000296556
0.000297544
0.000297794
0.000297851
0.000297859
0.000297845
0.00029777
0.000297458
0.000296282
0.000292301
0.000280643
0.000252903
0.000204348
0.000147487
0.000101393
5.47326e-05
3.43342e-05
3.81233e-05
4.07317e-05
4.11268e-05
3.93844e-05
3.60048e-05
3.41552e-05
8.52494e-05
0.000128289
0.000183841
0.000238377
0.000273568
0.00028964
0.000295434
0.000297215
0.000297701
0.000297821
0.000297846
0.000297846
0.000297817
0.00029769
0.000297178
0.000295301
0.000289181
0.000272205
0.000235301
0.00017934
0.000124425
8.31886e-05
3.47971e-05
3.60447e-05
3.95359e-05
4.12126e-05
4.06857e-05
3.80747e-05
3.44823e-05
4.18228e-05
9.68882e-05
0.000141986
0.00019902
0.000249512
0.000279098
0.000291725
0.000296084
0.000297386
0.000297734
0.000297819
0.000297838
0.000297841
0.000297841
0.000297841
0.000297841
0.00029784
0.00029784
0.00029784
0.000297839
0.000297839
0.000297839
0.000297838
0.000297838
0.000297838
0.000297838
0.000297837
0.000297837
0.000297837
0.000297837
0.000297837
0.000297837
0.000297837
0.000297837
0.000297837
0.000297836
0.000297836
0.000297836
0.000297836
0.000297836
0.000297836
0.000297836
0.000297836
0.000297836
0.000297836
0.000297836
0.000297836
0.000297836
0.000297836
0.000297836
0.000297836
0.000297836
0.000297836
0.000297836
0.000297836
0.000297836
0.000297836
0.000297836
0.000297836
0.000297836
0.000297836
0.000297836
0.000297836
0.000297836
0.000297836
0.000297836
0.000297836
0.000297833
0.000297833
0.000297833
0.000297833
0.000297833
0.000297833
0.000297833
0.000297834
0.000297834
0.000297834
0.000297834
0.000297835
0.000297835
0.000297835
0.000297836
0.000297836
0.000297836
0.000297837
0.000297837
0.000297838
0.000297838
0.000297839
0.000297839
0.00029784
0.000297841
0.000297841
0.000297842
0.000297842
0.000297843
0.000297844
0.000297844
0.000297845
0.000297845
0.000297846
0.000297845
0.000297844
0.00029784
0.00029783
0.000297808
0.000297745
0.000297532
0.00029684
0.000295138
0.000280034
0.000228735
0.000167987
0.000132737
0.000120036
0.000117898
0.000121805
0.000139683
0.00016903
0.000208166
0.000247275
0.000275011
0.000289328
0.000295104
0.000297032
0.000297462
0.000297052
0.000295065
0.000288634
0.000271355
0.000235036
0.000181172
0.000128102
8.76575e-05
3.50461e-05
3.5877e-05
3.95558e-05
4.11972e-05
4.05194e-05
3.78996e-05
3.43831e-05
4.35257e-05
9.74347e-05
0.000146614
0.000206401
0.000255688
0.000282443
0.000293097
0.000296554
0.000297529
0.000297775
0.000297831
0.000297839
0.000297825
0.00029775
0.000297439
0.000296262
0.000292283
0.000280637
0.000252932
0.00020445
0.000147647
0.000101554
5.50013e-05
3.43179e-05
3.81259e-05
4.07277e-05
4.11084e-05
3.93497e-05
3.59581e-05
3.41443e-05
8.56529e-05
0.000128804
0.00018443
0.000238811
0.000273779
0.000289711
0.000295444
0.000297204
0.000297683
0.000297801
0.000297827
0.000297826
0.000297797
0.000297668
0.00029715
0.00029525
0.000289061
0.000271914
0.000234726
0.000178551
0.000123682
8.24594e-05
3.45466e-05
3.60907e-05
3.95649e-05
4.12048e-05
4.06334e-05
3.79736e-05
3.43786e-05
4.26157e-05
9.72799e-05
0.00014266
0.000199906
0.000250197
0.000279439
0.000291845
0.00029611
0.000297379
0.000297718
0.0002978
0.000297818
0.000297821
0.000297822
0.000297821
0.000297821
0.00029782
0.00029782
0.00029782
0.000297819
0.000297819
0.000297819
0.000297818
0.000297818
0.000297818
0.000297818
0.000297818
0.000297817
0.000297817
0.000297817
0.000297817
0.000297817
0.000297817
0.000297817
0.000297817
0.000297817
0.000297817
0.000297816
0.000297816
0.000297816
0.000297816
0.000297816
0.000297816
0.000297816
0.000297816
0.000297816
0.000297816
0.000297816
0.000297816
0.000297816
0.000297816
0.000297816
0.000297816
0.000297816
0.000297816
0.000297816
0.000297816
0.000297816
0.000297816
0.000297816
0.000297817
0.000297817
0.000297817
0.000297817
0.000297817
0.000297817
0.000297817
0.000297813
0.000297813
0.000297813
0.000297813
0.000297813
0.000297813
0.000297814
0.000297814
0.000297814
0.000297814
0.000297814
0.000297815
0.000297815
0.000297815
0.000297816
0.000297816
0.000297817
0.000297817
0.000297818
0.000297818
0.000297819
0.000297819
0.00029782
0.000297821
0.000297821
0.000297822
0.000297823
0.000297823
0.000297824
0.000297825
0.000297825
0.000297826
0.000297827
0.000297827
0.000297826
0.000297824
0.00029782
0.000297812
0.00029781
0.000297868
0.000298175
0.000298988
0.000297109
0.00027189
0.000206743
0.000151413
0.000126146
0.000120472
0.000121014
0.000134626
0.000159104
0.000194333
0.000233899
0.000266224
0.000285191
0.000293587
0.000296586
0.000297473
0.000297567
0.000297067
0.000295043
0.000288589
0.000271269
0.00023486
0.000180853
0.00012767
8.71552e-05
3.50178e-05
3.58972e-05
3.95808e-05
4.11958e-05
4.04892e-05
3.78357e-05
3.43027e-05
4.52109e-05
9.80917e-05
0.000147374
0.000207118
0.000256126
0.000282622
0.000293145
0.000296554
0.000297514
0.000297756
0.000297811
0.00029782
0.000297805
0.00029773
0.000297419
0.000296242
0.000292264
0.000280623
0.000252943
0.000204519
0.000147776
0.000101697
5.52344e-05
3.43029e-05
3.81292e-05
4.07235e-05
4.10891e-05
3.93132e-05
3.5909e-05
3.41377e-05
8.60744e-05
0.000129335
0.000185032
0.000239255
0.000273996
0.000289784
0.000295455
0.000297193
0.000297666
0.000297782
0.000297807
0.000297806
0.000297777
0.000297646
0.000297122
0.0002952
0.000288945
0.000271637
0.000234184
0.000177813
0.000122984
8.17389e-05
3.43172e-05
3.61391e-05
3.95944e-05
4.11964e-05
4.0579e-05
3.78683e-05
3.42733e-05
4.35147e-05
9.76927e-05
0.000143399
0.000200872
0.000250936
0.000279803
0.000291974
0.000296138
0.000297373
0.000297702
0.000297781
0.000297798
0.000297801
0.000297802
0.000297801
0.000297801
0.0002978
0.0002978
0.0002978
0.000297799
0.000297799
0.000297799
0.000297798
0.000297798
0.000297798
0.000297798
0.000297798
0.000297797
0.000297797
0.000297797
0.000297797
0.000297797
0.000297797
0.000297797
0.000297797
0.000297797
0.000297797
0.000297797
0.000297797
0.000297797
0.000297796
0.000297796
0.000297796
0.000297796
0.000297796
0.000297796
0.000297796
0.000297796
0.000297797
0.000297797
0.000297797
0.000297797
0.000297797
0.000297797
0.000297797
0.000297797
0.000297797
0.000297797
0.000297797
0.000297797
0.000297797
0.000297797
0.000297797
0.000297797
0.000297797
0.000297797
0.000297797
0.000297793
0.000297793
0.000297793
0.000297793
0.000297793
0.000297794
0.000297794
0.000297794
0.000297794
0.000297794
0.000297795
0.000297795
0.000297795
0.000297796
0.000297796
0.000297796
0.000297797
0.000297797
0.000297798
0.000297799
0.000297799
0.0002978
0.0002978
0.000297801
0.000297802
0.000297803
0.000297803
0.000297804
0.000297805
0.000297806
0.000297807
0.000297807
0.000297808
0.000297808
0.000297807
0.000297805
0.000297804
0.000297815
0.000297928
0.000298608
0.000301581
0.000304944
0.000299898
0.000260816
0.000185174
0.000139436
0.000124121
0.00012215
0.000131751
0.000154187
0.000186811
0.000224955
0.000258769
0.00028085
0.000291703
0.000295931
0.0002973
0.000297654
0.0002976
0.000297055
0.000295013
0.000288539
0.000271174
0.000234671
0.000180536
0.000127266
8.6691e-05
3.49667e-05
3.59188e-05
3.96037e-05
4.11936e-05
4.04598e-05
3.77739e-05
3.42232e-05
4.66355e-05
9.87687e-05
0.000148189
0.000207893
0.000256601
0.000282818
0.000293198
0.000296555
0.000297499
0.000297738
0.000297792
0.0002978
0.000297785
0.00029771
0.000297398
0.000296221
0.000292243
0.000280603
0.000252938
0.00020456
0.000147875
0.00010182
5.54363e-05
3.42885e-05
3.81324e-05
4.07185e-05
4.10685e-05
3.92747e-05
3.58574e-05
3.41357e-05
8.65169e-05
0.000129885
0.000185652
0.000239713
0.00027422
0.00028986
0.000295467
0.000297182
0.000297648
0.000297763
0.000297787
0.000297786
0.000297756
0.000297624
0.000297094
0.000295152
0.000288836
0.000271379
0.000233685
0.000177143
0.000122346
8.10403e-05
3.41117e-05
3.61896e-05
3.9624e-05
4.11871e-05
4.05224e-05
3.77587e-05
3.41669e-05
4.45367e-05
9.81425e-05
0.000144227
0.00020194
0.000251741
0.000280196
0.000292111
0.000296169
0.000297368
0.000297685
0.000297762
0.000297778
0.000297781
0.000297782
0.000297781
0.000297781
0.00029778
0.00029778
0.00029778
0.000297779
0.000297779
0.000297779
0.000297778
0.000297778
0.000297778
0.000297778
0.000297777
0.000297777
0.000297777
0.000297777
0.000297777
0.000297777
0.000297777
0.000297777
0.000297777
0.000297777
0.000297777
0.000297777
0.000297777
0.000297777
0.000297777
0.000297777
0.000297777
0.000297777
0.000297777
0.000297777
0.000297777
0.000297777
0.000297777
0.000297777
0.000297777
0.000297777
0.000297777
0.000297777
0.000297777
0.000297777
0.000297777
0.000297777
0.000297777
0.000297777
0.000297777
0.000297777
0.000297777
0.000297777
0.000297777
0.000297777
0.000297777
0.000297773
0.000297773
0.000297773
0.000297773
0.000297774
0.000297774
0.000297774
0.000297774
0.000297774
0.000297774
0.000297775
0.000297775
0.000297775
0.000297776
0.000297776
0.000297777
0.000297777
0.000297778
0.000297778
0.000297779
0.00029778
0.00029778
0.000297781
0.000297782
0.000297783
0.000297783
0.000297784
0.000297785
0.000297786
0.000297787
0.000297788
0.000297788
0.000297789
0.000297789
0.00029779
0.000297792
0.000297809
0.000297916
0.000298492
0.000301292
0.000311525
0.00031393
0.000302633
0.00024701
0.000166259
0.000132124
0.000124593
0.000126748
0.000148001
0.000180466
0.000219155
0.000254033
0.000277672
0.000290043
0.000295242
0.000297063
0.000297605
0.000297714
0.000297602
0.000297035
0.000294983
0.000288493
0.00027109
0.000234506
0.00018026
0.000126914
8.62706e-05
3.48853e-05
3.59416e-05
3.96247e-05
4.11905e-05
4.04308e-05
3.77139e-05
3.41444e-05
4.79078e-05
9.94905e-05
0.000149074
0.000208738
0.000257123
0.000283035
0.000293259
0.000296558
0.000297485
0.000297719
0.000297772
0.00029778
0.000297765
0.00029769
0.000297378
0.000296201
0.000292221
0.00028058
0.000252922
0.000204578
0.00014795
0.000101927
5.56131e-05
3.4274e-05
3.81348e-05
4.07124e-05
4.10465e-05
3.92341e-05
3.58032e-05
3.41393e-05
8.69857e-05
0.000130463
0.000186298
0.000240188
0.000274454
0.00028994
0.00029548
0.000297172
0.000297631
0.000297743
0.000297767
0.000297766
0.000297736
0.000297603
0.000297067
0.000295107
0.000288736
0.000271147
0.000233244
0.000176558
0.000121786
8.03804e-05
3.3932e-05
3.62412e-05
3.96529e-05
4.11767e-05
4.04636e-05
3.76444e-05
3.40598e-05
4.57024e-05
9.86522e-05
0.000145172
0.000203136
0.000252625
0.000280623
0.00029226
0.000296203
0.000297363
0.000297669
0.000297743
0.000297759
0.000297762
0.000297762
0.000297761
0.000297761
0.00029776
0.00029776
0.000297759
0.000297759
0.000297759
0.000297758
0.000297758
0.000297758
0.000297758
0.000297758
0.000297757
0.000297757
0.000297757
0.000297757
0.000297757
0.000297757
0.000297757
0.000297757
0.000297757
0.000297757
0.000297757
0.000297757
0.000297757
0.000297757
0.000297757
0.000297757
0.000297757
0.000297757
0.000297757
0.000297757
0.000297757
0.000297757
0.000297757
0.000297757
0.000297757
0.000297757
0.000297757
0.000297757
0.000297757
0.000297757
0.000297757
0.000297757
0.000297757
0.000297757
0.000297757
0.000297757
0.000297757
0.000297757
0.000297757
0.000297757
0.000297757
0.000297753
0.000297753
0.000297753
0.000297753
0.000297754
0.000297754
0.000297754
0.000297754
0.000297754
0.000297755
0.000297755
0.000297755
0.000297756
0.000297756
0.000297756
0.000297757
0.000297757
0.000297758
0.000297759
0.000297759
0.00029776
0.000297761
0.000297761
0.000297762
0.000297763
0.000297764
0.000297765
0.000297766
0.000297767
0.000297768
0.000297769
0.00029777
0.000297771
0.000297773
0.000297779
0.000297803
0.000297912
0.000298409
0.000300604
0.000309107
0.000325291
0.000325105
0.000306576
0.000236132
0.000152958
0.000129559
0.000126464
0.000140205
0.000170749
0.000211509
0.000249694
0.000275511
0.000288966
0.000294737
0.000296854
0.000297529
0.000297712
0.000297723
0.000297588
0.000297013
0.000294956
0.000288458
0.000271033
0.000234399
0.000180066
0.000126638
8.59024e-05
3.47924e-05
3.5964e-05
3.96434e-05
4.11864e-05
4.0402e-05
3.76554e-05
3.40671e-05
4.93452e-05
0.000100309
0.000150055
0.000209676
0.000257704
0.000283277
0.000293329
0.000296564
0.000297472
0.0002977
0.000297752
0.00029776
0.000297745
0.00029767
0.000297358
0.000296181
0.000292201
0.000280559
0.000252902
0.000204581
0.000148004
0.00010202
5.57713e-05
3.42583e-05
3.81354e-05
4.07046e-05
4.10227e-05
3.91911e-05
3.5746e-05
3.41494e-05
8.7489e-05
0.000131078
0.00018698
0.000240689
0.000274701
0.000290025
0.000295495
0.000297162
0.000297614
0.000297724
0.000297747
0.000297746
0.000297715
0.000297581
0.000297041
0.000295066
0.00028865
0.000270954
0.000232882
0.000176082
0.000121323
7.97809e-05
3.37791e-05
3.62923e-05
3.96805e-05
4.11652e-05
4.04024e-05
3.75254e-05
3.39526e-05
4.70373e-05
9.92527e-05
0.000146273
0.000204494
0.000253605
0.000281088
0.000292422
0.00029624
0.000297359
0.000297653
0.000297724
0.000297739
0.000297741
0.000297742
0.000297741
0.000297741
0.00029774
0.00029774
0.000297739
0.000297739
0.000297739
0.000297738
0.000297738
0.000297738
0.000297738
0.000297738
0.000297737
0.000297737
0.000297737
0.000297737
0.000297737
0.000297737
0.000297737
0.000297737
0.000297737
0.000297737
0.000297737
0.000297737
0.000297737
0.000297737
0.000297737
0.000297737
0.000297737
0.000297737
0.000297737
0.000297737
0.000297737
0.000297737
0.000297737
0.000297737
0.000297737
0.000297737
0.000297737
0.000297737
0.000297737
0.000297737
0.000297737
0.000297737
0.000297737
0.000297737
0.000297737
0.000297737
0.000297737
0.000297737
0.000297737
0.000297737
0.000297737
0.000297733
0.000297733
0.000297733
0.000297734
0.000297734
0.000297734
0.000297734
0.000297734
0.000297734
0.000297735
0.000297735
0.000297735
0.000297736
0.000297736
0.000297737
0.000297737
0.000297738
0.000297738
0.000297739
0.000297739
0.00029774
0.000297741
0.000297742
0.000297743
0.000297744
0.000297745
0.000297746
0.000297747
0.000297748
0.000297749
0.00029775
0.000297752
0.000297755
0.000297766
0.000297802
0.00029793
0.000298399
0.000300237
0.00030742
0.000331276
0.000344041
0.000339456
0.00031349
0.000231757
0.000147307
0.000130975
0.000131618
0.000156065
0.000198229
0.000242348
0.000272799
0.000288133
0.000294445
0.000296726
0.000297469
0.000297686
0.000297735
0.000297713
0.000297569
0.000296991
0.000294936
0.000288442
0.000271026
0.000234383
0.000179991
0.000126468
8.55944e-05
3.46896e-05
3.59846e-05
3.96592e-05
4.11809e-05
4.03728e-05
3.75976e-05
3.39923e-05
5.12524e-05
0.000101272
0.000151163
0.000210732
0.000258359
0.000283551
0.000293409
0.000296573
0.000297459
0.000297682
0.000297732
0.000297739
0.000297725
0.00029765
0.000297339
0.000296163
0.000292185
0.000280544
0.000252887
0.00020458
0.000148047
0.000102105
5.59185e-05
3.42409e-05
3.81333e-05
4.06938e-05
4.09967e-05
3.91453e-05
3.56855e-05
3.41676e-05
8.80383e-05
0.000131743
0.000187711
0.000241225
0.000274966
0.000290118
0.000295513
0.000297153
0.000297597
0.000297705
0.000297727
0.000297725
0.000297695
0.00029756
0.000297017
0.000295032
0.000288585
0.000270815
0.000232628
0.000175749
0.000120979
7.92672e-05
3.36523e-05
3.63409e-05
3.97056e-05
4.11519e-05
4.03389e-05
3.74014e-05
3.3846e-05
4.85734e-05
9.99843e-05
0.000147581
0.000206051
0.000254699
0.000281599
0.000292598
0.000296281
0.000297356
0.000297637
0.000297705
0.000297719
0.000297721
0.000297721
0.000297721
0.00029772
0.00029772
0.00029772
0.000297719
0.000297719
0.000297718
0.000297718
0.000297718
0.000297718
0.000297718
0.000297717
0.000297717
0.000297717
0.000297717
0.000297717
0.000297717
0.000297717
0.000297717
0.000297717
0.000297717
0.000297717
0.000297717
0.000297717
0.000297717
0.000297717
0.000297717
0.000297717
0.000297717
0.000297717
0.000297717
0.000297717
0.000297717
0.000297717
0.000297717
0.000297717
0.000297717
0.000297717
0.000297717
0.000297717
0.000297717
0.000297717
0.000297717
0.000297717
0.000297717
0.000297717
0.000297717
0.000297717
0.000297717
0.000297717
0.000297717
0.000297717
0.000297717
0.000297713
0.000297713
0.000297713
0.000297714
0.000297714
0.000297714
0.000297714
0.000297714
0.000297714
0.000297715
0.000297715
0.000297715
0.000297716
0.000297716
0.000297717
0.000297717
0.000297718
0.000297718
0.000297719
0.00029772
0.00029772
0.000297721
0.000297722
0.000297723
0.000297724
0.000297725
0.000297726
0.000297727
0.000297729
0.00029773
0.000297732
0.000297737
0.000297752
0.000297803
0.00029797
0.000298505
0.000300186
0.000305774
0.000324623
0.000359158
0.000366487
0.000355937
0.000325624
0.000255128
0.000163631
0.000139298
0.000153983
0.000190358
0.000235063
0.000269423
0.000287174
0.000294239
0.000296669
0.000297436
0.000297661
0.00029772
0.000297727
0.000297695
0.000297548
0.000296973
0.000294925
0.000288457
0.000271096
0.000234513
0.0001801
0.000126459
8.54141e-05
3.45809e-05
3.60016e-05
3.96712e-05
4.11735e-05
4.03424e-05
3.75389e-05
3.392e-05
5.36877e-05
0.000102388
0.000152424
0.000211938
0.000259105
0.000283864
0.000293502
0.000296585
0.000297447
0.000297663
0.000297712
0.000297719
0.000297705
0.00029763
0.00029732
0.000296147
0.000292176
0.000280543
0.000252893
0.000204592
0.000148089
0.000102188
5.60682e-05
3.42175e-05
3.81258e-05
4.06804e-05
4.09678e-05
3.90961e-05
3.56208e-05
3.41966e-05
8.86363e-05
0.000132471
0.000188508
0.000241809
0.000275257
0.000290222
0.000295534
0.000297145
0.00029758
0.000297685
0.000297707
0.000297705
0.000297675
0.000297539
0.000296994
0.000295005
0.000288547
0.000270747
0.000232512
0.000175594
0.000120786
7.88525e-05
3.35498e-05
3.63845e-05
3.97269e-05
4.11367e-05
4.02731e-05
3.7272e-05
3.37404e-05
5.03524e-05
0.000100901
0.000149164
0.000207857
0.00025593
0.000282163
0.00029279
0.000296327
0.000297354
0.000297622
0.000297686
0.000297699
0.000297701
0.000297701
0.000297701
0.0002977
0.0002977
0.000297699
0.000297699
0.000297699
0.000297698
0.000297698
0.000297698
0.000297698
0.000297698
0.000297697
0.000297697
0.000297697
0.000297697
0.000297697
0.000297697
0.000297697
0.000297697
0.000297697
0.000297697
0.000297697
0.000297697
0.000297697
0.000297697
0.000297697
0.000297697
0.000297697
0.000297697
0.000297697
0.000297697
0.000297697
0.000297697
0.000297697
0.000297697
0.000297697
0.000297697
0.000297697
0.000297697
0.000297697
0.000297698
0.000297698
0.000297698
0.000297698
0.000297698
0.000297698
0.000297698
0.000297698
0.000297698
0.000297698
0.000297698
0.000297698
0.000297698
0.000297694
0.000297694
0.000297694
0.000297694
0.000297694
0.000297694
0.000297694
0.000297695
0.000297695
0.000297695
0.000297695
0.000297696
0.000297696
0.000297696
0.000297697
0.000297697
0.000297698
0.000297699
0.000297699
0.0002977
0.000297701
0.000297702
0.000297703
0.000297704
0.000297705
0.000297706
0.000297707
0.000297708
0.00029771
0.000297713
0.00029772
0.000297738
0.000297798
0.000297998
0.000298649
0.000300588
0.000305853
0.00032012
0.000364942
0.000394626
0.000393707
0.000374991
0.000340264
0.000296044
0.000222668
0.000176824
0.00020647
0.000241116
0.000270215
0.000287056
0.000294196
0.000296666
0.000297426
0.000297644
0.000297702
0.000297714
0.000297709
0.000297675
0.000297529
0.000296958
0.000294928
0.000288513
0.000271266
0.000234832
0.00018045
0.000126651
8.54175e-05
3.44699e-05
3.60134e-05
3.96786e-05
4.1163e-05
4.03098e-05
3.7477e-05
3.38476e-05
5.63326e-05
0.000103627
0.000153868
0.000213333
0.00025997
0.000284227
0.000293611
0.000296602
0.000297436
0.000297645
0.000297692
0.000297699
0.000297684
0.000297611
0.000297303
0.000296136
0.000292178
0.000280569
0.000252938
0.000204642
0.00014815
0.000102279
5.62395e-05
3.4189e-05
3.81105e-05
4.06622e-05
4.09353e-05
3.90425e-05
3.55509e-05
3.42405e-05
8.93051e-05
0.000133286
0.000189396
0.000242461
0.000275583
0.00029034
0.00029556
0.000297139
0.000297563
0.000297666
0.000297687
0.000297685
0.000297654
0.000297519
0.000296975
0.000294989
0.00028854
0.000270763
0.000232563
0.000175663
0.000120807
7.86684e-05
3.34686e-05
3.64197e-05
3.97429e-05
4.11189e-05
4.02051e-05
3.71368e-05
3.36363e-05
5.24294e-05
0.000102077
0.000151103
0.000209968
0.000257322
0.000282787
0.000293001
0.000296377
0.000297353
0.000297607
0.000297667
0.000297679
0.000297682
0.000297681
0.000297681
0.00029768
0.00029768
0.00029768
0.000297679
0.000297679
0.000297679
0.000297678
0.000297678
0.000297678
0.000297678
0.000297678
0.000297678
0.000297678
0.000297678
0.000297678
0.000297678
0.000297678
0.000297678
0.000297678
0.000297678
0.000297678
0.000297678
0.000297678
0.000297678
0.000297678
0.000297678
0.000297678
0.000297678
0.000297678
0.000297678
0.000297678
0.000297678
0.000297678
0.000297678
0.000297678
0.000297678
0.000297678
0.000297678
0.000297678
0.000297678
0.000297678
0.000297678
0.000297679
0.000297679
0.000297679
0.000297679
0.000297679
0.000297679
0.000297679
0.000297679
0.000297679
0.000297679
0.000297675
0.000297675
0.000297675
0.000297675
0.000297676
0.000297676
0.000297676
0.000297676
0.000297676
0.000297676
0.000297677
0.000297677
0.000297677
0.000297678
0.000297678
0.000297679
0.000297679
0.00029768
0.000297681
0.000297681
0.000297682
0.000297683
0.000297684
0.000297685
0.000297686
0.000297687
0.000297689
0.000297691
0.000297695
0.000297703
0.000297725
0.000297789
0.000297996
0.000298671
0.000300784
0.000306852
0.000321913
0.000352647
0.000410211
0.000432577
0.000424992
0.000395314
0.000352762
0.000316138
0.000282565
0.000253776
0.000264696
0.000278972
0.000289396
0.000294704
0.000296769
0.000297439
0.000297633
0.000297684
0.000297696
0.000297697
0.000297689
0.000297654
0.00029751
0.000296948
0.000294948
0.00028862
0.000271567
0.000235397
0.000181113
0.000127114
8.55944e-05
3.43613e-05
3.60198e-05
3.96809e-05
4.115e-05
4.02738e-05
3.74092e-05
3.37714e-05
5.88266e-05
0.000104973
0.000155546
0.000214976
0.000260985
0.000284653
0.000293741
0.000296625
0.000297426
0.000297627
0.000297673
0.000297679
0.000297665
0.000297592
0.000297287
0.000296131
0.000292199
0.000280636
0.000253054
0.000204766
0.000148256
0.000102397
5.64655e-05
3.41523e-05
3.80877e-05
4.06383e-05
4.0898e-05
3.89829e-05
3.54738e-05
3.43051e-05
9.00803e-05
0.000134225
0.000190413
0.000243207
0.00027596
0.000290479
0.000295594
0.000297135
0.000297547
0.000297647
0.000297668
0.000297665
0.000297635
0.0002975
0.00029696
0.000294988
0.000288583
0.000270909
0.000232867
0.000176042
0.000121067
7.86977e-05
3.34046e-05
3.6445e-05
3.97527e-05
4.10981e-05
4.01347e-05
3.69954e-05
3.35343e-05
5.48821e-05
0.000103617
0.000153507
0.00021245
0.000258902
0.000283481
0.000293233
0.000296434
0.000297354
0.000297593
0.000297649
0.000297661
0.000297663
0.000297663
0.000297663
0.000297662
0.000297662
0.000297661
0.000297661
0.000297661
0.000297661
0.000297661
0.00029766
0.00029766
0.00029766
0.00029766
0.00029766
0.00029766
0.00029766
0.00029766
0.00029766
0.00029766
0.00029766
0.00029766
0.00029766
0.00029766
0.000297661
0.000297661
0.000297661
0.000297661
0.000297661
0.000297661
0.000297661
0.000297661
0.000297661
0.000297661
0.000297661
0.000297661
0.000297661
0.000297661
0.000297662
0.000297662
0.000297662
0.000297662
0.000297662
0.000297662
0.000297662
0.000297662
0.000297662
0.000297662
0.000297662
0.000297662
0.000297662
0.000297662
0.000297662
0.000297662
0.000297662
0.000297662
0.000297662
0.000297662
0.000297662
0.000297662
0.000297662
0.000297662
0.000297662
0.000297662
0.000297663
0.000297663
0.000297663
0.000297663
0.000297664
0.000297664
0.000297664
0.000297665
0.000297665
0.000297665
0.000297666
0.000297667
0.000297667
0.000297668
0.000297669
0.00029767
0.000297671
0.000297673
0.000297678
0.000297689
0.000297715
0.000297787
0.000297992
0.000298613
0.000300508
0.000306107
0.00032173
0.00036091
0.000415373
0.000464414
0.000473587
0.000456918
0.000414252
0.000361648
0.000321069
0.000299345
0.000289143
0.000290234
0.0002934
0.000295811
0.00029702
0.000297482
0.000297628
0.000297669
0.000297679
0.00029768
0.000297678
0.00029767
0.000297636
0.000297495
0.000296945
0.00029499
0.000288792
0.000272033
0.000236277
0.000182181
0.000127932
8.60933e-05
3.42441e-05
3.60035e-05
3.96694e-05
4.1132e-05
4.02332e-05
3.73323e-05
3.36881e-05
6.11187e-05
0.000106467
0.000157542
0.000216948
0.000262196
0.000285158
0.000293897
0.000296655
0.00029742
0.000297611
0.000297654
0.00029766
0.000297646
0.000297575
0.000297276
0.000296136
0.000292247
0.000280769
0.000253285
0.000205017
0.000148447
0.000102564
5.67946e-05
3.41043e-05
3.80534e-05
4.06067e-05
4.08541e-05
3.89152e-05
3.53868e-05
3.43998e-05
9.10074e-05
0.000135335
0.000191607
0.000244086
0.000276408
0.000290648
0.000295638
0.000297135
0.000297534
0.00029763
0.00029765
0.000297647
0.000297618
0.000297485
0.000296952
0.000295008
0.000288688
0.000271221
0.000233491
0.000176821
0.000121648
7.89613e-05
3.33505e-05
3.64543e-05
3.97522e-05
4.10733e-05
4.0062e-05
3.68474e-05
3.34354e-05
5.78405e-05
0.000105673
0.00015651
0.000215378
0.0002607
0.000284255
0.00029349
0.0002965
0.000297361
0.000297584
0.000297637
0.000297648
0.00029765
0.00029765
0.00029765
0.00029765
0.00029765
0.00029765
0.00029765
0.00029765
0.00029765
0.00029765
0.00029765
0.00029765
0.00029765
0.00029765
0.00029765
0.00029765
0.00029765
0.000297651
0.000297651
0.000297651
0.000297651
0.000297651
0.000297651
0.000297651
0.000297652
0.000297652
0.000297652
0.000297652
0.000297652
0.000297652
0.000297653
0.000297653
0.000297653
0.000297653
0.000297653
0.000297653
0.000297653
0.000297653
0.000297653
0.000297654
0.000297654
0.000297654
0.000297654
0.000297654
0.000297654
0.000297654
0.000297654
0.000297654
0.000297654
0.000297654
0.000297654
0.000297654
0.000297654
0.000297654
0.000297654
0.000297667
0.000297667
0.000297667
0.000297667
0.000297667
0.000297667
0.000297666
0.000297666
0.000297666
0.000297666
0.000297666
0.000297666
0.000297666
0.000297665
0.000297665
0.000297665
0.000297665
0.000297665
0.000297664
0.000297664
0.000297664
0.000297664
0.000297664
0.000297664
0.000297664
0.000297666
0.00029767
0.000297682
0.000297715
0.000297798
0.000298014
0.000298595
0.000300213
0.00030473
0.000316917
0.000348026
0.000424171
0.000487361
0.000518456
0.000514557
0.000484878
0.000427536
0.000365325
0.000321234
0.000301606
0.00029699
0.00029649
0.000296917
0.000297332
0.00029755
0.000297635
0.000297661
0.000297667
0.000297668
0.000297667
0.000297664
0.000297656
0.000297623
0.000297487
0.000296955
0.000295062
0.000289048
0.000272707
0.000237559
0.000183772
0.00012921
8.70283e-05
3.41876e-05
3.59724e-05
3.96499e-05
4.1108e-05
4.01863e-05
3.72429e-05
3.35959e-05
6.33783e-05
0.000108212
0.000159991
0.000219361
0.000263657
0.000285763
0.000294087
0.000296699
0.000297421
0.000297601
0.000297642
0.000297648
0.000297634
0.000297564
0.000297273
0.000296158
0.000292339
0.000281004
0.000253698
0.000205479
0.000148783
0.000102814
5.72878e-05
3.4042e-05
3.8003e-05
4.05647e-05
4.08013e-05
3.88358e-05
3.52859e-05
3.4539e-05
9.21407e-05
0.000136673
0.000193039
0.000245151
0.00027696
0.000290863
0.000295703
0.000297146
0.000297529
0.000297622
0.000297641
0.000297639
0.00029761
0.00029748
0.000296959
0.000295059
0.000288877
0.000271746
0.000234535
0.000178133
0.000122661
7.96223e-05
3.33109e-05
3.64374e-05
3.97392e-05
4.10433e-05
3.99862e-05
3.66924e-05
3.33432e-05
6.15741e-05
0.000108469
0.000160268
0.000218835
0.000262752
0.000285124
0.000293786
0.000296587
0.000297386
0.000297592
0.000297642
0.000297653
0.000297656
0.000297658
0.000297658
0.000297659
0.00029766
0.000297661
0.000297661
0.000297662
0.000297663
0.000297664
0.000297664
0.000297665
0.000297666
0.000297666
0.000297667
0.000297667
0.000297668
0.000297668
0.000297669
0.00029767
0.00029767
0.00029767
0.000297671
0.000297671
0.000297672
0.000297672
0.000297673
0.000297673
0.000297673
0.000297674
0.000297674
0.000297674
0.000297675
0.000297675
0.000297675
0.000297675
0.000297676
0.000297676
0.000297676
0.000297676
0.000297676
0.000297677
0.000297677
0.000297677
0.000297677
0.000297677
0.000297677
0.000297677
0.000297677
0.000297677
0.000297677
0.000297678
0.000297678
0.000297678
0.000297678
0.000297735
0.000297735
0.000297735
0.000297735
0.000297734
0.000297733
0.000297733
0.000297732
0.000297731
0.00029773
0.000297728
0.000297727
0.000297725
0.000297724
0.000297722
0.00029772
0.000297718
0.000297715
0.000297713
0.00029771
0.000297707
0.000297704
0.000297701
0.000297698
0.000297696
0.000297697
0.000297707
0.000297741
0.000297836
0.000298076
0.000298671
0.000300149
0.000303888
0.000313396
0.000337087
0.000392858
0.000484658
0.000547576
0.000563175
0.000550228
0.000504119
0.000432691
0.000360382
0.000317071
0.000301454
0.000298202
0.000297618
0.000297588
0.000297634
0.000297664
0.000297676
0.000297678
0.000297678
0.000297677
0.000297676
0.000297674
0.000297666
0.000297634
0.000297503
0.000296995
0.000295185
0.000289417
0.000273646
0.000239356
0.000186055
0.0001311
8.84853e-05
3.41833e-05
3.59138e-05
3.9616e-05
4.10765e-05
4.01312e-05
3.7137e-05
3.34944e-05
6.58128e-05
0.000110363
0.000163085
0.000222357
0.000265433
0.000286496
0.000294331
0.000296774
0.000297447
0.000297615
0.000297653
0.000297658
0.000297644
0.000297576
0.000297295
0.000296217
0.000292503
0.000281395
0.000254395
0.000206281
0.000149358
0.000103195
5.80115e-05
3.39611e-05
3.79307e-05
4.05087e-05
4.07361e-05
3.87399e-05
3.51652e-05
3.47461e-05
9.35437e-05
0.000138302
0.000194796
0.000246482
0.000277668
0.000291155
0.000295809
0.000297188
0.000297554
0.000297643
0.000297663
0.000297662
0.000297635
0.00029751
0.000297007
0.000295169
0.000289187
0.000272551
0.000236122
0.000180153
0.000124254
8.07649e-05
3.32764e-05
3.64034e-05
3.97162e-05
4.1007e-05
3.99055e-05
3.653e-05
3.32671e-05
6.65552e-05
0.000112267
0.000164931
0.000222916
0.00026511
0.000286127
0.000294156
0.000296734
0.000297468
0.00029766
0.00029771
0.000297724
0.00029773
0.000297735
0.000297739
0.000297743
0.000297746
0.00029775
0.000297753
0.000297756
0.000297759
0.000297761
0.000297764
0.000297766
0.000297769
0.000297771
0.000297773
0.000297775
0.000297776
0.000297778
0.00029778
0.000297781
0.000297783
0.000297784
0.000297786
0.000297787
0.000297788
0.000297789
0.00029779
0.000297791
0.000297792
0.000297793
0.000297794
0.000297795
0.000297796
0.000297796
0.000297797
0.000297798
0.000297798
0.000297799
0.000297799
0.0002978
0.0002978
0.000297801
0.000297801
0.000297801
0.000297802
0.000297802
0.000297802
0.000297802
0.000297803
0.000297803
0.000297803
0.000297803
0.000297803
0.000297803
0.000297803
0.000298006
0.000298005
0.000298004
0.000298003
0.000298001
0.000297999
0.000297996
0.000297993
0.000297989
0.000297985
0.00029798
0.000297975
0.000297969
0.000297963
0.000297956
0.000297948
0.00029794
0.000297931
0.000297922
0.000297911
0.0002979
0.000297888
0.000297876
0.000297863
0.000297853
0.00029785
0.000297873
0.000297961
0.000298211
0.000298839
0.000300324
0.000303728
0.000311505
0.000329449
0.000370531
0.000465673
0.000548622
0.00059712
0.000599648
0.000575286
0.000512017
0.000432071
0.000349426
0.000310036
0.000300491
0.000298311
0.00029786
0.000297781
0.000297772
0.000297771
0.000297771
0.000297771
0.00029777
0.000297769
0.000297767
0.000297764
0.000297756
0.000297724
0.000297599
0.00029712
0.000295414
0.000289961
0.00027494
0.000241822
0.000189265
0.000133847
9.06617e-05
3.42801e-05
3.58175e-05
3.95619e-05
4.1035e-05
4.00652e-05
3.70101e-05
3.33849e-05
6.86231e-05
0.000113141
0.000167094
0.000226122
0.000267617
0.000287417
0.000294682
0.000296934
0.000297554
0.000297709
0.000297744
0.000297747
0.000297732
0.000297665
0.000297395
0.000296367
0.000292803
0.000282043
0.000255543
0.000207637
0.000150332
0.000103781
5.90331e-05
3.38573e-05
3.78292e-05
4.04338e-05
4.06539e-05
3.86201e-05
3.50168e-05
3.50597e-05
9.52849e-05
0.000140305
0.000197008
0.000248211
0.000278627
0.000291595
0.000296021
0.000297325
0.000297674
0.000297764
0.000297788
0.000297792
0.00029777
0.000297652
0.000297172
0.000295418
0.000289701
0.000273735
0.000238406
0.000183103
0.000126633
8.25059e-05
3.32528e-05
3.63418e-05
3.96778e-05
4.09616e-05
3.98154e-05
3.63561e-05
3.32311e-05
7.30466e-05
0.000117156
0.000170635
0.000227751
0.000267878
0.000287368
0.00029471
0.000297056
0.000297731
0.000297918
0.000297976
0.000298001
0.000298018
0.000298033
0.000298046
0.000298059
0.000298071
0.000298081
0.000298092
0.000298101
0.00029811
0.000298118
0.000298126
0.000298133
0.00029814
0.000298147
0.000298153
0.000298158
0.000298164
0.000298169
0.000298173
0.000298178
0.000298182
0.000298186
0.00029819
0.000298193
0.000298196
0.0002982
0.000298203
0.000298205
0.000298208
0.00029821
0.000298213
0.000298215
0.000298217
0.000298219
0.000298221
0.000298222
0.000298224
0.000298225
0.000298227
0.000298228
0.000298229
0.00029823
0.000298231
0.000298232
0.000298233
0.000298234
0.000298234
0.000298235
0.000298235
0.000298236
0.000298236
0.000298236
0.000298237
0.000298237
0.000298237
0.000298854
0.000298853
0.00029885
0.000298846
0.000298841
0.000298834
0.000298826
0.000298817
0.000298806
0.000298793
0.000298779
0.000298763
0.000298746
0.000298727
0.000298706
0.000298683
0.000298658
0.000298631
0.000298602
0.00029857
0.000298536
0.000298498
0.000298459
0.000298418
0.000298382
0.000298365
0.000298409
0.000298612
0.000299204
0.000300675
0.000304023
0.000311198
0.00032606
0.000357353
0.000425227
0.000529148
0.000603224
0.00063324
0.000626973
0.000586916
0.000507457
0.000410519
0.000335227
0.00030677
0.000300127
0.00029857
0.000298229
0.000298156
0.000298138
0.000298131
0.000298128
0.000298125
0.000298123
0.000298121
0.000298118
0.000298113
0.000298102
0.000298068
0.000297946
0.000297496
0.00029591
0.00029084
0.000276761
0.000245191
0.000193737
0.00013782
9.38839e-05
3.45569e-05
3.56697e-05
3.94798e-05
4.09796e-05
3.99848e-05
3.68559e-05
3.32723e-05
7.20462e-05
0.000116874
0.0001724
0.000230909
0.000270368
0.000288674
0.000295299
0.000297346
0.000297913
0.000298058
0.00029809
0.000298089
0.000298067
0.000297995
0.000297732
0.00029676
0.0002934
0.000283144
0.000257426
0.0002099
0.000151979
0.0001047
6.04359e-05
3.37267e-05
3.76892e-05
4.03338e-05
4.05481e-05
3.84644e-05
3.48299e-05
3.55475e-05
9.74173e-05
0.0001428
0.000199901
0.000250583
0.000280043
0.000292363
0.000296518
0.000297746
0.000298089
0.000298194
0.000298235
0.000298254
0.000298242
0.000298136
0.000297682
0.000296026
0.00029063
0.000275503
0.000241608
0.000187275
0.000130101
8.50744e-05
3.32532e-05
3.62448e-05
3.96199e-05
4.09029e-05
3.97076e-05
3.61583e-05
3.32835e-05
8.03202e-05
0.000123141
0.000177631
0.000233596
0.000271306
0.000289123
0.00029575
0.000297879
0.000298519
0.000298725
0.000298813
0.00029887
0.000298917
0.000298959
0.000298997
0.000299033
0.000299065
0.000299096
0.000299124
0.00029915
0.000299175
0.000299197
0.000299218
0.000299238
0.000299256
0.000299274
0.00029929
0.000299305
0.000299319
0.000299332
0.000299345
0.000299356
0.000299367
0.000299377
0.000299387
0.000299396
0.000299405
0.000299413
0.00029942
0.000299427
0.000299434
0.00029944
0.000299446
0.000299451
0.000299457
0.000299461
0.000299466
0.00029947
0.000299474
0.000299478
0.000299481
0.000299484
0.000299487
0.00029949
0.000299492
0.000299494
0.000299496
0.000299498
0.0002995
0.000299501
0.000299503
0.000299504
0.000299505
0.000299505
0.000299506
0.000299506
0.000299506
0.000301175
0.000301172
0.000301165
0.000301155
0.000301141
0.000301124
0.000301103
0.000301078
0.00030105
0.000301018
0.000300981
0.00030094
0.000300895
0.000300846
0.000300791
0.000300731
0.000300666
0.000300594
0.000300517
0.000300432
0.00030034
0.000300239
0.000300132
0.000300019
0.000299913
0.000299847
0.000299913
0.000300322
0.000301554
0.000304606
0.000311408
0.000325367
0.000351818
0.000399874
0.00050404
0.000589999
0.000644433
0.000657324
0.000642827
0.00058827
0.000479151
0.000376045
0.00032074
0.00030502
0.000300735
0.000299657
0.000299385
0.000299305
0.000299273
0.000299255
0.000299243
0.000299235
0.000299228
0.00029922
0.000299212
0.0002992
0.00029918
0.000299135
0.000299007
0.000298575
0.000297111
0.000292468
0.000279497
0.000249861
0.000199964
0.000143564
9.86087e-05
3.51777e-05
3.54464e-05
3.93562e-05
4.09047e-05
3.9885e-05
3.66662e-05
3.31702e-05
7.64559e-05
0.000122055
0.000179549
0.000237101
0.000274027
0.000290655
0.000296611
0.000298465
0.000298995
0.000299136
0.000299165
0.000299154
0.000299113
0.000299016
0.000298739
0.000297814
0.000294694
0.000285114
0.000260549
0.000213683
0.000154798
0.000106189
6.23621e-05
3.35679e-05
3.74989e-05
4.02008e-05
4.04095e-05
3.82551e-05
3.45897e-05
3.63319e-05
9.99482e-05
0.000145966
0.000203896
0.000254083
0.000282365
0.000293908
0.000297772
0.000298951
0.000299329
0.000299485
0.000299574
0.00029963
0.000299644
0.000299555
0.000299127
0.000297564
0.000292508
0.000278318
0.000246122
0.000193084
0.000135102
8.8854e-05
3.33094e-05
3.61011e-05
3.95366e-05
4.08251e-05
3.95692e-05
3.59137e-05
3.35098e-05
8.76896e-05
0.000130605
0.000186479
0.000240996
0.000276
0.000292075
0.000298027
0.000300003
0.000300671
0.000300951
0.000301119
0.000301252
0.000301369
0.000301474
0.000301571
0.000301659
0.00030174
0.000301815
0.000301884
0.000301948
0.000302008
0.000302062
0.000302113
0.000302161
0.000302205
0.000302246
0.000302284
0.00030232
0.000302353
0.000302385
0.000302414
0.000302441
0.000302467
0.000302491
0.000302513
0.000302534
0.000302554
0.000302572
0.00030259
0.000302606
0.000302621
0.000302636
0.000302649
0.000302662
0.000302673
0.000302684
0.000302695
0.000302704
0.000302713
0.000302722
0.000302729
0.000302736
0.000302743
0.000302749
0.000302754
0.00030276
0.000302764
0.000302768
0.000302772
0.000302775
0.000302778
0.00030278
0.000302782
0.000302784
0.000302785
0.000302786
0.000302786
0.000306786
0.000306778
0.000306763
0.00030674
0.000306709
0.000306669
0.000306622
0.000306566
0.000306501
0.000306428
0.000306345
0.000306252
0.000306149
0.000306035
0.00030591
0.000305772
0.000305621
0.000305456
0.000305275
0.000305077
0.000304861
0.000304624
0.000304367
0.000304094
0.000303827
0.000303632
0.000303686
0.000304386
0.000306623
0.000312197
0.000324553
0.00034973
0.000395788
0.000465396
0.00056757
0.00063737
0.000671894
0.000672496
0.000648895
0.000577116
0.000453128
0.000350595
0.000317027
0.000306693
0.000303719
0.000302855
0.000302569
0.000302442
0.000302367
0.000302316
0.000302279
0.000302251
0.000302229
0.000302208
0.000302185
0.000302155
0.000302112
0.00030204
0.00030188
0.000301437
0.000300059
0.000295824
0.000284027
0.000256594
0.000208667
0.000151788
0.000105303
3.65211e-05
3.51044e-05
3.91651e-05
4.08001e-05
3.97576e-05
3.64287e-05
3.31169e-05
8.2492e-05
0.000129596
0.000189387
0.000245358
0.000279364
0.000294294
0.000299655
0.000301381
0.000301912
0.00030207
0.000302097
0.000302059
0.000301967
0.000301801
0.000301454
0.000300518
0.000297621
0.000288847
0.000265857
0.000220067
0.000159715
0.000108708
6.50803e-05
3.33844e-05
3.72436e-05
4.00242e-05
4.02253e-05
3.79682e-05
3.42783e-05
3.76515e-05
0.000102793
0.00015018
0.000209851
0.000259677
0.000286566
0.000297254
0.00030088
0.000302106
0.000302612
0.000302901
0.000303105
0.000303248
0.00030332
0.000303256
0.000302838
0.000301326
0.00029654
0.000283211
0.000252715
0.000201122
0.000142292
9.43802e-05
3.34968e-05
3.58933e-05
3.94169e-05
4.07182e-05
3.93793e-05
3.55831e-05
3.41191e-05
9.60764e-05
0.000140643
0.000198301
0.000251088
0.000283269
0.00029772
0.000303162
0.00030513
0.000305946
0.000306404
0.000306744
0.000307033
0.00030729
0.000307523
0.000307735
0.000307928
0.000308105
0.000308267
0.000308416
0.000308553
0.00030868
0.000308797
0.000308905
0.000309005
0.000309098
0.000309185
0.000309265
0.00030934
0.00030941
0.000309475
0.000309536
0.000309593
0.000309646
0.000309696
0.000309742
0.000309786
0.000309826
0.000309864
0.0003099
0.000309933
0.000309965
0.000309994
0.000310021
0.000310047
0.000310071
0.000310093
0.000310114
0.000310134
0.000310152
0.000310169
0.000310184
0.000310199
0.000310212
0.000310224
0.000310235
0.000310246
0.000310255
0.000310263
0.00031027
0.000310277
0.000310283
0.000310287
0.000310291
0.000310295
0.000310297
0.000310299
0.000310299
0.000318788
0.000318773
0.000318742
0.000318696
0.000318633
0.000318555
0.000318461
0.000318349
0.00031822
0.000318073
0.000317907
0.000317721
0.000317514
0.000317285
0.000317032
0.000316754
0.000316448
0.000316112
0.000315744
0.000315339
0.000314894
0.000314404
0.000313867
0.000313289
0.000312706
0.00031223
0.000312166
0.000313177
0.000316719
0.00032568
0.000345542
0.000386222
0.000461475
0.000547841
0.000624024
0.000670263
0.000686953
0.000681813
0.000649112
0.000554677
0.00042806
0.000345759
0.000321566
0.00031397
0.000311508
0.000310612
0.000310196
0.000309945
0.000309769
0.00030964
0.000309544
0.000309471
0.000309413
0.00030936
0.000309307
0.000309242
0.000309155
0.000309024
0.000308794
0.000308281
0.000306904
0.000302957
0.000292191
0.000266881
0.000220912
0.000163099
0.000113743
3.97271e-05
3.45782e-05
3.88551e-05
4.06473e-05
3.95864e-05
3.61189e-05
3.32218e-05
9.12056e-05
0.00014096
0.000203052
0.00025688
0.000288027
0.000301572
0.000306583
0.000308324
0.000308935
0.00030914
0.000309163
0.000309066
0.000308863
0.000308541
0.000308009
0.000306926
0.000304122
0.00029614
0.000275069
0.00023093
0.0001685
0.000113238
6.91149e-05
3.31922e-05
3.69051e-05
3.97908e-05
3.99752e-05
3.75742e-05
3.38865e-05
4.00172e-05
0.000105821
0.000156394
0.000219493
0.000269206
0.000294559
0.000304469
0.000308051
0.000309527
0.000310342
0.000310917
0.000311357
0.000311678
0.000311864
0.000311842
0.000311399
0.000309832
0.000305103
0.000292265
0.000262934
0.000212288
0.000152322
0.000102226
3.40071e-05
3.55855e-05
3.9236e-05
4.05639e-05
3.9098e-05
3.51045e-05
3.56377e-05
0.000107162
0.000154977
0.000214898
0.000265981
0.000295643
0.000308874
0.000314128
0.000316322
0.000317469
0.000318255
0.000318894
0.000319451
0.000319949
0.000320397
0.000320803
0.000321172
0.000321508
0.000321816
0.000322097
0.000322355
0.000322593
0.000322811
0.000323013
0.0003232
0.000323373
0.000323533
0.000323682
0.00032382
0.000323948
0.000324068
0.00032418
0.000324284
0.000324381
0.000324471
0.000324556
0.000324635
0.000324709
0.000324778
0.000324843
0.000324903
0.00032496
0.000325013
0.000325062
0.000325109
0.000325152
0.000325192
0.00032523
0.000325265
0.000325297
0.000325327
0.000325355
0.000325381
0.000325405
0.000325427
0.000325447
0.000325465
0.000325481
0.000325496
0.000325509
0.000325521
0.000325531
0.00032554
0.000325547
0.000325552
0.000325557
0.000325559
0.000325561
0.000341538
0.000341511
0.000341457
0.000341376
0.000341268
0.000341131
0.000340965
0.000340769
0.000340543
0.000340284
0.000339991
0.000339664
0.000339298
0.000338893
0.000338446
0.000337952
0.000337409
0.000336811
0.000336153
0.000335427
0.000334626
0.000333739
0.000332761
0.000331696
0.000330596
0.00032963
0.000329258
0.000330487
0.000335444
0.000348348
0.000376979
0.000434277
0.000542058
0.000618832
0.00066654
0.000690422
0.000695025
0.00068557
0.00064282
0.000534242
0.000403561
0.000353971
0.000336774
0.000330575
0.000328123
0.000326943
0.00032623
0.00032573
0.000325357
0.000325076
0.000324864
0.000324704
0.000324579
0.000324472
0.000324368
0.000324249
0.000324095
0.000323877
0.00032353
0.000322876
0.000321379
0.000317501
0.000307375
0.000283539
0.000238469
0.000177646
0.000121783
4.72344e-05
3.39178e-05
3.8355e-05
4.04141e-05
3.93356e-05
3.56808e-05
3.3799e-05
0.000104056
0.000157825
0.000222008
0.000273947
0.000303157
0.000316078
0.000321172
0.000323153
0.00032395
0.000324239
0.000324243
0.00032403
0.000323622
0.000323008
0.000322114
0.000320659
0.000317675
0.000310235
0.000291161
0.000249387
0.000184539
0.00012206
7.5645e-05
3.30408e-05
3.64596e-05
3.94837e-05
3.96407e-05
3.7038e-05
3.34542e-05
4.46621e-05
0.000109475
0.000167022
0.000236107
0.000285884
0.000309704
0.00031915
0.000323061
0.000325114
0.000326512
0.000327596
0.000328452
0.000329087
0.000329474
0.000329527
0.000329009
0.000327223
0.000322185
0.000309125
0.000279711
0.000228263
0.000165619
0.000112435
3.5271e-05
3.51084e-05
3.89423e-05
4.03264e-05
3.86326e-05
3.43419e-05
4.10613e-05
0.000121067
0.000175068
0.000238869
0.000289264
0.00031731
0.00032998
0.000335454
0.000338139
0.000339808
0.000341077
0.000342147
0.000343086
0.000343922
0.000344673
0.000345351
0.000345964
0.000346521
0.000347029
0.000347493
0.000347917
0.000348307
0.000348665
0.000348994
0.000349299
0.00034958
0.00034984
0.00035008
0.000350304
0.000350511
0.000350704
0.000350884
0.000351051
0.000351207
0.000351352
0.000351487
0.000351614
0.000351732
0.000351843
0.000351946
0.000352042
0.000352132
0.000352216
0.000352295
0.000352368
0.000352437
0.000352501
0.00035256
0.000352615
0.000352667
0.000352714
0.000352759
0.000352799
0.000352837
0.000352871
0.000352903
0.000352932
0.000352957
0.000352981
0.000353002
0.00035302
0.000353036
0.000353049
0.00035306
0.000353069
0.000353076
0.00035308
0.000353082
0.000379726
0.000379685
0.000379602
0.000379478
0.000379312
0.000379102
0.000378847
0.000378547
0.000378199
0.000377801
0.000377351
0.000376846
0.000376283
0.000375658
0.000374966
0.000374202
0.00037336
0.000372431
0.000371406
0.000370275
0.000369021
0.000367629
0.000366086
0.000364392
0.000362613
0.000360976
0.000360107
0.000361396
0.000367678
0.000384767
0.000423762
0.00050277
0.000603131
0.000660725
0.000688565
0.000699785
0.000699175
0.000686388
0.000632185
0.00052119
0.000417519
0.000381779
0.000367833
0.000361863
0.000358895
0.000357119
0.000355891
0.000354979
0.000354287
0.000353763
0.00035337
0.000353077
0.000352855
0.000352675
0.000352511
0.000352335
0.000352114
0.000351804
0.00035133
0.000350504
0.00034881
0.00034481
0.000334863
0.000311478
0.000265128
0.000196977
0.000129289
5.81713e-05
3.33672e-05
3.76475e-05
4.00599e-05
3.89219e-05
3.49662e-05
3.60553e-05
0.000121596
0.000180998
0.000248544
0.000300692
0.000329808
0.000343176
0.000348877
0.000351334
0.000352407
0.000352794
0.000352739
0.000352333
0.000351606
0.000350549
0.000349099
0.000347021
0.000343523
0.000336198
0.000318842
0.000280156
0.000213778
0.000140624
8.76774e-05
3.31046e-05
3.58734e-05
3.90771e-05
3.92033e-05
3.63469e-05
3.31038e-05
5.3101e-05
0.000116562
0.000187658
0.000265339
0.00031469
0.000337089
0.000346574
0.000351276
0.000354274
0.000356548
0.00035838
0.000359844
0.000360944
0.000361642
0.000361824
0.000361204
0.000359034
0.000353275
0.000339139
0.000307981
0.000252649
0.000182959
0.000123529
3.95821e-05
3.43232e-05
3.84358e-05
3.99533e-05
3.79107e-05
3.35819e-05
5.37891e-05
0.000132136
0.000201256
0.00027425
0.000326372
0.00035397
0.000366634
0.000372577
0.000375876
0.000378146
0.000379955
0.000381501
0.00038286
0.000384068
0.000385151
0.000386125
0.000387004
0.000387801
0.000388526
0.000389186
0.000389789
0.000390341
0.000390848
0.000391313
0.000391742
0.000392138
0.000392503
0.000392841
0.000393154
0.000393445
0.000393714
0.000393965
0.000394198
0.000394415
0.000394617
0.000394805
0.000394981
0.000395145
0.000395298
0.000395441
0.000395574
0.000395698
0.000395815
0.000395923
0.000396024
0.000396119
0.000396207
0.000396289
0.000396365
0.000396435
0.000396501
0.000396562
0.000396618
0.000396669
0.000396717
0.00039676
0.000396799
0.000396835
0.000396867
0.000396895
0.00039692
0.000396942
0.00039696
0.000396976
0.000396988
0.000396997
0.000397003
0.000397006
0.000435862
0.000435808
0.0004357
0.000435537
0.000435319
0.000435043
0.000434709
0.000434315
0.000433858
0.000433335
0.000432743
0.000432078
0.000431335
0.000430511
0.000429597
0.000428586
0.000427471
0.000426241
0.000424882
0.000423379
0.000421713
0.000419861
0.000417802
0.000415535
0.000413132
0.000410874
0.00040953
0.000410838
0.000418282
0.000439078
0.000486539
0.000585532
0.000651109
0.000684767
0.000699402
0.000703702
0.000701356
0.000686416
0.000625108
0.000512093
0.000456955
0.000431304
0.00041894
0.00041243
0.000408539
0.000405912
0.000403994
0.000402543
0.00040144
0.000400609
0.000399994
0.000399545
0.000399221
0.000398979
0.000398781
0.000398586
0.000398349
0.000398016
0.000397496
0.0003966
0.000394828
0.000390828
0.000381124
0.000358006
0.00030927
0.000229758
0.000143752
7.19514e-05
3.29956e-05
3.6751e-05
3.95374e-05
3.81928e-05
3.38655e-05
4.84497e-05
0.000139191
0.000211029
0.000287692
0.000343584
0.000374357
0.000388951
0.000395561
0.000398575
0.000399908
0.000400339
0.000400162
0.000399498
0.000398387
0.000396824
0.000394748
0.000391959
0.000387816
0.00038038
0.000364487
0.000329497
0.000264195
0.000179514
0.000111905
3.44718e-05
3.49925e-05
3.84983e-05
3.86479e-05
3.55719e-05
3.29542e-05
6.68735e-05
0.000135706
0.000230035
0.000315398
0.000362122
0.000382945
0.000392744
0.000398447
0.000402524
0.000405769
0.000408426
0.000410571
0.00041221
0.000413297
0.000413686
0.000413013
0.000410448
0.00040384
0.000388324
0.000354743
0.00029314
0.000209266
0.000133212
5.29506e-05
3.34349e-05
3.76117e-05
3.93983e-05
3.69591e-05
3.3068e-05
6.88918e-05
0.000147439
0.000241146
0.000329101
0.000383999
0.000410963
0.000423268
0.000429352
0.000432996
0.000435642
0.000437804
0.000439666
0.000441305
0.000442761
0.000444063
0.000445232
0.000446286
0.00044724
0.000448105
0.000448891
0.000449609
0.000450264
0.000450865
0.000451416
0.000451923
0.00045239
0.00045282
0.000453218
0.000453586
0.000453927
0.000454243
0.000454537
0.00045481
0.000455063
0.0004553
0.00045552
0.000455725
0.000455916
0.000456094
0.00045626
0.000456415
0.00045656
0.000456695
0.000456821
0.000456939
0.000457048
0.00045715
0.000457245
0.000457334
0.000457416
0.000457492
0.000457562
0.000457627
0.000457686
0.000457741
0.000457791
0.000457837
0.000457878
0.000457915
0.000457947
0.000457976
0.000458001
0.000458023
0.00045804
0.000458054
0.000458065
0.000458072
0.000458075
0.000506185
0.000506127
0.000506011
0.000505835
0.0005056
0.000505304
0.000504944
0.00050452
0.000504027
0.000503463
0.000502825
0.000502108
0.000501307
0.000500417
0.00049943
0.00049834
0.000497136
0.000495808
0.000494343
0.000492724
0.000490934
0.000488948
0.000486748
0.000484333
0.000481782
0.000479401
0.000478045
0.000479647
0.000488298
0.000512789
0.000568221
0.000640459
0.000680088
0.0006976
0.000704452
0.000705506
0.000702088
0.000685036
0.000632156
0.000558672
0.000521267
0.000500718
0.000488997
0.000481841
0.000477083
0.000473679
0.000471134
0.000469199
0.00046773
0.000466632
0.000465834
0.000465272
0.000464891
0.000464643
0.00046448
0.000464356
0.000464221
0.000464018
0.00046366
0.000462983
0.000461568
0.000458291
0.000450172
0.000430007
0.000383666
0.000295798
0.000182067
9.55844e-05
3.32812e-05
3.55581e-05
3.87989e-05
3.72073e-05
3.31752e-05
6.85433e-05
0.000158877
0.00025931
0.000351117
0.000410304
0.000441547
0.000456593
0.000463626
0.000466866
0.000468228
0.000468557
0.000468199
0.000467304
0.00046592
0.000464042
0.00046162
0.000458497
0.000454196
0.000447273
0.000433719
0.000404214
0.000344036
0.000249175
0.000153195
5.47526e-05
3.37327e-05
3.75927e-05
3.78655e-05
3.45601e-05
3.38082e-05
9.65149e-05
0.000192907
0.000313086
0.000394377
0.000433612
0.000451469
0.000460814
0.000466882
0.000471498
0.000475266
0.000478393
0.000480956
0.000482965
0.000484374
0.000485022
0.000484486
0.000481896
0.000475162
0.000459755
0.000426848
0.000363554
0.000264514
0.000157397
7.37623e-05
3.30215e-05
3.66719e-05
3.86507e-05
3.5753e-05
3.30767e-05
9.30794e-05
0.000189778
0.000318432
0.000415282
0.000465653
0.000488109
0.000498107
0.000503192
0.000506394
0.000508811
0.000510824
0.000512573
0.000514117
0.00051549
0.000516718
0.000517821
0.000518814
0.000519711
0.000520524
0.000521262
0.000521935
0.000522549
0.00052311
0.000523625
0.000524098
0.000524533
0.000524934
0.000525304
0.000525646
0.000525962
0.000526255
0.000526527
0.00052678
0.000527015
0.000527233
0.000527437
0.000527626
0.000527803
0.000527967
0.000528121
0.000528264
0.000528397
0.000528522
0.000528638
0.000528747
0.000528847
0.000528941
0.000529029
0.00052911
0.000529185
0.000529255
0.00052932
0.00052938
0.000529434
0.000529485
0.000529531
0.000529572
0.00052961
0.000529644
0.000529674
0.000529701
0.000529724
0.000529743
0.00052976
0.000529773
0.000529782
0.000529789
0.000529792
0.000578506
0.000578457
0.00057836
0.000578214
0.000578018
0.000577771
0.000577471
0.000577117
0.000576706
0.000576237
0.000575706
0.00057511
0.000574445
0.000573707
0.000572891
0.000571991
0.000571002
0.000569916
0.000568724
0.000567418
0.000565988
0.000564422
0.000562715
0.000560879
0.000558994
0.00055734
0.000556715
0.00055889
0.000568316
0.000596118
0.000639006
0.000675899
0.000695695
0.000703735
0.000706567
0.000706484
0.000702229
0.000683275
0.000648956
0.000615661
0.000592064
0.000576729
0.000566776
0.000560048
0.000555256
0.000551693
0.000548981
0.000546902
0.000545325
0.000544154
0.00054332
0.000542758
0.000542414
0.000542239
0.000542191
0.000542235
0.000542328
0.000542425
0.000542472
0.00054237
0.00054189
0.000540398
0.000536145
0.000524491
0.000494716
0.000425872
0.00029855
0.000161991
6.20054e-05
3.36281e-05
3.76555e-05
3.56888e-05
3.35183e-05
0.000107141
0.000230865
0.000366086
0.000455066
0.000503532
0.000528173
0.000540242
0.000545956
0.000548505
0.000549432
0.000549452
0.000548916
0.000547969
0.000546658
0.000544985
0.000542924
0.000540392
0.000537138
0.000532372
0.000523752
0.000505104
0.000462704
0.000374349
0.000230322
8.66954e-05
3.28629e-05
3.62742e-05
3.72414e-05
3.31903e-05
6.47879e-05
0.000179904
0.000331328
0.000444623
0.000501011
0.000525851
0.000537567
0.000544305
0.000549072
0.00055289
0.000556107
0.000558849
0.00056117
0.000563078
0.000564535
0.000565404
0.000565303
0.000563488
0.000558453
0.000546994
0.000522972
0.000475548
0.000389179
0.000258823
0.000139309
3.76875e-05
3.4867e-05
3.74833e-05
3.36833e-05
6.13043e-05
0.00016673
0.000326706
0.000462324
0.000531537
0.00056109
0.000573215
0.000578521
0.000581311
0.000583173
0.000584649
0.000585917
0.000587038
0.000588039
0.000588936
0.000589742
0.000590469
0.000591126
0.00059172
0.00059226
0.00059275
0.000593197
0.000593606
0.00059398
0.000594322
0.000594637
0.000594927
0.000595194
0.00059544
0.000595667
0.000595878
0.000596073
0.000596255
0.000596423
0.000596579
0.000596725
0.00059686
0.000596986
0.000597104
0.000597213
0.000597316
0.000597411
0.0005975
0.000597583
0.00059766
0.000597733
0.0005978
0.000597862
0.000597921
0.000597975
0.000598025
0.000598072
0.000598115
0.000598155
0.000598191
0.000598225
0.000598255
0.000598283
0.000598308
0.000598331
0.000598351
0.000598369
0.000598384
0.000598397
0.000598408
0.000598416
0.000598423
0.000598427
0.000598429
0.000637726
0.000637696
0.000637637
0.000637548
0.000637428
0.000637278
0.000637095
0.000636881
0.000636633
0.000636351
0.000636033
0.000635677
0.000635284
0.00063485
0.000634376
0.000633858
0.000633297
0.000632692
0.000632043
0.000631352
0.000630624
0.000629866
0.000629094
0.000628342
0.000627679
0.000627301
0.000627729
0.000630001
0.000637359
0.00065777
0.000680934
0.000696279
0.000703578
0.000706431
0.000707392
0.000707192
0.000704102
0.000692522
0.000676502
0.000661679
0.000649788
0.000640879
0.000634323
0.000629446
0.000625744
0.000622884
0.00062066
0.000618936
0.000617622
0.00061665
0.000615971
0.000615541
0.000615322
0.00061528
0.00061537
0.000615602
0.000615951
0.000616395
0.000616922
0.000617523
0.000618177
0.000618814
0.000619183
0.000618381
0.000614771
0.000603679
0.000573389
0.000474375
0.000153774
0.000112577
3.34021e-05
7.36472e-05
0.00011845
0.000331251
0.000496766
0.000557868
0.000589171
0.000606799
0.000616586
0.000621684
0.00062405
0.000624897
0.000625
0.000624577
0.00062394
0.000623166
0.000622289
0.000621321
0.000620274
0.000619156
0.00061795
0.000616528
0.000614386
0.000610058
0.000599791
0.000573432
0.000494958
0.000244058
0.0001201
7.50977e-05
4.25922e-05
0.00011516
0.000133447
0.000447388
0.000560345
0.000596813
0.000611275
0.00061774
0.000621238
0.000623682
0.000625735
0.000627595
0.000629316
0.000630909
0.000632376
0.000633707
0.000634878
0.000635814
0.000636298
0.00063586
0.00063406
0.00062963
0.000620637
0.000604029
0.000574559
0.00052254
0.000408138
0.000118492
7.03731e-05
3.32167e-05
0.000116822
0.000156233
0.000500008
0.000600527
0.000629146
0.000639629
0.000643444
0.00064483
0.000645384
0.000645701
0.000645976
0.000646259
0.000646548
0.000646834
0.000647111
0.000647375
0.000647624
0.000647856
0.000648072
0.000648272
0.000648457
0.000648628
0.000648786
0.000648932
0.000649067
0.000649192
0.000649308
0.000649415
0.000649514
0.000649606
0.000649691
0.00064977
0.000649844
0.000649913
0.000649977
0.000650036
0.000650092
0.000650144
0.000650192
0.000650237
0.00065028
0.000650319
0.000650356
0.00065039
0.000650423
0.000650453
0.000650481
0.000650507
0.000650531
0.000650554
0.000650575
0.000650595
0.000650613
0.00065063
0.000650646
0.00065066
0.000650673
0.000650685
0.000650696
0.000650706
0.000650714
0.000650722
0.000650729
0.000650735
0.00065074
0.000650744
0.000650748
0.00065075
0.000650752
0.000650753
0.000675824
0.000675811
0.000675783
0.000675743
0.000675688
0.000675619
0.000675537
0.00067544
0.000675329
0.000675203
0.000675062
0.000674907
0.000674737
0.000674554
0.000674356
0.000674146
0.000673925
0.000673696
0.000673463
0.000673234
0.000673019
0.000672833
0.000672698
0.000672658
0.000672766
0.000673149
0.000674106
0.000676402
0.00068289
0.000692708
0.000700146
0.000704513
0.000706588
0.00070743
0.000707725
0.000707628
0.000706471
0.00070268
0.000696996
0.000690954
0.000685523
0.000681034
0.000677461
0.000674649
0.000672436
0.000670692
0.000669324
0.000668266
0.00066747
0.000666898
0.000666523
0.000666323
0.000666277
0.000666348
0.000666546
0.000666867
0.0006673
0.000667843
0.000668502
0.00066929
0.000670231
0.000671352
0.000672681
0.000674163
0.000675701
0.000676483
0.000674143
0.000656069
0.000545157
0.00042149
3.88096e-05
0.000165741
0.000345437
0.000505609
0.000593298
0.000631557
0.00065127
0.000662666
0.000669235
0.000672695
0.00067421
0.000674641
0.000674548
0.000674136
0.00067365
0.000673165
0.000672714
0.000672316
0.000671994
0.000671778
0.00067171
0.000671806
0.000671957
0.00067161
0.000668957
0.00065714
0.000611763
0.000472814
0.000282589
0.000105275
6.66874e-05
0.000233172
0.00040042
0.000586027
0.00065161
0.000668728
0.000673031
0.00067411
0.000674482
0.00067481
0.000675245
0.000675784
0.000676399
0.000677064
0.000677758
0.000678465
0.000679155
0.000679766
0.00068011
0.000679889
0.000678748
0.000675809
0.000669836
0.000658741
0.000638246
0.000597891
0.000513984
0.000332417
0.000143469
3.94746e-05
0.000429309
0.000557045
0.000666226
0.000683771
0.000686226
0.000686302
0.000685427
0.000684681
0.000684078
0.000683624
0.000683293
0.000683054
0.000682883
0.000682759
0.000682669
0.000682604
0.000682558
0.000682524
0.0006825
0.000682483
0.000682471
0.000682464
0.000682459
0.000682456
0.000682455
0.000682455
0.000682455
0.000682457
0.000682458
0.000682461
0.000682463
0.000682465
0.000682468
0.00068247
0.000682473
0.000682475
0.000682478
0.00068248
0.000682483
0.000682485
0.000682487
0.000682489
0.000682491
0.000682493
0.000682495
0.000682497
0.000682499
0.0006825
0.000682502
0.000682503
0.000682505
0.000682506
0.000682507
0.000682508
0.000682509
0.00068251
0.000682511
0.000682512
0.000682512
0.000682513
0.000682514
0.000682514
0.000682514
0.000682515
0.000682515
0.000682515
0.000682516
0.000682516
0.000682516
0.000682516
0.000695398
0.000695393
0.000695384
0.000695369
0.00069535
0.000695325
0.000695296
0.000695263
0.000695224
0.000695181
0.000695134
0.000695083
0.000695029
0.000694971
0.000694911
0.000694851
0.000694792
0.000694736
0.000694688
0.000694652
0.000694637
0.000694653
0.000694713
0.000694843
0.000695075
0.000695468
0.000696168
0.000697613
0.000700894
0.000703967
0.000705939
0.000707021
0.000707539
0.000707765
0.000707859
0.00070783
0.000707454
0.000706423
0.00070475
0.000702763
0.00070079
0.00069902
0.000697519
0.000696283
0.00069528
0.000694476
0.000693842
0.000693353
0.00069299
0.000692739
0.000692589
0.00069253
0.000692547
0.000692632
0.00069279
0.000693017
0.00069331
0.000693668
0.000694097
0.000694604
0.0006952
0.000695899
0.000696716
0.000697651
0.000698613
0.000699059
0.00069725
0.000684702
0.000622746
0.000395595
5.27433e-05
0.000108472
0.000326846
0.000507538
0.000602964
0.000649152
0.000673628
0.00068598
0.000692214
0.000695283
0.000696638
0.000697083
0.000697125
0.000696942
0.000696704
0.00069648
0.000696294
0.000696164
0.000696102
0.000696124
0.000696234
0.000696401
0.000696387
0.000695383
0.000690512
0.000673832
0.000620335
0.000475945
0.000247979
0.000104168
6.94233e-05
0.000165013
0.00041334
0.000595141
0.00066715
0.000689159
0.00069572
0.000697229
0.000697465
0.000697459
0.000697476
0.000697569
0.000697731
0.000697948
0.000698208
0.000698496
0.00069879
0.000699037
0.000699079
0.000698771
0.000697654
0.000694883
0.00068879
0.00067572
0.000649926
0.000597628
0.000484301
0.000295738
0.000104224
5.34593e-05
0.000400013
0.0006295
0.000688841
0.000700181
0.000701989
0.000702005
0.000701417
0.000700896
0.000700465
0.000700116
0.000699837
0.000699611
0.000699427
0.000699277
0.000699151
0.000699046
0.000698957
0.00069888
0.000698814
0.000698757
0.000698707
0.000698662
0.000698623
0.000698587
0.000698556
0.000698527
0.000698501
0.000698478
0.000698456
0.000698436
0.000698418
0.000698402
0.000698387
0.000698373
0.00069836
0.000698348
0.000698337
0.000698327
0.000698317
0.000698308
0.0006983
0.000698293
0.000698285
0.000698279
0.000698273
0.000698267
0.000698262
0.000698257
0.000698252
0.000698248
0.000698244
0.000698241
0.000698237
0.000698234
0.000698231
0.000698228
0.000698226
0.000698224
0.000698222
0.00069822
0.000698218
0.000698217
0.000698215
0.000698214
0.000698213
0.000698213
0.000698212
0.000698211
0.000698211
0.000698211
0.000703744
0.000703743
0.00070374
0.000703736
0.00070373
0.000703723
0.000703715
0.000703706
0.000703695
0.000703684
0.000703672
0.000703659
0.000703646
0.000703632
0.00070362
0.000703609
0.0007036
0.000703595
0.000703595
0.000703603
0.000703623
0.000703658
0.000703717
0.000703807
0.000703942
0.000704143
0.00070447
0.000705232
0.000706296
0.000707023
0.000707457
0.000707693
0.000707812
0.000707877
0.000707919
0.000707932
0.000707836
0.000707581
0.000707146
0.000706591
0.000705998
0.000705432
0.000704927
0.000704495
0.000704135
0.000703842
0.000703609
0.00070343
0.000703299
0.000703212
0.000703165
0.000703155
0.000703173
0.000703222
0.000703302
0.000703409
0.000703542
0.000703702
0.00070389
0.000704106
0.000704352
0.00070463
0.000704936
0.000705241
0.000705318
0.000704634
0.000700928
0.00068365
0.000603448
0.000346942
5.95306e-05
9.04748e-05
0.000226628
0.000430482
0.000572467
0.000645777
0.00067866
0.000693659
0.000700413
0.000703261
0.000704431
0.000704854
0.000704958
0.000704931
0.000704853
0.000704774
0.00070471
0.00070467
0.000704657
0.00070467
0.00070468
0.000704569
0.000703917
0.000701326
0.000693282
0.000666537
0.000588733
0.000420982
0.00021664
0.000102208
7.08515e-05
0.000137961
0.00034597
0.000552903
0.000655507
0.000690812
0.000700916
0.000704069
0.000704884
0.000705059
0.000705089
0.00070511
0.00070515
0.000705213
0.000705295
0.000705388
0.000705479
0.000705528
0.000705455
0.000705098
0.000704007
0.000701112
0.000693858
0.00067757
0.000639221
0.000555956
0.000403425
0.000205148
8.79235e-05
6.04598e-05
0.000355897
0.00061066
0.000686213
0.000702239
0.000705539
0.000706233
0.000706267
0.000706108
0.00070595
0.00070581
0.000705689
0.000705586
0.000705497
0.000705421
0.000705355
0.000705298
0.000705248
0.000705203
0.000705164
0.000705129
0.000705097
0.000705069
0.000705043
0.00070502
0.000704998
0.000704979
0.000704961
0.000704944
0.000704929
0.000704915
0.000704903
0.000704891
0.00070488
0.000704869
0.00070486
0.000704851
0.000704843
0.000704835
0.000704828
0.000704822
0.000704815
0.00070481
0.000704804
0.000704799
0.000704795
0.00070479
0.000704786
0.000704783
0.000704779
0.000704776
0.000704773
0.00070477
0.000704767
0.000704765
0.000704763
0.000704761
0.000704759
0.000704757
0.000704755
0.000704754
0.000704753
0.000704751
0.00070475
0.00070475
0.000704749
0.000704748
0.000704748
0.000704747
0.000704747
0.000704747
0.000706795
0.000706794
0.000706794
0.000706792
0.000706791
0.000706789
0.000706787
0.000706785
0.000706783
0.00070678
0.000706777
0.000706775
0.000706772
0.00070677
0.000706768
0.000706767
0.000706767
0.000706769
0.000706773
0.00070678
0.000706791
0.000706808
0.000706832
0.000706866
0.000706915
0.000706986
0.000707099
0.000707356
0.000707589
0.000707732
0.000707814
0.000707861
0.000707891
0.000707921
0.000707955
0.000707978
0.000707965
0.000707911
0.000707812
0.000707678
0.000707528
0.000707377
0.000707237
0.000707113
0.000707008
0.000706921
0.000706851
0.000706797
0.000706758
0.000706733
0.00070672
0.000706719
0.000706727
0.000706745
0.000706772
0.000706807
0.000706851
0.000706901
0.000706959
0.000707023
0.000707094
0.000707166
0.000707232
0.000707206
0.000706876
0.000705419
0.000699171
0.000673491
0.000575743
0.000317794
6.42471e-05
8.29581e-05
0.000162288
0.000351642
0.000521034
0.000624247
0.00067411
0.000694664
0.000702528
0.000705607
0.000706704
0.000707076
0.000707187
0.000707206
0.000707193
0.000707171
0.000707152
0.000707137
0.000707125
0.000707102
0.000707014
0.00070666
0.000705417
0.000701536
0.000688564
0.000650473
0.000554729
0.000379734
0.000198043
0.000102169
7.20661e-05
0.000132539
0.000304291
0.000512061
0.000635915
0.000684787
0.00070077
0.000705338
0.000706714
0.000707105
0.000707208
0.000707238
0.000707257
0.000707276
0.000707299
0.000707323
0.000707339
0.000707324
0.000707222
0.000706854
0.000705692
0.000702387
0.000693443
0.000669273
0.000611909
0.000497805
0.000323021
0.000144831
8.09405e-05
6.55153e-05
0.000328199
0.000584688
0.000676706
0.0007002
0.000705857
0.00070714
0.000707458
0.000707503
0.000707484
0.000707453
0.000707423
0.000707396
0.000707371
0.000707349
0.000707329
0.000707311
0.000707295
0.000707281
0.000707267
0.000707255
0.000707244
0.000707234
0.000707224
0.000707216
0.000707208
0.0007072
0.000707193
0.000707187
0.000707181
0.000707176
0.000707171
0.000707166
0.000707161
0.000707157
0.000707153
0.00070715
0.000707146
0.000707143
0.00070714
0.000707137
0.000707135
0.000707132
0.00070713
0.000707128
0.000707126
0.000707124
0.000707122
0.000707121
0.000707119
0.000707118
0.000707117
0.000707115
0.000707114
0.000707113
0.000707112
0.000707111
0.00070711
0.00070711
0.000707109
0.000707108
0.000707108
0.000707107
0.000707107
0.000707107
0.000707106
0.000707106
0.000707106
0.000707106
0.000707105
0.000707105
0.00070777
0.00070777
0.00070777
0.00070777
0.000707769
0.000707769
0.000707768
0.000707767
0.000707766
0.000707766
0.000707765
0.000707764
0.000707763
0.000707762
0.000707761
0.00070776
0.00070776
0.00070776
0.00070776
0.000707761
0.000707763
0.000707765
0.000707769
0.000707772
0.000707776
0.000707784
0.000707804
0.00070784
0.000707866
0.000707883
0.000707894
0.000707905
0.00070792
0.000707948
0.000707984
0.000708001
0.000708004
0.000707998
0.000707982
0.000707957
0.000707927
0.000707895
0.000707865
0.000707837
0.000707813
0.000707792
0.000707776
0.000707762
0.000707752
0.000707746
0.000707742
0.00070774
0.000707741
0.000707743
0.000707747
0.000707753
0.000707759
0.000707767
0.000707774
0.000707782
0.000707789
0.000707787
0.000707759
0.000707608
0.000707024
0.000704594
0.000695183
0.000660666
0.000546811
0.000293081
6.81511e-05
7.94565e-05
0.000131276
0.000285264
0.00046155
0.00059137
0.000661226
0.000691288
0.000702389
0.000706041
0.000707232
0.000707608
0.000707718
0.000707747
0.000707752
0.000707749
0.000707743
0.000707734
0.000707718
0.000707671
0.000707512
0.000706983
0.000705211
0.000699272
0.000681352
0.000632624
0.000522558
0.000346585
0.000184411
0.000102076
7.32452e-05
0.000130695
0.000277069
0.000476768
0.000615305
0.0006766
0.000698189
0.000705
0.000706967
0.000707525
0.00070769
0.000707738
0.000707756
0.000707765
0.000707771
0.000707774
0.000707769
0.000707739
0.000707622
0.000707207
0.000705875
0.000701546
0.000688441
0.000653395
0.000574181
0.000433938
0.000257878
0.000120542
7.80096e-05
6.9807e-05
0.000303795
0.000556876
0.000664665
0.000696457
0.000704985
0.000707164
0.000707677
0.000707814
0.000707848
0.000707858
0.000707863
0.000707866
0.000707868
0.000707869
0.00070787
0.000707871
0.000707871
0.000707871
0.000707871
0.000707871
0.000707871
0.00070787
0.00070787
0.000707869
0.000707869
0.000707868
0.000707868
0.000707867
0.000707867
0.000707866
0.000707865
0.000707865
0.000707864
0.000707864
0.000707863
0.000707863
0.000707862
0.000707862
0.000707861
0.000707861
0.000707861
0.00070786
0.00070786
0.00070786
0.000707859
0.000707859
0.000707859
0.000707858
0.000707858
0.000707858
0.000707858
0.000707857
0.000707857
0.000707857
0.000707857
0.000707857
0.000707857
0.000707856
0.000707856
0.000707856
0.000707856
0.000707856
0.000707856
0.000707856
0.000707856
0.000707856
0.000707856
0.000707856
0.000707856
0.000707856
0.000708045
0.000708045
0.000708045
0.000708044
0.000708044
0.000708044
0.000708043
0.000708042
0.000708042
0.000708041
0.00070804
0.000708039
0.000708038
0.000708036
0.000708035
0.000708033
0.000708032
0.00070803
0.000708028
0.000708025
0.000708023
0.000708019
0.000708013
0.000708003
0.000707987
0.000707965
0.00070794
0.000707924
0.000707915
0.000707912
0.000707913
0.000707921
0.00070794
0.000707976
0.000707998
0.00070801
0.000708016
0.000708019
0.00070802
0.00070802
0.000708018
0.000708016
0.000708013
0.00070801
0.000708007
0.000708005
0.000708002
0.000708
0.000707997
0.000707995
0.000707992
0.00070799
0.000707987
0.000707983
0.00070798
0.000707975
0.00070797
0.000707963
0.000707956
0.000707947
0.000707934
0.000707911
0.000707845
0.000707617
0.000706678
0.000703048
0.000689839
0.000645379
0.000516803
0.000271457
7.15309e-05
7.78519e-05
0.000115836
0.000235583
0.000403771
0.000552584
0.000643175
0.000684824
0.00070056
0.000705738
0.00070727
0.000707694
0.000707813
0.000707847
0.000707856
0.000707858
0.000707855
0.000707848
0.000707827
0.000707763
0.000707554
0.000706807
0.00070428
0.00069632
0.000673263
0.000614399
0.000493154
0.000319566
0.000173374
0.000101569
7.4433e-05
0.000128854
0.000257481
0.000447152
0.000595343
0.000667786
0.000695057
0.000704035
0.000706768
0.00070755
0.000707762
0.000707826
0.000707846
0.000707853
0.000707855
0.000707853
0.000707843
0.000707806
0.000707673
0.000707181
0.000705355
0.000699214
0.000680685
0.00063248
0.000531116
0.000373783
0.000210415
0.000107325
7.66413e-05
7.36074e-05
0.00028182
0.000527407
0.000650165
0.000691507
0.000703568
0.000706825
0.000707655
0.000707856
0.000707916
0.000707939
0.000707954
0.000707967
0.000707977
0.000707987
0.000707995
0.000708002
0.000708009
0.000708014
0.00070802
0.000708024
0.000708028
0.000708032
0.000708035
0.000708038
0.00070804
0.000708043
0.000708045
0.000708047
0.000708048
0.00070805
0.000708051
0.000708052
0.000708054
0.000708055
0.000708056
0.000708057
0.000708057
0.000708058
0.000708059
0.00070806
0.00070806
0.000708061
0.000708061
0.000708062
0.000708062
0.000708062
0.000708063
0.000708063
0.000708064
0.000708064
0.000708064
0.000708064
0.000708065
0.000708065
0.000708065
0.000708065
0.000708065
0.000708065
0.000708066
0.000708066
0.000708066
0.000708066
0.000708066
0.000708066
0.000708066
0.000708066
0.000708066
0.000708066
0.000708066
0.000708066
0.00070811
0.00070811
0.000708109
0.000708109
0.000708109
0.000708108
0.000708108
0.000708107
0.000708106
0.000708105
0.000708104
0.000708103
0.000708101
0.0007081
0.000708098
0.000708096
0.000708094
0.000708091
0.000708088
0.000708084
0.000708079
0.000708072
0.000708061
0.000708045
0.00070802
0.000707981
0.000707951
0.000707932
0.000707921
0.000707918
0.000707921
0.000707934
0.000707961
0.000707992
0.000708007
0.000708014
0.000708019
0.000708023
0.000708027
0.00070803
0.000708034
0.000708037
0.000708039
0.000708042
0.000708043
0.000708044
0.000708045
0.000708044
0.000708043
0.000708042
0.000708039
0.000708036
0.000708032
0.000708026
0.00070802
0.000708013
0.000708004
0.000707994
0.000707983
0.000707969
0.000707952
0.00070792
0.000707831
0.000707483
0.000706116
0.000700985
0.000683178
0.000627811
0.000486332
0.000252366
7.45036e-05
7.71704e-05
0.000106473
0.000200164
0.000352908
0.00051204
0.000621919
0.000676489
0.000697885
0.000705003
0.000707104
0.00070767
0.000707813
0.00070785
0.000707861
0.000707863
0.000707862
0.000707854
0.000707831
0.000707752
0.000707465
0.000706468
0.000703171
0.000693025
0.000664693
0.000596389
0.000466661
0.000297261
0.000164246
0.000100409
7.56464e-05
0.000126545
0.000242185
0.000422332
0.00057668
0.000658822
0.000691678
0.000702925
0.000706435
0.000707462
0.00070775
0.000707827
0.000707849
0.000707856
0.000707857
0.000707854
0.000707842
0.000707799
0.000707631
0.000706963
0.000704478
0.00069606
0.00067095
0.000608164
0.000486687
0.000321701
0.000176397
9.89016e-05
7.67711e-05
7.69627e-05
0.000261976
0.000497023
0.000633332
0.000685314
0.000701699
0.000706325
0.000707534
0.000707836
0.000707916
0.000707946
0.000707964
0.000707979
0.000707992
0.000708003
0.000708014
0.000708023
0.000708031
0.000708039
0.000708046
0.000708052
0.000708057
0.000708062
0.000708067
0.000708071
0.000708075
0.000708078
0.000708081
0.000708084
0.000708087
0.000708089
0.000708091
0.000708093
0.000708095
0.000708097
0.000708098
0.0007081
0.000708101
0.000708102
0.000708103
0.000708104
0.000708105
0.000708106
0.000708107
0.000708108
0.000708109
0.000708109
0.00070811
0.000708111
0.000708111
0.000708112
0.000708112
0.000708113
0.000708113
0.000708113
0.000708114
0.000708114
0.000708114
0.000708115
0.000708115
0.000708115
0.000708115
0.000708115
0.000708116
0.000708116
0.000708116
0.000708116
0.000708116
0.000708116
0.000708116
0.000708116
0.000708118
0.000708118
0.000708118
0.000708118
0.000708117
0.000708117
0.000708116
0.000708115
0.000708114
0.000708113
0.000708112
0.000708111
0.000708109
0.000708107
0.000708105
0.000708103
0.000708101
0.000708098
0.000708094
0.000708089
0.000708083
0.000708073
0.000708061
0.000708041
0.000708008
0.000707967
0.000707941
0.000707926
0.00070792
0.000707921
0.00070793
0.000707951
0.000707984
0.000708004
0.000708012
0.000708016
0.000708019
0.000708022
0.000708025
0.000708028
0.000708032
0.000708035
0.000708038
0.000708041
0.000708043
0.000708044
0.000708045
0.000708044
0.000708043
0.000708041
0.000708039
0.000708035
0.00070803
0.000708024
0.000708017
0.000708009
0.000708
0.000707989
0.000707977
0.000707963
0.000707944
0.000707905
0.00070778
0.00070729
0.000705375
0.00069837
0.000675136
0.000608182
0.000455994
0.000235325
7.70867e-05
7.72809e-05
0.000100075
0.000174606
0.000310487
0.000472656
0.000598915
0.000666881
0.00069468
0.000704085
0.000706863
0.000707603
0.000707788
0.000707834
0.000707846
0.00070785
0.000707849
0.000707841
0.000707812
0.000707711
0.000707347
0.000706082
0.000701947
0.000689486
0.00065586
0.000578931
0.000442944
0.000278647
0.000156519
9.88619e-05
7.68786e-05
0.000124003
0.00022976
0.000401429
0.000559559
0.000649985
0.00068818
0.00070174
0.000706069
0.000707351
0.000707711
0.000707808
0.000707835
0.000707842
0.000707842
0.000707838
0.000707824
0.000707772
0.000707557
0.000706687
0.000703407
0.000692303
0.000659741
0.000581928
0.000443946
0.000278976
0.00015119
9.38505e-05
7.69598e-05
8.02246e-05
0.000244364
0.000466633
0.000614433
0.00067782
0.000699332
0.000705675
0.000707369
0.000707794
0.000707903
0.000707938
0.000707958
0.000707973
0.000707986
0.000707998
0.000708009
0.000708019
0.000708027
0.000708036
0.000708043
0.000708049
0.000708056
0.000708061
0.000708066
0.000708071
0.000708075
0.000708079
0.000708082
0.000708085
0.000708088
0.000708091
0.000708093
0.000708096
0.000708098
0.0007081
0.000708102
0.000708103
0.000708105
0.000708106
0.000708108
0.000708109
0.00070811
0.000708111
0.000708112
0.000708113
0.000708114
0.000708115
0.000708115
0.000708116
0.000708117
0.000708117
0.000708118
0.000708118
0.000708119
0.000708119
0.00070812
0.00070812
0.00070812
0.000708121
0.000708121
0.000708121
0.000708122
0.000708122
0.000708122
0.000708122
0.000708122
0.000708122
0.000708122
0.000708122
0.000708123
0.000708123
0.000708113
0.000708113
0.000708113
0.000708113
0.000708112
0.000708112
0.000708111
0.00070811
0.000708109
0.000708108
0.000708107
0.000708105
0.000708104
0.000708102
0.0007081
0.000708097
0.000708095
0.000708092
0.000708087
0.000708082
0.000708074
0.000708063
0.000708047
0.000708021
0.000707978
0.000707948
0.00070793
0.000707921
0.00070792
0.000707926
0.000707942
0.000707969
0.000707997
0.00070801
0.000708014
0.000708016
0.000708018
0.000708019
0.000708021
0.000708024
0.000708027
0.000708029
0.000708032
0.000708033
0.000708035
0.000708036
0.000708036
0.000708035
0.000708034
0.000708032
0.000708029
0.000708025
0.00070802
0.000708014
0.000708007
0.000707998
0.000707989
0.000707978
0.000707966
0.000707952
0.000707931
0.000707883
0.000707714
0.000707042
0.000704435
0.00069514
0.000665668
0.000586802
0.000426387
0.000220143
7.9464e-05
7.74682e-05
9.59817e-05
0.000155209
0.000276322
0.000436417
0.000575474
0.000656501
0.000691125
0.000703058
0.000706595
0.000707531
0.00070776
0.000707815
0.00070783
0.000707834
0.000707833
0.000707824
0.000707791
0.000707667
0.000707219
0.000705665
0.000700637
0.00068578
0.000646943
0.000562247
0.000421799
0.000263042
0.000150101
9.74718e-05
7.80695e-05
0.000121622
0.000219593
0.000383775
0.000544028
0.000641456
0.000684659
0.000700515
0.000705686
0.000707236
0.000707671
0.000707788
0.000707819
0.000707827
0.000707827
0.000707823
0.000707806
0.000707743
0.000707477
0.000706378
0.000702204
0.000688115
0.000647599
0.000555307
0.000405226
0.000245929
0.00013621
9.06631e-05
7.71842e-05
8.34517e-05
0.000229033
0.000437088
0.000593862
0.000669009
0.000696418
0.000704851
0.000707158
0.00070774
0.000707885
0.000707928
0.000707948
0.000707963
0.000707976
0.000707988
0.000707999
0.000708009
0.000708018
0.000708027
0.000708034
0.000708041
0.000708047
0.000708053
0.000708058
0.000708063
0.000708067
0.000708071
0.000708075
0.000708078
0.000708081
0.000708084
0.000708087
0.000708089
0.000708092
0.000708094
0.000708096
0.000708098
0.000708099
0.000708101
0.000708102
0.000708104
0.000708105
0.000708106
0.000708107
0.000708108
0.000708109
0.00070811
0.000708111
0.000708111
0.000708112
0.000708113
0.000708113
0.000708114
0.000708114
0.000708115
0.000708115
0.000708116
0.000708116
0.000708116
0.000708117
0.000708117
0.000708117
0.000708118
0.000708118
0.000708118
0.000708118
0.000708118
0.000708118
0.000708118
0.000708118
0.000708118
0.000708105
0.000708105
0.000708105
0.000708105
0.000708104
0.000708104
0.000708103
0.000708102
0.000708101
0.0007081
0.000708099
0.000708097
0.000708095
0.000708094
0.000708092
0.000708089
0.000708086
0.000708083
0.000708078
0.000708072
0.000708062
0.000708048
0.000708027
0.000707994
0.000707956
0.000707934
0.000707923
0.00070792
0.000707923
0.000707934
0.000707958
0.00070799
0.000708006
0.000708012
0.000708014
0.000708015
0.000708015
0.000708016
0.000708017
0.000708019
0.000708021
0.000708023
0.000708024
0.000708025
0.000708026
0.000708026
0.000708026
0.000708025
0.000708023
0.000708021
0.000708017
0.000708013
0.000708008
0.000708002
0.000707995
0.000707986
0.000707977
0.000707967
0.000707955
0.00070794
0.000707918
0.000707858
0.000707634
0.000706729
0.000703263
0.000691234
0.000654765
0.000564051
0.000398049
0.000206735
8.16591e-05
7.76761e-05
9.33302e-05
0.000142874
0.000249933
0.000404609
0.0005528
0.000645872
0.000687398
0.000701978
0.000706317
0.000707459
0.000707735
0.000707799
0.000707815
0.000707819
0.000707819
0.000707809
0.00070777
0.000707623
0.000707086
0.000705226
0.000699271
0.00068199
0.000638111
0.000546509
0.000403032
0.000249955
0.000144957
9.65564e-05
7.91008e-05
0.000119602
0.000211318
0.00036887
0.000530056
0.000633354
0.000681189
0.000699281
0.000705296
0.000707119
0.000707633
0.00070777
0.000707805
0.000707814
0.000707814
0.000707809
0.000707791
0.000707717
0.000707397
0.000706056
0.000700929
0.000683696
0.00063515
0.000529759
0.000371937
0.000221233
0.000126559
8.85541e-05
7.74584e-05
8.66279e-05
0.000215856
0.000409047
0.000572079
0.000658916
0.000692912
0.000703831
0.000706894
0.000707674
0.000707865
0.000707917
0.000707939
0.000707954
0.000707967
0.000707979
0.00070799
0.000708
0.000708009
0.000708017
0.000708025
0.000708031
0.000708038
0.000708044
0.000708049
0.000708054
0.000708058
0.000708063
0.000708066
0.00070807
0.000708073
0.000708076
0.000708079
0.000708081
0.000708084
0.000708086
0.000708088
0.00070809
0.000708092
0.000708093
0.000708095
0.000708096
0.000708098
0.000708099
0.0007081
0.000708101
0.000708102
0.000708103
0.000708104
0.000708105
0.000708105
0.000708106
0.000708107
0.000708107
0.000708108
0.000708108
0.000708109
0.000708109
0.00070811
0.00070811
0.00070811
0.000708111
0.000708111
0.000708111
0.000708111
0.000708112
0.000708112
0.000708112
0.000708112
0.000708112
0.000708112
0.000708112
0.000708097
0.000708097
0.000708097
0.000708096
0.000708096
0.000708095
0.000708094
0.000708094
0.000708093
0.000708091
0.00070809
0.000708089
0.000708087
0.000708085
0.000708083
0.00070808
0.000708077
0.000708074
0.000708068
0.00070806
0.000708048
0.00070803
0.000708004
0.000707964
0.000707938
0.000707924
0.000707919
0.00070792
0.000707928
0.000707946
0.000707979
0.000707999
0.000708008
0.000708011
0.000708012
0.000708012
0.000708012
0.000708012
0.000708013
0.000708014
0.000708015
0.000708016
0.000708017
0.000708017
0.000708017
0.000708017
0.000708016
0.000708015
0.000708013
0.00070801
0.000708006
0.000708002
0.000707997
0.000707991
0.000707983
0.000707975
0.000707966
0.000707956
0.000707944
0.00070793
0.000707904
0.000707829
0.000707535
0.00070634
0.00070183
0.000686593
0.000642448
0.000540313
0.000371307
0.000194887
8.36416e-05
7.78966e-05
9.15899e-05
0.000134742
0.000230096
0.000377832
0.000531898
0.000635521
0.000683685
0.000700902
0.000706044
0.000707391
0.000707712
0.000707785
0.000707802
0.000707807
0.000707806
0.000707796
0.000707751
0.00070758
0.00070695
0.000704778
0.000697882
0.000678197
0.00062952
0.000531844
0.000386451
0.000238952
0.000140816
9.59869e-05
7.98678e-05
0.00011793
0.000204555
0.000356264
0.000517552
0.000625748
0.000677827
0.000698063
0.000704907
0.000707003
0.000707596
0.000707753
0.000707793
0.000707802
0.000707802
0.000707797
0.000707777
0.000707694
0.000707321
0.000705736
0.000699649
0.000679275
0.00062304
0.000506439
0.000344456
0.000203043
0.000120032
8.71377e-05
7.77926e-05
8.96984e-05
0.00020459
0.000382926
0.000549548
0.000647606
0.000688782
0.000702592
0.000706568
0.000707594
0.000707843
0.000707907
0.00070793
0.000707945
0.000707958
0.00070797
0.000707981
0.00070799
0.000707999
0.000708008
0.000708015
0.000708022
0.000708029
0.000708035
0.00070804
0.000708045
0.00070805
0.000708054
0.000708058
0.000708061
0.000708065
0.000708068
0.000708071
0.000708073
0.000708076
0.000708078
0.00070808
0.000708082
0.000708084
0.000708086
0.000708087
0.000708089
0.00070809
0.000708091
0.000708093
0.000708094
0.000708095
0.000708096
0.000708097
0.000708097
0.000708098
0.000708099
0.0007081
0.0007081
0.000708101
0.000708101
0.000708102
0.000708102
0.000708103
0.000708103
0.000708103
0.000708104
0.000708104
0.000708104
0.000708105
0.000708105
0.000708105
0.000708105
0.000708105
0.000708105
0.000708105
0.000708105
0.000708089
0.000708088
0.000708088
0.000708088
0.000708087
0.000708087
0.000708086
0.000708085
0.000708084
0.000708083
0.000708082
0.00070808
0.000708078
0.000708076
0.000708074
0.000708072
0.000708068
0.000708064
0.000708058
0.000708048
0.000708033
0.000708009
0.000707978
0.000707944
0.000707926
0.000707918
0.000707918
0.000707923
0.000707936
0.000707961
0.00070799
0.000708004
0.000708009
0.00070801
0.000708009
0.000708009
0.000708008
0.000708008
0.000708008
0.000708009
0.000708009
0.00070801
0.00070801
0.00070801
0.000708009
0.000708009
0.000708007
0.000708005
0.000708003
0.000708
0.000707996
0.000707992
0.000707986
0.00070798
0.000707973
0.000707965
0.000707956
0.000707946
0.000707934
0.000707919
0.000707891
0.000707796
0.000707414
0.000705865
0.000700101
0.000681165
0.000628754
0.000515905
0.000346218
0.000184289
8.5374e-05
7.81287e-05
9.04312e-05
0.000129252
0.000215418
0.000356055
0.000513467
0.000625922
0.000680175
0.000699886
0.000705791
0.00070733
0.000707692
0.000707773
0.000707791
0.000707796
0.000707795
0.000707784
0.000707734
0.000707539
0.000706816
0.00070433
0.000696504
0.00067448
0.000621302
0.000518332
0.000371852
0.000229624
0.000137392
9.55157e-05
8.03815e-05
0.000116541
0.000199003
0.000345561
0.000506396
0.000618675
0.000674611
0.000696879
0.000704528
0.00070689
0.000707561
0.000707738
0.000707782
0.000707792
0.000707792
0.000707787
0.000707766
0.000707674
0.000707252
0.000705437
0.000698434
0.000675089
0.000611856
0.000486132
0.000322543
0.000189763
0.00011548
8.61796e-05
7.81817e-05
9.25743e-05
0.000194923
0.000358897
0.000526672
0.000635166
0.000683998
0.000701111
0.000706172
0.000707496
0.000707817
0.000707896
0.000707923
0.000707938
0.00070795
0.000707962
0.000707972
0.000707982
0.000707991
0.000707999
0.000708006
0.000708013
0.00070802
0.000708026
0.000708031
0.000708036
0.000708041
0.000708045
0.000708049
0.000708053
0.000708056
0.00070806
0.000708063
0.000708065
0.000708068
0.00070807
0.000708072
0.000708074
0.000708076
0.000708078
0.00070808
0.000708081
0.000708083
0.000708084
0.000708085
0.000708086
0.000708087
0.000708088
0.000708089
0.00070809
0.000708091
0.000708092
0.000708093
0.000708093
0.000708094
0.000708094
0.000708095
0.000708095
0.000708096
0.000708096
0.000708097
0.000708097
0.000708097
0.000708097
0.000708098
0.000708098
0.000708098
0.000708098
0.000708098
0.000708098
0.000708098
0.000708098
0.00070808
0.00070808
0.00070808
0.00070808
0.000708079
0.000708078
0.000708078
0.000708077
0.000708076
0.000708075
0.000708073
0.000708072
0.00070807
0.000708068
0.000708066
0.000708063
0.000708059
0.000708054
0.000708047
0.000708035
0.000708015
0.000707984
0.00070795
0.000707929
0.000707918
0.000707915
0.000707918
0.000707928
0.000707947
0.00070798
0.000707999
0.000708006
0.000708007
0.000708007
0.000708006
0.000708005
0.000708004
0.000708004
0.000708004
0.000708003
0.000708003
0.000708003
0.000708003
0.000708002
0.000708002
0.000708
0.000707999
0.000707997
0.000707994
0.000707991
0.000707987
0.000707982
0.000707976
0.00070797
0.000707963
0.000707955
0.000707946
0.000707936
0.000707925
0.00070791
0.000707876
0.000707759
0.000707269
0.000705291
0.000698047
0.0006749
0.000613721
0.000491035
0.000322537
0.000174391
8.67754e-05
7.83682e-05
8.97628e-05
0.000125678
0.000204748
0.000338912
0.000497896
0.000617451
0.000677029
0.000698982
0.00070557
0.000707279
0.000707676
0.000707763
0.000707782
0.000707787
0.000707786
0.000707773
0.000707718
0.000707499
0.000706686
0.000703895
0.000695164
0.000670906
0.000613561
0.000506013
0.000359042
0.000221666
0.000134542
9.50346e-05
8.0766e-05
0.000115394
0.00019446
0.000336442
0.000496468
0.000612151
0.000671574
0.000695746
0.000704162
0.000706782
0.000707527
0.000707724
0.000707773
0.000707784
0.000707784
0.000707779
0.000707757
0.000707657
0.000707193
0.000705177
0.000697353
0.000671351
0.000602074
0.000469273
0.000305688
0.000180216
0.00011246
8.56206e-05
7.86058e-05
9.51195e-05
0.000186496
0.000336921
0.000503756
0.000621677
0.000678532
0.000699365
0.000705696
0.000707379
0.000707787
0.000707885
0.000707915
0.00070793
0.000707943
0.000707954
0.000707964
0.000707974
0.000707982
0.000707991
0.000707998
0.000708005
0.000708012
0.000708017
0.000708023
0.000708028
0.000708033
0.000708037
0.000708041
0.000708045
0.000708048
0.000708052
0.000708055
0.000708057
0.00070806
0.000708062
0.000708065
0.000708067
0.000708069
0.00070807
0.000708072
0.000708074
0.000708075
0.000708077
0.000708078
0.000708079
0.00070808
0.000708081
0.000708082
0.000708083
0.000708084
0.000708085
0.000708086
0.000708086
0.000708087
0.000708087
0.000708088
0.000708088
0.000708089
0.000708089
0.00070809
0.00070809
0.00070809
0.000708091
0.000708091
0.000708091
0.000708091
0.000708091
0.000708092
0.000708092
0.000708092
0.000708092
0.000708072
0.000708072
0.000708072
0.000708071
0.000708071
0.00070807
0.00070807
0.000708069
0.000708068
0.000708066
0.000708065
0.000708063
0.000708062
0.00070806
0.000708057
0.000708054
0.00070805
0.000708043
0.000708034
0.000708019
0.000707995
0.000707956
0.000707932
0.000707918
0.000707913
0.000707914
0.000707921
0.000707936
0.000707961
0.000707989
0.000708001
0.000708005
0.000708005
0.000708004
0.000708002
0.000708001
0.000708
0.000707999
0.000707999
0.000707998
0.000707998
0.000707997
0.000707996
0.000707995
0.000707994
0.000707993
0.000707991
0.000707988
0.000707985
0.000707982
0.000707978
0.000707973
0.000707967
0.000707961
0.000707954
0.000707946
0.000707938
0.000707928
0.000707917
0.000707901
0.000707862
0.000707715
0.000707095
0.000704607
0.000695636
0.000667761
0.000597414
0.000465895
0.000299974
0.00016365
8.78562e-05
7.86057e-05
8.92702e-05
0.000123331
0.000197169
0.00032591
0.000485329
0.00061036
0.000674376
0.00069823
0.000705393
0.000707239
0.000707663
0.000707755
0.000707775
0.000707779
0.000707778
0.000707764
0.000707704
0.000707462
0.000706563
0.00070348
0.000693888
0.000667527
0.000606373
0.000494893
0.000347871
0.000214931
0.000132194
9.45149e-05
8.11692e-05
0.000114484
0.000190741
0.000328667
0.000487669
0.000606184
0.000668738
0.000694676
0.000703816
0.00070668
0.000707497
0.000707712
0.000707765
0.000707777
0.000707777
0.000707772
0.000707749
0.000707645
0.000707149
0.000704968
0.000696461
0.000668227
0.00059402
0.000456015
0.000293325
0.000173459
0.000110461
8.52153e-05
7.90284e-05
9.72195e-05
0.000178963
0.000316803
0.000480986
0.00060721
0.00067236
0.00069733
0.000705132
0.00070724
0.000707753
0.000707874
0.000707908
0.000707924
0.000707936
0.000707947
0.000707957
0.000707966
0.000707975
0.000707983
0.00070799
0.000707997
0.000708004
0.000708009
0.000708015
0.00070802
0.000708025
0.000708029
0.000708033
0.000708037
0.000708041
0.000708044
0.000708047
0.00070805
0.000708052
0.000708055
0.000708057
0.000708059
0.000708061
0.000708063
0.000708065
0.000708066
0.000708068
0.000708069
0.000708071
0.000708072
0.000708073
0.000708074
0.000708075
0.000708076
0.000708077
0.000708078
0.000708079
0.000708079
0.00070808
0.000708081
0.000708081
0.000708082
0.000708082
0.000708083
0.000708083
0.000708083
0.000708084
0.000708084
0.000708084
0.000708084
0.000708085
0.000708085
0.000708085
0.000708085
0.000708085
0.000708085
0.000708064
0.000708064
0.000708064
0.000708063
0.000708063
0.000708062
0.000708062
0.000708061
0.00070806
0.000708058
0.000708057
0.000708055
0.000708054
0.000708052
0.000708049
0.000708045
0.00070804
0.000708032
0.00070802
0.000708001
0.00070797
0.000707936
0.000707919
0.000707911
0.00070791
0.000707914
0.000707926
0.000707947
0.000707979
0.000707996
0.000708001
0.000708002
0.000708001
0.000708
0.000707998
0.000707997
0.000707996
0.000707995
0.000707994
0.000707993
0.000707992
0.000707991
0.00070799
0.000707989
0.000707987
0.000707985
0.000707983
0.00070798
0.000707977
0.000707973
0.000707969
0.000707964
0.000707959
0.000707953
0.000707946
0.000707938
0.00070793
0.00070792
0.000707909
0.000707892
0.000707846
0.000707665
0.000706891
0.000703803
0.000692846
0.000659733
0.00057997
0.00044086
0.000279094
0.00015408
8.86931e-05
7.8838e-05
8.92585e-05
0.000121775
0.000192143
0.000316553
0.000475722
0.000604779
0.000672296
0.000697657
0.000705266
0.000707213
0.000707655
0.000707748
0.000707768
0.000707773
0.000707771
0.000707756
0.000707691
0.000707429
0.00070645
0.000703093
0.000692697
0.000664388
0.000599788
0.000484962
0.000338205
0.000209311
0.000130377
9.41316e-05
8.17302e-05
0.000113848
0.000187765
0.000322067
0.000479911
0.000600778
0.000666126
0.000693683
0.000703494
0.000706585
0.000707469
0.000707701
0.000707758
0.000707771
0.000707772
0.000707766
0.000707744
0.000707637
0.00070712
0.000704822
0.000695794
0.000665832
0.000587872
0.000446299
0.00028502
0.000169438
0.000109327
8.52038e-05
7.94186e-05
9.86087e-05
0.000172
0.000298229
0.000458439
0.000591818
0.000665453
0.000694985
0.000704471
0.000707075
0.000707713
0.000707862
0.000707901
0.000707917
0.000707929
0.00070794
0.00070795
0.000707959
0.000707967
0.000707975
0.000707983
0.00070799
0.000707996
0.000708002
0.000708007
0.000708012
0.000708017
0.000708022
0.000708026
0.000708029
0.000708033
0.000708036
0.000708039
0.000708042
0.000708045
0.000708047
0.00070805
0.000708052
0.000708054
0.000708056
0.000708058
0.000708059
0.000708061
0.000708062
0.000708064
0.000708065
0.000708066
0.000708067
0.000708068
0.000708069
0.00070807
0.000708071
0.000708072
0.000708072
0.000708073
0.000708074
0.000708074
0.000708075
0.000708075
0.000708076
0.000708076
0.000708077
0.000708077
0.000708077
0.000708077
0.000708078
0.000708078
0.000708078
0.000708078
0.000708078
0.000708078
0.000708078
0.000708056
0.000708056
0.000708056
0.000708056
0.000708055
0.000708054
0.000708054
0.000708053
0.000708052
0.000708051
0.000708049
0.000708048
0.000708046
0.000708043
0.00070804
0.000708036
0.000708029
0.000708019
0.000708004
0.00070798
0.000707942
0.00070792
0.000707909
0.000707906
0.000707908
0.000707917
0.000707935
0.000707961
0.000707986
0.000707996
0.000707999
0.000707999
0.000707997
0.000707995
0.000707994
0.000707992
0.000707991
0.00070799
0.000707988
0.000707987
0.000707986
0.000707985
0.000707984
0.000707982
0.00070798
0.000707978
0.000707976
0.000707973
0.000707969
0.000707966
0.000707961
0.000707956
0.000707951
0.000707945
0.000707938
0.00070793
0.000707922
0.000707913
0.000707901
0.000707883
0.000707829
0.000707607
0.000706653
0.000702871
0.000689659
0.000650832
0.000561609
0.000416408
0.000260359
0.000146507
8.93125e-05
7.90565e-05
8.93816e-05
0.000121774
0.000189361
0.000310306
0.000468875
0.000600726
0.000670822
0.000697278
0.000705191
0.000707198
0.00070765
0.000707743
0.000707763
0.000707767
0.000707765
0.00070775
0.00070768
0.000707398
0.000706346
0.000702738
0.000691602
0.000661517
0.000593839
0.000476181
0.000329916
0.000204742
0.00012907
9.40748e-05
8.25594e-05
0.000113593
0.0001855
0.000316519
0.000473127
0.00059593
0.000663749
0.000692773
0.000703199
0.000706499
0.000707444
0.000707692
0.000707753
0.000707766
0.000707767
0.000707762
0.00070774
0.000707632
0.000707105
0.00070474
0.00069537
0.00066422
0.000583637
0.000439849
0.000280188
0.000167912
0.000109515
8.53102e-05
7.9723e-05
9.96138e-05
0.000165105
0.000280807
0.000436119
0.000575544
0.000657789
0.000692307
0.000703705
0.000706884
0.000707668
0.000707849
0.000707894
0.000707911
0.000707923
0.000707934
0.000707943
0.000707952
0.000707961
0.000707968
0.000707976
0.000707982
0.000707989
0.000707994
0.000708
0.000708005
0.00070801
0.000708014
0.000708018
0.000708022
0.000708026
0.000708029
0.000708032
0.000708035
0.000708038
0.00070804
0.000708042
0.000708045
0.000708047
0.000708049
0.00070805
0.000708052
0.000708054
0.000708055
0.000708057
0.000708058
0.000708059
0.00070806
0.000708061
0.000708062
0.000708063
0.000708064
0.000708065
0.000708066
0.000708066
0.000708067
0.000708068
0.000708068
0.000708069
0.000708069
0.000708069
0.00070807
0.00070807
0.000708071
0.000708071
0.000708071
0.000708071
0.000708071
0.000708072
0.000708072
0.000708072
0.000708072
0.000708049
0.000708048
0.000708048
0.000708048
0.000708047
0.000708047
0.000708046
0.000708045
0.000708044
0.000708043
0.000708041
0.00070804
0.000708038
0.000708035
0.000708031
0.000708026
0.000708017
0.000708004
0.000707985
0.000707956
0.000707923
0.000707908
0.000707903
0.000707904
0.000707909
0.000707923
0.000707947
0.000707977
0.000707991
0.000707995
0.000707995
0.000707994
0.000707993
0.000707991
0.000707989
0.000707988
0.000707986
0.000707985
0.000707983
0.000707982
0.00070798
0.000707979
0.000707977
0.000707976
0.000707974
0.000707971
0.000707969
0.000707966
0.000707962
0.000707958
0.000707954
0.000707949
0.000707944
0.000707937
0.000707931
0.000707923
0.000707915
0.000707906
0.000707895
0.000707875
0.000707812
0.000707542
0.000706381
0.000701805
0.000686069
0.000641105
0.00054259
0.000392919
0.000243786
0.000140409
8.96832e-05
7.92872e-05
8.96657e-05
0.000122114
0.000188128
0.000306507
0.000464425
0.00059813
0.000669934
0.000697089
0.000705159
0.000707195
0.000707648
0.00070774
0.000707759
0.000707763
0.00070776
0.000707744
0.00070767
0.000707372
0.000706253
0.000702417
0.000690611
0.000658923
0.000588525
0.000468503
0.000322885
0.000201064
0.000128191
9.41457e-05
8.36593e-05
0.000113587
0.000183826
0.000311912
0.000467241
0.000591623
0.000661609
0.00069195
0.000702932
0.000706422
0.000707421
0.000707684
0.000707748
0.000707762
0.000707763
0.000707759
0.000707738
0.000707632
0.000707106
0.00070471
0.000695185
0.000663353
0.000581183
0.000436225
0.000277997
0.000168079
0.000110219
8.55763e-05
7.99982e-05
9.94269e-05
0.000158055
0.000264301
0.000414052
0.000558451
0.000649359
0.000689281
0.000702827
0.000706664
0.000707617
0.000707835
0.000707887
0.000707906
0.000707917
0.000707928
0.000707937
0.000707946
0.000707954
0.000707962
0.000707969
0.000707975
0.000707982
0.000707987
0.000707993
0.000707998
0.000708003
0.000708007
0.000708011
0.000708015
0.000708018
0.000708022
0.000708025
0.000708028
0.00070803
0.000708033
0.000708035
0.000708038
0.00070804
0.000708042
0.000708043
0.000708045
0.000708047
0.000708048
0.00070805
0.000708051
0.000708052
0.000708053
0.000708054
0.000708055
0.000708056
0.000708057
0.000708058
0.000708059
0.00070806
0.00070806
0.000708061
0.000708061
0.000708062
0.000708062
0.000708063
0.000708063
0.000708064
0.000708064
0.000708064
0.000708064
0.000708065
0.000708065
0.000708065
0.000708065
0.000708065
0.000708065
0.000708041
0.000708041
0.000708041
0.00070804
0.00070804
0.000708039
0.000708038
0.000708037
0.000708036
0.000708035
0.000708034
0.000708032
0.00070803
0.000708027
0.000708022
0.000708015
0.000708003
0.000707987
0.000707964
0.000707929
0.000707909
0.000707901
0.0007079
0.000707903
0.000707913
0.000707933
0.000707965
0.000707982
0.00070799
0.000707992
0.000707991
0.00070799
0.000707988
0.000707986
0.000707984
0.000707983
0.000707981
0.000707979
0.000707978
0.000707976
0.000707975
0.000707973
0.000707971
0.000707969
0.000707967
0.000707965
0.000707962
0.000707959
0.000707955
0.000707951
0.000707947
0.000707942
0.000707937
0.000707931
0.000707924
0.000707917
0.000707909
0.0007079
0.000707888
0.000707867
0.000707793
0.00070747
0.000706072
0.000700603
0.000682077
0.000630618
0.000523164
0.000370605
0.000229117
0.000135303
8.99045e-05
7.95391e-05
9.01058e-05
0.000122861
0.000187805
0.000304535
0.000461936
0.000596806
0.000669569
0.000697041
0.000705178
0.000707205
0.000707649
0.000707738
0.000707755
0.000707759
0.000707756
0.000707739
0.000707662
0.000707348
0.00070617
0.00070213
0.00068972
0.000656602
0.000583821
0.000461847
0.000316977
0.000198143
0.000127666
9.43757e-05
8.48579e-05
0.000113754
0.000182647
0.000308125
0.000462174
0.000587828
0.000659701
0.000691214
0.000702694
0.000706353
0.000707402
0.000707677
0.000707743
0.000707758
0.00070776
0.000707756
0.000707736
0.000707635
0.00070712
0.000704749
0.000695187
0.000663074
0.000580257
0.000434882
0.000277489
0.000169375
0.00011146
8.60158e-05
8.0272e-05
9.87841e-05
0.000151157
0.000248727
0.000392365
0.000540652
0.000640172
0.000685896
0.000701833
0.000706414
0.000707559
0.00070782
0.000707881
0.0007079
0.000707912
0.000707922
0.000707931
0.00070794
0.000707948
0.000707955
0.000707962
0.000707969
0.000707975
0.000707981
0.000707986
0.000707991
0.000707996
0.000708
0.000708004
0.000708008
0.000708011
0.000708015
0.000708018
0.000708021
0.000708024
0.000708026
0.000708028
0.000708031
0.000708033
0.000708035
0.000708037
0.000708038
0.00070804
0.000708041
0.000708043
0.000708044
0.000708045
0.000708047
0.000708048
0.000708049
0.00070805
0.000708051
0.000708051
0.000708052
0.000708053
0.000708054
0.000708054
0.000708055
0.000708055
0.000708056
0.000708056
0.000708057
0.000708057
0.000708057
0.000708058
0.000708058
0.000708058
0.000708058
0.000708058
0.000708059
0.000708059
0.000708059
0.000708033
0.000708033
0.000708033
0.000708033
0.000708032
0.000708032
0.000708031
0.00070803
0.000708029
0.000708028
0.000708026
0.000708024
0.000708022
0.000708018
0.000708012
0.000708003
0.000707988
0.000707966
0.00070794
0.000707911
0.000707899
0.000707896
0.000707898
0.000707905
0.00070792
0.000707945
0.000707972
0.000707984
0.000707987
0.000707988
0.000707987
0.000707985
0.000707983
0.000707981
0.000707979
0.000707978
0.000707976
0.000707974
0.000707973
0.000707971
0.000707969
0.000707968
0.000707966
0.000707963
0.000707961
0.000707959
0.000707956
0.000707952
0.000707949
0.000707945
0.000707941
0.000707936
0.00070793
0.000707924
0.000707918
0.00070791
0.000707903
0.000707894
0.000707882
0.000707859
0.000707773
0.00070739
0.000705728
0.000699266
0.000677696
0.000619457
0.000503565
0.000349567
0.000216041
0.000130795
8.98466e-05
7.98121e-05
9.06896e-05
0.000123976
0.000188391
0.000303901
0.000460997
0.0005964
0.000669656
0.000697177
0.000705238
0.000707223
0.000707652
0.000707736
0.000707753
0.000707756
0.000707753
0.000707735
0.000707654
0.000707327
0.000706095
0.000701872
0.000688923
0.000654534
0.000579684
0.000456125
0.000312073
0.000195877
0.000127473
9.47269e-05
8.59078e-05
0.000114088
0.000181915
0.000305069
0.00045785
0.000584508
0.00065801
0.000690557
0.000702482
0.000706291
0.000707384
0.000707671
0.00070774
0.000707755
0.000707757
0.000707754
0.000707736
0.00070764
0.000707145
0.000704834
0.000695421
0.000663524
0.000580775
0.000435578
0.000279132
0.000171543
0.000113206
8.6627e-05
8.05487e-05
9.77309e-05
0.000144715
0.000234226
0.000371273
0.000522321
0.000630274
0.000682155
0.000700722
0.000706135
0.000707496
0.000707804
0.000707874
0.000707895
0.000707907
0.000707917
0.000707926
0.000707934
0.000707942
0.00070795
0.000707956
0.000707963
0.000707969
0.000707974
0.00070798
0.000707985
0.000707989
0.000707993
0.000707997
0.000708001
0.000708005
0.000708008
0.000708011
0.000708014
0.000708017
0.000708019
0.000708022
0.000708024
0.000708026
0.000708028
0.00070803
0.000708032
0.000708033
0.000708035
0.000708036
0.000708037
0.000708039
0.00070804
0.000708041
0.000708042
0.000708043
0.000708044
0.000708045
0.000708046
0.000708046
0.000708047
0.000708048
0.000708048
0.000708049
0.000708049
0.00070805
0.00070805
0.000708051
0.000708051
0.000708051
0.000708051
0.000708052
0.000708052
0.000708052
0.000708052
0.000708052
0.000708052
0.000708026
0.000708026
0.000708026
0.000708025
0.000708025
0.000708024
0.000708024
0.000708023
0.000708022
0.000708021
0.000708019
0.000708017
0.000708014
0.000708009
0.000708001
0.00070799
0.000707972
0.000707943
0.000707914
0.000707898
0.000707892
0.000707893
0.000707898
0.00070791
0.00070793
0.000707961
0.000707978
0.000707983
0.000707984
0.000707983
0.000707982
0.00070798
0.000707978
0.000707976
0.000707974
0.000707973
0.000707971
0.000707969
0.000707967
0.000707966
0.000707964
0.000707962
0.00070796
0.000707958
0.000707955
0.000707953
0.00070795
0.000707946
0.000707943
0.000707939
0.000707934
0.00070793
0.000707924
0.000707918
0.000707912
0.000707905
0.000707897
0.000707888
0.000707877
0.000707851
0.000707752
0.000707303
0.000705351
0.0006978
0.000672954
0.000607732
0.000484019
0.000329873
0.000204355
0.000126737
8.96994e-05
8.01058e-05
9.14017e-05
0.000125384
0.000189534
0.000304542
0.000461495
0.000597105
0.00067018
0.000697426
0.000705326
0.000707247
0.000707657
0.000707736
0.000707751
0.000707753
0.00070775
0.000707731
0.000707648
0.000707308
0.000706028
0.00070164
0.000688207
0.000652693
0.00057606
0.000451247
0.000308073
0.000194205
0.000127544
9.5238e-05
8.6728e-05
0.000114592
0.000181606
0.00030268
0.000454199
0.000581616
0.000656514
0.000689973
0.000702292
0.000706237
0.000707369
0.000707665
0.000707737
0.000707753
0.000707755
0.000707753
0.000707736
0.000707647
0.000707177
0.000704954
0.000695786
0.000664404
0.00058237
0.000437765
0.000281698
0.000174287
0.00011543
8.74053e-05
8.08297e-05
9.64617e-05
0.000138794
0.000220872
0.000351001
0.000503682
0.000619746
0.000678077
0.0006995
0.000705828
0.000707427
0.000707788
0.000707868
0.000707891
0.000707903
0.000707912
0.000707921
0.000707929
0.000707937
0.000707944
0.000707951
0.000707957
0.000707963
0.000707968
0.000707973
0.000707978
0.000707983
0.000707987
0.000707991
0.000707995
0.000707998
0.000708001
0.000708004
0.000708007
0.00070801
0.000708013
0.000708015
0.000708017
0.000708019
0.000708021
0.000708023
0.000708025
0.000708027
0.000708028
0.00070803
0.000708031
0.000708032
0.000708033
0.000708034
0.000708036
0.000708037
0.000708037
0.000708038
0.000708039
0.00070804
0.000708041
0.000708041
0.000708042
0.000708042
0.000708043
0.000708043
0.000708044
0.000708044
0.000708044
0.000708045
0.000708045
0.000708045
0.000708045
0.000708046
0.000708046
0.000708046
0.000708046
0.000708019
0.000708019
0.000708019
0.000708018
0.000708018
0.000708017
0.000708016
0.000708016
0.000708015
0.000708013
0.000708012
0.000708009
0.000708005
0.000707998
0.000707989
0.000707974
0.000707952
0.000707917
0.000707899
0.00070789
0.000707888
0.000707892
0.000707901
0.000707917
0.000707941
0.000707967
0.000707978
0.00070798
0.00070798
0.000707979
0.000707977
0.000707975
0.000707973
0.000707971
0.000707969
0.000707968
0.000707966
0.000707964
0.000707962
0.00070796
0.000707959
0.000707957
0.000707954
0.000707952
0.00070795
0.000707947
0.000707944
0.000707941
0.000707937
0.000707933
0.000707929
0.000707924
0.000707919
0.000707913
0.000707906
0.0007079
0.000707892
0.000707883
0.000707871
0.000707843
0.000707731
0.00070721
0.000704944
0.000696219
0.000667891
0.000595575
0.000464749
0.000311565
0.000193918
0.000123098
8.94649e-05
8.04192e-05
9.22226e-05
0.000126976
0.000191008
0.000305905
0.000462973
0.000598437
0.000670977
0.000697761
0.000705435
0.000707276
0.000707662
0.000707736
0.000707749
0.000707751
0.000707748
0.000707728
0.000707642
0.000707291
0.000705967
0.000701428
0.00068756
0.00065105
0.000572892
0.000447125
0.000304894
0.000193103
0.000127998
9.61119e-05
8.74567e-05
0.000115358
0.000181746
0.000300906
0.000451149
0.000579099
0.000655184
0.000689447
0.00070212
0.000706187
0.000707355
0.00070766
0.000707734
0.000707751
0.000707754
0.000707752
0.000707737
0.000707655
0.000707215
0.000705098
0.000696253
0.000665614
0.000584697
0.000440927
0.000285009
0.000177414
0.00011808
8.83407e-05
8.11172e-05
9.51568e-05
0.000133428
0.000208704
0.000331758
0.000484991
0.000608708
0.000673697
0.000698179
0.000705497
0.000707353
0.000707771
0.000707862
0.000707886
0.000707898
0.000707908
0.000707916
0.000707924
0.000707932
0.000707939
0.000707945
0.000707951
0.000707957
0.000707962
0.000707968
0.000707972
0.000707977
0.000707981
0.000707985
0.000707988
0.000707992
0.000707995
0.000707998
0.000708001
0.000708004
0.000708006
0.000708008
0.000708011
0.000708013
0.000708015
0.000708017
0.000708018
0.00070802
0.000708022
0.000708023
0.000708024
0.000708026
0.000708027
0.000708028
0.000708029
0.00070803
0.000708031
0.000708032
0.000708033
0.000708033
0.000708034
0.000708035
0.000708035
0.000708036
0.000708036
0.000708037
0.000708037
0.000708038
0.000708038
0.000708038
0.000708039
0.000708039
0.000708039
0.000708039
0.000708039
0.000708039
0.000708039
0.000708012
0.000708012
0.000708011
0.000708011
0.000708011
0.00070801
0.000708009
0.000708009
0.000708007
0.000708006
0.000708004
0.000708001
0.000707995
0.000707987
0.000707974
0.000707956
0.000707929
0.0007079
0.000707887
0.000707884
0.000707886
0.000707892
0.000707906
0.000707927
0.000707956
0.000707971
0.000707976
0.000707976
0.000707975
0.000707973
0.000707972
0.00070797
0.000707968
0.000707966
0.000707964
0.000707963
0.000707961
0.000707959
0.000707957
0.000707955
0.000707953
0.000707951
0.000707949
0.000707947
0.000707944
0.000707941
0.000707938
0.000707935
0.000707931
0.000707928
0.000707923
0.000707918
0.000707913
0.000707908
0.000707901
0.000707895
0.000707887
0.000707879
0.000707867
0.000707836
0.000707709
0.000707114
0.000704513
0.000694541
0.000662571
0.000583141
0.000445958
0.000294649
0.000184589
0.000119836
8.91732e-05
8.07509e-05
9.31268e-05
0.000128606
0.00019263
0.00030773
0.000465101
0.000600245
0.000671977
0.000698156
0.000705558
0.000707308
0.000707669
0.000707736
0.000707748
0.00070775
0.000707746
0.000707725
0.000707636
0.000707274
0.000705909
0.000701231
0.000686967
0.000649574
0.00057012
0.000443667
0.000302446
0.00019253
0.000128851
9.75744e-05
8.83025e-05
0.000116487
0.000182331
0.000299689
0.000448622
0.000576897
0.000653987
0.000688966
0.000701961
0.000706141
0.000707342
0.000707656
0.000707732
0.000707749
0.000707753
0.000707751
0.000707738
0.000707663
0.000707254
0.000705255
0.000696782
0.000667037
0.000587503
0.000444688
0.000288686
0.000180657
0.000121005
8.94105e-05
8.14138e-05
9.39339e-05
0.000128649
0.000197735
0.000313713
0.000466506
0.000597306
0.00066907
0.000696775
0.000705148
0.000707277
0.000707754
0.000707856
0.000707882
0.000707894
0.000707904
0.000707912
0.00070792
0.000707927
0.000707934
0.00070794
0.000707946
0.000707952
0.000707957
0.000707962
0.000707966
0.000707971
0.000707975
0.000707979
0.000707982
0.000707986
0.000707989
0.000707992
0.000707995
0.000707997
0.000708
0.000708002
0.000708004
0.000708006
0.000708008
0.00070801
0.000708012
0.000708014
0.000708015
0.000708017
0.000708018
0.000708019
0.00070802
0.000708022
0.000708023
0.000708024
0.000708025
0.000708025
0.000708026
0.000708027
0.000708028
0.000708028
0.000708029
0.00070803
0.00070803
0.000708031
0.000708031
0.000708031
0.000708032
0.000708032
0.000708032
0.000708033
0.000708033
0.000708033
0.000708033
0.000708033
0.000708033
0.000708005
0.000708005
0.000708004
0.000708004
0.000708004
0.000708003
0.000708002
0.000708002
0.000708
0.000707999
0.000707996
0.000707992
0.000707985
0.000707974
0.000707957
0.000707936
0.000707902
0.000707886
0.000707879
0.00070788
0.000707884
0.000707895
0.000707914
0.000707938
0.000707961
0.00070797
0.000707972
0.000707971
0.00070797
0.000707968
0.000707966
0.000707965
0.000707963
0.000707961
0.000707959
0.000707957
0.000707956
0.000707954
0.000707952
0.00070795
0.000707948
0.000707946
0.000707944
0.000707941
0.000707939
0.000707936
0.000707933
0.00070793
0.000707926
0.000707922
0.000707918
0.000707913
0.000707908
0.000707903
0.000707897
0.00070789
0.000707883
0.000707874
0.000707862
0.000707829
0.000707688
0.000707016
0.000704069
0.000692797
0.000657068
0.000570594
0.000427818
0.00027908
0.000176182
0.000116909
8.88566e-05
8.10987e-05
9.40863e-05
0.000130134
0.000194241
0.000309788
0.000467639
0.000602366
0.000673109
0.000698586
0.000705687
0.00070734
0.000707676
0.000707737
0.000707748
0.000707748
0.000707744
0.000707723
0.000707631
0.000707258
0.000705853
0.000701045
0.000686417
0.000648233
0.000567677
0.00044077
0.000300618
0.000192373
0.000129915
9.95249e-05
8.94471e-05
0.000118002
0.000183318
0.000298955
0.000446531
0.000574943
0.000652887
0.000688513
0.00070181
0.000706096
0.000707329
0.000707652
0.00070773
0.000707748
0.000707752
0.000707751
0.00070774
0.000707672
0.000707294
0.000705419
0.000697345
0.000668578
0.000590568
0.000448719
0.000292403
0.000183747
0.000123929
9.05741e-05
8.17207e-05
9.28527e-05
0.000124457
0.000187935
0.000296973
0.000448458
0.000585696
0.000664261
0.000695313
0.000704787
0.000707199
0.000707737
0.000707851
0.000707878
0.000707891
0.0007079
0.000707908
0.000707915
0.000707923
0.000707929
0.000707935
0.000707941
0.000707947
0.000707952
0.000707956
0.000707961
0.000707965
0.000707969
0.000707973
0.000707976
0.00070798
0.000707983
0.000707986
0.000707988
0.000707991
0.000707994
0.000707996
0.000707998
0.000708
0.000708002
0.000708004
0.000708006
0.000708007
0.000708009
0.00070801
0.000708012
0.000708013
0.000708014
0.000708015
0.000708016
0.000708017
0.000708018
0.000708019
0.00070802
0.000708021
0.000708021
0.000708022
0.000708023
0.000708023
0.000708024
0.000708024
0.000708025
0.000708025
0.000708025
0.000708026
0.000708026
0.000708026
0.000708026
0.000708027
0.000708027
0.000708027
0.000708027
0.000707998
0.000707998
0.000707998
0.000707997
0.000707997
0.000707996
0.000707996
0.000707995
0.000707993
0.000707991
0.000707988
0.000707983
0.000707974
0.000707959
0.000707937
0.000707913
0.000707886
0.000707876
0.000707874
0.000707878
0.000707886
0.0007079
0.000707925
0.000707952
0.000707963
0.000707967
0.000707967
0.000707966
0.000707965
0.000707963
0.000707961
0.000707959
0.000707958
0.000707956
0.000707954
0.000707952
0.000707951
0.000707949
0.000707947
0.000707945
0.000707943
0.000707941
0.000707939
0.000707936
0.000707934
0.000707931
0.000707928
0.000707925
0.000707921
0.000707917
0.000707913
0.000707909
0.000707904
0.000707898
0.000707893
0.000707886
0.000707879
0.000707871
0.000707858
0.000707823
0.000707667
0.000706919
0.00070362
0.000691018
0.000651468
0.000558094
0.00041046
0.000264788
0.000168498
0.000114291
8.85415e-05
8.14606e-05
9.50761e-05
0.000131479
0.00019574
0.000311912
0.000470403
0.000604673
0.000674315
0.000699034
0.000705819
0.000707373
0.000707683
0.000707738
0.000707747
0.000707748
0.000707743
0.00070772
0.000707626
0.000707243
0.000705798
0.000700864
0.000685892
0.000646988
0.000565489
0.000438318
0.000299288
0.000192572
0.000131031
0.000101508
9.09977e-05
0.000119854
0.000184635
0.000298611
0.000444772
0.000573163
0.000651846
0.000688074
0.000701659
0.000706051
0.000707317
0.000707648
0.000707728
0.000707747
0.000707752
0.000707751
0.000707741
0.00070768
0.000707334
0.000705583
0.000697918
0.000670169
0.000593735
0.000452771
0.000295894
0.000186444
0.000126517
9.17781e-05
8.20378e-05
9.19319e-05
0.000120816
0.000179228
0.000281573
0.000431027
0.000574023
0.000659335
0.000693816
0.000704424
0.000707123
0.000707722
0.000707846
0.000707875
0.000707887
0.000707896
0.000707904
0.000707911
0.000707918
0.000707925
0.000707931
0.000707936
0.000707942
0.000707947
0.000707951
0.000707956
0.00070796
0.000707964
0.000707967
0.000707971
0.000707974
0.000707977
0.00070798
0.000707982
0.000707985
0.000707987
0.00070799
0.000707992
0.000707994
0.000707996
0.000707998
0.000707999
0.000708001
0.000708003
0.000708004
0.000708005
0.000708007
0.000708008
0.000708009
0.00070801
0.000708011
0.000708012
0.000708013
0.000708014
0.000708015
0.000708015
0.000708016
0.000708017
0.000708017
0.000708018
0.000708018
0.000708019
0.000708019
0.000708019
0.00070802
0.00070802
0.00070802
0.00070802
0.00070802
0.000708021
0.000708021
0.000708021
0.000707991
0.000707991
0.000707991
0.000707991
0.00070799
0.00070799
0.000707989
0.000707988
0.000707986
0.000707984
0.000707979
0.000707972
0.000707961
0.000707943
0.000707915
0.000707888
0.000707874
0.00070787
0.000707871
0.000707878
0.00070789
0.00070791
0.00070794
0.000707955
0.000707961
0.000707963
0.000707962
0.000707961
0.000707959
0.000707958
0.000707956
0.000707954
0.000707953
0.000707951
0.000707949
0.000707947
0.000707946
0.000707944
0.000707942
0.00070794
0.000707938
0.000707936
0.000707934
0.000707931
0.000707929
0.000707926
0.000707923
0.00070792
0.000707917
0.000707913
0.000707909
0.000707904
0.0007079
0.000707894
0.000707889
0.000707882
0.000707875
0.000707867
0.000707855
0.000707818
0.000707649
0.000706826
0.000703179
0.000689239
0.000645856
0.00054579
0.000393997
0.000251758
0.000161629
0.000111949
8.82463e-05
8.18348e-05
9.60795e-05
0.000132633
0.000197081
0.000314009
0.00047328
0.000607087
0.00067556
0.000699489
0.00070595
0.000707405
0.00070769
0.000707739
0.000707747
0.000707747
0.000707741
0.000707718
0.000707621
0.000707226
0.000705742
0.000700682
0.000685376
0.000645794
0.000563464
0.000436183
0.000298328
0.000193059
0.000132204
0.000103302
9.29966e-05
0.000122009
0.000186211
0.00029854
0.00044323
0.000571474
0.00065082
0.00068763
0.000701504
0.000706004
0.000707303
0.000707644
0.000707727
0.000707746
0.000707751
0.000707751
0.000707743
0.000707689
0.000707373
0.000705745
0.000698491
0.000671775
0.000596921
0.000456713
0.000299001
0.000188617
0.000128532
9.29717e-05
8.23632e-05
9.11654e-05
0.000117661
0.000171475
0.000267477
0.000414333
0.000562411
0.000654356
0.000692311
0.000704064
0.00070705
0.000707707
0.000707841
0.000707872
0.000707884
0.000707893
0.000707901
0.000707908
0.000707914
0.000707921
0.000707926
0.000707932
0.000707937
0.000707942
0.000707946
0.00070795
0.000707954
0.000707958
0.000707962
0.000707965
0.000707968
0.000707971
0.000707974
0.000707977
0.000707979
0.000707982
0.000707984
0.000707986
0.000707988
0.00070799
0.000707992
0.000707993
0.000707995
0.000707996
0.000707998
0.000707999
0.000708
0.000708002
0.000708003
0.000708004
0.000708005
0.000708006
0.000708007
0.000708008
0.000708008
0.000708009
0.00070801
0.00070801
0.000708011
0.000708011
0.000708012
0.000708012
0.000708013
0.000708013
0.000708013
0.000708014
0.000708014
0.000708014
0.000708014
0.000708014
0.000708014
0.000708015
0.000707985
0.000707985
0.000707984
0.000707984
0.000707984
0.000707983
0.000707982
0.000707981
0.000707979
0.000707975
0.00070797
0.000707961
0.000707946
0.000707924
0.00070789
0.000707873
0.000707866
0.000707865
0.00070787
0.00070788
0.000707896
0.000707921
0.000707946
0.000707955
0.000707958
0.000707958
0.000707957
0.000707956
0.000707954
0.000707952
0.000707951
0.000707949
0.000707948
0.000707946
0.000707944
0.000707942
0.000707941
0.000707939
0.000707937
0.000707935
0.000707933
0.000707931
0.000707929
0.000707927
0.000707924
0.000707921
0.000707919
0.000707915
0.000707912
0.000707909
0.000707905
0.0007079
0.000707896
0.000707891
0.000707885
0.000707879
0.000707872
0.000707864
0.000707852
0.000707813
0.000707632
0.00070674
0.000702756
0.000687495
0.000640315
0.000533818
0.000378518
0.000239958
0.000155536
0.000109853
8.79821e-05
8.22204e-05
9.70868e-05
0.000133627
0.000198265
0.000316052
0.000476233
0.000609579
0.00067683
0.000699944
0.000706078
0.000707436
0.000707696
0.000707741
0.000707747
0.000707746
0.000707741
0.000707716
0.000707616
0.000707209
0.000705683
0.000700491
0.000684844
0.000644593
0.000561496
0.000434218
0.000297606
0.000193777
0.00013353
0.000105092
9.55009e-05
0.000124476
0.000187962
0.000298618
0.000441772
0.000569786
0.000649765
0.000687165
0.000701339
0.000705953
0.000707289
0.00070764
0.000707725
0.000707746
0.000707751
0.000707752
0.000707745
0.000707697
0.00070741
0.000705903
0.000699059
0.000673384
0.000600109
0.000460527
0.000301725
0.000190267
0.000129955
9.41225e-05
8.26956e-05
9.05349e-05
0.000114933
0.000164491
0.000254606
0.000398457
0.00055097
0.000649383
0.000690819
0.000703716
0.000706981
0.000707694
0.000707837
0.000707869
0.000707881
0.00070789
0.000707897
0.000707904
0.000707911
0.000707917
0.000707922
0.000707928
0.000707933
0.000707937
0.000707941
0.000707946
0.000707949
0.000707953
0.000707956
0.00070796
0.000707963
0.000707966
0.000707968
0.000707971
0.000707973
0.000707976
0.000707978
0.00070798
0.000707982
0.000707984
0.000707986
0.000707987
0.000707989
0.00070799
0.000707992
0.000707993
0.000707994
0.000707996
0.000707997
0.000707998
0.000707999
0.000708
0.000708001
0.000708001
0.000708002
0.000708003
0.000708004
0.000708004
0.000708005
0.000708005
0.000708006
0.000708006
0.000708007
0.000708007
0.000708007
0.000708008
0.000708008
0.000708008
0.000708008
0.000708008
0.000708008
0.000708008
0.000707978
0.000707978
0.000707978
0.000707978
0.000707977
0.000707976
0.000707975
0.000707974
0.000707971
0.000707966
0.000707959
0.000707948
0.00070793
0.000707902
0.000707874
0.000707862
0.00070786
0.000707862
0.00070787
0.000707885
0.000707906
0.000707935
0.000707949
0.000707953
0.000707954
0.000707953
0.000707952
0.00070795
0.000707949
0.000707947
0.000707946
0.000707944
0.000707942
0.000707941
0.000707939
0.000707937
0.000707936
0.000707934
0.000707932
0.00070793
0.000707928
0.000707926
0.000707924
0.000707922
0.000707919
0.000707917
0.000707914
0.000707911
0.000707908
0.000707904
0.000707901
0.000707896
0.000707892
0.000707887
0.000707882
0.000707876
0.000707869
0.000707862
0.000707849
0.000707809
0.000707618
0.000706664
0.000702361
0.000685817
0.000634925
0.000522299
0.000364084
0.000229332
0.000150148
0.000107976
8.77541e-05
8.26169e-05
9.80915e-05
0.0001345
0.000199318
0.000318059
0.000479273
0.000612152
0.000678124
0.0007004
0.000706205
0.000707466
0.000707703
0.000707742
0.000707748
0.000707746
0.00070774
0.000707715
0.00070761
0.00070719
0.000705617
0.000700282
0.000684269
0.00064332
0.000559458
0.000432253
0.000296957
0.000194618
0.000135025
0.000107063
9.8571e-05
0.00012719
0.000189729
0.000298671
0.000440239
0.000567994
0.00064863
0.000686656
0.000701156
0.000705896
0.000707272
0.000707635
0.000707724
0.000707745
0.000707751
0.000707752
0.000707747
0.000707704
0.000707446
0.000706057
0.000699624
0.000675004
0.000603325
0.00046427
0.000304155
0.000191499
0.000130938
9.52201e-05
8.30337e-05
9.00175e-05
0.000112556
0.000158277
0.000242901
0.000383458
0.000539802
0.000644476
0.000689365
0.000703387
0.00070692
0.000707683
0.000707834
0.000707867
0.000707879
0.000707887
0.000707895
0.000707901
0.000707907
0.000707913
0.000707919
0.000707924
0.000707928
0.000707933
0.000707937
0.000707941
0.000707945
0.000707948
0.000707951
0.000707954
0.000707957
0.00070796
0.000707963
0.000707965
0.000707968
0.00070797
0.000707972
0.000707974
0.000707976
0.000707978
0.00070798
0.000707981
0.000707983
0.000707984
0.000707986
0.000707987
0.000707988
0.00070799
0.000707991
0.000707992
0.000707993
0.000707994
0.000707995
0.000707995
0.000707996
0.000707997
0.000707998
0.000707998
0.000707999
0.000707999
0.000708
0.000708
0.000708001
0.000708001
0.000708001
0.000708002
0.000708002
0.000708002
0.000708002
0.000708002
0.000708002
0.000708002
0.000707972
0.000707972
0.000707972
0.000707971
0.000707971
0.00070797
0.000707969
0.000707966
0.000707962
0.000707956
0.000707947
0.000707933
0.00070791
0.000707877
0.000707861
0.000707855
0.000707856
0.000707861
0.000707872
0.000707892
0.000707916
0.000707939
0.000707947
0.000707949
0.000707949
0.000707948
0.000707946
0.000707945
0.000707944
0.000707942
0.00070794
0.000707939
0.000707937
0.000707936
0.000707934
0.000707933
0.000707931
0.000707929
0.000707927
0.000707926
0.000707924
0.000707922
0.00070792
0.000707917
0.000707915
0.000707912
0.00070791
0.000707907
0.000707904
0.0007079
0.000707897
0.000707893
0.000707889
0.000707884
0.000707879
0.000707873
0.000707867
0.000707859
0.000707847
0.000707806
0.000707608
0.000706599
0.000702004
0.00068424
0.000629766
0.000511346
0.000350732
0.000219801
0.000145391
0.000106299
8.75655e-05
8.30234e-05
9.90865e-05
0.000135282
0.000200268
0.000320062
0.000482437
0.000614829
0.000679449
0.000700857
0.00070633
0.000707494
0.000707709
0.000707744
0.000707748
0.000707746
0.000707739
0.000707713
0.000707604
0.000707168
0.000705542
0.000700044
0.000683621
0.000641899
0.000557212
0.000430096
0.000296175
0.000195381
0.000136517
0.000109061
0.000102001
0.000129825
0.000191249
0.000298467
0.000438444
0.00056598
0.000647353
0.000686081
0.000700947
0.000705831
0.000707253
0.000707629
0.000707722
0.000707745
0.000707751
0.000707753
0.000707749
0.000707712
0.00070748
0.000706208
0.000700187
0.000676646
0.000606611
0.000468035
0.000306413
0.000192454
0.000131659
9.62676e-05
8.33776e-05
8.95921e-05
0.000110469
0.000152767
0.000232298
0.000369388
0.000529015
0.000639705
0.000687975
0.000703084
0.000706867
0.000707675
0.000707832
0.000707865
0.000707877
0.000707885
0.000707892
0.000707898
0.000707904
0.00070791
0.000707915
0.00070792
0.000707924
0.000707929
0.000707933
0.000707936
0.00070794
0.000707943
0.000707946
0.000707949
0.000707952
0.000707955
0.000707958
0.00070796
0.000707962
0.000707965
0.000707967
0.000707969
0.000707971
0.000707972
0.000707974
0.000707976
0.000707977
0.000707979
0.00070798
0.000707981
0.000707983
0.000707984
0.000707985
0.000707986
0.000707987
0.000707988
0.000707989
0.000707989
0.00070799
0.000707991
0.000707992
0.000707992
0.000707993
0.000707993
0.000707994
0.000707994
0.000707995
0.000707995
0.000707995
0.000707996
0.000707996
0.000707996
0.000707996
0.000707996
0.000707996
0.000707996
0.000707966
0.000707966
0.000707965
0.000707965
0.000707964
0.000707963
0.000707962
0.000707959
0.000707954
0.000707945
0.000707933
0.000707916
0.000707889
0.000707863
0.000707852
0.000707851
0.000707854
0.000707862
0.000707878
0.000707902
0.000707929
0.00070794
0.000707944
0.000707944
0.000707944
0.000707942
0.000707941
0.00070794
0.000707938
0.000707937
0.000707935
0.000707934
0.000707932
0.000707931
0.000707929
0.000707928
0.000707926
0.000707924
0.000707923
0.000707921
0.000707919
0.000707917
0.000707915
0.000707913
0.000707911
0.000707908
0.000707906
0.000707903
0.0007079
0.000707897
0.000707893
0.00070789
0.000707885
0.000707881
0.000707876
0.000707871
0.000707865
0.000707857
0.000707845
0.000707804
0.0007076
0.000706548
0.000701694
0.000682797
0.000624918
0.00050106
0.000338471
0.00021128
0.000141195
0.000104802
8.74132e-05
8.34382e-05
0.000100063
0.000135993
0.000201135
0.000322088
0.000485758
0.000617629
0.000680812
0.000701318
0.000706452
0.000707523
0.000707715
0.000707746
0.000707749
0.000707746
0.000707738
0.000707711
0.000707597
0.000707143
0.000705453
0.000699765
0.000682864
0.000640248
0.00055461
0.000427546
0.000295039
0.00019582
0.000137716
0.000110562
0.000105008
0.000131839
0.000192225
0.000297768
0.000436193
0.000563608
0.000645865
0.000685408
0.000700702
0.000705754
0.000707231
0.000707623
0.00070772
0.000707744
0.000707751
0.000707754
0.000707751
0.000707719
0.000707513
0.000706356
0.000700749
0.000678318
0.00061001
0.00047192
0.000308623
0.000193249
0.000132239
9.72712e-05
8.37269e-05
8.9241e-05
0.000108621
0.000147878
0.00022272
0.000356286
0.000518719
0.000635145
0.000686682
0.000702817
0.000706824
0.000707669
0.00070783
0.000707864
0.000707875
0.000707883
0.00070789
0.000707896
0.000707901
0.000707907
0.000707912
0.000707916
0.000707921
0.000707925
0.000707928
0.000707932
0.000707935
0.000707939
0.000707942
0.000707945
0.000707947
0.00070795
0.000707952
0.000707955
0.000707957
0.000707959
0.000707961
0.000707963
0.000707965
0.000707967
0.000707968
0.00070797
0.000707971
0.000707973
0.000707974
0.000707975
0.000707977
0.000707978
0.000707979
0.00070798
0.000707981
0.000707982
0.000707983
0.000707984
0.000707984
0.000707985
0.000707986
0.000707986
0.000707987
0.000707987
0.000707988
0.000707988
0.000707989
0.000707989
0.000707989
0.00070799
0.00070799
0.00070799
0.00070799
0.00070799
0.000707991
0.000707991
0.00070796
0.000707959
0.000707959
0.000707959
0.000707958
0.000707957
0.000707955
0.000707951
0.000707944
0.000707934
0.000707918
0.000707898
0.000707867
0.000707851
0.000707847
0.000707848
0.000707854
0.000707866
0.000707886
0.000707917
0.000707932
0.000707938
0.000707939
0.000707939
0.000707938
0.000707937
0.000707936
0.000707934
0.000707933
0.000707932
0.00070793
0.000707929
0.000707927
0.000707926
0.000707924
0.000707923
0.000707921
0.00070792
0.000707918
0.000707916
0.000707914
0.000707913
0.000707911
0.000707909
0.000707906
0.000707904
0.000707902
0.000707899
0.000707896
0.000707893
0.00070789
0.000707886
0.000707883
0.000707878
0.000707874
0.000707868
0.000707863
0.000707856
0.000707844
0.000707803
0.000707596
0.000706512
0.000701442
0.000681523
0.000620462
0.000491529
0.000327292
0.00020368
0.000137497
0.000103473
8.73055e-05
8.38594e-05
0.000101014
0.000136638
0.000201926
0.000324154
0.000489256
0.000620561
0.000682212
0.000701781
0.000706573
0.00070755
0.000707722
0.000707748
0.00070775
0.000707747
0.000707738
0.000707709
0.00070759
0.000707113
0.000705346
0.000699428
0.000681954
0.000638274
0.000551493
0.000424412
0.000293369
0.000195756
0.000138397
0.000111187
0.000106643
0.000132878
0.000192466
0.000296388
0.000433303
0.000560736
0.000644081
0.000684601
0.000700407
0.000705661
0.000707205
0.000707617
0.000707719
0.000707744
0.000707752
0.000707755
0.000707753
0.000707726
0.000707545
0.000706499
0.000701309
0.000680025
0.000613554
0.000476005
0.00031088
0.000193965
0.000132744
9.82334e-05
8.40812e-05
8.89509e-05
0.000106973
0.00014353
0.000214083
0.000344169
0.000509022
0.000630881
0.000685517
0.000702593
0.000706793
0.000707666
0.000707829
0.000707862
0.000707874
0.000707881
0.000707888
0.000707893
0.000707899
0.000707904
0.000707908
0.000707913
0.000707917
0.000707921
0.000707924
0.000707928
0.000707931
0.000707934
0.000707937
0.00070794
0.000707942
0.000707945
0.000707947
0.00070795
0.000707952
0.000707954
0.000707956
0.000707958
0.000707959
0.000707961
0.000707963
0.000707964
0.000707966
0.000707967
0.000707968
0.00070797
0.000707971
0.000707972
0.000707973
0.000707974
0.000707975
0.000707976
0.000707977
0.000707978
0.000707979
0.000707979
0.00070798
0.000707981
0.000707981
0.000707982
0.000707982
0.000707983
0.000707983
0.000707983
0.000707984
0.000707984
0.000707984
0.000707984
0.000707985
0.000707985
0.000707985
0.000707985
0.000707954
0.000707954
0.000707953
0.000707953
0.000707952
0.000707951
0.000707948
0.000707944
0.000707936
0.000707923
0.000707904
0.000707882
0.000707856
0.000707846
0.000707845
0.000707848
0.000707857
0.000707872
0.000707897
0.000707922
0.000707932
0.000707934
0.000707935
0.000707934
0.000707933
0.000707932
0.000707931
0.000707929
0.000707928
0.000707927
0.000707925
0.000707924
0.000707922
0.000707921
0.00070792
0.000707918
0.000707917
0.000707915
0.000707913
0.000707912
0.00070791
0.000707908
0.000707906
0.000707905
0.000707902
0.0007079
0.000707898
0.000707896
0.000707893
0.00070789
0.000707887
0.000707884
0.00070788
0.000707876
0.000707872
0.000707867
0.000707861
0.000707854
0.000707843
0.000707804
0.000707596
0.000706491
0.000701254
0.000680449
0.000616472
0.000482821
0.000317163
0.000196908
0.000134238
0.000102291
8.72131e-05
8.42833e-05
0.000101931
0.000137213
0.000202637
0.000326266
0.000492943
0.000623625
0.000683646
0.000702245
0.000706692
0.000707577
0.000707729
0.000707751
0.000707752
0.000707749
0.00070774
0.000707709
0.000707583
0.00070708
0.000705216
0.000699014
0.000680839
0.000635862
0.000547691
0.000420518
0.000291053
0.000195143
0.000138548
0.000111222
0.000106979
0.000133078
0.000191992
0.000294241
0.00042962
0.000557206
0.000641898
0.000683611
0.000700044
0.000705547
0.000707176
0.000707611
0.000707719
0.000707745
0.000707753
0.000707757
0.000707756
0.000707733
0.000707575
0.000706638
0.000701866
0.000681766
0.000617259
0.000480346
0.000313252
0.000194648
0.000133198
9.91519e-05
8.44386e-05
8.87117e-05
0.000105495
0.000139652
0.000206299
0.000333039
0.00050002
0.000626994
0.000684516
0.000702423
0.000706774
0.000707665
0.000707829
0.000707862
0.000707872
0.000707879
0.000707886
0.000707891
0.000707896
0.000707901
0.000707905
0.00070791
0.000707913
0.000707917
0.00070792
0.000707924
0.000707927
0.00070793
0.000707932
0.000707935
0.000707938
0.00070794
0.000707942
0.000707944
0.000707946
0.000707948
0.00070795
0.000707952
0.000707954
0.000707956
0.000707957
0.000707959
0.00070796
0.000707962
0.000707963
0.000707964
0.000707965
0.000707966
0.000707967
0.000707968
0.000707969
0.00070797
0.000707971
0.000707972
0.000707973
0.000707973
0.000707974
0.000707975
0.000707975
0.000707976
0.000707976
0.000707977
0.000707977
0.000707978
0.000707978
0.000707978
0.000707978
0.000707979
0.000707979
0.000707979
0.000707979
0.000707979
0.000707948
0.000707948
0.000707948
0.000707948
0.000707948
0.000707947
0.000707944
0.000707939
0.00070793
0.000707916
0.000707895
0.000707869
0.000707855
0.000707849
0.000707849
0.000707853
0.000707863
0.000707882
0.000707911
0.000707925
0.00070793
0.000707931
0.00070793
0.000707929
0.000707928
0.000707927
0.000707926
0.000707925
0.000707923
0.000707922
0.000707921
0.000707919
0.000707918
0.000707917
0.000707915
0.000707914
0.000707912
0.000707911
0.000707909
0.000707908
0.000707906
0.000707905
0.000707903
0.000707901
0.000707899
0.000707897
0.000707895
0.000707893
0.00070789
0.000707888
0.000707885
0.000707882
0.000707878
0.000707875
0.000707871
0.000707866
0.000707861
0.000707855
0.000707844
0.000707806
0.000707601
0.00070649
0.000701141
0.000679604
0.000613008
0.000474982
0.000308036
0.000190877
0.000131364
0.00010125
8.71844e-05
8.47067e-05
0.000102804
0.000137702
0.000203267
0.000328436
0.000496838
0.00062682
0.000685107
0.000702706
0.000706809
0.000707606
0.000707739
0.000707758
0.000707759
0.000707757
0.000707748
0.000707716
0.000707583
0.000707052
0.000705068
0.000698504
0.000679452
0.000632874
0.000543007
0.000415697
0.000288027
0.000194026
0.000138346
0.000111087
0.00010694
0.000132864
0.000190907
0.000291312
0.000425004
0.00055284
0.000639189
0.000682378
0.000699595
0.000705418
0.000707152
0.000707611
0.000707724
0.000707752
0.00070776
0.000707763
0.000707762
0.000707743
0.000707606
0.000706773
0.000702415
0.000683533
0.000621135
0.000484989
0.000315776
0.000195322
0.000133608
0.00010002
8.47965e-05
8.8516e-05
0.000104166
0.000136185
0.000199284
0.000322877
0.000491795
0.000623563
0.00068371
0.000702315
0.000706771
0.000707668
0.00070783
0.000707861
0.000707872
0.000707878
0.000707884
0.000707889
0.000707894
0.000707899
0.000707903
0.000707907
0.00070791
0.000707914
0.000707917
0.00070792
0.000707923
0.000707925
0.000707928
0.000707931
0.000707933
0.000707935
0.000707937
0.000707939
0.000707941
0.000707943
0.000707945
0.000707947
0.000707949
0.00070795
0.000707952
0.000707953
0.000707955
0.000707956
0.000707957
0.000707958
0.00070796
0.000707961
0.000707962
0.000707963
0.000707964
0.000707965
0.000707966
0.000707966
0.000707967
0.000707968
0.000707968
0.000707969
0.00070797
0.00070797
0.000707971
0.000707971
0.000707971
0.000707972
0.000707972
0.000707972
0.000707973
0.000707973
0.000707973
0.000707973
0.000707973
0.000707973
0.000707945
0.000707945
0.000707946
0.000707947
0.000707948
0.000707948
0.000707947
0.000707944
0.000707938
0.000707928
0.000707908
0.000707894
0.00070788
0.000707869
0.000707864
0.000707865
0.000707875
0.000707894
0.000707917
0.000707926
0.000707928
0.000707928
0.000707927
0.000707926
0.000707925
0.000707924
0.000707923
0.000707921
0.00070792
0.000707919
0.000707918
0.000707917
0.000707915
0.000707914
0.000707913
0.000707912
0.00070791
0.000707909
0.000707908
0.000707906
0.000707905
0.000707903
0.000707902
0.0007079
0.000707898
0.000707896
0.000707894
0.000707892
0.00070789
0.000707888
0.000707885
0.000707882
0.000707879
0.000707876
0.000707872
0.000707868
0.000707863
0.000707858
0.000707848
0.000707811
0.000707613
0.000706509
0.000701096
0.000679006
0.000610112
0.000468024
0.000299846
0.000185501
0.000128833
0.000100339
8.71734e-05
8.51256e-05
0.000103619
0.000138083
0.000203815
0.000330693
0.000500966
0.000630152
0.000686593
0.000703168
0.00070693
0.000707643
0.000707761
0.000707779
0.000707782
0.000707781
0.000707775
0.000707744
0.000707607
0.00070704
0.000704932
0.000697904
0.000677735
0.000629159
0.000537224
0.000409777
0.000284236
0.000192467
0.00013782
0.000110752
0.0001068
0.000132309
0.000189343
0.000287591
0.000419307
0.000547442
0.00063582
0.000680852
0.000699072
0.000705302
0.000707142
0.00070763
0.000707748
0.000707775
0.00070778
0.000707781
0.000707779
0.000707762
0.000707643
0.000706908
0.000702956
0.000685323
0.000625187
0.000489972
0.000318482
0.000195998
0.000133963
0.000100829
8.51516e-05
8.83572e-05
0.000102967
0.000133075
0.000192958
0.00031365
0.000484403
0.000620652
0.000683124
0.000702266
0.000706784
0.000707676
0.000707833
0.000707863
0.000707873
0.000707879
0.000707884
0.000707889
0.000707893
0.000707897
0.000707901
0.000707905
0.000707908
0.000707911
0.000707914
0.000707917
0.000707919
0.000707922
0.000707924
0.000707927
0.000707929
0.000707931
0.000707933
0.000707935
0.000707937
0.000707939
0.000707941
0.000707942
0.000707944
0.000707945
0.000707947
0.000707948
0.00070795
0.000707951
0.000707952
0.000707953
0.000707954
0.000707956
0.000707957
0.000707958
0.000707958
0.000707959
0.00070796
0.000707961
0.000707962
0.000707962
0.000707963
0.000707964
0.000707964
0.000707965
0.000707965
0.000707966
0.000707966
0.000707966
0.000707967
0.000707967
0.000707967
0.000707967
0.000707968
0.000707968
0.000707968
0.000707968
0.000707947
0.000707948
0.000707952
0.000707957
0.000707963
0.00070797
0.000707978
0.000707987
0.000708001
0.000708022
0.000708023
0.000707998
0.000707962
0.000707929
0.000707905
0.000707894
0.000707897
0.000707916
0.000707926
0.000707929
0.00070793
0.00070793
0.000707929
0.000707928
0.000707927
0.000707926
0.000707925
0.000707924
0.000707923
0.000707922
0.000707921
0.00070792
0.000707919
0.000707918
0.000707917
0.000707916
0.000707915
0.000707913
0.000707912
0.000707911
0.00070791
0.000707909
0.000707907
0.000707906
0.000707904
0.000707903
0.000707901
0.0007079
0.000707898
0.000707896
0.000707894
0.000707891
0.000707889
0.000707886
0.000707883
0.000707879
0.000707875
0.00070787
0.000707861
0.000707827
0.000707637
0.000706556
0.000701142
0.000678672
0.0006078
0.000461929
0.000292513
0.000180689
0.000126604
9.95461e-05
8.71877e-05
8.55356e-05
0.000104354
0.000138336
0.000204297
0.000333084
0.000505368
0.000633629
0.000688109
0.000703643
0.000707073
0.000707709
0.000707817
0.000707839
0.00070785
0.000707859
0.000707864
0.000707844
0.00070771
0.000707115
0.000704871
0.000697324
0.0006757
0.000624595
0.000530114
0.00040255
0.000279602
0.000190495
0.000137084
0.000110302
0.000106528
0.000131544
0.000187354
0.000283024
0.000412336
0.000540793
0.000631683
0.000679055
0.000698577
0.000705253
0.000707211
0.000707722
0.000707835
0.000707851
0.000707846
0.000707838
0.000707829
0.000707808
0.000707702
0.000707056
0.0007035
0.000687134
0.000629419
0.000495339
0.000321429
0.000196686
0.000134251
0.000101572
8.55006e-05
8.82297e-05
0.000101884
0.000130278
0.000187246
0.000305307
0.000477873
0.000618309
0.000682785
0.000702295
0.000706819
0.000707692
0.000707843
0.00070787
0.000707879
0.000707884
0.000707889
0.000707893
0.000707897
0.0007079
0.000707904
0.000707907
0.00070791
0.000707912
0.000707915
0.000707917
0.000707919
0.000707922
0.000707924
0.000707926
0.000707928
0.00070793
0.000707932
0.000707933
0.000707935
0.000707937
0.000707938
0.00070794
0.000707941
0.000707943
0.000707944
0.000707945
0.000707946
0.000707948
0.000707949
0.00070795
0.000707951
0.000707952
0.000707953
0.000707954
0.000707955
0.000707956
0.000707956
0.000707957
0.000707958
0.000707958
0.000707959
0.00070796
0.00070796
0.000707961
0.000707961
0.000707962
0.000707962
0.000707962
0.000707963
0.000707963
0.000707963
0.000707963
0.000707963
0.000707963
0.000707964
0.000707964
0.000707966
0.000707973
0.000707985
0.000708004
0.000708029
0.000708064
0.000708109
0.000708168
0.00070826
0.000708374
0.000708375
0.000708298
0.000708192
0.000708091
0.00070801
0.000707955
0.000707938
0.000707942
0.000707946
0.000707948
0.000707948
0.000707948
0.000707947
0.000707947
0.000707946
0.000707946
0.000707945
0.000707945
0.000707944
0.000707944
0.000707943
0.000707943
0.000707942
0.000707942
0.000707941
0.00070794
0.00070794
0.000707939
0.000707939
0.000707938
0.000707937
0.000707937
0.000707936
0.000707935
0.000707934
0.000707934
0.000707933
0.000707932
0.00070793
0.000707929
0.000707928
0.000707926
0.000707924
0.000707922
0.00070792
0.000707917
0.000707914
0.00070791
0.000707902
0.000707871
0.000707692
0.000706646
0.000701288
0.000678584
0.000606074
0.000456643
0.000285945
0.000176356
0.000124636
9.88597e-05
8.72264e-05
8.59322e-05
0.000104985
0.000138457
0.00020475
0.000335679
0.00051011
0.000637287
0.000689691
0.000704176
0.00070729
0.000707865
0.000707978
0.000708021
0.000708059
0.0007081
0.000708143
0.000708166
0.00070807
0.000707473
0.000705059
0.00069701
0.000673567
0.000619144
0.000521394
0.000393707
0.000273985
0.000188103
0.000136197
0.000109819
0.000106151
0.000130621
0.000184941
0.000277469
0.000403767
0.000532614
0.000626749
0.000677202
0.000698325
0.000705444
0.000707542
0.000708049
0.000708124
0.000708098
0.000708057
0.000708018
0.000707983
0.000707943
0.000707836
0.000707263
0.000704081
0.00068899
0.000633859
0.000501163
0.000324694
0.000197414
0.000134464
0.000102247
8.58407e-05
8.81288e-05
0.000100901
0.000127756
0.00018208
0.000297789
0.000472198
0.000616565
0.00068268
0.000702411
0.000706885
0.000707729
0.00070787
0.000707894
0.000707901
0.000707906
0.000707909
0.000707912
0.000707915
0.000707918
0.00070792
0.000707922
0.000707924
0.000707926
0.000707927
0.000707929
0.000707931
0.000707932
0.000707934
0.000707935
0.000707937
0.000707938
0.000707939
0.00070794
0.000707942
0.000707943
0.000707944
0.000707945
0.000707946
0.000707947
0.000707948
0.000707949
0.00070795
0.000707951
0.000707952
0.000707953
0.000707954
0.000707955
0.000707956
0.000707956
0.000707957
0.000707958
0.000707958
0.000707959
0.000707959
0.00070796
0.000707961
0.000707961
0.000707961
0.000707962
0.000707962
0.000707963
0.000707963
0.000707963
0.000707963
0.000707964
0.000707964
0.000707964
0.000707964
0.000707964
0.000707964
0.000707964
0.000708043
0.000708065
0.000708106
0.00070817
0.000708261
0.000708394
0.000708578
0.000708809
0.000709189
0.000709453
0.000709354
0.000709095
0.000708785
0.000708496
0.000708255
0.000708089
0.000708035
0.000708019
0.000708019
0.000708019
0.00070802
0.000708021
0.000708021
0.000708022
0.000708022
0.000708023
0.000708024
0.000708025
0.000708026
0.000708027
0.000708027
0.000708028
0.000708029
0.00070803
0.000708031
0.000708032
0.000708033
0.000708034
0.000708035
0.000708036
0.000708037
0.000708038
0.000708038
0.000708039
0.00070804
0.00070804
0.000708041
0.000708041
0.000708042
0.000708042
0.000708041
0.000708041
0.000708041
0.00070804
0.000708038
0.000708037
0.000708034
0.000708031
0.000708025
0.000707997
0.000707831
0.000706832
0.000701581
0.000678826
0.000604939
0.000452092
0.000280045
0.000172447
0.000122891
9.82654e-05
8.72853e-05
8.63123e-05
0.000105499
0.000138415
0.000205213
0.00033856
0.000515291
0.000641218
0.000691445
0.000704893
0.000707726
0.00070828
0.000708442
0.000708556
0.000708679
0.00070882
0.000708979
0.000709137
0.000709183
0.000708691
0.000706176
0.000697277
0.000671904
0.000612857
0.000510574
0.000382634
0.000267105
0.000185233
0.000135171
0.000109313
0.000105701
0.000129533
0.000182045
0.000270613
0.000392927
0.000522383
0.000621057
0.000675846
0.000698672
0.000706516
0.00070868
0.000709077
0.00070901
0.000708853
0.0007087
0.000708565
0.000708449
0.000708343
0.000708191
0.000707652
0.000704807
0.00069098
0.000638587
0.000507569
0.000328398
0.000198236
0.000134615
0.000102857
8.61699e-05
8.80484e-05
0.000100008
0.000125476
0.000177396
0.000291025
0.000467348
0.00061545
0.000682888
0.000702647
0.000707021
0.000707822
0.000707951
0.000707971
0.000707976
0.000707978
0.00070798
0.000707981
0.000707981
0.000707982
0.000707982
0.000707982
0.000707982
0.000707982
0.000707982
0.000707982
0.000707982
0.000707981
0.000707981
0.000707981
0.000707981
0.000707981
0.00070798
0.00070798
0.00070798
0.00070798
0.00070798
0.00070798
0.00070798
0.00070798
0.00070798
0.00070798
0.00070798
0.00070798
0.00070798
0.000707981
0.000707981
0.000707981
0.000707981
0.000707981
0.000707981
0.000707981
0.000707982
0.000707982
0.000707982
0.000707982
0.000707982
0.000707982
0.000707982
0.000707983
0.000707983
0.000707983
0.000707983
0.000707983
0.000707983
0.000707983
0.000707983
0.000707983
0.000707983
0.000707983
0.000707983
0.000707983
0.000708299
0.000708366
0.000708498
0.000708701
0.000709003
0.000709462
0.000710125
0.000710888
0.000712005
0.000712232
0.000711815
0.000711058
0.000710216
0.000709435
0.000708786
0.000708394
0.00070828
0.000708259
0.000708258
0.00070826
0.000708264
0.000708267
0.000708271
0.000708275
0.000708279
0.000708284
0.000708288
0.000708293
0.000708298
0.000708303
0.000708308
0.000708313
0.000708318
0.000708324
0.000708329
0.000708334
0.00070834
0.000708345
0.00070835
0.000708356
0.000708361
0.000708366
0.00070837
0.000708375
0.000708379
0.000708383
0.000708387
0.00070839
0.000708393
0.000708396
0.000708397
0.000708399
0.000708399
0.000708399
0.000708398
0.000708396
0.000708393
0.000708389
0.000708381
0.000708354
0.000708199
0.000707255
0.000702155
0.000679481
0.000604387
0.000448192
0.000274707
0.00016891
0.000121332
9.77495e-05
8.73598e-05
8.66739e-05
0.000105897
0.000138312
0.000205749
0.000341818
0.000521082
0.000645654
0.00069365
0.000706116
0.000708762
0.000709403
0.000709732
0.000710051
0.000710413
0.000710827
0.0007113
0.000711819
0.000712271
0.000712154
0.000709744
0.000699986
0.000671345
0.000605804
0.000496681
0.000368267
0.000258512
0.000181775
0.000133987
0.00010877
0.000105201
0.00012825
0.000178555
0.000261941
0.000378621
0.000509064
0.00061468
0.000675521
0.000701386
0.000709945
0.000711959
0.000711971
0.0007115
0.000710988
0.000710527
0.000710127
0.000709781
0.000709478
0.000709169
0.00070856
0.000705958
0.000693343
0.000643814
0.000514775
0.000332715
0.00019924
0.000134725
0.000103411
8.64872e-05
8.79871e-05
9.91972e-05
0.000123412
0.000173127
0.000284939
0.000463295
0.00061495
0.000683475
0.000703106
0.00070733
0.000708079
0.000708194
0.00070821
0.000708212
0.000708211
0.000708209
0.000708206
0.000708203
0.0007082
0.000708196
0.000708191
0.000708187
0.000708182
0.000708177
0.000708172
0.000708167
0.000708162
0.000708157
0.000708153
0.000708148
0.000708143
0.000708139
0.000708134
0.00070813
0.000708126
0.000708122
0.000708119
0.000708115
0.000708112
0.000708109
0.000708106
0.000708103
0.0007081
0.000708097
0.000708095
0.000708093
0.000708091
0.000708089
0.000708087
0.000708085
0.000708083
0.000708082
0.00070808
0.000708079
0.000708078
0.000708076
0.000708075
0.000708074
0.000708073
0.000708073
0.000708072
0.000708071
0.000708071
0.00070807
0.00070807
0.000708069
0.000708069
0.000708069
0.000708069
0.000708068
0.000708068
0.000709083
0.00070928
0.000709675
0.000710285
0.000711202
0.00071264
0.000714825
0.00071704
0.000719023
0.000718791
0.000717495
0.000715519
0.000713402
0.000711458
0.000709898
0.00070917
0.000709025
0.000709003
0.000709007
0.000709016
0.000709027
0.000709038
0.000709051
0.000709064
0.000709078
0.000709093
0.000709108
0.000709124
0.00070914
0.000709157
0.000709173
0.00070919
0.000709208
0.000709225
0.000709243
0.00070926
0.000709277
0.000709294
0.000709311
0.000709328
0.000709344
0.000709359
0.000709374
0.000709388
0.000709401
0.000709413
0.000709423
0.000709432
0.000709439
0.000709444
0.000709447
0.000709447
0.000709446
0.000709441
0.000709433
0.000709423
0.000709409
0.000709392
0.000709369
0.000709328
0.00070917
0.000708273
0.000703349
0.000680853
0.000604636
0.000444912
0.000269816
0.000165718
0.000119932
9.72993e-05
8.74455e-05
8.70166e-05
0.00010619
0.000138153
0.000206399
0.000345589
0.000527844
0.000651127
0.000696949
0.000708611
0.000711305
0.000712287
0.000713067
0.00071391
0.000714861
0.000715937
0.000717154
0.000718507
0.000719885
0.000720697
0.000718788
0.000707936
0.000673974
0.000598179
0.000478308
0.000349402
0.000247743
0.000177603
0.00013262
0.000108183
0.000104661
0.000126739
0.000174324
0.000250879
0.000359434
0.000491123
0.000607853
0.000678646
0.000709277
0.000718699
0.000720146
0.000719204
0.000717805
0.000716461
0.000715264
0.000714212
0.000713288
0.000712476
0.000711734
0.000710807
0.000708219
0.000696649
0.000650027
0.000523194
0.000337904
0.000200531
0.000134828
0.000103919
8.6792e-05
8.79391e-05
9.84603e-05
0.00012155
0.000169251
0.000279464
0.000460082
0.000615341
0.000684699
0.000704058
0.000708096
0.000708791
0.000708897
0.000708914
0.000708917
0.000708916
0.000708912
0.000708906
0.000708898
0.000708887
0.000708876
0.000708863
0.000708848
0.000708833
0.000708817
0.0007088
0.000708783
0.000708765
0.000708748
0.00070873
0.000708713
0.000708696
0.000708679
0.000708662
0.000708646
0.00070863
0.000708615
0.0007086
0.000708586
0.000708572
0.000708559
0.000708546
0.000708534
0.000708522
0.000708511
0.000708501
0.000708491
0.000708481
0.000708473
0.000708464
0.000708456
0.000708449
0.000708441
0.000708435
0.000708429
0.000708423
0.000708417
0.000708412
0.000708408
0.000708404
0.0007084
0.000708396
0.000708393
0.00070839
0.000708388
0.000708386
0.000708384
0.000708382
0.000708381
0.00070838
0.000708379
0.000708379
0.000711315
0.000711864
0.000712968
0.000714667
0.000717202
0.000721224
0.000727571
0.000732313
0.000734077
0.000732818
0.000729473
0.000724774
0.000719898
0.000715446
0.000712336
0.00071134
0.00071117
0.00071116
0.00071118
0.000711208
0.000711239
0.000711272
0.000711307
0.000711344
0.000711383
0.000711424
0.000711466
0.00071151
0.000711555
0.000711601
0.000711648
0.000711696
0.000711744
0.000711792
0.00071184
0.000711888
0.000711935
0.000711982
0.000712027
0.000712071
0.000712113
0.000712153
0.000712191
0.000712225
0.000712255
0.000712281
0.000712302
0.000712318
0.000712327
0.00071233
0.000712325
0.000712312
0.00071229
0.000712259
0.000712217
0.000712165
0.000712103
0.000712029
0.000711943
0.000711835
0.000711619
0.000710716
0.000705942
0.000683643
0.000606164
0.000442384
0.000265278
0.000162883
0.000118667
9.6904e-05
8.75387e-05
8.73407e-05
0.000106397
0.000137978
0.000207229
0.000350196
0.000536383
0.000658765
0.000702704
0.000714006
0.00071725
0.000719113
0.000720937
0.000722947
0.000725175
0.000727641
0.00073037
0.000733367
0.000736504
0.000739048
0.000738146
0.000725637
0.000683381
0.000590528
0.000454867
0.000326057
0.000234782
0.000172661
0.00013105
0.000107548
0.000104076
0.000124972
0.000169253
0.000237324
0.000335181
0.000467718
0.000601061
0.00068851
0.000726842
0.000737605
0.000737914
0.000735184
0.000731998
0.000728996
0.000726281
0.000723842
0.000721653
0.000719691
0.000717928
0.000716152
0.000713082
0.00070213
0.000658245
0.000533637
0.000344407
0.000202253
0.00013497
0.00010439
8.70845e-05
8.79023e-05
9.77916e-05
0.000119876
0.000165814
0.000274591
0.000457937
0.000617075
0.000687161
0.000706153
0.000710003
0.000710674
0.000710805
0.000710852
0.000710881
0.0007109
0.00071091
0.000710912
0.000710905
0.000710892
0.000710872
0.000710845
0.000710814
0.000710779
0.000710739
0.000710697
0.000710652
0.000710605
0.000710556
0.000710507
0.000710457
0.000710407
0.000710357
0.000710308
0.000710259
0.000710211
0.000710164
0.000710119
0.000710074
0.000710031
0.00070999
0.00070995
0.000709911
0.000709874
0.000709838
0.000709805
0.000709772
0.000709741
0.000709712
0.000709684
0.000709658
0.000709633
0.000709609
0.000709587
0.000709567
0.000709547
0.000709529
0.000709512
0.000709497
0.000709482
0.000709469
0.000709457
0.000709446
0.000709437
0.000709428
0.000709421
0.000709414
0.000709409
0.000709405
0.000709402
0.0007094
0.000709399
0.000717142
0.000718554
0.000721403
0.000725757
0.000732075
0.000742136
0.000756601
0.000763074
0.000763343
0.000759844
0.000752354
0.000742137
0.000731987
0.000722933
0.000718111
0.00071705
0.000716882
0.000716901
0.00071696
0.000717029
0.000717104
0.000717184
0.00071727
0.000717361
0.000717458
0.000717558
0.000717663
0.000717771
0.000717883
0.000717996
0.000718112
0.000718229
0.000718347
0.000718465
0.000718582
0.000718698
0.000718813
0.000718924
0.000719031
0.000719134
0.00071923
0.00071932
0.000719401
0.000719472
0.000719532
0.000719579
0.000719611
0.000719626
0.000719622
0.000719598
0.000719551
0.000719479
0.000719381
0.000719253
0.000719095
0.000718905
0.000718683
0.000718427
0.00071814
0.000717815
0.000717379
0.000716306
0.000711543
0.000689376
0.000610305
0.000440996
0.000261162
0.000160359
0.000117519
9.65558e-05
8.76361e-05
8.76468e-05
0.000106529
0.000137861
0.000208426
0.000356435
0.000548358
0.000670711
0.000713479
0.000725301
0.000730029
0.000733766
0.000737688
0.00074195
0.000746562
0.000751537
0.000756894
0.000762628
0.000768551
0.000773642
0.000773947
0.000757971
0.000701695
0.00058436
0.000429218
0.000301119
0.000220555
0.000167071
0.00012928
0.000106865
0.00010344
0.000122962
0.000163425
0.000222228
0.000308739
0.000441424
0.00059562
0.000707503
0.000759089
0.000772853
0.000771712
0.000766313
0.000760261
0.000754464
0.00074908
0.000744107
0.000739525
0.000735316
0.000731473
0.000727856
0.000723374
0.000712162
0.000670423
0.000547665
0.000353074
0.000204656
0.000135224
0.00010483
8.73651e-05
8.78794e-05
9.71897e-05
0.000118383
0.000162847
0.000270462
0.000457038
0.000621172
0.000692131
0.000710776
0.000714538
0.000715304
0.000715572
0.000715752
0.000715897
0.000716014
0.000716102
0.000716163
0.000716197
0.000716208
0.000716197
0.000716165
0.000716116
0.000716051
0.000715973
0.000715883
0.000715784
0.000715676
0.000715562
0.000715443
0.000715321
0.000715196
0.00071507
0.000714943
0.000714817
0.000714691
0.000714568
0.000714446
0.000714327
0.000714211
0.000714098
0.000713988
0.000713882
0.00071378
0.000713682
0.000713587
0.000713496
0.00071341
0.000713327
0.000713248
0.000713174
0.000713103
0.000713036
0.000712973
0.000712913
0.000712858
0.000712806
0.000712757
0.000712712
0.000712671
0.000712633
0.000712598
0.000712567
0.000712538
0.000712514
0.000712492
0.000712473
0.000712458
0.000712446
0.000712437
0.00071243
0.000712427
0.000730857
0.00073415
0.000740851
0.000751012
0.000765014
0.000787794
0.000809974
0.000816403
0.000814777
0.000806844
0.000791827
0.000771476
0.000752406
0.000737264
0.000731847
0.000730759
0.000730614
0.00073068
0.000730802
0.000730944
0.000731102
0.000731274
0.000731459
0.000731657
0.000731867
0.000732086
0.000732315
0.000732552
0.000732795
0.000733043
0.000733295
0.00073355
0.000733806
0.000734061
0.000734313
0.000734562
0.000734804
0.000735038
0.000735261
0.000735471
0.000735665
0.00073584
0.000735993
0.00073612
0.000736217
0.000736281
0.000736305
0.000736287
0.000736221
0.000736101
0.000735922
0.000735679
0.000735365
0.000734976
0.000734507
0.000733953
0.000733312
0.000732583
0.000731769
0.000730868
0.000729824
0.000728167
0.000723013
0.000700652
0.000619346
0.000442377
0.000257843
0.000158026
0.000116476
9.62559e-05
8.77286e-05
8.7939e-05
0.000106611
0.000137873
0.000210409
0.000365924
0.000566732
0.000690538
0.000733414
0.000747226
0.000754945
0.000762106
0.000769664
0.000777676
0.00078611
0.00079495
0.000804184
0.000813755
0.000823331
0.000831381
0.000832204
0.000809443
0.000731621
0.000582004
0.000408542
0.00027982
0.000206766
0.000161171
0.000127349
0.000106136
0.000102745
0.000120773
0.000157179
0.000207398
0.000285574
0.00041939
0.000593621
0.000738266
0.000810637
0.000830558
0.000828559
0.000819984
0.000810115
0.000800349
0.00079098
0.00078206
0.000773597
0.000765603
0.000758111
0.000751084
0.000743669
0.000730706
0.000689884
0.000568023
0.000365497
0.000208205
0.000135712
0.000105249
8.76353e-05
8.78671e-05
9.66568e-05
0.000117064
0.000160311
0.000267377
0.000459226
0.000629895
0.00070202
0.000720531
0.000724525
0.000725715
0.000726423
0.000727007
0.00072751
0.000727935
0.000728281
0.000728551
0.000728749
0.000728879
0.000728946
0.000728958
0.000728919
0.000728836
0.000728712
0.000728555
0.000728368
0.000728157
0.000727925
0.000727676
0.000727414
0.000727142
0.000726863
0.000726579
0.000726293
0.000726006
0.00072572
0.000725437
0.000725158
0.000724884
0.000724615
0.000724353
0.000724098
0.000723851
0.000723613
0.000723382
0.000723161
0.000722948
0.000722744
0.00072255
0.000722364
0.000722188
0.000722021
0.000721863
0.000721714
0.000721574
0.000721443
0.00072132
0.000721207
0.000721102
0.000721005
0.000720917
0.000720837
0.000720766
0.000720702
0.000720647
0.0007206
0.000720561
0.000720529
0.000720506
0.00072049
0.000720482
0.000759568
0.000766438
0.000780593
0.000802099
0.000829189
0.000870205
0.000893556
0.00089941
0.000895062
0.000880182
0.000853189
0.000816415
0.000785165
0.000766003
0.000761225
0.000760133
0.000759975
0.00076008
0.000760279
0.000760528
0.000760815
0.000761135
0.000761485
0.000761861
0.000762261
0.000762683
0.000763122
0.000763577
0.000764045
0.000764522
0.000765006
0.000765493
0.00076598
0.000766464
0.000766942
0.000767408
0.00076786
0.000768291
0.000768699
0.000769076
0.000769417
0.000769716
0.000769965
0.000770157
0.000770283
0.000770335
0.000770302
0.000770175
0.00076994
0.000769588
0.000769104
0.000768476
0.000767691
0.000766735
0.000765595
0.00076426
0.000762717
0.000760959
0.000758983
0.00075679
0.000754344
0.00075125
0.000744825
0.000721495
0.000636868
0.00044886
0.000255981
0.000155936
0.000115546
9.60071e-05
8.78137e-05
8.8219e-05
0.000106659
0.000138103
0.000213967
0.000381476
0.000596081
0.000723337
0.00076821
0.000786106
0.000798885
0.000811428
0.00082439
0.000837715
0.000851319
0.000865142
0.000879119
0.000893098
0.000906512
0.000917081
0.000916763
0.000883221
0.00077726
0.000590211
0.000399489
0.000266736
0.000195221
0.000155426
0.000125334
0.000105364
0.000101991
0.000118511
0.000151019
0.000194643
0.000270674
0.000409065
0.00060206
0.000784585
0.000884579
0.000914698
0.000913463
0.000902076
0.000888123
0.000873726
0.000859416
0.000845337
0.000831557
0.000818136
0.000805161
0.00079271
0.000780249
0.000763382
0.000721519
0.000599001
0.000384419
0.000213723
0.000136604
0.000105658
8.78979e-05
8.78662e-05
9.61921e-05
0.000115911
0.000158167
0.000265822
0.00046673
0.000646647
0.000720612
0.000739634
0.00074462
0.000746962
0.000748773
0.000750354
0.000751735
0.000752917
0.000753904
0.000754705
0.000755333
0.000755799
0.000756118
0.000756302
0.000756365
0.000756322
0.000756183
0.000755962
0.000755668
0.000755312
0.000754904
0.000754453
0.000753965
0.000753449
0.000752911
0.000752356
0.00075179
0.000751217
0.000750641
0.000750066
0.000749494
0.000748929
0.000748372
0.000747826
0.000747292
0.000746771
0.000746266
0.000745776
0.000745303
0.000744848
0.00074441
0.00074399
0.000743589
0.000743206
0.000742842
0.000742498
0.000742172
0.000741865
0.000741577
0.000741307
0.000741057
0.000740825
0.000740611
0.000740416
0.000740239
0.00074008
0.000739939
0.000739816
0.000739711
0.000739623
0.000739553
0.0007395
0.000739466
0.000739448
0.000812601
0.000825286
0.000851711
0.000892593
0.000938231
0.000987557
0.00100868
0.00101356
0.00100583
0.000981713
0.000938223
0.000878924
0.000838338
0.000821207
0.000816762
0.000815553
0.000815306
0.000815409
0.000815678
0.000816052
0.000816506
0.000817026
0.000817602
0.000818229
0.000818899
0.000819607
0.000820347
0.000821113
0.0008219
0.000822703
0.000823515
0.000824331
0.000825145
0.000825951
0.000826742
0.00082751
0.000828249
0.000828949
0.000829601
0.000830197
0.000830724
0.000831171
0.000831525
0.000831772
0.000831897
0.000831882
0.000831709
0.000831358
0.000830807
0.000830033
0.000829009
0.000827709
0.000826105
0.000824166
0.000821861
0.000819157
0.000816018
0.000812402
0.000808269
0.000803604
0.000798412
0.000792408
0.000783178
0.000757502
0.000668189
0.000464522
0.000256983
0.000154407
0.000114803
9.58133e-05
8.78906e-05
8.84907e-05
0.000106715
0.000138689
0.000220512
0.00040765
0.000642677
0.000775356
0.00082448
0.000848899
0.00086894
0.000888607
0.00090822
0.000927658
0.000946828
0.000965651
0.000984029
0.00100173
0.00101793
0.0010296
0.0010264
0.000980597
0.00084663
0.0006221
0.000401857
0.000262672
0.000187672
0.00015033
0.000123316
0.000104561
0.000101189
0.000116299
0.000145461
0.00018558
0.000265387
0.000409946
0.000632789
0.000853629
0.000981881
0.00102411
0.00102553
0.00101277
0.000995738
0.000977336
0.000958338
0.000938977
0.000919364
0.00089959
0.000879765
0.000860043
0.000840231
0.000816889
0.000771494
0.000646541
0.000414313
0.00022264
0.000138097
0.000106086
8.81623e-05
8.78696e-05
9.5835e-05
0.000115009
0.000156758
0.000267835
0.000483627
0.000676417
0.000753264
0.000774085
0.000781478
0.000786307
0.000790432
0.000794069
0.000797221
0.000799904
0.000802152
0.000804003
0.000805491
0.000806647
0.000807502
0.000808084
0.000808423
0.000808544
0.000808475
0.000808236
0.000807851
0.000807338
0.000806716
0.000806002
0.000805211
0.000804356
0.00080345
0.000802504
0.000801527
0.000800529
0.000799518
0.000798499
0.00079748
0.000796466
0.000795462
0.000794471
0.000793498
0.000792545
0.000791615
0.000790711
0.000789834
0.000788985
0.000788167
0.000787381
0.000786626
0.000785905
0.000785217
0.000784564
0.000783944
0.00078336
0.00078281
0.000782295
0.000781814
0.000781369
0.000780958
0.000780582
0.000780241
0.000779934
0.000779662
0.000779424
0.00077922
0.00077905
0.000778914
0.000778813
0.000778745
0.000778711
0.000898621
0.000919114
0.00096162
0.00102815
0.00108585
0.00112624
0.00114466
0.00114857
0.00113767
0.00110398
0.00104103
0.000962728
0.000925158
0.000912537
0.000908334
0.000906917
0.000906522
0.000906583
0.000906899
0.000907389
0.000908013
0.000908747
0.000909573
0.000910479
0.000911452
0.000912483
0.000913563
0.000914682
0.000915831
0.000917001
0.000918184
0.000919371
0.000920551
0.000921716
0.000922855
0.000923956
0.000925009
0.000925999
0.000926915
0.000927739
0.000928456
0.000929048
0.000929495
0.000929775
0.000929863
0.000929734
0.000929358
0.000928701
0.000927727
0.000926399
0.00092467
0.000922494
0.000919816
0.000916579
0.000912717
0.000908154
0.00090279
0.000896487
0.000889088
0.000880515
0.000870848
0.000859988
0.00084588
0.000816016
0.000720955
0.000496269
0.000264089
0.000154012
0.00011418
9.5688e-05
8.79594e-05
8.87623e-05
0.000106849
0.000139978
0.00023283
0.000452115
0.000714597
0.00085322
0.000908318
0.00094103
0.000969407
0.000996362
0.001022
0.0010463
0.0010693
0.00109103
0.00111145
0.00113037
0.00114691
0.00115772
0.00115153
0.00109875
0.000950673
0.000701503
0.00044794
0.000275104
0.00018541
0.000146297
0.000121361
0.000103738
0.000100352
0.000114245
0.000140926
0.000181872
0.000274088
0.000451899
0.000708853
0.000955793
0.00109945
0.00114924
0.00115375
0.00114174
0.00112418
0.0011043
0.00108294
0.00106033
0.00103651
0.00101149
0.000985266
0.000957917
0.000929465
0.000897591
0.000846433
0.000718181
0.000462602
0.000237721
0.00014055
0.000106593
8.84373e-05
8.78778e-05
9.5512e-05
0.000114209
0.0001566
0.000276079
0.000516438
0.000726247
0.000807042
0.000831589
0.000843454
0.000852692
0.000860854
0.000868003
0.000874073
0.000879134
0.000883328
0.000886775
0.000889566
0.000891772
0.000893454
0.00089467
0.00089547
0.000895902
0.000896009
0.000895832
0.000895407
0.000894765
0.000893937
0.000892949
0.000891826
0.00089059
0.000889261
0.000887856
0.000886392
0.000884883
0.000883341
0.000881779
0.000880206
0.000878632
0.000877064
0.00087551
0.000873977
0.000872469
0.000870991
0.000869548
0.000868143
0.000866779
0.00086546
0.000864187
0.000862963
0.000861789
0.000860667
0.000859597
0.000858581
0.00085762
0.000856714
0.000855863
0.000855069
0.00085433
0.000853649
0.000853024
0.000852456
0.000851945
0.00085149
0.000851093
0.000850752
0.000850468
0.000850241
0.000850071
0.000849957
0.000849901
0.00101971
0.00104826
0.0011056
0.00118752
0.00123625
0.0012633
0.0012773
0.0012801
0.00126802
0.00122933
0.00115234
0.00107699
0.00105053
0.00104113
0.0010376
0.00103623
0.00103577
0.0010358
0.00103613
0.00103669
0.00103743
0.00103831
0.00103931
0.00104042
0.00104161
0.00104288
0.0010442
0.00104558
0.00104699
0.00104843
0.00104988
0.00105133
0.00105278
0.0010542
0.00105559
0.00105692
0.0010582
0.00105939
0.00106049
0.00106147
0.00106232
0.00106301
0.00106352
0.00106382
0.00106387
0.00106366
0.00106313
0.00106224
0.00106095
0.0010592
0.00105693
0.00105407
0.00105053
0.00104623
0.00104104
0.00103483
0.00102739
0.0010184
0.00100745
0.000994314
0.000979158
0.000962114
0.000941534
0.000906139
0.000806083
0.000556377
0.000282383
0.000155841
0.000114241
9.57121e-05
8.80204e-05
8.90463e-05
0.000107191
0.000143187
0.000257076
0.000528567
0.000821476
0.000962264
0.00102244
0.00106229
0.00109675
0.00112776
0.00115555
0.00118051
0.00120303
0.00122342
0.00124183
0.00125825
0.00127204
0.00128034
0.00127339
0.00122546
0.00109078
0.00084675
0.000557001
0.000321915
0.000192414
0.000143542
0.000119479
0.000102893
9.94971e-05
0.000112382
0.000137595
0.000185852
0.000316999
0.000556838
0.000849992
0.00109316
0.00122532
0.00127137
0.0012771
0.00126774
0.00125294
0.00123547
0.00121596
0.00119443
0.00117074
0.00114463
0.00111575
0.00108376
0.00104857
0.0010088
0.000951857
0.000822683
0.00054217
0.00026515
0.000145167
0.000107301
8.87357e-05
8.78966e-05
9.54154e-05
0.000114209
0.000158989
0.000296228
0.00057691
0.000806227
0.000890972
0.000921084
0.000939348
0.000954677
0.000968284
0.00098
0.000989638
0.000997414
0.00100371
0.00100881
0.00101293
0.00101618
0.00101869
0.00102054
0.00102181
0.00102257
0.00102288
0.0010228
0.00102239
0.00102168
0.00102071
0.00101952
0.00101814
0.0010166
0.00101493
0.00101315
0.00101128
0.00100934
0.00100735
0.00100531
0.00100326
0.00100119
0.000999119
0.000997057
0.000995014
0.000992996
0.000991012
0.000989066
0.000987165
0.000985313
0.000983516
0.000981776
0.000980097
0.000978482
0.000976934
0.000975454
0.000974046
0.000972709
0.000971447
0.00097026
0.000969148
0.000968113
0.000967156
0.000966278
0.000965478
0.000964757
0.000964115
0.000963553
0.000963071
0.00096267
0.000962348
0.000962107
0.000961946
0.000961866
0.00116364
0.00119657
0.00126035
0.00132431
0.00135472
0.00137074
0.00137949
0.0013811
0.00137086
0.00133475
0.00126354
0.00121472
0.00119762
0.00119131
0.0011888
0.00118775
0.00118739
0.00118742
0.00118773
0.00118826
0.00118897
0.00118982
0.00119079
0.00119187
0.00119304
0.00119428
0.00119558
0.00119693
0.00119831
0.00119972
0.00120114
0.00120256
0.00120396
0.00120535
0.0012067
0.001208
0.00120924
0.0012104
0.00121147
0.00121243
0.00121326
0.00121394
0.00121445
0.00121476
0.00121484
0.00121466
0.00121418
0.00121336
0.00121215
0.00121049
0.00120831
0.00120553
0.00120207
0.00119779
0.00119257
0.0011862
0.00117838
0.00116858
0.00115613
0.00114054
0.00112193
0.00110053
0.00107496
0.00103572
0.000936279
0.000665515
0.000322905
0.000162597
0.000114767
9.58672e-05
8.80789e-05
8.93455e-05
0.000107943
0.00015217
0.000308121
0.000659947
0.000970816
0.00110182
0.00116055
0.00120093
0.00123437
0.00126248
0.001286
0.0013059
0.00132297
0.00133776
0.00135062
0.00136172
0.00137075
0.00137593
0.00137081
0.00133804
0.00124225
0.00104274
0.000734251
0.000406371
0.00021182
0.000141925
0.000117607
0.000102014
9.86406e-05
0.000110631
0.000135558
0.000203115
0.000396731
0.000729781
0.00104261
0.00124254
0.00133744
0.00136937
0.0013738
0.0013679
0.00135809
0.00134613
0.00133229
0.00131641
0.00129812
0.00127688
0.0012519
0.00122222
0.00118717
0.00114563
0.00108824
0.000967267
0.000674128
0.000319868
0.000155857
0.000108399
8.90606e-05
8.79296e-05
9.54644e-05
0.000114632
0.000166958
0.000340692
0.000685309
0.000929214
0.00101437
0.00104951
0.00107357
0.00109404
0.00111193
0.0011269
0.00113871
0.00114784
0.00115499
0.00116066
0.00116517
0.0011687
0.0011714
0.00117339
0.00117476
0.0011756
0.00117596
0.00117592
0.00117552
0.00117482
0.00117385
0.00117265
0.00117125
0.00116968
0.00116796
0.00116613
0.00116419
0.00116218
0.00116009
0.00115796
0.0011558
0.00115361
0.00115142
0.00114922
0.00114703
0.00114487
0.00114273
0.00114062
0.00113856
0.00113654
0.00113457
0.00113266
0.00113081
0.00112903
0.00112731
0.00112567
0.0011241
0.0011226
0.00112119
0.00111985
0.0011186
0.00111743
0.00111635
0.00111535
0.00111445
0.00111363
0.0011129
0.00111226
0.00111171
0.00111125
0.00111088
0.00111061
0.00111042
0.00111033
0.00130229
0.0013312
0.00138203
0.00141339
0.00142794
0.00143549
0.00143971
0.00144051
0.00143432
0.0014079
0.00136367
0.00134135
0.00133242
0.00132896
0.00132755
0.00132696
0.00132677
0.00132682
0.00132705
0.00132743
0.00132794
0.00132855
0.00132926
0.00133003
0.00133088
0.00133177
0.00133271
0.00133368
0.00133468
0.00133569
0.00133671
0.00133773
0.00133875
0.00133974
0.00134071
0.00134165
0.00134255
0.00134339
0.00134418
0.00134489
0.00134551
0.00134603
0.00134644
0.00134672
0.00134684
0.0013468
0.00134655
0.00134607
0.00134534
0.00134429
0.00134289
0.00134108
0.00133877
0.00133588
0.00133229
0.00132781
0.00132215
0.00131481
0.00130505
0.00129224
0.00127629
0.00125723
0.00123376
0.00119869
0.00111463
0.000852424
0.000412857
0.000179693
0.000116148
9.62248e-05
8.81633e-05
8.96465e-05
0.000109341
0.000177938
0.000421631
0.000871301
0.00115499
0.00125547
0.00130052
0.00133082
0.00135439
0.00137284
0.00138727
0.00139879
0.00140823
0.0014161
0.00142274
0.00142832
0.00143277
0.00143529
0.00143276
0.00141652
0.00136637
0.00124286
0.000975513
0.00054925
0.000240681
0.00013977
0.000115569
0.000101086
9.7768e-05
0.00010882
0.000133232
0.000229949
0.000534106
0.000968048
0.00124125
0.00136594
0.00141602
0.00143199
0.00143422
0.00143133
0.00142644
0.00142035
0.0014131
0.0014045
0.00139419
0.00138161
0.00136591
0.00134587
0.00132035
0.00128796
0.00124204
0.00114699
0.000881464
0.000436908
0.000183304
0.00011009
8.94005e-05
8.79836e-05
9.56684e-05
0.000115789
0.00018784
0.000441162
0.00087027
0.00110195
0.00117606
0.00120951
0.00123309
0.00125261
0.00126911
0.00128237
0.00129236
0.00129972
0.00130527
0.00130956
0.00131289
0.00131546
0.00131739
0.00131878
0.00131971
0.00132024
0.00132044
0.00132034
0.00131998
0.0013194
0.00131863
0.00131768
0.00131659
0.00131538
0.00131405
0.00131263
0.00131114
0.00130957
0.00130796
0.00130631
0.00130462
0.00130291
0.00130118
0.00129946
0.00129773
0.00129601
0.00129431
0.00129262
0.00129097
0.00128934
0.00128775
0.0012862
0.0012847
0.00128324
0.00128183
0.00128048
0.00127919
0.00127795
0.00127678
0.00127567
0.00127462
0.00127365
0.00127274
0.00127191
0.00127114
0.00127045
0.00126984
0.0012693
0.00126883
0.00126845
0.00126813
0.0012679
0.00126775
0.00126767
0.00140592
0.00142408
0.00144718
0.0014579
0.00146274
0.00146523
0.00146666
0.00146696
0.00146448
0.0014514
0.00143516
0.00142731
0.00142401
0.0014227
0.00142217
0.00142195
0.00142189
0.00142193
0.00142205
0.00142223
0.00142248
0.00142277
0.00142311
0.00142348
0.00142388
0.0014243
0.00142475
0.00142521
0.00142568
0.00142616
0.00142665
0.00142713
0.00142761
0.00142808
0.00142854
0.00142899
0.00142942
0.00142983
0.00143021
0.00143056
0.00143088
0.00143115
0.00143137
0.00143154
0.00143165
0.00143168
0.00143164
0.00143149
0.00143124
0.00143086
0.00143033
0.00142961
0.00142869
0.00142751
0.00142601
0.00142411
0.00142164
0.00141834
0.00141379
0.00140756
0.00139948
0.0013894
0.00137639
0.00135639
0.00130807
0.00112777
0.000638451
0.000233553
0.000119674
9.68486e-05
8.82749e-05
8.98441e-05
0.000110673
0.000238556
0.00066391
0.00114902
0.00133367
0.00138629
0.00140868
0.00142301
0.0014335
0.00144124
0.00144698
0.00145136
0.00145483
0.00145765
0.00145997
0.00146189
0.00146341
0.00146428
0.00146347
0.00145807
0.00144055
0.00139028
0.00123472
0.000799735
0.000292521
0.00013637
0.0001134
0.000100191
9.69612e-05
0.000106986
0.000129823
0.000277027
0.000778401
0.00122802
0.0013891
0.00144026
0.00145785
0.0014632
0.00146391
0.00146291
0.00146122
0.0014591
0.00145654
0.00145342
0.00144956
0.00144469
0.0014383
0.00142967
0.00141794
0.00140204
0.00137817
0.00132664
0.00115299
0.00068122
0.000245484
0.00011152
8.9647e-05
8.8062e-05
9.60302e-05
0.000118089
0.00025122
0.000686871
0.00114061
0.00129759
0.00134199
0.00136229
0.00137618
0.00138717
0.00139607
0.00140294
0.00140789
0.00141139
0.00141394
0.00141585
0.00141731
0.0014184
0.00141919
0.00141974
0.00142008
0.00142024
0.00142025
0.00142012
0.00141988
0.00141954
0.00141912
0.00141861
0.00141804
0.00141741
0.00141673
0.00141601
0.00141525
0.00141445
0.00141363
0.00141279
0.00141192
0.00141105
0.00141017
0.00140928
0.00140839
0.0014075
0.00140661
0.00140574
0.00140487
0.00140402
0.00140318
0.00140237
0.00140157
0.0014008
0.00140005
0.00139932
0.00139863
0.00139797
0.00139733
0.00139673
0.00139617
0.00139564
0.00139515
0.00139469
0.00139427
0.0013939
0.00139356
0.00139326
0.00139301
0.00139279
0.00139262
0.00139249
0.00139241
0.00139237
0.00146417
0.00146914
0.00147304
0.00147459
0.00147526
0.00147561
0.00147581
0.00147586
0.00147548
0.00147292
0.00147051
0.00146928
0.00146876
0.00146855
0.00146847
0.00146844
0.00146844
0.00146845
0.00146847
0.00146851
0.00146856
0.00146861
0.00146868
0.00146875
0.00146883
0.00146891
0.001469
0.00146909
0.00146918
0.00146927
0.00146936
0.00146946
0.00146955
0.00146964
0.00146973
0.00146982
0.0014699
0.00146999
0.00147006
0.00147013
0.0014702
0.00147026
0.00147031
0.00147035
0.00147038
0.0014704
0.00147041
0.0014704
0.00147038
0.00147033
0.00147026
0.00147016
0.00147003
0.00146985
0.00146963
0.00146933
0.00146894
0.00146841
0.00146765
0.00146659
0.00146517
0.00146334
0.00146086
0.0014569
0.00144704
0.00140447
0.00119184
0.000552799
0.000140758
9.8778e-05
8.85323e-05
9.01231e-05
0.000111827
0.000422385
0.00114441
0.00140399
0.00145184
0.00146229
0.00146638
0.00146888
0.00147063
0.00147187
0.00147276
0.00147343
0.00147394
0.00147435
0.00147469
0.00147496
0.00147518
0.00147531
0.00147521
0.00147447
0.00147202
0.00146422
0.00143069
0.00123301
0.000475418
0.000131384
0.00011037
9.87514e-05
9.56491e-05
0.000104301
0.000123957
0.000441781
0.0012176
0.00142868
0.00146398
0.00147198
0.00147444
0.00147517
0.00147526
0.00147511
0.00147487
0.00147456
0.00147419
0.00147373
0.00147315
0.0014724
0.0014714
0.00146999
0.00146799
0.00146516
0.00146066
0.00145016
0.00140486
0.00115617
0.000432852
0.000112707
9.00148e-05
8.82729e-05
9.70173e-05
0.000127763
0.00054455
0.00121504
0.00140739
0.00144463
0.00145399
0.00145816
0.00146089
0.00146296
0.00146457
0.00146578
0.00146662
0.0014672
0.00146761
0.00146791
0.00146813
0.00146828
0.00146839
0.00146846
0.00146849
0.00146849
0.00146846
0.00146842
0.00146835
0.00146827
0.00146817
0.00146806
0.00146793
0.0014678
0.00146766
0.0014675
0.00146734
0.00146718
0.00146701
0.00146683
0.00146666
0.00146647
0.00146629
0.00146611
0.00146592
0.00146574
0.00146555
0.00146537
0.00146518
0.001465
0.00146483
0.00146465
0.00146448
0.00146432
0.00146416
0.001464
0.00146385
0.00146371
0.00146357
0.00146344
0.00146332
0.0014632
0.0014631
0.001463
0.00146291
0.00146282
0.00146275
0.00146268
0.00146263
0.00146258
0.00146254
0.00146251
0.0014625
0.00146249
)
;

boundaryField
{
    left
    {
        type            calculated;
        value           nonuniform List<scalar> 
400
(
3.17826e-05
3.15486e-05
3.13892e-05
3.12894e-05
3.1225e-05
3.11794e-05
3.11443e-05
3.11158e-05
3.10921e-05
3.10722e-05
3.10557e-05
3.10421e-05
3.10311e-05
3.10223e-05
3.10155e-05
3.10102e-05
3.10062e-05
3.10032e-05
3.1001e-05
3.09995e-05
3.09983e-05
3.09976e-05
3.0997e-05
3.09967e-05
3.09965e-05
3.09964e-05
3.09965e-05
3.09966e-05
3.09968e-05
3.09972e-05
3.09978e-05
3.09986e-05
3.09998e-05
3.10013e-05
3.10035e-05
3.10064e-05
3.10101e-05
3.10149e-05
3.1021e-05
3.10285e-05
3.10376e-05
3.10484e-05
3.10607e-05
3.10737e-05
3.10857e-05
3.10935e-05
3.10959e-05
3.11045e-05
3.11724e-05
3.14389e-05
3.21612e-05
3.36373e-05
3.5788e-05
3.76692e-05
3.85095e-05
3.85412e-05
3.82516e-05
3.79231e-05
3.76544e-05
3.74607e-05
3.73302e-05
3.72464e-05
3.71947e-05
3.71639e-05
3.71463e-05
3.71365e-05
3.71312e-05
3.71285e-05
3.71272e-05
3.71265e-05
3.71262e-05
3.7126e-05
3.7126e-05
3.7126e-05
3.7126e-05
3.71261e-05
3.71265e-05
3.71272e-05
3.7129e-05
3.7133e-05
3.71416e-05
3.71597e-05
3.71968e-05
3.72703e-05
3.74111e-05
3.76723e-05
3.81406e-05
3.89504e-05
4.0288e-05
4.23448e-05
4.51516e-05
4.84077e-05
5.16802e-05
5.47453e-05
5.76517e-05
6.06069e-05
6.38688e-05
6.76308e-05
7.18724e-05
7.62845e-05
7.94038e-05
8.19405e-05
8.36441e-05
8.45978e-05
8.50459e-05
8.52209e-05
8.52727e-05
8.52768e-05
8.52646e-05
8.52475e-05
8.5229e-05
8.52103e-05
8.51914e-05
8.51726e-05
8.51537e-05
8.51349e-05
8.5116e-05
8.50972e-05
8.50784e-05
8.50595e-05
8.50407e-05
8.50219e-05
8.5003e-05
8.49842e-05
8.49654e-05
8.49466e-05
8.49278e-05
8.4909e-05
8.48902e-05
8.48714e-05
8.48526e-05
8.48338e-05
8.4815e-05
8.47962e-05
8.47774e-05
8.47586e-05
8.47399e-05
8.47211e-05
8.47026e-05
8.46849e-05
8.46697e-05
8.46634e-05
8.46834e-05
8.47742e-05
8.50328e-05
8.56335e-05
8.68184e-05
8.88033e-05
9.16056e-05
9.49092e-05
9.813e-05
0.000100707
0.0001024
0.000103322
0.000103741
0.000103899
0.000103944
0.000103947
0.000103937
0.000103922
0.000103906
0.00010389
0.000103874
0.000103858
0.000103842
0.000103826
0.00010381
0.000103794
0.000103778
0.000103762
0.000103746
0.00010373
0.000103714
0.000103698
0.000103682
0.000103666
0.00010365
0.000103634
0.000103618
0.000103602
0.000103586
0.00010357
0.000103555
0.000103539
0.000103523
0.000103507
0.000103491
0.000103476
0.00010346
0.000103446
0.000103438
0.000103444
0.000103493
0.000103655
0.000104069
0.000104979
0.000106711
0.000109556
0.000113547
0.000118263
0.000122873
0.000126528
0.000128862
0.000130082
0.000130611
0.000130801
0.000130853
0.000130856
0.000130844
0.000130828
0.000130811
0.000130793
0.000130776
0.000130758
0.000130741
0.000130724
0.000130706
0.000130689
0.000130672
0.000130654
0.000130637
0.00013062
0.000130603
0.000130586
0.000130568
0.000130551
0.000130534
0.000130517
0.0001305
0.000130483
0.000130466
0.000130449
0.000130432
0.000130415
0.000130398
0.000130381
0.000130364
0.000130349
0.000130338
0.00013034
0.000130384
0.000130544
0.000130988
0.000132042
0.000134211
0.000138082
0.000144038
0.000151862
0.000160485
0.000168316
0.000174116
0.000177638
0.000179418
0.00018018
0.000180457
0.000180537
0.000180549
0.000180539
0.000180522
0.000180504
0.000180486
0.000180468
0.00018045
0.000180432
0.000180414
0.000180395
0.000180377
0.000180359
0.000180341
0.000180323
0.000180305
0.000180287
0.000180269
0.000180251
0.000180233
0.000180215
0.000180196
0.000180178
0.00018016
0.000180142
0.000180124
0.000180106
0.000180088
0.00018007
0.000180052
0.000180035
0.000180018
0.000180003
0.000179998
0.000180026
0.000180151
0.000180547
0.000181602
0.000184057
0.00018905
0.000197932
0.000211676
0.000229941
0.000250335
0.000269018
0.000282889
0.000291284
0.000295508
0.000297316
0.000297983
0.000298193
0.000298242
0.000298241
0.000298226
0.000298207
0.000298188
0.000298168
0.000298148
0.000298129
0.000298109
0.00029809
0.00029807
0.00029805
0.000298031
0.000298011
0.000297991
0.000297971
0.000297952
0.000297932
0.000297912
0.000297892
0.000297873
0.000297853
0.000297833
0.000297813
0.000297793
0.000297773
0.000297753
0.000297733
0.000297713
0.000297694
0.000297675
0.000297662
0.000297667
0.000297735
0.000298006
0.000298854
0.000301175
0.000306786
0.000318788
0.000341538
0.000379726
0.000435862
0.000506185
0.000578506
0.000637726
0.000675824
0.000695398
0.000703744
0.000706795
0.00070777
0.000708045
0.00070811
0.000708118
0.000708113
0.000708105
0.000708097
0.000708089
0.00070808
0.000708072
0.000708064
0.000708056
0.000708049
0.000708041
0.000708033
0.000708026
0.000708019
0.000708012
0.000708005
0.000707998
0.000707991
0.000707985
0.000707978
0.000707972
0.000707966
0.00070796
0.000707954
0.000707948
0.000707945
0.000707947
0.000707966
0.000708043
0.000708299
0.000709083
0.000711315
0.000717142
0.000730857
0.000759568
0.000812601
0.000898621
0.00101971
0.00116364
0.00130229
0.00140592
0.00146417
)
;
    }
    right
    {
        type            calculated;
        value           nonuniform List<scalar> 
400
(
3.17826e-05
3.15486e-05
3.13892e-05
3.12894e-05
3.1225e-05
3.11794e-05
3.11443e-05
3.11158e-05
3.10921e-05
3.10722e-05
3.10557e-05
3.10421e-05
3.10311e-05
3.10223e-05
3.10155e-05
3.10102e-05
3.10062e-05
3.10032e-05
3.1001e-05
3.09995e-05
3.09983e-05
3.09976e-05
3.0997e-05
3.09967e-05
3.09965e-05
3.09964e-05
3.09965e-05
3.09966e-05
3.09968e-05
3.09972e-05
3.09978e-05
3.09986e-05
3.09998e-05
3.10013e-05
3.10035e-05
3.10064e-05
3.10101e-05
3.10149e-05
3.1021e-05
3.10285e-05
3.10376e-05
3.10484e-05
3.10607e-05
3.10737e-05
3.10857e-05
3.10935e-05
3.10959e-05
3.11045e-05
3.11724e-05
3.14389e-05
3.21612e-05
3.36373e-05
3.5788e-05
3.76692e-05
3.85095e-05
3.85412e-05
3.82516e-05
3.79231e-05
3.76544e-05
3.74607e-05
3.73302e-05
3.72464e-05
3.71947e-05
3.71639e-05
3.71463e-05
3.71365e-05
3.71312e-05
3.71285e-05
3.71272e-05
3.71265e-05
3.71262e-05
3.7126e-05
3.7126e-05
3.7126e-05
3.7126e-05
3.71261e-05
3.71265e-05
3.71272e-05
3.7129e-05
3.71329e-05
3.71415e-05
3.71596e-05
3.71967e-05
3.727e-05
3.74106e-05
3.76714e-05
3.8139e-05
3.89477e-05
4.02838e-05
4.23388e-05
4.5144e-05
4.83995e-05
5.16723e-05
5.4738e-05
5.76449e-05
6.06006e-05
6.38631e-05
6.76258e-05
7.1868e-05
7.62807e-05
7.94003e-05
8.19371e-05
8.36408e-05
8.45946e-05
8.50428e-05
8.52179e-05
8.52697e-05
8.52737e-05
8.52615e-05
8.52444e-05
8.5226e-05
8.52072e-05
8.51884e-05
8.51695e-05
8.51507e-05
8.51318e-05
8.51129e-05
8.50941e-05
8.50752e-05
8.50564e-05
8.50375e-05
8.50187e-05
8.49998e-05
8.4981e-05
8.49622e-05
8.49433e-05
8.49245e-05
8.49057e-05
8.48869e-05
8.4868e-05
8.48492e-05
8.48304e-05
8.48116e-05
8.47928e-05
8.4774e-05
8.47552e-05
8.47364e-05
8.47176e-05
8.46991e-05
8.46812e-05
8.46661e-05
8.46595e-05
8.4679e-05
8.47687e-05
8.50249e-05
8.56216e-05
8.68004e-05
8.87786e-05
9.1576e-05
9.48791e-05
9.81041e-05
0.000100688
0.000102388
0.000103314
0.000103736
0.000103895
0.000103941
0.000103944
0.000103934
0.000103919
0.000103903
0.000103887
0.000103871
0.000103855
0.000103839
0.000103823
0.000103807
0.00010379
0.000103774
0.000103758
0.000103742
0.000103726
0.00010371
0.000103694
0.000103678
0.000103662
0.000103646
0.00010363
0.000103614
0.000103598
0.000103582
0.000103566
0.00010355
0.000103535
0.000103519
0.000103503
0.000103487
0.000103471
0.000103456
0.000103442
0.000103433
0.000103438
0.000103486
0.000103644
0.00010405
0.000104948
0.000106662
0.000109487
0.000113462
0.000118175
0.000122797
0.000126473
0.000128828
0.000130063
0.0001306
0.000130795
0.000130848
0.000130851
0.000130839
0.000130823
0.000130806
0.000130789
0.000130771
0.000130754
0.000130736
0.000130719
0.000130702
0.000130684
0.000130667
0.00013065
0.000130633
0.000130615
0.000130598
0.000130581
0.000130564
0.000130546
0.000130529
0.000130512
0.000130495
0.000130478
0.000130461
0.000130444
0.000130427
0.00013041
0.000130393
0.000130376
0.000130359
0.000130343
0.000130331
0.000130331
0.000130367
0.000130505
0.000130901
0.000131861
0.000133874
0.000137534
0.000143273
0.000150955
0.000159592
0.000167597
0.000173644
0.00017738
0.000179298
0.000180129
0.000180436
0.000180527
0.000180542
0.000180533
0.000180517
0.000180499
0.000180481
0.000180462
0.000180444
0.000180426
0.000180408
0.000180389
0.000180371
0.000180353
0.000180335
0.000180317
0.000180298
0.00018028
0.000180262
0.000180244
0.000180226
0.000180208
0.00018019
0.000180171
0.000180153
0.000180135
0.000180117
0.000180099
0.000180081
0.000180063
0.000180045
0.000180027
0.00018001
0.000179996
0.000179991
0.00018002
0.000180149
0.000180551
0.000181614
0.000184072
0.000189056
0.000197911
0.000211613
0.000229843
0.000250228
0.000268933
0.000282838
0.000291259
0.000295495
0.000297305
0.000297972
0.000298181
0.000298229
0.000298228
0.000298212
0.000298193
0.000298174
0.000298154
0.000298134
0.000298114
0.000298094
0.000298074
0.000298055
0.000298035
0.000298015
0.000297995
0.000297975
0.000297955
0.000297936
0.000297916
0.000297896
0.000297876
0.000297856
0.000297836
0.000297817
0.000297797
0.000297777
0.000297757
0.000297737
0.000297717
0.000297698
0.000297679
0.000297662
0.000297654
0.000297678
0.000297803
0.000298237
0.000299506
0.000302786
0.000310299
0.000325561
0.000353082
0.000397006
0.000458075
0.000529792
0.000598429
0.000650753
0.000682516
0.000698211
0.000704747
0.000707105
0.000707856
0.000708066
0.000708116
0.000708123
0.000708118
0.000708112
0.000708105
0.000708098
0.000708092
0.000708085
0.000708078
0.000708072
0.000708065
0.000708059
0.000708052
0.000708046
0.000708039
0.000708033
0.000708027
0.000708021
0.000708015
0.000708008
0.000708002
0.000707996
0.000707991
0.000707985
0.000707979
0.000707973
0.000707968
0.000707964
0.000707964
0.000707983
0.000708068
0.000708379
0.000709399
0.000712427
0.000720482
0.000739448
0.000778711
0.000849901
0.000961866
0.00111033
0.00126767
0.00139237
0.00146249
)
;
    }
    bottom
    {
        type            calculated;
        value           uniform 3.19226e-05;
    }
    top
    {
        type            calculated;
        value           nonuniform List<scalar> 
200
(
0.0014771
0.0014771
0.0014771
0.0014771
0.0014771
0.0014771
0.0014771
0.0014771
0.0014771
0.0014771
0.0014771
0.0014771
0.0014771
0.0014771
0.0014771
0.0014771
0.0014771
0.0014771
0.0014771
0.0014771
0.0014771
0.0014771
0.0014771
0.0014771
0.0014771
0.0014771
0.0014771
0.0014771
0.0014771
0.0014771
0.0014771
0.0014771
0.0014771
0.0014771
0.0014771
0.0014771
0.0014771
0.0014771
0.0014771
0.0014771
0.0014771
0.0014771
0.0014771
0.0014771
0.0014771
0.0014771
0.0014771
0.0014771
0.0014771
0.0014771
0.0014771
0.0014771
0.0014771
0.0014771
0.0014771
0.0014771
0.0014771
0.0014771
0.0014771
0.0014771
0.0014771
0.0014771
0.0014771
0.0014771
0.0014771
0.0014771
0.0014771
0.0014771
0.000140747
9.87657e-05
8.85177e-05
9.0109e-05
0.000111816
0.0014771
0.0014771
0.0014771
0.0014771
0.0014771
0.0014771
0.0014771
0.0014771
0.0014771
0.0014771
0.0014771
0.0014771
0.0014771
0.0014771
0.0014771
0.0014771
0.0014771
0.0014771
0.0014771
0.0014771
0.0014771
0.0014771
0.0014771
0.0014771
0.000131374
0.000110359
9.87397e-05
9.5637e-05
0.00010429
0.000123947
0.0014771
0.0014771
0.0014771
0.0014771
0.0014771
0.0014771
0.0014771
0.0014771
0.0014771
0.0014771
0.0014771
0.0014771
0.0014771
0.0014771
0.0014771
0.0014771
0.0014771
0.0014771
0.0014771
0.0014771
0.0014771
0.0014771
0.0014771
0.0014771
0.000112696
9.00007e-05
8.82582e-05
9.70048e-05
0.000127752
0.0014771
0.0014771
0.0014771
0.0014771
0.0014771
0.0014771
0.0014771
0.0014771
0.0014771
0.0014771
0.0014771
0.0014771
0.0014771
0.0014771
0.0014771
0.0014771
0.0014771
0.0014771
0.0014771
0.0014771
0.0014771
0.0014771
0.0014771
0.0014771
0.0014771
0.0014771
0.0014771
0.0014771
0.0014771
0.0014771
0.0014771
0.0014771
0.0014771
0.0014771
0.0014771
0.0014771
0.0014771
0.0014771
0.0014771
0.0014771
0.0014771
0.0014771
0.0014771
0.0014771
0.0014771
0.0014771
0.0014771
0.0014771
0.0014771
0.0014771
0.0014771
0.0014771
0.0014771
0.0014771
0.0014771
0.0014771
0.0014771
0.0014771
0.0014771
0.0014771
0.0014771
0.0014771
0.0014771
0.0014771
0.0014771
0.0014771
0.0014771
0.0014771
)
;
    }
    frontAndBack
    {
        type            empty;
    }
}


// ************************************************************************* //
