/*--------------------------------*- C++ -*----------------------------------*\
  =========                 |
  \\      /  F ield         | OpenFOAM: The Open Source CFD Toolbox
   \\    /   O peration     | Website:  https://openfoam.org
    \\  /    A nd           | Version:  10
     \\/     M anipulation  |
\*---------------------------------------------------------------------------*/
FoamFile
{
    format      ascii;
    class       volScalarField;
    location    "2051244000";
    object      mu;
}
// * * * * * * * * * * * * * * * * * * * * * * * * * * * * * * * * * * * * * //

dimensions      [1 -1 -1 0 0 0 0];

internalField   nonuniform List<scalar> 
80000
(
3.18796e-05
3.18796e-05
3.18796e-05
3.18796e-05
3.18796e-05
3.18796e-05
3.18796e-05
3.18796e-05
3.18796e-05
3.18796e-05
3.18796e-05
3.18796e-05
3.18796e-05
3.18796e-05
3.18796e-05
3.18796e-05
3.18796e-05
3.18796e-05
3.18796e-05
3.18796e-05
3.18796e-05
3.18796e-05
3.18796e-05
3.18796e-05
3.18796e-05
3.18796e-05
3.18796e-05
3.18796e-05
3.18796e-05
3.18796e-05
3.18796e-05
3.18796e-05
3.18796e-05
3.18796e-05
3.18796e-05
3.18796e-05
3.18796e-05
3.18796e-05
3.18796e-05
3.18796e-05
3.18796e-05
3.18796e-05
3.18796e-05
3.18796e-05
3.18796e-05
3.18796e-05
3.18796e-05
3.18796e-05
3.18796e-05
3.18796e-05
3.18796e-05
3.18796e-05
3.18796e-05
3.18796e-05
3.18796e-05
3.18796e-05
3.18796e-05
3.18796e-05
3.18796e-05
3.18796e-05
3.18796e-05
3.18796e-05
3.18796e-05
3.18796e-05
3.18796e-05
3.18796e-05
3.18796e-05
3.18796e-05
3.18796e-05
3.18796e-05
3.18796e-05
3.18796e-05
3.18796e-05
3.18796e-05
3.18796e-05
3.18796e-05
3.18796e-05
3.18796e-05
3.18796e-05
3.18796e-05
3.18796e-05
3.18796e-05
3.18796e-05
3.18796e-05
3.18796e-05
3.18796e-05
3.18796e-05
3.18796e-05
3.18796e-05
3.18796e-05
3.18796e-05
3.18796e-05
3.18796e-05
3.18796e-05
3.18796e-05
3.18796e-05
3.18796e-05
3.18796e-05
3.18796e-05
3.18796e-05
3.18796e-05
3.18796e-05
3.18796e-05
3.18796e-05
3.18796e-05
3.18796e-05
3.18796e-05
3.18796e-05
3.18796e-05
3.18796e-05
3.18796e-05
3.18796e-05
3.18796e-05
3.18796e-05
3.18796e-05
3.18796e-05
3.18796e-05
3.18796e-05
3.18796e-05
3.18796e-05
3.18796e-05
3.18796e-05
3.18796e-05
3.18796e-05
3.18796e-05
3.18796e-05
3.18796e-05
3.18796e-05
3.18796e-05
3.18796e-05
3.18796e-05
3.18796e-05
3.18796e-05
3.18796e-05
3.18796e-05
3.18796e-05
3.18796e-05
3.18796e-05
3.18796e-05
3.18796e-05
3.18796e-05
3.18796e-05
3.18796e-05
3.18796e-05
3.18796e-05
3.18796e-05
3.18796e-05
3.18796e-05
3.18796e-05
3.18796e-05
3.18796e-05
3.18796e-05
3.18796e-05
3.18796e-05
3.18796e-05
3.18796e-05
3.18796e-05
3.18796e-05
3.18796e-05
3.18796e-05
3.18796e-05
3.18796e-05
3.18796e-05
3.18796e-05
3.18796e-05
3.18796e-05
3.18796e-05
3.18796e-05
3.18796e-05
3.18796e-05
3.18796e-05
3.18796e-05
3.18796e-05
3.18796e-05
3.18796e-05
3.18796e-05
3.18796e-05
3.18796e-05
3.18796e-05
3.18796e-05
3.18796e-05
3.18796e-05
3.18796e-05
3.18796e-05
3.18796e-05
3.18796e-05
3.18796e-05
3.18796e-05
3.18796e-05
3.18796e-05
3.18796e-05
3.18796e-05
3.18796e-05
3.18796e-05
3.18796e-05
3.18796e-05
3.18796e-05
3.18796e-05
3.18796e-05
3.18796e-05
3.1753e-05
3.1753e-05
3.1753e-05
3.1753e-05
3.1753e-05
3.1753e-05
3.1753e-05
3.1753e-05
3.1753e-05
3.1753e-05
3.1753e-05
3.1753e-05
3.1753e-05
3.1753e-05
3.1753e-05
3.1753e-05
3.1753e-05
3.1753e-05
3.1753e-05
3.1753e-05
3.1753e-05
3.1753e-05
3.1753e-05
3.1753e-05
3.1753e-05
3.1753e-05
3.1753e-05
3.1753e-05
3.1753e-05
3.1753e-05
3.1753e-05
3.1753e-05
3.1753e-05
3.1753e-05
3.1753e-05
3.1753e-05
3.1753e-05
3.1753e-05
3.1753e-05
3.1753e-05
3.1753e-05
3.1753e-05
3.1753e-05
3.1753e-05
3.1753e-05
3.1753e-05
3.1753e-05
3.1753e-05
3.1753e-05
3.1753e-05
3.1753e-05
3.1753e-05
3.1753e-05
3.1753e-05
3.1753e-05
3.1753e-05
3.1753e-05
3.1753e-05
3.1753e-05
3.1753e-05
3.1753e-05
3.1753e-05
3.1753e-05
3.1753e-05
3.1753e-05
3.1753e-05
3.1753e-05
3.1753e-05
3.1753e-05
3.1753e-05
3.1753e-05
3.1753e-05
3.1753e-05
3.1753e-05
3.1753e-05
3.1753e-05
3.1753e-05
3.1753e-05
3.1753e-05
3.1753e-05
3.1753e-05
3.1753e-05
3.1753e-05
3.1753e-05
3.1753e-05
3.1753e-05
3.1753e-05
3.1753e-05
3.1753e-05
3.1753e-05
3.1753e-05
3.1753e-05
3.1753e-05
3.1753e-05
3.1753e-05
3.1753e-05
3.1753e-05
3.1753e-05
3.1753e-05
3.1753e-05
3.1753e-05
3.1753e-05
3.1753e-05
3.1753e-05
3.1753e-05
3.1753e-05
3.1753e-05
3.1753e-05
3.1753e-05
3.1753e-05
3.1753e-05
3.1753e-05
3.1753e-05
3.1753e-05
3.1753e-05
3.1753e-05
3.1753e-05
3.1753e-05
3.1753e-05
3.1753e-05
3.1753e-05
3.1753e-05
3.1753e-05
3.1753e-05
3.1753e-05
3.1753e-05
3.1753e-05
3.1753e-05
3.1753e-05
3.1753e-05
3.1753e-05
3.1753e-05
3.1753e-05
3.1753e-05
3.1753e-05
3.1753e-05
3.1753e-05
3.1753e-05
3.1753e-05
3.1753e-05
3.1753e-05
3.1753e-05
3.1753e-05
3.1753e-05
3.1753e-05
3.1753e-05
3.1753e-05
3.1753e-05
3.1753e-05
3.1753e-05
3.1753e-05
3.1753e-05
3.1753e-05
3.1753e-05
3.1753e-05
3.1753e-05
3.1753e-05
3.1753e-05
3.1753e-05
3.1753e-05
3.1753e-05
3.1753e-05
3.1753e-05
3.1753e-05
3.1753e-05
3.1753e-05
3.1753e-05
3.1753e-05
3.1753e-05
3.1753e-05
3.1753e-05
3.1753e-05
3.1753e-05
3.1753e-05
3.1753e-05
3.1753e-05
3.1753e-05
3.1753e-05
3.1753e-05
3.1753e-05
3.1753e-05
3.1753e-05
3.1753e-05
3.1753e-05
3.1753e-05
3.1753e-05
3.1753e-05
3.1753e-05
3.1753e-05
3.1753e-05
3.1753e-05
3.1753e-05
3.1753e-05
3.1753e-05
3.1753e-05
3.1753e-05
3.1753e-05
3.1753e-05
3.1753e-05
3.1753e-05
3.164e-05
3.164e-05
3.164e-05
3.164e-05
3.164e-05
3.164e-05
3.164e-05
3.164e-05
3.164e-05
3.164e-05
3.164e-05
3.164e-05
3.164e-05
3.164e-05
3.164e-05
3.164e-05
3.164e-05
3.164e-05
3.164e-05
3.164e-05
3.164e-05
3.164e-05
3.164e-05
3.164e-05
3.164e-05
3.164e-05
3.164e-05
3.164e-05
3.164e-05
3.164e-05
3.164e-05
3.164e-05
3.164e-05
3.164e-05
3.164e-05
3.164e-05
3.164e-05
3.164e-05
3.164e-05
3.164e-05
3.164e-05
3.164e-05
3.164e-05
3.164e-05
3.164e-05
3.164e-05
3.164e-05
3.164e-05
3.164e-05
3.164e-05
3.164e-05
3.164e-05
3.164e-05
3.164e-05
3.164e-05
3.164e-05
3.164e-05
3.164e-05
3.164e-05
3.164e-05
3.164e-05
3.164e-05
3.164e-05
3.164e-05
3.164e-05
3.164e-05
3.164e-05
3.164e-05
3.164e-05
3.164e-05
3.164e-05
3.164e-05
3.164e-05
3.164e-05
3.164e-05
3.164e-05
3.164e-05
3.164e-05
3.164e-05
3.164e-05
3.164e-05
3.164e-05
3.164e-05
3.164e-05
3.164e-05
3.164e-05
3.164e-05
3.164e-05
3.164e-05
3.164e-05
3.164e-05
3.164e-05
3.164e-05
3.164e-05
3.164e-05
3.164e-05
3.164e-05
3.164e-05
3.164e-05
3.164e-05
3.164e-05
3.164e-05
3.164e-05
3.164e-05
3.164e-05
3.164e-05
3.164e-05
3.164e-05
3.164e-05
3.164e-05
3.164e-05
3.164e-05
3.164e-05
3.164e-05
3.164e-05
3.164e-05
3.164e-05
3.164e-05
3.164e-05
3.164e-05
3.164e-05
3.164e-05
3.164e-05
3.164e-05
3.164e-05
3.164e-05
3.164e-05
3.164e-05
3.164e-05
3.164e-05
3.164e-05
3.164e-05
3.164e-05
3.164e-05
3.164e-05
3.164e-05
3.164e-05
3.164e-05
3.164e-05
3.164e-05
3.164e-05
3.164e-05
3.164e-05
3.164e-05
3.164e-05
3.164e-05
3.164e-05
3.164e-05
3.164e-05
3.164e-05
3.164e-05
3.164e-05
3.164e-05
3.164e-05
3.164e-05
3.164e-05
3.164e-05
3.164e-05
3.164e-05
3.164e-05
3.164e-05
3.164e-05
3.164e-05
3.164e-05
3.164e-05
3.164e-05
3.164e-05
3.164e-05
3.164e-05
3.164e-05
3.164e-05
3.164e-05
3.164e-05
3.164e-05
3.164e-05
3.164e-05
3.164e-05
3.164e-05
3.164e-05
3.164e-05
3.164e-05
3.164e-05
3.164e-05
3.164e-05
3.164e-05
3.164e-05
3.164e-05
3.164e-05
3.164e-05
3.164e-05
3.164e-05
3.164e-05
3.164e-05
3.164e-05
3.164e-05
3.164e-05
3.164e-05
3.164e-05
3.164e-05
3.164e-05
3.15433e-05
3.15433e-05
3.15433e-05
3.15433e-05
3.15433e-05
3.15433e-05
3.15433e-05
3.15433e-05
3.15433e-05
3.15433e-05
3.15433e-05
3.15433e-05
3.15433e-05
3.15433e-05
3.15433e-05
3.15433e-05
3.15433e-05
3.15433e-05
3.15433e-05
3.15433e-05
3.15433e-05
3.15433e-05
3.15433e-05
3.15433e-05
3.15433e-05
3.15433e-05
3.15433e-05
3.15433e-05
3.15433e-05
3.15433e-05
3.15433e-05
3.15433e-05
3.15433e-05
3.15433e-05
3.15433e-05
3.15433e-05
3.15433e-05
3.15433e-05
3.15433e-05
3.15433e-05
3.15433e-05
3.15433e-05
3.15433e-05
3.15433e-05
3.15433e-05
3.15433e-05
3.15433e-05
3.15433e-05
3.15433e-05
3.15433e-05
3.15433e-05
3.15433e-05
3.15433e-05
3.15433e-05
3.15433e-05
3.15433e-05
3.15433e-05
3.15433e-05
3.15433e-05
3.15433e-05
3.15433e-05
3.15433e-05
3.15433e-05
3.15433e-05
3.15433e-05
3.15433e-05
3.15433e-05
3.15433e-05
3.15433e-05
3.15433e-05
3.15433e-05
3.15433e-05
3.15433e-05
3.15433e-05
3.15433e-05
3.15433e-05
3.15433e-05
3.15433e-05
3.15433e-05
3.15433e-05
3.15433e-05
3.15433e-05
3.15433e-05
3.15433e-05
3.15433e-05
3.15433e-05
3.15433e-05
3.15433e-05
3.15433e-05
3.15433e-05
3.15433e-05
3.15433e-05
3.15433e-05
3.15433e-05
3.15433e-05
3.15433e-05
3.15433e-05
3.15433e-05
3.15433e-05
3.15433e-05
3.15433e-05
3.15433e-05
3.15433e-05
3.15433e-05
3.15433e-05
3.15433e-05
3.15433e-05
3.15433e-05
3.15433e-05
3.15433e-05
3.15433e-05
3.15433e-05
3.15433e-05
3.15433e-05
3.15433e-05
3.15433e-05
3.15433e-05
3.15433e-05
3.15433e-05
3.15433e-05
3.15433e-05
3.15433e-05
3.15433e-05
3.15433e-05
3.15433e-05
3.15433e-05
3.15433e-05
3.15433e-05
3.15433e-05
3.15433e-05
3.15433e-05
3.15433e-05
3.15433e-05
3.15433e-05
3.15433e-05
3.15433e-05
3.15433e-05
3.15433e-05
3.15433e-05
3.15433e-05
3.15433e-05
3.15433e-05
3.15433e-05
3.15433e-05
3.15433e-05
3.15433e-05
3.15433e-05
3.15433e-05
3.15433e-05
3.15433e-05
3.15433e-05
3.15433e-05
3.15433e-05
3.15433e-05
3.15433e-05
3.15433e-05
3.15433e-05
3.15433e-05
3.15433e-05
3.15433e-05
3.15433e-05
3.15433e-05
3.15433e-05
3.15433e-05
3.15433e-05
3.15433e-05
3.15433e-05
3.15433e-05
3.15433e-05
3.15433e-05
3.15433e-05
3.15433e-05
3.15433e-05
3.15433e-05
3.15433e-05
3.15433e-05
3.15433e-05
3.15433e-05
3.15433e-05
3.15433e-05
3.15433e-05
3.15433e-05
3.15433e-05
3.15433e-05
3.15433e-05
3.15433e-05
3.15433e-05
3.15433e-05
3.15433e-05
3.15433e-05
3.15433e-05
3.15433e-05
3.15433e-05
3.15433e-05
3.15433e-05
3.15433e-05
3.15433e-05
3.15433e-05
3.15433e-05
3.15433e-05
3.14631e-05
3.14631e-05
3.14631e-05
3.14631e-05
3.14631e-05
3.14631e-05
3.14631e-05
3.14631e-05
3.14631e-05
3.14631e-05
3.14631e-05
3.14631e-05
3.14631e-05
3.14631e-05
3.14631e-05
3.14631e-05
3.14631e-05
3.14631e-05
3.14631e-05
3.14631e-05
3.14631e-05
3.14631e-05
3.14631e-05
3.14631e-05
3.14631e-05
3.14631e-05
3.14631e-05
3.14631e-05
3.14631e-05
3.14631e-05
3.14631e-05
3.14631e-05
3.14631e-05
3.14631e-05
3.14631e-05
3.14631e-05
3.14631e-05
3.14631e-05
3.14631e-05
3.14631e-05
3.14631e-05
3.14631e-05
3.14631e-05
3.14631e-05
3.14631e-05
3.14631e-05
3.14631e-05
3.14631e-05
3.14631e-05
3.14631e-05
3.14631e-05
3.14631e-05
3.14631e-05
3.14631e-05
3.14631e-05
3.14631e-05
3.14631e-05
3.14631e-05
3.14631e-05
3.14631e-05
3.14631e-05
3.14631e-05
3.14631e-05
3.14631e-05
3.14631e-05
3.14631e-05
3.14631e-05
3.14631e-05
3.14631e-05
3.14631e-05
3.14631e-05
3.14631e-05
3.14631e-05
3.14631e-05
3.14631e-05
3.14631e-05
3.14631e-05
3.14631e-05
3.14631e-05
3.14631e-05
3.14631e-05
3.14631e-05
3.14631e-05
3.14631e-05
3.14631e-05
3.14631e-05
3.14631e-05
3.14631e-05
3.14631e-05
3.14631e-05
3.14631e-05
3.14631e-05
3.14631e-05
3.14631e-05
3.14631e-05
3.14631e-05
3.14631e-05
3.14631e-05
3.14631e-05
3.14631e-05
3.14631e-05
3.14631e-05
3.14631e-05
3.14631e-05
3.14631e-05
3.14631e-05
3.14631e-05
3.14631e-05
3.14631e-05
3.14631e-05
3.14631e-05
3.14631e-05
3.14631e-05
3.14631e-05
3.14631e-05
3.14631e-05
3.14631e-05
3.14631e-05
3.14631e-05
3.14631e-05
3.14631e-05
3.14631e-05
3.14631e-05
3.14631e-05
3.14631e-05
3.14631e-05
3.14631e-05
3.14631e-05
3.14631e-05
3.14631e-05
3.14631e-05
3.14631e-05
3.14631e-05
3.14631e-05
3.14631e-05
3.14631e-05
3.14631e-05
3.14631e-05
3.14631e-05
3.14631e-05
3.14631e-05
3.14631e-05
3.14631e-05
3.14631e-05
3.14631e-05
3.14631e-05
3.14631e-05
3.14631e-05
3.14631e-05
3.14631e-05
3.14631e-05
3.14631e-05
3.14631e-05
3.14631e-05
3.14631e-05
3.14631e-05
3.14631e-05
3.14631e-05
3.14631e-05
3.14631e-05
3.14631e-05
3.14631e-05
3.14631e-05
3.14631e-05
3.14631e-05
3.14631e-05
3.14631e-05
3.14631e-05
3.14631e-05
3.14631e-05
3.14631e-05
3.14631e-05
3.14631e-05
3.14631e-05
3.14631e-05
3.14631e-05
3.14631e-05
3.14631e-05
3.14631e-05
3.14631e-05
3.14631e-05
3.14631e-05
3.14631e-05
3.14631e-05
3.14631e-05
3.14631e-05
3.14631e-05
3.14631e-05
3.14631e-05
3.14631e-05
3.14631e-05
3.14631e-05
3.14631e-05
3.14631e-05
3.14631e-05
3.14631e-05
3.14631e-05
3.14631e-05
3.14631e-05
3.14631e-05
3.13981e-05
3.13981e-05
3.13981e-05
3.13981e-05
3.13981e-05
3.13981e-05
3.13981e-05
3.13981e-05
3.13981e-05
3.13981e-05
3.13981e-05
3.13981e-05
3.13981e-05
3.13981e-05
3.13981e-05
3.13981e-05
3.13981e-05
3.13981e-05
3.13981e-05
3.13981e-05
3.13981e-05
3.13981e-05
3.13981e-05
3.13981e-05
3.13981e-05
3.13981e-05
3.13981e-05
3.13981e-05
3.13981e-05
3.13981e-05
3.13981e-05
3.13981e-05
3.13981e-05
3.13981e-05
3.13981e-05
3.13981e-05
3.13981e-05
3.13981e-05
3.13981e-05
3.13981e-05
3.13981e-05
3.13981e-05
3.13981e-05
3.13981e-05
3.13981e-05
3.13981e-05
3.13981e-05
3.13981e-05
3.13981e-05
3.13981e-05
3.13981e-05
3.13981e-05
3.13981e-05
3.13981e-05
3.13981e-05
3.13981e-05
3.13981e-05
3.13981e-05
3.13981e-05
3.13981e-05
3.13981e-05
3.13981e-05
3.13981e-05
3.13981e-05
3.13981e-05
3.13981e-05
3.13981e-05
3.13981e-05
3.13981e-05
3.13981e-05
3.13981e-05
3.13981e-05
3.13981e-05
3.13981e-05
3.13981e-05
3.13981e-05
3.13981e-05
3.13981e-05
3.13981e-05
3.13981e-05
3.13981e-05
3.13981e-05
3.13981e-05
3.13981e-05
3.13981e-05
3.13981e-05
3.13981e-05
3.13981e-05
3.13981e-05
3.13981e-05
3.13981e-05
3.13981e-05
3.13981e-05
3.13981e-05
3.13981e-05
3.13981e-05
3.13981e-05
3.13981e-05
3.13981e-05
3.13981e-05
3.13981e-05
3.13981e-05
3.13981e-05
3.13981e-05
3.13981e-05
3.13981e-05
3.13981e-05
3.13981e-05
3.13981e-05
3.13981e-05
3.13981e-05
3.13981e-05
3.13981e-05
3.13981e-05
3.13981e-05
3.13981e-05
3.13981e-05
3.13981e-05
3.13981e-05
3.13981e-05
3.13981e-05
3.13981e-05
3.13981e-05
3.13981e-05
3.13981e-05
3.13981e-05
3.13981e-05
3.13981e-05
3.13981e-05
3.13981e-05
3.13981e-05
3.13981e-05
3.13981e-05
3.13981e-05
3.13981e-05
3.13981e-05
3.13981e-05
3.13981e-05
3.13981e-05
3.13981e-05
3.13981e-05
3.13981e-05
3.13981e-05
3.13981e-05
3.13981e-05
3.13981e-05
3.13981e-05
3.13981e-05
3.13981e-05
3.13981e-05
3.13981e-05
3.13981e-05
3.13981e-05
3.13981e-05
3.13981e-05
3.13981e-05
3.13981e-05
3.13981e-05
3.13981e-05
3.13981e-05
3.13981e-05
3.13981e-05
3.13981e-05
3.13981e-05
3.13981e-05
3.13981e-05
3.13981e-05
3.13981e-05
3.13981e-05
3.13981e-05
3.13981e-05
3.13981e-05
3.13981e-05
3.13981e-05
3.13981e-05
3.13981e-05
3.13981e-05
3.13981e-05
3.13981e-05
3.13981e-05
3.13981e-05
3.13981e-05
3.13981e-05
3.13981e-05
3.13981e-05
3.13981e-05
3.13981e-05
3.13981e-05
3.13981e-05
3.13981e-05
3.13981e-05
3.13981e-05
3.13981e-05
3.13981e-05
3.13981e-05
3.13981e-05
3.13981e-05
3.13981e-05
3.13981e-05
3.13981e-05
3.13459e-05
3.13459e-05
3.13459e-05
3.13459e-05
3.13459e-05
3.13459e-05
3.13459e-05
3.13459e-05
3.13459e-05
3.13459e-05
3.13459e-05
3.13459e-05
3.13459e-05
3.13459e-05
3.13459e-05
3.13459e-05
3.13459e-05
3.13459e-05
3.13459e-05
3.13459e-05
3.13459e-05
3.13459e-05
3.13459e-05
3.13459e-05
3.13459e-05
3.13459e-05
3.13459e-05
3.13459e-05
3.13459e-05
3.13459e-05
3.13459e-05
3.13459e-05
3.13459e-05
3.13459e-05
3.13459e-05
3.13459e-05
3.13459e-05
3.13459e-05
3.13459e-05
3.13459e-05
3.13459e-05
3.13459e-05
3.13459e-05
3.13459e-05
3.13459e-05
3.13459e-05
3.13459e-05
3.13459e-05
3.13459e-05
3.13459e-05
3.13459e-05
3.13459e-05
3.13459e-05
3.13459e-05
3.13459e-05
3.13459e-05
3.13459e-05
3.13459e-05
3.13459e-05
3.13459e-05
3.13459e-05
3.13459e-05
3.13459e-05
3.13459e-05
3.13459e-05
3.13459e-05
3.13459e-05
3.13459e-05
3.13459e-05
3.13459e-05
3.13459e-05
3.13459e-05
3.13459e-05
3.13459e-05
3.13459e-05
3.13459e-05
3.13459e-05
3.13459e-05
3.13459e-05
3.13459e-05
3.13459e-05
3.13459e-05
3.13459e-05
3.13459e-05
3.13459e-05
3.13459e-05
3.13459e-05
3.13459e-05
3.13459e-05
3.13459e-05
3.13459e-05
3.13459e-05
3.13459e-05
3.13459e-05
3.13459e-05
3.13459e-05
3.13459e-05
3.13459e-05
3.13459e-05
3.13459e-05
3.13459e-05
3.13459e-05
3.13459e-05
3.13459e-05
3.13459e-05
3.13459e-05
3.13459e-05
3.13459e-05
3.13459e-05
3.13459e-05
3.13459e-05
3.13459e-05
3.13459e-05
3.13459e-05
3.13459e-05
3.13459e-05
3.13459e-05
3.13459e-05
3.13459e-05
3.13459e-05
3.13459e-05
3.13459e-05
3.13459e-05
3.13459e-05
3.13459e-05
3.13459e-05
3.13459e-05
3.13459e-05
3.13459e-05
3.13459e-05
3.13459e-05
3.13459e-05
3.13459e-05
3.13459e-05
3.13459e-05
3.13459e-05
3.13459e-05
3.13459e-05
3.13459e-05
3.13459e-05
3.13459e-05
3.13459e-05
3.13459e-05
3.13459e-05
3.13459e-05
3.13459e-05
3.13459e-05
3.13459e-05
3.13459e-05
3.13459e-05
3.13459e-05
3.13459e-05
3.13459e-05
3.13459e-05
3.13459e-05
3.13459e-05
3.13459e-05
3.13459e-05
3.13459e-05
3.13459e-05
3.13459e-05
3.13459e-05
3.13459e-05
3.13459e-05
3.13459e-05
3.13459e-05
3.13459e-05
3.13459e-05
3.13459e-05
3.13459e-05
3.13459e-05
3.13459e-05
3.13459e-05
3.13459e-05
3.13459e-05
3.13459e-05
3.13459e-05
3.13459e-05
3.13459e-05
3.13459e-05
3.13459e-05
3.13459e-05
3.13459e-05
3.13459e-05
3.13459e-05
3.13459e-05
3.13459e-05
3.13459e-05
3.13459e-05
3.13459e-05
3.13459e-05
3.13459e-05
3.13459e-05
3.13459e-05
3.13459e-05
3.13459e-05
3.13459e-05
3.13459e-05
3.13459e-05
3.13459e-05
3.13039e-05
3.13039e-05
3.13039e-05
3.13039e-05
3.13039e-05
3.13039e-05
3.13039e-05
3.13039e-05
3.13039e-05
3.13039e-05
3.13039e-05
3.13039e-05
3.13039e-05
3.13039e-05
3.13039e-05
3.13039e-05
3.13039e-05
3.13039e-05
3.13039e-05
3.13039e-05
3.13039e-05
3.13039e-05
3.13039e-05
3.13039e-05
3.13039e-05
3.13039e-05
3.13039e-05
3.13039e-05
3.13039e-05
3.13039e-05
3.13039e-05
3.13039e-05
3.13039e-05
3.13039e-05
3.13039e-05
3.13039e-05
3.13039e-05
3.13039e-05
3.13039e-05
3.13039e-05
3.13039e-05
3.13039e-05
3.13039e-05
3.13039e-05
3.13039e-05
3.13039e-05
3.13039e-05
3.13039e-05
3.13039e-05
3.13039e-05
3.13039e-05
3.13039e-05
3.13039e-05
3.13039e-05
3.13039e-05
3.13039e-05
3.13039e-05
3.13039e-05
3.13039e-05
3.13039e-05
3.13039e-05
3.13039e-05
3.13039e-05
3.13039e-05
3.13039e-05
3.13039e-05
3.13039e-05
3.13039e-05
3.13039e-05
3.13039e-05
3.13039e-05
3.13039e-05
3.13039e-05
3.13039e-05
3.13039e-05
3.13039e-05
3.13039e-05
3.13039e-05
3.13039e-05
3.13039e-05
3.13039e-05
3.13039e-05
3.13039e-05
3.13039e-05
3.13039e-05
3.13039e-05
3.13039e-05
3.13039e-05
3.13039e-05
3.13039e-05
3.13039e-05
3.13039e-05
3.13039e-05
3.13039e-05
3.13039e-05
3.13039e-05
3.13039e-05
3.13039e-05
3.13039e-05
3.13039e-05
3.13039e-05
3.13039e-05
3.13039e-05
3.13039e-05
3.13039e-05
3.13039e-05
3.13039e-05
3.13039e-05
3.13039e-05
3.13039e-05
3.13039e-05
3.13039e-05
3.13039e-05
3.13039e-05
3.13039e-05
3.13039e-05
3.13039e-05
3.13039e-05
3.13039e-05
3.13039e-05
3.13039e-05
3.13039e-05
3.13039e-05
3.13039e-05
3.13039e-05
3.13039e-05
3.13039e-05
3.13039e-05
3.13039e-05
3.13039e-05
3.13039e-05
3.13039e-05
3.13039e-05
3.13039e-05
3.13039e-05
3.13039e-05
3.13039e-05
3.13039e-05
3.13039e-05
3.13039e-05
3.13039e-05
3.13039e-05
3.13039e-05
3.13039e-05
3.13039e-05
3.13039e-05
3.13039e-05
3.13039e-05
3.13039e-05
3.13039e-05
3.13039e-05
3.13039e-05
3.13039e-05
3.13039e-05
3.13039e-05
3.13039e-05
3.13039e-05
3.13039e-05
3.13039e-05
3.13039e-05
3.13039e-05
3.13039e-05
3.13039e-05
3.13039e-05
3.13039e-05
3.13039e-05
3.13039e-05
3.13039e-05
3.13039e-05
3.13039e-05
3.13039e-05
3.13039e-05
3.13039e-05
3.13039e-05
3.13039e-05
3.13039e-05
3.13039e-05
3.13039e-05
3.13039e-05
3.13039e-05
3.13039e-05
3.13039e-05
3.13039e-05
3.13039e-05
3.13039e-05
3.13039e-05
3.13039e-05
3.13039e-05
3.13039e-05
3.13039e-05
3.13039e-05
3.13039e-05
3.13039e-05
3.13039e-05
3.13039e-05
3.13039e-05
3.13039e-05
3.13039e-05
3.13039e-05
3.13039e-05
3.12697e-05
3.12697e-05
3.12697e-05
3.12697e-05
3.12697e-05
3.12697e-05
3.12697e-05
3.12697e-05
3.12697e-05
3.12697e-05
3.12697e-05
3.12697e-05
3.12697e-05
3.12697e-05
3.12697e-05
3.12697e-05
3.12697e-05
3.12697e-05
3.12697e-05
3.12697e-05
3.12697e-05
3.12697e-05
3.12697e-05
3.12697e-05
3.12697e-05
3.12697e-05
3.12697e-05
3.12697e-05
3.12697e-05
3.12697e-05
3.12697e-05
3.12697e-05
3.12697e-05
3.12697e-05
3.12697e-05
3.12697e-05
3.12697e-05
3.12697e-05
3.12697e-05
3.12697e-05
3.12697e-05
3.12697e-05
3.12697e-05
3.12697e-05
3.12697e-05
3.12697e-05
3.12697e-05
3.12697e-05
3.12697e-05
3.12697e-05
3.12697e-05
3.12697e-05
3.12697e-05
3.12697e-05
3.12697e-05
3.12697e-05
3.12697e-05
3.12697e-05
3.12697e-05
3.12697e-05
3.12697e-05
3.12697e-05
3.12697e-05
3.12697e-05
3.12697e-05
3.12697e-05
3.12697e-05
3.12697e-05
3.12697e-05
3.12697e-05
3.12697e-05
3.12697e-05
3.12697e-05
3.12697e-05
3.12697e-05
3.12697e-05
3.12697e-05
3.12697e-05
3.12697e-05
3.12697e-05
3.12697e-05
3.12697e-05
3.12697e-05
3.12697e-05
3.12697e-05
3.12697e-05
3.12697e-05
3.12697e-05
3.12697e-05
3.12697e-05
3.12697e-05
3.12697e-05
3.12697e-05
3.12697e-05
3.12697e-05
3.12697e-05
3.12697e-05
3.12697e-05
3.12697e-05
3.12697e-05
3.12697e-05
3.12697e-05
3.12697e-05
3.12697e-05
3.12697e-05
3.12697e-05
3.12697e-05
3.12697e-05
3.12697e-05
3.12697e-05
3.12697e-05
3.12697e-05
3.12697e-05
3.12697e-05
3.12697e-05
3.12697e-05
3.12697e-05
3.12697e-05
3.12697e-05
3.12697e-05
3.12697e-05
3.12697e-05
3.12697e-05
3.12697e-05
3.12697e-05
3.12697e-05
3.12697e-05
3.12697e-05
3.12697e-05
3.12697e-05
3.12697e-05
3.12697e-05
3.12697e-05
3.12697e-05
3.12697e-05
3.12697e-05
3.12697e-05
3.12697e-05
3.12697e-05
3.12697e-05
3.12697e-05
3.12697e-05
3.12697e-05
3.12697e-05
3.12697e-05
3.12697e-05
3.12697e-05
3.12697e-05
3.12697e-05
3.12697e-05
3.12697e-05
3.12697e-05
3.12697e-05
3.12697e-05
3.12697e-05
3.12697e-05
3.12697e-05
3.12697e-05
3.12697e-05
3.12697e-05
3.12697e-05
3.12697e-05
3.12697e-05
3.12697e-05
3.12697e-05
3.12697e-05
3.12697e-05
3.12697e-05
3.12697e-05
3.12697e-05
3.12697e-05
3.12697e-05
3.12697e-05
3.12697e-05
3.12697e-05
3.12697e-05
3.12697e-05
3.12697e-05
3.12697e-05
3.12697e-05
3.12697e-05
3.12697e-05
3.12697e-05
3.12697e-05
3.12697e-05
3.12697e-05
3.12697e-05
3.12697e-05
3.12697e-05
3.12697e-05
3.12697e-05
3.12697e-05
3.12697e-05
3.12697e-05
3.12697e-05
3.12697e-05
3.12697e-05
3.12697e-05
3.12697e-05
3.12697e-05
3.12412e-05
3.12412e-05
3.12412e-05
3.12412e-05
3.12412e-05
3.12412e-05
3.12412e-05
3.12412e-05
3.12412e-05
3.12412e-05
3.12412e-05
3.12412e-05
3.12412e-05
3.12412e-05
3.12412e-05
3.12412e-05
3.12412e-05
3.12412e-05
3.12412e-05
3.12412e-05
3.12412e-05
3.12412e-05
3.12412e-05
3.12412e-05
3.12412e-05
3.12412e-05
3.12412e-05
3.12412e-05
3.12412e-05
3.12412e-05
3.12412e-05
3.12412e-05
3.12412e-05
3.12412e-05
3.12412e-05
3.12412e-05
3.12412e-05
3.12412e-05
3.12412e-05
3.12412e-05
3.12412e-05
3.12412e-05
3.12412e-05
3.12412e-05
3.12412e-05
3.12412e-05
3.12412e-05
3.12412e-05
3.12412e-05
3.12412e-05
3.12412e-05
3.12412e-05
3.12412e-05
3.12412e-05
3.12412e-05
3.12412e-05
3.12412e-05
3.12412e-05
3.12412e-05
3.12412e-05
3.12412e-05
3.12412e-05
3.12412e-05
3.12412e-05
3.12412e-05
3.12412e-05
3.12412e-05
3.12412e-05
3.12412e-05
3.12412e-05
3.12412e-05
3.12412e-05
3.12412e-05
3.12412e-05
3.12412e-05
3.12412e-05
3.12412e-05
3.12412e-05
3.12412e-05
3.12412e-05
3.12412e-05
3.12412e-05
3.12412e-05
3.12412e-05
3.12412e-05
3.12412e-05
3.12412e-05
3.12412e-05
3.12412e-05
3.12412e-05
3.12412e-05
3.12412e-05
3.12412e-05
3.12412e-05
3.12412e-05
3.12412e-05
3.12412e-05
3.12412e-05
3.12412e-05
3.12412e-05
3.12412e-05
3.12412e-05
3.12412e-05
3.12412e-05
3.12412e-05
3.12412e-05
3.12412e-05
3.12412e-05
3.12412e-05
3.12412e-05
3.12412e-05
3.12412e-05
3.12412e-05
3.12412e-05
3.12412e-05
3.12412e-05
3.12412e-05
3.12412e-05
3.12412e-05
3.12412e-05
3.12412e-05
3.12412e-05
3.12412e-05
3.12412e-05
3.12412e-05
3.12412e-05
3.12412e-05
3.12412e-05
3.12412e-05
3.12412e-05
3.12412e-05
3.12412e-05
3.12412e-05
3.12412e-05
3.12412e-05
3.12412e-05
3.12412e-05
3.12412e-05
3.12412e-05
3.12412e-05
3.12412e-05
3.12412e-05
3.12412e-05
3.12412e-05
3.12412e-05
3.12412e-05
3.12412e-05
3.12412e-05
3.12412e-05
3.12412e-05
3.12412e-05
3.12412e-05
3.12412e-05
3.12412e-05
3.12412e-05
3.12412e-05
3.12412e-05
3.12412e-05
3.12412e-05
3.12412e-05
3.12412e-05
3.12412e-05
3.12412e-05
3.12412e-05
3.12412e-05
3.12412e-05
3.12412e-05
3.12412e-05
3.12412e-05
3.12412e-05
3.12412e-05
3.12412e-05
3.12412e-05
3.12412e-05
3.12412e-05
3.12412e-05
3.12412e-05
3.12412e-05
3.12412e-05
3.12412e-05
3.12412e-05
3.12412e-05
3.12412e-05
3.12412e-05
3.12412e-05
3.12412e-05
3.12412e-05
3.12412e-05
3.12412e-05
3.12412e-05
3.12412e-05
3.12412e-05
3.12412e-05
3.12412e-05
3.12412e-05
3.12412e-05
3.12412e-05
3.12412e-05
3.12412e-05
3.12412e-05
3.1217e-05
3.1217e-05
3.1217e-05
3.1217e-05
3.1217e-05
3.1217e-05
3.1217e-05
3.1217e-05
3.1217e-05
3.1217e-05
3.1217e-05
3.1217e-05
3.1217e-05
3.1217e-05
3.1217e-05
3.1217e-05
3.1217e-05
3.1217e-05
3.1217e-05
3.1217e-05
3.1217e-05
3.1217e-05
3.1217e-05
3.1217e-05
3.1217e-05
3.1217e-05
3.1217e-05
3.1217e-05
3.1217e-05
3.1217e-05
3.1217e-05
3.1217e-05
3.1217e-05
3.1217e-05
3.1217e-05
3.1217e-05
3.1217e-05
3.1217e-05
3.1217e-05
3.1217e-05
3.1217e-05
3.1217e-05
3.1217e-05
3.1217e-05
3.1217e-05
3.1217e-05
3.1217e-05
3.1217e-05
3.1217e-05
3.1217e-05
3.1217e-05
3.1217e-05
3.1217e-05
3.1217e-05
3.1217e-05
3.1217e-05
3.1217e-05
3.1217e-05
3.1217e-05
3.1217e-05
3.1217e-05
3.1217e-05
3.1217e-05
3.1217e-05
3.1217e-05
3.1217e-05
3.1217e-05
3.1217e-05
3.1217e-05
3.1217e-05
3.1217e-05
3.1217e-05
3.1217e-05
3.1217e-05
3.1217e-05
3.1217e-05
3.1217e-05
3.1217e-05
3.1217e-05
3.1217e-05
3.1217e-05
3.1217e-05
3.1217e-05
3.1217e-05
3.1217e-05
3.1217e-05
3.1217e-05
3.1217e-05
3.1217e-05
3.1217e-05
3.1217e-05
3.1217e-05
3.1217e-05
3.1217e-05
3.1217e-05
3.1217e-05
3.1217e-05
3.1217e-05
3.1217e-05
3.1217e-05
3.1217e-05
3.1217e-05
3.1217e-05
3.1217e-05
3.1217e-05
3.1217e-05
3.1217e-05
3.1217e-05
3.1217e-05
3.1217e-05
3.1217e-05
3.1217e-05
3.1217e-05
3.1217e-05
3.1217e-05
3.1217e-05
3.1217e-05
3.1217e-05
3.1217e-05
3.1217e-05
3.1217e-05
3.1217e-05
3.1217e-05
3.1217e-05
3.1217e-05
3.1217e-05
3.1217e-05
3.1217e-05
3.1217e-05
3.1217e-05
3.1217e-05
3.1217e-05
3.1217e-05
3.1217e-05
3.1217e-05
3.1217e-05
3.1217e-05
3.1217e-05
3.1217e-05
3.1217e-05
3.1217e-05
3.1217e-05
3.1217e-05
3.1217e-05
3.1217e-05
3.1217e-05
3.1217e-05
3.1217e-05
3.1217e-05
3.1217e-05
3.1217e-05
3.1217e-05
3.1217e-05
3.1217e-05
3.1217e-05
3.1217e-05
3.1217e-05
3.1217e-05
3.1217e-05
3.1217e-05
3.1217e-05
3.1217e-05
3.1217e-05
3.1217e-05
3.1217e-05
3.1217e-05
3.1217e-05
3.1217e-05
3.1217e-05
3.1217e-05
3.1217e-05
3.1217e-05
3.1217e-05
3.1217e-05
3.1217e-05
3.1217e-05
3.1217e-05
3.1217e-05
3.1217e-05
3.1217e-05
3.1217e-05
3.1217e-05
3.1217e-05
3.1217e-05
3.1217e-05
3.1217e-05
3.1217e-05
3.1217e-05
3.1217e-05
3.1217e-05
3.1217e-05
3.1217e-05
3.1217e-05
3.1217e-05
3.1217e-05
3.1217e-05
3.1217e-05
3.1217e-05
3.1217e-05
3.1217e-05
3.11962e-05
3.11962e-05
3.11962e-05
3.11962e-05
3.11962e-05
3.11962e-05
3.11962e-05
3.11962e-05
3.11962e-05
3.11962e-05
3.11962e-05
3.11962e-05
3.11962e-05
3.11962e-05
3.11962e-05
3.11962e-05
3.11962e-05
3.11962e-05
3.11962e-05
3.11962e-05
3.11962e-05
3.11962e-05
3.11962e-05
3.11962e-05
3.11962e-05
3.11962e-05
3.11962e-05
3.11962e-05
3.11962e-05
3.11962e-05
3.11962e-05
3.11962e-05
3.11962e-05
3.11962e-05
3.11962e-05
3.11962e-05
3.11962e-05
3.11962e-05
3.11962e-05
3.11962e-05
3.11962e-05
3.11962e-05
3.11962e-05
3.11962e-05
3.11962e-05
3.11962e-05
3.11962e-05
3.11962e-05
3.11962e-05
3.11962e-05
3.11962e-05
3.11962e-05
3.11962e-05
3.11962e-05
3.11962e-05
3.11962e-05
3.11962e-05
3.11962e-05
3.11962e-05
3.11962e-05
3.11962e-05
3.11962e-05
3.11962e-05
3.11962e-05
3.11962e-05
3.11962e-05
3.11962e-05
3.11962e-05
3.11962e-05
3.11962e-05
3.11962e-05
3.11962e-05
3.11962e-05
3.11962e-05
3.11962e-05
3.11962e-05
3.11962e-05
3.11962e-05
3.11962e-05
3.11962e-05
3.11962e-05
3.11962e-05
3.11962e-05
3.11962e-05
3.11962e-05
3.11962e-05
3.11962e-05
3.11962e-05
3.11962e-05
3.11962e-05
3.11962e-05
3.11962e-05
3.11962e-05
3.11962e-05
3.11962e-05
3.11962e-05
3.11962e-05
3.11962e-05
3.11962e-05
3.11962e-05
3.11962e-05
3.11962e-05
3.11962e-05
3.11962e-05
3.11962e-05
3.11962e-05
3.11962e-05
3.11962e-05
3.11962e-05
3.11962e-05
3.11962e-05
3.11962e-05
3.11962e-05
3.11962e-05
3.11962e-05
3.11962e-05
3.11962e-05
3.11962e-05
3.11962e-05
3.11962e-05
3.11962e-05
3.11962e-05
3.11962e-05
3.11962e-05
3.11962e-05
3.11962e-05
3.11962e-05
3.11962e-05
3.11962e-05
3.11962e-05
3.11962e-05
3.11962e-05
3.11962e-05
3.11962e-05
3.11962e-05
3.11962e-05
3.11962e-05
3.11962e-05
3.11962e-05
3.11962e-05
3.11962e-05
3.11962e-05
3.11962e-05
3.11962e-05
3.11962e-05
3.11962e-05
3.11962e-05
3.11962e-05
3.11962e-05
3.11962e-05
3.11962e-05
3.11962e-05
3.11962e-05
3.11962e-05
3.11962e-05
3.11962e-05
3.11962e-05
3.11962e-05
3.11962e-05
3.11962e-05
3.11962e-05
3.11962e-05
3.11962e-05
3.11962e-05
3.11962e-05
3.11962e-05
3.11962e-05
3.11962e-05
3.11962e-05
3.11962e-05
3.11962e-05
3.11962e-05
3.11962e-05
3.11962e-05
3.11962e-05
3.11962e-05
3.11962e-05
3.11962e-05
3.11962e-05
3.11962e-05
3.11962e-05
3.11962e-05
3.11962e-05
3.11962e-05
3.11962e-05
3.11962e-05
3.11962e-05
3.11962e-05
3.11962e-05
3.11962e-05
3.11962e-05
3.11962e-05
3.11962e-05
3.11962e-05
3.11962e-05
3.11962e-05
3.11962e-05
3.11962e-05
3.11962e-05
3.11962e-05
3.11778e-05
3.11778e-05
3.11778e-05
3.11778e-05
3.11778e-05
3.11778e-05
3.11778e-05
3.11778e-05
3.11778e-05
3.11778e-05
3.11778e-05
3.11778e-05
3.11778e-05
3.11778e-05
3.11778e-05
3.11778e-05
3.11778e-05
3.11778e-05
3.11778e-05
3.11778e-05
3.11778e-05
3.11778e-05
3.11778e-05
3.11778e-05
3.11778e-05
3.11778e-05
3.11778e-05
3.11778e-05
3.11778e-05
3.11778e-05
3.11778e-05
3.11778e-05
3.11778e-05
3.11778e-05
3.11778e-05
3.11778e-05
3.11778e-05
3.11778e-05
3.11778e-05
3.11778e-05
3.11778e-05
3.11778e-05
3.11778e-05
3.11778e-05
3.11778e-05
3.11778e-05
3.11778e-05
3.11778e-05
3.11778e-05
3.11778e-05
3.11778e-05
3.11778e-05
3.11778e-05
3.11778e-05
3.11778e-05
3.11778e-05
3.11778e-05
3.11778e-05
3.11778e-05
3.11778e-05
3.11778e-05
3.11778e-05
3.11778e-05
3.11778e-05
3.11778e-05
3.11778e-05
3.11778e-05
3.11778e-05
3.11778e-05
3.11778e-05
3.11778e-05
3.11778e-05
3.11778e-05
3.11778e-05
3.11778e-05
3.11778e-05
3.11778e-05
3.11778e-05
3.11778e-05
3.11778e-05
3.11778e-05
3.11778e-05
3.11778e-05
3.11778e-05
3.11778e-05
3.11778e-05
3.11778e-05
3.11778e-05
3.11778e-05
3.11778e-05
3.11778e-05
3.11778e-05
3.11778e-05
3.11778e-05
3.11778e-05
3.11778e-05
3.11778e-05
3.11778e-05
3.11778e-05
3.11778e-05
3.11778e-05
3.11778e-05
3.11778e-05
3.11778e-05
3.11778e-05
3.11778e-05
3.11778e-05
3.11778e-05
3.11778e-05
3.11778e-05
3.11778e-05
3.11778e-05
3.11778e-05
3.11778e-05
3.11778e-05
3.11778e-05
3.11778e-05
3.11778e-05
3.11778e-05
3.11778e-05
3.11778e-05
3.11778e-05
3.11778e-05
3.11778e-05
3.11778e-05
3.11778e-05
3.11778e-05
3.11778e-05
3.11778e-05
3.11778e-05
3.11778e-05
3.11778e-05
3.11778e-05
3.11778e-05
3.11778e-05
3.11778e-05
3.11778e-05
3.11778e-05
3.11778e-05
3.11778e-05
3.11778e-05
3.11778e-05
3.11778e-05
3.11778e-05
3.11778e-05
3.11778e-05
3.11778e-05
3.11778e-05
3.11778e-05
3.11778e-05
3.11778e-05
3.11778e-05
3.11778e-05
3.11778e-05
3.11778e-05
3.11778e-05
3.11778e-05
3.11778e-05
3.11778e-05
3.11778e-05
3.11778e-05
3.11778e-05
3.11778e-05
3.11778e-05
3.11778e-05
3.11778e-05
3.11778e-05
3.11778e-05
3.11778e-05
3.11778e-05
3.11778e-05
3.11778e-05
3.11778e-05
3.11778e-05
3.11778e-05
3.11778e-05
3.11778e-05
3.11778e-05
3.11778e-05
3.11778e-05
3.11778e-05
3.11778e-05
3.11778e-05
3.11778e-05
3.11778e-05
3.11778e-05
3.11778e-05
3.11778e-05
3.11778e-05
3.11778e-05
3.11778e-05
3.11778e-05
3.11778e-05
3.11778e-05
3.11778e-05
3.11778e-05
3.11778e-05
3.11778e-05
3.11778e-05
3.11778e-05
3.11616e-05
3.11616e-05
3.11616e-05
3.11616e-05
3.11616e-05
3.11616e-05
3.11616e-05
3.11616e-05
3.11616e-05
3.11616e-05
3.11616e-05
3.11616e-05
3.11616e-05
3.11616e-05
3.11616e-05
3.11616e-05
3.11616e-05
3.11616e-05
3.11616e-05
3.11616e-05
3.11616e-05
3.11616e-05
3.11616e-05
3.11616e-05
3.11616e-05
3.11616e-05
3.11616e-05
3.11616e-05
3.11616e-05
3.11616e-05
3.11616e-05
3.11616e-05
3.11616e-05
3.11616e-05
3.11616e-05
3.11616e-05
3.11616e-05
3.11616e-05
3.11616e-05
3.11616e-05
3.11616e-05
3.11616e-05
3.11616e-05
3.11616e-05
3.11616e-05
3.11616e-05
3.11616e-05
3.11616e-05
3.11616e-05
3.11616e-05
3.11616e-05
3.11616e-05
3.11616e-05
3.11616e-05
3.11616e-05
3.11616e-05
3.11616e-05
3.11616e-05
3.11616e-05
3.11616e-05
3.11616e-05
3.11616e-05
3.11616e-05
3.11616e-05
3.11616e-05
3.11616e-05
3.11616e-05
3.11616e-05
3.11616e-05
3.11616e-05
3.11616e-05
3.11616e-05
3.11616e-05
3.11616e-05
3.11616e-05
3.11616e-05
3.11616e-05
3.11616e-05
3.11616e-05
3.11616e-05
3.11616e-05
3.11616e-05
3.11616e-05
3.11616e-05
3.11616e-05
3.11616e-05
3.11616e-05
3.11616e-05
3.11616e-05
3.11616e-05
3.11616e-05
3.11616e-05
3.11616e-05
3.11616e-05
3.11616e-05
3.11616e-05
3.11616e-05
3.11616e-05
3.11616e-05
3.11616e-05
3.11616e-05
3.11616e-05
3.11616e-05
3.11616e-05
3.11616e-05
3.11616e-05
3.11616e-05
3.11616e-05
3.11616e-05
3.11616e-05
3.11616e-05
3.11616e-05
3.11616e-05
3.11616e-05
3.11616e-05
3.11616e-05
3.11616e-05
3.11616e-05
3.11616e-05
3.11616e-05
3.11616e-05
3.11616e-05
3.11616e-05
3.11616e-05
3.11616e-05
3.11616e-05
3.11616e-05
3.11616e-05
3.11616e-05
3.11616e-05
3.11616e-05
3.11616e-05
3.11616e-05
3.11616e-05
3.11616e-05
3.11616e-05
3.11616e-05
3.11616e-05
3.11616e-05
3.11616e-05
3.11616e-05
3.11616e-05
3.11616e-05
3.11616e-05
3.11616e-05
3.11616e-05
3.11616e-05
3.11616e-05
3.11616e-05
3.11616e-05
3.11616e-05
3.11616e-05
3.11616e-05
3.11616e-05
3.11616e-05
3.11616e-05
3.11616e-05
3.11616e-05
3.11616e-05
3.11616e-05
3.11616e-05
3.11616e-05
3.11616e-05
3.11616e-05
3.11616e-05
3.11616e-05
3.11616e-05
3.11616e-05
3.11616e-05
3.11616e-05
3.11616e-05
3.11616e-05
3.11616e-05
3.11616e-05
3.11616e-05
3.11616e-05
3.11616e-05
3.11616e-05
3.11616e-05
3.11616e-05
3.11616e-05
3.11616e-05
3.11616e-05
3.11616e-05
3.11616e-05
3.11616e-05
3.11616e-05
3.11616e-05
3.11616e-05
3.11616e-05
3.11616e-05
3.11616e-05
3.11616e-05
3.11616e-05
3.11616e-05
3.11616e-05
3.11616e-05
3.11616e-05
3.11616e-05
3.11616e-05
3.1147e-05
3.1147e-05
3.1147e-05
3.1147e-05
3.1147e-05
3.1147e-05
3.1147e-05
3.1147e-05
3.1147e-05
3.1147e-05
3.1147e-05
3.1147e-05
3.1147e-05
3.1147e-05
3.1147e-05
3.1147e-05
3.1147e-05
3.1147e-05
3.1147e-05
3.1147e-05
3.1147e-05
3.1147e-05
3.1147e-05
3.1147e-05
3.1147e-05
3.1147e-05
3.1147e-05
3.1147e-05
3.1147e-05
3.1147e-05
3.1147e-05
3.1147e-05
3.1147e-05
3.1147e-05
3.1147e-05
3.1147e-05
3.1147e-05
3.1147e-05
3.1147e-05
3.1147e-05
3.1147e-05
3.1147e-05
3.1147e-05
3.1147e-05
3.1147e-05
3.1147e-05
3.1147e-05
3.1147e-05
3.1147e-05
3.1147e-05
3.1147e-05
3.1147e-05
3.1147e-05
3.1147e-05
3.1147e-05
3.1147e-05
3.1147e-05
3.1147e-05
3.1147e-05
3.1147e-05
3.1147e-05
3.1147e-05
3.1147e-05
3.1147e-05
3.1147e-05
3.1147e-05
3.1147e-05
3.1147e-05
3.1147e-05
3.1147e-05
3.1147e-05
3.1147e-05
3.1147e-05
3.1147e-05
3.1147e-05
3.1147e-05
3.1147e-05
3.1147e-05
3.1147e-05
3.1147e-05
3.1147e-05
3.1147e-05
3.1147e-05
3.1147e-05
3.1147e-05
3.1147e-05
3.1147e-05
3.1147e-05
3.1147e-05
3.1147e-05
3.1147e-05
3.1147e-05
3.1147e-05
3.1147e-05
3.1147e-05
3.1147e-05
3.1147e-05
3.1147e-05
3.1147e-05
3.1147e-05
3.1147e-05
3.1147e-05
3.1147e-05
3.1147e-05
3.1147e-05
3.1147e-05
3.1147e-05
3.1147e-05
3.1147e-05
3.1147e-05
3.1147e-05
3.1147e-05
3.1147e-05
3.1147e-05
3.1147e-05
3.1147e-05
3.1147e-05
3.1147e-05
3.1147e-05
3.1147e-05
3.1147e-05
3.1147e-05
3.1147e-05
3.1147e-05
3.1147e-05
3.1147e-05
3.1147e-05
3.1147e-05
3.1147e-05
3.1147e-05
3.1147e-05
3.1147e-05
3.1147e-05
3.1147e-05
3.1147e-05
3.1147e-05
3.1147e-05
3.1147e-05
3.1147e-05
3.1147e-05
3.1147e-05
3.1147e-05
3.1147e-05
3.1147e-05
3.1147e-05
3.1147e-05
3.1147e-05
3.1147e-05
3.1147e-05
3.1147e-05
3.1147e-05
3.1147e-05
3.1147e-05
3.1147e-05
3.1147e-05
3.1147e-05
3.1147e-05
3.1147e-05
3.1147e-05
3.1147e-05
3.1147e-05
3.1147e-05
3.1147e-05
3.1147e-05
3.1147e-05
3.1147e-05
3.1147e-05
3.1147e-05
3.1147e-05
3.1147e-05
3.1147e-05
3.1147e-05
3.1147e-05
3.1147e-05
3.1147e-05
3.1147e-05
3.1147e-05
3.1147e-05
3.1147e-05
3.1147e-05
3.1147e-05
3.1147e-05
3.1147e-05
3.1147e-05
3.1147e-05
3.1147e-05
3.1147e-05
3.1147e-05
3.1147e-05
3.1147e-05
3.1147e-05
3.1147e-05
3.1147e-05
3.1147e-05
3.1147e-05
3.1147e-05
3.1147e-05
3.1147e-05
3.1147e-05
3.1147e-05
3.11339e-05
3.11339e-05
3.11339e-05
3.11339e-05
3.11339e-05
3.11339e-05
3.11339e-05
3.11339e-05
3.11339e-05
3.11339e-05
3.11339e-05
3.11339e-05
3.11339e-05
3.11339e-05
3.11339e-05
3.11339e-05
3.11339e-05
3.11339e-05
3.11339e-05
3.11339e-05
3.11339e-05
3.11339e-05
3.11339e-05
3.11339e-05
3.11339e-05
3.11339e-05
3.11339e-05
3.11339e-05
3.11339e-05
3.11339e-05
3.11339e-05
3.11339e-05
3.11339e-05
3.11339e-05
3.11339e-05
3.11339e-05
3.11339e-05
3.11339e-05
3.11339e-05
3.11339e-05
3.11339e-05
3.11339e-05
3.11339e-05
3.11339e-05
3.11339e-05
3.11339e-05
3.11339e-05
3.11339e-05
3.11339e-05
3.11339e-05
3.11339e-05
3.11339e-05
3.11339e-05
3.11339e-05
3.11339e-05
3.11339e-05
3.11339e-05
3.11339e-05
3.11339e-05
3.11339e-05
3.11339e-05
3.11339e-05
3.11339e-05
3.11339e-05
3.11339e-05
3.11339e-05
3.11339e-05
3.11339e-05
3.11339e-05
3.11339e-05
3.11339e-05
3.11339e-05
3.11339e-05
3.11339e-05
3.11339e-05
3.11339e-05
3.11339e-05
3.11339e-05
3.11339e-05
3.11339e-05
3.11339e-05
3.11339e-05
3.11339e-05
3.11339e-05
3.11339e-05
3.11339e-05
3.11339e-05
3.11339e-05
3.11339e-05
3.11339e-05
3.11339e-05
3.11339e-05
3.11339e-05
3.11339e-05
3.11339e-05
3.11339e-05
3.11339e-05
3.11339e-05
3.11339e-05
3.11339e-05
3.11339e-05
3.11339e-05
3.11339e-05
3.11339e-05
3.11339e-05
3.11339e-05
3.11339e-05
3.11339e-05
3.11339e-05
3.11339e-05
3.11339e-05
3.11339e-05
3.11339e-05
3.11339e-05
3.11339e-05
3.11339e-05
3.11339e-05
3.11339e-05
3.11339e-05
3.11339e-05
3.11339e-05
3.11339e-05
3.11339e-05
3.11339e-05
3.11339e-05
3.11339e-05
3.11339e-05
3.11339e-05
3.11339e-05
3.11339e-05
3.11339e-05
3.11339e-05
3.11339e-05
3.11339e-05
3.11339e-05
3.11339e-05
3.11339e-05
3.11339e-05
3.11339e-05
3.11339e-05
3.11339e-05
3.11339e-05
3.11339e-05
3.11339e-05
3.11339e-05
3.11339e-05
3.11339e-05
3.11339e-05
3.11339e-05
3.11339e-05
3.11339e-05
3.11339e-05
3.11339e-05
3.11339e-05
3.11339e-05
3.11339e-05
3.11339e-05
3.11339e-05
3.11339e-05
3.11339e-05
3.11339e-05
3.11339e-05
3.11339e-05
3.11339e-05
3.11339e-05
3.11339e-05
3.11339e-05
3.11339e-05
3.11339e-05
3.11339e-05
3.11339e-05
3.11339e-05
3.11339e-05
3.11339e-05
3.11339e-05
3.11339e-05
3.11339e-05
3.11339e-05
3.11339e-05
3.11339e-05
3.11339e-05
3.11339e-05
3.11339e-05
3.11339e-05
3.11339e-05
3.11339e-05
3.11339e-05
3.11339e-05
3.11339e-05
3.11339e-05
3.11339e-05
3.11339e-05
3.11339e-05
3.11339e-05
3.11339e-05
3.11339e-05
3.11339e-05
3.11339e-05
3.11339e-05
3.11339e-05
3.11221e-05
3.11221e-05
3.11221e-05
3.11221e-05
3.11221e-05
3.11221e-05
3.11221e-05
3.11221e-05
3.11221e-05
3.11221e-05
3.11221e-05
3.11221e-05
3.11221e-05
3.11221e-05
3.11221e-05
3.11221e-05
3.11221e-05
3.11221e-05
3.11221e-05
3.11221e-05
3.11221e-05
3.11221e-05
3.11221e-05
3.11221e-05
3.11221e-05
3.11221e-05
3.11221e-05
3.11221e-05
3.11221e-05
3.11221e-05
3.11221e-05
3.11221e-05
3.11221e-05
3.11221e-05
3.11221e-05
3.11221e-05
3.11221e-05
3.11221e-05
3.11221e-05
3.11221e-05
3.11221e-05
3.11221e-05
3.11221e-05
3.11221e-05
3.11221e-05
3.11221e-05
3.11221e-05
3.11221e-05
3.11221e-05
3.11221e-05
3.11221e-05
3.11221e-05
3.11221e-05
3.11221e-05
3.11221e-05
3.11221e-05
3.11221e-05
3.11221e-05
3.11221e-05
3.11221e-05
3.11221e-05
3.11221e-05
3.11221e-05
3.11221e-05
3.11221e-05
3.11221e-05
3.11221e-05
3.11221e-05
3.11221e-05
3.11221e-05
3.11221e-05
3.11221e-05
3.11221e-05
3.11221e-05
3.11221e-05
3.11221e-05
3.11221e-05
3.11221e-05
3.11221e-05
3.11221e-05
3.11221e-05
3.11221e-05
3.11221e-05
3.11221e-05
3.11221e-05
3.11221e-05
3.11221e-05
3.11221e-05
3.11221e-05
3.11221e-05
3.11221e-05
3.11221e-05
3.11221e-05
3.11221e-05
3.11221e-05
3.11221e-05
3.11221e-05
3.11221e-05
3.11221e-05
3.11221e-05
3.11221e-05
3.11221e-05
3.11221e-05
3.11221e-05
3.11221e-05
3.11221e-05
3.11221e-05
3.11221e-05
3.11221e-05
3.11221e-05
3.11221e-05
3.11221e-05
3.11221e-05
3.11221e-05
3.11221e-05
3.11221e-05
3.11221e-05
3.11221e-05
3.11221e-05
3.11221e-05
3.11221e-05
3.11221e-05
3.11221e-05
3.11221e-05
3.11221e-05
3.11221e-05
3.11221e-05
3.11221e-05
3.11221e-05
3.11221e-05
3.11221e-05
3.11221e-05
3.11221e-05
3.11221e-05
3.11221e-05
3.11221e-05
3.11221e-05
3.11221e-05
3.11221e-05
3.11221e-05
3.11221e-05
3.11221e-05
3.11221e-05
3.11221e-05
3.11221e-05
3.11221e-05
3.11221e-05
3.11221e-05
3.11221e-05
3.11221e-05
3.11221e-05
3.11221e-05
3.11221e-05
3.11221e-05
3.11221e-05
3.11221e-05
3.11221e-05
3.11221e-05
3.11221e-05
3.11221e-05
3.11221e-05
3.11221e-05
3.11221e-05
3.11221e-05
3.11221e-05
3.11221e-05
3.11221e-05
3.11221e-05
3.11221e-05
3.11221e-05
3.11221e-05
3.11221e-05
3.11221e-05
3.11221e-05
3.11221e-05
3.11221e-05
3.11221e-05
3.11221e-05
3.11221e-05
3.11221e-05
3.11221e-05
3.11221e-05
3.11221e-05
3.11221e-05
3.11221e-05
3.11221e-05
3.11221e-05
3.11221e-05
3.11221e-05
3.11221e-05
3.11221e-05
3.11221e-05
3.11221e-05
3.11221e-05
3.11221e-05
3.11221e-05
3.11221e-05
3.11221e-05
3.11221e-05
3.11221e-05
3.11115e-05
3.11115e-05
3.11115e-05
3.11115e-05
3.11115e-05
3.11115e-05
3.11115e-05
3.11115e-05
3.11115e-05
3.11115e-05
3.11115e-05
3.11115e-05
3.11115e-05
3.11115e-05
3.11115e-05
3.11115e-05
3.11115e-05
3.11115e-05
3.11115e-05
3.11115e-05
3.11115e-05
3.11115e-05
3.11115e-05
3.11115e-05
3.11115e-05
3.11115e-05
3.11115e-05
3.11115e-05
3.11115e-05
3.11115e-05
3.11115e-05
3.11115e-05
3.11115e-05
3.11115e-05
3.11115e-05
3.11115e-05
3.11115e-05
3.11115e-05
3.11115e-05
3.11115e-05
3.11115e-05
3.11115e-05
3.11115e-05
3.11115e-05
3.11115e-05
3.11115e-05
3.11115e-05
3.11115e-05
3.11115e-05
3.11115e-05
3.11115e-05
3.11115e-05
3.11115e-05
3.11115e-05
3.11115e-05
3.11115e-05
3.11115e-05
3.11115e-05
3.11115e-05
3.11115e-05
3.11115e-05
3.11115e-05
3.11115e-05
3.11115e-05
3.11115e-05
3.11115e-05
3.11115e-05
3.11115e-05
3.11115e-05
3.11115e-05
3.11115e-05
3.11115e-05
3.11115e-05
3.11115e-05
3.11115e-05
3.11115e-05
3.11115e-05
3.11115e-05
3.11115e-05
3.11115e-05
3.11115e-05
3.11115e-05
3.11115e-05
3.11115e-05
3.11115e-05
3.11115e-05
3.11115e-05
3.11115e-05
3.11115e-05
3.11115e-05
3.11115e-05
3.11115e-05
3.11115e-05
3.11115e-05
3.11115e-05
3.11115e-05
3.11115e-05
3.11115e-05
3.11115e-05
3.11115e-05
3.11115e-05
3.11115e-05
3.11115e-05
3.11115e-05
3.11115e-05
3.11115e-05
3.11115e-05
3.11115e-05
3.11115e-05
3.11115e-05
3.11115e-05
3.11115e-05
3.11115e-05
3.11115e-05
3.11115e-05
3.11115e-05
3.11115e-05
3.11115e-05
3.11115e-05
3.11115e-05
3.11115e-05
3.11115e-05
3.11115e-05
3.11115e-05
3.11115e-05
3.11115e-05
3.11115e-05
3.11115e-05
3.11115e-05
3.11115e-05
3.11115e-05
3.11115e-05
3.11115e-05
3.11115e-05
3.11115e-05
3.11115e-05
3.11115e-05
3.11115e-05
3.11115e-05
3.11115e-05
3.11115e-05
3.11115e-05
3.11115e-05
3.11115e-05
3.11115e-05
3.11115e-05
3.11115e-05
3.11115e-05
3.11115e-05
3.11115e-05
3.11115e-05
3.11115e-05
3.11115e-05
3.11115e-05
3.11115e-05
3.11115e-05
3.11115e-05
3.11115e-05
3.11115e-05
3.11115e-05
3.11115e-05
3.11115e-05
3.11115e-05
3.11115e-05
3.11115e-05
3.11115e-05
3.11115e-05
3.11115e-05
3.11115e-05
3.11115e-05
3.11115e-05
3.11115e-05
3.11115e-05
3.11115e-05
3.11115e-05
3.11115e-05
3.11115e-05
3.11115e-05
3.11115e-05
3.11115e-05
3.11115e-05
3.11115e-05
3.11115e-05
3.11115e-05
3.11115e-05
3.11115e-05
3.11115e-05
3.11115e-05
3.11115e-05
3.11115e-05
3.11115e-05
3.11115e-05
3.11115e-05
3.11115e-05
3.11115e-05
3.11115e-05
3.11115e-05
3.11115e-05
3.11115e-05
3.11115e-05
3.1102e-05
3.1102e-05
3.1102e-05
3.1102e-05
3.1102e-05
3.1102e-05
3.1102e-05
3.1102e-05
3.1102e-05
3.1102e-05
3.1102e-05
3.1102e-05
3.1102e-05
3.1102e-05
3.1102e-05
3.1102e-05
3.1102e-05
3.1102e-05
3.1102e-05
3.1102e-05
3.1102e-05
3.1102e-05
3.1102e-05
3.1102e-05
3.1102e-05
3.1102e-05
3.1102e-05
3.1102e-05
3.1102e-05
3.1102e-05
3.1102e-05
3.1102e-05
3.1102e-05
3.1102e-05
3.1102e-05
3.1102e-05
3.1102e-05
3.1102e-05
3.1102e-05
3.1102e-05
3.1102e-05
3.1102e-05
3.1102e-05
3.1102e-05
3.1102e-05
3.1102e-05
3.1102e-05
3.1102e-05
3.1102e-05
3.1102e-05
3.1102e-05
3.1102e-05
3.1102e-05
3.1102e-05
3.1102e-05
3.1102e-05
3.1102e-05
3.1102e-05
3.1102e-05
3.1102e-05
3.1102e-05
3.1102e-05
3.1102e-05
3.1102e-05
3.1102e-05
3.1102e-05
3.1102e-05
3.1102e-05
3.1102e-05
3.1102e-05
3.1102e-05
3.1102e-05
3.1102e-05
3.1102e-05
3.1102e-05
3.1102e-05
3.1102e-05
3.1102e-05
3.1102e-05
3.1102e-05
3.1102e-05
3.1102e-05
3.1102e-05
3.1102e-05
3.1102e-05
3.1102e-05
3.1102e-05
3.1102e-05
3.1102e-05
3.1102e-05
3.1102e-05
3.1102e-05
3.1102e-05
3.1102e-05
3.1102e-05
3.1102e-05
3.1102e-05
3.1102e-05
3.1102e-05
3.1102e-05
3.1102e-05
3.1102e-05
3.1102e-05
3.1102e-05
3.1102e-05
3.1102e-05
3.1102e-05
3.1102e-05
3.1102e-05
3.1102e-05
3.1102e-05
3.1102e-05
3.1102e-05
3.1102e-05
3.1102e-05
3.1102e-05
3.1102e-05
3.1102e-05
3.1102e-05
3.1102e-05
3.1102e-05
3.1102e-05
3.1102e-05
3.1102e-05
3.1102e-05
3.1102e-05
3.1102e-05
3.1102e-05
3.1102e-05
3.1102e-05
3.1102e-05
3.1102e-05
3.1102e-05
3.1102e-05
3.1102e-05
3.1102e-05
3.1102e-05
3.1102e-05
3.1102e-05
3.1102e-05
3.1102e-05
3.1102e-05
3.1102e-05
3.1102e-05
3.1102e-05
3.1102e-05
3.1102e-05
3.1102e-05
3.1102e-05
3.1102e-05
3.1102e-05
3.1102e-05
3.1102e-05
3.1102e-05
3.1102e-05
3.1102e-05
3.1102e-05
3.1102e-05
3.1102e-05
3.1102e-05
3.1102e-05
3.1102e-05
3.1102e-05
3.1102e-05
3.1102e-05
3.1102e-05
3.1102e-05
3.1102e-05
3.1102e-05
3.1102e-05
3.1102e-05
3.1102e-05
3.1102e-05
3.1102e-05
3.1102e-05
3.1102e-05
3.1102e-05
3.1102e-05
3.1102e-05
3.1102e-05
3.1102e-05
3.1102e-05
3.1102e-05
3.1102e-05
3.1102e-05
3.1102e-05
3.1102e-05
3.1102e-05
3.1102e-05
3.1102e-05
3.1102e-05
3.1102e-05
3.1102e-05
3.1102e-05
3.1102e-05
3.1102e-05
3.1102e-05
3.1102e-05
3.1102e-05
3.1102e-05
3.10936e-05
3.10936e-05
3.10936e-05
3.10936e-05
3.10936e-05
3.10936e-05
3.10936e-05
3.10936e-05
3.10936e-05
3.10936e-05
3.10936e-05
3.10936e-05
3.10936e-05
3.10936e-05
3.10936e-05
3.10936e-05
3.10936e-05
3.10936e-05
3.10936e-05
3.10936e-05
3.10936e-05
3.10936e-05
3.10936e-05
3.10936e-05
3.10936e-05
3.10936e-05
3.10936e-05
3.10936e-05
3.10936e-05
3.10936e-05
3.10936e-05
3.10936e-05
3.10936e-05
3.10936e-05
3.10936e-05
3.10936e-05
3.10936e-05
3.10936e-05
3.10936e-05
3.10936e-05
3.10936e-05
3.10936e-05
3.10936e-05
3.10936e-05
3.10936e-05
3.10936e-05
3.10936e-05
3.10936e-05
3.10936e-05
3.10936e-05
3.10936e-05
3.10936e-05
3.10936e-05
3.10936e-05
3.10936e-05
3.10936e-05
3.10936e-05
3.10936e-05
3.10936e-05
3.10936e-05
3.10936e-05
3.10936e-05
3.10936e-05
3.10936e-05
3.10936e-05
3.10936e-05
3.10936e-05
3.10936e-05
3.10936e-05
3.10936e-05
3.10936e-05
3.10936e-05
3.10936e-05
3.10936e-05
3.10936e-05
3.10936e-05
3.10936e-05
3.10936e-05
3.10936e-05
3.10936e-05
3.10936e-05
3.10936e-05
3.10936e-05
3.10936e-05
3.10936e-05
3.10936e-05
3.10936e-05
3.10936e-05
3.10936e-05
3.10936e-05
3.10936e-05
3.10936e-05
3.10936e-05
3.10936e-05
3.10936e-05
3.10936e-05
3.10936e-05
3.10936e-05
3.10936e-05
3.10936e-05
3.10936e-05
3.10936e-05
3.10936e-05
3.10936e-05
3.10936e-05
3.10936e-05
3.10936e-05
3.10936e-05
3.10936e-05
3.10936e-05
3.10936e-05
3.10936e-05
3.10936e-05
3.10936e-05
3.10936e-05
3.10936e-05
3.10936e-05
3.10936e-05
3.10936e-05
3.10936e-05
3.10936e-05
3.10936e-05
3.10936e-05
3.10936e-05
3.10936e-05
3.10936e-05
3.10936e-05
3.10936e-05
3.10936e-05
3.10936e-05
3.10936e-05
3.10936e-05
3.10936e-05
3.10936e-05
3.10936e-05
3.10936e-05
3.10936e-05
3.10936e-05
3.10936e-05
3.10936e-05
3.10936e-05
3.10936e-05
3.10936e-05
3.10936e-05
3.10936e-05
3.10936e-05
3.10936e-05
3.10936e-05
3.10936e-05
3.10936e-05
3.10936e-05
3.10936e-05
3.10936e-05
3.10936e-05
3.10936e-05
3.10936e-05
3.10936e-05
3.10936e-05
3.10936e-05
3.10936e-05
3.10936e-05
3.10936e-05
3.10936e-05
3.10936e-05
3.10936e-05
3.10936e-05
3.10936e-05
3.10936e-05
3.10936e-05
3.10936e-05
3.10936e-05
3.10936e-05
3.10936e-05
3.10936e-05
3.10936e-05
3.10936e-05
3.10936e-05
3.10936e-05
3.10936e-05
3.10936e-05
3.10936e-05
3.10936e-05
3.10936e-05
3.10936e-05
3.10936e-05
3.10936e-05
3.10936e-05
3.10936e-05
3.10936e-05
3.10936e-05
3.10936e-05
3.10936e-05
3.10936e-05
3.10936e-05
3.10936e-05
3.10936e-05
3.10936e-05
3.10936e-05
3.10936e-05
3.10936e-05
3.10863e-05
3.10863e-05
3.10863e-05
3.10863e-05
3.10863e-05
3.10863e-05
3.10863e-05
3.10863e-05
3.10863e-05
3.10863e-05
3.10863e-05
3.10863e-05
3.10863e-05
3.10863e-05
3.10863e-05
3.10863e-05
3.10863e-05
3.10863e-05
3.10863e-05
3.10863e-05
3.10863e-05
3.10863e-05
3.10863e-05
3.10863e-05
3.10863e-05
3.10863e-05
3.10863e-05
3.10863e-05
3.10863e-05
3.10863e-05
3.10863e-05
3.10863e-05
3.10863e-05
3.10863e-05
3.10863e-05
3.10863e-05
3.10863e-05
3.10863e-05
3.10863e-05
3.10863e-05
3.10863e-05
3.10863e-05
3.10863e-05
3.10863e-05
3.10863e-05
3.10863e-05
3.10863e-05
3.10863e-05
3.10863e-05
3.10863e-05
3.10863e-05
3.10863e-05
3.10863e-05
3.10863e-05
3.10863e-05
3.10863e-05
3.10863e-05
3.10863e-05
3.10863e-05
3.10863e-05
3.10863e-05
3.10863e-05
3.10863e-05
3.10863e-05
3.10863e-05
3.10863e-05
3.10863e-05
3.10863e-05
3.10863e-05
3.10863e-05
3.10863e-05
3.10863e-05
3.10863e-05
3.10863e-05
3.10863e-05
3.10863e-05
3.10863e-05
3.10863e-05
3.10863e-05
3.10863e-05
3.10863e-05
3.10863e-05
3.10863e-05
3.10863e-05
3.10863e-05
3.10863e-05
3.10863e-05
3.10863e-05
3.10863e-05
3.10863e-05
3.10863e-05
3.10863e-05
3.10863e-05
3.10863e-05
3.10863e-05
3.10863e-05
3.10863e-05
3.10863e-05
3.10863e-05
3.10863e-05
3.10863e-05
3.10863e-05
3.10863e-05
3.10863e-05
3.10863e-05
3.10863e-05
3.10863e-05
3.10863e-05
3.10863e-05
3.10863e-05
3.10863e-05
3.10863e-05
3.10863e-05
3.10863e-05
3.10863e-05
3.10863e-05
3.10863e-05
3.10863e-05
3.10863e-05
3.10863e-05
3.10863e-05
3.10863e-05
3.10863e-05
3.10863e-05
3.10863e-05
3.10863e-05
3.10863e-05
3.10863e-05
3.10863e-05
3.10863e-05
3.10863e-05
3.10863e-05
3.10863e-05
3.10863e-05
3.10863e-05
3.10863e-05
3.10863e-05
3.10863e-05
3.10863e-05
3.10863e-05
3.10863e-05
3.10863e-05
3.10863e-05
3.10863e-05
3.10863e-05
3.10863e-05
3.10863e-05
3.10863e-05
3.10863e-05
3.10863e-05
3.10863e-05
3.10863e-05
3.10863e-05
3.10863e-05
3.10863e-05
3.10863e-05
3.10863e-05
3.10863e-05
3.10863e-05
3.10863e-05
3.10863e-05
3.10863e-05
3.10863e-05
3.10863e-05
3.10863e-05
3.10863e-05
3.10863e-05
3.10863e-05
3.10863e-05
3.10863e-05
3.10863e-05
3.10863e-05
3.10863e-05
3.10863e-05
3.10863e-05
3.10863e-05
3.10863e-05
3.10863e-05
3.10863e-05
3.10863e-05
3.10863e-05
3.10863e-05
3.10863e-05
3.10863e-05
3.10863e-05
3.10863e-05
3.10863e-05
3.10863e-05
3.10863e-05
3.10863e-05
3.10863e-05
3.10863e-05
3.10863e-05
3.10863e-05
3.10863e-05
3.10863e-05
3.10863e-05
3.10863e-05
3.10863e-05
3.10863e-05
3.10799e-05
3.10799e-05
3.10799e-05
3.10799e-05
3.10799e-05
3.10799e-05
3.10799e-05
3.10799e-05
3.10799e-05
3.10799e-05
3.10799e-05
3.10799e-05
3.10799e-05
3.10799e-05
3.10799e-05
3.10799e-05
3.10799e-05
3.10799e-05
3.10799e-05
3.10799e-05
3.10799e-05
3.10799e-05
3.10799e-05
3.10799e-05
3.10799e-05
3.10799e-05
3.10799e-05
3.10799e-05
3.10799e-05
3.10799e-05
3.10799e-05
3.10799e-05
3.10799e-05
3.10799e-05
3.10799e-05
3.10799e-05
3.10799e-05
3.10799e-05
3.10799e-05
3.10799e-05
3.10799e-05
3.10799e-05
3.10799e-05
3.10799e-05
3.10799e-05
3.10799e-05
3.10799e-05
3.10799e-05
3.10799e-05
3.10799e-05
3.10799e-05
3.10799e-05
3.10799e-05
3.10799e-05
3.10799e-05
3.10799e-05
3.10799e-05
3.10799e-05
3.10799e-05
3.10799e-05
3.10799e-05
3.10799e-05
3.10799e-05
3.10799e-05
3.10799e-05
3.10799e-05
3.10799e-05
3.10799e-05
3.10799e-05
3.10799e-05
3.10799e-05
3.10799e-05
3.10799e-05
3.10799e-05
3.10799e-05
3.10799e-05
3.10799e-05
3.10799e-05
3.10799e-05
3.10799e-05
3.10799e-05
3.10799e-05
3.10799e-05
3.10799e-05
3.10799e-05
3.10799e-05
3.10799e-05
3.10799e-05
3.10799e-05
3.10799e-05
3.10799e-05
3.10799e-05
3.10799e-05
3.10799e-05
3.10799e-05
3.10799e-05
3.10799e-05
3.10799e-05
3.10799e-05
3.10799e-05
3.10799e-05
3.10799e-05
3.10799e-05
3.10799e-05
3.10799e-05
3.10799e-05
3.10799e-05
3.10799e-05
3.10799e-05
3.10799e-05
3.10799e-05
3.10799e-05
3.10799e-05
3.10799e-05
3.10799e-05
3.10799e-05
3.10799e-05
3.10799e-05
3.10799e-05
3.10799e-05
3.10799e-05
3.10799e-05
3.10799e-05
3.10799e-05
3.10799e-05
3.10799e-05
3.10799e-05
3.10799e-05
3.10799e-05
3.10799e-05
3.10799e-05
3.10799e-05
3.10799e-05
3.10799e-05
3.10799e-05
3.10799e-05
3.10799e-05
3.10799e-05
3.10799e-05
3.10799e-05
3.10799e-05
3.10799e-05
3.10799e-05
3.10799e-05
3.10799e-05
3.10799e-05
3.10799e-05
3.10799e-05
3.10799e-05
3.10799e-05
3.10799e-05
3.10799e-05
3.10799e-05
3.10799e-05
3.10799e-05
3.10799e-05
3.10799e-05
3.10799e-05
3.10799e-05
3.10799e-05
3.10799e-05
3.10799e-05
3.10799e-05
3.10799e-05
3.10799e-05
3.10799e-05
3.10799e-05
3.10799e-05
3.10799e-05
3.10799e-05
3.10799e-05
3.10799e-05
3.10799e-05
3.10799e-05
3.10799e-05
3.10799e-05
3.10799e-05
3.10799e-05
3.10799e-05
3.10799e-05
3.10799e-05
3.10799e-05
3.10799e-05
3.10799e-05
3.10799e-05
3.10799e-05
3.10799e-05
3.10799e-05
3.10799e-05
3.10799e-05
3.10799e-05
3.10799e-05
3.10799e-05
3.10799e-05
3.10799e-05
3.10799e-05
3.10799e-05
3.10799e-05
3.10799e-05
3.10799e-05
3.10746e-05
3.10746e-05
3.10746e-05
3.10746e-05
3.10746e-05
3.10746e-05
3.10746e-05
3.10746e-05
3.10746e-05
3.10746e-05
3.10746e-05
3.10746e-05
3.10746e-05
3.10746e-05
3.10746e-05
3.10746e-05
3.10746e-05
3.10746e-05
3.10746e-05
3.10746e-05
3.10746e-05
3.10746e-05
3.10746e-05
3.10746e-05
3.10746e-05
3.10746e-05
3.10746e-05
3.10746e-05
3.10746e-05
3.10746e-05
3.10746e-05
3.10746e-05
3.10746e-05
3.10746e-05
3.10746e-05
3.10746e-05
3.10746e-05
3.10746e-05
3.10746e-05
3.10746e-05
3.10746e-05
3.10746e-05
3.10746e-05
3.10746e-05
3.10746e-05
3.10746e-05
3.10746e-05
3.10746e-05
3.10746e-05
3.10746e-05
3.10746e-05
3.10746e-05
3.10746e-05
3.10746e-05
3.10746e-05
3.10746e-05
3.10746e-05
3.10746e-05
3.10746e-05
3.10746e-05
3.10746e-05
3.10746e-05
3.10746e-05
3.10746e-05
3.10746e-05
3.10746e-05
3.10746e-05
3.10746e-05
3.10746e-05
3.10746e-05
3.10746e-05
3.10746e-05
3.10746e-05
3.10746e-05
3.10746e-05
3.10746e-05
3.10746e-05
3.10746e-05
3.10746e-05
3.10746e-05
3.10746e-05
3.10746e-05
3.10746e-05
3.10746e-05
3.10746e-05
3.10746e-05
3.10746e-05
3.10746e-05
3.10746e-05
3.10746e-05
3.10746e-05
3.10746e-05
3.10746e-05
3.10746e-05
3.10746e-05
3.10746e-05
3.10746e-05
3.10746e-05
3.10746e-05
3.10746e-05
3.10746e-05
3.10746e-05
3.10746e-05
3.10746e-05
3.10746e-05
3.10746e-05
3.10746e-05
3.10746e-05
3.10746e-05
3.10746e-05
3.10746e-05
3.10746e-05
3.10746e-05
3.10746e-05
3.10746e-05
3.10746e-05
3.10746e-05
3.10746e-05
3.10746e-05
3.10746e-05
3.10746e-05
3.10746e-05
3.10746e-05
3.10746e-05
3.10746e-05
3.10746e-05
3.10746e-05
3.10746e-05
3.10746e-05
3.10746e-05
3.10746e-05
3.10746e-05
3.10746e-05
3.10746e-05
3.10746e-05
3.10746e-05
3.10746e-05
3.10746e-05
3.10746e-05
3.10746e-05
3.10746e-05
3.10746e-05
3.10746e-05
3.10746e-05
3.10746e-05
3.10746e-05
3.10746e-05
3.10746e-05
3.10746e-05
3.10746e-05
3.10746e-05
3.10746e-05
3.10746e-05
3.10746e-05
3.10746e-05
3.10746e-05
3.10746e-05
3.10746e-05
3.10746e-05
3.10746e-05
3.10746e-05
3.10746e-05
3.10746e-05
3.10746e-05
3.10746e-05
3.10746e-05
3.10746e-05
3.10746e-05
3.10746e-05
3.10746e-05
3.10746e-05
3.10746e-05
3.10746e-05
3.10746e-05
3.10746e-05
3.10746e-05
3.10746e-05
3.10746e-05
3.10746e-05
3.10746e-05
3.10746e-05
3.10746e-05
3.10746e-05
3.10746e-05
3.10746e-05
3.10746e-05
3.10746e-05
3.10746e-05
3.10746e-05
3.10746e-05
3.10746e-05
3.10746e-05
3.10746e-05
3.10746e-05
3.10746e-05
3.10746e-05
3.10746e-05
3.10746e-05
3.10746e-05
3.10746e-05
3.10703e-05
3.10703e-05
3.10703e-05
3.10703e-05
3.10703e-05
3.10703e-05
3.10703e-05
3.10703e-05
3.10703e-05
3.10703e-05
3.10703e-05
3.10703e-05
3.10703e-05
3.10703e-05
3.10703e-05
3.10703e-05
3.10703e-05
3.10703e-05
3.10703e-05
3.10703e-05
3.10703e-05
3.10703e-05
3.10703e-05
3.10703e-05
3.10703e-05
3.10703e-05
3.10703e-05
3.10703e-05
3.10703e-05
3.10703e-05
3.10703e-05
3.10703e-05
3.10703e-05
3.10703e-05
3.10703e-05
3.10703e-05
3.10703e-05
3.10703e-05
3.10703e-05
3.10703e-05
3.10703e-05
3.10703e-05
3.10703e-05
3.10703e-05
3.10703e-05
3.10703e-05
3.10703e-05
3.10703e-05
3.10703e-05
3.10703e-05
3.10703e-05
3.10703e-05
3.10703e-05
3.10703e-05
3.10703e-05
3.10703e-05
3.10703e-05
3.10703e-05
3.10703e-05
3.10703e-05
3.10703e-05
3.10703e-05
3.10703e-05
3.10703e-05
3.10703e-05
3.10703e-05
3.10703e-05
3.10703e-05
3.10703e-05
3.10703e-05
3.10703e-05
3.10703e-05
3.10703e-05
3.10703e-05
3.10703e-05
3.10703e-05
3.10703e-05
3.10703e-05
3.10703e-05
3.10703e-05
3.10703e-05
3.10703e-05
3.10703e-05
3.10703e-05
3.10703e-05
3.10703e-05
3.10703e-05
3.10703e-05
3.10703e-05
3.10703e-05
3.10703e-05
3.10703e-05
3.10703e-05
3.10703e-05
3.10703e-05
3.10703e-05
3.10703e-05
3.10703e-05
3.10703e-05
3.10703e-05
3.10703e-05
3.10703e-05
3.10703e-05
3.10703e-05
3.10703e-05
3.10703e-05
3.10703e-05
3.10703e-05
3.10703e-05
3.10703e-05
3.10703e-05
3.10703e-05
3.10703e-05
3.10703e-05
3.10703e-05
3.10703e-05
3.10703e-05
3.10703e-05
3.10703e-05
3.10703e-05
3.10703e-05
3.10703e-05
3.10703e-05
3.10703e-05
3.10703e-05
3.10703e-05
3.10703e-05
3.10703e-05
3.10703e-05
3.10703e-05
3.10703e-05
3.10703e-05
3.10703e-05
3.10703e-05
3.10703e-05
3.10703e-05
3.10703e-05
3.10703e-05
3.10703e-05
3.10703e-05
3.10703e-05
3.10703e-05
3.10703e-05
3.10703e-05
3.10703e-05
3.10703e-05
3.10703e-05
3.10703e-05
3.10703e-05
3.10703e-05
3.10703e-05
3.10703e-05
3.10703e-05
3.10703e-05
3.10703e-05
3.10703e-05
3.10703e-05
3.10703e-05
3.10703e-05
3.10703e-05
3.10703e-05
3.10703e-05
3.10703e-05
3.10703e-05
3.10703e-05
3.10703e-05
3.10703e-05
3.10703e-05
3.10703e-05
3.10703e-05
3.10703e-05
3.10703e-05
3.10703e-05
3.10703e-05
3.10703e-05
3.10703e-05
3.10703e-05
3.10703e-05
3.10703e-05
3.10703e-05
3.10703e-05
3.10703e-05
3.10703e-05
3.10703e-05
3.10703e-05
3.10703e-05
3.10703e-05
3.10703e-05
3.10703e-05
3.10703e-05
3.10703e-05
3.10703e-05
3.10703e-05
3.10703e-05
3.10703e-05
3.10703e-05
3.10703e-05
3.10703e-05
3.10703e-05
3.10703e-05
3.1067e-05
3.1067e-05
3.1067e-05
3.1067e-05
3.1067e-05
3.1067e-05
3.1067e-05
3.1067e-05
3.1067e-05
3.1067e-05
3.1067e-05
3.1067e-05
3.1067e-05
3.1067e-05
3.1067e-05
3.1067e-05
3.1067e-05
3.1067e-05
3.1067e-05
3.1067e-05
3.1067e-05
3.1067e-05
3.1067e-05
3.1067e-05
3.1067e-05
3.1067e-05
3.1067e-05
3.1067e-05
3.1067e-05
3.1067e-05
3.1067e-05
3.1067e-05
3.1067e-05
3.1067e-05
3.1067e-05
3.1067e-05
3.1067e-05
3.1067e-05
3.1067e-05
3.1067e-05
3.1067e-05
3.1067e-05
3.1067e-05
3.1067e-05
3.1067e-05
3.1067e-05
3.1067e-05
3.1067e-05
3.1067e-05
3.1067e-05
3.1067e-05
3.1067e-05
3.1067e-05
3.1067e-05
3.1067e-05
3.1067e-05
3.1067e-05
3.1067e-05
3.1067e-05
3.1067e-05
3.1067e-05
3.1067e-05
3.1067e-05
3.1067e-05
3.1067e-05
3.1067e-05
3.1067e-05
3.1067e-05
3.1067e-05
3.1067e-05
3.1067e-05
3.1067e-05
3.1067e-05
3.1067e-05
3.1067e-05
3.1067e-05
3.1067e-05
3.1067e-05
3.1067e-05
3.1067e-05
3.1067e-05
3.1067e-05
3.1067e-05
3.1067e-05
3.1067e-05
3.1067e-05
3.1067e-05
3.1067e-05
3.1067e-05
3.1067e-05
3.1067e-05
3.1067e-05
3.1067e-05
3.1067e-05
3.1067e-05
3.1067e-05
3.1067e-05
3.1067e-05
3.1067e-05
3.1067e-05
3.1067e-05
3.1067e-05
3.1067e-05
3.1067e-05
3.1067e-05
3.1067e-05
3.1067e-05
3.1067e-05
3.1067e-05
3.1067e-05
3.1067e-05
3.1067e-05
3.1067e-05
3.1067e-05
3.1067e-05
3.1067e-05
3.1067e-05
3.1067e-05
3.1067e-05
3.1067e-05
3.1067e-05
3.1067e-05
3.1067e-05
3.1067e-05
3.1067e-05
3.1067e-05
3.1067e-05
3.1067e-05
3.1067e-05
3.1067e-05
3.1067e-05
3.1067e-05
3.1067e-05
3.1067e-05
3.1067e-05
3.1067e-05
3.1067e-05
3.1067e-05
3.1067e-05
3.1067e-05
3.1067e-05
3.1067e-05
3.1067e-05
3.1067e-05
3.1067e-05
3.1067e-05
3.1067e-05
3.1067e-05
3.1067e-05
3.1067e-05
3.1067e-05
3.1067e-05
3.1067e-05
3.1067e-05
3.1067e-05
3.1067e-05
3.1067e-05
3.1067e-05
3.1067e-05
3.1067e-05
3.1067e-05
3.1067e-05
3.1067e-05
3.1067e-05
3.1067e-05
3.1067e-05
3.1067e-05
3.1067e-05
3.1067e-05
3.1067e-05
3.1067e-05
3.1067e-05
3.1067e-05
3.1067e-05
3.1067e-05
3.1067e-05
3.1067e-05
3.1067e-05
3.1067e-05
3.1067e-05
3.1067e-05
3.1067e-05
3.1067e-05
3.1067e-05
3.1067e-05
3.1067e-05
3.1067e-05
3.1067e-05
3.1067e-05
3.1067e-05
3.1067e-05
3.1067e-05
3.1067e-05
3.1067e-05
3.1067e-05
3.1067e-05
3.1067e-05
3.1067e-05
3.1067e-05
3.1067e-05
3.10646e-05
3.10646e-05
3.10646e-05
3.10646e-05
3.10646e-05
3.10646e-05
3.10646e-05
3.10646e-05
3.10646e-05
3.10646e-05
3.10646e-05
3.10646e-05
3.10646e-05
3.10646e-05
3.10646e-05
3.10646e-05
3.10646e-05
3.10646e-05
3.10646e-05
3.10646e-05
3.10646e-05
3.10646e-05
3.10646e-05
3.10646e-05
3.10646e-05
3.10646e-05
3.10646e-05
3.10646e-05
3.10646e-05
3.10646e-05
3.10646e-05
3.10646e-05
3.10646e-05
3.10646e-05
3.10646e-05
3.10646e-05
3.10646e-05
3.10646e-05
3.10646e-05
3.10646e-05
3.10646e-05
3.10646e-05
3.10646e-05
3.10646e-05
3.10646e-05
3.10646e-05
3.10646e-05
3.10646e-05
3.10646e-05
3.10646e-05
3.10646e-05
3.10646e-05
3.10646e-05
3.10646e-05
3.10646e-05
3.10646e-05
3.10646e-05
3.10646e-05
3.10646e-05
3.10646e-05
3.10646e-05
3.10646e-05
3.10646e-05
3.10646e-05
3.10646e-05
3.10646e-05
3.10646e-05
3.10646e-05
3.10646e-05
3.10646e-05
3.10646e-05
3.10646e-05
3.10646e-05
3.10646e-05
3.10646e-05
3.10646e-05
3.10646e-05
3.10646e-05
3.10646e-05
3.10646e-05
3.10646e-05
3.10646e-05
3.10646e-05
3.10646e-05
3.10646e-05
3.10646e-05
3.10646e-05
3.10646e-05
3.10646e-05
3.10646e-05
3.10646e-05
3.10646e-05
3.10646e-05
3.10646e-05
3.10646e-05
3.10646e-05
3.10646e-05
3.10646e-05
3.10646e-05
3.10646e-05
3.10646e-05
3.10646e-05
3.10646e-05
3.10646e-05
3.10646e-05
3.10646e-05
3.10646e-05
3.10646e-05
3.10646e-05
3.10646e-05
3.10646e-05
3.10646e-05
3.10646e-05
3.10646e-05
3.10646e-05
3.10646e-05
3.10646e-05
3.10646e-05
3.10646e-05
3.10646e-05
3.10646e-05
3.10646e-05
3.10646e-05
3.10646e-05
3.10646e-05
3.10646e-05
3.10646e-05
3.10646e-05
3.10646e-05
3.10646e-05
3.10646e-05
3.10646e-05
3.10646e-05
3.10646e-05
3.10646e-05
3.10646e-05
3.10646e-05
3.10646e-05
3.10646e-05
3.10646e-05
3.10646e-05
3.10646e-05
3.10646e-05
3.10646e-05
3.10646e-05
3.10646e-05
3.10646e-05
3.10646e-05
3.10646e-05
3.10646e-05
3.10646e-05
3.10646e-05
3.10646e-05
3.10646e-05
3.10646e-05
3.10646e-05
3.10646e-05
3.10646e-05
3.10646e-05
3.10646e-05
3.10646e-05
3.10646e-05
3.10646e-05
3.10646e-05
3.10646e-05
3.10646e-05
3.10646e-05
3.10646e-05
3.10646e-05
3.10646e-05
3.10646e-05
3.10646e-05
3.10646e-05
3.10646e-05
3.10646e-05
3.10646e-05
3.10646e-05
3.10646e-05
3.10646e-05
3.10646e-05
3.10646e-05
3.10646e-05
3.10646e-05
3.10646e-05
3.10646e-05
3.10646e-05
3.10646e-05
3.10646e-05
3.10646e-05
3.10646e-05
3.10646e-05
3.10646e-05
3.10646e-05
3.10646e-05
3.10646e-05
3.10646e-05
3.10646e-05
3.10646e-05
3.10646e-05
3.10646e-05
3.10631e-05
3.10631e-05
3.10631e-05
3.10631e-05
3.10631e-05
3.10631e-05
3.10631e-05
3.10631e-05
3.10631e-05
3.10631e-05
3.10631e-05
3.10631e-05
3.10631e-05
3.10631e-05
3.10631e-05
3.10631e-05
3.10631e-05
3.10631e-05
3.10631e-05
3.10631e-05
3.10631e-05
3.10631e-05
3.10631e-05
3.10631e-05
3.10631e-05
3.10631e-05
3.10631e-05
3.10631e-05
3.10631e-05
3.10631e-05
3.10631e-05
3.10631e-05
3.10631e-05
3.10631e-05
3.10631e-05
3.10631e-05
3.10631e-05
3.10631e-05
3.10631e-05
3.10631e-05
3.10631e-05
3.10631e-05
3.10631e-05
3.10631e-05
3.10631e-05
3.10631e-05
3.10631e-05
3.10631e-05
3.10631e-05
3.10631e-05
3.10631e-05
3.10631e-05
3.10631e-05
3.10631e-05
3.10631e-05
3.10631e-05
3.10631e-05
3.10631e-05
3.10631e-05
3.10631e-05
3.10631e-05
3.10631e-05
3.10631e-05
3.10631e-05
3.10631e-05
3.10631e-05
3.10631e-05
3.10631e-05
3.10631e-05
3.10631e-05
3.10631e-05
3.10631e-05
3.10631e-05
3.10631e-05
3.10631e-05
3.10631e-05
3.10631e-05
3.10631e-05
3.10631e-05
3.10631e-05
3.10631e-05
3.10631e-05
3.10631e-05
3.10631e-05
3.10631e-05
3.10631e-05
3.10631e-05
3.10631e-05
3.10631e-05
3.10631e-05
3.10631e-05
3.10631e-05
3.10631e-05
3.10631e-05
3.10631e-05
3.10631e-05
3.10631e-05
3.10631e-05
3.10631e-05
3.10631e-05
3.10631e-05
3.10631e-05
3.10631e-05
3.10631e-05
3.10631e-05
3.10631e-05
3.10631e-05
3.10631e-05
3.10631e-05
3.10631e-05
3.10631e-05
3.10631e-05
3.10631e-05
3.10631e-05
3.10631e-05
3.10631e-05
3.10631e-05
3.10631e-05
3.10631e-05
3.10631e-05
3.10631e-05
3.10631e-05
3.10631e-05
3.10631e-05
3.10631e-05
3.10631e-05
3.10631e-05
3.10631e-05
3.10631e-05
3.10631e-05
3.10631e-05
3.10631e-05
3.10631e-05
3.10631e-05
3.10631e-05
3.10631e-05
3.10631e-05
3.10631e-05
3.10631e-05
3.10631e-05
3.10631e-05
3.10631e-05
3.10631e-05
3.10631e-05
3.10631e-05
3.10631e-05
3.10631e-05
3.10631e-05
3.10631e-05
3.10631e-05
3.10631e-05
3.10631e-05
3.10631e-05
3.10631e-05
3.10631e-05
3.10631e-05
3.10631e-05
3.10631e-05
3.10631e-05
3.10631e-05
3.10631e-05
3.10631e-05
3.10631e-05
3.10631e-05
3.10631e-05
3.10631e-05
3.10631e-05
3.10631e-05
3.10631e-05
3.10631e-05
3.10631e-05
3.10631e-05
3.10631e-05
3.10631e-05
3.10631e-05
3.10631e-05
3.10631e-05
3.10631e-05
3.10631e-05
3.10631e-05
3.10631e-05
3.10631e-05
3.10631e-05
3.10631e-05
3.10631e-05
3.10631e-05
3.10631e-05
3.10631e-05
3.10631e-05
3.10631e-05
3.10631e-05
3.10631e-05
3.10631e-05
3.10631e-05
3.10631e-05
3.10631e-05
3.10631e-05
3.10631e-05
3.10631e-05
3.10631e-05
3.10626e-05
3.10626e-05
3.10626e-05
3.10626e-05
3.10626e-05
3.10626e-05
3.10626e-05
3.10626e-05
3.10626e-05
3.10626e-05
3.10626e-05
3.10626e-05
3.10626e-05
3.10626e-05
3.10626e-05
3.10626e-05
3.10626e-05
3.10626e-05
3.10626e-05
3.10626e-05
3.10626e-05
3.10626e-05
3.10626e-05
3.10626e-05
3.10626e-05
3.10626e-05
3.10626e-05
3.10626e-05
3.10626e-05
3.10626e-05
3.10626e-05
3.10626e-05
3.10626e-05
3.10626e-05
3.10626e-05
3.10626e-05
3.10626e-05
3.10626e-05
3.10626e-05
3.10626e-05
3.10626e-05
3.10626e-05
3.10626e-05
3.10626e-05
3.10626e-05
3.10626e-05
3.10626e-05
3.10626e-05
3.10626e-05
3.10626e-05
3.10626e-05
3.10626e-05
3.10626e-05
3.10626e-05
3.10626e-05
3.10626e-05
3.10626e-05
3.10626e-05
3.10626e-05
3.10626e-05
3.10626e-05
3.10626e-05
3.10626e-05
3.10626e-05
3.10626e-05
3.10626e-05
3.10626e-05
3.10626e-05
3.10626e-05
3.10626e-05
3.10626e-05
3.10626e-05
3.10626e-05
3.10626e-05
3.10626e-05
3.10626e-05
3.10626e-05
3.10626e-05
3.10626e-05
3.10626e-05
3.10626e-05
3.10626e-05
3.10626e-05
3.10626e-05
3.10626e-05
3.10626e-05
3.10626e-05
3.10626e-05
3.10626e-05
3.10626e-05
3.10626e-05
3.10626e-05
3.10626e-05
3.10626e-05
3.10626e-05
3.10626e-05
3.10626e-05
3.10626e-05
3.10626e-05
3.10626e-05
3.10626e-05
3.10626e-05
3.10626e-05
3.10626e-05
3.10626e-05
3.10626e-05
3.10626e-05
3.10626e-05
3.10626e-05
3.10626e-05
3.10626e-05
3.10626e-05
3.10626e-05
3.10626e-05
3.10626e-05
3.10626e-05
3.10626e-05
3.10626e-05
3.10626e-05
3.10626e-05
3.10626e-05
3.10626e-05
3.10626e-05
3.10626e-05
3.10626e-05
3.10626e-05
3.10626e-05
3.10626e-05
3.10626e-05
3.10626e-05
3.10626e-05
3.10626e-05
3.10626e-05
3.10626e-05
3.10626e-05
3.10626e-05
3.10626e-05
3.10626e-05
3.10626e-05
3.10626e-05
3.10626e-05
3.10626e-05
3.10626e-05
3.10626e-05
3.10626e-05
3.10626e-05
3.10626e-05
3.10626e-05
3.10626e-05
3.10626e-05
3.10626e-05
3.10626e-05
3.10626e-05
3.10626e-05
3.10626e-05
3.10626e-05
3.10626e-05
3.10626e-05
3.10626e-05
3.10626e-05
3.10626e-05
3.10626e-05
3.10626e-05
3.10626e-05
3.10626e-05
3.10626e-05
3.10626e-05
3.10626e-05
3.10626e-05
3.10626e-05
3.10626e-05
3.10626e-05
3.10626e-05
3.10626e-05
3.10626e-05
3.10626e-05
3.10626e-05
3.10626e-05
3.10626e-05
3.10626e-05
3.10626e-05
3.10626e-05
3.10626e-05
3.10626e-05
3.10626e-05
3.10626e-05
3.10626e-05
3.10626e-05
3.10626e-05
3.10626e-05
3.10626e-05
3.10626e-05
3.10626e-05
3.10626e-05
3.10626e-05
3.10626e-05
3.10626e-05
3.10626e-05
3.10626e-05
3.10626e-05
3.10629e-05
3.10629e-05
3.10629e-05
3.10629e-05
3.10629e-05
3.10629e-05
3.10629e-05
3.10629e-05
3.10629e-05
3.10629e-05
3.10629e-05
3.10629e-05
3.10629e-05
3.10629e-05
3.10629e-05
3.10629e-05
3.10629e-05
3.10629e-05
3.10629e-05
3.10629e-05
3.10629e-05
3.10629e-05
3.10629e-05
3.10629e-05
3.10629e-05
3.10629e-05
3.10629e-05
3.10629e-05
3.10629e-05
3.10629e-05
3.10629e-05
3.10629e-05
3.10629e-05
3.10629e-05
3.10629e-05
3.10629e-05
3.10629e-05
3.10629e-05
3.10629e-05
3.10629e-05
3.10629e-05
3.10629e-05
3.10629e-05
3.10629e-05
3.10629e-05
3.10629e-05
3.10629e-05
3.10629e-05
3.10629e-05
3.10629e-05
3.10629e-05
3.10629e-05
3.10629e-05
3.10629e-05
3.10629e-05
3.10629e-05
3.10629e-05
3.10629e-05
3.10629e-05
3.10629e-05
3.10629e-05
3.10629e-05
3.10629e-05
3.10629e-05
3.10629e-05
3.10629e-05
3.10629e-05
3.10629e-05
3.10629e-05
3.10629e-05
3.10629e-05
3.10629e-05
3.10629e-05
3.10629e-05
3.10629e-05
3.10629e-05
3.10629e-05
3.10629e-05
3.10629e-05
3.10629e-05
3.10629e-05
3.10629e-05
3.10629e-05
3.10629e-05
3.10629e-05
3.10629e-05
3.10629e-05
3.10629e-05
3.10629e-05
3.10629e-05
3.10629e-05
3.10629e-05
3.10629e-05
3.10629e-05
3.10629e-05
3.10629e-05
3.10629e-05
3.10629e-05
3.10629e-05
3.10629e-05
3.10629e-05
3.10629e-05
3.10629e-05
3.10629e-05
3.10629e-05
3.10629e-05
3.10629e-05
3.10629e-05
3.10629e-05
3.10629e-05
3.10629e-05
3.10629e-05
3.10629e-05
3.10629e-05
3.10629e-05
3.10629e-05
3.10629e-05
3.10629e-05
3.10629e-05
3.10629e-05
3.10629e-05
3.10629e-05
3.10629e-05
3.10629e-05
3.10629e-05
3.10629e-05
3.10629e-05
3.10629e-05
3.10629e-05
3.10629e-05
3.10629e-05
3.10629e-05
3.10629e-05
3.10629e-05
3.10629e-05
3.10629e-05
3.10629e-05
3.10629e-05
3.10629e-05
3.10629e-05
3.10629e-05
3.10629e-05
3.10629e-05
3.10629e-05
3.10629e-05
3.10629e-05
3.10629e-05
3.10629e-05
3.10629e-05
3.10629e-05
3.10629e-05
3.10629e-05
3.10629e-05
3.10629e-05
3.10629e-05
3.10629e-05
3.10629e-05
3.10629e-05
3.10629e-05
3.10629e-05
3.10629e-05
3.10629e-05
3.10629e-05
3.10629e-05
3.10629e-05
3.10629e-05
3.10629e-05
3.10629e-05
3.10629e-05
3.10629e-05
3.10629e-05
3.10629e-05
3.10629e-05
3.10629e-05
3.10629e-05
3.10629e-05
3.10629e-05
3.10629e-05
3.10629e-05
3.10629e-05
3.10629e-05
3.10629e-05
3.10629e-05
3.10629e-05
3.10629e-05
3.10629e-05
3.10629e-05
3.10629e-05
3.10629e-05
3.10629e-05
3.10629e-05
3.10629e-05
3.10629e-05
3.10629e-05
3.10629e-05
3.10629e-05
3.10629e-05
3.10629e-05
3.10629e-05
3.10629e-05
3.10642e-05
3.10642e-05
3.10642e-05
3.10642e-05
3.10642e-05
3.10642e-05
3.10642e-05
3.10642e-05
3.10642e-05
3.10642e-05
3.10642e-05
3.10642e-05
3.10642e-05
3.10642e-05
3.10642e-05
3.10642e-05
3.10642e-05
3.10642e-05
3.10642e-05
3.10642e-05
3.10642e-05
3.10642e-05
3.10642e-05
3.10642e-05
3.10642e-05
3.10642e-05
3.10642e-05
3.10642e-05
3.10642e-05
3.10642e-05
3.10642e-05
3.10642e-05
3.10642e-05
3.10642e-05
3.10642e-05
3.10642e-05
3.10642e-05
3.10642e-05
3.10642e-05
3.10642e-05
3.10642e-05
3.10642e-05
3.10642e-05
3.10642e-05
3.10642e-05
3.10642e-05
3.10642e-05
3.10642e-05
3.10642e-05
3.10642e-05
3.10642e-05
3.10642e-05
3.10642e-05
3.10642e-05
3.10642e-05
3.10642e-05
3.10642e-05
3.10642e-05
3.10642e-05
3.10642e-05
3.10642e-05
3.10642e-05
3.10642e-05
3.10642e-05
3.10642e-05
3.10642e-05
3.10642e-05
3.10642e-05
3.10642e-05
3.10642e-05
3.10642e-05
3.10642e-05
3.10642e-05
3.10642e-05
3.10642e-05
3.10642e-05
3.10642e-05
3.10642e-05
3.10642e-05
3.10642e-05
3.10642e-05
3.10642e-05
3.10642e-05
3.10642e-05
3.10642e-05
3.10642e-05
3.10642e-05
3.10642e-05
3.10642e-05
3.10642e-05
3.10642e-05
3.10642e-05
3.10642e-05
3.10642e-05
3.10642e-05
3.10642e-05
3.10642e-05
3.10642e-05
3.10642e-05
3.10642e-05
3.10642e-05
3.10642e-05
3.10642e-05
3.10642e-05
3.10642e-05
3.10642e-05
3.10642e-05
3.10642e-05
3.10642e-05
3.10642e-05
3.10642e-05
3.10642e-05
3.10642e-05
3.10642e-05
3.10642e-05
3.10642e-05
3.10642e-05
3.10642e-05
3.10642e-05
3.10642e-05
3.10642e-05
3.10642e-05
3.10642e-05
3.10642e-05
3.10642e-05
3.10642e-05
3.10642e-05
3.10642e-05
3.10642e-05
3.10642e-05
3.10642e-05
3.10642e-05
3.10642e-05
3.10642e-05
3.10642e-05
3.10642e-05
3.10642e-05
3.10642e-05
3.10642e-05
3.10642e-05
3.10642e-05
3.10642e-05
3.10642e-05
3.10642e-05
3.10642e-05
3.10642e-05
3.10642e-05
3.10642e-05
3.10642e-05
3.10642e-05
3.10642e-05
3.10642e-05
3.10642e-05
3.10642e-05
3.10642e-05
3.10642e-05
3.10642e-05
3.10642e-05
3.10642e-05
3.10642e-05
3.10642e-05
3.10642e-05
3.10642e-05
3.10642e-05
3.10642e-05
3.10642e-05
3.10642e-05
3.10642e-05
3.10642e-05
3.10642e-05
3.10642e-05
3.10642e-05
3.10642e-05
3.10642e-05
3.10642e-05
3.10642e-05
3.10642e-05
3.10642e-05
3.10642e-05
3.10642e-05
3.10642e-05
3.10642e-05
3.10642e-05
3.10642e-05
3.10642e-05
3.10642e-05
3.10642e-05
3.10642e-05
3.10642e-05
3.10642e-05
3.10642e-05
3.10642e-05
3.10642e-05
3.10642e-05
3.10642e-05
3.10642e-05
3.10642e-05
3.10642e-05
3.10642e-05
3.10642e-05
3.10663e-05
3.10663e-05
3.10663e-05
3.10663e-05
3.10663e-05
3.10663e-05
3.10663e-05
3.10663e-05
3.10663e-05
3.10663e-05
3.10663e-05
3.10663e-05
3.10663e-05
3.10663e-05
3.10663e-05
3.10663e-05
3.10663e-05
3.10663e-05
3.10663e-05
3.10663e-05
3.10663e-05
3.10663e-05
3.10663e-05
3.10663e-05
3.10663e-05
3.10663e-05
3.10663e-05
3.10663e-05
3.10663e-05
3.10663e-05
3.10663e-05
3.10663e-05
3.10663e-05
3.10663e-05
3.10663e-05
3.10663e-05
3.10663e-05
3.10663e-05
3.10663e-05
3.10663e-05
3.10663e-05
3.10663e-05
3.10663e-05
3.10663e-05
3.10663e-05
3.10663e-05
3.10663e-05
3.10663e-05
3.10663e-05
3.10663e-05
3.10663e-05
3.10663e-05
3.10663e-05
3.10663e-05
3.10663e-05
3.10663e-05
3.10663e-05
3.10663e-05
3.10663e-05
3.10663e-05
3.10663e-05
3.10663e-05
3.10663e-05
3.10663e-05
3.10663e-05
3.10663e-05
3.10663e-05
3.10663e-05
3.10663e-05
3.10663e-05
3.10663e-05
3.10663e-05
3.10663e-05
3.10663e-05
3.10663e-05
3.10663e-05
3.10663e-05
3.10663e-05
3.10663e-05
3.10663e-05
3.10663e-05
3.10663e-05
3.10663e-05
3.10663e-05
3.10663e-05
3.10663e-05
3.10663e-05
3.10663e-05
3.10663e-05
3.10663e-05
3.10663e-05
3.10663e-05
3.10663e-05
3.10663e-05
3.10663e-05
3.10663e-05
3.10663e-05
3.10663e-05
3.10663e-05
3.10663e-05
3.10663e-05
3.10663e-05
3.10663e-05
3.10663e-05
3.10663e-05
3.10663e-05
3.10663e-05
3.10663e-05
3.10663e-05
3.10663e-05
3.10663e-05
3.10663e-05
3.10663e-05
3.10663e-05
3.10663e-05
3.10663e-05
3.10663e-05
3.10663e-05
3.10663e-05
3.10663e-05
3.10663e-05
3.10663e-05
3.10663e-05
3.10663e-05
3.10663e-05
3.10663e-05
3.10663e-05
3.10663e-05
3.10663e-05
3.10663e-05
3.10663e-05
3.10663e-05
3.10663e-05
3.10663e-05
3.10663e-05
3.10663e-05
3.10663e-05
3.10663e-05
3.10663e-05
3.10663e-05
3.10663e-05
3.10663e-05
3.10663e-05
3.10663e-05
3.10663e-05
3.10663e-05
3.10663e-05
3.10663e-05
3.10663e-05
3.10663e-05
3.10663e-05
3.10663e-05
3.10663e-05
3.10663e-05
3.10663e-05
3.10663e-05
3.10663e-05
3.10663e-05
3.10663e-05
3.10663e-05
3.10663e-05
3.10663e-05
3.10663e-05
3.10663e-05
3.10663e-05
3.10663e-05
3.10663e-05
3.10663e-05
3.10663e-05
3.10663e-05
3.10663e-05
3.10663e-05
3.10663e-05
3.10663e-05
3.10663e-05
3.10663e-05
3.10663e-05
3.10663e-05
3.10663e-05
3.10663e-05
3.10663e-05
3.10663e-05
3.10663e-05
3.10663e-05
3.10663e-05
3.10663e-05
3.10663e-05
3.10663e-05
3.10663e-05
3.10663e-05
3.10663e-05
3.10663e-05
3.10663e-05
3.10663e-05
3.10663e-05
3.10663e-05
3.10663e-05
3.10663e-05
3.10663e-05
3.10663e-05
3.10692e-05
3.10692e-05
3.10692e-05
3.10692e-05
3.10692e-05
3.10692e-05
3.10692e-05
3.10692e-05
3.10692e-05
3.10692e-05
3.10692e-05
3.10692e-05
3.10692e-05
3.10692e-05
3.10692e-05
3.10692e-05
3.10692e-05
3.10692e-05
3.10692e-05
3.10692e-05
3.10692e-05
3.10692e-05
3.10692e-05
3.10692e-05
3.10692e-05
3.10692e-05
3.10692e-05
3.10692e-05
3.10692e-05
3.10692e-05
3.10692e-05
3.10692e-05
3.10692e-05
3.10692e-05
3.10692e-05
3.10692e-05
3.10692e-05
3.10692e-05
3.10692e-05
3.10692e-05
3.10692e-05
3.10692e-05
3.10692e-05
3.10692e-05
3.10692e-05
3.10692e-05
3.10692e-05
3.10692e-05
3.10692e-05
3.10692e-05
3.10692e-05
3.10692e-05
3.10692e-05
3.10692e-05
3.10692e-05
3.10692e-05
3.10692e-05
3.10692e-05
3.10692e-05
3.10692e-05
3.10692e-05
3.10692e-05
3.10692e-05
3.10692e-05
3.10692e-05
3.10692e-05
3.10692e-05
3.10692e-05
3.10692e-05
3.10692e-05
3.10692e-05
3.10692e-05
3.10692e-05
3.10692e-05
3.10692e-05
3.10692e-05
3.10692e-05
3.10692e-05
3.10692e-05
3.10692e-05
3.10692e-05
3.10692e-05
3.10692e-05
3.10692e-05
3.10692e-05
3.10692e-05
3.10692e-05
3.10692e-05
3.10692e-05
3.10692e-05
3.10692e-05
3.10692e-05
3.10692e-05
3.10692e-05
3.10692e-05
3.10692e-05
3.10692e-05
3.10692e-05
3.10692e-05
3.10692e-05
3.10692e-05
3.10692e-05
3.10692e-05
3.10692e-05
3.10692e-05
3.10692e-05
3.10692e-05
3.10692e-05
3.10692e-05
3.10692e-05
3.10692e-05
3.10692e-05
3.10692e-05
3.10692e-05
3.10692e-05
3.10692e-05
3.10692e-05
3.10692e-05
3.10692e-05
3.10692e-05
3.10692e-05
3.10692e-05
3.10692e-05
3.10692e-05
3.10692e-05
3.10692e-05
3.10692e-05
3.10692e-05
3.10692e-05
3.10692e-05
3.10692e-05
3.10692e-05
3.10692e-05
3.10692e-05
3.10692e-05
3.10692e-05
3.10692e-05
3.10692e-05
3.10692e-05
3.10692e-05
3.10692e-05
3.10692e-05
3.10692e-05
3.10692e-05
3.10692e-05
3.10692e-05
3.10692e-05
3.10692e-05
3.10692e-05
3.10692e-05
3.10692e-05
3.10692e-05
3.10692e-05
3.10692e-05
3.10692e-05
3.10692e-05
3.10692e-05
3.10692e-05
3.10692e-05
3.10692e-05
3.10692e-05
3.10692e-05
3.10692e-05
3.10692e-05
3.10692e-05
3.10692e-05
3.10692e-05
3.10692e-05
3.10692e-05
3.10692e-05
3.10692e-05
3.10692e-05
3.10692e-05
3.10692e-05
3.10692e-05
3.10692e-05
3.10692e-05
3.10692e-05
3.10692e-05
3.10692e-05
3.10692e-05
3.10692e-05
3.10692e-05
3.10692e-05
3.10692e-05
3.10692e-05
3.10692e-05
3.10692e-05
3.10692e-05
3.10692e-05
3.10692e-05
3.10692e-05
3.10692e-05
3.10692e-05
3.10692e-05
3.10692e-05
3.10692e-05
3.10692e-05
3.10692e-05
3.10692e-05
3.10728e-05
3.10728e-05
3.10728e-05
3.10728e-05
3.10728e-05
3.10728e-05
3.10728e-05
3.10728e-05
3.10728e-05
3.10728e-05
3.10728e-05
3.10728e-05
3.10728e-05
3.10728e-05
3.10728e-05
3.10728e-05
3.10728e-05
3.10728e-05
3.10728e-05
3.10728e-05
3.10728e-05
3.10728e-05
3.10728e-05
3.10728e-05
3.10728e-05
3.10728e-05
3.10728e-05
3.10728e-05
3.10728e-05
3.10728e-05
3.10728e-05
3.10728e-05
3.10728e-05
3.10728e-05
3.10728e-05
3.10728e-05
3.10728e-05
3.10728e-05
3.10728e-05
3.10728e-05
3.10728e-05
3.10728e-05
3.10728e-05
3.10728e-05
3.10728e-05
3.10728e-05
3.10728e-05
3.10728e-05
3.10728e-05
3.10728e-05
3.10728e-05
3.10728e-05
3.10728e-05
3.10728e-05
3.10728e-05
3.10728e-05
3.10728e-05
3.10728e-05
3.10728e-05
3.10728e-05
3.10728e-05
3.10728e-05
3.10728e-05
3.10728e-05
3.10728e-05
3.10728e-05
3.10728e-05
3.10728e-05
3.10728e-05
3.10728e-05
3.10728e-05
3.10728e-05
3.10728e-05
3.10728e-05
3.10728e-05
3.10728e-05
3.10728e-05
3.10728e-05
3.10728e-05
3.10728e-05
3.10728e-05
3.10728e-05
3.10728e-05
3.10728e-05
3.10728e-05
3.10728e-05
3.10728e-05
3.10728e-05
3.10728e-05
3.10728e-05
3.10728e-05
3.10728e-05
3.10728e-05
3.10728e-05
3.10728e-05
3.10728e-05
3.10728e-05
3.10728e-05
3.10728e-05
3.10728e-05
3.10728e-05
3.10728e-05
3.10728e-05
3.10728e-05
3.10728e-05
3.10728e-05
3.10728e-05
3.10728e-05
3.10728e-05
3.10728e-05
3.10728e-05
3.10728e-05
3.10728e-05
3.10728e-05
3.10728e-05
3.10728e-05
3.10728e-05
3.10728e-05
3.10728e-05
3.10728e-05
3.10728e-05
3.10728e-05
3.10728e-05
3.10728e-05
3.10728e-05
3.10728e-05
3.10728e-05
3.10728e-05
3.10728e-05
3.10728e-05
3.10728e-05
3.10728e-05
3.10728e-05
3.10728e-05
3.10728e-05
3.10728e-05
3.10728e-05
3.10728e-05
3.10728e-05
3.10728e-05
3.10728e-05
3.10728e-05
3.10728e-05
3.10728e-05
3.10728e-05
3.10728e-05
3.10728e-05
3.10728e-05
3.10728e-05
3.10728e-05
3.10728e-05
3.10728e-05
3.10728e-05
3.10728e-05
3.10728e-05
3.10728e-05
3.10728e-05
3.10728e-05
3.10728e-05
3.10728e-05
3.10728e-05
3.10728e-05
3.10728e-05
3.10728e-05
3.10728e-05
3.10728e-05
3.10728e-05
3.10728e-05
3.10728e-05
3.10728e-05
3.10728e-05
3.10728e-05
3.10728e-05
3.10728e-05
3.10728e-05
3.10728e-05
3.10728e-05
3.10728e-05
3.10728e-05
3.10728e-05
3.10728e-05
3.10728e-05
3.10728e-05
3.10728e-05
3.10728e-05
3.10728e-05
3.10728e-05
3.10728e-05
3.10728e-05
3.10728e-05
3.10728e-05
3.10728e-05
3.10728e-05
3.10728e-05
3.10728e-05
3.10728e-05
3.10728e-05
3.10728e-05
3.10728e-05
3.10728e-05
3.10772e-05
3.10772e-05
3.10772e-05
3.10772e-05
3.10772e-05
3.10772e-05
3.10772e-05
3.10772e-05
3.10772e-05
3.10772e-05
3.10772e-05
3.10772e-05
3.10772e-05
3.10772e-05
3.10772e-05
3.10772e-05
3.10772e-05
3.10772e-05
3.10772e-05
3.10772e-05
3.10772e-05
3.10772e-05
3.10772e-05
3.10772e-05
3.10772e-05
3.10772e-05
3.10772e-05
3.10772e-05
3.10772e-05
3.10772e-05
3.10772e-05
3.10772e-05
3.10772e-05
3.10772e-05
3.10772e-05
3.10772e-05
3.10772e-05
3.10772e-05
3.10772e-05
3.10772e-05
3.10772e-05
3.10772e-05
3.10772e-05
3.10772e-05
3.10772e-05
3.10772e-05
3.10772e-05
3.10772e-05
3.10772e-05
3.10772e-05
3.10772e-05
3.10772e-05
3.10772e-05
3.10772e-05
3.10772e-05
3.10772e-05
3.10772e-05
3.10772e-05
3.10772e-05
3.10772e-05
3.10772e-05
3.10772e-05
3.10772e-05
3.10772e-05
3.10772e-05
3.10772e-05
3.10772e-05
3.10772e-05
3.10772e-05
3.10772e-05
3.10772e-05
3.10772e-05
3.10772e-05
3.10772e-05
3.10772e-05
3.10772e-05
3.10772e-05
3.10772e-05
3.10772e-05
3.10772e-05
3.10772e-05
3.10772e-05
3.10772e-05
3.10772e-05
3.10772e-05
3.10772e-05
3.10772e-05
3.10772e-05
3.10772e-05
3.10772e-05
3.10772e-05
3.10772e-05
3.10772e-05
3.10772e-05
3.10772e-05
3.10772e-05
3.10772e-05
3.10772e-05
3.10772e-05
3.10772e-05
3.10772e-05
3.10772e-05
3.10772e-05
3.10772e-05
3.10772e-05
3.10772e-05
3.10772e-05
3.10772e-05
3.10772e-05
3.10772e-05
3.10772e-05
3.10772e-05
3.10772e-05
3.10772e-05
3.10772e-05
3.10772e-05
3.10772e-05
3.10772e-05
3.10772e-05
3.10772e-05
3.10772e-05
3.10772e-05
3.10772e-05
3.10772e-05
3.10772e-05
3.10772e-05
3.10772e-05
3.10772e-05
3.10772e-05
3.10772e-05
3.10772e-05
3.10772e-05
3.10772e-05
3.10772e-05
3.10772e-05
3.10772e-05
3.10772e-05
3.10772e-05
3.10772e-05
3.10772e-05
3.10772e-05
3.10772e-05
3.10772e-05
3.10772e-05
3.10772e-05
3.10772e-05
3.10772e-05
3.10772e-05
3.10772e-05
3.10772e-05
3.10772e-05
3.10772e-05
3.10772e-05
3.10772e-05
3.10772e-05
3.10772e-05
3.10772e-05
3.10772e-05
3.10772e-05
3.10772e-05
3.10772e-05
3.10772e-05
3.10772e-05
3.10772e-05
3.10772e-05
3.10772e-05
3.10772e-05
3.10772e-05
3.10772e-05
3.10772e-05
3.10772e-05
3.10772e-05
3.10772e-05
3.10772e-05
3.10772e-05
3.10772e-05
3.10772e-05
3.10772e-05
3.10772e-05
3.10772e-05
3.10772e-05
3.10772e-05
3.10772e-05
3.10772e-05
3.10772e-05
3.10772e-05
3.10772e-05
3.10772e-05
3.10772e-05
3.10772e-05
3.10772e-05
3.10772e-05
3.10772e-05
3.10772e-05
3.10772e-05
3.10772e-05
3.10772e-05
3.10772e-05
3.10772e-05
3.10772e-05
3.10822e-05
3.10822e-05
3.10822e-05
3.10822e-05
3.10822e-05
3.10822e-05
3.10822e-05
3.10822e-05
3.10822e-05
3.10822e-05
3.10822e-05
3.10822e-05
3.10822e-05
3.10822e-05
3.10822e-05
3.10822e-05
3.10822e-05
3.10822e-05
3.10822e-05
3.10822e-05
3.10822e-05
3.10822e-05
3.10822e-05
3.10822e-05
3.10822e-05
3.10822e-05
3.10822e-05
3.10822e-05
3.10822e-05
3.10822e-05
3.10822e-05
3.10822e-05
3.10822e-05
3.10822e-05
3.10822e-05
3.10822e-05
3.10822e-05
3.10822e-05
3.10822e-05
3.10822e-05
3.10822e-05
3.10822e-05
3.10822e-05
3.10822e-05
3.10822e-05
3.10822e-05
3.10822e-05
3.10822e-05
3.10822e-05
3.10822e-05
3.10822e-05
3.10822e-05
3.10822e-05
3.10822e-05
3.10822e-05
3.10822e-05
3.10822e-05
3.10822e-05
3.10822e-05
3.10822e-05
3.10822e-05
3.10822e-05
3.10822e-05
3.10822e-05
3.10822e-05
3.10822e-05
3.10822e-05
3.10822e-05
3.10822e-05
3.10822e-05
3.10822e-05
3.10822e-05
3.10822e-05
3.10822e-05
3.10822e-05
3.10822e-05
3.10822e-05
3.10822e-05
3.10822e-05
3.10822e-05
3.10822e-05
3.10822e-05
3.10822e-05
3.10822e-05
3.10822e-05
3.10822e-05
3.10822e-05
3.10822e-05
3.10822e-05
3.10822e-05
3.10822e-05
3.10822e-05
3.10822e-05
3.10822e-05
3.10822e-05
3.10822e-05
3.10822e-05
3.10822e-05
3.10822e-05
3.10822e-05
3.10822e-05
3.10822e-05
3.10822e-05
3.10822e-05
3.10822e-05
3.10822e-05
3.10822e-05
3.10822e-05
3.10822e-05
3.10822e-05
3.10822e-05
3.10822e-05
3.10822e-05
3.10822e-05
3.10822e-05
3.10822e-05
3.10822e-05
3.10822e-05
3.10822e-05
3.10822e-05
3.10822e-05
3.10822e-05
3.10822e-05
3.10822e-05
3.10822e-05
3.10822e-05
3.10822e-05
3.10822e-05
3.10822e-05
3.10822e-05
3.10822e-05
3.10822e-05
3.10822e-05
3.10822e-05
3.10822e-05
3.10822e-05
3.10822e-05
3.10822e-05
3.10822e-05
3.10822e-05
3.10822e-05
3.10822e-05
3.10822e-05
3.10822e-05
3.10822e-05
3.10822e-05
3.10822e-05
3.10822e-05
3.10822e-05
3.10822e-05
3.10822e-05
3.10822e-05
3.10822e-05
3.10822e-05
3.10822e-05
3.10822e-05
3.10822e-05
3.10822e-05
3.10822e-05
3.10822e-05
3.10822e-05
3.10822e-05
3.10822e-05
3.10822e-05
3.10822e-05
3.10822e-05
3.10822e-05
3.10822e-05
3.10822e-05
3.10822e-05
3.10822e-05
3.10822e-05
3.10822e-05
3.10822e-05
3.10822e-05
3.10822e-05
3.10822e-05
3.10822e-05
3.10822e-05
3.10822e-05
3.10822e-05
3.10822e-05
3.10822e-05
3.10822e-05
3.10822e-05
3.10822e-05
3.10822e-05
3.10822e-05
3.10822e-05
3.10822e-05
3.10822e-05
3.10822e-05
3.10822e-05
3.10822e-05
3.10822e-05
3.10822e-05
3.10822e-05
3.10822e-05
3.10822e-05
3.10822e-05
3.10877e-05
3.10877e-05
3.10877e-05
3.10877e-05
3.10877e-05
3.10877e-05
3.10877e-05
3.10877e-05
3.10877e-05
3.10877e-05
3.10877e-05
3.10877e-05
3.10877e-05
3.10877e-05
3.10877e-05
3.10877e-05
3.10877e-05
3.10877e-05
3.10877e-05
3.10877e-05
3.10877e-05
3.10877e-05
3.10877e-05
3.10877e-05
3.10877e-05
3.10877e-05
3.10877e-05
3.10877e-05
3.10877e-05
3.10877e-05
3.10877e-05
3.10877e-05
3.10877e-05
3.10877e-05
3.10877e-05
3.10877e-05
3.10877e-05
3.10877e-05
3.10877e-05
3.10877e-05
3.10877e-05
3.10877e-05
3.10877e-05
3.10877e-05
3.10877e-05
3.10877e-05
3.10877e-05
3.10877e-05
3.10877e-05
3.10877e-05
3.10877e-05
3.10877e-05
3.10877e-05
3.10877e-05
3.10877e-05
3.10877e-05
3.10877e-05
3.10877e-05
3.10877e-05
3.10877e-05
3.10877e-05
3.10877e-05
3.10877e-05
3.10877e-05
3.10877e-05
3.10877e-05
3.10877e-05
3.10877e-05
3.10877e-05
3.10877e-05
3.10877e-05
3.10877e-05
3.10877e-05
3.10877e-05
3.10877e-05
3.10877e-05
3.10877e-05
3.10877e-05
3.10877e-05
3.10877e-05
3.10877e-05
3.10877e-05
3.10877e-05
3.10877e-05
3.10877e-05
3.10877e-05
3.10877e-05
3.10877e-05
3.10877e-05
3.10877e-05
3.10877e-05
3.10877e-05
3.10877e-05
3.10877e-05
3.10877e-05
3.10877e-05
3.10877e-05
3.10877e-05
3.10877e-05
3.10877e-05
3.10877e-05
3.10877e-05
3.10877e-05
3.10877e-05
3.10877e-05
3.10877e-05
3.10877e-05
3.10877e-05
3.10877e-05
3.10877e-05
3.10877e-05
3.10877e-05
3.10877e-05
3.10877e-05
3.10877e-05
3.10877e-05
3.10877e-05
3.10877e-05
3.10877e-05
3.10877e-05
3.10877e-05
3.10877e-05
3.10877e-05
3.10877e-05
3.10877e-05
3.10877e-05
3.10877e-05
3.10877e-05
3.10877e-05
3.10877e-05
3.10877e-05
3.10877e-05
3.10877e-05
3.10877e-05
3.10877e-05
3.10877e-05
3.10877e-05
3.10877e-05
3.10877e-05
3.10877e-05
3.10877e-05
3.10877e-05
3.10877e-05
3.10877e-05
3.10877e-05
3.10877e-05
3.10877e-05
3.10877e-05
3.10877e-05
3.10877e-05
3.10877e-05
3.10877e-05
3.10877e-05
3.10877e-05
3.10877e-05
3.10877e-05
3.10877e-05
3.10877e-05
3.10877e-05
3.10877e-05
3.10877e-05
3.10877e-05
3.10877e-05
3.10877e-05
3.10877e-05
3.10877e-05
3.10877e-05
3.10877e-05
3.10877e-05
3.10877e-05
3.10877e-05
3.10877e-05
3.10877e-05
3.10877e-05
3.10877e-05
3.10877e-05
3.10877e-05
3.10877e-05
3.10877e-05
3.10877e-05
3.10877e-05
3.10877e-05
3.10877e-05
3.10877e-05
3.10877e-05
3.10877e-05
3.10877e-05
3.10877e-05
3.10877e-05
3.10877e-05
3.10877e-05
3.10877e-05
3.10877e-05
3.10877e-05
3.10877e-05
3.10877e-05
3.10877e-05
3.10877e-05
3.10877e-05
3.10877e-05
3.10935e-05
3.10935e-05
3.10935e-05
3.10935e-05
3.10935e-05
3.10935e-05
3.10935e-05
3.10935e-05
3.10935e-05
3.10935e-05
3.10935e-05
3.10935e-05
3.10935e-05
3.10935e-05
3.10935e-05
3.10935e-05
3.10935e-05
3.10935e-05
3.10935e-05
3.10935e-05
3.10935e-05
3.10935e-05
3.10935e-05
3.10935e-05
3.10935e-05
3.10935e-05
3.10935e-05
3.10935e-05
3.10935e-05
3.10935e-05
3.10935e-05
3.10935e-05
3.10935e-05
3.10935e-05
3.10935e-05
3.10935e-05
3.10935e-05
3.10935e-05
3.10935e-05
3.10935e-05
3.10935e-05
3.10935e-05
3.10935e-05
3.10935e-05
3.10935e-05
3.10935e-05
3.10935e-05
3.10935e-05
3.10935e-05
3.10935e-05
3.10935e-05
3.10935e-05
3.10935e-05
3.10935e-05
3.10935e-05
3.10935e-05
3.10935e-05
3.10935e-05
3.10935e-05
3.10935e-05
3.10935e-05
3.10935e-05
3.10935e-05
3.10935e-05
3.10935e-05
3.10935e-05
3.10935e-05
3.10935e-05
3.10935e-05
3.10935e-05
3.10935e-05
3.10935e-05
3.10935e-05
3.10935e-05
3.10935e-05
3.10935e-05
3.10935e-05
3.10935e-05
3.10935e-05
3.10935e-05
3.10935e-05
3.10935e-05
3.10935e-05
3.10935e-05
3.10935e-05
3.10935e-05
3.10935e-05
3.10935e-05
3.10935e-05
3.10935e-05
3.10935e-05
3.10935e-05
3.10935e-05
3.10935e-05
3.10935e-05
3.10935e-05
3.10935e-05
3.10935e-05
3.10935e-05
3.10935e-05
3.10935e-05
3.10935e-05
3.10935e-05
3.10935e-05
3.10935e-05
3.10935e-05
3.10935e-05
3.10935e-05
3.10935e-05
3.10935e-05
3.10935e-05
3.10935e-05
3.10935e-05
3.10935e-05
3.10935e-05
3.10935e-05
3.10935e-05
3.10935e-05
3.10935e-05
3.10935e-05
3.10935e-05
3.10935e-05
3.10935e-05
3.10935e-05
3.10935e-05
3.10935e-05
3.10935e-05
3.10935e-05
3.10935e-05
3.10935e-05
3.10935e-05
3.10935e-05
3.10935e-05
3.10935e-05
3.10935e-05
3.10935e-05
3.10935e-05
3.10935e-05
3.10935e-05
3.10935e-05
3.10935e-05
3.10935e-05
3.10935e-05
3.10935e-05
3.10935e-05
3.10935e-05
3.10935e-05
3.10935e-05
3.10935e-05
3.10935e-05
3.10935e-05
3.10935e-05
3.10935e-05
3.10935e-05
3.10935e-05
3.10935e-05
3.10935e-05
3.10935e-05
3.10935e-05
3.10935e-05
3.10935e-05
3.10935e-05
3.10935e-05
3.10935e-05
3.10935e-05
3.10935e-05
3.10935e-05
3.10935e-05
3.10935e-05
3.10935e-05
3.10935e-05
3.10935e-05
3.10935e-05
3.10935e-05
3.10935e-05
3.10935e-05
3.10935e-05
3.10935e-05
3.10935e-05
3.10935e-05
3.10935e-05
3.10935e-05
3.10935e-05
3.10935e-05
3.10935e-05
3.10935e-05
3.10935e-05
3.10935e-05
3.10935e-05
3.10935e-05
3.10935e-05
3.10935e-05
3.10935e-05
3.10935e-05
3.10935e-05
3.10935e-05
3.10935e-05
3.10935e-05
3.10935e-05
3.10935e-05
3.10992e-05
3.10992e-05
3.10992e-05
3.10992e-05
3.10992e-05
3.10992e-05
3.10992e-05
3.10992e-05
3.10992e-05
3.10992e-05
3.10992e-05
3.10992e-05
3.10992e-05
3.10992e-05
3.10992e-05
3.10992e-05
3.10992e-05
3.10992e-05
3.10992e-05
3.10992e-05
3.10992e-05
3.10992e-05
3.10992e-05
3.10992e-05
3.10992e-05
3.10992e-05
3.10992e-05
3.10992e-05
3.10992e-05
3.10992e-05
3.10992e-05
3.10992e-05
3.10992e-05
3.10992e-05
3.10992e-05
3.10992e-05
3.10992e-05
3.10992e-05
3.10992e-05
3.10992e-05
3.10992e-05
3.10992e-05
3.10992e-05
3.10992e-05
3.10992e-05
3.10992e-05
3.10992e-05
3.10992e-05
3.10992e-05
3.10992e-05
3.10992e-05
3.10992e-05
3.10992e-05
3.10992e-05
3.10992e-05
3.10992e-05
3.10992e-05
3.10992e-05
3.10992e-05
3.10992e-05
3.10992e-05
3.10992e-05
3.10992e-05
3.10992e-05
3.10992e-05
3.10992e-05
3.10992e-05
3.10992e-05
3.10992e-05
3.10992e-05
3.10992e-05
3.10992e-05
3.10992e-05
3.10992e-05
3.10992e-05
3.10992e-05
3.10992e-05
3.10992e-05
3.10992e-05
3.10992e-05
3.10992e-05
3.10992e-05
3.10992e-05
3.10992e-05
3.10992e-05
3.10992e-05
3.10992e-05
3.10992e-05
3.10992e-05
3.10992e-05
3.10992e-05
3.10992e-05
3.10992e-05
3.10992e-05
3.10992e-05
3.10992e-05
3.10992e-05
3.10992e-05
3.10992e-05
3.10992e-05
3.10992e-05
3.10992e-05
3.10992e-05
3.10992e-05
3.10992e-05
3.10992e-05
3.10992e-05
3.10992e-05
3.10992e-05
3.10992e-05
3.10992e-05
3.10992e-05
3.10992e-05
3.10992e-05
3.10992e-05
3.10992e-05
3.10992e-05
3.10992e-05
3.10992e-05
3.10992e-05
3.10992e-05
3.10992e-05
3.10992e-05
3.10992e-05
3.10992e-05
3.10992e-05
3.10992e-05
3.10992e-05
3.10992e-05
3.10992e-05
3.10992e-05
3.10992e-05
3.10992e-05
3.10992e-05
3.10992e-05
3.10992e-05
3.10992e-05
3.10992e-05
3.10992e-05
3.10992e-05
3.10992e-05
3.10992e-05
3.10992e-05
3.10992e-05
3.10992e-05
3.10992e-05
3.10992e-05
3.10992e-05
3.10992e-05
3.10992e-05
3.10992e-05
3.10992e-05
3.10992e-05
3.10992e-05
3.10992e-05
3.10992e-05
3.10992e-05
3.10992e-05
3.10992e-05
3.10992e-05
3.10992e-05
3.10992e-05
3.10992e-05
3.10992e-05
3.10992e-05
3.10992e-05
3.10992e-05
3.10992e-05
3.10992e-05
3.10992e-05
3.10992e-05
3.10992e-05
3.10992e-05
3.10992e-05
3.10992e-05
3.10992e-05
3.10992e-05
3.10992e-05
3.10992e-05
3.10992e-05
3.10992e-05
3.10992e-05
3.10992e-05
3.10992e-05
3.10992e-05
3.10992e-05
3.10992e-05
3.10992e-05
3.10992e-05
3.10992e-05
3.10992e-05
3.10992e-05
3.10992e-05
3.10992e-05
3.10992e-05
3.10992e-05
3.10992e-05
3.10992e-05
3.10992e-05
3.10992e-05
3.11046e-05
3.11046e-05
3.11046e-05
3.11046e-05
3.11046e-05
3.11046e-05
3.11046e-05
3.11046e-05
3.11046e-05
3.11046e-05
3.11046e-05
3.11046e-05
3.11046e-05
3.11046e-05
3.11046e-05
3.11046e-05
3.11046e-05
3.11046e-05
3.11046e-05
3.11046e-05
3.11046e-05
3.11046e-05
3.11046e-05
3.11046e-05
3.11046e-05
3.11046e-05
3.11046e-05
3.11046e-05
3.11046e-05
3.11046e-05
3.11046e-05
3.11046e-05
3.11046e-05
3.11046e-05
3.11046e-05
3.11046e-05
3.11046e-05
3.11046e-05
3.11046e-05
3.11046e-05
3.11046e-05
3.11046e-05
3.11046e-05
3.11046e-05
3.11046e-05
3.11046e-05
3.11046e-05
3.11046e-05
3.11046e-05
3.11046e-05
3.11046e-05
3.11046e-05
3.11046e-05
3.11046e-05
3.11046e-05
3.11046e-05
3.11046e-05
3.11046e-05
3.11046e-05
3.11046e-05
3.11046e-05
3.11046e-05
3.11046e-05
3.11046e-05
3.11046e-05
3.11046e-05
3.11046e-05
3.11046e-05
3.11046e-05
3.11046e-05
3.11046e-05
3.11046e-05
3.11046e-05
3.11046e-05
3.11046e-05
3.11046e-05
3.11046e-05
3.11046e-05
3.11046e-05
3.11046e-05
3.11046e-05
3.11046e-05
3.11046e-05
3.11046e-05
3.11046e-05
3.11046e-05
3.11046e-05
3.11046e-05
3.11046e-05
3.11046e-05
3.11046e-05
3.11046e-05
3.11046e-05
3.11046e-05
3.11046e-05
3.11046e-05
3.11046e-05
3.11046e-05
3.11046e-05
3.11046e-05
3.11046e-05
3.11046e-05
3.11046e-05
3.11046e-05
3.11046e-05
3.11046e-05
3.11046e-05
3.11046e-05
3.11046e-05
3.11046e-05
3.11046e-05
3.11046e-05
3.11046e-05
3.11046e-05
3.11046e-05
3.11046e-05
3.11046e-05
3.11046e-05
3.11046e-05
3.11046e-05
3.11046e-05
3.11046e-05
3.11046e-05
3.11046e-05
3.11046e-05
3.11046e-05
3.11046e-05
3.11046e-05
3.11046e-05
3.11046e-05
3.11046e-05
3.11046e-05
3.11046e-05
3.11046e-05
3.11046e-05
3.11046e-05
3.11046e-05
3.11046e-05
3.11046e-05
3.11046e-05
3.11046e-05
3.11046e-05
3.11046e-05
3.11046e-05
3.11046e-05
3.11046e-05
3.11046e-05
3.11046e-05
3.11046e-05
3.11046e-05
3.11046e-05
3.11046e-05
3.11046e-05
3.11046e-05
3.11046e-05
3.11046e-05
3.11046e-05
3.11046e-05
3.11046e-05
3.11046e-05
3.11046e-05
3.11046e-05
3.11046e-05
3.11046e-05
3.11046e-05
3.11046e-05
3.11046e-05
3.11046e-05
3.11046e-05
3.11046e-05
3.11046e-05
3.11046e-05
3.11046e-05
3.11046e-05
3.11046e-05
3.11046e-05
3.11046e-05
3.11046e-05
3.11046e-05
3.11046e-05
3.11046e-05
3.11046e-05
3.11046e-05
3.11046e-05
3.11046e-05
3.11046e-05
3.11046e-05
3.11046e-05
3.11046e-05
3.11046e-05
3.11046e-05
3.11046e-05
3.11046e-05
3.11046e-05
3.11046e-05
3.11046e-05
3.11046e-05
3.11046e-05
3.11046e-05
3.11046e-05
3.11092e-05
3.11092e-05
3.11092e-05
3.11092e-05
3.11092e-05
3.11092e-05
3.11092e-05
3.11092e-05
3.11092e-05
3.11092e-05
3.11092e-05
3.11092e-05
3.11092e-05
3.11092e-05
3.11092e-05
3.11092e-05
3.11092e-05
3.11092e-05
3.11092e-05
3.11092e-05
3.11092e-05
3.11092e-05
3.11092e-05
3.11092e-05
3.11092e-05
3.11092e-05
3.11092e-05
3.11092e-05
3.11092e-05
3.11092e-05
3.11092e-05
3.11092e-05
3.11092e-05
3.11092e-05
3.11092e-05
3.11092e-05
3.11092e-05
3.11092e-05
3.11092e-05
3.11092e-05
3.11092e-05
3.11092e-05
3.11092e-05
3.11092e-05
3.11092e-05
3.11092e-05
3.11092e-05
3.11092e-05
3.11092e-05
3.11092e-05
3.11092e-05
3.11092e-05
3.11092e-05
3.11092e-05
3.11092e-05
3.11092e-05
3.11092e-05
3.11092e-05
3.11092e-05
3.11092e-05
3.11092e-05
3.11092e-05
3.11092e-05
3.11092e-05
3.11092e-05
3.11092e-05
3.11092e-05
3.11092e-05
3.11092e-05
3.11092e-05
3.11092e-05
3.11092e-05
3.11092e-05
3.11092e-05
3.11092e-05
3.11092e-05
3.11092e-05
3.11092e-05
3.11092e-05
3.11092e-05
3.11092e-05
3.11092e-05
3.11092e-05
3.11092e-05
3.11092e-05
3.11092e-05
3.11092e-05
3.11092e-05
3.11092e-05
3.11092e-05
3.11092e-05
3.11092e-05
3.11092e-05
3.11092e-05
3.11092e-05
3.11092e-05
3.11092e-05
3.11092e-05
3.11092e-05
3.11092e-05
3.11092e-05
3.11092e-05
3.11092e-05
3.11092e-05
3.11092e-05
3.11092e-05
3.11092e-05
3.11092e-05
3.11092e-05
3.11092e-05
3.11092e-05
3.11092e-05
3.11092e-05
3.11092e-05
3.11092e-05
3.11092e-05
3.11092e-05
3.11092e-05
3.11092e-05
3.11092e-05
3.11092e-05
3.11092e-05
3.11092e-05
3.11092e-05
3.11092e-05
3.11092e-05
3.11092e-05
3.11092e-05
3.11092e-05
3.11092e-05
3.11092e-05
3.11092e-05
3.11092e-05
3.11092e-05
3.11092e-05
3.11092e-05
3.11092e-05
3.11092e-05
3.11092e-05
3.11092e-05
3.11092e-05
3.11092e-05
3.11092e-05
3.11092e-05
3.11092e-05
3.11092e-05
3.11092e-05
3.11092e-05
3.11092e-05
3.11092e-05
3.11092e-05
3.11092e-05
3.11092e-05
3.11092e-05
3.11092e-05
3.11092e-05
3.11092e-05
3.11092e-05
3.11092e-05
3.11092e-05
3.11092e-05
3.11092e-05
3.11092e-05
3.11092e-05
3.11092e-05
3.11092e-05
3.11092e-05
3.11092e-05
3.11092e-05
3.11092e-05
3.11092e-05
3.11092e-05
3.11092e-05
3.11092e-05
3.11092e-05
3.11092e-05
3.11092e-05
3.11092e-05
3.11092e-05
3.11092e-05
3.11092e-05
3.11092e-05
3.11092e-05
3.11092e-05
3.11092e-05
3.11092e-05
3.11092e-05
3.11092e-05
3.11092e-05
3.11092e-05
3.11092e-05
3.11092e-05
3.11092e-05
3.11092e-05
3.11092e-05
3.11092e-05
3.11092e-05
3.11092e-05
3.11092e-05
3.11092e-05
3.11126e-05
3.11126e-05
3.11126e-05
3.11126e-05
3.11126e-05
3.11126e-05
3.11126e-05
3.11126e-05
3.11126e-05
3.11126e-05
3.11126e-05
3.11126e-05
3.11126e-05
3.11126e-05
3.11126e-05
3.11126e-05
3.11126e-05
3.11126e-05
3.11126e-05
3.11126e-05
3.11126e-05
3.11126e-05
3.11126e-05
3.11126e-05
3.11126e-05
3.11126e-05
3.11126e-05
3.11126e-05
3.11126e-05
3.11126e-05
3.11126e-05
3.11126e-05
3.11126e-05
3.11126e-05
3.11126e-05
3.11126e-05
3.11126e-05
3.11126e-05
3.11126e-05
3.11126e-05
3.11126e-05
3.11126e-05
3.11126e-05
3.11126e-05
3.11126e-05
3.11126e-05
3.11126e-05
3.11126e-05
3.11126e-05
3.11126e-05
3.11126e-05
3.11126e-05
3.11126e-05
3.11126e-05
3.11126e-05
3.11126e-05
3.11126e-05
3.11126e-05
3.11126e-05
3.11126e-05
3.11126e-05
3.11126e-05
3.11126e-05
3.11126e-05
3.11126e-05
3.11126e-05
3.11126e-05
3.11126e-05
3.11126e-05
3.11126e-05
3.11126e-05
3.11126e-05
3.11126e-05
3.11126e-05
3.11126e-05
3.11126e-05
3.11126e-05
3.11126e-05
3.11126e-05
3.11126e-05
3.11126e-05
3.11126e-05
3.11126e-05
3.11126e-05
3.11126e-05
3.11126e-05
3.11126e-05
3.11126e-05
3.11126e-05
3.11126e-05
3.11126e-05
3.11126e-05
3.11126e-05
3.11126e-05
3.11126e-05
3.11126e-05
3.11126e-05
3.11126e-05
3.11126e-05
3.11126e-05
3.11126e-05
3.11126e-05
3.11126e-05
3.11126e-05
3.11126e-05
3.11126e-05
3.11126e-05
3.11126e-05
3.11126e-05
3.11126e-05
3.11126e-05
3.11126e-05
3.11126e-05
3.11126e-05
3.11126e-05
3.11126e-05
3.11126e-05
3.11126e-05
3.11126e-05
3.11126e-05
3.11126e-05
3.11126e-05
3.11126e-05
3.11126e-05
3.11126e-05
3.11126e-05
3.11126e-05
3.11126e-05
3.11126e-05
3.11126e-05
3.11126e-05
3.11126e-05
3.11126e-05
3.11126e-05
3.11126e-05
3.11126e-05
3.11126e-05
3.11126e-05
3.11126e-05
3.11126e-05
3.11126e-05
3.11126e-05
3.11126e-05
3.11126e-05
3.11126e-05
3.11126e-05
3.11126e-05
3.11126e-05
3.11126e-05
3.11126e-05
3.11126e-05
3.11126e-05
3.11126e-05
3.11126e-05
3.11126e-05
3.11126e-05
3.11126e-05
3.11126e-05
3.11126e-05
3.11126e-05
3.11126e-05
3.11126e-05
3.11126e-05
3.11126e-05
3.11126e-05
3.11126e-05
3.11126e-05
3.11126e-05
3.11126e-05
3.11126e-05
3.11126e-05
3.11126e-05
3.11126e-05
3.11126e-05
3.11126e-05
3.11126e-05
3.11126e-05
3.11126e-05
3.11126e-05
3.11126e-05
3.11126e-05
3.11126e-05
3.11126e-05
3.11126e-05
3.11126e-05
3.11126e-05
3.11126e-05
3.11126e-05
3.11126e-05
3.11126e-05
3.11126e-05
3.11126e-05
3.11126e-05
3.11126e-05
3.11126e-05
3.11126e-05
3.11126e-05
3.11126e-05
3.11126e-05
3.11126e-05
3.11147e-05
3.11147e-05
3.11147e-05
3.11147e-05
3.11147e-05
3.11147e-05
3.11147e-05
3.11147e-05
3.11147e-05
3.11147e-05
3.11147e-05
3.11147e-05
3.11147e-05
3.11147e-05
3.11147e-05
3.11147e-05
3.11147e-05
3.11147e-05
3.11147e-05
3.11147e-05
3.11147e-05
3.11147e-05
3.11147e-05
3.11147e-05
3.11147e-05
3.11147e-05
3.11147e-05
3.11147e-05
3.11147e-05
3.11147e-05
3.11147e-05
3.11147e-05
3.11147e-05
3.11147e-05
3.11147e-05
3.11147e-05
3.11147e-05
3.11147e-05
3.11147e-05
3.11147e-05
3.11147e-05
3.11147e-05
3.11147e-05
3.11147e-05
3.11147e-05
3.11147e-05
3.11147e-05
3.11147e-05
3.11147e-05
3.11147e-05
3.11147e-05
3.11147e-05
3.11147e-05
3.11147e-05
3.11147e-05
3.11147e-05
3.11147e-05
3.11147e-05
3.11147e-05
3.11147e-05
3.11147e-05
3.11147e-05
3.11147e-05
3.11147e-05
3.11147e-05
3.11147e-05
3.11147e-05
3.11147e-05
3.11147e-05
3.11147e-05
3.11147e-05
3.11147e-05
3.11147e-05
3.11147e-05
3.11147e-05
3.11147e-05
3.11147e-05
3.11147e-05
3.11147e-05
3.11147e-05
3.11147e-05
3.11147e-05
3.11147e-05
3.11147e-05
3.11147e-05
3.11147e-05
3.11147e-05
3.11147e-05
3.11147e-05
3.11147e-05
3.11147e-05
3.11147e-05
3.11147e-05
3.11147e-05
3.11147e-05
3.11147e-05
3.11147e-05
3.11147e-05
3.11147e-05
3.11147e-05
3.11147e-05
3.11147e-05
3.11147e-05
3.11147e-05
3.11147e-05
3.11147e-05
3.11147e-05
3.11147e-05
3.11147e-05
3.11147e-05
3.11147e-05
3.11147e-05
3.11147e-05
3.11147e-05
3.11147e-05
3.11147e-05
3.11147e-05
3.11147e-05
3.11147e-05
3.11147e-05
3.11147e-05
3.11147e-05
3.11147e-05
3.11147e-05
3.11147e-05
3.11147e-05
3.11147e-05
3.11147e-05
3.11147e-05
3.11147e-05
3.11147e-05
3.11147e-05
3.11147e-05
3.11147e-05
3.11147e-05
3.11147e-05
3.11147e-05
3.11147e-05
3.11147e-05
3.11147e-05
3.11147e-05
3.11147e-05
3.11147e-05
3.11147e-05
3.11147e-05
3.11147e-05
3.11147e-05
3.11147e-05
3.11147e-05
3.11147e-05
3.11147e-05
3.11147e-05
3.11147e-05
3.11147e-05
3.11147e-05
3.11147e-05
3.11147e-05
3.11147e-05
3.11147e-05
3.11147e-05
3.11147e-05
3.11147e-05
3.11147e-05
3.11147e-05
3.11147e-05
3.11147e-05
3.11147e-05
3.11147e-05
3.11147e-05
3.11147e-05
3.11147e-05
3.11147e-05
3.11147e-05
3.11147e-05
3.11147e-05
3.11147e-05
3.11147e-05
3.11147e-05
3.11147e-05
3.11147e-05
3.11147e-05
3.11147e-05
3.11147e-05
3.11147e-05
3.11147e-05
3.11147e-05
3.11147e-05
3.11147e-05
3.11147e-05
3.11147e-05
3.11147e-05
3.11147e-05
3.11147e-05
3.11147e-05
3.11147e-05
3.11147e-05
3.11147e-05
3.11147e-05
3.11147e-05
3.11147e-05
3.11161e-05
3.11161e-05
3.11161e-05
3.11161e-05
3.11161e-05
3.11161e-05
3.11161e-05
3.11161e-05
3.11161e-05
3.11161e-05
3.11161e-05
3.11161e-05
3.11161e-05
3.11161e-05
3.11161e-05
3.11161e-05
3.11161e-05
3.11161e-05
3.11161e-05
3.11161e-05
3.11161e-05
3.11161e-05
3.11161e-05
3.11161e-05
3.11161e-05
3.11161e-05
3.11161e-05
3.11161e-05
3.11161e-05
3.11161e-05
3.11161e-05
3.11161e-05
3.11161e-05
3.11161e-05
3.11161e-05
3.11161e-05
3.11161e-05
3.11161e-05
3.11161e-05
3.11161e-05
3.11161e-05
3.11161e-05
3.11161e-05
3.11161e-05
3.11161e-05
3.11161e-05
3.11161e-05
3.11161e-05
3.11161e-05
3.11161e-05
3.11161e-05
3.11161e-05
3.11161e-05
3.11161e-05
3.11161e-05
3.11161e-05
3.11161e-05
3.11161e-05
3.11161e-05
3.11161e-05
3.11161e-05
3.11161e-05
3.11161e-05
3.11161e-05
3.11161e-05
3.11161e-05
3.11161e-05
3.11161e-05
3.11161e-05
3.11161e-05
3.11161e-05
3.11161e-05
3.11161e-05
3.11161e-05
3.11161e-05
3.11161e-05
3.11161e-05
3.11161e-05
3.11161e-05
3.11161e-05
3.11161e-05
3.11161e-05
3.11161e-05
3.11161e-05
3.11161e-05
3.11161e-05
3.11161e-05
3.11161e-05
3.11161e-05
3.11161e-05
3.11161e-05
3.11161e-05
3.11161e-05
3.11161e-05
3.11161e-05
3.11161e-05
3.11161e-05
3.11161e-05
3.11161e-05
3.11161e-05
3.11161e-05
3.11161e-05
3.11161e-05
3.11161e-05
3.11161e-05
3.11161e-05
3.11161e-05
3.11161e-05
3.11161e-05
3.11161e-05
3.11161e-05
3.11161e-05
3.11161e-05
3.11161e-05
3.11161e-05
3.11161e-05
3.11161e-05
3.11161e-05
3.11161e-05
3.11161e-05
3.11161e-05
3.11161e-05
3.11161e-05
3.11161e-05
3.11161e-05
3.11161e-05
3.11161e-05
3.11161e-05
3.11161e-05
3.11161e-05
3.11161e-05
3.11161e-05
3.11161e-05
3.11161e-05
3.11161e-05
3.11161e-05
3.11161e-05
3.11161e-05
3.11161e-05
3.11161e-05
3.11161e-05
3.11161e-05
3.11161e-05
3.11161e-05
3.11161e-05
3.11161e-05
3.11161e-05
3.11161e-05
3.11161e-05
3.11161e-05
3.11161e-05
3.11161e-05
3.11161e-05
3.11161e-05
3.11161e-05
3.11161e-05
3.11161e-05
3.11161e-05
3.11161e-05
3.11161e-05
3.11161e-05
3.11161e-05
3.11161e-05
3.11161e-05
3.11161e-05
3.11161e-05
3.11161e-05
3.11161e-05
3.11161e-05
3.11161e-05
3.11161e-05
3.11161e-05
3.11161e-05
3.11161e-05
3.11161e-05
3.11161e-05
3.11161e-05
3.11161e-05
3.11161e-05
3.11161e-05
3.11161e-05
3.11161e-05
3.11161e-05
3.11161e-05
3.11161e-05
3.11161e-05
3.11161e-05
3.11161e-05
3.11161e-05
3.11161e-05
3.11161e-05
3.11161e-05
3.11161e-05
3.11161e-05
3.11161e-05
3.11161e-05
3.11161e-05
3.11161e-05
3.11161e-05
3.11161e-05
3.11184e-05
3.11184e-05
3.11184e-05
3.11184e-05
3.11184e-05
3.11184e-05
3.11184e-05
3.11184e-05
3.11184e-05
3.11184e-05
3.11184e-05
3.11184e-05
3.11184e-05
3.11184e-05
3.11184e-05
3.11184e-05
3.11184e-05
3.11184e-05
3.11184e-05
3.11184e-05
3.11184e-05
3.11184e-05
3.11184e-05
3.11184e-05
3.11184e-05
3.11184e-05
3.11184e-05
3.11184e-05
3.11184e-05
3.11184e-05
3.11184e-05
3.11184e-05
3.11184e-05
3.11184e-05
3.11184e-05
3.11184e-05
3.11184e-05
3.11184e-05
3.11184e-05
3.11184e-05
3.11184e-05
3.11184e-05
3.11184e-05
3.11184e-05
3.11184e-05
3.11184e-05
3.11184e-05
3.11184e-05
3.11184e-05
3.11184e-05
3.11184e-05
3.11184e-05
3.11184e-05
3.11184e-05
3.11184e-05
3.11184e-05
3.11184e-05
3.11184e-05
3.11184e-05
3.11184e-05
3.11184e-05
3.11184e-05
3.11184e-05
3.11184e-05
3.11184e-05
3.11184e-05
3.11184e-05
3.11184e-05
3.11184e-05
3.11184e-05
3.11184e-05
3.11184e-05
3.11184e-05
3.11184e-05
3.11184e-05
3.11184e-05
3.11184e-05
3.11184e-05
3.11184e-05
3.11184e-05
3.11184e-05
3.11184e-05
3.11184e-05
3.11184e-05
3.11184e-05
3.11184e-05
3.11184e-05
3.11184e-05
3.11184e-05
3.11184e-05
3.11184e-05
3.11184e-05
3.11184e-05
3.11184e-05
3.11184e-05
3.11184e-05
3.11184e-05
3.11184e-05
3.11184e-05
3.11184e-05
3.11184e-05
3.11184e-05
3.11184e-05
3.11184e-05
3.11184e-05
3.11184e-05
3.11184e-05
3.11184e-05
3.11184e-05
3.11184e-05
3.11184e-05
3.11184e-05
3.11184e-05
3.11184e-05
3.11184e-05
3.11184e-05
3.11184e-05
3.11184e-05
3.11184e-05
3.11184e-05
3.11184e-05
3.11184e-05
3.11184e-05
3.11184e-05
3.11184e-05
3.11184e-05
3.11184e-05
3.11184e-05
3.11184e-05
3.11184e-05
3.11184e-05
3.11184e-05
3.11184e-05
3.11184e-05
3.11184e-05
3.11184e-05
3.11184e-05
3.11184e-05
3.11184e-05
3.11184e-05
3.11184e-05
3.11184e-05
3.11184e-05
3.11184e-05
3.11184e-05
3.11184e-05
3.11184e-05
3.11184e-05
3.11184e-05
3.11184e-05
3.11184e-05
3.11184e-05
3.11184e-05
3.11184e-05
3.11184e-05
3.11184e-05
3.11184e-05
3.11184e-05
3.11184e-05
3.11184e-05
3.11184e-05
3.11184e-05
3.11184e-05
3.11184e-05
3.11184e-05
3.11184e-05
3.11184e-05
3.11184e-05
3.11184e-05
3.11184e-05
3.11184e-05
3.11184e-05
3.11184e-05
3.11184e-05
3.11184e-05
3.11184e-05
3.11184e-05
3.11184e-05
3.11184e-05
3.11184e-05
3.11184e-05
3.11184e-05
3.11184e-05
3.11184e-05
3.11184e-05
3.11184e-05
3.11184e-05
3.11184e-05
3.11184e-05
3.11184e-05
3.11184e-05
3.11184e-05
3.11184e-05
3.11184e-05
3.11184e-05
3.11184e-05
3.11184e-05
3.11184e-05
3.11184e-05
3.11184e-05
3.11253e-05
3.11253e-05
3.11253e-05
3.11253e-05
3.11253e-05
3.11253e-05
3.11253e-05
3.11253e-05
3.11253e-05
3.11253e-05
3.11253e-05
3.11253e-05
3.11253e-05
3.11253e-05
3.11253e-05
3.11253e-05
3.11253e-05
3.11253e-05
3.11253e-05
3.11253e-05
3.11253e-05
3.11253e-05
3.11253e-05
3.11253e-05
3.11253e-05
3.11253e-05
3.11253e-05
3.11253e-05
3.11253e-05
3.11253e-05
3.11253e-05
3.11253e-05
3.11253e-05
3.11253e-05
3.11253e-05
3.11253e-05
3.11253e-05
3.11253e-05
3.11253e-05
3.11253e-05
3.11253e-05
3.11253e-05
3.11253e-05
3.11253e-05
3.11253e-05
3.11253e-05
3.11253e-05
3.11253e-05
3.11253e-05
3.11253e-05
3.11253e-05
3.11253e-05
3.11253e-05
3.11253e-05
3.11253e-05
3.11253e-05
3.11253e-05
3.11253e-05
3.11253e-05
3.11253e-05
3.11253e-05
3.11253e-05
3.11253e-05
3.11253e-05
3.11253e-05
3.11253e-05
3.11253e-05
3.11253e-05
3.11253e-05
3.11253e-05
3.11253e-05
3.11253e-05
3.11253e-05
3.11253e-05
3.11253e-05
3.11253e-05
3.11253e-05
3.11253e-05
3.11253e-05
3.11253e-05
3.11253e-05
3.11253e-05
3.11253e-05
3.11253e-05
3.11253e-05
3.11253e-05
3.11253e-05
3.11253e-05
3.11253e-05
3.11253e-05
3.11253e-05
3.11253e-05
3.11253e-05
3.11253e-05
3.11253e-05
3.11253e-05
3.11253e-05
3.11253e-05
3.11253e-05
3.11253e-05
3.11253e-05
3.11253e-05
3.11253e-05
3.11253e-05
3.11253e-05
3.11253e-05
3.11253e-05
3.11253e-05
3.11253e-05
3.11253e-05
3.11253e-05
3.11253e-05
3.11253e-05
3.11253e-05
3.11253e-05
3.11253e-05
3.11253e-05
3.11253e-05
3.11253e-05
3.11253e-05
3.11253e-05
3.11253e-05
3.11253e-05
3.11253e-05
3.11253e-05
3.11253e-05
3.11253e-05
3.11253e-05
3.11253e-05
3.11253e-05
3.11253e-05
3.11253e-05
3.11253e-05
3.11253e-05
3.11253e-05
3.11253e-05
3.11253e-05
3.11253e-05
3.11253e-05
3.11253e-05
3.11253e-05
3.11253e-05
3.11253e-05
3.11253e-05
3.11253e-05
3.11253e-05
3.11253e-05
3.11253e-05
3.11253e-05
3.11253e-05
3.11253e-05
3.11253e-05
3.11253e-05
3.11253e-05
3.11253e-05
3.11253e-05
3.11253e-05
3.11253e-05
3.11253e-05
3.11253e-05
3.11253e-05
3.11253e-05
3.11253e-05
3.11253e-05
3.11253e-05
3.11253e-05
3.11253e-05
3.11253e-05
3.11253e-05
3.11253e-05
3.11253e-05
3.11253e-05
3.11253e-05
3.11253e-05
3.11253e-05
3.11253e-05
3.11253e-05
3.11253e-05
3.11253e-05
3.11253e-05
3.11253e-05
3.11253e-05
3.11253e-05
3.11253e-05
3.11253e-05
3.11253e-05
3.11253e-05
3.11253e-05
3.11253e-05
3.11253e-05
3.11253e-05
3.11253e-05
3.11253e-05
3.11253e-05
3.11253e-05
3.11253e-05
3.11253e-05
3.11253e-05
3.11253e-05
3.11253e-05
3.11432e-05
3.11432e-05
3.11432e-05
3.11432e-05
3.11432e-05
3.11432e-05
3.11432e-05
3.11432e-05
3.11432e-05
3.11432e-05
3.11432e-05
3.11432e-05
3.11432e-05
3.11432e-05
3.11432e-05
3.11432e-05
3.11432e-05
3.11432e-05
3.11432e-05
3.11432e-05
3.11432e-05
3.11432e-05
3.11432e-05
3.11432e-05
3.11432e-05
3.11432e-05
3.11432e-05
3.11432e-05
3.11432e-05
3.11432e-05
3.11432e-05
3.11432e-05
3.11432e-05
3.11432e-05
3.11432e-05
3.11432e-05
3.11432e-05
3.11432e-05
3.11432e-05
3.11432e-05
3.11432e-05
3.11432e-05
3.11432e-05
3.11432e-05
3.11432e-05
3.11432e-05
3.11432e-05
3.11432e-05
3.11432e-05
3.11432e-05
3.11432e-05
3.11432e-05
3.11432e-05
3.11432e-05
3.11432e-05
3.11432e-05
3.11432e-05
3.11432e-05
3.11432e-05
3.11432e-05
3.11432e-05
3.11432e-05
3.11432e-05
3.11432e-05
3.11432e-05
3.11432e-05
3.11432e-05
3.11432e-05
3.11432e-05
3.11432e-05
3.11432e-05
3.11432e-05
3.11432e-05
3.11432e-05
3.11432e-05
3.11432e-05
3.11432e-05
3.11432e-05
3.11432e-05
3.11432e-05
3.11432e-05
3.11432e-05
3.11432e-05
3.11432e-05
3.11432e-05
3.11432e-05
3.11432e-05
3.11432e-05
3.11432e-05
3.11432e-05
3.11432e-05
3.11432e-05
3.11432e-05
3.11432e-05
3.11432e-05
3.11432e-05
3.11432e-05
3.11432e-05
3.11432e-05
3.11432e-05
3.11432e-05
3.11432e-05
3.11432e-05
3.11432e-05
3.11432e-05
3.11432e-05
3.11432e-05
3.11432e-05
3.11432e-05
3.11432e-05
3.11432e-05
3.11432e-05
3.11432e-05
3.11432e-05
3.11432e-05
3.11432e-05
3.11432e-05
3.11432e-05
3.11432e-05
3.11432e-05
3.11432e-05
3.11432e-05
3.11432e-05
3.11432e-05
3.11432e-05
3.11432e-05
3.11432e-05
3.11432e-05
3.11432e-05
3.11432e-05
3.11432e-05
3.11432e-05
3.11432e-05
3.11432e-05
3.11432e-05
3.11432e-05
3.11432e-05
3.11432e-05
3.11432e-05
3.11432e-05
3.11432e-05
3.11432e-05
3.11432e-05
3.11432e-05
3.11432e-05
3.11432e-05
3.11432e-05
3.11432e-05
3.11432e-05
3.11432e-05
3.11432e-05
3.11432e-05
3.11432e-05
3.11432e-05
3.11432e-05
3.11432e-05
3.11432e-05
3.11432e-05
3.11432e-05
3.11432e-05
3.11432e-05
3.11432e-05
3.11432e-05
3.11432e-05
3.11432e-05
3.11432e-05
3.11432e-05
3.11432e-05
3.11432e-05
3.11432e-05
3.11432e-05
3.11432e-05
3.11432e-05
3.11432e-05
3.11432e-05
3.11432e-05
3.11432e-05
3.11432e-05
3.11432e-05
3.11432e-05
3.11432e-05
3.11432e-05
3.11432e-05
3.11432e-05
3.11432e-05
3.11432e-05
3.11432e-05
3.11432e-05
3.11432e-05
3.11432e-05
3.11432e-05
3.11432e-05
3.11432e-05
3.11432e-05
3.11432e-05
3.11432e-05
3.11432e-05
3.11432e-05
3.11432e-05
3.11432e-05
3.11829e-05
3.11829e-05
3.11829e-05
3.11829e-05
3.11829e-05
3.11829e-05
3.11829e-05
3.11829e-05
3.11829e-05
3.11829e-05
3.11829e-05
3.11829e-05
3.11829e-05
3.11829e-05
3.11829e-05
3.11829e-05
3.11829e-05
3.11829e-05
3.11829e-05
3.11829e-05
3.11829e-05
3.11829e-05
3.11829e-05
3.11829e-05
3.11829e-05
3.11829e-05
3.11829e-05
3.11829e-05
3.11829e-05
3.11829e-05
3.11829e-05
3.11829e-05
3.11829e-05
3.11829e-05
3.11829e-05
3.11829e-05
3.11829e-05
3.11829e-05
3.11829e-05
3.11829e-05
3.11829e-05
3.11829e-05
3.11829e-05
3.11829e-05
3.11829e-05
3.11829e-05
3.11829e-05
3.11829e-05
3.11829e-05
3.11829e-05
3.11829e-05
3.11829e-05
3.11829e-05
3.11829e-05
3.11829e-05
3.11829e-05
3.11829e-05
3.11829e-05
3.11829e-05
3.11829e-05
3.11829e-05
3.11829e-05
3.11829e-05
3.11829e-05
3.11829e-05
3.11829e-05
3.11829e-05
3.11829e-05
3.11829e-05
3.11829e-05
3.11829e-05
3.11829e-05
3.11829e-05
3.11829e-05
3.11829e-05
3.11829e-05
3.11829e-05
3.11829e-05
3.11829e-05
3.11829e-05
3.11829e-05
3.11829e-05
3.11829e-05
3.11829e-05
3.11829e-05
3.11829e-05
3.11829e-05
3.11829e-05
3.11829e-05
3.11829e-05
3.11829e-05
3.11829e-05
3.11829e-05
3.11829e-05
3.11829e-05
3.11829e-05
3.11829e-05
3.11829e-05
3.11829e-05
3.11829e-05
3.11829e-05
3.11829e-05
3.11829e-05
3.11829e-05
3.11829e-05
3.11829e-05
3.11829e-05
3.11829e-05
3.11829e-05
3.11829e-05
3.11829e-05
3.11829e-05
3.11829e-05
3.11829e-05
3.11829e-05
3.11829e-05
3.11829e-05
3.11829e-05
3.11829e-05
3.11829e-05
3.11829e-05
3.11829e-05
3.11829e-05
3.11829e-05
3.11829e-05
3.11829e-05
3.11829e-05
3.11829e-05
3.11829e-05
3.11829e-05
3.11829e-05
3.11829e-05
3.11829e-05
3.11829e-05
3.11829e-05
3.11829e-05
3.11829e-05
3.11829e-05
3.11829e-05
3.11829e-05
3.11829e-05
3.11829e-05
3.11829e-05
3.11829e-05
3.11829e-05
3.11829e-05
3.11829e-05
3.11829e-05
3.11829e-05
3.11829e-05
3.11829e-05
3.11829e-05
3.11829e-05
3.11829e-05
3.11829e-05
3.11829e-05
3.11829e-05
3.11829e-05
3.11829e-05
3.11829e-05
3.11829e-05
3.11829e-05
3.11829e-05
3.11829e-05
3.11829e-05
3.11829e-05
3.11829e-05
3.11829e-05
3.11829e-05
3.11829e-05
3.11829e-05
3.11829e-05
3.11829e-05
3.11829e-05
3.11829e-05
3.11829e-05
3.11829e-05
3.11829e-05
3.11829e-05
3.11829e-05
3.11829e-05
3.11829e-05
3.11829e-05
3.11829e-05
3.11829e-05
3.11829e-05
3.11829e-05
3.11829e-05
3.11829e-05
3.11829e-05
3.11829e-05
3.11829e-05
3.11829e-05
3.11829e-05
3.11829e-05
3.11829e-05
3.11829e-05
3.11829e-05
3.11829e-05
3.11829e-05
3.12597e-05
3.12597e-05
3.12597e-05
3.12597e-05
3.12597e-05
3.12597e-05
3.12597e-05
3.12597e-05
3.12597e-05
3.12597e-05
3.12597e-05
3.12597e-05
3.12597e-05
3.12597e-05
3.12597e-05
3.12597e-05
3.12597e-05
3.12597e-05
3.12597e-05
3.12597e-05
3.12597e-05
3.12597e-05
3.12597e-05
3.12597e-05
3.12597e-05
3.12597e-05
3.12597e-05
3.12597e-05
3.12597e-05
3.12597e-05
3.12597e-05
3.12597e-05
3.12597e-05
3.12597e-05
3.12597e-05
3.12597e-05
3.12597e-05
3.12597e-05
3.12597e-05
3.12597e-05
3.12597e-05
3.12597e-05
3.12597e-05
3.12597e-05
3.12597e-05
3.12597e-05
3.12597e-05
3.12597e-05
3.12597e-05
3.12597e-05
3.12597e-05
3.12597e-05
3.12597e-05
3.12597e-05
3.12597e-05
3.12597e-05
3.12597e-05
3.12597e-05
3.12597e-05
3.12597e-05
3.12597e-05
3.12597e-05
3.12597e-05
3.12597e-05
3.12597e-05
3.12597e-05
3.12597e-05
3.12597e-05
3.12597e-05
3.12597e-05
3.12597e-05
3.12597e-05
3.12597e-05
3.12597e-05
3.12597e-05
3.12597e-05
3.12597e-05
3.12597e-05
3.12597e-05
3.12597e-05
3.12597e-05
3.12597e-05
3.12597e-05
3.12597e-05
3.12597e-05
3.12597e-05
3.12597e-05
3.12597e-05
3.12597e-05
3.12597e-05
3.12597e-05
3.12597e-05
3.12597e-05
3.12597e-05
3.12597e-05
3.12597e-05
3.12597e-05
3.12597e-05
3.12597e-05
3.12597e-05
3.12597e-05
3.12597e-05
3.12597e-05
3.12597e-05
3.12597e-05
3.12597e-05
3.12597e-05
3.12597e-05
3.12597e-05
3.12597e-05
3.12597e-05
3.12597e-05
3.12597e-05
3.12597e-05
3.12597e-05
3.12597e-05
3.12597e-05
3.12597e-05
3.12597e-05
3.12597e-05
3.12597e-05
3.12597e-05
3.12597e-05
3.12597e-05
3.12597e-05
3.12597e-05
3.12597e-05
3.12597e-05
3.12597e-05
3.12597e-05
3.12597e-05
3.12597e-05
3.12597e-05
3.12597e-05
3.12597e-05
3.12597e-05
3.12597e-05
3.12597e-05
3.12597e-05
3.12597e-05
3.12597e-05
3.12597e-05
3.12597e-05
3.12597e-05
3.12597e-05
3.12597e-05
3.12597e-05
3.12597e-05
3.12597e-05
3.12597e-05
3.12597e-05
3.12597e-05
3.12597e-05
3.12597e-05
3.12597e-05
3.12597e-05
3.12597e-05
3.12597e-05
3.12597e-05
3.12597e-05
3.12597e-05
3.12597e-05
3.12597e-05
3.12597e-05
3.12597e-05
3.12597e-05
3.12597e-05
3.12597e-05
3.12597e-05
3.12597e-05
3.12597e-05
3.12597e-05
3.12597e-05
3.12597e-05
3.12597e-05
3.12597e-05
3.12597e-05
3.12597e-05
3.12597e-05
3.12597e-05
3.12597e-05
3.12597e-05
3.12597e-05
3.12597e-05
3.12597e-05
3.12597e-05
3.12597e-05
3.12597e-05
3.12597e-05
3.12597e-05
3.12597e-05
3.12597e-05
3.12597e-05
3.12597e-05
3.12597e-05
3.12597e-05
3.12597e-05
3.12597e-05
3.12597e-05
3.12597e-05
3.13953e-05
3.13953e-05
3.13953e-05
3.13953e-05
3.13953e-05
3.13953e-05
3.13953e-05
3.13953e-05
3.13953e-05
3.13953e-05
3.13953e-05
3.13953e-05
3.13953e-05
3.13953e-05
3.13953e-05
3.13953e-05
3.13953e-05
3.13953e-05
3.13953e-05
3.13953e-05
3.13953e-05
3.13953e-05
3.13953e-05
3.13953e-05
3.13953e-05
3.13953e-05
3.13953e-05
3.13953e-05
3.13953e-05
3.13953e-05
3.13953e-05
3.13953e-05
3.13953e-05
3.13953e-05
3.13953e-05
3.13953e-05
3.13953e-05
3.13953e-05
3.13953e-05
3.13953e-05
3.13953e-05
3.13953e-05
3.13953e-05
3.13953e-05
3.13953e-05
3.13953e-05
3.13953e-05
3.13953e-05
3.13953e-05
3.13953e-05
3.13953e-05
3.13953e-05
3.13953e-05
3.13953e-05
3.13953e-05
3.13953e-05
3.13953e-05
3.13953e-05
3.13953e-05
3.13953e-05
3.13953e-05
3.13953e-05
3.13953e-05
3.13953e-05
3.13953e-05
3.13953e-05
3.13953e-05
3.13953e-05
3.13953e-05
3.13953e-05
3.13953e-05
3.13953e-05
3.13953e-05
3.13953e-05
3.13953e-05
3.13953e-05
3.13953e-05
3.13953e-05
3.13953e-05
3.13953e-05
3.13953e-05
3.13953e-05
3.13953e-05
3.13953e-05
3.13953e-05
3.13953e-05
3.13953e-05
3.13953e-05
3.13953e-05
3.13953e-05
3.13953e-05
3.13953e-05
3.13953e-05
3.13953e-05
3.13953e-05
3.13953e-05
3.13953e-05
3.13953e-05
3.13953e-05
3.13953e-05
3.13953e-05
3.13953e-05
3.13953e-05
3.13953e-05
3.13953e-05
3.13953e-05
3.13953e-05
3.13953e-05
3.13953e-05
3.13953e-05
3.13953e-05
3.13953e-05
3.13953e-05
3.13953e-05
3.13953e-05
3.13953e-05
3.13953e-05
3.13953e-05
3.13953e-05
3.13953e-05
3.13953e-05
3.13953e-05
3.13953e-05
3.13953e-05
3.13953e-05
3.13953e-05
3.13953e-05
3.13953e-05
3.13953e-05
3.13953e-05
3.13953e-05
3.13953e-05
3.13953e-05
3.13953e-05
3.13953e-05
3.13953e-05
3.13953e-05
3.13953e-05
3.13953e-05
3.13953e-05
3.13953e-05
3.13953e-05
3.13953e-05
3.13953e-05
3.13953e-05
3.13953e-05
3.13953e-05
3.13953e-05
3.13953e-05
3.13953e-05
3.13953e-05
3.13953e-05
3.13953e-05
3.13953e-05
3.13953e-05
3.13953e-05
3.13953e-05
3.13953e-05
3.13953e-05
3.13953e-05
3.13953e-05
3.13953e-05
3.13953e-05
3.13953e-05
3.13953e-05
3.13953e-05
3.13953e-05
3.13953e-05
3.13953e-05
3.13953e-05
3.13953e-05
3.13953e-05
3.13953e-05
3.13953e-05
3.13953e-05
3.13953e-05
3.13953e-05
3.13953e-05
3.13953e-05
3.13953e-05
3.13953e-05
3.13953e-05
3.13953e-05
3.13953e-05
3.13953e-05
3.13953e-05
3.13953e-05
3.13953e-05
3.13953e-05
3.13953e-05
3.13953e-05
3.13953e-05
3.13953e-05
3.13953e-05
3.13953e-05
3.13953e-05
3.13953e-05
3.13953e-05
3.13953e-05
3.13953e-05
3.1617e-05
3.1617e-05
3.1617e-05
3.1617e-05
3.1617e-05
3.1617e-05
3.1617e-05
3.1617e-05
3.1617e-05
3.1617e-05
3.1617e-05
3.1617e-05
3.1617e-05
3.1617e-05
3.1617e-05
3.1617e-05
3.1617e-05
3.1617e-05
3.1617e-05
3.1617e-05
3.1617e-05
3.1617e-05
3.1617e-05
3.1617e-05
3.1617e-05
3.1617e-05
3.1617e-05
3.1617e-05
3.1617e-05
3.1617e-05
3.1617e-05
3.1617e-05
3.1617e-05
3.1617e-05
3.1617e-05
3.1617e-05
3.1617e-05
3.1617e-05
3.1617e-05
3.1617e-05
3.1617e-05
3.1617e-05
3.1617e-05
3.1617e-05
3.1617e-05
3.1617e-05
3.1617e-05
3.1617e-05
3.1617e-05
3.1617e-05
3.1617e-05
3.1617e-05
3.1617e-05
3.1617e-05
3.1617e-05
3.1617e-05
3.1617e-05
3.1617e-05
3.1617e-05
3.1617e-05
3.1617e-05
3.1617e-05
3.1617e-05
3.1617e-05
3.1617e-05
3.1617e-05
3.1617e-05
3.1617e-05
3.1617e-05
3.1617e-05
3.1617e-05
3.1617e-05
3.1617e-05
3.1617e-05
3.1617e-05
3.1617e-05
3.1617e-05
3.1617e-05
3.1617e-05
3.1617e-05
3.1617e-05
3.1617e-05
3.1617e-05
3.1617e-05
3.1617e-05
3.1617e-05
3.1617e-05
3.1617e-05
3.1617e-05
3.1617e-05
3.1617e-05
3.1617e-05
3.1617e-05
3.1617e-05
3.1617e-05
3.1617e-05
3.1617e-05
3.1617e-05
3.1617e-05
3.1617e-05
3.1617e-05
3.1617e-05
3.1617e-05
3.1617e-05
3.1617e-05
3.1617e-05
3.1617e-05
3.1617e-05
3.1617e-05
3.1617e-05
3.1617e-05
3.1617e-05
3.1617e-05
3.1617e-05
3.1617e-05
3.1617e-05
3.1617e-05
3.1617e-05
3.1617e-05
3.1617e-05
3.1617e-05
3.1617e-05
3.1617e-05
3.1617e-05
3.1617e-05
3.1617e-05
3.1617e-05
3.1617e-05
3.1617e-05
3.1617e-05
3.1617e-05
3.1617e-05
3.1617e-05
3.1617e-05
3.1617e-05
3.1617e-05
3.1617e-05
3.1617e-05
3.1617e-05
3.1617e-05
3.1617e-05
3.1617e-05
3.1617e-05
3.1617e-05
3.1617e-05
3.1617e-05
3.1617e-05
3.1617e-05
3.1617e-05
3.1617e-05
3.1617e-05
3.1617e-05
3.1617e-05
3.1617e-05
3.1617e-05
3.1617e-05
3.1617e-05
3.1617e-05
3.1617e-05
3.1617e-05
3.1617e-05
3.1617e-05
3.1617e-05
3.1617e-05
3.1617e-05
3.1617e-05
3.1617e-05
3.1617e-05
3.1617e-05
3.1617e-05
3.1617e-05
3.1617e-05
3.1617e-05
3.1617e-05
3.1617e-05
3.1617e-05
3.1617e-05
3.1617e-05
3.1617e-05
3.1617e-05
3.1617e-05
3.1617e-05
3.1617e-05
3.1617e-05
3.1617e-05
3.1617e-05
3.1617e-05
3.1617e-05
3.1617e-05
3.1617e-05
3.1617e-05
3.1617e-05
3.1617e-05
3.1617e-05
3.1617e-05
3.1617e-05
3.1617e-05
3.1617e-05
3.1617e-05
3.1617e-05
3.19578e-05
3.19578e-05
3.19578e-05
3.19578e-05
3.19578e-05
3.19578e-05
3.19578e-05
3.19578e-05
3.19578e-05
3.19578e-05
3.19578e-05
3.19578e-05
3.19578e-05
3.19578e-05
3.19578e-05
3.19578e-05
3.19578e-05
3.19578e-05
3.19578e-05
3.19578e-05
3.19578e-05
3.19578e-05
3.19578e-05
3.19578e-05
3.19578e-05
3.19578e-05
3.19578e-05
3.19578e-05
3.19578e-05
3.19578e-05
3.19578e-05
3.19578e-05
3.19578e-05
3.19578e-05
3.19578e-05
3.19578e-05
3.19578e-05
3.19578e-05
3.19578e-05
3.19578e-05
3.19578e-05
3.19578e-05
3.19578e-05
3.19578e-05
3.19578e-05
3.19578e-05
3.19578e-05
3.19578e-05
3.19578e-05
3.19578e-05
3.19578e-05
3.19578e-05
3.19578e-05
3.19578e-05
3.19578e-05
3.19578e-05
3.19578e-05
3.19578e-05
3.19578e-05
3.19578e-05
3.19578e-05
3.19578e-05
3.19578e-05
3.19578e-05
3.19578e-05
3.19578e-05
3.19578e-05
3.19578e-05
3.19578e-05
3.19578e-05
3.19578e-05
3.19578e-05
3.19578e-05
3.19578e-05
3.19578e-05
3.19578e-05
3.19578e-05
3.19578e-05
3.19578e-05
3.19578e-05
3.19578e-05
3.19578e-05
3.19578e-05
3.19578e-05
3.19578e-05
3.19578e-05
3.19578e-05
3.19578e-05
3.19578e-05
3.19578e-05
3.19578e-05
3.19578e-05
3.19578e-05
3.19578e-05
3.19578e-05
3.19578e-05
3.19578e-05
3.19578e-05
3.19578e-05
3.19578e-05
3.19578e-05
3.19578e-05
3.19578e-05
3.19578e-05
3.19578e-05
3.19578e-05
3.19578e-05
3.19578e-05
3.19578e-05
3.19578e-05
3.19578e-05
3.19578e-05
3.19578e-05
3.19578e-05
3.19578e-05
3.19578e-05
3.19578e-05
3.19578e-05
3.19578e-05
3.19578e-05
3.19578e-05
3.19578e-05
3.19578e-05
3.19578e-05
3.19578e-05
3.19578e-05
3.19578e-05
3.19578e-05
3.19578e-05
3.19578e-05
3.19578e-05
3.19578e-05
3.19578e-05
3.19578e-05
3.19578e-05
3.19578e-05
3.19578e-05
3.19578e-05
3.19578e-05
3.19578e-05
3.19578e-05
3.19578e-05
3.19578e-05
3.19578e-05
3.19578e-05
3.19578e-05
3.19578e-05
3.19578e-05
3.19578e-05
3.19578e-05
3.19578e-05
3.19578e-05
3.19578e-05
3.19578e-05
3.19578e-05
3.19578e-05
3.19578e-05
3.19578e-05
3.19578e-05
3.19578e-05
3.19578e-05
3.19578e-05
3.19578e-05
3.19578e-05
3.19578e-05
3.19578e-05
3.19578e-05
3.19578e-05
3.19578e-05
3.19578e-05
3.19578e-05
3.19578e-05
3.19578e-05
3.19578e-05
3.19578e-05
3.19578e-05
3.19578e-05
3.19578e-05
3.19578e-05
3.19578e-05
3.19578e-05
3.19578e-05
3.19578e-05
3.19578e-05
3.19578e-05
3.19578e-05
3.19578e-05
3.19578e-05
3.19578e-05
3.19578e-05
3.19578e-05
3.19578e-05
3.19578e-05
3.19578e-05
3.19578e-05
3.19578e-05
3.19578e-05
3.19578e-05
3.19578e-05
3.19578e-05
3.24528e-05
3.24528e-05
3.24528e-05
3.24528e-05
3.24528e-05
3.24528e-05
3.24528e-05
3.24528e-05
3.24528e-05
3.24528e-05
3.24528e-05
3.24528e-05
3.24528e-05
3.24528e-05
3.24528e-05
3.24528e-05
3.24528e-05
3.24528e-05
3.24528e-05
3.24528e-05
3.24528e-05
3.24528e-05
3.24528e-05
3.24528e-05
3.24528e-05
3.24528e-05
3.24528e-05
3.24528e-05
3.24528e-05
3.24528e-05
3.24528e-05
3.24528e-05
3.24528e-05
3.24528e-05
3.24528e-05
3.24528e-05
3.24528e-05
3.24528e-05
3.24528e-05
3.24528e-05
3.24528e-05
3.24528e-05
3.24528e-05
3.24528e-05
3.24528e-05
3.24528e-05
3.24528e-05
3.24528e-05
3.24528e-05
3.24528e-05
3.24528e-05
3.24528e-05
3.24528e-05
3.24528e-05
3.24528e-05
3.24528e-05
3.24528e-05
3.24528e-05
3.24528e-05
3.24528e-05
3.24528e-05
3.24528e-05
3.24528e-05
3.24528e-05
3.24528e-05
3.24528e-05
3.24528e-05
3.24528e-05
3.24528e-05
3.24528e-05
3.24528e-05
3.24528e-05
3.24528e-05
3.24528e-05
3.24528e-05
3.24528e-05
3.24528e-05
3.24528e-05
3.24528e-05
3.24528e-05
3.24528e-05
3.24528e-05
3.24528e-05
3.24528e-05
3.24528e-05
3.24528e-05
3.24528e-05
3.24528e-05
3.24528e-05
3.24528e-05
3.24528e-05
3.24528e-05
3.24528e-05
3.24528e-05
3.24528e-05
3.24528e-05
3.24528e-05
3.24528e-05
3.24528e-05
3.24528e-05
3.24528e-05
3.24528e-05
3.24528e-05
3.24528e-05
3.24528e-05
3.24528e-05
3.24528e-05
3.24528e-05
3.24528e-05
3.24528e-05
3.24528e-05
3.24528e-05
3.24528e-05
3.24528e-05
3.24528e-05
3.24528e-05
3.24528e-05
3.24528e-05
3.24528e-05
3.24528e-05
3.24528e-05
3.24528e-05
3.24528e-05
3.24528e-05
3.24528e-05
3.24528e-05
3.24528e-05
3.24528e-05
3.24528e-05
3.24528e-05
3.24528e-05
3.24528e-05
3.24528e-05
3.24528e-05
3.24528e-05
3.24528e-05
3.24528e-05
3.24528e-05
3.24528e-05
3.24528e-05
3.24528e-05
3.24528e-05
3.24528e-05
3.24528e-05
3.24528e-05
3.24528e-05
3.24528e-05
3.24528e-05
3.24528e-05
3.24528e-05
3.24528e-05
3.24528e-05
3.24528e-05
3.24528e-05
3.24528e-05
3.24528e-05
3.24528e-05
3.24528e-05
3.24528e-05
3.24528e-05
3.24528e-05
3.24528e-05
3.24528e-05
3.24528e-05
3.24528e-05
3.24528e-05
3.24528e-05
3.24528e-05
3.24528e-05
3.24528e-05
3.24528e-05
3.24528e-05
3.24528e-05
3.24528e-05
3.24528e-05
3.24528e-05
3.24528e-05
3.24528e-05
3.24528e-05
3.24528e-05
3.24528e-05
3.24528e-05
3.24528e-05
3.24528e-05
3.24528e-05
3.24528e-05
3.24528e-05
3.24528e-05
3.24528e-05
3.24528e-05
3.24528e-05
3.24528e-05
3.24528e-05
3.24528e-05
3.24528e-05
3.24528e-05
3.24528e-05
3.24528e-05
3.24528e-05
3.24528e-05
3.31315e-05
3.31315e-05
3.31315e-05
3.31315e-05
3.31315e-05
3.31315e-05
3.31315e-05
3.31315e-05
3.31315e-05
3.31315e-05
3.31315e-05
3.31315e-05
3.31315e-05
3.31315e-05
3.31315e-05
3.31315e-05
3.31315e-05
3.31315e-05
3.31315e-05
3.31315e-05
3.31315e-05
3.31315e-05
3.31315e-05
3.31315e-05
3.31315e-05
3.31315e-05
3.31315e-05
3.31315e-05
3.31315e-05
3.31315e-05
3.31315e-05
3.31315e-05
3.31315e-05
3.31315e-05
3.31315e-05
3.31315e-05
3.31315e-05
3.31315e-05
3.31315e-05
3.31315e-05
3.31315e-05
3.31315e-05
3.31315e-05
3.31315e-05
3.31315e-05
3.31315e-05
3.31315e-05
3.31315e-05
3.31315e-05
3.31315e-05
3.31315e-05
3.31315e-05
3.31315e-05
3.31315e-05
3.31315e-05
3.31315e-05
3.31315e-05
3.31315e-05
3.31315e-05
3.31315e-05
3.31315e-05
3.31315e-05
3.31315e-05
3.31315e-05
3.31315e-05
3.31315e-05
3.31315e-05
3.31315e-05
3.31315e-05
3.31315e-05
3.31315e-05
3.31315e-05
3.31315e-05
3.31315e-05
3.31315e-05
3.31315e-05
3.31315e-05
3.31315e-05
3.31315e-05
3.31315e-05
3.31315e-05
3.31315e-05
3.31315e-05
3.31315e-05
3.31315e-05
3.31315e-05
3.31315e-05
3.31315e-05
3.31315e-05
3.31315e-05
3.31315e-05
3.31315e-05
3.31315e-05
3.31315e-05
3.31315e-05
3.31315e-05
3.31315e-05
3.31315e-05
3.31315e-05
3.31315e-05
3.31315e-05
3.31315e-05
3.31315e-05
3.31315e-05
3.31315e-05
3.31315e-05
3.31315e-05
3.31315e-05
3.31315e-05
3.31315e-05
3.31315e-05
3.31315e-05
3.31315e-05
3.31315e-05
3.31315e-05
3.31315e-05
3.31315e-05
3.31315e-05
3.31315e-05
3.31315e-05
3.31315e-05
3.31315e-05
3.31315e-05
3.31315e-05
3.31315e-05
3.31315e-05
3.31315e-05
3.31315e-05
3.31315e-05
3.31315e-05
3.31315e-05
3.31315e-05
3.31315e-05
3.31315e-05
3.31315e-05
3.31315e-05
3.31315e-05
3.31315e-05
3.31315e-05
3.31315e-05
3.31315e-05
3.31315e-05
3.31315e-05
3.31315e-05
3.31315e-05
3.31315e-05
3.31315e-05
3.31315e-05
3.31315e-05
3.31315e-05
3.31315e-05
3.31315e-05
3.31315e-05
3.31315e-05
3.31315e-05
3.31315e-05
3.31315e-05
3.31315e-05
3.31315e-05
3.31315e-05
3.31315e-05
3.31315e-05
3.31315e-05
3.31315e-05
3.31315e-05
3.31315e-05
3.31315e-05
3.31315e-05
3.31315e-05
3.31315e-05
3.31315e-05
3.31315e-05
3.31315e-05
3.31315e-05
3.31315e-05
3.31315e-05
3.31315e-05
3.31315e-05
3.31315e-05
3.31315e-05
3.31315e-05
3.31315e-05
3.31315e-05
3.31315e-05
3.31315e-05
3.31315e-05
3.31315e-05
3.31315e-05
3.31315e-05
3.31315e-05
3.31315e-05
3.31315e-05
3.31315e-05
3.31315e-05
3.31315e-05
3.31315e-05
3.31315e-05
3.31315e-05
3.31315e-05
3.31315e-05
3.40024e-05
3.40024e-05
3.40024e-05
3.40024e-05
3.40024e-05
3.40024e-05
3.40024e-05
3.40024e-05
3.40024e-05
3.40024e-05
3.40024e-05
3.40024e-05
3.40024e-05
3.40024e-05
3.40024e-05
3.40024e-05
3.40024e-05
3.40024e-05
3.40024e-05
3.40024e-05
3.40024e-05
3.40024e-05
3.40024e-05
3.40024e-05
3.40024e-05
3.40024e-05
3.40024e-05
3.40024e-05
3.40024e-05
3.40024e-05
3.40024e-05
3.40024e-05
3.40024e-05
3.40024e-05
3.40024e-05
3.40024e-05
3.40024e-05
3.40024e-05
3.40024e-05
3.40024e-05
3.40024e-05
3.40024e-05
3.40024e-05
3.40024e-05
3.40024e-05
3.40024e-05
3.40024e-05
3.40024e-05
3.40024e-05
3.40024e-05
3.40024e-05
3.40024e-05
3.40024e-05
3.40024e-05
3.40024e-05
3.40024e-05
3.40024e-05
3.40024e-05
3.40024e-05
3.40024e-05
3.40024e-05
3.40024e-05
3.40024e-05
3.40024e-05
3.40024e-05
3.40024e-05
3.40024e-05
3.40024e-05
3.40024e-05
3.40024e-05
3.40024e-05
3.40024e-05
3.40024e-05
3.40024e-05
3.40024e-05
3.40024e-05
3.40024e-05
3.40024e-05
3.40024e-05
3.40024e-05
3.40024e-05
3.40024e-05
3.40024e-05
3.40024e-05
3.40025e-05
3.40025e-05
3.40025e-05
3.40025e-05
3.40025e-05
3.40025e-05
3.40025e-05
3.40025e-05
3.40025e-05
3.40025e-05
3.40025e-05
3.40025e-05
3.40025e-05
3.40025e-05
3.40025e-05
3.40025e-05
3.40025e-05
3.40025e-05
3.40025e-05
3.40025e-05
3.40025e-05
3.40025e-05
3.40025e-05
3.40025e-05
3.40025e-05
3.40025e-05
3.40025e-05
3.40025e-05
3.40025e-05
3.40025e-05
3.40025e-05
3.40025e-05
3.40024e-05
3.40024e-05
3.40024e-05
3.40024e-05
3.40024e-05
3.40024e-05
3.40024e-05
3.40024e-05
3.40024e-05
3.40024e-05
3.40024e-05
3.40024e-05
3.40024e-05
3.40024e-05
3.40024e-05
3.40024e-05
3.40024e-05
3.40024e-05
3.40024e-05
3.40024e-05
3.40024e-05
3.40024e-05
3.40024e-05
3.40024e-05
3.40024e-05
3.40024e-05
3.40024e-05
3.40024e-05
3.40024e-05
3.40024e-05
3.40024e-05
3.40024e-05
3.40024e-05
3.40024e-05
3.40024e-05
3.40024e-05
3.40024e-05
3.40024e-05
3.40024e-05
3.40024e-05
3.40024e-05
3.40024e-05
3.40024e-05
3.40024e-05
3.40024e-05
3.40024e-05
3.40024e-05
3.40024e-05
3.40024e-05
3.40024e-05
3.40024e-05
3.40024e-05
3.40024e-05
3.40024e-05
3.40024e-05
3.40024e-05
3.40024e-05
3.40024e-05
3.40024e-05
3.40024e-05
3.40024e-05
3.40024e-05
3.40024e-05
3.40024e-05
3.40024e-05
3.40024e-05
3.40024e-05
3.40024e-05
3.40024e-05
3.40024e-05
3.40024e-05
3.40024e-05
3.40024e-05
3.40024e-05
3.40024e-05
3.40024e-05
3.40024e-05
3.40024e-05
3.40024e-05
3.40024e-05
3.40024e-05
3.40024e-05
3.40024e-05
3.40024e-05
3.50291e-05
3.50291e-05
3.50291e-05
3.50291e-05
3.50291e-05
3.50291e-05
3.50291e-05
3.50291e-05
3.50291e-05
3.50291e-05
3.50291e-05
3.50291e-05
3.50291e-05
3.50291e-05
3.50291e-05
3.50291e-05
3.50291e-05
3.50291e-05
3.50291e-05
3.50291e-05
3.50291e-05
3.50291e-05
3.50291e-05
3.50291e-05
3.50291e-05
3.50291e-05
3.50291e-05
3.50291e-05
3.50291e-05
3.50291e-05
3.50291e-05
3.50291e-05
3.50291e-05
3.50291e-05
3.50291e-05
3.50291e-05
3.50291e-05
3.50291e-05
3.50291e-05
3.50291e-05
3.50291e-05
3.50291e-05
3.50291e-05
3.50291e-05
3.50291e-05
3.50291e-05
3.50291e-05
3.50291e-05
3.50291e-05
3.50291e-05
3.50291e-05
3.50291e-05
3.50291e-05
3.50291e-05
3.50291e-05
3.50291e-05
3.50291e-05
3.50291e-05
3.50291e-05
3.50291e-05
3.50291e-05
3.50291e-05
3.50291e-05
3.50291e-05
3.50291e-05
3.50291e-05
3.50291e-05
3.50291e-05
3.50291e-05
3.50291e-05
3.50291e-05
3.50291e-05
3.50291e-05
3.50291e-05
3.50291e-05
3.50291e-05
3.50291e-05
3.50291e-05
3.50291e-05
3.50291e-05
3.50291e-05
3.50291e-05
3.50291e-05
3.50291e-05
3.50291e-05
3.50291e-05
3.50291e-05
3.50291e-05
3.50291e-05
3.50291e-05
3.50291e-05
3.50291e-05
3.50291e-05
3.50291e-05
3.50291e-05
3.50291e-05
3.50291e-05
3.50291e-05
3.50291e-05
3.50291e-05
3.50291e-05
3.50291e-05
3.50291e-05
3.50291e-05
3.50291e-05
3.50291e-05
3.50291e-05
3.50291e-05
3.50291e-05
3.50291e-05
3.50291e-05
3.50291e-05
3.50291e-05
3.50291e-05
3.50291e-05
3.50291e-05
3.50291e-05
3.50291e-05
3.50291e-05
3.50291e-05
3.50291e-05
3.50291e-05
3.50291e-05
3.50291e-05
3.50291e-05
3.50291e-05
3.50291e-05
3.50291e-05
3.50291e-05
3.50291e-05
3.50291e-05
3.50291e-05
3.50291e-05
3.50291e-05
3.50291e-05
3.50291e-05
3.50291e-05
3.50291e-05
3.50291e-05
3.50291e-05
3.50291e-05
3.50291e-05
3.50291e-05
3.50291e-05
3.50291e-05
3.50291e-05
3.50291e-05
3.50291e-05
3.50291e-05
3.50291e-05
3.50291e-05
3.50291e-05
3.50291e-05
3.50291e-05
3.50291e-05
3.50291e-05
3.50291e-05
3.50291e-05
3.50291e-05
3.50291e-05
3.50291e-05
3.50291e-05
3.50291e-05
3.50291e-05
3.50291e-05
3.50291e-05
3.50291e-05
3.50291e-05
3.50291e-05
3.50291e-05
3.50291e-05
3.50291e-05
3.50291e-05
3.50291e-05
3.50291e-05
3.50291e-05
3.50291e-05
3.50291e-05
3.50291e-05
3.50291e-05
3.50291e-05
3.50291e-05
3.50291e-05
3.50291e-05
3.50291e-05
3.50291e-05
3.50291e-05
3.50291e-05
3.50291e-05
3.50291e-05
3.50291e-05
3.50291e-05
3.50291e-05
3.50291e-05
3.50291e-05
3.50291e-05
3.50291e-05
3.50291e-05
3.50291e-05
3.50291e-05
3.61122e-05
3.61122e-05
3.61122e-05
3.61122e-05
3.61122e-05
3.61122e-05
3.61122e-05
3.61122e-05
3.61122e-05
3.61122e-05
3.61122e-05
3.61122e-05
3.61122e-05
3.61122e-05
3.61122e-05
3.61122e-05
3.61122e-05
3.61122e-05
3.61122e-05
3.61122e-05
3.61122e-05
3.61122e-05
3.61122e-05
3.61122e-05
3.61122e-05
3.61122e-05
3.61122e-05
3.61122e-05
3.61122e-05
3.61122e-05
3.61122e-05
3.61122e-05
3.61122e-05
3.61122e-05
3.61122e-05
3.61122e-05
3.61122e-05
3.61122e-05
3.61122e-05
3.61122e-05
3.61122e-05
3.61122e-05
3.61122e-05
3.61122e-05
3.61122e-05
3.61122e-05
3.61122e-05
3.61122e-05
3.61122e-05
3.61122e-05
3.61122e-05
3.61122e-05
3.61122e-05
3.61122e-05
3.61122e-05
3.61122e-05
3.61122e-05
3.61122e-05
3.61122e-05
3.61122e-05
3.61122e-05
3.61122e-05
3.61122e-05
3.61122e-05
3.61122e-05
3.61122e-05
3.61122e-05
3.61122e-05
3.61122e-05
3.61122e-05
3.61122e-05
3.61122e-05
3.61122e-05
3.61122e-05
3.61122e-05
3.61122e-05
3.61122e-05
3.61122e-05
3.61122e-05
3.61122e-05
3.61122e-05
3.61122e-05
3.61122e-05
3.61122e-05
3.61122e-05
3.61122e-05
3.61122e-05
3.61122e-05
3.61122e-05
3.61122e-05
3.61123e-05
3.61123e-05
3.61123e-05
3.61123e-05
3.61123e-05
3.61123e-05
3.61123e-05
3.61123e-05
3.61123e-05
3.61123e-05
3.61123e-05
3.61123e-05
3.61123e-05
3.61123e-05
3.61123e-05
3.61123e-05
3.61123e-05
3.61123e-05
3.61123e-05
3.61123e-05
3.61122e-05
3.61122e-05
3.61122e-05
3.61122e-05
3.61122e-05
3.61122e-05
3.61122e-05
3.61122e-05
3.61122e-05
3.61122e-05
3.61122e-05
3.61122e-05
3.61122e-05
3.61122e-05
3.61122e-05
3.61122e-05
3.61122e-05
3.61122e-05
3.61122e-05
3.61122e-05
3.61122e-05
3.61122e-05
3.61122e-05
3.61122e-05
3.61122e-05
3.61122e-05
3.61122e-05
3.61122e-05
3.61122e-05
3.61122e-05
3.61122e-05
3.61122e-05
3.61122e-05
3.61122e-05
3.61122e-05
3.61122e-05
3.61122e-05
3.61122e-05
3.61122e-05
3.61122e-05
3.61122e-05
3.61122e-05
3.61122e-05
3.61122e-05
3.61122e-05
3.61122e-05
3.61122e-05
3.61122e-05
3.61122e-05
3.61122e-05
3.61122e-05
3.61122e-05
3.61122e-05
3.61122e-05
3.61122e-05
3.61122e-05
3.61122e-05
3.61122e-05
3.61122e-05
3.61122e-05
3.61122e-05
3.61122e-05
3.61122e-05
3.61122e-05
3.61122e-05
3.61122e-05
3.61122e-05
3.61122e-05
3.61122e-05
3.61122e-05
3.61122e-05
3.61122e-05
3.61122e-05
3.61122e-05
3.61122e-05
3.61122e-05
3.61122e-05
3.61122e-05
3.61122e-05
3.61122e-05
3.61122e-05
3.61122e-05
3.61122e-05
3.61122e-05
3.61122e-05
3.61122e-05
3.61122e-05
3.61122e-05
3.61122e-05
3.61122e-05
3.71089e-05
3.71089e-05
3.71089e-05
3.71089e-05
3.71089e-05
3.71089e-05
3.71089e-05
3.71089e-05
3.71089e-05
3.71089e-05
3.71089e-05
3.71089e-05
3.71089e-05
3.71089e-05
3.71089e-05
3.71089e-05
3.71089e-05
3.71089e-05
3.71089e-05
3.71089e-05
3.71089e-05
3.71089e-05
3.71089e-05
3.71089e-05
3.71089e-05
3.71089e-05
3.71089e-05
3.71089e-05
3.71089e-05
3.71089e-05
3.71089e-05
3.71089e-05
3.71089e-05
3.71089e-05
3.71089e-05
3.71089e-05
3.71089e-05
3.71089e-05
3.71089e-05
3.71089e-05
3.71089e-05
3.71089e-05
3.71089e-05
3.71089e-05
3.71089e-05
3.71089e-05
3.71089e-05
3.71089e-05
3.71089e-05
3.71089e-05
3.71089e-05
3.71089e-05
3.71089e-05
3.71089e-05
3.71089e-05
3.71089e-05
3.71089e-05
3.71089e-05
3.71089e-05
3.71089e-05
3.71089e-05
3.71089e-05
3.71089e-05
3.71089e-05
3.71089e-05
3.71089e-05
3.71089e-05
3.71089e-05
3.71089e-05
3.71089e-05
3.71089e-05
3.71089e-05
3.71089e-05
3.71089e-05
3.71089e-05
3.71089e-05
3.71089e-05
3.71089e-05
3.71089e-05
3.71089e-05
3.71089e-05
3.71089e-05
3.71089e-05
3.71089e-05
3.71089e-05
3.7109e-05
3.7109e-05
3.7109e-05
3.7109e-05
3.7109e-05
3.7109e-05
3.7109e-05
3.7109e-05
3.71091e-05
3.71091e-05
3.71091e-05
3.71091e-05
3.71091e-05
3.71091e-05
3.71091e-05
3.71091e-05
3.71091e-05
3.71091e-05
3.71091e-05
3.71091e-05
3.71091e-05
3.71091e-05
3.7109e-05
3.7109e-05
3.7109e-05
3.7109e-05
3.7109e-05
3.7109e-05
3.7109e-05
3.7109e-05
3.71089e-05
3.71089e-05
3.71089e-05
3.71089e-05
3.71089e-05
3.71089e-05
3.71089e-05
3.71089e-05
3.71089e-05
3.71089e-05
3.71089e-05
3.71089e-05
3.71089e-05
3.71089e-05
3.71089e-05
3.71089e-05
3.71089e-05
3.71089e-05
3.71089e-05
3.71089e-05
3.71089e-05
3.71089e-05
3.71089e-05
3.71089e-05
3.71089e-05
3.71089e-05
3.71089e-05
3.71089e-05
3.71089e-05
3.71089e-05
3.71089e-05
3.71089e-05
3.71089e-05
3.71089e-05
3.71089e-05
3.71089e-05
3.71089e-05
3.71089e-05
3.71089e-05
3.71089e-05
3.71089e-05
3.71089e-05
3.71089e-05
3.71089e-05
3.71089e-05
3.71089e-05
3.71089e-05
3.71089e-05
3.71089e-05
3.71089e-05
3.71089e-05
3.71089e-05
3.71089e-05
3.71089e-05
3.71089e-05
3.71089e-05
3.71089e-05
3.71089e-05
3.71089e-05
3.71089e-05
3.71089e-05
3.71089e-05
3.71089e-05
3.71089e-05
3.71089e-05
3.71089e-05
3.71089e-05
3.71089e-05
3.71089e-05
3.71089e-05
3.71089e-05
3.71089e-05
3.71089e-05
3.71089e-05
3.71089e-05
3.71089e-05
3.71089e-05
3.71089e-05
3.71089e-05
3.71089e-05
3.71089e-05
3.71089e-05
3.71089e-05
3.71089e-05
3.71089e-05
3.78933e-05
3.78933e-05
3.78933e-05
3.78933e-05
3.78933e-05
3.78933e-05
3.78933e-05
3.78933e-05
3.78933e-05
3.78933e-05
3.78933e-05
3.78933e-05
3.78933e-05
3.78933e-05
3.78933e-05
3.78933e-05
3.78933e-05
3.78933e-05
3.78933e-05
3.78933e-05
3.78933e-05
3.78933e-05
3.78933e-05
3.78933e-05
3.78933e-05
3.78933e-05
3.78933e-05
3.78933e-05
3.78933e-05
3.78933e-05
3.78933e-05
3.78933e-05
3.78933e-05
3.78933e-05
3.78933e-05
3.78933e-05
3.78933e-05
3.78933e-05
3.78933e-05
3.78933e-05
3.78933e-05
3.78933e-05
3.78933e-05
3.78933e-05
3.78933e-05
3.78933e-05
3.78933e-05
3.78933e-05
3.78933e-05
3.78933e-05
3.78933e-05
3.78933e-05
3.78933e-05
3.78933e-05
3.78933e-05
3.78933e-05
3.78933e-05
3.78933e-05
3.78933e-05
3.78933e-05
3.78933e-05
3.78933e-05
3.78933e-05
3.78933e-05
3.78933e-05
3.78933e-05
3.78933e-05
3.78933e-05
3.78933e-05
3.78933e-05
3.78933e-05
3.78933e-05
3.78933e-05
3.78933e-05
3.78933e-05
3.78933e-05
3.78933e-05
3.78933e-05
3.78933e-05
3.78934e-05
3.78934e-05
3.78934e-05
3.78934e-05
3.78934e-05
3.78934e-05
3.78934e-05
3.78934e-05
3.78935e-05
3.78935e-05
3.78935e-05
3.78935e-05
3.78935e-05
3.78936e-05
3.78936e-05
3.78936e-05
3.78936e-05
3.78936e-05
3.78936e-05
3.78936e-05
3.78936e-05
3.78936e-05
3.78936e-05
3.78936e-05
3.78936e-05
3.78936e-05
3.78936e-05
3.78936e-05
3.78936e-05
3.78935e-05
3.78935e-05
3.78935e-05
3.78935e-05
3.78935e-05
3.78934e-05
3.78934e-05
3.78934e-05
3.78934e-05
3.78934e-05
3.78934e-05
3.78934e-05
3.78934e-05
3.78933e-05
3.78933e-05
3.78933e-05
3.78933e-05
3.78933e-05
3.78933e-05
3.78933e-05
3.78933e-05
3.78933e-05
3.78933e-05
3.78933e-05
3.78933e-05
3.78933e-05
3.78933e-05
3.78933e-05
3.78933e-05
3.78933e-05
3.78933e-05
3.78933e-05
3.78933e-05
3.78933e-05
3.78933e-05
3.78933e-05
3.78933e-05
3.78933e-05
3.78933e-05
3.78933e-05
3.78933e-05
3.78933e-05
3.78933e-05
3.78933e-05
3.78933e-05
3.78933e-05
3.78933e-05
3.78933e-05
3.78933e-05
3.78933e-05
3.78933e-05
3.78933e-05
3.78933e-05
3.78933e-05
3.78933e-05
3.78933e-05
3.78933e-05
3.78933e-05
3.78933e-05
3.78933e-05
3.78933e-05
3.78933e-05
3.78933e-05
3.78933e-05
3.78933e-05
3.78933e-05
3.78933e-05
3.78933e-05
3.78933e-05
3.78933e-05
3.78933e-05
3.78933e-05
3.78933e-05
3.78933e-05
3.78933e-05
3.78933e-05
3.78933e-05
3.78933e-05
3.78933e-05
3.78933e-05
3.78933e-05
3.78933e-05
3.78933e-05
3.78933e-05
3.78933e-05
3.78933e-05
3.78933e-05
3.78933e-05
3.78933e-05
3.78933e-05
3.78933e-05
3.78933e-05
3.84089e-05
3.84089e-05
3.84089e-05
3.84089e-05
3.84089e-05
3.84089e-05
3.84089e-05
3.84089e-05
3.84089e-05
3.84089e-05
3.84089e-05
3.84089e-05
3.84089e-05
3.84089e-05
3.84089e-05
3.84089e-05
3.84089e-05
3.84089e-05
3.84089e-05
3.84089e-05
3.84089e-05
3.84089e-05
3.84089e-05
3.84089e-05
3.84089e-05
3.84089e-05
3.84089e-05
3.84089e-05
3.84089e-05
3.84089e-05
3.84089e-05
3.84089e-05
3.84089e-05
3.84089e-05
3.84089e-05
3.84089e-05
3.84089e-05
3.84089e-05
3.84089e-05
3.84089e-05
3.84089e-05
3.84089e-05
3.84089e-05
3.84089e-05
3.84089e-05
3.84089e-05
3.84089e-05
3.84089e-05
3.84089e-05
3.84089e-05
3.84089e-05
3.84089e-05
3.84089e-05
3.84089e-05
3.84089e-05
3.84089e-05
3.84089e-05
3.84089e-05
3.84089e-05
3.84089e-05
3.84089e-05
3.84089e-05
3.84089e-05
3.84089e-05
3.84089e-05
3.84089e-05
3.84089e-05
3.84089e-05
3.84089e-05
3.84089e-05
3.84089e-05
3.84089e-05
3.84089e-05
3.84089e-05
3.84089e-05
3.84089e-05
3.84089e-05
3.84089e-05
3.84089e-05
3.84089e-05
3.8409e-05
3.8409e-05
3.8409e-05
3.8409e-05
3.8409e-05
3.84091e-05
3.84091e-05
3.84091e-05
3.84091e-05
3.84092e-05
3.84092e-05
3.84092e-05
3.84093e-05
3.84093e-05
3.84093e-05
3.84093e-05
3.84093e-05
3.84094e-05
3.84094e-05
3.84094e-05
3.84094e-05
3.84094e-05
3.84094e-05
3.84093e-05
3.84093e-05
3.84093e-05
3.84093e-05
3.84092e-05
3.84092e-05
3.84092e-05
3.84092e-05
3.84091e-05
3.84091e-05
3.84091e-05
3.84091e-05
3.8409e-05
3.8409e-05
3.8409e-05
3.8409e-05
3.84089e-05
3.84089e-05
3.84089e-05
3.84089e-05
3.84089e-05
3.84089e-05
3.84089e-05
3.84089e-05
3.84089e-05
3.84089e-05
3.84089e-05
3.84089e-05
3.84089e-05
3.84089e-05
3.84089e-05
3.84089e-05
3.84089e-05
3.84089e-05
3.84089e-05
3.84089e-05
3.84089e-05
3.84089e-05
3.84089e-05
3.84089e-05
3.84089e-05
3.84089e-05
3.84089e-05
3.84089e-05
3.84089e-05
3.84089e-05
3.84089e-05
3.84089e-05
3.84089e-05
3.84089e-05
3.84089e-05
3.84089e-05
3.84089e-05
3.84089e-05
3.84089e-05
3.84089e-05
3.84089e-05
3.84089e-05
3.84089e-05
3.84089e-05
3.84089e-05
3.84089e-05
3.84089e-05
3.84089e-05
3.84089e-05
3.84089e-05
3.84089e-05
3.84089e-05
3.84089e-05
3.84089e-05
3.84089e-05
3.84089e-05
3.84089e-05
3.84089e-05
3.84089e-05
3.84089e-05
3.84089e-05
3.84089e-05
3.84089e-05
3.84089e-05
3.84089e-05
3.84089e-05
3.84089e-05
3.84089e-05
3.84089e-05
3.84089e-05
3.84089e-05
3.84089e-05
3.84089e-05
3.84089e-05
3.84089e-05
3.84089e-05
3.84089e-05
3.84089e-05
3.84089e-05
3.84089e-05
3.84089e-05
3.86713e-05
3.86713e-05
3.86713e-05
3.86713e-05
3.86713e-05
3.86713e-05
3.86713e-05
3.86713e-05
3.86713e-05
3.86713e-05
3.86713e-05
3.86713e-05
3.86713e-05
3.86713e-05
3.86713e-05
3.86713e-05
3.86713e-05
3.86713e-05
3.86713e-05
3.86713e-05
3.86713e-05
3.86713e-05
3.86713e-05
3.86713e-05
3.86713e-05
3.86713e-05
3.86713e-05
3.86713e-05
3.86713e-05
3.86713e-05
3.86713e-05
3.86713e-05
3.86713e-05
3.86713e-05
3.86713e-05
3.86713e-05
3.86713e-05
3.86712e-05
3.86712e-05
3.86712e-05
3.86712e-05
3.86712e-05
3.86712e-05
3.86712e-05
3.86712e-05
3.86712e-05
3.86712e-05
3.86712e-05
3.86712e-05
3.86712e-05
3.86712e-05
3.86712e-05
3.86712e-05
3.86712e-05
3.86712e-05
3.86712e-05
3.86712e-05
3.86712e-05
3.86712e-05
3.86712e-05
3.86712e-05
3.86712e-05
3.86712e-05
3.86712e-05
3.86712e-05
3.86712e-05
3.86712e-05
3.86712e-05
3.86712e-05
3.86712e-05
3.86712e-05
3.86712e-05
3.86712e-05
3.86712e-05
3.86712e-05
3.86713e-05
3.86713e-05
3.86713e-05
3.86713e-05
3.86713e-05
3.86713e-05
3.86714e-05
3.86714e-05
3.86714e-05
3.86714e-05
3.86715e-05
3.86715e-05
3.86716e-05
3.86716e-05
3.86717e-05
3.86717e-05
3.86717e-05
3.86718e-05
3.86718e-05
3.86719e-05
3.86719e-05
3.86719e-05
3.86719e-05
3.86719e-05
3.8672e-05
3.8672e-05
3.86719e-05
3.86719e-05
3.86719e-05
3.86719e-05
3.86719e-05
3.86718e-05
3.86718e-05
3.86717e-05
3.86717e-05
3.86716e-05
3.86716e-05
3.86716e-05
3.86715e-05
3.86715e-05
3.86714e-05
3.86714e-05
3.86714e-05
3.86714e-05
3.86713e-05
3.86713e-05
3.86713e-05
3.86713e-05
3.86713e-05
3.86712e-05
3.86712e-05
3.86712e-05
3.86712e-05
3.86712e-05
3.86712e-05
3.86712e-05
3.86712e-05
3.86712e-05
3.86712e-05
3.86712e-05
3.86712e-05
3.86712e-05
3.86712e-05
3.86712e-05
3.86712e-05
3.86712e-05
3.86712e-05
3.86712e-05
3.86712e-05
3.86712e-05
3.86712e-05
3.86712e-05
3.86712e-05
3.86712e-05
3.86712e-05
3.86712e-05
3.86712e-05
3.86712e-05
3.86712e-05
3.86712e-05
3.86712e-05
3.86712e-05
3.86712e-05
3.86712e-05
3.86712e-05
3.86712e-05
3.86712e-05
3.86712e-05
3.86712e-05
3.86712e-05
3.86712e-05
3.86712e-05
3.86712e-05
3.86712e-05
3.86712e-05
3.86712e-05
3.86712e-05
3.86712e-05
3.86712e-05
3.86712e-05
3.86712e-05
3.86712e-05
3.86712e-05
3.86712e-05
3.86712e-05
3.86712e-05
3.86712e-05
3.86712e-05
3.86712e-05
3.86712e-05
3.86712e-05
3.86712e-05
3.86712e-05
3.86712e-05
3.86712e-05
3.86712e-05
3.86712e-05
3.86712e-05
3.86712e-05
3.86712e-05
3.86712e-05
3.86712e-05
3.86712e-05
3.86712e-05
3.86712e-05
3.87378e-05
3.87378e-05
3.87378e-05
3.87378e-05
3.87378e-05
3.87378e-05
3.87378e-05
3.87378e-05
3.87378e-05
3.87378e-05
3.87378e-05
3.87378e-05
3.87378e-05
3.87378e-05
3.87378e-05
3.87378e-05
3.87378e-05
3.87378e-05
3.87378e-05
3.87378e-05
3.87378e-05
3.87378e-05
3.87378e-05
3.87378e-05
3.87378e-05
3.87378e-05
3.87378e-05
3.87378e-05
3.87378e-05
3.87378e-05
3.87378e-05
3.87378e-05
3.87378e-05
3.87378e-05
3.87378e-05
3.87378e-05
3.87378e-05
3.87378e-05
3.87378e-05
3.87378e-05
3.87378e-05
3.87378e-05
3.87378e-05
3.87378e-05
3.87378e-05
3.87378e-05
3.87378e-05
3.87378e-05
3.87378e-05
3.87378e-05
3.87378e-05
3.87378e-05
3.87378e-05
3.87378e-05
3.87377e-05
3.87377e-05
3.87377e-05
3.87377e-05
3.87377e-05
3.87377e-05
3.87377e-05
3.87377e-05
3.87377e-05
3.87377e-05
3.87377e-05
3.87377e-05
3.87377e-05
3.87377e-05
3.87377e-05
3.87377e-05
3.87377e-05
3.87377e-05
3.87377e-05
3.87378e-05
3.87378e-05
3.87378e-05
3.87378e-05
3.87378e-05
3.87378e-05
3.87379e-05
3.87379e-05
3.87379e-05
3.8738e-05
3.8738e-05
3.87381e-05
3.87381e-05
3.87382e-05
3.87382e-05
3.87383e-05
3.87384e-05
3.87384e-05
3.87385e-05
3.87386e-05
3.87386e-05
3.87387e-05
3.87387e-05
3.87388e-05
3.87388e-05
3.87388e-05
3.87388e-05
3.87388e-05
3.87388e-05
3.87388e-05
3.87388e-05
3.87387e-05
3.87387e-05
3.87386e-05
3.87386e-05
3.87385e-05
3.87384e-05
3.87384e-05
3.87383e-05
3.87382e-05
3.87382e-05
3.87381e-05
3.87381e-05
3.8738e-05
3.8738e-05
3.87379e-05
3.87379e-05
3.87379e-05
3.87378e-05
3.87378e-05
3.87378e-05
3.87378e-05
3.87378e-05
3.87377e-05
3.87377e-05
3.87377e-05
3.87377e-05
3.87377e-05
3.87377e-05
3.87377e-05
3.87377e-05
3.87377e-05
3.87377e-05
3.87377e-05
3.87377e-05
3.87377e-05
3.87377e-05
3.87377e-05
3.87377e-05
3.87377e-05
3.87377e-05
3.87377e-05
3.87377e-05
3.87377e-05
3.87377e-05
3.87377e-05
3.87377e-05
3.87377e-05
3.87377e-05
3.87377e-05
3.87377e-05
3.87377e-05
3.87378e-05
3.87378e-05
3.87378e-05
3.87378e-05
3.87378e-05
3.87378e-05
3.87378e-05
3.87378e-05
3.87378e-05
3.87378e-05
3.87378e-05
3.87378e-05
3.87378e-05
3.87378e-05
3.87378e-05
3.87378e-05
3.87378e-05
3.87378e-05
3.87378e-05
3.87378e-05
3.87378e-05
3.87378e-05
3.87378e-05
3.87378e-05
3.87378e-05
3.87378e-05
3.87378e-05
3.87378e-05
3.87378e-05
3.87378e-05
3.87378e-05
3.87378e-05
3.87378e-05
3.87378e-05
3.87378e-05
3.87378e-05
3.87378e-05
3.87378e-05
3.87378e-05
3.87378e-05
3.87378e-05
3.87378e-05
3.87378e-05
3.87378e-05
3.87378e-05
3.8676e-05
3.8676e-05
3.8676e-05
3.8676e-05
3.8676e-05
3.8676e-05
3.8676e-05
3.8676e-05
3.8676e-05
3.8676e-05
3.8676e-05
3.8676e-05
3.8676e-05
3.8676e-05
3.8676e-05
3.8676e-05
3.8676e-05
3.8676e-05
3.8676e-05
3.8676e-05
3.8676e-05
3.8676e-05
3.8676e-05
3.8676e-05
3.8676e-05
3.8676e-05
3.8676e-05
3.8676e-05
3.8676e-05
3.8676e-05
3.8676e-05
3.8676e-05
3.8676e-05
3.8676e-05
3.8676e-05
3.8676e-05
3.86759e-05
3.86759e-05
3.86759e-05
3.86759e-05
3.86759e-05
3.86759e-05
3.86759e-05
3.86759e-05
3.86759e-05
3.86759e-05
3.86759e-05
3.86759e-05
3.86759e-05
3.86759e-05
3.86759e-05
3.86759e-05
3.86759e-05
3.86759e-05
3.86759e-05
3.86759e-05
3.86759e-05
3.86759e-05
3.86759e-05
3.86759e-05
3.86759e-05
3.86759e-05
3.86759e-05
3.86759e-05
3.86759e-05
3.86759e-05
3.86759e-05
3.86759e-05
3.86759e-05
3.86759e-05
3.86759e-05
3.86759e-05
3.86759e-05
3.86759e-05
3.86759e-05
3.86759e-05
3.8676e-05
3.8676e-05
3.8676e-05
3.86761e-05
3.86761e-05
3.86762e-05
3.86762e-05
3.86763e-05
3.86764e-05
3.86764e-05
3.86765e-05
3.86766e-05
3.86767e-05
3.86768e-05
3.86769e-05
3.8677e-05
3.86771e-05
3.86772e-05
3.86773e-05
3.86773e-05
3.86774e-05
3.86774e-05
3.86775e-05
3.86775e-05
3.86775e-05
3.86775e-05
3.86774e-05
3.86774e-05
3.86773e-05
3.86773e-05
3.86772e-05
3.86771e-05
3.8677e-05
3.86769e-05
3.86768e-05
3.86767e-05
3.86766e-05
3.86765e-05
3.86764e-05
3.86764e-05
3.86763e-05
3.86762e-05
3.86762e-05
3.86761e-05
3.86761e-05
3.8676e-05
3.8676e-05
3.8676e-05
3.86759e-05
3.86759e-05
3.86759e-05
3.86759e-05
3.86759e-05
3.86759e-05
3.86759e-05
3.86759e-05
3.86759e-05
3.86759e-05
3.86759e-05
3.86759e-05
3.86759e-05
3.86759e-05
3.86759e-05
3.86759e-05
3.86759e-05
3.86759e-05
3.86759e-05
3.86759e-05
3.86759e-05
3.86759e-05
3.86759e-05
3.86759e-05
3.86759e-05
3.86759e-05
3.86759e-05
3.86759e-05
3.86759e-05
3.86759e-05
3.86759e-05
3.86759e-05
3.86759e-05
3.86759e-05
3.86759e-05
3.86759e-05
3.86759e-05
3.86759e-05
3.86759e-05
3.86759e-05
3.86759e-05
3.86759e-05
3.86759e-05
3.86759e-05
3.86759e-05
3.86759e-05
3.86759e-05
3.86759e-05
3.86759e-05
3.86759e-05
3.86759e-05
3.86759e-05
3.86759e-05
3.86759e-05
3.86759e-05
3.86759e-05
3.86759e-05
3.86759e-05
3.86759e-05
3.86759e-05
3.86759e-05
3.86759e-05
3.86759e-05
3.86759e-05
3.86759e-05
3.86759e-05
3.86759e-05
3.86759e-05
3.86759e-05
3.86759e-05
3.86759e-05
3.86759e-05
3.86759e-05
3.86759e-05
3.86759e-05
3.86759e-05
3.85445e-05
3.85445e-05
3.85445e-05
3.85445e-05
3.85445e-05
3.85445e-05
3.85445e-05
3.85445e-05
3.85445e-05
3.85445e-05
3.85445e-05
3.85445e-05
3.85445e-05
3.85445e-05
3.85445e-05
3.85445e-05
3.85445e-05
3.85445e-05
3.85445e-05
3.85445e-05
3.85445e-05
3.85445e-05
3.85445e-05
3.85445e-05
3.85445e-05
3.85445e-05
3.85445e-05
3.85445e-05
3.85445e-05
3.85445e-05
3.85445e-05
3.85445e-05
3.85445e-05
3.85445e-05
3.85445e-05
3.85445e-05
3.85445e-05
3.85445e-05
3.85445e-05
3.85445e-05
3.85445e-05
3.85445e-05
3.85445e-05
3.85445e-05
3.85445e-05
3.85445e-05
3.85445e-05
3.85444e-05
3.85444e-05
3.85444e-05
3.85444e-05
3.85444e-05
3.85444e-05
3.85444e-05
3.85444e-05
3.85444e-05
3.85444e-05
3.85444e-05
3.85444e-05
3.85444e-05
3.85444e-05
3.85444e-05
3.85444e-05
3.85444e-05
3.85444e-05
3.85444e-05
3.85444e-05
3.85444e-05
3.85444e-05
3.85444e-05
3.85444e-05
3.85444e-05
3.85444e-05
3.85444e-05
3.85444e-05
3.85445e-05
3.85445e-05
3.85445e-05
3.85446e-05
3.85447e-05
3.85447e-05
3.85448e-05
3.85449e-05
3.8545e-05
3.85451e-05
3.85452e-05
3.85453e-05
3.85455e-05
3.85456e-05
3.85457e-05
3.85459e-05
3.8546e-05
3.85461e-05
3.85463e-05
3.85464e-05
3.85465e-05
3.85466e-05
3.85466e-05
3.85467e-05
3.85467e-05
3.85467e-05
3.85467e-05
3.85466e-05
3.85466e-05
3.85465e-05
3.85464e-05
3.85463e-05
3.85461e-05
3.8546e-05
3.85459e-05
3.85457e-05
3.85456e-05
3.85454e-05
3.85453e-05
3.85452e-05
3.85451e-05
3.8545e-05
3.85449e-05
3.85448e-05
3.85447e-05
3.85446e-05
3.85446e-05
3.85445e-05
3.85445e-05
3.85445e-05
3.85444e-05
3.85444e-05
3.85444e-05
3.85444e-05
3.85444e-05
3.85444e-05
3.85444e-05
3.85443e-05
3.85443e-05
3.85444e-05
3.85444e-05
3.85444e-05
3.85444e-05
3.85444e-05
3.85444e-05
3.85444e-05
3.85444e-05
3.85444e-05
3.85444e-05
3.85444e-05
3.85444e-05
3.85444e-05
3.85444e-05
3.85444e-05
3.85444e-05
3.85444e-05
3.85444e-05
3.85444e-05
3.85444e-05
3.85444e-05
3.85444e-05
3.85444e-05
3.85444e-05
3.85444e-05
3.85444e-05
3.85444e-05
3.85444e-05
3.85444e-05
3.85444e-05
3.85444e-05
3.85444e-05
3.85445e-05
3.85445e-05
3.85445e-05
3.85445e-05
3.85445e-05
3.85445e-05
3.85445e-05
3.85445e-05
3.85445e-05
3.85445e-05
3.85445e-05
3.85445e-05
3.85445e-05
3.85445e-05
3.85445e-05
3.85445e-05
3.85445e-05
3.85445e-05
3.85445e-05
3.85445e-05
3.85445e-05
3.85445e-05
3.85445e-05
3.85445e-05
3.85445e-05
3.85445e-05
3.85445e-05
3.85445e-05
3.85445e-05
3.85445e-05
3.85445e-05
3.85445e-05
3.85445e-05
3.85445e-05
3.83868e-05
3.83868e-05
3.83868e-05
3.83868e-05
3.83868e-05
3.83868e-05
3.83868e-05
3.83868e-05
3.83868e-05
3.83868e-05
3.83868e-05
3.83868e-05
3.83868e-05
3.83868e-05
3.83868e-05
3.83868e-05
3.83868e-05
3.83868e-05
3.83868e-05
3.83868e-05
3.83867e-05
3.83867e-05
3.83867e-05
3.83867e-05
3.83867e-05
3.83867e-05
3.83867e-05
3.83867e-05
3.83867e-05
3.83867e-05
3.83867e-05
3.83867e-05
3.83867e-05
3.83867e-05
3.83867e-05
3.83867e-05
3.83867e-05
3.83867e-05
3.83867e-05
3.83867e-05
3.83867e-05
3.83867e-05
3.83867e-05
3.83867e-05
3.83867e-05
3.83867e-05
3.83867e-05
3.83866e-05
3.83866e-05
3.83866e-05
3.83866e-05
3.83866e-05
3.83866e-05
3.83866e-05
3.83866e-05
3.83866e-05
3.83866e-05
3.83866e-05
3.83866e-05
3.83866e-05
3.83866e-05
3.83866e-05
3.83866e-05
3.83865e-05
3.83865e-05
3.83865e-05
3.83865e-05
3.83865e-05
3.83865e-05
3.83865e-05
3.83866e-05
3.83866e-05
3.83866e-05
3.83866e-05
3.83866e-05
3.83867e-05
3.83867e-05
3.83868e-05
3.83869e-05
3.83869e-05
3.8387e-05
3.83871e-05
3.83873e-05
3.83874e-05
3.83876e-05
3.83877e-05
3.83879e-05
3.83881e-05
3.83883e-05
3.83885e-05
3.83887e-05
3.83889e-05
3.83891e-05
3.83893e-05
3.83894e-05
3.83896e-05
3.83897e-05
3.83898e-05
3.83898e-05
3.83899e-05
3.83899e-05
3.83898e-05
3.83898e-05
3.83897e-05
3.83896e-05
3.83894e-05
3.83893e-05
3.83891e-05
3.83889e-05
3.83887e-05
3.83885e-05
3.83883e-05
3.83881e-05
3.83879e-05
3.83877e-05
3.83875e-05
3.83874e-05
3.83873e-05
3.83871e-05
3.8387e-05
3.83869e-05
3.83868e-05
3.83868e-05
3.83867e-05
3.83866e-05
3.83866e-05
3.83866e-05
3.83866e-05
3.83865e-05
3.83865e-05
3.83865e-05
3.83865e-05
3.83865e-05
3.83865e-05
3.83865e-05
3.83865e-05
3.83865e-05
3.83865e-05
3.83865e-05
3.83865e-05
3.83865e-05
3.83865e-05
3.83865e-05
3.83866e-05
3.83866e-05
3.83866e-05
3.83866e-05
3.83866e-05
3.83866e-05
3.83866e-05
3.83866e-05
3.83866e-05
3.83866e-05
3.83866e-05
3.83866e-05
3.83866e-05
3.83866e-05
3.83866e-05
3.83866e-05
3.83866e-05
3.83866e-05
3.83866e-05
3.83866e-05
3.83866e-05
3.83867e-05
3.83867e-05
3.83867e-05
3.83867e-05
3.83867e-05
3.83867e-05
3.83867e-05
3.83867e-05
3.83867e-05
3.83867e-05
3.83867e-05
3.83867e-05
3.83867e-05
3.83867e-05
3.83867e-05
3.83867e-05
3.83867e-05
3.83867e-05
3.83867e-05
3.83867e-05
3.83867e-05
3.83867e-05
3.83867e-05
3.83867e-05
3.83867e-05
3.83867e-05
3.83867e-05
3.83867e-05
3.83867e-05
3.83867e-05
3.83867e-05
3.83867e-05
3.83867e-05
3.83867e-05
3.83867e-05
3.83867e-05
3.82313e-05
3.82313e-05
3.82313e-05
3.82313e-05
3.82313e-05
3.82313e-05
3.82313e-05
3.82313e-05
3.82313e-05
3.82313e-05
3.82313e-05
3.82313e-05
3.82313e-05
3.82313e-05
3.82313e-05
3.82313e-05
3.82313e-05
3.82313e-05
3.82313e-05
3.82313e-05
3.82313e-05
3.82313e-05
3.82313e-05
3.82313e-05
3.82313e-05
3.82313e-05
3.82313e-05
3.82313e-05
3.82313e-05
3.82312e-05
3.82312e-05
3.82312e-05
3.82312e-05
3.82312e-05
3.82312e-05
3.82312e-05
3.82312e-05
3.82312e-05
3.82312e-05
3.82312e-05
3.82312e-05
3.82312e-05
3.82312e-05
3.82312e-05
3.82312e-05
3.82312e-05
3.82311e-05
3.82311e-05
3.82311e-05
3.82311e-05
3.82311e-05
3.82311e-05
3.82311e-05
3.82311e-05
3.82311e-05
3.82311e-05
3.82311e-05
3.8231e-05
3.8231e-05
3.8231e-05
3.8231e-05
3.8231e-05
3.8231e-05
3.8231e-05
3.8231e-05
3.8231e-05
3.8231e-05
3.8231e-05
3.8231e-05
3.8231e-05
3.8231e-05
3.8231e-05
3.8231e-05
3.82311e-05
3.82311e-05
3.82312e-05
3.82312e-05
3.82313e-05
3.82314e-05
3.82315e-05
3.82317e-05
3.82318e-05
3.8232e-05
3.82322e-05
3.82324e-05
3.82327e-05
3.82329e-05
3.82332e-05
3.82335e-05
3.82338e-05
3.8234e-05
3.82343e-05
3.82346e-05
3.82348e-05
3.82351e-05
3.82353e-05
3.82355e-05
3.82356e-05
3.82357e-05
3.82357e-05
3.82357e-05
3.82357e-05
3.82356e-05
3.82355e-05
3.82353e-05
3.82351e-05
3.82348e-05
3.82346e-05
3.82343e-05
3.8234e-05
3.82337e-05
3.82335e-05
3.82332e-05
3.82329e-05
3.82326e-05
3.82324e-05
3.82322e-05
3.8232e-05
3.82318e-05
3.82316e-05
3.82315e-05
3.82314e-05
3.82313e-05
3.82312e-05
3.82311e-05
3.82311e-05
3.8231e-05
3.8231e-05
3.8231e-05
3.82309e-05
3.82309e-05
3.82309e-05
3.82309e-05
3.82309e-05
3.82309e-05
3.82309e-05
3.82309e-05
3.82309e-05
3.82309e-05
3.8231e-05
3.8231e-05
3.8231e-05
3.8231e-05
3.8231e-05
3.8231e-05
3.8231e-05
3.8231e-05
3.8231e-05
3.8231e-05
3.8231e-05
3.82311e-05
3.82311e-05
3.82311e-05
3.82311e-05
3.82311e-05
3.82311e-05
3.82311e-05
3.82311e-05
3.82311e-05
3.82311e-05
3.82311e-05
3.82311e-05
3.82311e-05
3.82311e-05
3.82311e-05
3.82311e-05
3.82311e-05
3.82312e-05
3.82312e-05
3.82312e-05
3.82312e-05
3.82312e-05
3.82312e-05
3.82312e-05
3.82312e-05
3.82312e-05
3.82312e-05
3.82312e-05
3.82312e-05
3.82312e-05
3.82312e-05
3.82312e-05
3.82312e-05
3.82312e-05
3.82312e-05
3.82312e-05
3.82312e-05
3.82312e-05
3.82312e-05
3.82312e-05
3.82312e-05
3.82312e-05
3.82312e-05
3.82312e-05
3.82312e-05
3.82312e-05
3.82312e-05
3.82312e-05
3.82312e-05
3.82312e-05
3.80957e-05
3.80957e-05
3.80957e-05
3.80957e-05
3.80957e-05
3.80957e-05
3.80957e-05
3.80957e-05
3.80957e-05
3.80957e-05
3.80957e-05
3.80957e-05
3.80957e-05
3.80957e-05
3.80957e-05
3.80957e-05
3.80957e-05
3.80957e-05
3.80957e-05
3.80957e-05
3.80957e-05
3.80956e-05
3.80956e-05
3.80956e-05
3.80956e-05
3.80956e-05
3.80956e-05
3.80956e-05
3.80956e-05
3.80956e-05
3.80956e-05
3.80956e-05
3.80956e-05
3.80956e-05
3.80956e-05
3.80956e-05
3.80955e-05
3.80955e-05
3.80955e-05
3.80955e-05
3.80955e-05
3.80955e-05
3.80955e-05
3.80955e-05
3.80955e-05
3.80955e-05
3.80954e-05
3.80954e-05
3.80954e-05
3.80954e-05
3.80954e-05
3.80954e-05
3.80954e-05
3.80954e-05
3.80953e-05
3.80953e-05
3.80953e-05
3.80953e-05
3.80953e-05
3.80953e-05
3.80953e-05
3.80952e-05
3.80952e-05
3.80952e-05
3.80952e-05
3.80952e-05
3.80952e-05
3.80952e-05
3.80952e-05
3.80952e-05
3.80952e-05
3.80952e-05
3.80953e-05
3.80953e-05
3.80954e-05
3.80955e-05
3.80956e-05
3.80957e-05
3.80958e-05
3.8096e-05
3.80962e-05
3.80964e-05
3.80967e-05
3.80969e-05
3.80973e-05
3.80976e-05
3.8098e-05
3.80983e-05
3.80987e-05
3.80991e-05
3.80995e-05
3.80999e-05
3.81003e-05
3.81007e-05
3.8101e-05
3.81013e-05
3.81015e-05
3.81017e-05
3.81019e-05
3.81019e-05
3.81019e-05
3.81018e-05
3.81017e-05
3.81015e-05
3.81013e-05
3.8101e-05
3.81007e-05
3.81003e-05
3.80999e-05
3.80995e-05
3.80991e-05
3.80987e-05
3.80983e-05
3.80979e-05
3.80976e-05
3.80972e-05
3.80969e-05
3.80966e-05
3.80964e-05
3.80961e-05
3.80959e-05
3.80958e-05
3.80956e-05
3.80955e-05
3.80954e-05
3.80953e-05
3.80953e-05
3.80952e-05
3.80952e-05
3.80952e-05
3.80951e-05
3.80951e-05
3.80951e-05
3.80951e-05
3.80951e-05
3.80951e-05
3.80951e-05
3.80951e-05
3.80952e-05
3.80952e-05
3.80952e-05
3.80952e-05
3.80952e-05
3.80952e-05
3.80952e-05
3.80953e-05
3.80953e-05
3.80953e-05
3.80953e-05
3.80953e-05
3.80953e-05
3.80953e-05
3.80953e-05
3.80953e-05
3.80954e-05
3.80954e-05
3.80954e-05
3.80954e-05
3.80954e-05
3.80954e-05
3.80954e-05
3.80954e-05
3.80954e-05
3.80954e-05
3.80954e-05
3.80955e-05
3.80955e-05
3.80955e-05
3.80955e-05
3.80955e-05
3.80955e-05
3.80955e-05
3.80955e-05
3.80955e-05
3.80955e-05
3.80955e-05
3.80955e-05
3.80955e-05
3.80955e-05
3.80955e-05
3.80955e-05
3.80955e-05
3.80955e-05
3.80955e-05
3.80956e-05
3.80956e-05
3.80956e-05
3.80956e-05
3.80956e-05
3.80956e-05
3.80956e-05
3.80956e-05
3.80956e-05
3.80956e-05
3.80956e-05
3.80956e-05
3.80956e-05
3.80956e-05
3.80956e-05
3.80956e-05
3.79904e-05
3.79904e-05
3.79904e-05
3.79904e-05
3.79904e-05
3.79904e-05
3.79904e-05
3.79904e-05
3.79904e-05
3.79904e-05
3.79904e-05
3.79904e-05
3.79904e-05
3.79904e-05
3.79904e-05
3.79904e-05
3.79904e-05
3.79904e-05
3.79904e-05
3.79904e-05
3.79904e-05
3.79904e-05
3.79904e-05
3.79903e-05
3.79903e-05
3.79903e-05
3.79903e-05
3.79903e-05
3.79903e-05
3.79903e-05
3.79903e-05
3.79903e-05
3.79903e-05
3.79903e-05
3.79902e-05
3.79902e-05
3.79902e-05
3.79902e-05
3.79902e-05
3.79902e-05
3.79902e-05
3.79901e-05
3.79901e-05
3.79901e-05
3.79901e-05
3.79901e-05
3.79901e-05
3.799e-05
3.799e-05
3.799e-05
3.799e-05
3.799e-05
3.799e-05
3.79899e-05
3.79899e-05
3.79899e-05
3.79899e-05
3.79898e-05
3.79898e-05
3.79898e-05
3.79898e-05
3.79898e-05
3.79897e-05
3.79897e-05
3.79897e-05
3.79897e-05
3.79897e-05
3.79897e-05
3.79897e-05
3.79897e-05
3.79897e-05
3.79898e-05
3.79898e-05
3.79899e-05
3.799e-05
3.79901e-05
3.79902e-05
3.79904e-05
3.79906e-05
3.79908e-05
3.79911e-05
3.79914e-05
3.79918e-05
3.79921e-05
3.79926e-05
3.79931e-05
3.79936e-05
3.79941e-05
3.79946e-05
3.79952e-05
3.79958e-05
3.79963e-05
3.79969e-05
3.79974e-05
3.79978e-05
3.79983e-05
3.79986e-05
3.79989e-05
3.7999e-05
3.79991e-05
3.79991e-05
3.7999e-05
3.79988e-05
3.79986e-05
3.79982e-05
3.79978e-05
3.79974e-05
3.79969e-05
3.79963e-05
3.79958e-05
3.79952e-05
3.79946e-05
3.79941e-05
3.79935e-05
3.7993e-05
3.79925e-05
3.79921e-05
3.79917e-05
3.79913e-05
3.7991e-05
3.79907e-05
3.79905e-05
3.79903e-05
3.79901e-05
3.799e-05
3.79899e-05
3.79898e-05
3.79897e-05
3.79897e-05
3.79896e-05
3.79896e-05
3.79896e-05
3.79896e-05
3.79896e-05
3.79896e-05
3.79896e-05
3.79896e-05
3.79896e-05
3.79897e-05
3.79897e-05
3.79897e-05
3.79897e-05
3.79897e-05
3.79898e-05
3.79898e-05
3.79898e-05
3.79898e-05
3.79898e-05
3.79898e-05
3.79899e-05
3.79899e-05
3.79899e-05
3.79899e-05
3.79899e-05
3.79899e-05
3.799e-05
3.799e-05
3.799e-05
3.799e-05
3.799e-05
3.799e-05
3.799e-05
3.79901e-05
3.79901e-05
3.79901e-05
3.79901e-05
3.79901e-05
3.79901e-05
3.79901e-05
3.79901e-05
3.79901e-05
3.79901e-05
3.79902e-05
3.79902e-05
3.79902e-05
3.79902e-05
3.79902e-05
3.79902e-05
3.79902e-05
3.79902e-05
3.79902e-05
3.79902e-05
3.79902e-05
3.79902e-05
3.79902e-05
3.79902e-05
3.79902e-05
3.79902e-05
3.79902e-05
3.79902e-05
3.79903e-05
3.79903e-05
3.79903e-05
3.79903e-05
3.79903e-05
3.79903e-05
3.79903e-05
3.79903e-05
3.79903e-05
3.79903e-05
3.79223e-05
3.79223e-05
3.79223e-05
3.79223e-05
3.79223e-05
3.79223e-05
3.79223e-05
3.79223e-05
3.79223e-05
3.79223e-05
3.79223e-05
3.79223e-05
3.79223e-05
3.79223e-05
3.79223e-05
3.79223e-05
3.79223e-05
3.79223e-05
3.79223e-05
3.79222e-05
3.79222e-05
3.79222e-05
3.79222e-05
3.79222e-05
3.79222e-05
3.79222e-05
3.79222e-05
3.79222e-05
3.79221e-05
3.79221e-05
3.79221e-05
3.79221e-05
3.79221e-05
3.79221e-05
3.7922e-05
3.7922e-05
3.7922e-05
3.7922e-05
3.7922e-05
3.79219e-05
3.79219e-05
3.79219e-05
3.79219e-05
3.79219e-05
3.79218e-05
3.79218e-05
3.79218e-05
3.79218e-05
3.79217e-05
3.79217e-05
3.79217e-05
3.79217e-05
3.79216e-05
3.79216e-05
3.79216e-05
3.79215e-05
3.79215e-05
3.79215e-05
3.79214e-05
3.79214e-05
3.79214e-05
3.79213e-05
3.79213e-05
3.79213e-05
3.79213e-05
3.79213e-05
3.79212e-05
3.79212e-05
3.79212e-05
3.79213e-05
3.79213e-05
3.79213e-05
3.79214e-05
3.79215e-05
3.79216e-05
3.79218e-05
3.7922e-05
3.79222e-05
3.79225e-05
3.79228e-05
3.79232e-05
3.79236e-05
3.79241e-05
3.79246e-05
3.79253e-05
3.79259e-05
3.79266e-05
3.79274e-05
3.79281e-05
3.79289e-05
3.79297e-05
3.79305e-05
3.79312e-05
3.79319e-05
3.79326e-05
3.79331e-05
3.79336e-05
3.7934e-05
3.79342e-05
3.79344e-05
3.79344e-05
3.79342e-05
3.7934e-05
3.79336e-05
3.79331e-05
3.79326e-05
3.79319e-05
3.79312e-05
3.79304e-05
3.79297e-05
3.79289e-05
3.79281e-05
3.79273e-05
3.79266e-05
3.79258e-05
3.79252e-05
3.79246e-05
3.7924e-05
3.79235e-05
3.79231e-05
3.79227e-05
3.79224e-05
3.79221e-05
3.79219e-05
3.79217e-05
3.79215e-05
3.79214e-05
3.79213e-05
3.79212e-05
3.79212e-05
3.79211e-05
3.79211e-05
3.79211e-05
3.79211e-05
3.79211e-05
3.79211e-05
3.79212e-05
3.79212e-05
3.79212e-05
3.79212e-05
3.79213e-05
3.79213e-05
3.79213e-05
3.79213e-05
3.79214e-05
3.79214e-05
3.79214e-05
3.79215e-05
3.79215e-05
3.79215e-05
3.79215e-05
3.79216e-05
3.79216e-05
3.79216e-05
3.79216e-05
3.79216e-05
3.79217e-05
3.79217e-05
3.79217e-05
3.79217e-05
3.79217e-05
3.79218e-05
3.79218e-05
3.79218e-05
3.79218e-05
3.79218e-05
3.79218e-05
3.79219e-05
3.79219e-05
3.79219e-05
3.79219e-05
3.79219e-05
3.79219e-05
3.79219e-05
3.79219e-05
3.7922e-05
3.7922e-05
3.7922e-05
3.7922e-05
3.7922e-05
3.7922e-05
3.7922e-05
3.7922e-05
3.7922e-05
3.7922e-05
3.7922e-05
3.7922e-05
3.79221e-05
3.79221e-05
3.79221e-05
3.79221e-05
3.79221e-05
3.79221e-05
3.79221e-05
3.79221e-05
3.79221e-05
3.79221e-05
3.79221e-05
3.79221e-05
3.79221e-05
3.78968e-05
3.78968e-05
3.78968e-05
3.78968e-05
3.78968e-05
3.78968e-05
3.78968e-05
3.78968e-05
3.78968e-05
3.78968e-05
3.78968e-05
3.78968e-05
3.78968e-05
3.78968e-05
3.78968e-05
3.78968e-05
3.78967e-05
3.78967e-05
3.78967e-05
3.78967e-05
3.78967e-05
3.78967e-05
3.78967e-05
3.78966e-05
3.78966e-05
3.78966e-05
3.78966e-05
3.78966e-05
3.78966e-05
3.78965e-05
3.78965e-05
3.78965e-05
3.78965e-05
3.78964e-05
3.78964e-05
3.78964e-05
3.78964e-05
3.78963e-05
3.78963e-05
3.78963e-05
3.78963e-05
3.78962e-05
3.78962e-05
3.78962e-05
3.78961e-05
3.78961e-05
3.78961e-05
3.7896e-05
3.7896e-05
3.78959e-05
3.78959e-05
3.78959e-05
3.78958e-05
3.78958e-05
3.78957e-05
3.78957e-05
3.78956e-05
3.78956e-05
3.78956e-05
3.78955e-05
3.78955e-05
3.78954e-05
3.78954e-05
3.78953e-05
3.78953e-05
3.78953e-05
3.78953e-05
3.78953e-05
3.78953e-05
3.78953e-05
3.78953e-05
3.78954e-05
3.78955e-05
3.78956e-05
3.78958e-05
3.7896e-05
3.78962e-05
3.78966e-05
3.78969e-05
3.78974e-05
3.78979e-05
3.78985e-05
3.78992e-05
3.79e-05
3.79008e-05
3.79017e-05
3.79027e-05
3.79037e-05
3.79047e-05
3.79058e-05
3.79069e-05
3.7908e-05
3.7909e-05
3.791e-05
3.79109e-05
3.79117e-05
3.79123e-05
3.79128e-05
3.79132e-05
3.79133e-05
3.79133e-05
3.79132e-05
3.79128e-05
3.79123e-05
3.79116e-05
3.79109e-05
3.791e-05
3.7909e-05
3.79079e-05
3.79069e-05
3.79058e-05
3.79047e-05
3.79036e-05
3.79026e-05
3.79016e-05
3.79007e-05
3.78999e-05
3.78991e-05
3.78984e-05
3.78978e-05
3.78973e-05
3.78968e-05
3.78964e-05
3.78961e-05
3.78958e-05
3.78956e-05
3.78955e-05
3.78953e-05
3.78952e-05
3.78952e-05
3.78951e-05
3.78951e-05
3.78951e-05
3.78951e-05
3.78951e-05
3.78951e-05
3.78951e-05
3.78952e-05
3.78952e-05
3.78953e-05
3.78953e-05
3.78953e-05
3.78954e-05
3.78954e-05
3.78955e-05
3.78955e-05
3.78955e-05
3.78956e-05
3.78956e-05
3.78957e-05
3.78957e-05
3.78957e-05
3.78958e-05
3.78958e-05
3.78958e-05
3.78959e-05
3.78959e-05
3.78959e-05
3.78959e-05
3.7896e-05
3.7896e-05
3.7896e-05
3.7896e-05
3.78961e-05
3.78961e-05
3.78961e-05
3.78961e-05
3.78962e-05
3.78962e-05
3.78962e-05
3.78962e-05
3.78962e-05
3.78963e-05
3.78963e-05
3.78963e-05
3.78963e-05
3.78963e-05
3.78963e-05
3.78964e-05
3.78964e-05
3.78964e-05
3.78964e-05
3.78964e-05
3.78964e-05
3.78964e-05
3.78964e-05
3.78964e-05
3.78964e-05
3.78965e-05
3.78965e-05
3.78965e-05
3.78965e-05
3.78965e-05
3.78965e-05
3.78965e-05
3.78965e-05
3.78965e-05
3.78965e-05
3.78965e-05
3.78965e-05
3.79197e-05
3.79197e-05
3.79197e-05
3.79197e-05
3.79197e-05
3.79197e-05
3.79197e-05
3.79197e-05
3.79197e-05
3.79197e-05
3.79197e-05
3.79196e-05
3.79196e-05
3.79196e-05
3.79196e-05
3.79196e-05
3.79196e-05
3.79196e-05
3.79195e-05
3.79195e-05
3.79195e-05
3.79195e-05
3.79195e-05
3.79194e-05
3.79194e-05
3.79194e-05
3.79194e-05
3.79193e-05
3.79193e-05
3.79193e-05
3.79192e-05
3.79192e-05
3.79192e-05
3.79191e-05
3.79191e-05
3.79191e-05
3.7919e-05
3.7919e-05
3.79189e-05
3.79189e-05
3.79189e-05
3.79188e-05
3.79188e-05
3.79187e-05
3.79187e-05
3.79186e-05
3.79186e-05
3.79185e-05
3.79185e-05
3.79184e-05
3.79184e-05
3.79183e-05
3.79182e-05
3.79182e-05
3.79181e-05
3.79181e-05
3.7918e-05
3.79179e-05
3.79179e-05
3.79178e-05
3.79177e-05
3.79177e-05
3.79176e-05
3.79176e-05
3.79175e-05
3.79175e-05
3.79175e-05
3.79174e-05
3.79174e-05
3.79175e-05
3.79175e-05
3.79176e-05
3.79177e-05
3.79179e-05
3.79181e-05
3.79184e-05
3.79188e-05
3.79192e-05
3.79197e-05
3.79203e-05
3.79211e-05
3.79219e-05
3.79228e-05
3.79238e-05
3.7925e-05
3.79262e-05
3.79275e-05
3.79289e-05
3.79304e-05
3.79319e-05
3.79334e-05
3.79348e-05
3.79362e-05
3.79376e-05
3.79388e-05
3.79398e-05
3.79407e-05
3.79414e-05
3.79419e-05
3.79421e-05
3.79421e-05
3.79419e-05
3.79414e-05
3.79407e-05
3.79398e-05
3.79387e-05
3.79375e-05
3.79362e-05
3.79348e-05
3.79333e-05
3.79318e-05
3.79303e-05
3.79288e-05
3.79274e-05
3.79261e-05
3.79249e-05
3.79237e-05
3.79227e-05
3.79217e-05
3.79209e-05
3.79202e-05
3.79196e-05
3.7919e-05
3.79186e-05
3.79182e-05
3.79179e-05
3.79177e-05
3.79175e-05
3.79174e-05
3.79173e-05
3.79172e-05
3.79172e-05
3.79172e-05
3.79172e-05
3.79172e-05
3.79173e-05
3.79173e-05
3.79173e-05
3.79174e-05
3.79174e-05
3.79175e-05
3.79176e-05
3.79176e-05
3.79177e-05
3.79177e-05
3.79178e-05
3.79179e-05
3.79179e-05
3.7918e-05
3.7918e-05
3.79181e-05
3.79181e-05
3.79182e-05
3.79182e-05
3.79183e-05
3.79183e-05
3.79184e-05
3.79184e-05
3.79184e-05
3.79185e-05
3.79185e-05
3.79186e-05
3.79186e-05
3.79186e-05
3.79187e-05
3.79187e-05
3.79187e-05
3.79188e-05
3.79188e-05
3.79188e-05
3.79188e-05
3.79189e-05
3.79189e-05
3.79189e-05
3.79189e-05
3.7919e-05
3.7919e-05
3.7919e-05
3.7919e-05
3.7919e-05
3.79191e-05
3.79191e-05
3.79191e-05
3.79191e-05
3.79191e-05
3.79191e-05
3.79192e-05
3.79192e-05
3.79192e-05
3.79192e-05
3.79192e-05
3.79192e-05
3.79192e-05
3.79192e-05
3.79192e-05
3.79192e-05
3.79192e-05
3.79192e-05
3.79192e-05
3.79192e-05
3.7998e-05
3.7998e-05
3.7998e-05
3.7998e-05
3.7998e-05
3.7998e-05
3.7998e-05
3.7998e-05
3.7998e-05
3.79979e-05
3.79979e-05
3.79979e-05
3.79979e-05
3.79979e-05
3.79979e-05
3.79978e-05
3.79978e-05
3.79978e-05
3.79978e-05
3.79977e-05
3.79977e-05
3.79977e-05
3.79976e-05
3.79976e-05
3.79976e-05
3.79975e-05
3.79975e-05
3.79975e-05
3.79974e-05
3.79974e-05
3.79973e-05
3.79973e-05
3.79972e-05
3.79972e-05
3.79971e-05
3.79971e-05
3.7997e-05
3.7997e-05
3.79969e-05
3.79969e-05
3.79968e-05
3.79968e-05
3.79967e-05
3.79966e-05
3.79966e-05
3.79965e-05
3.79964e-05
3.79963e-05
3.79963e-05
3.79962e-05
3.79961e-05
3.7996e-05
3.79959e-05
3.79959e-05
3.79958e-05
3.79957e-05
3.79956e-05
3.79955e-05
3.79954e-05
3.79953e-05
3.79952e-05
3.79951e-05
3.7995e-05
3.7995e-05
3.79949e-05
3.79949e-05
3.79948e-05
3.79948e-05
3.79948e-05
3.79948e-05
3.79949e-05
3.7995e-05
3.79952e-05
3.79954e-05
3.79957e-05
3.79961e-05
3.79966e-05
3.79972e-05
3.79979e-05
3.79987e-05
3.79997e-05
3.80008e-05
3.8002e-05
3.80034e-05
3.8005e-05
3.80066e-05
3.80084e-05
3.80103e-05
3.80123e-05
3.80143e-05
3.80163e-05
3.80183e-05
3.80202e-05
3.8022e-05
3.80237e-05
3.80251e-05
3.80263e-05
3.80273e-05
3.80279e-05
3.80282e-05
3.80282e-05
3.80279e-05
3.80272e-05
3.80263e-05
3.80251e-05
3.80236e-05
3.8022e-05
3.80201e-05
3.80182e-05
3.80162e-05
3.80142e-05
3.80122e-05
3.80102e-05
3.80083e-05
3.80065e-05
3.80048e-05
3.80032e-05
3.80018e-05
3.80006e-05
3.79995e-05
3.79985e-05
3.79976e-05
3.79969e-05
3.79963e-05
3.79958e-05
3.79954e-05
3.79951e-05
3.79949e-05
3.79947e-05
3.79946e-05
3.79945e-05
3.79945e-05
3.79944e-05
3.79945e-05
3.79945e-05
3.79945e-05
3.79946e-05
3.79947e-05
3.79947e-05
3.79948e-05
3.79949e-05
3.7995e-05
3.79951e-05
3.79952e-05
3.79952e-05
3.79953e-05
3.79954e-05
3.79955e-05
3.79956e-05
3.79956e-05
3.79957e-05
3.79958e-05
3.79958e-05
3.79959e-05
3.7996e-05
3.7996e-05
3.79961e-05
3.79962e-05
3.79962e-05
3.79963e-05
3.79963e-05
3.79964e-05
3.79964e-05
3.79965e-05
3.79965e-05
3.79966e-05
3.79966e-05
3.79967e-05
3.79967e-05
3.79968e-05
3.79968e-05
3.79968e-05
3.79969e-05
3.79969e-05
3.79969e-05
3.7997e-05
3.7997e-05
3.7997e-05
3.79971e-05
3.79971e-05
3.79971e-05
3.79971e-05
3.79972e-05
3.79972e-05
3.79972e-05
3.79972e-05
3.79972e-05
3.79973e-05
3.79973e-05
3.79973e-05
3.79973e-05
3.79973e-05
3.79973e-05
3.79973e-05
3.79973e-05
3.79973e-05
3.79973e-05
3.79974e-05
3.79974e-05
3.79974e-05
3.81409e-05
3.81409e-05
3.81409e-05
3.81409e-05
3.81409e-05
3.81409e-05
3.81409e-05
3.81409e-05
3.81409e-05
3.81409e-05
3.81408e-05
3.81408e-05
3.81408e-05
3.81408e-05
3.81407e-05
3.81407e-05
3.81407e-05
3.81406e-05
3.81406e-05
3.81406e-05
3.81405e-05
3.81405e-05
3.81404e-05
3.81404e-05
3.81403e-05
3.81403e-05
3.81402e-05
3.81402e-05
3.81401e-05
3.81401e-05
3.814e-05
3.81399e-05
3.81399e-05
3.81398e-05
3.81397e-05
3.81397e-05
3.81396e-05
3.81395e-05
3.81394e-05
3.81393e-05
3.81393e-05
3.81392e-05
3.81391e-05
3.8139e-05
3.81389e-05
3.81388e-05
3.81387e-05
3.81386e-05
3.81385e-05
3.81384e-05
3.81383e-05
3.81382e-05
3.8138e-05
3.81379e-05
3.81378e-05
3.81377e-05
3.81375e-05
3.81374e-05
3.81373e-05
3.81372e-05
3.8137e-05
3.81369e-05
3.81368e-05
3.81367e-05
3.81366e-05
3.81365e-05
3.81364e-05
3.81364e-05
3.81364e-05
3.81365e-05
3.81366e-05
3.81367e-05
3.81369e-05
3.81372e-05
3.81376e-05
3.81382e-05
3.81388e-05
3.81396e-05
3.81405e-05
3.81417e-05
3.81429e-05
3.81444e-05
3.81461e-05
3.8148e-05
3.815e-05
3.81523e-05
3.81547e-05
3.81572e-05
3.81598e-05
3.81625e-05
3.81652e-05
3.81679e-05
3.81705e-05
3.81729e-05
3.81751e-05
3.81771e-05
3.81787e-05
3.818e-05
3.81808e-05
3.81813e-05
3.81813e-05
3.81808e-05
3.81799e-05
3.81787e-05
3.8177e-05
3.81751e-05
3.81728e-05
3.81704e-05
3.81678e-05
3.81651e-05
3.81624e-05
3.81597e-05
3.8157e-05
3.81545e-05
3.81521e-05
3.81498e-05
3.81477e-05
3.81458e-05
3.81441e-05
3.81426e-05
3.81413e-05
3.81402e-05
3.81393e-05
3.81385e-05
3.81378e-05
3.81373e-05
3.81368e-05
3.81365e-05
3.81363e-05
3.81361e-05
3.8136e-05
3.8136e-05
3.81359e-05
3.8136e-05
3.8136e-05
3.81361e-05
3.81362e-05
3.81363e-05
3.81364e-05
3.81365e-05
3.81366e-05
3.81367e-05
3.81368e-05
3.81369e-05
3.81371e-05
3.81372e-05
3.81373e-05
3.81374e-05
3.81375e-05
3.81376e-05
3.81377e-05
3.81378e-05
3.81379e-05
3.8138e-05
3.81381e-05
3.81382e-05
3.81383e-05
3.81384e-05
3.81385e-05
3.81385e-05
3.81386e-05
3.81387e-05
3.81388e-05
3.81388e-05
3.81389e-05
3.8139e-05
3.8139e-05
3.81391e-05
3.81391e-05
3.81392e-05
3.81393e-05
3.81393e-05
3.81394e-05
3.81394e-05
3.81395e-05
3.81395e-05
3.81396e-05
3.81396e-05
3.81396e-05
3.81397e-05
3.81397e-05
3.81397e-05
3.81398e-05
3.81398e-05
3.81398e-05
3.81399e-05
3.81399e-05
3.81399e-05
3.81399e-05
3.814e-05
3.814e-05
3.814e-05
3.814e-05
3.814e-05
3.814e-05
3.814e-05
3.814e-05
3.814e-05
3.81401e-05
3.81401e-05
3.83604e-05
3.83604e-05
3.83604e-05
3.83604e-05
3.83604e-05
3.83604e-05
3.83603e-05
3.83603e-05
3.83603e-05
3.83603e-05
3.83602e-05
3.83602e-05
3.83602e-05
3.83601e-05
3.83601e-05
3.83601e-05
3.836e-05
3.836e-05
3.83599e-05
3.83599e-05
3.83598e-05
3.83598e-05
3.83597e-05
3.83596e-05
3.83596e-05
3.83595e-05
3.83594e-05
3.83593e-05
3.83593e-05
3.83592e-05
3.83591e-05
3.8359e-05
3.83589e-05
3.83588e-05
3.83587e-05
3.83586e-05
3.83585e-05
3.83584e-05
3.83583e-05
3.83582e-05
3.83581e-05
3.83579e-05
3.83578e-05
3.83577e-05
3.83576e-05
3.83574e-05
3.83573e-05
3.83571e-05
3.8357e-05
3.83568e-05
3.83567e-05
3.83565e-05
3.83563e-05
3.83562e-05
3.8356e-05
3.83558e-05
3.83557e-05
3.83555e-05
3.83553e-05
3.83551e-05
3.83549e-05
3.83548e-05
3.83546e-05
3.83545e-05
3.83543e-05
3.83542e-05
3.83541e-05
3.83541e-05
3.83541e-05
3.83541e-05
3.83543e-05
3.83545e-05
3.83548e-05
3.83552e-05
3.83557e-05
3.83564e-05
3.83572e-05
3.83583e-05
3.83595e-05
3.8361e-05
3.83627e-05
3.83647e-05
3.83669e-05
3.83694e-05
3.83721e-05
3.83751e-05
3.83783e-05
3.83816e-05
3.83851e-05
3.83887e-05
3.83923e-05
3.83959e-05
3.83993e-05
3.84026e-05
3.84055e-05
3.84081e-05
3.84103e-05
3.8412e-05
3.84131e-05
3.84137e-05
3.84137e-05
3.84131e-05
3.84119e-05
3.84102e-05
3.8408e-05
3.84054e-05
3.84024e-05
3.83992e-05
3.83957e-05
3.83922e-05
3.83885e-05
3.83849e-05
3.83814e-05
3.8378e-05
3.83748e-05
3.83718e-05
3.83691e-05
3.83666e-05
3.83643e-05
3.83623e-05
3.83606e-05
3.83591e-05
3.83578e-05
3.83568e-05
3.83559e-05
3.83552e-05
3.83546e-05
3.83542e-05
3.83539e-05
3.83537e-05
3.83535e-05
3.83535e-05
3.83535e-05
3.83535e-05
3.83536e-05
3.83537e-05
3.83538e-05
3.83539e-05
3.83541e-05
3.83542e-05
3.83544e-05
3.83545e-05
3.83547e-05
3.83549e-05
3.8355e-05
3.83552e-05
3.83553e-05
3.83555e-05
3.83556e-05
3.83558e-05
3.83559e-05
3.83561e-05
3.83562e-05
3.83564e-05
3.83565e-05
3.83566e-05
3.83567e-05
3.83568e-05
3.8357e-05
3.83571e-05
3.83572e-05
3.83573e-05
3.83574e-05
3.83575e-05
3.83576e-05
3.83577e-05
3.83578e-05
3.83578e-05
3.83579e-05
3.8358e-05
3.83581e-05
3.83582e-05
3.83582e-05
3.83583e-05
3.83584e-05
3.83584e-05
3.83585e-05
3.83586e-05
3.83586e-05
3.83587e-05
3.83587e-05
3.83588e-05
3.83588e-05
3.83588e-05
3.83589e-05
3.83589e-05
3.8359e-05
3.8359e-05
3.8359e-05
3.83591e-05
3.83591e-05
3.83591e-05
3.83591e-05
3.83591e-05
3.83592e-05
3.83592e-05
3.83592e-05
3.83592e-05
3.83592e-05
3.83592e-05
3.86713e-05
3.86713e-05
3.86713e-05
3.86713e-05
3.86713e-05
3.86713e-05
3.86713e-05
3.86712e-05
3.86712e-05
3.86712e-05
3.86711e-05
3.86711e-05
3.8671e-05
3.8671e-05
3.86709e-05
3.86709e-05
3.86708e-05
3.86707e-05
3.86707e-05
3.86706e-05
3.86705e-05
3.86704e-05
3.86704e-05
3.86703e-05
3.86702e-05
3.86701e-05
3.867e-05
3.86699e-05
3.86698e-05
3.86696e-05
3.86695e-05
3.86694e-05
3.86693e-05
3.86692e-05
3.8669e-05
3.86689e-05
3.86687e-05
3.86686e-05
3.86684e-05
3.86683e-05
3.86681e-05
3.86679e-05
3.86678e-05
3.86676e-05
3.86674e-05
3.86672e-05
3.8667e-05
3.86668e-05
3.86666e-05
3.86664e-05
3.86662e-05
3.8666e-05
3.86657e-05
3.86655e-05
3.86653e-05
3.8665e-05
3.86648e-05
3.86645e-05
3.86643e-05
3.8664e-05
3.86638e-05
3.86636e-05
3.86634e-05
3.86631e-05
3.8663e-05
3.86628e-05
3.86627e-05
3.86626e-05
3.86626e-05
3.86627e-05
3.86628e-05
3.86631e-05
3.86635e-05
3.8664e-05
3.86647e-05
3.86656e-05
3.86667e-05
3.86681e-05
3.86697e-05
3.86716e-05
3.86739e-05
3.86765e-05
3.86794e-05
3.86826e-05
3.86862e-05
3.86901e-05
3.86943e-05
3.86988e-05
3.87034e-05
3.87081e-05
3.87128e-05
3.87175e-05
3.87221e-05
3.87263e-05
3.87302e-05
3.87336e-05
3.87365e-05
3.87387e-05
3.87403e-05
3.8741e-05
3.8741e-05
3.87402e-05
3.87387e-05
3.87364e-05
3.87335e-05
3.87301e-05
3.87262e-05
3.87219e-05
3.87173e-05
3.87126e-05
3.87078e-05
3.87031e-05
3.86984e-05
3.8694e-05
3.86897e-05
3.86858e-05
3.86822e-05
3.86789e-05
3.8676e-05
3.86734e-05
3.86711e-05
3.86691e-05
3.86675e-05
3.86661e-05
3.86649e-05
3.8664e-05
3.86633e-05
3.86627e-05
3.86623e-05
3.8662e-05
3.86619e-05
3.86618e-05
3.86618e-05
3.86618e-05
3.86619e-05
3.8662e-05
3.86622e-05
3.86624e-05
3.86626e-05
3.86628e-05
3.8663e-05
3.86633e-05
3.86635e-05
3.86637e-05
3.86639e-05
3.86642e-05
3.86644e-05
3.86646e-05
3.86648e-05
3.8665e-05
3.86652e-05
3.86654e-05
3.86656e-05
3.86658e-05
3.8666e-05
3.86661e-05
3.86663e-05
3.86665e-05
3.86666e-05
3.86668e-05
3.86669e-05
3.86671e-05
3.86672e-05
3.86673e-05
3.86675e-05
3.86676e-05
3.86677e-05
3.86678e-05
3.8668e-05
3.86681e-05
3.86682e-05
3.86683e-05
3.86684e-05
3.86685e-05
3.86686e-05
3.86687e-05
3.86687e-05
3.86688e-05
3.86689e-05
3.8669e-05
3.8669e-05
3.86691e-05
3.86692e-05
3.86692e-05
3.86693e-05
3.86693e-05
3.86694e-05
3.86694e-05
3.86695e-05
3.86695e-05
3.86695e-05
3.86696e-05
3.86696e-05
3.86696e-05
3.86697e-05
3.86697e-05
3.86697e-05
3.86697e-05
3.86697e-05
3.86697e-05
3.90919e-05
3.90919e-05
3.90918e-05
3.90918e-05
3.90918e-05
3.90918e-05
3.90917e-05
3.90917e-05
3.90917e-05
3.90916e-05
3.90916e-05
3.90915e-05
3.90914e-05
3.90914e-05
3.90913e-05
3.90912e-05
3.90911e-05
3.90911e-05
3.9091e-05
3.90909e-05
3.90908e-05
3.90906e-05
3.90905e-05
3.90904e-05
3.90903e-05
3.90901e-05
3.909e-05
3.90899e-05
3.90897e-05
3.90896e-05
3.90894e-05
3.90892e-05
3.90891e-05
3.90889e-05
3.90887e-05
3.90885e-05
3.90883e-05
3.90881e-05
3.90879e-05
3.90877e-05
3.90874e-05
3.90872e-05
3.9087e-05
3.90867e-05
3.90865e-05
3.90862e-05
3.9086e-05
3.90857e-05
3.90854e-05
3.90851e-05
3.90848e-05
3.90845e-05
3.90842e-05
3.90839e-05
3.90836e-05
3.90832e-05
3.90829e-05
3.90826e-05
3.90822e-05
3.90819e-05
3.90816e-05
3.90813e-05
3.9081e-05
3.90807e-05
3.90804e-05
3.90802e-05
3.908e-05
3.90799e-05
3.90799e-05
3.908e-05
3.90802e-05
3.90805e-05
3.9081e-05
3.90817e-05
3.90826e-05
3.90837e-05
3.90852e-05
3.90869e-05
3.90891e-05
3.90916e-05
3.90945e-05
3.90978e-05
3.91016e-05
3.91058e-05
3.91105e-05
3.91156e-05
3.9121e-05
3.91267e-05
3.91327e-05
3.91389e-05
3.91451e-05
3.91512e-05
3.91571e-05
3.91627e-05
3.91678e-05
3.91723e-05
3.9176e-05
3.91789e-05
3.91809e-05
3.91819e-05
3.91819e-05
3.91809e-05
3.91789e-05
3.91759e-05
3.91721e-05
3.91676e-05
3.91625e-05
3.91569e-05
3.91509e-05
3.91448e-05
3.91385e-05
3.91323e-05
3.91263e-05
3.91205e-05
3.9115e-05
3.91099e-05
3.91052e-05
3.9101e-05
3.90971e-05
3.90938e-05
3.90908e-05
3.90883e-05
3.90861e-05
3.90843e-05
3.90828e-05
3.90816e-05
3.90807e-05
3.908e-05
3.90795e-05
3.90791e-05
3.90789e-05
3.90788e-05
3.90788e-05
3.90789e-05
3.9079e-05
3.90792e-05
3.90794e-05
3.90797e-05
3.908e-05
3.90802e-05
3.90805e-05
3.90809e-05
3.90812e-05
3.90815e-05
3.90818e-05
3.90821e-05
3.90824e-05
3.90827e-05
3.9083e-05
3.90832e-05
3.90835e-05
3.90838e-05
3.9084e-05
3.90843e-05
3.90845e-05
3.90848e-05
3.9085e-05
3.90852e-05
3.90855e-05
3.90857e-05
3.90859e-05
3.90861e-05
3.90863e-05
3.90864e-05
3.90866e-05
3.90868e-05
3.9087e-05
3.90871e-05
3.90873e-05
3.90874e-05
3.90876e-05
3.90877e-05
3.90879e-05
3.9088e-05
3.90881e-05
3.90882e-05
3.90884e-05
3.90885e-05
3.90886e-05
3.90887e-05
3.90888e-05
3.90889e-05
3.90889e-05
3.9089e-05
3.90891e-05
3.90892e-05
3.90892e-05
3.90893e-05
3.90894e-05
3.90894e-05
3.90895e-05
3.90895e-05
3.90895e-05
3.90896e-05
3.90896e-05
3.90896e-05
3.90896e-05
3.90897e-05
3.90897e-05
3.90897e-05
3.96428e-05
3.96428e-05
3.96427e-05
3.96427e-05
3.96427e-05
3.96427e-05
3.96426e-05
3.96426e-05
3.96425e-05
3.96424e-05
3.96424e-05
3.96423e-05
3.96422e-05
3.96421e-05
3.9642e-05
3.96419e-05
3.96418e-05
3.96417e-05
3.96416e-05
3.96414e-05
3.96413e-05
3.96411e-05
3.9641e-05
3.96408e-05
3.96406e-05
3.96405e-05
3.96403e-05
3.96401e-05
3.96399e-05
3.96397e-05
3.96394e-05
3.96392e-05
3.9639e-05
3.96387e-05
3.96385e-05
3.96382e-05
3.9638e-05
3.96377e-05
3.96374e-05
3.96371e-05
3.96368e-05
3.96365e-05
3.96362e-05
3.96359e-05
3.96355e-05
3.96352e-05
3.96348e-05
3.96344e-05
3.96341e-05
3.96337e-05
3.96333e-05
3.96329e-05
3.96324e-05
3.9632e-05
3.96316e-05
3.96311e-05
3.96307e-05
3.96302e-05
3.96298e-05
3.96293e-05
3.96289e-05
3.96285e-05
3.96281e-05
3.96277e-05
3.96273e-05
3.9627e-05
3.96268e-05
3.96267e-05
3.96266e-05
3.96267e-05
3.96269e-05
3.96273e-05
3.96279e-05
3.96288e-05
3.96299e-05
3.96314e-05
3.96333e-05
3.96355e-05
3.96382e-05
3.96414e-05
3.96451e-05
3.96494e-05
3.96542e-05
3.96596e-05
3.96656e-05
3.96721e-05
3.96791e-05
3.96864e-05
3.96941e-05
3.9702e-05
3.971e-05
3.97179e-05
3.97255e-05
3.97327e-05
3.97393e-05
3.97451e-05
3.97499e-05
3.97537e-05
3.97563e-05
3.97576e-05
3.97576e-05
3.97562e-05
3.97536e-05
3.97498e-05
3.97449e-05
3.97391e-05
3.97324e-05
3.97252e-05
3.97175e-05
3.97096e-05
3.97016e-05
3.96936e-05
3.96859e-05
3.96784e-05
3.96714e-05
3.96649e-05
3.96588e-05
3.96534e-05
3.96485e-05
3.96442e-05
3.96404e-05
3.96372e-05
3.96344e-05
3.96321e-05
3.96302e-05
3.96287e-05
3.96275e-05
3.96266e-05
3.9626e-05
3.96255e-05
3.96253e-05
3.96251e-05
3.96252e-05
3.96253e-05
3.96255e-05
3.96257e-05
3.9626e-05
3.96264e-05
3.96267e-05
3.96271e-05
3.96275e-05
3.9628e-05
3.96284e-05
3.96288e-05
3.96292e-05
3.96296e-05
3.963e-05
3.96304e-05
3.96308e-05
3.96312e-05
3.96315e-05
3.96319e-05
3.96323e-05
3.96326e-05
3.96329e-05
3.96333e-05
3.96336e-05
3.96339e-05
3.96342e-05
3.96344e-05
3.96347e-05
3.9635e-05
3.96353e-05
3.96355e-05
3.96358e-05
3.9636e-05
3.96362e-05
3.96364e-05
3.96366e-05
3.96369e-05
3.96371e-05
3.96372e-05
3.96374e-05
3.96376e-05
3.96378e-05
3.96379e-05
3.96381e-05
3.96382e-05
3.96384e-05
3.96385e-05
3.96387e-05
3.96388e-05
3.96389e-05
3.9639e-05
3.96391e-05
3.96392e-05
3.96393e-05
3.96394e-05
3.96395e-05
3.96395e-05
3.96396e-05
3.96396e-05
3.96397e-05
3.96397e-05
3.96398e-05
3.96398e-05
3.96398e-05
3.96399e-05
3.96399e-05
3.96399e-05
4.0346e-05
4.0346e-05
4.03459e-05
4.03459e-05
4.03459e-05
4.03458e-05
4.03458e-05
4.03457e-05
4.03456e-05
4.03455e-05
4.03454e-05
4.03453e-05
4.03452e-05
4.03451e-05
4.0345e-05
4.03448e-05
4.03447e-05
4.03445e-05
4.03444e-05
4.03442e-05
4.0344e-05
4.03438e-05
4.03436e-05
4.03434e-05
4.03431e-05
4.03429e-05
4.03427e-05
4.03424e-05
4.03421e-05
4.03418e-05
4.03416e-05
4.03413e-05
4.03409e-05
4.03406e-05
4.03403e-05
4.034e-05
4.03396e-05
4.03392e-05
4.03389e-05
4.03385e-05
4.03381e-05
4.03376e-05
4.03372e-05
4.03368e-05
4.03363e-05
4.03359e-05
4.03354e-05
4.03349e-05
4.03344e-05
4.03339e-05
4.03333e-05
4.03328e-05
4.03322e-05
4.03317e-05
4.03311e-05
4.03305e-05
4.03299e-05
4.03293e-05
4.03287e-05
4.03281e-05
4.03276e-05
4.0327e-05
4.03264e-05
4.03259e-05
4.03255e-05
4.03251e-05
4.03248e-05
4.03246e-05
4.03245e-05
4.03245e-05
4.03248e-05
4.03253e-05
4.03261e-05
4.03271e-05
4.03285e-05
4.03304e-05
4.03327e-05
4.03355e-05
4.03389e-05
4.03429e-05
4.03475e-05
4.03529e-05
4.03589e-05
4.03657e-05
4.03732e-05
4.03814e-05
4.03902e-05
4.03995e-05
4.04092e-05
4.04192e-05
4.04293e-05
4.04393e-05
4.0449e-05
4.04581e-05
4.04665e-05
4.04738e-05
4.048e-05
4.04848e-05
4.04881e-05
4.04898e-05
4.04897e-05
4.0488e-05
4.04847e-05
4.04799e-05
4.04736e-05
4.04662e-05
4.04578e-05
4.04485e-05
4.04388e-05
4.04288e-05
4.04186e-05
4.04085e-05
4.03987e-05
4.03894e-05
4.03805e-05
4.03723e-05
4.03647e-05
4.03579e-05
4.03517e-05
4.03463e-05
4.03416e-05
4.03375e-05
4.03341e-05
4.03312e-05
4.03288e-05
4.03269e-05
4.03255e-05
4.03243e-05
4.03235e-05
4.0323e-05
4.03227e-05
4.03225e-05
4.03226e-05
4.03227e-05
4.0323e-05
4.03234e-05
4.03238e-05
4.03242e-05
4.03247e-05
4.03252e-05
4.03258e-05
4.03263e-05
4.03269e-05
4.03274e-05
4.0328e-05
4.03285e-05
4.03291e-05
4.03296e-05
4.03301e-05
4.03306e-05
4.03311e-05
4.03316e-05
4.0332e-05
4.03325e-05
4.03329e-05
4.03334e-05
4.03338e-05
4.03342e-05
4.03346e-05
4.0335e-05
4.03353e-05
4.03357e-05
4.0336e-05
4.03364e-05
4.03367e-05
4.0337e-05
4.03373e-05
4.03376e-05
4.03379e-05
4.03382e-05
4.03384e-05
4.03387e-05
4.03389e-05
4.03392e-05
4.03394e-05
4.03396e-05
4.03398e-05
4.034e-05
4.03402e-05
4.03404e-05
4.03406e-05
4.03407e-05
4.03409e-05
4.0341e-05
4.03412e-05
4.03413e-05
4.03414e-05
4.03415e-05
4.03416e-05
4.03417e-05
4.03418e-05
4.03419e-05
4.03419e-05
4.0342e-05
4.0342e-05
4.03421e-05
4.03421e-05
4.03422e-05
4.03422e-05
4.03422e-05
4.12211e-05
4.12211e-05
4.12211e-05
4.1221e-05
4.1221e-05
4.12209e-05
4.12208e-05
4.12208e-05
4.12207e-05
4.12206e-05
4.12204e-05
4.12203e-05
4.12202e-05
4.122e-05
4.12198e-05
4.12196e-05
4.12194e-05
4.12192e-05
4.1219e-05
4.12188e-05
4.12185e-05
4.12183e-05
4.1218e-05
4.12177e-05
4.12174e-05
4.12171e-05
4.12168e-05
4.12165e-05
4.12161e-05
4.12157e-05
4.12154e-05
4.1215e-05
4.12146e-05
4.12142e-05
4.12137e-05
4.12133e-05
4.12128e-05
4.12123e-05
4.12119e-05
4.12113e-05
4.12108e-05
4.12103e-05
4.12097e-05
4.12092e-05
4.12086e-05
4.1208e-05
4.12073e-05
4.12067e-05
4.1206e-05
4.12054e-05
4.12047e-05
4.1204e-05
4.12033e-05
4.12025e-05
4.12018e-05
4.1201e-05
4.12002e-05
4.11995e-05
4.11987e-05
4.11979e-05
4.11972e-05
4.11964e-05
4.11957e-05
4.11951e-05
4.11945e-05
4.11939e-05
4.11935e-05
4.11932e-05
4.11931e-05
4.11931e-05
4.11934e-05
4.1194e-05
4.11949e-05
4.11962e-05
4.11979e-05
4.12001e-05
4.12029e-05
4.12064e-05
4.12105e-05
4.12154e-05
4.12211e-05
4.12276e-05
4.12351e-05
4.12434e-05
4.12526e-05
4.12627e-05
4.12735e-05
4.1285e-05
4.1297e-05
4.13094e-05
4.13219e-05
4.13343e-05
4.13463e-05
4.13576e-05
4.13681e-05
4.13773e-05
4.1385e-05
4.1391e-05
4.13951e-05
4.13971e-05
4.13971e-05
4.1395e-05
4.13908e-05
4.13848e-05
4.1377e-05
4.13677e-05
4.13572e-05
4.13458e-05
4.13337e-05
4.13212e-05
4.13086e-05
4.12961e-05
4.1284e-05
4.12725e-05
4.12615e-05
4.12514e-05
4.12421e-05
4.12337e-05
4.12262e-05
4.12195e-05
4.12137e-05
4.12088e-05
4.12045e-05
4.1201e-05
4.11982e-05
4.11959e-05
4.11941e-05
4.11927e-05
4.11917e-05
4.11911e-05
4.11907e-05
4.11906e-05
4.11907e-05
4.11909e-05
4.11913e-05
4.11917e-05
4.11923e-05
4.11929e-05
4.11935e-05
4.11942e-05
4.11949e-05
4.11956e-05
4.11963e-05
4.1197e-05
4.11978e-05
4.11985e-05
4.11992e-05
4.11999e-05
4.12005e-05
4.12012e-05
4.12018e-05
4.12024e-05
4.1203e-05
4.12036e-05
4.12042e-05
4.12048e-05
4.12053e-05
4.12058e-05
4.12063e-05
4.12068e-05
4.12073e-05
4.12078e-05
4.12082e-05
4.12087e-05
4.12091e-05
4.12095e-05
4.12099e-05
4.12103e-05
4.12107e-05
4.1211e-05
4.12114e-05
4.12117e-05
4.1212e-05
4.12123e-05
4.12126e-05
4.12129e-05
4.12132e-05
4.12134e-05
4.12137e-05
4.12139e-05
4.12141e-05
4.12143e-05
4.12145e-05
4.12147e-05
4.12149e-05
4.12151e-05
4.12152e-05
4.12154e-05
4.12155e-05
4.12156e-05
4.12157e-05
4.12158e-05
4.12159e-05
4.1216e-05
4.12161e-05
4.12161e-05
4.12162e-05
4.12162e-05
4.12162e-05
4.12162e-05
4.228e-05
4.228e-05
4.22799e-05
4.22799e-05
4.22798e-05
4.22798e-05
4.22797e-05
4.22796e-05
4.22794e-05
4.22793e-05
4.22791e-05
4.2279e-05
4.22788e-05
4.22786e-05
4.22784e-05
4.22781e-05
4.22779e-05
4.22776e-05
4.22773e-05
4.22771e-05
4.22767e-05
4.22764e-05
4.22761e-05
4.22757e-05
4.22753e-05
4.22749e-05
4.22745e-05
4.22741e-05
4.22737e-05
4.22732e-05
4.22727e-05
4.22722e-05
4.22717e-05
4.22712e-05
4.22707e-05
4.22701e-05
4.22695e-05
4.22689e-05
4.22683e-05
4.22676e-05
4.2267e-05
4.22663e-05
4.22656e-05
4.22649e-05
4.22641e-05
4.22634e-05
4.22626e-05
4.22618e-05
4.22609e-05
4.22601e-05
4.22592e-05
4.22583e-05
4.22574e-05
4.22565e-05
4.22555e-05
4.22545e-05
4.22536e-05
4.22526e-05
4.22516e-05
4.22506e-05
4.22497e-05
4.22487e-05
4.22479e-05
4.2247e-05
4.22462e-05
4.22456e-05
4.2245e-05
4.22446e-05
4.22444e-05
4.22444e-05
4.22448e-05
4.22454e-05
4.22464e-05
4.22479e-05
4.22499e-05
4.22526e-05
4.22559e-05
4.22599e-05
4.22648e-05
4.22706e-05
4.22774e-05
4.22851e-05
4.2294e-05
4.23039e-05
4.23149e-05
4.23269e-05
4.23399e-05
4.23536e-05
4.23681e-05
4.23829e-05
4.2398e-05
4.2413e-05
4.24275e-05
4.24412e-05
4.24538e-05
4.24649e-05
4.24743e-05
4.24815e-05
4.24865e-05
4.2489e-05
4.24889e-05
4.24864e-05
4.24813e-05
4.2474e-05
4.24646e-05
4.24534e-05
4.24407e-05
4.24269e-05
4.24122e-05
4.23972e-05
4.2382e-05
4.2367e-05
4.23525e-05
4.23386e-05
4.23255e-05
4.23134e-05
4.23023e-05
4.22922e-05
4.22833e-05
4.22754e-05
4.22685e-05
4.22626e-05
4.22576e-05
4.22535e-05
4.22501e-05
4.22474e-05
4.22453e-05
4.22437e-05
4.22426e-05
4.22418e-05
4.22414e-05
4.22413e-05
4.22415e-05
4.22418e-05
4.22422e-05
4.22428e-05
4.22435e-05
4.22443e-05
4.22451e-05
4.2246e-05
4.22469e-05
4.22478e-05
4.22487e-05
4.22496e-05
4.22505e-05
4.22514e-05
4.22523e-05
4.22531e-05
4.2254e-05
4.22548e-05
4.22556e-05
4.22564e-05
4.22572e-05
4.22579e-05
4.22587e-05
4.22594e-05
4.22601e-05
4.22607e-05
4.22614e-05
4.2262e-05
4.22626e-05
4.22632e-05
4.22638e-05
4.22643e-05
4.22649e-05
4.22654e-05
4.22659e-05
4.22664e-05
4.22668e-05
4.22673e-05
4.22677e-05
4.22681e-05
4.22685e-05
4.22689e-05
4.22693e-05
4.22697e-05
4.227e-05
4.22703e-05
4.22707e-05
4.2271e-05
4.22712e-05
4.22715e-05
4.22718e-05
4.2272e-05
4.22722e-05
4.22724e-05
4.22726e-05
4.22728e-05
4.2273e-05
4.22731e-05
4.22733e-05
4.22734e-05
4.22735e-05
4.22736e-05
4.22737e-05
4.22738e-05
4.22738e-05
4.22739e-05
4.22739e-05
4.22739e-05
4.35195e-05
4.35195e-05
4.35195e-05
4.35194e-05
4.35193e-05
4.35192e-05
4.35191e-05
4.3519e-05
4.35188e-05
4.35187e-05
4.35185e-05
4.35183e-05
4.3518e-05
4.35178e-05
4.35175e-05
4.35173e-05
4.3517e-05
4.35166e-05
4.35163e-05
4.35159e-05
4.35155e-05
4.35151e-05
4.35147e-05
4.35143e-05
4.35138e-05
4.35134e-05
4.35129e-05
4.35123e-05
4.35118e-05
4.35112e-05
4.35106e-05
4.351e-05
4.35094e-05
4.35088e-05
4.35081e-05
4.35074e-05
4.35067e-05
4.3506e-05
4.35052e-05
4.35044e-05
4.35036e-05
4.35028e-05
4.35019e-05
4.3501e-05
4.35001e-05
4.34992e-05
4.34982e-05
4.34972e-05
4.34962e-05
4.34951e-05
4.34941e-05
4.3493e-05
4.34919e-05
4.34907e-05
4.34896e-05
4.34884e-05
4.34872e-05
4.3486e-05
4.34848e-05
4.34836e-05
4.34824e-05
4.34813e-05
4.34802e-05
4.34792e-05
4.34782e-05
4.34774e-05
4.34767e-05
4.34762e-05
4.34759e-05
4.34758e-05
4.34761e-05
4.34768e-05
4.34779e-05
4.34796e-05
4.34819e-05
4.34848e-05
4.34885e-05
4.34932e-05
4.34987e-05
4.35053e-05
4.3513e-05
4.3522e-05
4.35321e-05
4.35435e-05
4.35561e-05
4.357e-05
4.35849e-05
4.36009e-05
4.36176e-05
4.36349e-05
4.36523e-05
4.36697e-05
4.36866e-05
4.37026e-05
4.37172e-05
4.37301e-05
4.37409e-05
4.37493e-05
4.3755e-05
4.37579e-05
4.37579e-05
4.37549e-05
4.37491e-05
4.37406e-05
4.37297e-05
4.37167e-05
4.3702e-05
4.36859e-05
4.36689e-05
4.36514e-05
4.36337e-05
4.36163e-05
4.35995e-05
4.35834e-05
4.35683e-05
4.35543e-05
4.35415e-05
4.353e-05
4.35197e-05
4.35107e-05
4.35028e-05
4.34961e-05
4.34904e-05
4.34857e-05
4.34818e-05
4.34788e-05
4.34764e-05
4.34746e-05
4.34734e-05
4.34726e-05
4.34722e-05
4.34721e-05
4.34723e-05
4.34727e-05
4.34733e-05
4.34741e-05
4.3475e-05
4.34759e-05
4.34769e-05
4.3478e-05
4.3479e-05
4.34802e-05
4.34813e-05
4.34824e-05
4.34835e-05
4.34846e-05
4.34857e-05
4.34867e-05
4.34878e-05
4.34888e-05
4.34898e-05
4.34907e-05
4.34917e-05
4.34926e-05
4.34935e-05
4.34943e-05
4.34952e-05
4.3496e-05
4.34968e-05
4.34976e-05
4.34983e-05
4.3499e-05
4.34997e-05
4.35004e-05
4.35011e-05
4.35017e-05
4.35023e-05
4.35029e-05
4.35035e-05
4.35041e-05
4.35046e-05
4.35051e-05
4.35056e-05
4.35061e-05
4.35065e-05
4.3507e-05
4.35074e-05
4.35078e-05
4.35082e-05
4.35085e-05
4.35089e-05
4.35092e-05
4.35095e-05
4.35098e-05
4.35101e-05
4.35104e-05
4.35106e-05
4.35108e-05
4.3511e-05
4.35112e-05
4.35114e-05
4.35115e-05
4.35117e-05
4.35118e-05
4.35119e-05
4.3512e-05
4.3512e-05
4.35121e-05
4.35121e-05
4.35122e-05
4.49163e-05
4.49163e-05
4.49163e-05
4.49162e-05
4.49161e-05
4.4916e-05
4.49159e-05
4.49157e-05
4.49155e-05
4.49153e-05
4.49151e-05
4.49149e-05
4.49146e-05
4.49143e-05
4.4914e-05
4.49137e-05
4.49133e-05
4.4913e-05
4.49126e-05
4.49121e-05
4.49117e-05
4.49112e-05
4.49107e-05
4.49102e-05
4.49097e-05
4.49091e-05
4.49085e-05
4.49079e-05
4.49073e-05
4.49066e-05
4.49059e-05
4.49052e-05
4.49045e-05
4.49037e-05
4.49029e-05
4.49021e-05
4.49013e-05
4.49004e-05
4.48995e-05
4.48986e-05
4.48976e-05
4.48966e-05
4.48956e-05
4.48946e-05
4.48935e-05
4.48924e-05
4.48913e-05
4.48901e-05
4.48889e-05
4.48877e-05
4.48864e-05
4.48851e-05
4.48838e-05
4.48825e-05
4.48811e-05
4.48798e-05
4.48784e-05
4.48769e-05
4.48755e-05
4.48741e-05
4.48728e-05
4.48714e-05
4.48701e-05
4.48689e-05
4.48677e-05
4.48667e-05
4.48659e-05
4.48652e-05
4.48648e-05
4.48647e-05
4.4865e-05
4.48656e-05
4.48668e-05
4.48685e-05
4.4871e-05
4.48741e-05
4.48782e-05
4.48832e-05
4.48892e-05
4.48964e-05
4.49049e-05
4.49146e-05
4.49258e-05
4.49383e-05
4.49522e-05
4.49675e-05
4.49841e-05
4.50018e-05
4.50203e-05
4.50395e-05
4.50589e-05
4.50782e-05
4.50969e-05
4.51145e-05
4.51306e-05
4.51447e-05
4.51565e-05
4.51656e-05
4.51717e-05
4.51748e-05
4.51748e-05
4.51716e-05
4.51653e-05
4.51562e-05
4.51443e-05
4.51301e-05
4.51138e-05
4.50961e-05
4.50773e-05
4.50578e-05
4.50382e-05
4.50189e-05
4.50002e-05
4.49823e-05
4.49656e-05
4.49501e-05
4.4936e-05
4.49233e-05
4.4912e-05
4.49021e-05
4.48935e-05
4.48862e-05
4.488e-05
4.48748e-05
4.48707e-05
4.48674e-05
4.48648e-05
4.48629e-05
4.48616e-05
4.48609e-05
4.48605e-05
4.48605e-05
4.48608e-05
4.48613e-05
4.48621e-05
4.4863e-05
4.4864e-05
4.48651e-05
4.48663e-05
4.48675e-05
4.48688e-05
4.48701e-05
4.48714e-05
4.48727e-05
4.4874e-05
4.48753e-05
4.48766e-05
4.48778e-05
4.48791e-05
4.48802e-05
4.48814e-05
4.48826e-05
4.48837e-05
4.48847e-05
4.48858e-05
4.48868e-05
4.48878e-05
4.48888e-05
4.48897e-05
4.48906e-05
4.48915e-05
4.48924e-05
4.48932e-05
4.4894e-05
4.48948e-05
4.48955e-05
4.48962e-05
4.48969e-05
4.48976e-05
4.48983e-05
4.48989e-05
4.48995e-05
4.49001e-05
4.49006e-05
4.49012e-05
4.49017e-05
4.49022e-05
4.49027e-05
4.49031e-05
4.49035e-05
4.49039e-05
4.49043e-05
4.49047e-05
4.4905e-05
4.49054e-05
4.49057e-05
4.49059e-05
4.49062e-05
4.49064e-05
4.49067e-05
4.49069e-05
4.49071e-05
4.49072e-05
4.49074e-05
4.49075e-05
4.49076e-05
4.49077e-05
4.49077e-05
4.49078e-05
4.49078e-05
4.64278e-05
4.64278e-05
4.64277e-05
4.64277e-05
4.64276e-05
4.64274e-05
4.64273e-05
4.64271e-05
4.64269e-05
4.64267e-05
4.64265e-05
4.64262e-05
4.64259e-05
4.64256e-05
4.64252e-05
4.64248e-05
4.64244e-05
4.6424e-05
4.64236e-05
4.64231e-05
4.64226e-05
4.6422e-05
4.64215e-05
4.64209e-05
4.64203e-05
4.64197e-05
4.6419e-05
4.64183e-05
4.64176e-05
4.64168e-05
4.64161e-05
4.64153e-05
4.64144e-05
4.64136e-05
4.64127e-05
4.64118e-05
4.64108e-05
4.64098e-05
4.64088e-05
4.64078e-05
4.64067e-05
4.64056e-05
4.64045e-05
4.64033e-05
4.64021e-05
4.64008e-05
4.63995e-05
4.63982e-05
4.63969e-05
4.63955e-05
4.63941e-05
4.63926e-05
4.63911e-05
4.63896e-05
4.63881e-05
4.63865e-05
4.6385e-05
4.63834e-05
4.63818e-05
4.63802e-05
4.63786e-05
4.63771e-05
4.63756e-05
4.63742e-05
4.63729e-05
4.63718e-05
4.63708e-05
4.637e-05
4.63694e-05
4.63692e-05
4.63694e-05
4.637e-05
4.63711e-05
4.63729e-05
4.63753e-05
4.63785e-05
4.63827e-05
4.63878e-05
4.63941e-05
4.64016e-05
4.64104e-05
4.64206e-05
4.64323e-05
4.64455e-05
4.64602e-05
4.64764e-05
4.64939e-05
4.65126e-05
4.65322e-05
4.65525e-05
4.6573e-05
4.65932e-05
4.66126e-05
4.66308e-05
4.66472e-05
4.66613e-05
4.6673e-05
4.66819e-05
4.66878e-05
4.66908e-05
4.66908e-05
4.66877e-05
4.66816e-05
4.66726e-05
4.66608e-05
4.66465e-05
4.663e-05
4.66117e-05
4.65921e-05
4.65718e-05
4.65511e-05
4.65307e-05
4.65108e-05
4.64919e-05
4.64742e-05
4.64578e-05
4.6443e-05
4.64296e-05
4.64177e-05
4.64073e-05
4.63984e-05
4.63907e-05
4.63843e-05
4.6379e-05
4.63747e-05
4.63713e-05
4.63687e-05
4.63668e-05
4.63655e-05
4.63648e-05
4.63645e-05
4.63646e-05
4.6365e-05
4.63657e-05
4.63665e-05
4.63676e-05
4.63688e-05
4.637e-05
4.63714e-05
4.63728e-05
4.63743e-05
4.63757e-05
4.63772e-05
4.63787e-05
4.63802e-05
4.63816e-05
4.6383e-05
4.63844e-05
4.63858e-05
4.63872e-05
4.63885e-05
4.63898e-05
4.6391e-05
4.63923e-05
4.63934e-05
4.63946e-05
4.63957e-05
4.63968e-05
4.63979e-05
4.63989e-05
4.63999e-05
4.64008e-05
4.64018e-05
4.64027e-05
4.64036e-05
4.64044e-05
4.64052e-05
4.6406e-05
4.64068e-05
4.64075e-05
4.64082e-05
4.64089e-05
4.64096e-05
4.64102e-05
4.64108e-05
4.64114e-05
4.64119e-05
4.64125e-05
4.6413e-05
4.64135e-05
4.64139e-05
4.64144e-05
4.64148e-05
4.64152e-05
4.64155e-05
4.64159e-05
4.64162e-05
4.64165e-05
4.64168e-05
4.6417e-05
4.64172e-05
4.64174e-05
4.64176e-05
4.64178e-05
4.64179e-05
4.6418e-05
4.64181e-05
4.64182e-05
4.64182e-05
4.64183e-05
4.80012e-05
4.80012e-05
4.80011e-05
4.80011e-05
4.8001e-05
4.80008e-05
4.80007e-05
4.80005e-05
4.80003e-05
4.8e-05
4.79997e-05
4.79995e-05
4.79991e-05
4.79988e-05
4.79984e-05
4.7998e-05
4.79976e-05
4.79971e-05
4.79966e-05
4.79961e-05
4.79955e-05
4.7995e-05
4.79944e-05
4.79937e-05
4.79931e-05
4.79924e-05
4.79917e-05
4.79909e-05
4.79901e-05
4.79893e-05
4.79885e-05
4.79876e-05
4.79867e-05
4.79858e-05
4.79848e-05
4.79838e-05
4.79828e-05
4.79817e-05
4.79806e-05
4.79795e-05
4.79783e-05
4.79771e-05
4.79759e-05
4.79746e-05
4.79733e-05
4.79719e-05
4.79705e-05
4.79691e-05
4.79676e-05
4.79661e-05
4.79646e-05
4.7963e-05
4.79614e-05
4.79598e-05
4.79581e-05
4.79564e-05
4.79547e-05
4.7953e-05
4.79512e-05
4.79495e-05
4.79478e-05
4.79462e-05
4.79445e-05
4.7943e-05
4.79416e-05
4.79403e-05
4.79391e-05
4.79382e-05
4.79375e-05
4.79372e-05
4.79372e-05
4.79377e-05
4.79387e-05
4.79403e-05
4.79427e-05
4.79458e-05
4.79499e-05
4.79549e-05
4.79611e-05
4.79686e-05
4.79774e-05
4.79876e-05
4.79993e-05
4.80126e-05
4.80275e-05
4.80438e-05
4.80615e-05
4.80804e-05
4.81002e-05
4.81204e-05
4.81407e-05
4.81603e-05
4.81788e-05
4.81957e-05
4.82104e-05
4.82227e-05
4.82324e-05
4.82395e-05
4.82442e-05
4.82464e-05
4.82464e-05
4.8244e-05
4.82393e-05
4.8232e-05
4.82222e-05
4.82098e-05
4.81949e-05
4.81779e-05
4.81592e-05
4.81394e-05
4.81189e-05
4.80985e-05
4.80785e-05
4.80594e-05
4.80415e-05
4.8025e-05
4.80099e-05
4.79964e-05
4.79845e-05
4.79741e-05
4.79651e-05
4.79575e-05
4.79511e-05
4.79459e-05
4.79417e-05
4.79384e-05
4.79359e-05
4.79341e-05
4.79329e-05
4.79323e-05
4.79321e-05
4.79323e-05
4.79329e-05
4.79336e-05
4.79346e-05
4.79358e-05
4.79371e-05
4.79385e-05
4.794e-05
4.79416e-05
4.79431e-05
4.79447e-05
4.79464e-05
4.7948e-05
4.79496e-05
4.79511e-05
4.79527e-05
4.79542e-05
4.79557e-05
4.79572e-05
4.79586e-05
4.796e-05
4.79614e-05
4.79627e-05
4.7964e-05
4.79652e-05
4.79665e-05
4.79677e-05
4.79688e-05
4.79699e-05
4.7971e-05
4.7972e-05
4.79731e-05
4.7974e-05
4.7975e-05
4.79759e-05
4.79768e-05
4.79777e-05
4.79785e-05
4.79793e-05
4.79801e-05
4.79808e-05
4.79815e-05
4.79822e-05
4.79829e-05
4.79835e-05
4.79841e-05
4.79847e-05
4.79852e-05
4.79858e-05
4.79863e-05
4.79867e-05
4.79872e-05
4.79876e-05
4.7988e-05
4.79884e-05
4.79887e-05
4.79891e-05
4.79893e-05
4.79896e-05
4.79899e-05
4.79901e-05
4.79903e-05
4.79905e-05
4.79906e-05
4.79907e-05
4.79908e-05
4.79909e-05
4.79909e-05
4.7991e-05
4.95872e-05
4.95871e-05
4.95871e-05
4.9587e-05
4.95869e-05
4.95867e-05
4.95866e-05
4.95864e-05
4.95861e-05
4.95859e-05
4.95856e-05
4.95853e-05
4.9585e-05
4.95846e-05
4.95842e-05
4.95838e-05
4.95833e-05
4.95828e-05
4.95823e-05
4.95818e-05
4.95812e-05
4.95806e-05
4.958e-05
4.95793e-05
4.95786e-05
4.95779e-05
4.95771e-05
4.95763e-05
4.95755e-05
4.95747e-05
4.95738e-05
4.95729e-05
4.95719e-05
4.95709e-05
4.95699e-05
4.95689e-05
4.95678e-05
4.95666e-05
4.95655e-05
4.95643e-05
4.95631e-05
4.95618e-05
4.95605e-05
4.95591e-05
4.95578e-05
4.95563e-05
4.95549e-05
4.95534e-05
4.95518e-05
4.95502e-05
4.95486e-05
4.9547e-05
4.95453e-05
4.95436e-05
4.95418e-05
4.954e-05
4.95382e-05
4.95364e-05
4.95346e-05
4.95328e-05
4.9531e-05
4.95292e-05
4.95275e-05
4.95258e-05
4.95243e-05
4.95229e-05
4.95216e-05
4.95206e-05
4.95198e-05
4.95193e-05
4.95192e-05
4.95195e-05
4.95203e-05
4.95217e-05
4.95239e-05
4.95267e-05
4.95305e-05
4.95353e-05
4.95412e-05
4.95483e-05
4.95568e-05
4.95666e-05
4.95779e-05
4.95908e-05
4.96052e-05
4.96211e-05
4.96382e-05
4.96563e-05
4.96751e-05
4.96939e-05
4.97122e-05
4.97292e-05
4.97444e-05
4.97572e-05
4.97673e-05
4.97746e-05
4.97794e-05
4.97823e-05
4.97837e-05
4.97843e-05
4.97842e-05
4.97836e-05
4.9782e-05
4.9779e-05
4.97741e-05
4.97666e-05
4.97564e-05
4.97434e-05
4.97281e-05
4.97108e-05
4.96923e-05
4.96733e-05
4.96544e-05
4.9636e-05
4.96187e-05
4.96026e-05
4.9588e-05
4.95749e-05
4.95634e-05
4.95533e-05
4.95447e-05
4.95374e-05
4.95313e-05
4.95264e-05
4.95224e-05
4.95194e-05
4.95171e-05
4.95155e-05
4.95145e-05
4.9514e-05
4.9514e-05
4.95144e-05
4.9515e-05
4.95159e-05
4.9517e-05
4.95183e-05
4.95197e-05
4.95212e-05
4.95228e-05
4.95245e-05
4.95261e-05
4.95278e-05
4.95295e-05
4.95312e-05
4.95329e-05
4.95346e-05
4.95362e-05
4.95378e-05
4.95394e-05
4.95409e-05
4.95424e-05
4.95439e-05
4.95453e-05
4.95467e-05
4.95481e-05
4.95494e-05
4.95507e-05
4.9552e-05
4.95532e-05
4.95543e-05
4.95555e-05
4.95566e-05
4.95577e-05
4.95587e-05
4.95597e-05
4.95607e-05
4.95616e-05
4.95625e-05
4.95634e-05
4.95642e-05
4.9565e-05
4.95658e-05
4.95666e-05
4.95673e-05
4.9568e-05
4.95687e-05
4.95693e-05
4.95699e-05
4.95705e-05
4.9571e-05
4.95716e-05
4.95721e-05
4.95725e-05
4.9573e-05
4.95734e-05
4.95738e-05
4.95741e-05
4.95745e-05
4.95748e-05
4.95751e-05
4.95753e-05
4.95756e-05
4.95758e-05
4.9576e-05
4.95761e-05
4.95762e-05
4.95763e-05
4.95764e-05
4.95765e-05
4.95765e-05
5.115e-05
5.115e-05
5.11499e-05
5.11498e-05
5.11497e-05
5.11496e-05
5.11494e-05
5.11492e-05
5.1149e-05
5.11487e-05
5.11484e-05
5.11481e-05
5.11477e-05
5.11474e-05
5.1147e-05
5.11465e-05
5.1146e-05
5.11456e-05
5.1145e-05
5.11445e-05
5.11439e-05
5.11433e-05
5.11426e-05
5.11419e-05
5.11412e-05
5.11405e-05
5.11397e-05
5.11389e-05
5.1138e-05
5.11372e-05
5.11363e-05
5.11353e-05
5.11343e-05
5.11333e-05
5.11323e-05
5.11312e-05
5.11301e-05
5.11289e-05
5.11278e-05
5.11265e-05
5.11253e-05
5.1124e-05
5.11226e-05
5.11212e-05
5.11198e-05
5.11183e-05
5.11168e-05
5.11153e-05
5.11137e-05
5.11121e-05
5.11104e-05
5.11087e-05
5.1107e-05
5.11052e-05
5.11034e-05
5.11016e-05
5.10997e-05
5.10979e-05
5.1096e-05
5.10941e-05
5.10922e-05
5.10904e-05
5.10886e-05
5.10869e-05
5.10853e-05
5.10838e-05
5.10824e-05
5.10813e-05
5.10803e-05
5.10797e-05
5.10794e-05
5.10795e-05
5.10801e-05
5.10813e-05
5.10831e-05
5.10856e-05
5.1089e-05
5.10934e-05
5.10988e-05
5.11053e-05
5.11131e-05
5.11223e-05
5.11329e-05
5.1145e-05
5.11585e-05
5.11732e-05
5.11889e-05
5.12053e-05
5.12216e-05
5.12373e-05
5.12513e-05
5.12628e-05
5.12712e-05
5.12757e-05
5.12766e-05
5.12741e-05
5.12695e-05
5.12641e-05
5.12593e-05
5.12566e-05
5.12565e-05
5.12591e-05
5.12638e-05
5.12691e-05
5.12736e-05
5.12759e-05
5.12749e-05
5.12702e-05
5.12617e-05
5.12499e-05
5.12357e-05
5.12199e-05
5.12033e-05
5.11868e-05
5.11708e-05
5.11558e-05
5.11421e-05
5.11299e-05
5.11191e-05
5.11097e-05
5.11017e-05
5.10949e-05
5.10893e-05
5.10848e-05
5.10813e-05
5.10785e-05
5.10766e-05
5.10752e-05
5.10745e-05
5.10742e-05
5.10743e-05
5.10748e-05
5.10756e-05
5.10766e-05
5.10778e-05
5.10792e-05
5.10807e-05
5.10823e-05
5.10839e-05
5.10856e-05
5.10874e-05
5.10891e-05
5.10909e-05
5.10926e-05
5.10944e-05
5.10961e-05
5.10977e-05
5.10994e-05
5.1101e-05
5.11026e-05
5.11042e-05
5.11057e-05
5.11072e-05
5.11086e-05
5.111e-05
5.11114e-05
5.11127e-05
5.1114e-05
5.11152e-05
5.11164e-05
5.11176e-05
5.11187e-05
5.11198e-05
5.11209e-05
5.11219e-05
5.11229e-05
5.11239e-05
5.11248e-05
5.11257e-05
5.11266e-05
5.11274e-05
5.11282e-05
5.1129e-05
5.11297e-05
5.11305e-05
5.11311e-05
5.11318e-05
5.11324e-05
5.1133e-05
5.11336e-05
5.11341e-05
5.11346e-05
5.11351e-05
5.11356e-05
5.1136e-05
5.11364e-05
5.11368e-05
5.11371e-05
5.11375e-05
5.11377e-05
5.1138e-05
5.11383e-05
5.11385e-05
5.11387e-05
5.11388e-05
5.11389e-05
5.1139e-05
5.11391e-05
5.11392e-05
5.11392e-05
5.26722e-05
5.26722e-05
5.26721e-05
5.2672e-05
5.26719e-05
5.26718e-05
5.26716e-05
5.26714e-05
5.26712e-05
5.26709e-05
5.26706e-05
5.26703e-05
5.26699e-05
5.26696e-05
5.26691e-05
5.26687e-05
5.26682e-05
5.26677e-05
5.26672e-05
5.26666e-05
5.2666e-05
5.26654e-05
5.26648e-05
5.26641e-05
5.26633e-05
5.26626e-05
5.26618e-05
5.2661e-05
5.26601e-05
5.26593e-05
5.26583e-05
5.26574e-05
5.26564e-05
5.26554e-05
5.26543e-05
5.26532e-05
5.26521e-05
5.26509e-05
5.26497e-05
5.26485e-05
5.26472e-05
5.26459e-05
5.26445e-05
5.26432e-05
5.26417e-05
5.26402e-05
5.26387e-05
5.26372e-05
5.26356e-05
5.26339e-05
5.26322e-05
5.26305e-05
5.26287e-05
5.2627e-05
5.26251e-05
5.26233e-05
5.26214e-05
5.26195e-05
5.26176e-05
5.26157e-05
5.26138e-05
5.26119e-05
5.26101e-05
5.26083e-05
5.26066e-05
5.2605e-05
5.26036e-05
5.26023e-05
5.26013e-05
5.26005e-05
5.26e-05
5.25999e-05
5.26003e-05
5.26011e-05
5.26026e-05
5.26047e-05
5.26076e-05
5.26114e-05
5.26162e-05
5.26221e-05
5.26291e-05
5.26374e-05
5.2647e-05
5.26579e-05
5.267e-05
5.2683e-05
5.26965e-05
5.27099e-05
5.27221e-05
5.2732e-05
5.27384e-05
5.27402e-05
5.27364e-05
5.27266e-05
5.27111e-05
5.26916e-05
5.26703e-05
5.26503e-05
5.26347e-05
5.26261e-05
5.26261e-05
5.26345e-05
5.26499e-05
5.26697e-05
5.26909e-05
5.27104e-05
5.27257e-05
5.27354e-05
5.2739e-05
5.27371e-05
5.27305e-05
5.27203e-05
5.27079e-05
5.26944e-05
5.26806e-05
5.26674e-05
5.26551e-05
5.2644e-05
5.26342e-05
5.26257e-05
5.26184e-05
5.26124e-05
5.26074e-05
5.26034e-05
5.26003e-05
5.2598e-05
5.25964e-05
5.25954e-05
5.25949e-05
5.25948e-05
5.25952e-05
5.25958e-05
5.25967e-05
5.25978e-05
5.25991e-05
5.26006e-05
5.26021e-05
5.26038e-05
5.26055e-05
5.26072e-05
5.2609e-05
5.26108e-05
5.26126e-05
5.26143e-05
5.26161e-05
5.26178e-05
5.26195e-05
5.26212e-05
5.26228e-05
5.26245e-05
5.2626e-05
5.26276e-05
5.26291e-05
5.26305e-05
5.26319e-05
5.26333e-05
5.26346e-05
5.26359e-05
5.26372e-05
5.26384e-05
5.26396e-05
5.26408e-05
5.26419e-05
5.2643e-05
5.2644e-05
5.2645e-05
5.2646e-05
5.26469e-05
5.26478e-05
5.26487e-05
5.26496e-05
5.26504e-05
5.26512e-05
5.26519e-05
5.26526e-05
5.26533e-05
5.2654e-05
5.26546e-05
5.26552e-05
5.26558e-05
5.26563e-05
5.26569e-05
5.26574e-05
5.26578e-05
5.26582e-05
5.26587e-05
5.2659e-05
5.26594e-05
5.26597e-05
5.266e-05
5.26603e-05
5.26605e-05
5.26607e-05
5.26609e-05
5.26611e-05
5.26612e-05
5.26613e-05
5.26614e-05
5.26614e-05
5.26615e-05
5.41498e-05
5.41498e-05
5.41497e-05
5.41496e-05
5.41495e-05
5.41494e-05
5.41492e-05
5.4149e-05
5.41488e-05
5.41485e-05
5.41482e-05
5.41479e-05
5.41475e-05
5.41471e-05
5.41467e-05
5.41463e-05
5.41458e-05
5.41453e-05
5.41448e-05
5.41442e-05
5.41436e-05
5.4143e-05
5.41423e-05
5.41417e-05
5.41409e-05
5.41402e-05
5.41394e-05
5.41386e-05
5.41377e-05
5.41369e-05
5.41359e-05
5.4135e-05
5.4134e-05
5.4133e-05
5.41319e-05
5.41308e-05
5.41297e-05
5.41285e-05
5.41273e-05
5.41261e-05
5.41248e-05
5.41235e-05
5.41222e-05
5.41208e-05
5.41193e-05
5.41178e-05
5.41163e-05
5.41148e-05
5.41132e-05
5.41115e-05
5.41098e-05
5.41081e-05
5.41063e-05
5.41046e-05
5.41027e-05
5.41009e-05
5.4099e-05
5.40971e-05
5.40952e-05
5.40932e-05
5.40913e-05
5.40894e-05
5.40876e-05
5.40858e-05
5.4084e-05
5.40824e-05
5.40808e-05
5.40795e-05
5.40783e-05
5.40774e-05
5.40767e-05
5.40764e-05
5.40764e-05
5.4077e-05
5.40781e-05
5.40797e-05
5.40821e-05
5.40853e-05
5.40894e-05
5.40945e-05
5.41007e-05
5.4108e-05
5.41164e-05
5.41259e-05
5.41363e-05
5.4147e-05
5.41574e-05
5.41664e-05
5.41725e-05
5.4174e-05
5.41688e-05
5.41547e-05
5.41309e-05
5.40974e-05
5.40551e-05
5.40073e-05
5.39584e-05
5.39142e-05
5.38807e-05
5.38625e-05
5.38624e-05
5.38804e-05
5.39137e-05
5.39577e-05
5.40065e-05
5.40542e-05
5.40963e-05
5.41298e-05
5.41535e-05
5.41674e-05
5.41724e-05
5.41708e-05
5.41645e-05
5.41553e-05
5.41447e-05
5.41337e-05
5.41232e-05
5.41135e-05
5.41048e-05
5.40973e-05
5.40909e-05
5.40857e-05
5.40814e-05
5.4078e-05
5.40754e-05
5.40736e-05
5.40723e-05
5.40717e-05
5.40714e-05
5.40716e-05
5.40721e-05
5.40729e-05
5.4074e-05
5.40752e-05
5.40766e-05
5.40781e-05
5.40797e-05
5.40814e-05
5.40831e-05
5.40849e-05
5.40867e-05
5.40885e-05
5.40903e-05
5.4092e-05
5.40938e-05
5.40955e-05
5.40972e-05
5.40989e-05
5.41006e-05
5.41022e-05
5.41038e-05
5.41053e-05
5.41068e-05
5.41082e-05
5.41097e-05
5.4111e-05
5.41124e-05
5.41137e-05
5.41149e-05
5.41162e-05
5.41174e-05
5.41185e-05
5.41196e-05
5.41207e-05
5.41218e-05
5.41228e-05
5.41237e-05
5.41247e-05
5.41256e-05
5.41265e-05
5.41273e-05
5.41281e-05
5.41289e-05
5.41297e-05
5.41304e-05
5.41311e-05
5.41318e-05
5.41324e-05
5.4133e-05
5.41336e-05
5.41341e-05
5.41346e-05
5.41351e-05
5.41356e-05
5.4136e-05
5.41364e-05
5.41368e-05
5.41372e-05
5.41375e-05
5.41378e-05
5.4138e-05
5.41383e-05
5.41385e-05
5.41387e-05
5.41389e-05
5.4139e-05
5.41391e-05
5.41392e-05
5.41392e-05
5.41393e-05
5.55954e-05
5.55954e-05
5.55953e-05
5.55953e-05
5.55951e-05
5.5595e-05
5.55948e-05
5.55946e-05
5.55944e-05
5.55941e-05
5.55938e-05
5.55935e-05
5.55932e-05
5.55928e-05
5.55924e-05
5.55919e-05
5.55915e-05
5.5591e-05
5.55904e-05
5.55899e-05
5.55893e-05
5.55887e-05
5.5588e-05
5.55873e-05
5.55866e-05
5.55859e-05
5.55851e-05
5.55843e-05
5.55835e-05
5.55826e-05
5.55817e-05
5.55807e-05
5.55797e-05
5.55787e-05
5.55777e-05
5.55766e-05
5.55755e-05
5.55743e-05
5.55731e-05
5.55719e-05
5.55706e-05
5.55693e-05
5.5568e-05
5.55666e-05
5.55652e-05
5.55637e-05
5.55622e-05
5.55606e-05
5.5559e-05
5.55574e-05
5.55557e-05
5.5554e-05
5.55523e-05
5.55505e-05
5.55487e-05
5.55468e-05
5.5545e-05
5.55431e-05
5.55411e-05
5.55392e-05
5.55373e-05
5.55354e-05
5.55335e-05
5.55317e-05
5.55299e-05
5.55282e-05
5.55266e-05
5.55251e-05
5.55238e-05
5.55227e-05
5.55219e-05
5.55213e-05
5.55211e-05
5.55213e-05
5.5522e-05
5.55232e-05
5.55251e-05
5.55277e-05
5.55311e-05
5.55353e-05
5.55405e-05
5.55467e-05
5.55538e-05
5.55616e-05
5.55697e-05
5.55773e-05
5.55833e-05
5.55858e-05
5.55826e-05
5.55708e-05
5.55473e-05
5.55095e-05
5.54552e-05
5.53846e-05
5.53004e-05
5.52079e-05
5.51154e-05
5.5033e-05
5.49707e-05
5.49371e-05
5.4937e-05
5.49702e-05
5.50322e-05
5.51145e-05
5.52068e-05
5.52992e-05
5.53834e-05
5.54539e-05
5.55081e-05
5.55458e-05
5.55692e-05
5.55808e-05
5.55839e-05
5.55811e-05
5.5575e-05
5.55672e-05
5.55589e-05
5.55509e-05
5.55436e-05
5.55372e-05
5.55318e-05
5.55274e-05
5.55238e-05
5.55211e-05
5.5519e-05
5.55176e-05
5.55168e-05
5.55164e-05
5.55165e-05
5.55169e-05
5.55176e-05
5.55186e-05
5.55197e-05
5.55211e-05
5.55225e-05
5.55241e-05
5.55257e-05
5.55275e-05
5.55292e-05
5.5531e-05
5.55328e-05
5.55346e-05
5.55364e-05
5.55382e-05
5.55399e-05
5.55417e-05
5.55434e-05
5.55451e-05
5.55467e-05
5.55483e-05
5.55499e-05
5.55514e-05
5.55529e-05
5.55543e-05
5.55557e-05
5.55571e-05
5.55584e-05
5.55597e-05
5.5561e-05
5.55622e-05
5.55634e-05
5.55645e-05
5.55656e-05
5.55667e-05
5.55678e-05
5.55688e-05
5.55697e-05
5.55707e-05
5.55716e-05
5.55725e-05
5.55733e-05
5.55741e-05
5.55749e-05
5.55756e-05
5.55764e-05
5.5577e-05
5.55777e-05
5.55783e-05
5.55789e-05
5.55795e-05
5.558e-05
5.55806e-05
5.5581e-05
5.55815e-05
5.55819e-05
5.55823e-05
5.55827e-05
5.55831e-05
5.55834e-05
5.55837e-05
5.55839e-05
5.55842e-05
5.55844e-05
5.55846e-05
5.55847e-05
5.55849e-05
5.5585e-05
5.55851e-05
5.55851e-05
5.55851e-05
5.70296e-05
5.70296e-05
5.70295e-05
5.70294e-05
5.70293e-05
5.70292e-05
5.7029e-05
5.70288e-05
5.70286e-05
5.70283e-05
5.7028e-05
5.70277e-05
5.70273e-05
5.7027e-05
5.70266e-05
5.70261e-05
5.70257e-05
5.70252e-05
5.70247e-05
5.70241e-05
5.70235e-05
5.70229e-05
5.70223e-05
5.70216e-05
5.70209e-05
5.70202e-05
5.70194e-05
5.70186e-05
5.70178e-05
5.70169e-05
5.7016e-05
5.70151e-05
5.70141e-05
5.70131e-05
5.70121e-05
5.7011e-05
5.70099e-05
5.70087e-05
5.70076e-05
5.70064e-05
5.70051e-05
5.70038e-05
5.70025e-05
5.70011e-05
5.69997e-05
5.69982e-05
5.69968e-05
5.69952e-05
5.69937e-05
5.6992e-05
5.69904e-05
5.69887e-05
5.6987e-05
5.69852e-05
5.69834e-05
5.69816e-05
5.69797e-05
5.69778e-05
5.69759e-05
5.6974e-05
5.69721e-05
5.69702e-05
5.69683e-05
5.69664e-05
5.69646e-05
5.69628e-05
5.69612e-05
5.69596e-05
5.69582e-05
5.69569e-05
5.69559e-05
5.69551e-05
5.69547e-05
5.69545e-05
5.69548e-05
5.69556e-05
5.69569e-05
5.69589e-05
5.69615e-05
5.6965e-05
5.69692e-05
5.69742e-05
5.69797e-05
5.69855e-05
5.69908e-05
5.69943e-05
5.69942e-05
5.69877e-05
5.69712e-05
5.69402e-05
5.68901e-05
5.68166e-05
5.6717e-05
5.65912e-05
5.64439e-05
5.6284e-05
5.61251e-05
5.59841e-05
5.58778e-05
5.58206e-05
5.58203e-05
5.5877e-05
5.59829e-05
5.61236e-05
5.62823e-05
5.64421e-05
5.65895e-05
5.67154e-05
5.6815e-05
5.68884e-05
5.69385e-05
5.69694e-05
5.69858e-05
5.69921e-05
5.69921e-05
5.69883e-05
5.69829e-05
5.69769e-05
5.69711e-05
5.6966e-05
5.69616e-05
5.6958e-05
5.69551e-05
5.6953e-05
5.69515e-05
5.69506e-05
5.69502e-05
5.69501e-05
5.69505e-05
5.69511e-05
5.6952e-05
5.69531e-05
5.69544e-05
5.69558e-05
5.69574e-05
5.6959e-05
5.69607e-05
5.69624e-05
5.69642e-05
5.6966e-05
5.69678e-05
5.69696e-05
5.69714e-05
5.69732e-05
5.69749e-05
5.69766e-05
5.69783e-05
5.698e-05
5.69816e-05
5.69832e-05
5.69847e-05
5.69862e-05
5.69877e-05
5.69892e-05
5.69905e-05
5.69919e-05
5.69932e-05
5.69945e-05
5.69957e-05
5.69969e-05
5.69981e-05
5.69992e-05
5.70003e-05
5.70014e-05
5.70024e-05
5.70034e-05
5.70044e-05
5.70053e-05
5.70062e-05
5.70071e-05
5.70079e-05
5.70087e-05
5.70095e-05
5.70102e-05
5.70109e-05
5.70116e-05
5.70123e-05
5.70129e-05
5.70135e-05
5.70141e-05
5.70146e-05
5.70151e-05
5.70156e-05
5.7016e-05
5.70165e-05
5.70169e-05
5.70172e-05
5.70176e-05
5.70179e-05
5.70182e-05
5.70185e-05
5.70187e-05
5.70189e-05
5.70191e-05
5.70192e-05
5.70194e-05
5.70195e-05
5.70196e-05
5.70196e-05
5.70196e-05
5.84794e-05
5.84793e-05
5.84793e-05
5.84792e-05
5.84791e-05
5.84789e-05
5.84788e-05
5.84786e-05
5.84783e-05
5.84781e-05
5.84778e-05
5.84775e-05
5.84772e-05
5.84768e-05
5.84764e-05
5.8476e-05
5.84755e-05
5.8475e-05
5.84745e-05
5.8474e-05
5.84734e-05
5.84728e-05
5.84722e-05
5.84715e-05
5.84708e-05
5.84701e-05
5.84693e-05
5.84685e-05
5.84677e-05
5.84669e-05
5.8466e-05
5.84651e-05
5.84641e-05
5.84631e-05
5.84621e-05
5.84611e-05
5.846e-05
5.84589e-05
5.84577e-05
5.84565e-05
5.84553e-05
5.8454e-05
5.84527e-05
5.84514e-05
5.845e-05
5.84485e-05
5.84471e-05
5.84456e-05
5.8444e-05
5.84424e-05
5.84408e-05
5.84392e-05
5.84375e-05
5.84357e-05
5.84339e-05
5.84321e-05
5.84303e-05
5.84284e-05
5.84266e-05
5.84247e-05
5.84228e-05
5.84208e-05
5.84189e-05
5.84171e-05
5.84152e-05
5.84134e-05
5.84117e-05
5.841e-05
5.84085e-05
5.84071e-05
5.84059e-05
5.84049e-05
5.84042e-05
5.84037e-05
5.84037e-05
5.8404e-05
5.84048e-05
5.84061e-05
5.84081e-05
5.84106e-05
5.84138e-05
5.84175e-05
5.84214e-05
5.84248e-05
5.84266e-05
5.84249e-05
5.84167e-05
5.8398e-05
5.83632e-05
5.83056e-05
5.82181e-05
5.80943e-05
5.793e-05
5.77253e-05
5.7487e-05
5.72292e-05
5.69734e-05
5.67462e-05
5.65749e-05
5.64825e-05
5.64821e-05
5.65736e-05
5.67442e-05
5.6971e-05
5.72266e-05
5.74844e-05
5.77228e-05
5.79277e-05
5.80922e-05
5.82162e-05
5.83037e-05
5.83612e-05
5.8396e-05
5.84146e-05
5.84226e-05
5.84242e-05
5.84222e-05
5.84186e-05
5.84146e-05
5.84107e-05
5.84074e-05
5.84046e-05
5.84025e-05
5.8401e-05
5.84001e-05
5.83996e-05
5.83995e-05
5.83998e-05
5.84004e-05
5.84013e-05
5.84024e-05
5.84036e-05
5.8405e-05
5.84065e-05
5.84081e-05
5.84098e-05
5.84115e-05
5.84133e-05
5.84151e-05
5.84169e-05
5.84187e-05
5.84205e-05
5.84223e-05
5.8424e-05
5.84257e-05
5.84274e-05
5.84291e-05
5.84307e-05
5.84323e-05
5.84339e-05
5.84354e-05
5.84369e-05
5.84384e-05
5.84398e-05
5.84411e-05
5.84425e-05
5.84438e-05
5.8445e-05
5.84463e-05
5.84474e-05
5.84486e-05
5.84497e-05
5.84508e-05
5.84518e-05
5.84529e-05
5.84538e-05
5.84548e-05
5.84557e-05
5.84566e-05
5.84574e-05
5.84582e-05
5.8459e-05
5.84598e-05
5.84605e-05
5.84612e-05
5.84619e-05
5.84625e-05
5.84632e-05
5.84637e-05
5.84643e-05
5.84648e-05
5.84653e-05
5.84658e-05
5.84663e-05
5.84667e-05
5.84671e-05
5.84674e-05
5.84678e-05
5.84681e-05
5.84684e-05
5.84686e-05
5.84689e-05
5.84691e-05
5.84693e-05
5.84694e-05
5.84695e-05
5.84696e-05
5.84697e-05
5.84698e-05
5.84698e-05
5.99749e-05
5.99749e-05
5.99749e-05
5.99748e-05
5.99747e-05
5.99745e-05
5.99744e-05
5.99742e-05
5.9974e-05
5.99737e-05
5.99734e-05
5.99731e-05
5.99728e-05
5.99724e-05
5.9972e-05
5.99716e-05
5.99712e-05
5.99707e-05
5.99702e-05
5.99697e-05
5.99691e-05
5.99685e-05
5.99679e-05
5.99673e-05
5.99666e-05
5.99659e-05
5.99651e-05
5.99644e-05
5.99636e-05
5.99627e-05
5.99619e-05
5.9961e-05
5.996e-05
5.99591e-05
5.99581e-05
5.9957e-05
5.9956e-05
5.99549e-05
5.99537e-05
5.99526e-05
5.99514e-05
5.99501e-05
5.99489e-05
5.99475e-05
5.99462e-05
5.99448e-05
5.99434e-05
5.99419e-05
5.99404e-05
5.99388e-05
5.99372e-05
5.99356e-05
5.99339e-05
5.99322e-05
5.99305e-05
5.99287e-05
5.99269e-05
5.99251e-05
5.99232e-05
5.99214e-05
5.99195e-05
5.99176e-05
5.99157e-05
5.99138e-05
5.99119e-05
5.99101e-05
5.99083e-05
5.99066e-05
5.9905e-05
5.99035e-05
5.99021e-05
5.99009e-05
5.99e-05
5.98992e-05
5.98988e-05
5.98987e-05
5.9899e-05
5.98998e-05
5.9901e-05
5.99027e-05
5.99049e-05
5.99072e-05
5.99092e-05
5.99098e-05
5.99074e-05
5.98992e-05
5.98808e-05
5.98462e-05
5.97873e-05
5.96945e-05
5.95572e-05
5.93657e-05
5.91137e-05
5.88013e-05
5.84375e-05
5.80436e-05
5.76517e-05
5.73026e-05
5.70388e-05
5.68962e-05
5.68954e-05
5.70366e-05
5.72992e-05
5.76477e-05
5.80393e-05
5.84334e-05
5.87975e-05
5.91104e-05
5.93628e-05
5.95546e-05
5.96922e-05
5.97852e-05
5.98441e-05
5.98787e-05
5.9897e-05
5.99051e-05
5.99073e-05
5.99065e-05
5.99044e-05
5.99019e-05
5.98996e-05
5.98977e-05
5.98963e-05
5.98954e-05
5.98949e-05
5.98949e-05
5.98952e-05
5.98958e-05
5.98966e-05
5.98977e-05
5.98989e-05
5.99003e-05
5.99018e-05
5.99034e-05
5.99051e-05
5.99068e-05
5.99085e-05
5.99103e-05
5.99121e-05
5.99139e-05
5.99156e-05
5.99174e-05
5.99192e-05
5.99209e-05
5.99226e-05
5.99243e-05
5.99259e-05
5.99275e-05
5.99291e-05
5.99306e-05
5.99321e-05
5.99336e-05
5.9935e-05
5.99364e-05
5.99377e-05
5.9939e-05
5.99403e-05
5.99415e-05
5.99427e-05
5.99439e-05
5.9945e-05
5.99461e-05
5.99472e-05
5.99482e-05
5.99492e-05
5.99501e-05
5.99511e-05
5.9952e-05
5.99528e-05
5.99537e-05
5.99545e-05
5.99553e-05
5.9956e-05
5.99567e-05
5.99574e-05
5.99581e-05
5.99587e-05
5.99593e-05
5.99599e-05
5.99604e-05
5.99609e-05
5.99614e-05
5.99619e-05
5.99623e-05
5.99627e-05
5.99631e-05
5.99635e-05
5.99638e-05
5.99641e-05
5.99644e-05
5.99647e-05
5.99649e-05
5.99651e-05
5.99653e-05
5.99654e-05
5.99656e-05
5.99657e-05
5.99657e-05
5.99658e-05
5.99658e-05
6.1546e-05
6.1546e-05
6.15459e-05
6.15459e-05
6.15458e-05
6.15456e-05
6.15455e-05
6.15453e-05
6.15451e-05
6.15448e-05
6.15446e-05
6.15443e-05
6.15439e-05
6.15436e-05
6.15432e-05
6.15428e-05
6.15424e-05
6.15419e-05
6.15414e-05
6.15409e-05
6.15403e-05
6.15398e-05
6.15392e-05
6.15385e-05
6.15379e-05
6.15372e-05
6.15365e-05
6.15357e-05
6.15349e-05
6.15341e-05
6.15333e-05
6.15324e-05
6.15315e-05
6.15305e-05
6.15296e-05
6.15286e-05
6.15275e-05
6.15265e-05
6.15254e-05
6.15242e-05
6.15231e-05
6.15218e-05
6.15206e-05
6.15193e-05
6.1518e-05
6.15166e-05
6.15152e-05
6.15138e-05
6.15123e-05
6.15108e-05
6.15093e-05
6.15077e-05
6.15061e-05
6.15044e-05
6.15027e-05
6.1501e-05
6.14993e-05
6.14975e-05
6.14956e-05
6.14938e-05
6.1492e-05
6.14901e-05
6.14882e-05
6.14863e-05
6.14845e-05
6.14826e-05
6.14808e-05
6.14791e-05
6.14774e-05
6.14758e-05
6.14743e-05
6.1473e-05
6.14718e-05
6.14708e-05
6.14701e-05
6.14696e-05
6.14695e-05
6.14697e-05
6.14703e-05
6.14712e-05
6.14723e-05
6.14732e-05
6.14732e-05
6.14707e-05
6.14634e-05
6.14474e-05
6.14165e-05
6.13623e-05
6.12735e-05
6.11364e-05
6.0936e-05
6.06582e-05
6.02935e-05
5.9841e-05
5.93124e-05
5.87376e-05
5.8163e-05
5.76486e-05
5.72584e-05
5.70469e-05
5.70456e-05
5.72547e-05
5.76431e-05
5.81564e-05
5.87307e-05
5.93059e-05
5.98352e-05
6.02886e-05
6.06542e-05
6.09326e-05
6.11336e-05
6.1271e-05
6.136e-05
6.14143e-05
6.14451e-05
6.14611e-05
6.14683e-05
6.14706e-05
6.14705e-05
6.14694e-05
6.14682e-05
6.14671e-05
6.14664e-05
6.1466e-05
6.1466e-05
6.14663e-05
6.14669e-05
6.14678e-05
6.14689e-05
6.14701e-05
6.14715e-05
6.14729e-05
6.14745e-05
6.14762e-05
6.14778e-05
6.14796e-05
6.14813e-05
6.14831e-05
6.14849e-05
6.14866e-05
6.14884e-05
6.14901e-05
6.14918e-05
6.14935e-05
6.14952e-05
6.14968e-05
6.14984e-05
6.15e-05
6.15015e-05
6.1503e-05
6.15045e-05
6.15059e-05
6.15073e-05
6.15086e-05
6.15099e-05
6.15112e-05
6.15124e-05
6.15136e-05
6.15148e-05
6.15159e-05
6.1517e-05
6.15181e-05
6.15191e-05
6.15201e-05
6.15211e-05
6.1522e-05
6.15229e-05
6.15238e-05
6.15247e-05
6.15255e-05
6.15263e-05
6.1527e-05
6.15278e-05
6.15285e-05
6.15291e-05
6.15298e-05
6.15304e-05
6.1531e-05
6.15315e-05
6.15321e-05
6.15326e-05
6.15331e-05
6.15335e-05
6.15339e-05
6.15343e-05
6.15347e-05
6.15351e-05
6.15354e-05
6.15357e-05
6.1536e-05
6.15362e-05
6.15365e-05
6.15367e-05
6.15368e-05
6.1537e-05
6.15371e-05
6.15372e-05
6.15373e-05
6.15373e-05
6.15374e-05
6.32176e-05
6.32175e-05
6.32175e-05
6.32174e-05
6.32173e-05
6.32172e-05
6.3217e-05
6.32168e-05
6.32166e-05
6.32164e-05
6.32161e-05
6.32158e-05
6.32155e-05
6.32152e-05
6.32148e-05
6.32144e-05
6.3214e-05
6.32135e-05
6.32131e-05
6.32126e-05
6.3212e-05
6.32115e-05
6.32109e-05
6.32103e-05
6.32096e-05
6.3209e-05
6.32083e-05
6.32075e-05
6.32068e-05
6.3206e-05
6.32052e-05
6.32043e-05
6.32034e-05
6.32025e-05
6.32016e-05
6.32006e-05
6.31996e-05
6.31986e-05
6.31975e-05
6.31964e-05
6.31953e-05
6.31941e-05
6.31929e-05
6.31917e-05
6.31904e-05
6.31891e-05
6.31877e-05
6.31863e-05
6.31849e-05
6.31835e-05
6.3182e-05
6.31804e-05
6.31789e-05
6.31773e-05
6.31756e-05
6.3174e-05
6.31723e-05
6.31705e-05
6.31688e-05
6.3167e-05
6.31652e-05
6.31634e-05
6.31615e-05
6.31597e-05
6.31579e-05
6.3156e-05
6.31542e-05
6.31525e-05
6.31508e-05
6.31491e-05
6.31475e-05
6.31461e-05
6.31447e-05
6.31436e-05
6.31426e-05
6.31418e-05
6.31413e-05
6.31411e-05
6.31412e-05
6.31414e-05
6.31415e-05
6.3141e-05
6.31389e-05
6.31331e-05
6.31204e-05
6.30955e-05
6.30503e-05
6.29733e-05
6.28494e-05
6.26599e-05
6.23842e-05
6.20027e-05
6.15008e-05
6.08757e-05
6.01421e-05
5.93389e-05
5.85305e-05
5.78022e-05
5.72469e-05
5.69447e-05
5.69426e-05
5.72407e-05
5.77931e-05
5.85199e-05
5.9328e-05
6.01319e-05
6.08668e-05
6.14935e-05
6.19968e-05
6.23796e-05
6.26563e-05
6.28464e-05
6.29708e-05
6.30479e-05
6.30932e-05
6.31181e-05
6.31307e-05
6.31364e-05
6.31384e-05
6.31388e-05
6.31385e-05
6.31381e-05
6.3138e-05
6.31381e-05
6.31384e-05
6.31391e-05
6.31399e-05
6.3141e-05
6.31422e-05
6.31435e-05
6.3145e-05
6.31465e-05
6.31481e-05
6.31498e-05
6.31515e-05
6.31532e-05
6.3155e-05
6.31567e-05
6.31584e-05
6.31601e-05
6.31619e-05
6.31635e-05
6.31652e-05
6.31668e-05
6.31685e-05
6.317e-05
6.31716e-05
6.31731e-05
6.31746e-05
6.3176e-05
6.31774e-05
6.31788e-05
6.31801e-05
6.31814e-05
6.31827e-05
6.31839e-05
6.31851e-05
6.31863e-05
6.31874e-05
6.31885e-05
6.31896e-05
6.31906e-05
6.31916e-05
6.31926e-05
6.31936e-05
6.31945e-05
6.31953e-05
6.31962e-05
6.3197e-05
6.31978e-05
6.31986e-05
6.31993e-05
6.32e-05
6.32007e-05
6.32013e-05
6.3202e-05
6.32026e-05
6.32031e-05
6.32037e-05
6.32042e-05
6.32047e-05
6.32052e-05
6.32056e-05
6.3206e-05
6.32064e-05
6.32068e-05
6.32071e-05
6.32075e-05
6.32078e-05
6.3208e-05
6.32083e-05
6.32085e-05
6.32087e-05
6.32088e-05
6.3209e-05
6.32091e-05
6.32092e-05
6.32093e-05
6.32093e-05
6.32094e-05
6.50055e-05
6.50055e-05
6.50054e-05
6.50053e-05
6.50052e-05
6.50051e-05
6.50049e-05
6.50048e-05
6.50046e-05
6.50043e-05
6.50041e-05
6.50038e-05
6.50035e-05
6.50032e-05
6.50028e-05
6.50024e-05
6.5002e-05
6.50016e-05
6.50011e-05
6.50006e-05
6.50001e-05
6.49996e-05
6.4999e-05
6.49984e-05
6.49978e-05
6.49972e-05
6.49965e-05
6.49958e-05
6.49951e-05
6.49943e-05
6.49935e-05
6.49927e-05
6.49918e-05
6.4991e-05
6.49901e-05
6.49891e-05
6.49882e-05
6.49872e-05
6.49861e-05
6.49851e-05
6.4984e-05
6.49829e-05
6.49817e-05
6.49805e-05
6.49793e-05
6.4978e-05
6.49767e-05
6.49754e-05
6.4974e-05
6.49727e-05
6.49712e-05
6.49698e-05
6.49683e-05
6.49667e-05
6.49652e-05
6.49636e-05
6.49619e-05
6.49603e-05
6.49586e-05
6.49569e-05
6.49552e-05
6.49534e-05
6.49516e-05
6.49499e-05
6.49481e-05
6.49463e-05
6.49446e-05
6.49428e-05
6.49411e-05
6.49395e-05
6.49379e-05
6.49364e-05
6.4935e-05
6.49337e-05
6.49326e-05
6.49316e-05
6.49309e-05
6.49303e-05
6.49299e-05
6.49296e-05
6.49289e-05
6.49272e-05
6.4923e-05
6.49139e-05
6.48956e-05
6.48614e-05
6.48008e-05
6.46991e-05
6.45367e-05
6.42893e-05
6.39297e-05
6.34311e-05
6.2773e-05
6.19488e-05
6.0975e-05
5.98986e-05
5.88065e-05
5.78151e-05
5.70545e-05
5.66389e-05
5.66353e-05
5.70445e-05
5.78004e-05
5.87895e-05
5.98815e-05
6.09592e-05
6.19354e-05
6.27622e-05
6.34227e-05
6.39233e-05
6.42845e-05
6.4533e-05
6.46961e-05
6.47982e-05
6.4859e-05
6.48933e-05
6.49116e-05
6.49206e-05
6.49247e-05
6.49263e-05
6.49268e-05
6.49271e-05
6.49273e-05
6.49278e-05
6.49284e-05
6.49292e-05
6.49302e-05
6.49314e-05
6.49327e-05
6.49341e-05
6.49356e-05
6.49371e-05
6.49387e-05
6.49404e-05
6.4942e-05
6.49437e-05
6.49454e-05
6.49471e-05
6.49487e-05
6.49504e-05
6.4952e-05
6.49537e-05
6.49553e-05
6.49568e-05
6.49584e-05
6.49599e-05
6.49614e-05
6.49628e-05
6.49642e-05
6.49656e-05
6.4967e-05
6.49683e-05
6.49696e-05
6.49708e-05
6.4972e-05
6.49732e-05
6.49744e-05
6.49755e-05
6.49766e-05
6.49776e-05
6.49787e-05
6.49797e-05
6.49806e-05
6.49816e-05
6.49825e-05
6.49833e-05
6.49842e-05
6.4985e-05
6.49858e-05
6.49866e-05
6.49873e-05
6.4988e-05
6.49887e-05
6.49894e-05
6.499e-05
6.49906e-05
6.49912e-05
6.49917e-05
6.49923e-05
6.49928e-05
6.49932e-05
6.49937e-05
6.49941e-05
6.49945e-05
6.49949e-05
6.49953e-05
6.49956e-05
6.49959e-05
6.49962e-05
6.49965e-05
6.49967e-05
6.49969e-05
6.49971e-05
6.49973e-05
6.49974e-05
6.49975e-05
6.49976e-05
6.49977e-05
6.49977e-05
6.49978e-05
6.69131e-05
6.69131e-05
6.6913e-05
6.6913e-05
6.69129e-05
6.69127e-05
6.69126e-05
6.69124e-05
6.69122e-05
6.6912e-05
6.69118e-05
6.69115e-05
6.69112e-05
6.69109e-05
6.69105e-05
6.69102e-05
6.69098e-05
6.69094e-05
6.69089e-05
6.69084e-05
6.6908e-05
6.69074e-05
6.69069e-05
6.69063e-05
6.69057e-05
6.69051e-05
6.69045e-05
6.69038e-05
6.69031e-05
6.69023e-05
6.69016e-05
6.69008e-05
6.69e-05
6.68992e-05
6.68983e-05
6.68974e-05
6.68965e-05
6.68955e-05
6.68945e-05
6.68935e-05
6.68925e-05
6.68914e-05
6.68903e-05
6.68892e-05
6.6888e-05
6.68868e-05
6.68856e-05
6.68843e-05
6.6883e-05
6.68817e-05
6.68804e-05
6.6879e-05
6.68776e-05
6.68761e-05
6.68746e-05
6.68731e-05
6.68716e-05
6.687e-05
6.68684e-05
6.68668e-05
6.68652e-05
6.68635e-05
6.68619e-05
6.68602e-05
6.68585e-05
6.68568e-05
6.68552e-05
6.68535e-05
6.68519e-05
6.68503e-05
6.68488e-05
6.68473e-05
6.68459e-05
6.68447e-05
6.68435e-05
6.68425e-05
6.68417e-05
6.6841e-05
6.68404e-05
6.68397e-05
6.68384e-05
6.68357e-05
6.68298e-05
6.68177e-05
6.67941e-05
6.67508e-05
6.6675e-05
6.65487e-05
6.63474e-05
6.6041e-05
6.55948e-05
6.49742e-05
6.41508e-05
6.31123e-05
6.18745e-05
6.04935e-05
5.90772e-05
5.77796e-05
5.67772e-05
5.6227e-05
5.62212e-05
5.67611e-05
5.77562e-05
5.90505e-05
6.0467e-05
6.18509e-05
6.30925e-05
6.41351e-05
6.49623e-05
6.5586e-05
6.60346e-05
6.63427e-05
6.65451e-05
6.66721e-05
6.67483e-05
6.67918e-05
6.68154e-05
6.68275e-05
6.68333e-05
6.68359e-05
6.68371e-05
6.68377e-05
6.68382e-05
6.68387e-05
6.68395e-05
6.68404e-05
6.68414e-05
6.68426e-05
6.68439e-05
6.68452e-05
6.68467e-05
6.68482e-05
6.68497e-05
6.68512e-05
6.68528e-05
6.68544e-05
6.6856e-05
6.68576e-05
6.68592e-05
6.68607e-05
6.68623e-05
6.68638e-05
6.68653e-05
6.68668e-05
6.68682e-05
6.68697e-05
6.68711e-05
6.68724e-05
6.68738e-05
6.68751e-05
6.68764e-05
6.68776e-05
6.68788e-05
6.688e-05
6.68812e-05
6.68823e-05
6.68834e-05
6.68845e-05
6.68855e-05
6.68865e-05
6.68875e-05
6.68884e-05
6.68894e-05
6.68903e-05
6.68911e-05
6.6892e-05
6.68928e-05
6.68936e-05
6.68943e-05
6.68951e-05
6.68958e-05
6.68965e-05
6.68971e-05
6.68978e-05
6.68984e-05
6.68989e-05
6.68995e-05
6.69e-05
6.69005e-05
6.6901e-05
6.69015e-05
6.69019e-05
6.69023e-05
6.69027e-05
6.69031e-05
6.69034e-05
6.69038e-05
6.69041e-05
6.69043e-05
6.69046e-05
6.69048e-05
6.6905e-05
6.69052e-05
6.69054e-05
6.69055e-05
6.69056e-05
6.69057e-05
6.69058e-05
6.69058e-05
6.69058e-05
6.8929e-05
6.8929e-05
6.8929e-05
6.89289e-05
6.89288e-05
6.89287e-05
6.89285e-05
6.89284e-05
6.89282e-05
6.8928e-05
6.89277e-05
6.89275e-05
6.89272e-05
6.89269e-05
6.89266e-05
6.89262e-05
6.89258e-05
6.89254e-05
6.8925e-05
6.89246e-05
6.89241e-05
6.89236e-05
6.89231e-05
6.89225e-05
6.8922e-05
6.89214e-05
6.89208e-05
6.89201e-05
6.89194e-05
6.89187e-05
6.8918e-05
6.89173e-05
6.89165e-05
6.89157e-05
6.89149e-05
6.8914e-05
6.89132e-05
6.89122e-05
6.89113e-05
6.89104e-05
6.89094e-05
6.89084e-05
6.89073e-05
6.89063e-05
6.89052e-05
6.8904e-05
6.89029e-05
6.89017e-05
6.89005e-05
6.88993e-05
6.8898e-05
6.88967e-05
6.88954e-05
6.8894e-05
6.88927e-05
6.88913e-05
6.88899e-05
6.88884e-05
6.8887e-05
6.88855e-05
6.8884e-05
6.88825e-05
6.88809e-05
6.88794e-05
6.88779e-05
6.88763e-05
6.88748e-05
6.88733e-05
6.88719e-05
6.88704e-05
6.8869e-05
6.88677e-05
6.88665e-05
6.88653e-05
6.88643e-05
6.88634e-05
6.88627e-05
6.88621e-05
6.88615e-05
6.88607e-05
6.88592e-05
6.88559e-05
6.88488e-05
6.88344e-05
6.88065e-05
6.87554e-05
6.86663e-05
6.85178e-05
6.82812e-05
6.79204e-05
6.73934e-05
6.66569e-05
6.56738e-05
6.4424e-05
6.292e-05
6.12246e-05
5.94602e-05
5.78265e-05
5.65539e-05
5.58513e-05
5.58421e-05
5.65284e-05
5.779e-05
5.94193e-05
6.11849e-05
6.2885e-05
6.43954e-05
6.56516e-05
6.66403e-05
6.73814e-05
6.79118e-05
6.82752e-05
6.85134e-05
6.86629e-05
6.87527e-05
6.88041e-05
6.88321e-05
6.88466e-05
6.88536e-05
6.88568e-05
6.88583e-05
6.88589e-05
6.88594e-05
6.88599e-05
6.88606e-05
6.88613e-05
6.88623e-05
6.88633e-05
6.88645e-05
6.88657e-05
6.8867e-05
6.88683e-05
6.88697e-05
6.88711e-05
6.88726e-05
6.8874e-05
6.88754e-05
6.88769e-05
6.88783e-05
6.88798e-05
6.88812e-05
6.88826e-05
6.8884e-05
6.88853e-05
6.88867e-05
6.8888e-05
6.88893e-05
6.88906e-05
6.88918e-05
6.8893e-05
6.88942e-05
6.88954e-05
6.88965e-05
6.88976e-05
6.88987e-05
6.88998e-05
6.89008e-05
6.89018e-05
6.89028e-05
6.89038e-05
6.89047e-05
6.89056e-05
6.89065e-05
6.89073e-05
6.89081e-05
6.89089e-05
6.89097e-05
6.89105e-05
6.89112e-05
6.89119e-05
6.89126e-05
6.89132e-05
6.89138e-05
6.89144e-05
6.8915e-05
6.89156e-05
6.89161e-05
6.89166e-05
6.89171e-05
6.89176e-05
6.8918e-05
6.89184e-05
6.89188e-05
6.89192e-05
6.89196e-05
6.89199e-05
6.89202e-05
6.89205e-05
6.89208e-05
6.8921e-05
6.89212e-05
6.89214e-05
6.89216e-05
6.89217e-05
6.89219e-05
6.8922e-05
6.89221e-05
6.89221e-05
6.89222e-05
6.89222e-05
7.10271e-05
7.10271e-05
7.1027e-05
7.1027e-05
7.10269e-05
7.10268e-05
7.10266e-05
7.10265e-05
7.10263e-05
7.10261e-05
7.10259e-05
7.10256e-05
7.10254e-05
7.10251e-05
7.10248e-05
7.10244e-05
7.10241e-05
7.10237e-05
7.10233e-05
7.10229e-05
7.10224e-05
7.10219e-05
7.10214e-05
7.10209e-05
7.10204e-05
7.10198e-05
7.10192e-05
7.10186e-05
7.1018e-05
7.10173e-05
7.10166e-05
7.10159e-05
7.10152e-05
7.10145e-05
7.10137e-05
7.10129e-05
7.10121e-05
7.10112e-05
7.10103e-05
7.10094e-05
7.10085e-05
7.10076e-05
7.10066e-05
7.10056e-05
7.10046e-05
7.10036e-05
7.10025e-05
7.10014e-05
7.10003e-05
7.09992e-05
7.0998e-05
7.09968e-05
7.09956e-05
7.09944e-05
7.09932e-05
7.09919e-05
7.09906e-05
7.09893e-05
7.0988e-05
7.09867e-05
7.09854e-05
7.09841e-05
7.09827e-05
7.09814e-05
7.09801e-05
7.09788e-05
7.09775e-05
7.09762e-05
7.0975e-05
7.09738e-05
7.09727e-05
7.09716e-05
7.09707e-05
7.09698e-05
7.09691e-05
7.09686e-05
7.09682e-05
7.09679e-05
7.09677e-05
7.09672e-05
7.09659e-05
7.09626e-05
7.0955e-05
7.09393e-05
7.09086e-05
7.08521e-05
7.07532e-05
7.0588e-05
7.0324e-05
6.99199e-05
6.93271e-05
6.84943e-05
6.73749e-05
6.59392e-05
6.4192e-05
6.2195e-05
6.00921e-05
5.81085e-05
5.65455e-05
5.56755e-05
5.56612e-05
5.65058e-05
5.80523e-05
6.00305e-05
6.21366e-05
6.41418e-05
6.58989e-05
6.73441e-05
6.84717e-05
6.9311e-05
6.99087e-05
7.03163e-05
7.05826e-05
7.07493e-05
7.08491e-05
7.09061e-05
7.0937e-05
7.09529e-05
7.09604e-05
7.09636e-05
7.09649e-05
7.09652e-05
7.09654e-05
7.09656e-05
7.09659e-05
7.09663e-05
7.09669e-05
7.09677e-05
7.09685e-05
7.09695e-05
7.09705e-05
7.09716e-05
7.09728e-05
7.0974e-05
7.09752e-05
7.09764e-05
7.09776e-05
7.09789e-05
7.09802e-05
7.09814e-05
7.09827e-05
7.09839e-05
7.09851e-05
7.09864e-05
7.09876e-05
7.09887e-05
7.09899e-05
7.09911e-05
7.09922e-05
7.09933e-05
7.09944e-05
7.09955e-05
7.09965e-05
7.09975e-05
7.09985e-05
7.09995e-05
7.10005e-05
7.10014e-05
7.10023e-05
7.10032e-05
7.10041e-05
7.10049e-05
7.10057e-05
7.10065e-05
7.10073e-05
7.10081e-05
7.10088e-05
7.10095e-05
7.10102e-05
7.10108e-05
7.10115e-05
7.10121e-05
7.10127e-05
7.10133e-05
7.10138e-05
7.10143e-05
7.10148e-05
7.10153e-05
7.10158e-05
7.10162e-05
7.10167e-05
7.10171e-05
7.10174e-05
7.10178e-05
7.10181e-05
7.10185e-05
7.10187e-05
7.1019e-05
7.10193e-05
7.10195e-05
7.10197e-05
7.10199e-05
7.10201e-05
7.10202e-05
7.10203e-05
7.10204e-05
7.10205e-05
7.10206e-05
7.10206e-05
7.10207e-05
7.31685e-05
7.31684e-05
7.31684e-05
7.31683e-05
7.31682e-05
7.31681e-05
7.3168e-05
7.31679e-05
7.31677e-05
7.31675e-05
7.31673e-05
7.31671e-05
7.31668e-05
7.31665e-05
7.31662e-05
7.31659e-05
7.31656e-05
7.31652e-05
7.31648e-05
7.31644e-05
7.3164e-05
7.31635e-05
7.31631e-05
7.31626e-05
7.31621e-05
7.31615e-05
7.3161e-05
7.31604e-05
7.31598e-05
7.31592e-05
7.31586e-05
7.31579e-05
7.31572e-05
7.31565e-05
7.31558e-05
7.31551e-05
7.31543e-05
7.31535e-05
7.31527e-05
7.31519e-05
7.3151e-05
7.31502e-05
7.31493e-05
7.31484e-05
7.31475e-05
7.31465e-05
7.31456e-05
7.31446e-05
7.31436e-05
7.31426e-05
7.31416e-05
7.31405e-05
7.31395e-05
7.31384e-05
7.31373e-05
7.31362e-05
7.31351e-05
7.3134e-05
7.31329e-05
7.31318e-05
7.31307e-05
7.31296e-05
7.31285e-05
7.31275e-05
7.31264e-05
7.31254e-05
7.31244e-05
7.31235e-05
7.31226e-05
7.31218e-05
7.31211e-05
7.31205e-05
7.312e-05
7.31196e-05
7.31194e-05
7.31194e-05
7.31197e-05
7.31201e-05
7.31205e-05
7.31208e-05
7.31202e-05
7.31176e-05
7.31106e-05
7.3095e-05
7.30637e-05
7.30051e-05
7.29016e-05
7.27277e-05
7.24482e-05
7.20182e-05
7.13841e-05
7.04875e-05
6.92731e-05
6.77002e-05
6.57616e-05
6.351e-05
6.1091e-05
5.87706e-05
5.69001e-05
5.58436e-05
5.58214e-05
5.6839e-05
5.86868e-05
6.10011e-05
6.34268e-05
6.56916e-05
6.76449e-05
6.92315e-05
7.04574e-05
7.13629e-05
7.20037e-05
7.24384e-05
7.27211e-05
7.2897e-05
7.30017e-05
7.3061e-05
7.30927e-05
7.31085e-05
7.31155e-05
7.31181e-05
7.31186e-05
7.31182e-05
7.31177e-05
7.31172e-05
7.31169e-05
7.31168e-05
7.31169e-05
7.31171e-05
7.31175e-05
7.31181e-05
7.31187e-05
7.31194e-05
7.31202e-05
7.31211e-05
7.3122e-05
7.31229e-05
7.31239e-05
7.31249e-05
7.31259e-05
7.31269e-05
7.31279e-05
7.3129e-05
7.313e-05
7.3131e-05
7.31321e-05
7.31331e-05
7.31341e-05
7.31351e-05
7.31361e-05
7.31371e-05
7.3138e-05
7.3139e-05
7.31399e-05
7.31408e-05
7.31417e-05
7.31426e-05
7.31435e-05
7.31443e-05
7.31452e-05
7.3146e-05
7.31468e-05
7.31475e-05
7.31483e-05
7.3149e-05
7.31497e-05
7.31504e-05
7.31511e-05
7.31518e-05
7.31524e-05
7.3153e-05
7.31536e-05
7.31542e-05
7.31548e-05
7.31553e-05
7.31558e-05
7.31563e-05
7.31568e-05
7.31572e-05
7.31577e-05
7.31581e-05
7.31585e-05
7.31589e-05
7.31592e-05
7.31596e-05
7.31599e-05
7.31602e-05
7.31605e-05
7.31607e-05
7.3161e-05
7.31612e-05
7.31614e-05
7.31616e-05
7.31617e-05
7.31619e-05
7.3162e-05
7.31621e-05
7.31622e-05
7.31622e-05
7.31623e-05
7.31623e-05
7.53052e-05
7.53052e-05
7.53052e-05
7.53051e-05
7.5305e-05
7.53049e-05
7.53048e-05
7.53047e-05
7.53045e-05
7.53043e-05
7.53041e-05
7.53039e-05
7.53037e-05
7.53034e-05
7.53031e-05
7.53028e-05
7.53025e-05
7.53022e-05
7.53018e-05
7.53014e-05
7.5301e-05
7.53006e-05
7.53002e-05
7.52997e-05
7.52992e-05
7.52987e-05
7.52982e-05
7.52977e-05
7.52972e-05
7.52966e-05
7.5296e-05
7.52954e-05
7.52948e-05
7.52941e-05
7.52935e-05
7.52928e-05
7.52921e-05
7.52914e-05
7.52907e-05
7.52899e-05
7.52892e-05
7.52884e-05
7.52876e-05
7.52868e-05
7.5286e-05
7.52852e-05
7.52843e-05
7.52835e-05
7.52826e-05
7.52818e-05
7.52809e-05
7.528e-05
7.52792e-05
7.52783e-05
7.52774e-05
7.52765e-05
7.52756e-05
7.52748e-05
7.52739e-05
7.52731e-05
7.52722e-05
7.52715e-05
7.52707e-05
7.527e-05
7.52693e-05
7.52687e-05
7.52681e-05
7.52676e-05
7.52672e-05
7.52669e-05
7.52668e-05
7.52667e-05
7.52669e-05
7.52673e-05
7.52678e-05
7.52687e-05
7.52698e-05
7.52712e-05
7.52728e-05
7.52742e-05
7.5275e-05
7.52739e-05
7.52685e-05
7.52547e-05
7.52253e-05
7.51687e-05
7.50671e-05
7.48944e-05
7.46146e-05
7.41811e-05
7.35375e-05
7.26205e-05
7.13671e-05
6.97254e-05
6.76721e-05
6.52397e-05
6.25589e-05
5.99058e-05
5.77084e-05
5.64319e-05
5.63978e-05
5.76164e-05
5.97819e-05
6.24306e-05
6.51246e-05
6.75775e-05
6.96521e-05
7.13127e-05
7.25815e-05
7.35104e-05
7.41628e-05
7.46024e-05
7.48864e-05
7.50617e-05
7.5165e-05
7.52225e-05
7.52524e-05
7.52665e-05
7.52719e-05
7.5273e-05
7.52722e-05
7.52706e-05
7.52689e-05
7.52674e-05
7.52662e-05
7.52653e-05
7.52646e-05
7.52642e-05
7.52639e-05
7.52639e-05
7.52639e-05
7.52641e-05
7.52645e-05
7.52649e-05
7.52653e-05
7.52659e-05
7.52665e-05
7.52671e-05
7.52678e-05
7.52686e-05
7.52693e-05
7.52701e-05
7.52709e-05
7.52717e-05
7.52725e-05
7.52733e-05
7.52741e-05
7.52749e-05
7.52757e-05
7.52765e-05
7.52774e-05
7.52782e-05
7.5279e-05
7.52797e-05
7.52805e-05
7.52813e-05
7.52821e-05
7.52828e-05
7.52835e-05
7.52842e-05
7.5285e-05
7.52856e-05
7.52863e-05
7.5287e-05
7.52876e-05
7.52883e-05
7.52889e-05
7.52895e-05
7.52901e-05
7.52906e-05
7.52912e-05
7.52917e-05
7.52922e-05
7.52927e-05
7.52932e-05
7.52936e-05
7.52941e-05
7.52945e-05
7.52949e-05
7.52953e-05
7.52957e-05
7.5296e-05
7.52964e-05
7.52967e-05
7.5297e-05
7.52973e-05
7.52975e-05
7.52978e-05
7.5298e-05
7.52982e-05
7.52984e-05
7.52986e-05
7.52987e-05
7.52988e-05
7.5299e-05
7.5299e-05
7.52991e-05
7.52992e-05
7.52992e-05
7.52992e-05
7.73856e-05
7.73855e-05
7.73855e-05
7.73855e-05
7.73854e-05
7.73853e-05
7.73852e-05
7.7385e-05
7.73849e-05
7.73847e-05
7.73845e-05
7.73843e-05
7.73841e-05
7.73839e-05
7.73836e-05
7.73833e-05
7.7383e-05
7.73827e-05
7.73824e-05
7.73821e-05
7.73817e-05
7.73813e-05
7.73809e-05
7.73805e-05
7.73801e-05
7.73796e-05
7.73791e-05
7.73787e-05
7.73782e-05
7.73777e-05
7.73771e-05
7.73766e-05
7.7376e-05
7.73755e-05
7.73749e-05
7.73743e-05
7.73737e-05
7.73731e-05
7.73724e-05
7.73718e-05
7.73711e-05
7.73705e-05
7.73698e-05
7.73691e-05
7.73685e-05
7.73678e-05
7.73671e-05
7.73664e-05
7.73657e-05
7.7365e-05
7.73643e-05
7.73637e-05
7.7363e-05
7.73624e-05
7.73617e-05
7.73611e-05
7.73605e-05
7.73599e-05
7.73594e-05
7.73589e-05
7.73584e-05
7.7358e-05
7.73576e-05
7.73574e-05
7.73571e-05
7.7357e-05
7.7357e-05
7.73571e-05
7.73573e-05
7.73577e-05
7.73583e-05
7.73591e-05
7.73601e-05
7.73614e-05
7.7363e-05
7.73649e-05
7.73673e-05
7.737e-05
7.73731e-05
7.73763e-05
7.7379e-05
7.73802e-05
7.73776e-05
7.73672e-05
7.73425e-05
7.72922e-05
7.71995e-05
7.7039e-05
7.67758e-05
7.63639e-05
7.57467e-05
7.48589e-05
7.36319e-05
7.20026e-05
6.99277e-05
6.74082e-05
6.45351e-05
6.15626e-05
5.89725e-05
5.74055e-05
5.73528e-05
5.88326e-05
6.13835e-05
6.43579e-05
6.72549e-05
6.98048e-05
7.1909e-05
7.35632e-05
7.48102e-05
7.57132e-05
7.63415e-05
7.67611e-05
7.70295e-05
7.71933e-05
7.72882e-05
7.73396e-05
7.73649e-05
7.73756e-05
7.73783e-05
7.73771e-05
7.73743e-05
7.7371e-05
7.73679e-05
7.7365e-05
7.73625e-05
7.73605e-05
7.73588e-05
7.73574e-05
7.73563e-05
7.73554e-05
7.73548e-05
7.73543e-05
7.7354e-05
7.73538e-05
7.73538e-05
7.73538e-05
7.73539e-05
7.73542e-05
7.73544e-05
7.73548e-05
7.73552e-05
7.73556e-05
7.73561e-05
7.73566e-05
7.73571e-05
7.73577e-05
7.73582e-05
7.73588e-05
7.73594e-05
7.736e-05
7.73607e-05
7.73613e-05
7.73619e-05
7.73625e-05
7.73632e-05
7.73638e-05
7.73644e-05
7.7365e-05
7.73657e-05
7.73663e-05
7.73669e-05
7.73674e-05
7.7368e-05
7.73686e-05
7.73692e-05
7.73697e-05
7.73703e-05
7.73708e-05
7.73713e-05
7.73718e-05
7.73723e-05
7.73728e-05
7.73732e-05
7.73737e-05
7.73741e-05
7.73745e-05
7.73749e-05
7.73753e-05
7.73757e-05
7.7376e-05
7.73764e-05
7.73767e-05
7.7377e-05
7.73773e-05
7.73776e-05
7.73778e-05
7.73781e-05
7.73783e-05
7.73785e-05
7.73787e-05
7.73789e-05
7.7379e-05
7.73792e-05
7.73793e-05
7.73794e-05
7.73795e-05
7.73795e-05
7.73796e-05
7.73796e-05
7.73796e-05
7.8849e-05
7.8849e-05
7.88489e-05
7.88489e-05
7.88488e-05
7.88487e-05
7.88486e-05
7.88485e-05
7.88484e-05
7.88482e-05
7.88481e-05
7.88479e-05
7.88477e-05
7.88475e-05
7.88472e-05
7.8847e-05
7.88467e-05
7.88465e-05
7.88462e-05
7.88459e-05
7.88456e-05
7.88452e-05
7.88449e-05
7.88445e-05
7.88442e-05
7.88438e-05
7.88434e-05
7.8843e-05
7.88425e-05
7.88421e-05
7.88417e-05
7.88412e-05
7.88408e-05
7.88403e-05
7.88398e-05
7.88393e-05
7.88388e-05
7.88384e-05
7.88379e-05
7.88374e-05
7.88369e-05
7.88364e-05
7.88358e-05
7.88354e-05
7.88349e-05
7.88344e-05
7.88339e-05
7.88334e-05
7.8833e-05
7.88325e-05
7.88321e-05
7.88317e-05
7.88314e-05
7.8831e-05
7.88307e-05
7.88304e-05
7.88302e-05
7.88301e-05
7.883e-05
7.88299e-05
7.883e-05
7.88301e-05
7.88303e-05
7.88306e-05
7.88311e-05
7.88317e-05
7.88324e-05
7.88334e-05
7.88345e-05
7.88359e-05
7.88375e-05
7.88395e-05
7.88418e-05
7.88445e-05
7.88476e-05
7.88513e-05
7.88556e-05
7.88605e-05
7.88659e-05
7.88719e-05
7.88778e-05
7.88828e-05
7.8885e-05
7.88805e-05
7.8864e-05
7.88252e-05
7.87484e-05
7.86105e-05
7.83785e-05
7.80086e-05
7.74453e-05
7.66223e-05
7.54654e-05
7.38975e-05
7.18474e-05
6.92668e-05
6.617e-05
6.27374e-05
5.94957e-05
5.73934e-05
5.73088e-05
5.92771e-05
6.24753e-05
6.59274e-05
6.90669e-05
7.16922e-05
7.37816e-05
7.53815e-05
7.65634e-05
7.74051e-05
7.79819e-05
7.83613e-05
7.85996e-05
7.87416e-05
7.88208e-05
7.88611e-05
7.88783e-05
7.88831e-05
7.88811e-05
7.8876e-05
7.887e-05
7.8864e-05
7.88584e-05
7.88534e-05
7.8849e-05
7.88452e-05
7.88419e-05
7.88391e-05
7.88367e-05
7.88347e-05
7.88329e-05
7.88315e-05
7.88302e-05
7.88292e-05
7.88284e-05
7.88277e-05
7.88271e-05
7.88267e-05
7.88264e-05
7.88262e-05
7.88261e-05
7.88261e-05
7.88261e-05
7.88262e-05
7.88264e-05
7.88266e-05
7.88268e-05
7.88271e-05
7.88274e-05
7.88277e-05
7.8828e-05
7.88284e-05
7.88288e-05
7.88292e-05
7.88296e-05
7.88301e-05
7.88305e-05
7.88309e-05
7.88314e-05
7.88318e-05
7.88323e-05
7.88327e-05
7.88332e-05
7.88336e-05
7.88341e-05
7.88345e-05
7.88349e-05
7.88354e-05
7.88358e-05
7.88362e-05
7.88366e-05
7.8837e-05
7.88374e-05
7.88377e-05
7.88381e-05
7.88385e-05
7.88388e-05
7.88391e-05
7.88394e-05
7.88397e-05
7.884e-05
7.88403e-05
7.88406e-05
7.88408e-05
7.88411e-05
7.88413e-05
7.88415e-05
7.88417e-05
7.88419e-05
7.8842e-05
7.88422e-05
7.88423e-05
7.88425e-05
7.88426e-05
7.88427e-05
7.88427e-05
7.88428e-05
7.88428e-05
7.88429e-05
7.88429e-05
8.02118e-05
8.02118e-05
8.02118e-05
8.02118e-05
8.02117e-05
8.02116e-05
8.02115e-05
8.02114e-05
8.02113e-05
8.02112e-05
8.02111e-05
8.02109e-05
8.02107e-05
8.02105e-05
8.02103e-05
8.02101e-05
8.02099e-05
8.02097e-05
8.02094e-05
8.02092e-05
8.02089e-05
8.02086e-05
8.02083e-05
8.0208e-05
8.02077e-05
8.02074e-05
8.02071e-05
8.02068e-05
8.02064e-05
8.02061e-05
8.02057e-05
8.02054e-05
8.0205e-05
8.02046e-05
8.02043e-05
8.02039e-05
8.02036e-05
8.02032e-05
8.02028e-05
8.02025e-05
8.02021e-05
8.02018e-05
8.02015e-05
8.02011e-05
8.02008e-05
8.02006e-05
8.02003e-05
8.02001e-05
8.01999e-05
8.01997e-05
8.01995e-05
8.01994e-05
8.01994e-05
8.01994e-05
8.01994e-05
8.01995e-05
8.01997e-05
8.01999e-05
8.02003e-05
8.02007e-05
8.02013e-05
8.0202e-05
8.02028e-05
8.02038e-05
8.02049e-05
8.02062e-05
8.02078e-05
8.02096e-05
8.02117e-05
8.02141e-05
8.02169e-05
8.022e-05
8.02237e-05
8.02278e-05
8.02326e-05
8.0238e-05
8.02443e-05
8.02513e-05
8.02592e-05
8.02678e-05
8.02768e-05
8.02851e-05
8.0291e-05
8.02906e-05
8.02783e-05
8.02439e-05
8.0171e-05
8.00354e-05
7.98023e-05
7.94251e-05
7.88437e-05
7.79855e-05
7.67679e-05
7.51025e-05
7.29044e-05
7.01111e-05
6.67259e-05
6.29324e-05
5.9337e-05
5.70212e-05
5.69205e-05
5.90754e-05
6.26122e-05
6.64282e-05
6.98653e-05
7.27131e-05
7.49594e-05
7.66642e-05
7.79128e-05
7.87942e-05
7.93924e-05
7.97815e-05
8.00224e-05
8.01631e-05
8.0239e-05
8.02752e-05
8.02884e-05
8.02892e-05
8.02835e-05
8.02751e-05
8.0266e-05
8.02573e-05
8.02493e-05
8.02421e-05
8.02357e-05
8.02301e-05
8.02253e-05
8.0221e-05
8.02172e-05
8.02139e-05
8.02111e-05
8.02086e-05
8.02064e-05
8.02045e-05
8.02028e-05
8.02014e-05
8.02002e-05
8.01991e-05
8.01982e-05
8.01975e-05
8.01968e-05
8.01963e-05
8.01959e-05
8.01955e-05
8.01953e-05
8.01951e-05
8.0195e-05
8.01949e-05
8.01949e-05
8.0195e-05
8.0195e-05
8.01951e-05
8.01953e-05
8.01955e-05
8.01957e-05
8.01959e-05
8.01961e-05
8.01964e-05
8.01967e-05
8.01969e-05
8.01972e-05
8.01975e-05
8.01978e-05
8.01982e-05
8.01985e-05
8.01988e-05
8.01991e-05
8.01994e-05
8.01997e-05
8.02001e-05
8.02004e-05
8.02007e-05
8.0201e-05
8.02013e-05
8.02016e-05
8.02018e-05
8.02021e-05
8.02024e-05
8.02027e-05
8.02029e-05
8.02031e-05
8.02034e-05
8.02036e-05
8.02038e-05
8.0204e-05
8.02042e-05
8.02044e-05
8.02045e-05
8.02047e-05
8.02048e-05
8.0205e-05
8.02051e-05
8.02052e-05
8.02053e-05
8.02053e-05
8.02054e-05
8.02055e-05
8.02055e-05
8.02055e-05
8.02055e-05
8.14262e-05
8.14262e-05
8.14261e-05
8.14261e-05
8.1426e-05
8.1426e-05
8.14259e-05
8.14258e-05
8.14257e-05
8.14256e-05
8.14255e-05
8.14253e-05
8.14252e-05
8.1425e-05
8.14249e-05
8.14247e-05
8.14245e-05
8.14243e-05
8.14241e-05
8.14239e-05
8.14236e-05
8.14234e-05
8.14232e-05
8.14229e-05
8.14227e-05
8.14224e-05
8.14221e-05
8.14219e-05
8.14216e-05
8.14213e-05
8.1421e-05
8.14207e-05
8.14205e-05
8.14202e-05
8.14199e-05
8.14196e-05
8.14194e-05
8.14191e-05
8.14189e-05
8.14186e-05
8.14184e-05
8.14182e-05
8.1418e-05
8.14178e-05
8.14177e-05
8.14176e-05
8.14175e-05
8.14174e-05
8.14174e-05
8.14174e-05
8.14175e-05
8.14176e-05
8.14178e-05
8.1418e-05
8.14183e-05
8.14187e-05
8.14192e-05
8.14198e-05
8.14205e-05
8.14213e-05
8.14222e-05
8.14233e-05
8.14246e-05
8.1426e-05
8.14277e-05
8.14296e-05
8.14318e-05
8.14342e-05
8.1437e-05
8.14402e-05
8.14437e-05
8.14478e-05
8.14524e-05
8.14576e-05
8.14636e-05
8.14703e-05
8.14779e-05
8.14865e-05
8.1496e-05
8.15064e-05
8.15172e-05
8.15274e-05
8.15349e-05
8.15355e-05
8.15227e-05
8.14853e-05
8.14046e-05
8.12532e-05
8.09919e-05
8.05675e-05
7.99124e-05
7.89455e-05
7.75759e-05
7.57084e-05
7.32613e-05
7.01726e-05
6.64671e-05
6.23864e-05
5.85939e-05
5.61909e-05
5.60825e-05
5.83064e-05
6.20282e-05
6.61245e-05
6.98833e-05
7.30332e-05
7.55354e-05
7.74494e-05
7.88563e-05
7.98515e-05
8.05273e-05
8.09662e-05
8.12374e-05
8.13951e-05
8.14796e-05
8.15192e-05
8.1533e-05
8.15331e-05
8.15258e-05
8.15156e-05
8.15047e-05
8.14941e-05
8.14844e-05
8.14757e-05
8.1468e-05
8.14611e-05
8.14551e-05
8.14497e-05
8.1445e-05
8.14408e-05
8.14371e-05
8.14339e-05
8.1431e-05
8.14284e-05
8.14261e-05
8.14242e-05
8.14224e-05
8.14209e-05
8.14195e-05
8.14183e-05
8.14173e-05
8.14164e-05
8.14156e-05
8.1415e-05
8.14144e-05
8.14139e-05
8.14136e-05
8.14132e-05
8.1413e-05
8.14128e-05
8.14127e-05
8.14126e-05
8.14125e-05
8.14125e-05
8.14126e-05
8.14126e-05
8.14127e-05
8.14128e-05
8.14129e-05
8.14131e-05
8.14133e-05
8.14135e-05
8.14137e-05
8.14139e-05
8.14141e-05
8.14143e-05
8.14145e-05
8.14148e-05
8.1415e-05
8.14152e-05
8.14155e-05
8.14157e-05
8.14159e-05
8.14162e-05
8.14164e-05
8.14166e-05
8.14169e-05
8.14171e-05
8.14173e-05
8.14175e-05
8.14177e-05
8.14179e-05
8.14181e-05
8.14182e-05
8.14184e-05
8.14186e-05
8.14187e-05
8.14189e-05
8.1419e-05
8.14191e-05
8.14192e-05
8.14193e-05
8.14194e-05
8.14195e-05
8.14196e-05
8.14196e-05
8.14197e-05
8.14197e-05
8.14197e-05
8.14197e-05
8.24609e-05
8.24609e-05
8.24609e-05
8.24608e-05
8.24608e-05
8.24607e-05
8.24607e-05
8.24606e-05
8.24605e-05
8.24604e-05
8.24603e-05
8.24602e-05
8.246e-05
8.24599e-05
8.24597e-05
8.24596e-05
8.24594e-05
8.24592e-05
8.2459e-05
8.24588e-05
8.24586e-05
8.24584e-05
8.24582e-05
8.2458e-05
8.24578e-05
8.24575e-05
8.24573e-05
8.24571e-05
8.24568e-05
8.24566e-05
8.24564e-05
8.24561e-05
8.24559e-05
8.24557e-05
8.24554e-05
8.24552e-05
8.2455e-05
8.24548e-05
8.24546e-05
8.24545e-05
8.24543e-05
8.24542e-05
8.24541e-05
8.2454e-05
8.24539e-05
8.24539e-05
8.24539e-05
8.24539e-05
8.2454e-05
8.24541e-05
8.24543e-05
8.24545e-05
8.24548e-05
8.24552e-05
8.24556e-05
8.24562e-05
8.24568e-05
8.24575e-05
8.24584e-05
8.24594e-05
8.24605e-05
8.24618e-05
8.24633e-05
8.2465e-05
8.24669e-05
8.2469e-05
8.24715e-05
8.24742e-05
8.24773e-05
8.24808e-05
8.24847e-05
8.24891e-05
8.24941e-05
8.24998e-05
8.25062e-05
8.25134e-05
8.25215e-05
8.25305e-05
8.25406e-05
8.25514e-05
8.25625e-05
8.25726e-05
8.25792e-05
8.25771e-05
8.25594e-05
8.2512e-05
8.24133e-05
8.22311e-05
8.19197e-05
8.14177e-05
8.06479e-05
7.95198e-05
7.7935e-05
7.58045e-05
7.30418e-05
6.96078e-05
6.55619e-05
6.12031e-05
5.72719e-05
5.48572e-05
5.47464e-05
5.69704e-05
6.08132e-05
6.51786e-05
6.92779e-05
7.27764e-05
7.56008e-05
7.77845e-05
7.94119e-05
8.05737e-05
8.13685e-05
8.18882e-05
8.22116e-05
8.24016e-05
8.2505e-05
8.25552e-05
8.25743e-05
8.25772e-05
8.25709e-05
8.25609e-05
8.25497e-05
8.25388e-05
8.25286e-05
8.25193e-05
8.25111e-05
8.25038e-05
8.24972e-05
8.24915e-05
8.24863e-05
8.24818e-05
8.24777e-05
8.24742e-05
8.2471e-05
8.24681e-05
8.24656e-05
8.24633e-05
8.24614e-05
8.24596e-05
8.2458e-05
8.24566e-05
8.24554e-05
8.24543e-05
8.24534e-05
8.24526e-05
8.24519e-05
8.24513e-05
8.24507e-05
8.24503e-05
8.24499e-05
8.24496e-05
8.24494e-05
8.24492e-05
8.2449e-05
8.24489e-05
8.24489e-05
8.24488e-05
8.24488e-05
8.24489e-05
8.24489e-05
8.2449e-05
8.24491e-05
8.24492e-05
8.24494e-05
8.24495e-05
8.24497e-05
8.24498e-05
8.245e-05
8.24502e-05
8.24504e-05
8.24506e-05
8.24508e-05
8.2451e-05
8.24512e-05
8.24514e-05
8.24516e-05
8.24518e-05
8.24519e-05
8.24521e-05
8.24523e-05
8.24525e-05
8.24527e-05
8.24528e-05
8.2453e-05
8.24531e-05
8.24533e-05
8.24534e-05
8.24536e-05
8.24537e-05
8.24538e-05
8.24539e-05
8.2454e-05
8.24541e-05
8.24542e-05
8.24543e-05
8.24543e-05
8.24544e-05
8.24544e-05
8.24544e-05
8.24545e-05
8.24545e-05
8.33037e-05
8.33037e-05
8.33036e-05
8.33036e-05
8.33036e-05
8.33035e-05
8.33034e-05
8.33034e-05
8.33033e-05
8.33032e-05
8.33031e-05
8.3303e-05
8.33028e-05
8.33027e-05
8.33025e-05
8.33024e-05
8.33022e-05
8.33021e-05
8.33019e-05
8.33017e-05
8.33015e-05
8.33013e-05
8.33011e-05
8.33009e-05
8.33007e-05
8.33005e-05
8.33002e-05
8.33e-05
8.32998e-05
8.32996e-05
8.32993e-05
8.32991e-05
8.32989e-05
8.32987e-05
8.32985e-05
8.32983e-05
8.32981e-05
8.32979e-05
8.32977e-05
8.32976e-05
8.32974e-05
8.32973e-05
8.32972e-05
8.32971e-05
8.32971e-05
8.3297e-05
8.3297e-05
8.32971e-05
8.32972e-05
8.32973e-05
8.32975e-05
8.32977e-05
8.3298e-05
8.32984e-05
8.32988e-05
8.32994e-05
8.33e-05
8.33007e-05
8.33015e-05
8.33025e-05
8.33036e-05
8.33049e-05
8.33063e-05
8.33079e-05
8.33098e-05
8.33118e-05
8.33142e-05
8.33168e-05
8.33198e-05
8.33232e-05
8.33269e-05
8.33312e-05
8.3336e-05
8.33414e-05
8.33475e-05
8.33543e-05
8.3362e-05
8.33706e-05
8.338e-05
8.33899e-05
8.33997e-05
8.34077e-05
8.34109e-05
8.34035e-05
8.33767e-05
8.33135e-05
8.31887e-05
8.29641e-05
8.25864e-05
8.19845e-05
8.10709e-05
7.9746e-05
7.79114e-05
7.5466e-05
7.23392e-05
6.85123e-05
6.40852e-05
5.94362e-05
5.53963e-05
5.3012e-05
5.29025e-05
5.50884e-05
5.90199e-05
6.36626e-05
6.81406e-05
7.20356e-05
7.52294e-05
7.77342e-05
7.96186e-05
8.0982e-05
8.19252e-05
8.25482e-05
8.29404e-05
8.31743e-05
8.3305e-05
8.33716e-05
8.34004e-05
8.34087e-05
8.34059e-05
8.3398e-05
8.33882e-05
8.33782e-05
8.33687e-05
8.336e-05
8.33521e-05
8.33451e-05
8.33389e-05
8.33334e-05
8.33285e-05
8.33241e-05
8.33202e-05
8.33168e-05
8.33137e-05
8.33109e-05
8.33085e-05
8.33063e-05
8.33044e-05
8.33027e-05
8.33012e-05
8.32998e-05
8.32986e-05
8.32976e-05
8.32967e-05
8.32959e-05
8.32952e-05
8.32946e-05
8.3294e-05
8.32936e-05
8.32932e-05
8.32929e-05
8.32927e-05
8.32925e-05
8.32923e-05
8.32922e-05
8.32922e-05
8.32921e-05
8.32921e-05
8.32921e-05
8.32922e-05
8.32923e-05
8.32923e-05
8.32924e-05
8.32926e-05
8.32927e-05
8.32929e-05
8.3293e-05
8.32932e-05
8.32933e-05
8.32935e-05
8.32937e-05
8.32939e-05
8.32941e-05
8.32942e-05
8.32944e-05
8.32946e-05
8.32948e-05
8.3295e-05
8.32952e-05
8.32953e-05
8.32955e-05
8.32957e-05
8.32958e-05
8.3296e-05
8.32961e-05
8.32963e-05
8.32964e-05
8.32965e-05
8.32966e-05
8.32968e-05
8.32969e-05
8.32969e-05
8.3297e-05
8.32971e-05
8.32972e-05
8.32972e-05
8.32973e-05
8.32973e-05
8.32973e-05
8.32974e-05
8.32974e-05
8.39592e-05
8.39592e-05
8.39592e-05
8.39591e-05
8.39591e-05
8.3959e-05
8.3959e-05
8.39589e-05
8.39588e-05
8.39587e-05
8.39586e-05
8.39585e-05
8.39584e-05
8.39582e-05
8.39581e-05
8.39579e-05
8.39578e-05
8.39576e-05
8.39574e-05
8.39572e-05
8.3957e-05
8.39568e-05
8.39566e-05
8.39564e-05
8.39562e-05
8.39559e-05
8.39557e-05
8.39555e-05
8.39553e-05
8.3955e-05
8.39548e-05
8.39545e-05
8.39543e-05
8.39541e-05
8.39538e-05
8.39536e-05
8.39534e-05
8.39532e-05
8.3953e-05
8.39528e-05
8.39526e-05
8.39525e-05
8.39523e-05
8.39522e-05
8.39521e-05
8.3952e-05
8.39519e-05
8.39519e-05
8.39519e-05
8.3952e-05
8.39521e-05
8.39522e-05
8.39524e-05
8.39527e-05
8.3953e-05
8.39534e-05
8.39539e-05
8.39544e-05
8.39551e-05
8.39559e-05
8.39567e-05
8.39578e-05
8.3959e-05
8.39603e-05
8.39618e-05
8.39636e-05
8.39656e-05
8.39678e-05
8.39703e-05
8.39732e-05
8.39764e-05
8.398e-05
8.39841e-05
8.39888e-05
8.3994e-05
8.39998e-05
8.40064e-05
8.40136e-05
8.40214e-05
8.40294e-05
8.40367e-05
8.40412e-05
8.40392e-05
8.40246e-05
8.39853e-05
8.39024e-05
8.37456e-05
8.34706e-05
8.30152e-05
8.22982e-05
8.12216e-05
7.96801e-05
7.75602e-05
7.47667e-05
7.12345e-05
6.6962e-05
6.20963e-05
5.71257e-05
5.30041e-05
5.0696e-05
5.05917e-05
5.26978e-05
5.66869e-05
6.16329e-05
6.65459e-05
7.08903e-05
7.44957e-05
7.73553e-05
7.9531e-05
8.11175e-05
8.22278e-05
8.29697e-05
8.34421e-05
8.37283e-05
8.38921e-05
8.39793e-05
8.40208e-05
8.40366e-05
8.40393e-05
8.40349e-05
8.40277e-05
8.40196e-05
8.40117e-05
8.40044e-05
8.39977e-05
8.39917e-05
8.39864e-05
8.39816e-05
8.39774e-05
8.39737e-05
8.39703e-05
8.39674e-05
8.39648e-05
8.39624e-05
8.39604e-05
8.39585e-05
8.39569e-05
8.39555e-05
8.39542e-05
8.39531e-05
8.39521e-05
8.39513e-05
8.39506e-05
8.39499e-05
8.39494e-05
8.39489e-05
8.39485e-05
8.39482e-05
8.39479e-05
8.39477e-05
8.39476e-05
8.39474e-05
8.39474e-05
8.39473e-05
8.39473e-05
8.39474e-05
8.39474e-05
8.39475e-05
8.39476e-05
8.39477e-05
8.39478e-05
8.39479e-05
8.39481e-05
8.39483e-05
8.39484e-05
8.39486e-05
8.39488e-05
8.3949e-05
8.39492e-05
8.39494e-05
8.39496e-05
8.39498e-05
8.395e-05
8.39502e-05
8.39504e-05
8.39506e-05
8.39507e-05
8.39509e-05
8.39511e-05
8.39513e-05
8.39515e-05
8.39516e-05
8.39518e-05
8.39519e-05
8.39521e-05
8.39522e-05
8.39523e-05
8.39525e-05
8.39526e-05
8.39527e-05
8.39528e-05
8.39528e-05
8.39529e-05
8.3953e-05
8.3953e-05
8.39531e-05
8.39531e-05
8.39532e-05
8.39532e-05
8.39532e-05
8.44456e-05
8.44456e-05
8.44456e-05
8.44455e-05
8.44455e-05
8.44454e-05
8.44454e-05
8.44453e-05
8.44452e-05
8.44451e-05
8.4445e-05
8.44449e-05
8.44447e-05
8.44446e-05
8.44444e-05
8.44443e-05
8.44441e-05
8.44439e-05
8.44437e-05
8.44435e-05
8.44433e-05
8.44431e-05
8.44429e-05
8.44426e-05
8.44424e-05
8.44421e-05
8.44419e-05
8.44416e-05
8.44414e-05
8.44411e-05
8.44408e-05
8.44406e-05
8.44403e-05
8.444e-05
8.44398e-05
8.44395e-05
8.44392e-05
8.4439e-05
8.44387e-05
8.44384e-05
8.44382e-05
8.4438e-05
8.44377e-05
8.44375e-05
8.44373e-05
8.44371e-05
8.4437e-05
8.44368e-05
8.44367e-05
8.44366e-05
8.44366e-05
8.44366e-05
8.44366e-05
8.44367e-05
8.44368e-05
8.4437e-05
8.44372e-05
8.44375e-05
8.44379e-05
8.44384e-05
8.44389e-05
8.44396e-05
8.44404e-05
8.44413e-05
8.44424e-05
8.44437e-05
8.44451e-05
8.44467e-05
8.44486e-05
8.44507e-05
8.44531e-05
8.44559e-05
8.4459e-05
8.44625e-05
8.44665e-05
8.4471e-05
8.44759e-05
8.44814e-05
8.44871e-05
8.44925e-05
8.44966e-05
8.44968e-05
8.4489e-05
8.44654e-05
8.44122e-05
8.43069e-05
8.41147e-05
8.37841e-05
8.32438e-05
8.24023e-05
8.11531e-05
7.9374e-05
7.69488e-05
7.37778e-05
6.9796e-05
6.50132e-05
5.96369e-05
5.43278e-05
5.02057e-05
4.80594e-05
4.79658e-05
4.99143e-05
5.38742e-05
5.91306e-05
6.4548e-05
6.94076e-05
7.347e-05
7.67145e-05
7.92023e-05
8.10322e-05
8.23206e-05
8.31903e-05
8.37505e-05
8.40942e-05
8.42947e-05
8.4405e-05
8.4461e-05
8.44861e-05
8.44947e-05
8.44947e-05
8.44908e-05
8.44853e-05
8.44795e-05
8.4474e-05
8.44689e-05
8.44643e-05
8.44602e-05
8.44566e-05
8.44534e-05
8.44505e-05
8.4448e-05
8.44458e-05
8.44439e-05
8.44421e-05
8.44406e-05
8.44393e-05
8.44382e-05
8.44372e-05
8.44363e-05
8.44355e-05
8.44349e-05
8.44343e-05
8.44339e-05
8.44335e-05
8.44332e-05
8.44329e-05
8.44328e-05
8.44326e-05
8.44325e-05
8.44325e-05
8.44325e-05
8.44325e-05
8.44326e-05
8.44326e-05
8.44327e-05
8.44329e-05
8.4433e-05
8.44332e-05
8.44334e-05
8.44335e-05
8.44337e-05
8.4434e-05
8.44342e-05
8.44344e-05
8.44346e-05
8.44348e-05
8.44351e-05
8.44353e-05
8.44355e-05
8.44358e-05
8.4436e-05
8.44362e-05
8.44365e-05
8.44367e-05
8.44369e-05
8.44371e-05
8.44373e-05
8.44375e-05
8.44377e-05
8.44379e-05
8.44381e-05
8.44383e-05
8.44384e-05
8.44386e-05
8.44388e-05
8.44389e-05
8.4439e-05
8.44392e-05
8.44393e-05
8.44394e-05
8.44395e-05
8.44396e-05
8.44397e-05
8.44397e-05
8.44398e-05
8.44399e-05
8.44399e-05
8.44399e-05
8.44399e-05
8.444e-05
8.47892e-05
8.47892e-05
8.47891e-05
8.47891e-05
8.4789e-05
8.4789e-05
8.47889e-05
8.47888e-05
8.47887e-05
8.47886e-05
8.47885e-05
8.47884e-05
8.47882e-05
8.47881e-05
8.47879e-05
8.47877e-05
8.47876e-05
8.47874e-05
8.47872e-05
8.47869e-05
8.47867e-05
8.47865e-05
8.47862e-05
8.4786e-05
8.47857e-05
8.47854e-05
8.47851e-05
8.47849e-05
8.47846e-05
8.47843e-05
8.4784e-05
8.47836e-05
8.47833e-05
8.4783e-05
8.47827e-05
8.47823e-05
8.4782e-05
8.47817e-05
8.47813e-05
8.4781e-05
8.47807e-05
8.47804e-05
8.478e-05
8.47797e-05
8.47794e-05
8.47791e-05
8.47788e-05
8.47785e-05
8.47783e-05
8.4778e-05
8.47778e-05
8.47776e-05
8.47774e-05
8.47773e-05
8.47772e-05
8.47771e-05
8.47771e-05
8.47771e-05
8.47772e-05
8.47773e-05
8.47775e-05
8.47778e-05
8.47781e-05
8.47786e-05
8.47792e-05
8.47798e-05
8.47806e-05
8.47816e-05
8.47827e-05
8.4784e-05
8.47856e-05
8.47873e-05
8.47894e-05
8.47917e-05
8.47943e-05
8.47973e-05
8.48006e-05
8.48041e-05
8.48076e-05
8.48104e-05
8.48111e-05
8.48068e-05
8.47929e-05
8.47599e-05
8.46919e-05
8.45632e-05
8.43338e-05
8.39448e-05
8.33158e-05
8.23465e-05
8.09134e-05
7.88867e-05
7.61399e-05
7.25637e-05
6.80835e-05
6.27154e-05
5.67668e-05
5.11916e-05
4.72743e-05
4.54273e-05
4.53509e-05
4.70185e-05
5.07433e-05
5.62198e-05
6.21954e-05
6.76461e-05
7.22163e-05
7.58747e-05
7.86915e-05
8.07752e-05
8.22525e-05
8.32543e-05
8.39058e-05
8.431e-05
8.45491e-05
8.46835e-05
8.47548e-05
8.47896e-05
8.48045e-05
8.48091e-05
8.48086e-05
8.48058e-05
8.48023e-05
8.47987e-05
8.47953e-05
8.47922e-05
8.47895e-05
8.47871e-05
8.4785e-05
8.47831e-05
8.47815e-05
8.47801e-05
8.47789e-05
8.47779e-05
8.4777e-05
8.47762e-05
8.47756e-05
8.47751e-05
8.47747e-05
8.47743e-05
8.4774e-05
8.47739e-05
8.47737e-05
8.47736e-05
8.47736e-05
8.47736e-05
8.47737e-05
8.47737e-05
8.47739e-05
8.4774e-05
8.47742e-05
8.47744e-05
8.47746e-05
8.47748e-05
8.4775e-05
8.47753e-05
8.47755e-05
8.47758e-05
8.47761e-05
8.47764e-05
8.47766e-05
8.47769e-05
8.47772e-05
8.47775e-05
8.47778e-05
8.47781e-05
8.47784e-05
8.47787e-05
8.47789e-05
8.47792e-05
8.47795e-05
8.47798e-05
8.478e-05
8.47803e-05
8.47805e-05
8.47808e-05
8.4781e-05
8.47812e-05
8.47815e-05
8.47817e-05
8.47819e-05
8.47821e-05
8.47823e-05
8.47824e-05
8.47826e-05
8.47828e-05
8.47829e-05
8.47831e-05
8.47832e-05
8.47833e-05
8.47834e-05
8.47835e-05
8.47836e-05
8.47837e-05
8.47837e-05
8.47838e-05
8.47838e-05
8.47839e-05
8.47839e-05
8.47839e-05
8.50193e-05
8.50193e-05
8.50193e-05
8.50192e-05
8.50192e-05
8.50191e-05
8.5019e-05
8.5019e-05
8.50189e-05
8.50187e-05
8.50186e-05
8.50185e-05
8.50183e-05
8.50182e-05
8.5018e-05
8.50178e-05
8.50176e-05
8.50174e-05
8.50172e-05
8.50169e-05
8.50167e-05
8.50164e-05
8.50161e-05
8.50159e-05
8.50156e-05
8.50153e-05
8.5015e-05
8.50146e-05
8.50143e-05
8.5014e-05
8.50136e-05
8.50133e-05
8.50129e-05
8.50125e-05
8.50121e-05
8.50118e-05
8.50114e-05
8.5011e-05
8.50106e-05
8.50101e-05
8.50097e-05
8.50093e-05
8.50089e-05
8.50085e-05
8.50081e-05
8.50076e-05
8.50072e-05
8.50068e-05
8.50064e-05
8.5006e-05
8.50056e-05
8.50052e-05
8.50049e-05
8.50045e-05
8.50042e-05
8.50039e-05
8.50036e-05
8.50033e-05
8.50031e-05
8.50029e-05
8.50027e-05
8.50026e-05
8.50025e-05
8.50025e-05
8.50026e-05
8.50027e-05
8.5003e-05
8.50033e-05
8.50037e-05
8.50042e-05
8.50049e-05
8.50058e-05
8.50068e-05
8.5008e-05
8.50094e-05
8.5011e-05
8.50127e-05
8.50144e-05
8.50158e-05
8.50161e-05
8.50136e-05
8.50053e-05
8.49853e-05
8.49431e-05
8.48605e-05
8.47082e-05
8.44409e-05
8.39925e-05
8.32751e-05
8.21726e-05
8.05522e-05
7.82715e-05
7.51906e-05
7.11827e-05
6.61529e-05
6.01288e-05
5.36187e-05
4.80377e-05
4.46385e-05
4.32131e-05
4.31579e-05
4.44386e-05
4.76305e-05
5.30468e-05
5.9551e-05
6.56616e-05
7.07927e-05
7.48928e-05
7.8052e-05
8.03963e-05
8.20661e-05
8.32051e-05
8.39483e-05
8.44138e-05
8.4692e-05
8.48509e-05
8.49373e-05
8.49817e-05
8.50028e-05
8.50116e-05
8.50143e-05
8.50141e-05
8.50127e-05
8.50108e-05
8.5009e-05
8.50074e-05
8.50059e-05
8.50046e-05
8.50035e-05
8.50026e-05
8.50019e-05
8.50012e-05
8.50007e-05
8.50004e-05
8.50001e-05
8.49999e-05
8.49997e-05
8.49997e-05
8.49997e-05
8.49997e-05
8.49998e-05
8.5e-05
8.50001e-05
8.50003e-05
8.50006e-05
8.50008e-05
8.50011e-05
8.50014e-05
8.50017e-05
8.50021e-05
8.50024e-05
8.50027e-05
8.50031e-05
8.50035e-05
8.50038e-05
8.50042e-05
8.50046e-05
8.5005e-05
8.50053e-05
8.50057e-05
8.50061e-05
8.50064e-05
8.50068e-05
8.50072e-05
8.50075e-05
8.50079e-05
8.50082e-05
8.50086e-05
8.50089e-05
8.50092e-05
8.50095e-05
8.50098e-05
8.50101e-05
8.50104e-05
8.50107e-05
8.5011e-05
8.50113e-05
8.50115e-05
8.50118e-05
8.5012e-05
8.50122e-05
8.50124e-05
8.50126e-05
8.50128e-05
8.5013e-05
8.50132e-05
8.50134e-05
8.50135e-05
8.50136e-05
8.50138e-05
8.50139e-05
8.5014e-05
8.50141e-05
8.50142e-05
8.50142e-05
8.50143e-05
8.50143e-05
8.50144e-05
8.50144e-05
8.50144e-05
8.51644e-05
8.51644e-05
8.51644e-05
8.51643e-05
8.51643e-05
8.51642e-05
8.51641e-05
8.5164e-05
8.51639e-05
8.51638e-05
8.51637e-05
8.51635e-05
8.51634e-05
8.51632e-05
8.5163e-05
8.51628e-05
8.51626e-05
8.51624e-05
8.51621e-05
8.51619e-05
8.51616e-05
8.51613e-05
8.5161e-05
8.51607e-05
8.51604e-05
8.51601e-05
8.51597e-05
8.51594e-05
8.5159e-05
8.51587e-05
8.51583e-05
8.51579e-05
8.51575e-05
8.51571e-05
8.51566e-05
8.51562e-05
8.51557e-05
8.51553e-05
8.51548e-05
8.51543e-05
8.51538e-05
8.51533e-05
8.51528e-05
8.51523e-05
8.51518e-05
8.51513e-05
8.51508e-05
8.51502e-05
8.51497e-05
8.51492e-05
8.51486e-05
8.51481e-05
8.51475e-05
8.5147e-05
8.51465e-05
8.5146e-05
8.51454e-05
8.51449e-05
8.51444e-05
8.51439e-05
8.51435e-05
8.5143e-05
8.51426e-05
8.51422e-05
8.51418e-05
8.51415e-05
8.51412e-05
8.5141e-05
8.51408e-05
8.51407e-05
8.51407e-05
8.51408e-05
8.51409e-05
8.51412e-05
8.51415e-05
8.51419e-05
8.51424e-05
8.51426e-05
8.51423e-05
8.51404e-05
8.51353e-05
8.51233e-05
8.50977e-05
8.50467e-05
8.495e-05
8.47746e-05
8.44696e-05
8.39636e-05
8.31554e-05
8.19201e-05
8.0112e-05
7.75746e-05
7.41506e-05
6.96883e-05
6.40635e-05
5.73485e-05
5.0449e-05
4.52968e-05
4.26484e-05
4.16579e-05
4.16221e-05
4.25089e-05
4.49661e-05
4.98887e-05
5.67179e-05
6.35142e-05
6.92531e-05
7.38192e-05
7.73303e-05
7.99381e-05
8.1801e-05
8.3077e-05
8.39138e-05
8.44392e-05
8.47563e-05
8.49392e-05
8.50403e-05
8.50937e-05
8.51206e-05
8.51332e-05
8.51386e-05
8.51406e-05
8.51409e-05
8.51406e-05
8.51401e-05
8.51396e-05
8.51392e-05
8.51388e-05
8.51386e-05
8.51385e-05
8.51385e-05
8.51385e-05
8.51386e-05
8.51388e-05
8.5139e-05
8.51393e-05
8.51396e-05
8.51399e-05
8.51403e-05
8.51407e-05
8.51411e-05
8.51415e-05
8.51419e-05
8.51424e-05
8.51429e-05
8.51433e-05
8.51438e-05
8.51443e-05
8.51448e-05
8.51453e-05
8.51458e-05
8.51463e-05
8.51468e-05
8.51472e-05
8.51477e-05
8.51482e-05
8.51487e-05
8.51491e-05
8.51496e-05
8.51501e-05
8.51505e-05
8.5151e-05
8.51514e-05
8.51518e-05
8.51522e-05
8.51526e-05
8.5153e-05
8.51534e-05
8.51538e-05
8.51541e-05
8.51545e-05
8.51549e-05
8.51552e-05
8.51555e-05
8.51558e-05
8.51561e-05
8.51564e-05
8.51567e-05
8.5157e-05
8.51572e-05
8.51575e-05
8.51577e-05
8.51579e-05
8.51581e-05
8.51583e-05
8.51585e-05
8.51587e-05
8.51588e-05
8.5159e-05
8.51591e-05
8.51592e-05
8.51594e-05
8.51595e-05
8.51595e-05
8.51596e-05
8.51597e-05
8.51597e-05
8.51598e-05
8.51598e-05
8.51598e-05
8.5249e-05
8.5249e-05
8.5249e-05
8.5249e-05
8.52489e-05
8.52488e-05
8.52487e-05
8.52486e-05
8.52485e-05
8.52484e-05
8.52483e-05
8.52481e-05
8.52479e-05
8.52478e-05
8.52476e-05
8.52474e-05
8.52471e-05
8.52469e-05
8.52467e-05
8.52464e-05
8.52461e-05
8.52458e-05
8.52455e-05
8.52452e-05
8.52449e-05
8.52445e-05
8.52441e-05
8.52438e-05
8.52434e-05
8.5243e-05
8.52426e-05
8.52421e-05
8.52417e-05
8.52412e-05
8.52408e-05
8.52403e-05
8.52398e-05
8.52393e-05
8.52388e-05
8.52382e-05
8.52377e-05
8.52371e-05
8.52366e-05
8.5236e-05
8.52354e-05
8.52348e-05
8.52342e-05
8.52335e-05
8.52329e-05
8.52323e-05
8.52316e-05
8.52309e-05
8.52303e-05
8.52296e-05
8.52289e-05
8.52282e-05
8.52275e-05
8.52268e-05
8.52261e-05
8.52254e-05
8.52247e-05
8.5224e-05
8.52233e-05
8.52226e-05
8.52219e-05
8.52212e-05
8.52205e-05
8.52199e-05
8.52192e-05
8.52186e-05
8.5218e-05
8.52175e-05
8.5217e-05
8.52165e-05
8.5216e-05
8.52156e-05
8.5215e-05
8.52142e-05
8.52125e-05
8.5209e-05
8.52016e-05
8.51864e-05
8.51559e-05
8.50968e-05
8.49866e-05
8.47887e-05
8.44483e-05
8.38837e-05
8.29865e-05
8.16203e-05
7.96266e-05
7.68337e-05
7.30632e-05
6.81312e-05
6.18834e-05
5.45241e-05
4.7598e-05
4.32541e-05
4.1358e-05
4.07187e-05
4.06972e-05
4.1268e-05
4.30103e-05
4.70947e-05
5.38595e-05
6.12755e-05
6.76487e-05
7.26972e-05
7.65643e-05
7.94348e-05
8.14887e-05
8.28996e-05
8.38284e-05
8.44142e-05
8.47683e-05
8.49746e-05
8.50897e-05
8.51515e-05
8.51835e-05
8.51994e-05
8.52071e-05
8.52107e-05
8.52124e-05
8.52133e-05
8.52138e-05
8.52142e-05
8.52146e-05
8.5215e-05
8.52154e-05
8.52159e-05
8.52164e-05
8.5217e-05
8.52176e-05
8.52182e-05
8.52188e-05
8.52194e-05
8.522e-05
8.52207e-05
8.52213e-05
8.5222e-05
8.52227e-05
8.52233e-05
8.5224e-05
8.52246e-05
8.52253e-05
8.52259e-05
8.52266e-05
8.52272e-05
8.52278e-05
8.52284e-05
8.52291e-05
8.52297e-05
8.52302e-05
8.52308e-05
8.52314e-05
8.5232e-05
8.52325e-05
8.52331e-05
8.52336e-05
8.52341e-05
8.52346e-05
8.52351e-05
8.52356e-05
8.52361e-05
8.52365e-05
8.5237e-05
8.52374e-05
8.52378e-05
8.52383e-05
8.52387e-05
8.5239e-05
8.52394e-05
8.52398e-05
8.52401e-05
8.52405e-05
8.52408e-05
8.52411e-05
8.52414e-05
8.52417e-05
8.5242e-05
8.52422e-05
8.52425e-05
8.52427e-05
8.52429e-05
8.52431e-05
8.52433e-05
8.52435e-05
8.52437e-05
8.52438e-05
8.5244e-05
8.52441e-05
8.52442e-05
8.52443e-05
8.52444e-05
8.52445e-05
8.52446e-05
8.52446e-05
8.52447e-05
8.52447e-05
8.52447e-05
8.52929e-05
8.52928e-05
8.52928e-05
8.52928e-05
8.52927e-05
8.52926e-05
8.52926e-05
8.52925e-05
8.52923e-05
8.52922e-05
8.52921e-05
8.52919e-05
8.52917e-05
8.52915e-05
8.52913e-05
8.52911e-05
8.52909e-05
8.52907e-05
8.52904e-05
8.52901e-05
8.52898e-05
8.52895e-05
8.52892e-05
8.52889e-05
8.52885e-05
8.52882e-05
8.52878e-05
8.52874e-05
8.5287e-05
8.52866e-05
8.52861e-05
8.52857e-05
8.52852e-05
8.52847e-05
8.52842e-05
8.52837e-05
8.52832e-05
8.52827e-05
8.52821e-05
8.52815e-05
8.52809e-05
8.52803e-05
8.52797e-05
8.52791e-05
8.52784e-05
8.52778e-05
8.52771e-05
8.52764e-05
8.52757e-05
8.52749e-05
8.52742e-05
8.52735e-05
8.52727e-05
8.52719e-05
8.52711e-05
8.52703e-05
8.52694e-05
8.52686e-05
8.52677e-05
8.52669e-05
8.5266e-05
8.52651e-05
8.52642e-05
8.52633e-05
8.52623e-05
8.52614e-05
8.52604e-05
8.52595e-05
8.52585e-05
8.52575e-05
8.52566e-05
8.52556e-05
8.52546e-05
8.52536e-05
8.52526e-05
8.52515e-05
8.52503e-05
8.52486e-05
8.52459e-05
8.52412e-05
8.52321e-05
8.52142e-05
8.51792e-05
8.51127e-05
8.49897e-05
8.47709e-05
8.43947e-05
8.37736e-05
8.279e-05
8.12966e-05
7.91222e-05
7.60791e-05
7.19652e-05
6.65596e-05
5.9692e-05
5.18481e-05
4.53235e-05
4.19033e-05
4.06047e-05
4.02111e-05
4.0199e-05
4.05489e-05
4.17328e-05
4.49059e-05
5.11817e-05
5.90301e-05
6.60293e-05
7.15644e-05
7.57849e-05
7.89127e-05
8.11527e-05
8.26948e-05
8.37129e-05
8.43573e-05
8.47485e-05
8.49765e-05
8.51049e-05
8.51745e-05
8.52111e-05
8.52298e-05
8.52393e-05
8.52442e-05
8.52469e-05
8.52485e-05
8.52498e-05
8.52508e-05
8.52518e-05
8.52527e-05
8.52536e-05
8.52545e-05
8.52554e-05
8.52563e-05
8.52573e-05
8.52582e-05
8.52591e-05
8.52599e-05
8.52608e-05
8.52617e-05
8.52626e-05
8.52634e-05
8.52642e-05
8.52651e-05
8.52659e-05
8.52667e-05
8.52675e-05
8.52682e-05
8.5269e-05
8.52697e-05
8.52705e-05
8.52712e-05
8.52719e-05
8.52726e-05
8.52732e-05
8.52739e-05
8.52745e-05
8.52751e-05
8.52758e-05
8.52764e-05
8.52769e-05
8.52775e-05
8.52781e-05
8.52786e-05
8.52791e-05
8.52796e-05
8.52801e-05
8.52806e-05
8.52811e-05
8.52815e-05
8.5282e-05
8.52824e-05
8.52828e-05
8.52832e-05
8.52836e-05
8.52839e-05
8.52843e-05
8.52846e-05
8.5285e-05
8.52853e-05
8.52856e-05
8.52859e-05
8.52861e-05
8.52864e-05
8.52866e-05
8.52869e-05
8.52871e-05
8.52873e-05
8.52875e-05
8.52876e-05
8.52878e-05
8.5288e-05
8.52881e-05
8.52882e-05
8.52883e-05
8.52884e-05
8.52885e-05
8.52886e-05
8.52886e-05
8.52887e-05
8.52887e-05
8.52887e-05
8.53104e-05
8.53104e-05
8.53104e-05
8.53103e-05
8.53103e-05
8.53102e-05
8.53101e-05
8.531e-05
8.53099e-05
8.53098e-05
8.53096e-05
8.53095e-05
8.53093e-05
8.53091e-05
8.53089e-05
8.53087e-05
8.53084e-05
8.53082e-05
8.53079e-05
8.53076e-05
8.53073e-05
8.5307e-05
8.53067e-05
8.53063e-05
8.5306e-05
8.53056e-05
8.53052e-05
8.53048e-05
8.53044e-05
8.5304e-05
8.53035e-05
8.5303e-05
8.53026e-05
8.53021e-05
8.53015e-05
8.5301e-05
8.53005e-05
8.52999e-05
8.52993e-05
8.52987e-05
8.52981e-05
8.52975e-05
8.52968e-05
8.52961e-05
8.52955e-05
8.52948e-05
8.5294e-05
8.52933e-05
8.52925e-05
8.52917e-05
8.52909e-05
8.52901e-05
8.52893e-05
8.52884e-05
8.52876e-05
8.52867e-05
8.52857e-05
8.52848e-05
8.52838e-05
8.52829e-05
8.52819e-05
8.52808e-05
8.52798e-05
8.52787e-05
8.52776e-05
8.52765e-05
8.52754e-05
8.52742e-05
8.5273e-05
8.52718e-05
8.52706e-05
8.52694e-05
8.52681e-05
8.52668e-05
8.52654e-05
8.52639e-05
8.52622e-05
8.52599e-05
8.52566e-05
8.52509e-05
8.52404e-05
8.52202e-05
8.51813e-05
8.51078e-05
8.49731e-05
8.47335e-05
8.43232e-05
8.36478e-05
8.25812e-05
8.09657e-05
7.8618e-05
7.53343e-05
7.08871e-05
6.50184e-05
5.75754e-05
4.94995e-05
4.36772e-05
4.10691e-05
4.01912e-05
3.9959e-05
3.99527e-05
4.01574e-05
4.09513e-05
4.3347e-05
4.88656e-05
5.68702e-05
6.44417e-05
7.04523e-05
7.50158e-05
7.83913e-05
8.08098e-05
8.24778e-05
8.35819e-05
8.42825e-05
8.47092e-05
8.49588e-05
8.50995e-05
8.51763e-05
8.52169e-05
8.5238e-05
8.5249e-05
8.52549e-05
8.52582e-05
8.52605e-05
8.52621e-05
8.52636e-05
8.52649e-05
8.52662e-05
8.52674e-05
8.52686e-05
8.52698e-05
8.52709e-05
8.52721e-05
8.52732e-05
8.52742e-05
8.52753e-05
8.52764e-05
8.52774e-05
8.52784e-05
8.52793e-05
8.52803e-05
8.52812e-05
8.52821e-05
8.5283e-05
8.52839e-05
8.52848e-05
8.52856e-05
8.52864e-05
8.52872e-05
8.5288e-05
8.52887e-05
8.52895e-05
8.52902e-05
8.52909e-05
8.52916e-05
8.52923e-05
8.52929e-05
8.52936e-05
8.52942e-05
8.52948e-05
8.52954e-05
8.52959e-05
8.52965e-05
8.5297e-05
8.52975e-05
8.5298e-05
8.52985e-05
8.5299e-05
8.52994e-05
8.52999e-05
8.53003e-05
8.53007e-05
8.53011e-05
8.53015e-05
8.53019e-05
8.53022e-05
8.53025e-05
8.53029e-05
8.53032e-05
8.53035e-05
8.53037e-05
8.5304e-05
8.53043e-05
8.53045e-05
8.53047e-05
8.53049e-05
8.53051e-05
8.53053e-05
8.53055e-05
8.53056e-05
8.53058e-05
8.53059e-05
8.5306e-05
8.53061e-05
8.53062e-05
8.53062e-05
8.53063e-05
8.53063e-05
8.53064e-05
8.53064e-05
8.53119e-05
8.53118e-05
8.53118e-05
8.53118e-05
8.53117e-05
8.53116e-05
8.53115e-05
8.53114e-05
8.53113e-05
8.53112e-05
8.5311e-05
8.53109e-05
8.53107e-05
8.53105e-05
8.53103e-05
8.53101e-05
8.53098e-05
8.53096e-05
8.53093e-05
8.5309e-05
8.53087e-05
8.53084e-05
8.53081e-05
8.53077e-05
8.53074e-05
8.5307e-05
8.53066e-05
8.53062e-05
8.53058e-05
8.53053e-05
8.53048e-05
8.53044e-05
8.53039e-05
8.53034e-05
8.53028e-05
8.53023e-05
8.53017e-05
8.53011e-05
8.53005e-05
8.52999e-05
8.52993e-05
8.52986e-05
8.5298e-05
8.52973e-05
8.52966e-05
8.52958e-05
8.52951e-05
8.52943e-05
8.52935e-05
8.52927e-05
8.52919e-05
8.5291e-05
8.52901e-05
8.52892e-05
8.52883e-05
8.52874e-05
8.52864e-05
8.52854e-05
8.52844e-05
8.52833e-05
8.52823e-05
8.52812e-05
8.528e-05
8.52789e-05
8.52777e-05
8.52765e-05
8.52752e-05
8.52739e-05
8.52726e-05
8.52713e-05
8.52699e-05
8.52685e-05
8.5267e-05
8.52655e-05
8.52639e-05
8.52622e-05
8.52602e-05
8.52576e-05
8.52538e-05
8.52475e-05
8.52358e-05
8.52136e-05
8.51711e-05
8.50913e-05
8.4945e-05
8.46857e-05
8.42428e-05
8.35157e-05
8.237e-05
8.06389e-05
7.81277e-05
7.46167e-05
6.98534e-05
6.35468e-05
5.56132e-05
4.75782e-05
4.25532e-05
4.05668e-05
3.99715e-05
3.98436e-05
3.98407e-05
3.99514e-05
4.04843e-05
4.22953e-05
4.70003e-05
5.48805e-05
6.29268e-05
6.93859e-05
7.42751e-05
7.78846e-05
8.04716e-05
8.22589e-05
8.34446e-05
8.4199e-05
8.46595e-05
8.49297e-05
8.50823e-05
8.51658e-05
8.52102e-05
8.52333e-05
8.52455e-05
8.5252e-05
8.52559e-05
8.52585e-05
8.52605e-05
8.52621e-05
8.52637e-05
8.52651e-05
8.52666e-05
8.52679e-05
8.52692e-05
8.52705e-05
8.52718e-05
8.5273e-05
8.52742e-05
8.52754e-05
8.52765e-05
8.52777e-05
8.52787e-05
8.52798e-05
8.52808e-05
8.52818e-05
8.52828e-05
8.52837e-05
8.52847e-05
8.52856e-05
8.52865e-05
8.52873e-05
8.52882e-05
8.5289e-05
8.52898e-05
8.52905e-05
8.52913e-05
8.5292e-05
8.52927e-05
8.52934e-05
8.52941e-05
8.52948e-05
8.52954e-05
8.5296e-05
8.52966e-05
8.52972e-05
8.52978e-05
8.52983e-05
8.52989e-05
8.52994e-05
8.52999e-05
8.53004e-05
8.53008e-05
8.53013e-05
8.53017e-05
8.53021e-05
8.53025e-05
8.53029e-05
8.53033e-05
8.53037e-05
8.5304e-05
8.53043e-05
8.53046e-05
8.53049e-05
8.53052e-05
8.53055e-05
8.53057e-05
8.5306e-05
8.53062e-05
8.53064e-05
8.53066e-05
8.53068e-05
8.5307e-05
8.53071e-05
8.53073e-05
8.53074e-05
8.53075e-05
8.53076e-05
8.53077e-05
8.53078e-05
8.53078e-05
8.53078e-05
8.53079e-05
8.53079e-05
8.53038e-05
8.53038e-05
8.53038e-05
8.53037e-05
8.53037e-05
8.53036e-05
8.53035e-05
8.53034e-05
8.53033e-05
8.53032e-05
8.5303e-05
8.53028e-05
8.53027e-05
8.53025e-05
8.53023e-05
8.5302e-05
8.53018e-05
8.53015e-05
8.53013e-05
8.5301e-05
8.53007e-05
8.53004e-05
8.53e-05
8.52997e-05
8.52993e-05
8.52989e-05
8.52985e-05
8.52981e-05
8.52977e-05
8.52972e-05
8.52968e-05
8.52963e-05
8.52958e-05
8.52953e-05
8.52947e-05
8.52942e-05
8.52936e-05
8.5293e-05
8.52924e-05
8.52918e-05
8.52911e-05
8.52905e-05
8.52898e-05
8.52891e-05
8.52884e-05
8.52876e-05
8.52869e-05
8.52861e-05
8.52853e-05
8.52844e-05
8.52836e-05
8.52827e-05
8.52818e-05
8.52809e-05
8.52799e-05
8.52789e-05
8.52779e-05
8.52769e-05
8.52759e-05
8.52748e-05
8.52737e-05
8.52725e-05
8.52713e-05
8.52701e-05
8.52689e-05
8.52676e-05
8.52663e-05
8.5265e-05
8.52636e-05
8.52622e-05
8.52607e-05
8.52592e-05
8.52577e-05
8.5256e-05
8.52543e-05
8.52525e-05
8.52503e-05
8.52475e-05
8.52434e-05
8.52365e-05
8.52239e-05
8.52e-05
8.51542e-05
8.50683e-05
8.49111e-05
8.46331e-05
8.41593e-05
8.33831e-05
8.21631e-05
8.03239e-05
7.76604e-05
7.39385e-05
6.88821e-05
6.21754e-05
5.3864e-05
4.60877e-05
4.18021e-05
4.0263e-05
3.98561e-05
3.97959e-05
3.97953e-05
3.98448e-05
4.02038e-05
4.15983e-05
4.55739e-05
5.31207e-05
6.15169e-05
6.83838e-05
7.3575e-05
7.74018e-05
8.01456e-05
8.20445e-05
8.33071e-05
8.41123e-05
8.4605e-05
8.48947e-05
8.50587e-05
8.51485e-05
8.51964e-05
8.52214e-05
8.52345e-05
8.52416e-05
8.52458e-05
8.52486e-05
8.52507e-05
8.52526e-05
8.52542e-05
8.52558e-05
8.52573e-05
8.52588e-05
8.52602e-05
8.52615e-05
8.52629e-05
8.52642e-05
8.52654e-05
8.52666e-05
8.52678e-05
8.5269e-05
8.52701e-05
8.52712e-05
8.52723e-05
8.52733e-05
8.52743e-05
8.52753e-05
8.52763e-05
8.52772e-05
8.52781e-05
8.5279e-05
8.52799e-05
8.52807e-05
8.52815e-05
8.52823e-05
8.52831e-05
8.52838e-05
8.52846e-05
8.52853e-05
8.5286e-05
8.52866e-05
8.52873e-05
8.52879e-05
8.52885e-05
8.52891e-05
8.52897e-05
8.52902e-05
8.52908e-05
8.52913e-05
8.52918e-05
8.52923e-05
8.52928e-05
8.52932e-05
8.52937e-05
8.52941e-05
8.52945e-05
8.52949e-05
8.52953e-05
8.52956e-05
8.5296e-05
8.52963e-05
8.52966e-05
8.52969e-05
8.52972e-05
8.52975e-05
8.52977e-05
8.5298e-05
8.52982e-05
8.52984e-05
8.52986e-05
8.52988e-05
8.5299e-05
8.52991e-05
8.52993e-05
8.52994e-05
8.52995e-05
8.52996e-05
8.52997e-05
8.52998e-05
8.52998e-05
8.52999e-05
8.52999e-05
8.52999e-05
8.52905e-05
8.52905e-05
8.52904e-05
8.52904e-05
8.52903e-05
8.52902e-05
8.52902e-05
8.52901e-05
8.52899e-05
8.52898e-05
8.52896e-05
8.52895e-05
8.52893e-05
8.52891e-05
8.52889e-05
8.52887e-05
8.52884e-05
8.52882e-05
8.52879e-05
8.52876e-05
8.52873e-05
8.5287e-05
8.52867e-05
8.52863e-05
8.52859e-05
8.52856e-05
8.52852e-05
8.52847e-05
8.52843e-05
8.52839e-05
8.52834e-05
8.52829e-05
8.52824e-05
8.52819e-05
8.52813e-05
8.52808e-05
8.52802e-05
8.52796e-05
8.5279e-05
8.52784e-05
8.52777e-05
8.52771e-05
8.52764e-05
8.52757e-05
8.52749e-05
8.52742e-05
8.52734e-05
8.52726e-05
8.52718e-05
8.5271e-05
8.52701e-05
8.52692e-05
8.52683e-05
8.52674e-05
8.52664e-05
8.52654e-05
8.52644e-05
8.52634e-05
8.52623e-05
8.52612e-05
8.52601e-05
8.52589e-05
8.52577e-05
8.52565e-05
8.52552e-05
8.52539e-05
8.52526e-05
8.52512e-05
8.52498e-05
8.52484e-05
8.52469e-05
8.52453e-05
8.52437e-05
8.52421e-05
8.52403e-05
8.52384e-05
8.52362e-05
8.52333e-05
8.52289e-05
8.52216e-05
8.52082e-05
8.51826e-05
8.51338e-05
8.50421e-05
8.48747e-05
8.45789e-05
8.40758e-05
8.32536e-05
8.19643e-05
8.0025e-05
7.72217e-05
7.33072e-05
6.79844e-05
6.09242e-05
5.23559e-05
4.49671e-05
4.12979e-05
4.00746e-05
3.97947e-05
3.97794e-05
3.97802e-05
3.9789e-05
4.0031e-05
4.11329e-05
4.45139e-05
5.16168e-05
6.02329e-05
6.74579e-05
7.29233e-05
7.69486e-05
7.98365e-05
8.18387e-05
8.3173e-05
8.4026e-05
8.4549e-05
8.48572e-05
8.5032e-05
8.51278e-05
8.51789e-05
8.52056e-05
8.52196e-05
8.52271e-05
8.52316e-05
8.52345e-05
8.52367e-05
8.52386e-05
8.52403e-05
8.52419e-05
8.52434e-05
8.52449e-05
8.52464e-05
8.52478e-05
8.52491e-05
8.52504e-05
8.52517e-05
8.5253e-05
8.52542e-05
8.52554e-05
8.52565e-05
8.52576e-05
8.52587e-05
8.52598e-05
8.52608e-05
8.52618e-05
8.52628e-05
8.52637e-05
8.52646e-05
8.52655e-05
8.52664e-05
8.52673e-05
8.52681e-05
8.52689e-05
8.52697e-05
8.52704e-05
8.52711e-05
8.52719e-05
8.52726e-05
8.52732e-05
8.52739e-05
8.52745e-05
8.52751e-05
8.52757e-05
8.52763e-05
8.52769e-05
8.52774e-05
8.52779e-05
8.52785e-05
8.5279e-05
8.52794e-05
8.52799e-05
8.52803e-05
8.52808e-05
8.52812e-05
8.52816e-05
8.52819e-05
8.52823e-05
8.52826e-05
8.5283e-05
8.52833e-05
8.52836e-05
8.52839e-05
8.52842e-05
8.52844e-05
8.52847e-05
8.52849e-05
8.52851e-05
8.52853e-05
8.52855e-05
8.52856e-05
8.52858e-05
8.52859e-05
8.52861e-05
8.52862e-05
8.52863e-05
8.52864e-05
8.52864e-05
8.52865e-05
8.52865e-05
8.52866e-05
8.52866e-05
8.52742e-05
8.52742e-05
8.52742e-05
8.52742e-05
8.52741e-05
8.5274e-05
8.52739e-05
8.52738e-05
8.52737e-05
8.52736e-05
8.52734e-05
8.52733e-05
8.52731e-05
8.52729e-05
8.52727e-05
8.52725e-05
8.52722e-05
8.5272e-05
8.52717e-05
8.52714e-05
8.52711e-05
8.52708e-05
8.52704e-05
8.52701e-05
8.52697e-05
8.52693e-05
8.52689e-05
8.52685e-05
8.52681e-05
8.52676e-05
8.52672e-05
8.52667e-05
8.52662e-05
8.52657e-05
8.52651e-05
8.52646e-05
8.5264e-05
8.52634e-05
8.52628e-05
8.52622e-05
8.52615e-05
8.52608e-05
8.52602e-05
8.52594e-05
8.52587e-05
8.5258e-05
8.52572e-05
8.52564e-05
8.52556e-05
8.52547e-05
8.52539e-05
8.5253e-05
8.52521e-05
8.52511e-05
8.52502e-05
8.52492e-05
8.52482e-05
8.52471e-05
8.5246e-05
8.52449e-05
8.52438e-05
8.52426e-05
8.52415e-05
8.52402e-05
8.5239e-05
8.52377e-05
8.52363e-05
8.52349e-05
8.52335e-05
8.52321e-05
8.52306e-05
8.5229e-05
8.52274e-05
8.52258e-05
8.5224e-05
8.52221e-05
8.52198e-05
8.52168e-05
8.52124e-05
8.52047e-05
8.51905e-05
8.51635e-05
8.51118e-05
8.50147e-05
8.48374e-05
8.45249e-05
8.39944e-05
8.31292e-05
8.17758e-05
7.97448e-05
7.68145e-05
7.27264e-05
6.71657e-05
5.98022e-05
5.10876e-05
4.41342e-05
4.09524e-05
3.99532e-05
3.97605e-05
3.97755e-05
3.97773e-05
3.97586e-05
3.99201e-05
4.08151e-05
4.37329e-05
5.0363e-05
5.90839e-05
6.66135e-05
7.23238e-05
7.6528e-05
7.95468e-05
8.16436e-05
8.30442e-05
8.39417e-05
8.44933e-05
8.48189e-05
8.5004e-05
8.51055e-05
8.51596e-05
8.51879e-05
8.52026e-05
8.52105e-05
8.52151e-05
8.52181e-05
8.52204e-05
8.52223e-05
8.5224e-05
8.52256e-05
8.52271e-05
8.52286e-05
8.52301e-05
8.52315e-05
8.52328e-05
8.52342e-05
8.52355e-05
8.52367e-05
8.52379e-05
8.52391e-05
8.52403e-05
8.52414e-05
8.52425e-05
8.52435e-05
8.52446e-05
8.52456e-05
8.52465e-05
8.52475e-05
8.52484e-05
8.52493e-05
8.52502e-05
8.5251e-05
8.52518e-05
8.52527e-05
8.52534e-05
8.52542e-05
8.52549e-05
8.52556e-05
8.52563e-05
8.5257e-05
8.52577e-05
8.52583e-05
8.52589e-05
8.52595e-05
8.52601e-05
8.52607e-05
8.52612e-05
8.52617e-05
8.52622e-05
8.52627e-05
8.52632e-05
8.52637e-05
8.52641e-05
8.52645e-05
8.5265e-05
8.52653e-05
8.52657e-05
8.52661e-05
8.52664e-05
8.52668e-05
8.52671e-05
8.52674e-05
8.52677e-05
8.52679e-05
8.52682e-05
8.52684e-05
8.52687e-05
8.52689e-05
8.52691e-05
8.52693e-05
8.52694e-05
8.52696e-05
8.52697e-05
8.52699e-05
8.527e-05
8.52701e-05
8.52702e-05
8.52702e-05
8.52703e-05
8.52703e-05
8.52704e-05
8.52704e-05
8.52565e-05
8.52565e-05
8.52565e-05
8.52565e-05
8.52564e-05
8.52563e-05
8.52562e-05
8.52561e-05
8.5256e-05
8.52559e-05
8.52557e-05
8.52556e-05
8.52554e-05
8.52552e-05
8.5255e-05
8.52548e-05
8.52545e-05
8.52543e-05
8.5254e-05
8.52537e-05
8.52534e-05
8.52531e-05
8.52527e-05
8.52524e-05
8.5252e-05
8.52516e-05
8.52512e-05
8.52508e-05
8.52504e-05
8.52499e-05
8.52495e-05
8.5249e-05
8.52485e-05
8.5248e-05
8.52474e-05
8.52469e-05
8.52463e-05
8.52457e-05
8.52451e-05
8.52445e-05
8.52438e-05
8.52432e-05
8.52425e-05
8.52418e-05
8.5241e-05
8.52403e-05
8.52395e-05
8.52387e-05
8.52379e-05
8.52371e-05
8.52362e-05
8.52353e-05
8.52344e-05
8.52335e-05
8.52325e-05
8.52315e-05
8.52305e-05
8.52295e-05
8.52284e-05
8.52273e-05
8.52262e-05
8.5225e-05
8.52239e-05
8.52226e-05
8.52214e-05
8.52201e-05
8.52188e-05
8.52174e-05
8.5216e-05
8.52146e-05
8.52131e-05
8.52115e-05
8.521e-05
8.52083e-05
8.52066e-05
8.52046e-05
8.52024e-05
8.51994e-05
8.51947e-05
8.51868e-05
8.5172e-05
8.51435e-05
8.50891e-05
8.49868e-05
8.48003e-05
8.44721e-05
8.39159e-05
8.30109e-05
8.15987e-05
7.94844e-05
7.64397e-05
7.21967e-05
6.64262e-05
5.88087e-05
5.00373e-05
4.35131e-05
4.07085e-05
3.98706e-05
3.97394e-05
3.97755e-05
3.97779e-05
3.97401e-05
3.9845e-05
4.05912e-05
4.31539e-05
4.93332e-05
5.80689e-05
6.5851e-05
7.17769e-05
7.61408e-05
7.92775e-05
8.14604e-05
8.29218e-05
8.38606e-05
8.44389e-05
8.47809e-05
8.49755e-05
8.50825e-05
8.51395e-05
8.51692e-05
8.51847e-05
8.51929e-05
8.51976e-05
8.52007e-05
8.52029e-05
8.52048e-05
8.52065e-05
8.52081e-05
8.52096e-05
8.52111e-05
8.52125e-05
8.52139e-05
8.52153e-05
8.52166e-05
8.52179e-05
8.52191e-05
8.52203e-05
8.52215e-05
8.52227e-05
8.52238e-05
8.52249e-05
8.52259e-05
8.52269e-05
8.52279e-05
8.52289e-05
8.52299e-05
8.52308e-05
8.52317e-05
8.52325e-05
8.52334e-05
8.52342e-05
8.5235e-05
8.52358e-05
8.52365e-05
8.52373e-05
8.5238e-05
8.52387e-05
8.52393e-05
8.524e-05
8.52406e-05
8.52412e-05
8.52418e-05
8.52424e-05
8.5243e-05
8.52435e-05
8.52441e-05
8.52446e-05
8.52451e-05
8.52455e-05
8.5246e-05
8.52464e-05
8.52469e-05
8.52473e-05
8.52477e-05
8.5248e-05
8.52484e-05
8.52487e-05
8.52491e-05
8.52494e-05
8.52497e-05
8.525e-05
8.52502e-05
8.52505e-05
8.52507e-05
8.5251e-05
8.52512e-05
8.52514e-05
8.52516e-05
8.52517e-05
8.52519e-05
8.5252e-05
8.52522e-05
8.52523e-05
8.52524e-05
8.52524e-05
8.52525e-05
8.52526e-05
8.52526e-05
8.52526e-05
8.52527e-05
8.52381e-05
8.52381e-05
8.52381e-05
8.5238e-05
8.5238e-05
8.52379e-05
8.52378e-05
8.52377e-05
8.52376e-05
8.52374e-05
8.52373e-05
8.52371e-05
8.52369e-05
8.52368e-05
8.52365e-05
8.52363e-05
8.52361e-05
8.52358e-05
8.52356e-05
8.52353e-05
8.5235e-05
8.52346e-05
8.52343e-05
8.5234e-05
8.52336e-05
8.52332e-05
8.52328e-05
8.52324e-05
8.5232e-05
8.52315e-05
8.52311e-05
8.52306e-05
8.52301e-05
8.52296e-05
8.5229e-05
8.52285e-05
8.52279e-05
8.52273e-05
8.52267e-05
8.52261e-05
8.52255e-05
8.52248e-05
8.52241e-05
8.52234e-05
8.52227e-05
8.52219e-05
8.52212e-05
8.52204e-05
8.52196e-05
8.52187e-05
8.52179e-05
8.5217e-05
8.52161e-05
8.52152e-05
8.52142e-05
8.52132e-05
8.52122e-05
8.52112e-05
8.52101e-05
8.52091e-05
8.52079e-05
8.52068e-05
8.52056e-05
8.52044e-05
8.52032e-05
8.52019e-05
8.52006e-05
8.51992e-05
8.51979e-05
8.51964e-05
8.5195e-05
8.51935e-05
8.51919e-05
8.51903e-05
8.51886e-05
8.51867e-05
8.51844e-05
8.51814e-05
8.51767e-05
8.51684e-05
8.5153e-05
8.51232e-05
8.50662e-05
8.4959e-05
8.47639e-05
8.4421e-05
8.38409e-05
8.28993e-05
8.14333e-05
7.92436e-05
7.60965e-05
7.17163e-05
6.57626e-05
5.79359e-05
4.91733e-05
4.30436e-05
4.05303e-05
3.98112e-05
3.97243e-05
3.97754e-05
3.97782e-05
3.97269e-05
3.97908e-05
4.04276e-05
4.27178e-05
4.8492e-05
5.71795e-05
6.51668e-05
7.12808e-05
7.57863e-05
7.90285e-05
8.12892e-05
8.28063e-05
8.37831e-05
8.43862e-05
8.47436e-05
8.49473e-05
8.50593e-05
8.5119e-05
8.51502e-05
8.51663e-05
8.51748e-05
8.51797e-05
8.51827e-05
8.5185e-05
8.51868e-05
8.51885e-05
8.51901e-05
8.51916e-05
8.5193e-05
8.51944e-05
8.51958e-05
8.51971e-05
8.51984e-05
8.51997e-05
8.52009e-05
8.52021e-05
8.52033e-05
8.52044e-05
8.52055e-05
8.52066e-05
8.52076e-05
8.52086e-05
8.52096e-05
8.52106e-05
8.52115e-05
8.52124e-05
8.52133e-05
8.52142e-05
8.5215e-05
8.52158e-05
8.52166e-05
8.52174e-05
8.52182e-05
8.52189e-05
8.52196e-05
8.52203e-05
8.5221e-05
8.52216e-05
8.52222e-05
8.52229e-05
8.52234e-05
8.5224e-05
8.52246e-05
8.52251e-05
8.52256e-05
8.52261e-05
8.52266e-05
8.52271e-05
8.52276e-05
8.5228e-05
8.52284e-05
8.52288e-05
8.52292e-05
8.52296e-05
8.523e-05
8.52303e-05
8.52306e-05
8.5231e-05
8.52313e-05
8.52315e-05
8.52318e-05
8.52321e-05
8.52323e-05
8.52325e-05
8.52327e-05
8.52329e-05
8.52331e-05
8.52333e-05
8.52334e-05
8.52336e-05
8.52337e-05
8.52338e-05
8.52339e-05
8.5234e-05
8.52341e-05
8.52341e-05
8.52342e-05
8.52342e-05
8.52342e-05
8.52193e-05
8.52193e-05
8.52193e-05
8.52192e-05
8.52192e-05
8.52191e-05
8.5219e-05
8.52189e-05
8.52188e-05
8.52187e-05
8.52185e-05
8.52183e-05
8.52182e-05
8.5218e-05
8.52178e-05
8.52175e-05
8.52173e-05
8.5217e-05
8.52168e-05
8.52165e-05
8.52162e-05
8.52159e-05
8.52155e-05
8.52152e-05
8.52148e-05
8.52145e-05
8.52141e-05
8.52136e-05
8.52132e-05
8.52128e-05
8.52123e-05
8.52118e-05
8.52113e-05
8.52108e-05
8.52103e-05
8.52097e-05
8.52092e-05
8.52086e-05
8.5208e-05
8.52074e-05
8.52067e-05
8.52061e-05
8.52054e-05
8.52047e-05
8.5204e-05
8.52032e-05
8.52025e-05
8.52017e-05
8.52009e-05
8.52001e-05
8.51992e-05
8.51983e-05
8.51974e-05
8.51965e-05
8.51956e-05
8.51946e-05
8.51936e-05
8.51926e-05
8.51916e-05
8.51905e-05
8.51894e-05
8.51882e-05
8.51871e-05
8.51859e-05
8.51847e-05
8.51834e-05
8.51821e-05
8.51808e-05
8.51794e-05
8.51781e-05
8.51766e-05
8.51751e-05
8.51736e-05
8.51721e-05
8.51704e-05
8.51685e-05
8.51663e-05
8.51632e-05
8.51584e-05
8.51499e-05
8.51339e-05
8.51029e-05
8.50434e-05
8.49317e-05
8.47284e-05
8.43717e-05
8.37697e-05
8.27944e-05
8.12795e-05
7.90218e-05
7.57835e-05
7.1282e-05
6.5169e-05
5.71722e-05
4.84621e-05
4.26816e-05
4.03952e-05
3.97655e-05
3.97118e-05
3.97739e-05
3.9777e-05
3.97156e-05
3.97491e-05
4.03034e-05
4.23822e-05
4.78035e-05
5.6403e-05
6.45548e-05
7.08323e-05
7.54628e-05
7.87992e-05
8.11301e-05
8.26978e-05
8.37095e-05
8.43355e-05
8.47072e-05
8.49194e-05
8.50362e-05
8.50986e-05
8.5131e-05
8.51478e-05
8.51566e-05
8.51615e-05
8.51646e-05
8.51668e-05
8.51686e-05
8.51702e-05
8.51718e-05
8.51732e-05
8.51747e-05
8.5176e-05
8.51774e-05
8.51787e-05
8.518e-05
8.51812e-05
8.51824e-05
8.51836e-05
8.51847e-05
8.51859e-05
8.51869e-05
8.5188e-05
8.5189e-05
8.519e-05
8.5191e-05
8.5192e-05
8.51929e-05
8.51938e-05
8.51947e-05
8.51955e-05
8.51964e-05
8.51972e-05
8.51979e-05
8.51987e-05
8.51995e-05
8.52002e-05
8.52009e-05
8.52016e-05
8.52022e-05
8.52029e-05
8.52035e-05
8.52041e-05
8.52047e-05
8.52053e-05
8.52058e-05
8.52064e-05
8.52069e-05
8.52074e-05
8.52079e-05
8.52083e-05
8.52088e-05
8.52092e-05
8.52097e-05
8.52101e-05
8.52105e-05
8.52108e-05
8.52112e-05
8.52115e-05
8.52119e-05
8.52122e-05
8.52125e-05
8.52128e-05
8.5213e-05
8.52133e-05
8.52135e-05
8.52137e-05
8.5214e-05
8.52141e-05
8.52143e-05
8.52145e-05
8.52147e-05
8.52148e-05
8.52149e-05
8.5215e-05
8.52151e-05
8.52152e-05
8.52153e-05
8.52153e-05
8.52154e-05
8.52154e-05
8.52154e-05
8.52004e-05
8.52004e-05
8.52003e-05
8.52003e-05
8.52002e-05
8.52002e-05
8.52001e-05
8.52e-05
8.51998e-05
8.51997e-05
8.51996e-05
8.51994e-05
8.51992e-05
8.5199e-05
8.51988e-05
8.51986e-05
8.51984e-05
8.51981e-05
8.51978e-05
8.51976e-05
8.51973e-05
8.51969e-05
8.51966e-05
8.51963e-05
8.51959e-05
8.51955e-05
8.51951e-05
8.51947e-05
8.51943e-05
8.51939e-05
8.51934e-05
8.51929e-05
8.51924e-05
8.51919e-05
8.51914e-05
8.51909e-05
8.51903e-05
8.51897e-05
8.51891e-05
8.51885e-05
8.51879e-05
8.51872e-05
8.51865e-05
8.51858e-05
8.51851e-05
8.51844e-05
8.51836e-05
8.51829e-05
8.51821e-05
8.51812e-05
8.51804e-05
8.51795e-05
8.51787e-05
8.51778e-05
8.51768e-05
8.51759e-05
8.51749e-05
8.51739e-05
8.51728e-05
8.51718e-05
8.51707e-05
8.51696e-05
8.51684e-05
8.51673e-05
8.51661e-05
8.51648e-05
8.51636e-05
8.51623e-05
8.51609e-05
8.51596e-05
8.51582e-05
8.51567e-05
8.51553e-05
8.51537e-05
8.51521e-05
8.51503e-05
8.5148e-05
8.5145e-05
8.51401e-05
8.51314e-05
8.51148e-05
8.50826e-05
8.50208e-05
8.49048e-05
8.4694e-05
8.43245e-05
8.37021e-05
8.26961e-05
8.11368e-05
7.88181e-05
7.54985e-05
7.08901e-05
6.46386e-05
5.65041e-05
4.78732e-05
4.2396e-05
4.0289e-05
3.97285e-05
3.97e-05
3.97705e-05
3.97739e-05
3.97049e-05
3.9715e-05
4.02056e-05
4.21176e-05
4.72361e-05
5.5725e-05
6.40078e-05
7.04274e-05
7.51681e-05
7.85885e-05
8.09824e-05
8.2596e-05
8.36397e-05
8.42869e-05
8.46719e-05
8.48921e-05
8.50134e-05
8.50781e-05
8.51118e-05
8.51292e-05
8.51382e-05
8.51432e-05
8.51463e-05
8.51485e-05
8.51503e-05
8.51519e-05
8.51534e-05
8.51548e-05
8.51562e-05
8.51576e-05
8.51589e-05
8.51602e-05
8.51614e-05
8.51626e-05
8.51638e-05
8.5165e-05
8.51661e-05
8.51672e-05
8.51683e-05
8.51693e-05
8.51703e-05
8.51713e-05
8.51723e-05
8.51732e-05
8.51741e-05
8.5175e-05
8.51759e-05
8.51767e-05
8.51775e-05
8.51783e-05
8.51791e-05
8.51799e-05
8.51806e-05
8.51813e-05
8.5182e-05
8.51827e-05
8.51834e-05
8.5184e-05
8.51846e-05
8.51852e-05
8.51858e-05
8.51864e-05
8.51869e-05
8.51875e-05
8.5188e-05
8.51885e-05
8.5189e-05
8.51894e-05
8.51899e-05
8.51903e-05
8.51907e-05
8.51911e-05
8.51915e-05
8.51919e-05
8.51923e-05
8.51926e-05
8.51929e-05
8.51932e-05
8.51935e-05
8.51938e-05
8.51941e-05
8.51943e-05
8.51946e-05
8.51948e-05
8.5195e-05
8.51952e-05
8.51954e-05
8.51955e-05
8.51957e-05
8.51958e-05
8.5196e-05
8.51961e-05
8.51962e-05
8.51963e-05
8.51963e-05
8.51964e-05
8.51964e-05
8.51964e-05
8.51965e-05
8.51814e-05
8.51813e-05
8.51813e-05
8.51813e-05
8.51812e-05
8.51811e-05
8.51811e-05
8.5181e-05
8.51808e-05
8.51807e-05
8.51806e-05
8.51804e-05
8.51802e-05
8.518e-05
8.51798e-05
8.51796e-05
8.51794e-05
8.51791e-05
8.51788e-05
8.51786e-05
8.51783e-05
8.5178e-05
8.51776e-05
8.51773e-05
8.51769e-05
8.51766e-05
8.51762e-05
8.51758e-05
8.51753e-05
8.51749e-05
8.51744e-05
8.5174e-05
8.51735e-05
8.5173e-05
8.51724e-05
8.51719e-05
8.51713e-05
8.51708e-05
8.51702e-05
8.51696e-05
8.51689e-05
8.51683e-05
8.51676e-05
8.51669e-05
8.51662e-05
8.51655e-05
8.51647e-05
8.5164e-05
8.51632e-05
8.51624e-05
8.51615e-05
8.51607e-05
8.51598e-05
8.51589e-05
8.5158e-05
8.51571e-05
8.51561e-05
8.51551e-05
8.51541e-05
8.5153e-05
8.5152e-05
8.51509e-05
8.51497e-05
8.51486e-05
8.51474e-05
8.51462e-05
8.5145e-05
8.51437e-05
8.51424e-05
8.51411e-05
8.51397e-05
8.51383e-05
8.51369e-05
8.51354e-05
8.51338e-05
8.5132e-05
8.51298e-05
8.51267e-05
8.51218e-05
8.51129e-05
8.50957e-05
8.50625e-05
8.49985e-05
8.48784e-05
8.46606e-05
8.42793e-05
8.36383e-05
8.26041e-05
8.10047e-05
7.86312e-05
7.52392e-05
7.05365e-05
6.41643e-05
5.59182e-05
4.73809e-05
4.21654e-05
4.02026e-05
3.96968e-05
3.96882e-05
3.97653e-05
3.97689e-05
3.9694e-05
3.96857e-05
4.01257e-05
4.19038e-05
4.67634e-05
5.51314e-05
6.35185e-05
7.00617e-05
7.49e-05
7.83951e-05
8.08456e-05
8.25008e-05
8.35737e-05
8.42403e-05
8.46377e-05
8.48652e-05
8.49908e-05
8.50578e-05
8.50927e-05
8.51106e-05
8.51199e-05
8.5125e-05
8.51281e-05
8.51302e-05
8.5132e-05
8.51335e-05
8.5135e-05
8.51364e-05
8.51377e-05
8.5139e-05
8.51403e-05
8.51416e-05
8.51428e-05
8.5144e-05
8.51452e-05
8.51463e-05
8.51474e-05
8.51485e-05
8.51495e-05
8.51505e-05
8.51515e-05
8.51525e-05
8.51535e-05
8.51544e-05
8.51553e-05
8.51562e-05
8.5157e-05
8.51579e-05
8.51587e-05
8.51595e-05
8.51602e-05
8.5161e-05
8.51617e-05
8.51624e-05
8.51631e-05
8.51638e-05
8.51644e-05
8.51651e-05
8.51657e-05
8.51663e-05
8.51669e-05
8.51674e-05
8.5168e-05
8.51685e-05
8.5169e-05
8.51695e-05
8.517e-05
8.51705e-05
8.51709e-05
8.51713e-05
8.51718e-05
8.51722e-05
8.51725e-05
8.51729e-05
8.51733e-05
8.51736e-05
8.51739e-05
8.51742e-05
8.51745e-05
8.51748e-05
8.51751e-05
8.51753e-05
8.51756e-05
8.51758e-05
8.5176e-05
8.51762e-05
8.51764e-05
8.51765e-05
8.51767e-05
8.51768e-05
8.51769e-05
8.51771e-05
8.51772e-05
8.51772e-05
8.51773e-05
8.51774e-05
8.51774e-05
8.51774e-05
8.51774e-05
8.51623e-05
8.51623e-05
8.51623e-05
8.51622e-05
8.51622e-05
8.51621e-05
8.5162e-05
8.51619e-05
8.51618e-05
8.51617e-05
8.51615e-05
8.51614e-05
8.51612e-05
8.5161e-05
8.51608e-05
8.51606e-05
8.51603e-05
8.51601e-05
8.51598e-05
8.51596e-05
8.51593e-05
8.51589e-05
8.51586e-05
8.51583e-05
8.51579e-05
8.51575e-05
8.51572e-05
8.51568e-05
8.51563e-05
8.51559e-05
8.51554e-05
8.5155e-05
8.51545e-05
8.5154e-05
8.51535e-05
8.51529e-05
8.51524e-05
8.51518e-05
8.51512e-05
8.51506e-05
8.515e-05
8.51493e-05
8.51487e-05
8.5148e-05
8.51473e-05
8.51466e-05
8.51458e-05
8.51451e-05
8.51443e-05
8.51435e-05
8.51427e-05
8.51418e-05
8.5141e-05
8.51401e-05
8.51392e-05
8.51382e-05
8.51373e-05
8.51363e-05
8.51353e-05
8.51343e-05
8.51332e-05
8.51322e-05
8.51311e-05
8.51299e-05
8.51288e-05
8.51276e-05
8.51264e-05
8.51251e-05
8.51239e-05
8.51226e-05
8.51212e-05
8.51199e-05
8.51185e-05
8.5117e-05
8.51155e-05
8.51137e-05
8.51116e-05
8.51085e-05
8.51035e-05
8.50944e-05
8.50767e-05
8.50424e-05
8.49764e-05
8.48526e-05
8.46282e-05
8.42361e-05
8.35779e-05
8.25181e-05
8.08824e-05
7.84599e-05
7.50034e-05
7.02171e-05
6.37393e-05
5.54025e-05
4.6965e-05
4.19749e-05
4.01301e-05
3.96687e-05
3.96762e-05
3.97585e-05
3.97623e-05
3.96826e-05
3.96594e-05
4.00585e-05
4.17271e-05
4.6365e-05
5.46096e-05
6.30798e-05
6.97312e-05
7.46558e-05
7.82177e-05
8.0719e-05
8.24118e-05
8.35113e-05
8.41958e-05
8.46045e-05
8.4839e-05
8.49685e-05
8.50377e-05
8.50736e-05
8.50921e-05
8.51016e-05
8.51067e-05
8.51098e-05
8.5112e-05
8.51137e-05
8.51152e-05
8.51166e-05
8.51179e-05
8.51193e-05
8.51205e-05
8.51218e-05
8.5123e-05
8.51242e-05
8.51254e-05
8.51265e-05
8.51276e-05
8.51287e-05
8.51297e-05
8.51308e-05
8.51318e-05
8.51328e-05
8.51337e-05
8.51347e-05
8.51356e-05
8.51365e-05
8.51373e-05
8.51382e-05
8.5139e-05
8.51398e-05
8.51406e-05
8.51413e-05
8.51421e-05
8.51428e-05
8.51435e-05
8.51442e-05
8.51448e-05
8.51455e-05
8.51461e-05
8.51467e-05
8.51473e-05
8.51479e-05
8.51485e-05
8.5149e-05
8.51495e-05
8.515e-05
8.51505e-05
8.5151e-05
8.51515e-05
8.51519e-05
8.51523e-05
8.51527e-05
8.51531e-05
8.51535e-05
8.51539e-05
8.51542e-05
8.51546e-05
8.51549e-05
8.51552e-05
8.51555e-05
8.51558e-05
8.5156e-05
8.51563e-05
8.51565e-05
8.51567e-05
8.5157e-05
8.51571e-05
8.51573e-05
8.51575e-05
8.51576e-05
8.51578e-05
8.51579e-05
8.5158e-05
8.51581e-05
8.51582e-05
8.51583e-05
8.51583e-05
8.51584e-05
8.51584e-05
8.51584e-05
8.51433e-05
8.51433e-05
8.51433e-05
8.51432e-05
8.51432e-05
8.51431e-05
8.5143e-05
8.51429e-05
8.51428e-05
8.51426e-05
8.51425e-05
8.51423e-05
8.51422e-05
8.5142e-05
8.51418e-05
8.51416e-05
8.51413e-05
8.51411e-05
8.51408e-05
8.51405e-05
8.51402e-05
8.51399e-05
8.51396e-05
8.51393e-05
8.51389e-05
8.51385e-05
8.51382e-05
8.51378e-05
8.51373e-05
8.51369e-05
8.51365e-05
8.5136e-05
8.51355e-05
8.5135e-05
8.51345e-05
8.5134e-05
8.51334e-05
8.51328e-05
8.51323e-05
8.51317e-05
8.5131e-05
8.51304e-05
8.51297e-05
8.51291e-05
8.51284e-05
8.51277e-05
8.51269e-05
8.51262e-05
8.51254e-05
8.51246e-05
8.51238e-05
8.5123e-05
8.51221e-05
8.51213e-05
8.51204e-05
8.51194e-05
8.51185e-05
8.51175e-05
8.51166e-05
8.51155e-05
8.51145e-05
8.51135e-05
8.51124e-05
8.51113e-05
8.51101e-05
8.5109e-05
8.51078e-05
8.51066e-05
8.51053e-05
8.51041e-05
8.51028e-05
8.51015e-05
8.51001e-05
8.50987e-05
8.50972e-05
8.50955e-05
8.50933e-05
8.50903e-05
8.50852e-05
8.50759e-05
8.50578e-05
8.50225e-05
8.49546e-05
8.48274e-05
8.45968e-05
8.41947e-05
8.35209e-05
8.24378e-05
8.07694e-05
7.83028e-05
7.47888e-05
6.99283e-05
6.33576e-05
5.49465e-05
4.66095e-05
4.18143e-05
4.00675e-05
3.96428e-05
3.96637e-05
3.97505e-05
3.97543e-05
3.96707e-05
3.96352e-05
4.00002e-05
4.15778e-05
4.6025e-05
5.41487e-05
6.26855e-05
6.9432e-05
7.44335e-05
7.80549e-05
8.06019e-05
8.23287e-05
8.34524e-05
8.41533e-05
8.45725e-05
8.48133e-05
8.49465e-05
8.50177e-05
8.50547e-05
8.50736e-05
8.50833e-05
8.50885e-05
8.50916e-05
8.50937e-05
8.50954e-05
8.50969e-05
8.50982e-05
8.50995e-05
8.51008e-05
8.5102e-05
8.51033e-05
8.51044e-05
8.51056e-05
8.51067e-05
8.51079e-05
8.51089e-05
8.511e-05
8.5111e-05
8.5112e-05
8.5113e-05
8.5114e-05
8.51149e-05
8.51159e-05
8.51168e-05
8.51176e-05
8.51185e-05
8.51193e-05
8.51201e-05
8.51209e-05
8.51217e-05
8.51224e-05
8.51232e-05
8.51239e-05
8.51246e-05
8.51253e-05
8.51259e-05
8.51266e-05
8.51272e-05
8.51278e-05
8.51284e-05
8.51289e-05
8.51295e-05
8.513e-05
8.51305e-05
8.5131e-05
8.51315e-05
8.5132e-05
8.51325e-05
8.51329e-05
8.51333e-05
8.51337e-05
8.51341e-05
8.51345e-05
8.51349e-05
8.51352e-05
8.51356e-05
8.51359e-05
8.51362e-05
8.51365e-05
8.51367e-05
8.5137e-05
8.51373e-05
8.51375e-05
8.51377e-05
8.51379e-05
8.51381e-05
8.51383e-05
8.51384e-05
8.51386e-05
8.51387e-05
8.51389e-05
8.5139e-05
8.51391e-05
8.51391e-05
8.51392e-05
8.51393e-05
8.51393e-05
8.51393e-05
8.51393e-05
8.51243e-05
8.51243e-05
8.51242e-05
8.51242e-05
8.51241e-05
8.51241e-05
8.5124e-05
8.51239e-05
8.51238e-05
8.51236e-05
8.51235e-05
8.51233e-05
8.51232e-05
8.5123e-05
8.51228e-05
8.51225e-05
8.51223e-05
8.51221e-05
8.51218e-05
8.51215e-05
8.51212e-05
8.51209e-05
8.51206e-05
8.51203e-05
8.51199e-05
8.51196e-05
8.51192e-05
8.51188e-05
8.51184e-05
8.51179e-05
8.51175e-05
8.5117e-05
8.51165e-05
8.5116e-05
8.51155e-05
8.5115e-05
8.51145e-05
8.51139e-05
8.51133e-05
8.51127e-05
8.51121e-05
8.51115e-05
8.51108e-05
8.51102e-05
8.51095e-05
8.51088e-05
8.51081e-05
8.51073e-05
8.51065e-05
8.51058e-05
8.5105e-05
8.51041e-05
8.51033e-05
8.51024e-05
8.51016e-05
8.51007e-05
8.50997e-05
8.50988e-05
8.50978e-05
8.50968e-05
8.50958e-05
8.50948e-05
8.50937e-05
8.50926e-05
8.50915e-05
8.50904e-05
8.50892e-05
8.5088e-05
8.50868e-05
8.50856e-05
8.50843e-05
8.50831e-05
8.50817e-05
8.50804e-05
8.50789e-05
8.50772e-05
8.50752e-05
8.50721e-05
8.5067e-05
8.50575e-05
8.5039e-05
8.50028e-05
8.49331e-05
8.48026e-05
8.45665e-05
8.41552e-05
8.34671e-05
8.23629e-05
8.0665e-05
7.81588e-05
7.45935e-05
6.96669e-05
6.30141e-05
5.45414e-05
4.63026e-05
4.16764e-05
4.00123e-05
3.96186e-05
3.96508e-05
3.97413e-05
3.97453e-05
3.96583e-05
3.96123e-05
3.99487e-05
4.14494e-05
4.57317e-05
5.37394e-05
6.23302e-05
6.91608e-05
7.42309e-05
7.79056e-05
8.04937e-05
8.22512e-05
8.33968e-05
8.41126e-05
8.45414e-05
8.47881e-05
8.49247e-05
8.49978e-05
8.50358e-05
8.50551e-05
8.5065e-05
8.50703e-05
8.50734e-05
8.50755e-05
8.50771e-05
8.50785e-05
8.50799e-05
8.50811e-05
8.50824e-05
8.50836e-05
8.50847e-05
8.50859e-05
8.5087e-05
8.50881e-05
8.50892e-05
8.50903e-05
8.50913e-05
8.50923e-05
8.50933e-05
8.50943e-05
8.50952e-05
8.50962e-05
8.50971e-05
8.5098e-05
8.50988e-05
8.50997e-05
8.51005e-05
8.51013e-05
8.51021e-05
8.51028e-05
8.51036e-05
8.51043e-05
8.5105e-05
8.51057e-05
8.51063e-05
8.5107e-05
8.51076e-05
8.51082e-05
8.51088e-05
8.51094e-05
8.511e-05
8.51105e-05
8.51111e-05
8.51116e-05
8.51121e-05
8.51126e-05
8.5113e-05
8.51135e-05
8.51139e-05
8.51143e-05
8.51147e-05
8.51151e-05
8.51155e-05
8.51159e-05
8.51162e-05
8.51165e-05
8.51169e-05
8.51172e-05
8.51174e-05
8.51177e-05
8.5118e-05
8.51182e-05
8.51185e-05
8.51187e-05
8.51189e-05
8.51191e-05
8.51193e-05
8.51194e-05
8.51196e-05
8.51197e-05
8.51198e-05
8.51199e-05
8.512e-05
8.51201e-05
8.51202e-05
8.51202e-05
8.51203e-05
8.51203e-05
8.51203e-05
8.51053e-05
8.51053e-05
8.51052e-05
8.51052e-05
8.51051e-05
8.51051e-05
8.5105e-05
8.51049e-05
8.51048e-05
8.51046e-05
8.51045e-05
8.51043e-05
8.51042e-05
8.5104e-05
8.51038e-05
8.51035e-05
8.51033e-05
8.51031e-05
8.51028e-05
8.51025e-05
8.51022e-05
8.51019e-05
8.51016e-05
8.51013e-05
8.51009e-05
8.51006e-05
8.51002e-05
8.50998e-05
8.50994e-05
8.5099e-05
8.50985e-05
8.50981e-05
8.50976e-05
8.50971e-05
8.50966e-05
8.50961e-05
8.50955e-05
8.5095e-05
8.50944e-05
8.50938e-05
8.50932e-05
8.50926e-05
8.50919e-05
8.50913e-05
8.50906e-05
8.50899e-05
8.50892e-05
8.50885e-05
8.50877e-05
8.50869e-05
8.50861e-05
8.50853e-05
8.50845e-05
8.50837e-05
8.50828e-05
8.50819e-05
8.5081e-05
8.50801e-05
8.50791e-05
8.50781e-05
8.50771e-05
8.50761e-05
8.50751e-05
8.5074e-05
8.50729e-05
8.50718e-05
8.50707e-05
8.50695e-05
8.50684e-05
8.50672e-05
8.5066e-05
8.50647e-05
8.50634e-05
8.50621e-05
8.50607e-05
8.50591e-05
8.5057e-05
8.5054e-05
8.50488e-05
8.50391e-05
8.50202e-05
8.49832e-05
8.49118e-05
8.47784e-05
8.45371e-05
8.41175e-05
8.34163e-05
8.22931e-05
8.05686e-05
7.80269e-05
7.44157e-05
6.94301e-05
6.27044e-05
5.41803e-05
4.60351e-05
4.15563e-05
3.99628e-05
3.95956e-05
3.96374e-05
3.97311e-05
3.97353e-05
3.96453e-05
3.95903e-05
3.99021e-05
4.13372e-05
4.5476e-05
5.33745e-05
6.20094e-05
6.89148e-05
7.40462e-05
7.77686e-05
8.03936e-05
8.21788e-05
8.33444e-05
8.40738e-05
8.45114e-05
8.47635e-05
8.49033e-05
8.49781e-05
8.50169e-05
8.50367e-05
8.50468e-05
8.50522e-05
8.50553e-05
8.50573e-05
8.50589e-05
8.50603e-05
8.50615e-05
8.50628e-05
8.5064e-05
8.50651e-05
8.50663e-05
8.50674e-05
8.50685e-05
8.50696e-05
8.50706e-05
8.50717e-05
8.50727e-05
8.50737e-05
8.50746e-05
8.50756e-05
8.50765e-05
8.50774e-05
8.50783e-05
8.50792e-05
8.508e-05
8.50809e-05
8.50817e-05
8.50825e-05
8.50832e-05
8.5084e-05
8.50847e-05
8.50854e-05
8.50861e-05
8.50868e-05
8.50874e-05
8.50881e-05
8.50887e-05
8.50893e-05
8.50899e-05
8.50905e-05
8.5091e-05
8.50916e-05
8.50921e-05
8.50926e-05
8.50931e-05
8.50936e-05
8.50941e-05
8.50945e-05
8.50949e-05
8.50954e-05
8.50958e-05
8.50961e-05
8.50965e-05
8.50969e-05
8.50972e-05
8.50975e-05
8.50979e-05
8.50982e-05
8.50984e-05
8.50987e-05
8.5099e-05
8.50992e-05
8.50995e-05
8.50997e-05
8.50999e-05
8.51001e-05
8.51002e-05
8.51004e-05
8.51005e-05
8.51007e-05
8.51008e-05
8.51009e-05
8.5101e-05
8.51011e-05
8.51011e-05
8.51012e-05
8.51012e-05
8.51013e-05
8.51013e-05
8.50863e-05
8.50863e-05
8.50863e-05
8.50862e-05
8.50862e-05
8.50861e-05
8.5086e-05
8.50859e-05
8.50858e-05
8.50857e-05
8.50855e-05
8.50854e-05
8.50852e-05
8.5085e-05
8.50848e-05
8.50846e-05
8.50844e-05
8.50841e-05
8.50839e-05
8.50836e-05
8.50833e-05
8.5083e-05
8.50827e-05
8.50823e-05
8.5082e-05
8.50816e-05
8.50813e-05
8.50809e-05
8.50805e-05
8.508e-05
8.50796e-05
8.50791e-05
8.50787e-05
8.50782e-05
8.50777e-05
8.50772e-05
8.50766e-05
8.50761e-05
8.50755e-05
8.50749e-05
8.50743e-05
8.50737e-05
8.50731e-05
8.50724e-05
8.50718e-05
8.50711e-05
8.50704e-05
8.50696e-05
8.50689e-05
8.50681e-05
8.50674e-05
8.50666e-05
8.50657e-05
8.50649e-05
8.50641e-05
8.50632e-05
8.50623e-05
8.50614e-05
8.50604e-05
8.50595e-05
8.50585e-05
8.50575e-05
8.50565e-05
8.50555e-05
8.50544e-05
8.50533e-05
8.50522e-05
8.50511e-05
8.505e-05
8.50488e-05
8.50476e-05
8.50464e-05
8.50452e-05
8.50439e-05
8.50425e-05
8.50409e-05
8.50389e-05
8.50359e-05
8.50306e-05
8.50208e-05
8.50015e-05
8.49637e-05
8.48909e-05
8.47547e-05
8.45088e-05
8.40814e-05
8.33685e-05
8.22281e-05
8.04796e-05
7.79062e-05
7.42539e-05
6.92156e-05
6.24248e-05
5.38574e-05
4.58001e-05
4.14503e-05
3.99176e-05
3.95733e-05
3.96237e-05
3.97202e-05
3.97245e-05
3.96319e-05
3.95691e-05
3.98596e-05
4.12379e-05
4.52514e-05
5.30482e-05
6.17195e-05
6.86916e-05
7.3878e-05
7.76432e-05
8.03012e-05
8.21114e-05
8.3295e-05
8.40367e-05
8.44824e-05
8.47395e-05
8.48821e-05
8.49585e-05
8.49982e-05
8.50184e-05
8.50287e-05
8.50341e-05
8.50371e-05
8.50392e-05
8.50407e-05
8.5042e-05
8.50433e-05
8.50444e-05
8.50456e-05
8.50467e-05
8.50478e-05
8.50489e-05
8.505e-05
8.50511e-05
8.50521e-05
8.50531e-05
8.50541e-05
8.50551e-05
8.5056e-05
8.50569e-05
8.50578e-05
8.50587e-05
8.50596e-05
8.50605e-05
8.50613e-05
8.50621e-05
8.50629e-05
8.50637e-05
8.50644e-05
8.50652e-05
8.50659e-05
8.50666e-05
8.50673e-05
8.50679e-05
8.50686e-05
8.50692e-05
8.50698e-05
8.50704e-05
8.5071e-05
8.50716e-05
8.50721e-05
8.50727e-05
8.50732e-05
8.50737e-05
8.50742e-05
8.50747e-05
8.50751e-05
8.50756e-05
8.5076e-05
8.50764e-05
8.50768e-05
8.50772e-05
8.50776e-05
8.50779e-05
8.50783e-05
8.50786e-05
8.50789e-05
8.50792e-05
8.50795e-05
8.50797e-05
8.508e-05
8.50802e-05
8.50805e-05
8.50807e-05
8.50809e-05
8.50811e-05
8.50813e-05
8.50814e-05
8.50816e-05
8.50817e-05
8.50818e-05
8.50819e-05
8.5082e-05
8.50821e-05
8.50822e-05
8.50822e-05
8.50823e-05
8.50823e-05
8.50823e-05
8.50674e-05
8.50674e-05
8.50674e-05
8.50673e-05
8.50673e-05
8.50672e-05
8.50671e-05
8.5067e-05
8.50669e-05
8.50668e-05
8.50666e-05
8.50665e-05
8.50663e-05
8.50661e-05
8.50659e-05
8.50657e-05
8.50655e-05
8.50652e-05
8.5065e-05
8.50647e-05
8.50644e-05
8.50641e-05
8.50638e-05
8.50635e-05
8.50631e-05
8.50628e-05
8.50624e-05
8.5062e-05
8.50616e-05
8.50612e-05
8.50608e-05
8.50603e-05
8.50598e-05
8.50594e-05
8.50589e-05
8.50583e-05
8.50578e-05
8.50573e-05
8.50567e-05
8.50561e-05
8.50555e-05
8.50549e-05
8.50543e-05
8.50537e-05
8.5053e-05
8.50523e-05
8.50516e-05
8.50509e-05
8.50502e-05
8.50494e-05
8.50487e-05
8.50479e-05
8.50471e-05
8.50462e-05
8.50454e-05
8.50445e-05
8.50437e-05
8.50428e-05
8.50419e-05
8.50409e-05
8.504e-05
8.5039e-05
8.5038e-05
8.5037e-05
8.50359e-05
8.50349e-05
8.50338e-05
8.50327e-05
8.50316e-05
8.50305e-05
8.50293e-05
8.50282e-05
8.5027e-05
8.50257e-05
8.50244e-05
8.50229e-05
8.50209e-05
8.50179e-05
8.50126e-05
8.50026e-05
8.4983e-05
8.49445e-05
8.48703e-05
8.47316e-05
8.44813e-05
8.40471e-05
8.33235e-05
8.21676e-05
8.03977e-05
7.7796e-05
7.4107e-05
6.90216e-05
6.21726e-05
5.35682e-05
4.55925e-05
4.13559e-05
3.98759e-05
3.95516e-05
3.96095e-05
3.97086e-05
3.97129e-05
3.96181e-05
3.95483e-05
3.98201e-05
4.11492e-05
4.50527e-05
5.27556e-05
6.14573e-05
6.84892e-05
7.37249e-05
7.75284e-05
8.02161e-05
8.20486e-05
8.32485e-05
8.40014e-05
8.44544e-05
8.4716e-05
8.48613e-05
8.49392e-05
8.49796e-05
8.50002e-05
8.50106e-05
8.5016e-05
8.50191e-05
8.50211e-05
8.50226e-05
8.50239e-05
8.50251e-05
8.50262e-05
8.50273e-05
8.50284e-05
8.50295e-05
8.50306e-05
8.50316e-05
8.50326e-05
8.50336e-05
8.50346e-05
8.50356e-05
8.50365e-05
8.50375e-05
8.50384e-05
8.50392e-05
8.50401e-05
8.5041e-05
8.50418e-05
8.50426e-05
8.50434e-05
8.50442e-05
8.5045e-05
8.50457e-05
8.50464e-05
8.50471e-05
8.50478e-05
8.50485e-05
8.50492e-05
8.50498e-05
8.50504e-05
8.5051e-05
8.50516e-05
8.50522e-05
8.50528e-05
8.50533e-05
8.50538e-05
8.50544e-05
8.50549e-05
8.50553e-05
8.50558e-05
8.50563e-05
8.50567e-05
8.50571e-05
8.50575e-05
8.50579e-05
8.50583e-05
8.50587e-05
8.5059e-05
8.50594e-05
8.50597e-05
8.506e-05
8.50603e-05
8.50606e-05
8.50608e-05
8.50611e-05
8.50613e-05
8.50616e-05
8.50618e-05
8.5062e-05
8.50622e-05
8.50623e-05
8.50625e-05
8.50626e-05
8.50628e-05
8.50629e-05
8.5063e-05
8.50631e-05
8.50632e-05
8.50632e-05
8.50633e-05
8.50633e-05
8.50634e-05
8.50634e-05
8.50487e-05
8.50486e-05
8.50486e-05
8.50486e-05
8.50485e-05
8.50484e-05
8.50484e-05
8.50483e-05
8.50482e-05
8.5048e-05
8.50479e-05
8.50477e-05
8.50476e-05
8.50474e-05
8.50472e-05
8.5047e-05
8.50467e-05
8.50465e-05
8.50463e-05
8.5046e-05
8.50457e-05
8.50454e-05
8.50451e-05
8.50448e-05
8.50444e-05
8.50441e-05
8.50437e-05
8.50433e-05
8.50429e-05
8.50425e-05
8.50421e-05
8.50416e-05
8.50412e-05
8.50407e-05
8.50402e-05
8.50397e-05
8.50392e-05
8.50386e-05
8.50381e-05
8.50375e-05
8.50369e-05
8.50363e-05
8.50357e-05
8.5035e-05
8.50344e-05
8.50337e-05
8.5033e-05
8.50323e-05
8.50316e-05
8.50309e-05
8.50301e-05
8.50293e-05
8.50286e-05
8.50277e-05
8.50269e-05
8.50261e-05
8.50252e-05
8.50243e-05
8.50234e-05
8.50225e-05
8.50216e-05
8.50206e-05
8.50197e-05
8.50187e-05
8.50177e-05
8.50166e-05
8.50156e-05
8.50145e-05
8.50135e-05
8.50124e-05
8.50113e-05
8.50101e-05
8.5009e-05
8.50078e-05
8.50065e-05
8.5005e-05
8.5003e-05
8.5e-05
8.49947e-05
8.49846e-05
8.49647e-05
8.49255e-05
8.48501e-05
8.47091e-05
8.4455e-05
8.40144e-05
8.32813e-05
8.21115e-05
8.03226e-05
7.76956e-05
7.39741e-05
6.88465e-05
6.19456e-05
5.33092e-05
4.54083e-05
4.1271e-05
3.9837e-05
3.95304e-05
3.95949e-05
3.96963e-05
3.97007e-05
3.96039e-05
3.95278e-05
3.97832e-05
4.10692e-05
4.48761e-05
5.24932e-05
6.12208e-05
6.83062e-05
7.3586e-05
7.74238e-05
8.01379e-05
8.19905e-05
8.32048e-05
8.39679e-05
8.44275e-05
8.46932e-05
8.48409e-05
8.49201e-05
8.49613e-05
8.49822e-05
8.49927e-05
8.49982e-05
8.50012e-05
8.50032e-05
8.50047e-05
8.50059e-05
8.50071e-05
8.50082e-05
8.50092e-05
8.50103e-05
8.50113e-05
8.50124e-05
8.50134e-05
8.50144e-05
8.50153e-05
8.50163e-05
8.50172e-05
8.50181e-05
8.50191e-05
8.50199e-05
8.50208e-05
8.50217e-05
8.50225e-05
8.50233e-05
8.50241e-05
8.50249e-05
8.50257e-05
8.50264e-05
8.50271e-05
8.50279e-05
8.50286e-05
8.50292e-05
8.50299e-05
8.50305e-05
8.50312e-05
8.50318e-05
8.50324e-05
8.5033e-05
8.50336e-05
8.50341e-05
8.50346e-05
8.50352e-05
8.50357e-05
8.50362e-05
8.50366e-05
8.50371e-05
8.50376e-05
8.5038e-05
8.50384e-05
8.50388e-05
8.50392e-05
8.50396e-05
8.50399e-05
8.50403e-05
8.50406e-05
8.5041e-05
8.50413e-05
8.50416e-05
8.50418e-05
8.50421e-05
8.50423e-05
8.50426e-05
8.50428e-05
8.5043e-05
8.50432e-05
8.50434e-05
8.50436e-05
8.50437e-05
8.50439e-05
8.5044e-05
8.50441e-05
8.50442e-05
8.50443e-05
8.50444e-05
8.50445e-05
8.50445e-05
8.50446e-05
8.50446e-05
8.50446e-05
8.50302e-05
8.50302e-05
8.50302e-05
8.50302e-05
8.50301e-05
8.503e-05
8.503e-05
8.50299e-05
8.50297e-05
8.50296e-05
8.50295e-05
8.50293e-05
8.50292e-05
8.5029e-05
8.50288e-05
8.50286e-05
8.50283e-05
8.50281e-05
8.50279e-05
8.50276e-05
8.50273e-05
8.5027e-05
8.50267e-05
8.50264e-05
8.5026e-05
8.50257e-05
8.50253e-05
8.50249e-05
8.50245e-05
8.50241e-05
8.50237e-05
8.50233e-05
8.50228e-05
8.50223e-05
8.50218e-05
8.50213e-05
8.50208e-05
8.50203e-05
8.50197e-05
8.50192e-05
8.50186e-05
8.5018e-05
8.50174e-05
8.50168e-05
8.50161e-05
8.50154e-05
8.50148e-05
8.50141e-05
8.50134e-05
8.50126e-05
8.50119e-05
8.50111e-05
8.50104e-05
8.50096e-05
8.50088e-05
8.50079e-05
8.50071e-05
8.50062e-05
8.50054e-05
8.50045e-05
8.50035e-05
8.50026e-05
8.50017e-05
8.50007e-05
8.49997e-05
8.49987e-05
8.49977e-05
8.49967e-05
8.49957e-05
8.49946e-05
8.49935e-05
8.49924e-05
8.49913e-05
8.49902e-05
8.49889e-05
8.49875e-05
8.49856e-05
8.49826e-05
8.49773e-05
8.49671e-05
8.49469e-05
8.49071e-05
8.48305e-05
8.46874e-05
8.44298e-05
8.39837e-05
8.3242e-05
8.20599e-05
8.02541e-05
7.76048e-05
7.38544e-05
6.86895e-05
6.17421e-05
5.30778e-05
4.52446e-05
4.11943e-05
3.98006e-05
3.95095e-05
3.958e-05
3.96835e-05
3.9688e-05
3.95893e-05
3.95076e-05
3.97484e-05
4.09966e-05
4.47188e-05
5.22583e-05
6.1008e-05
6.81415e-05
7.34607e-05
7.73288e-05
8.00665e-05
8.19368e-05
8.31642e-05
8.39362e-05
8.44018e-05
8.46712e-05
8.48211e-05
8.49015e-05
8.49433e-05
8.49645e-05
8.49752e-05
8.49807e-05
8.49838e-05
8.49857e-05
8.49871e-05
8.49883e-05
8.49894e-05
8.49905e-05
8.49915e-05
8.49925e-05
8.49935e-05
8.49945e-05
8.49955e-05
8.49964e-05
8.49974e-05
8.49983e-05
8.49992e-05
8.50001e-05
8.5001e-05
8.50019e-05
8.50027e-05
8.50035e-05
8.50043e-05
8.50051e-05
8.50059e-05
8.50067e-05
8.50074e-05
8.50082e-05
8.50089e-05
8.50096e-05
8.50103e-05
8.5011e-05
8.50116e-05
8.50122e-05
8.50129e-05
8.50135e-05
8.50141e-05
8.50146e-05
8.50152e-05
8.50157e-05
8.50163e-05
8.50168e-05
8.50173e-05
8.50178e-05
8.50183e-05
8.50187e-05
8.50192e-05
8.50196e-05
8.502e-05
8.50204e-05
8.50208e-05
8.50212e-05
8.50215e-05
8.50219e-05
8.50222e-05
8.50225e-05
8.50228e-05
8.50231e-05
8.50234e-05
8.50237e-05
8.50239e-05
8.50241e-05
8.50244e-05
8.50246e-05
8.50248e-05
8.5025e-05
8.50251e-05
8.50253e-05
8.50254e-05
8.50256e-05
8.50257e-05
8.50258e-05
8.50259e-05
8.5026e-05
8.5026e-05
8.50261e-05
8.50261e-05
8.50261e-05
8.50261e-05
8.50125e-05
8.50125e-05
8.50125e-05
8.50124e-05
8.50124e-05
8.50123e-05
8.50122e-05
8.50121e-05
8.5012e-05
8.50119e-05
8.50117e-05
8.50116e-05
8.50114e-05
8.50112e-05
8.5011e-05
8.50108e-05
8.50106e-05
8.50104e-05
8.50101e-05
8.50099e-05
8.50096e-05
8.50093e-05
8.5009e-05
8.50087e-05
8.50083e-05
8.5008e-05
8.50076e-05
8.50072e-05
8.50068e-05
8.50064e-05
8.5006e-05
8.50056e-05
8.50051e-05
8.50046e-05
8.50042e-05
8.50037e-05
8.50031e-05
8.50026e-05
8.50021e-05
8.50015e-05
8.50009e-05
8.50004e-05
8.49997e-05
8.49991e-05
8.49985e-05
8.49978e-05
8.49972e-05
8.49965e-05
8.49958e-05
8.49951e-05
8.49944e-05
8.49936e-05
8.49929e-05
8.49921e-05
8.49913e-05
8.49905e-05
8.49897e-05
8.49888e-05
8.4988e-05
8.49871e-05
8.49862e-05
8.49853e-05
8.49844e-05
8.49835e-05
8.49825e-05
8.49815e-05
8.49806e-05
8.49796e-05
8.49786e-05
8.49776e-05
8.49765e-05
8.49755e-05
8.49744e-05
8.49733e-05
8.49721e-05
8.49707e-05
8.49689e-05
8.49659e-05
8.49606e-05
8.49503e-05
8.49298e-05
8.48895e-05
8.48119e-05
8.4667e-05
8.44063e-05
8.39552e-05
8.32059e-05
8.2013e-05
8.01923e-05
7.75235e-05
7.37477e-05
6.85497e-05
6.15609e-05
5.28721e-05
4.50992e-05
4.11248e-05
3.97661e-05
3.94888e-05
3.95647e-05
3.96701e-05
3.96747e-05
3.95742e-05
3.94876e-05
3.97154e-05
4.09306e-05
4.45786e-05
5.20488e-05
6.0818e-05
6.79945e-05
7.33486e-05
7.72436e-05
8.00019e-05
8.1888e-05
8.31268e-05
8.39069e-05
8.43777e-05
8.46505e-05
8.48024e-05
8.48839e-05
8.49262e-05
8.49477e-05
8.49585e-05
8.4964e-05
8.4967e-05
8.49689e-05
8.49703e-05
8.49714e-05
8.49725e-05
8.49735e-05
8.49745e-05
8.49754e-05
8.49764e-05
8.49773e-05
8.49783e-05
8.49792e-05
8.49801e-05
8.4981e-05
8.49819e-05
8.49828e-05
8.49836e-05
8.49844e-05
8.49853e-05
8.49861e-05
8.49869e-05
8.49876e-05
8.49884e-05
8.49892e-05
8.49899e-05
8.49906e-05
8.49913e-05
8.4992e-05
8.49927e-05
8.49933e-05
8.4994e-05
8.49946e-05
8.49952e-05
8.49958e-05
8.49964e-05
8.4997e-05
8.49975e-05
8.4998e-05
8.49986e-05
8.49991e-05
8.49996e-05
8.50001e-05
8.50005e-05
8.5001e-05
8.50014e-05
8.50018e-05
8.50023e-05
8.50026e-05
8.5003e-05
8.50034e-05
8.50038e-05
8.50041e-05
8.50044e-05
8.50047e-05
8.5005e-05
8.50053e-05
8.50056e-05
8.50059e-05
8.50061e-05
8.50064e-05
8.50066e-05
8.50068e-05
8.5007e-05
8.50072e-05
8.50073e-05
8.50075e-05
8.50076e-05
8.50078e-05
8.50079e-05
8.5008e-05
8.50081e-05
8.50082e-05
8.50082e-05
8.50083e-05
8.50083e-05
8.50083e-05
8.50083e-05
8.49961e-05
8.49961e-05
8.49961e-05
8.4996e-05
8.4996e-05
8.49959e-05
8.49958e-05
8.49957e-05
8.49956e-05
8.49955e-05
8.49953e-05
8.49952e-05
8.4995e-05
8.49948e-05
8.49947e-05
8.49944e-05
8.49942e-05
8.4994e-05
8.49937e-05
8.49935e-05
8.49932e-05
8.49929e-05
8.49926e-05
8.49923e-05
8.49919e-05
8.49916e-05
8.49912e-05
8.49908e-05
8.49905e-05
8.499e-05
8.49896e-05
8.49892e-05
8.49887e-05
8.49883e-05
8.49878e-05
8.49873e-05
8.49868e-05
8.49863e-05
8.49857e-05
8.49852e-05
8.49846e-05
8.4984e-05
8.49835e-05
8.49828e-05
8.49822e-05
8.49816e-05
8.49809e-05
8.49803e-05
8.49796e-05
8.49789e-05
8.49782e-05
8.49774e-05
8.49767e-05
8.49759e-05
8.49752e-05
8.49744e-05
8.49736e-05
8.49728e-05
8.49719e-05
8.49711e-05
8.49702e-05
8.49694e-05
8.49685e-05
8.49676e-05
8.49667e-05
8.49658e-05
8.49648e-05
8.49639e-05
8.49629e-05
8.4962e-05
8.4961e-05
8.496e-05
8.4959e-05
8.4958e-05
8.49568e-05
8.49555e-05
8.49537e-05
8.49507e-05
8.49454e-05
8.4935e-05
8.49144e-05
8.48736e-05
8.47951e-05
8.46486e-05
8.43852e-05
8.39297e-05
8.31737e-05
8.19713e-05
8.01377e-05
7.74518e-05
7.3654e-05
6.84271e-05
6.14017e-05
5.26907e-05
4.49704e-05
4.10617e-05
3.97335e-05
3.94682e-05
3.9549e-05
3.96562e-05
3.96609e-05
3.95589e-05
3.94676e-05
3.9684e-05
4.08703e-05
4.4454e-05
5.18635e-05
6.06502e-05
6.78648e-05
7.32498e-05
7.71683e-05
7.99447e-05
8.18445e-05
8.30934e-05
8.38806e-05
8.43561e-05
8.46317e-05
8.47853e-05
8.48678e-05
8.49107e-05
8.49324e-05
8.49433e-05
8.49488e-05
8.49518e-05
8.49536e-05
8.49549e-05
8.4956e-05
8.4957e-05
8.49579e-05
8.49589e-05
8.49598e-05
8.49607e-05
8.49616e-05
8.49625e-05
8.49634e-05
8.49642e-05
8.49651e-05
8.49659e-05
8.49668e-05
8.49676e-05
8.49684e-05
8.49692e-05
8.497e-05
8.49707e-05
8.49715e-05
8.49722e-05
8.49729e-05
8.49737e-05
8.49744e-05
8.4975e-05
8.49757e-05
8.49764e-05
8.4977e-05
8.49776e-05
8.49782e-05
8.49788e-05
8.49794e-05
8.498e-05
8.49806e-05
8.49811e-05
8.49816e-05
8.49822e-05
8.49827e-05
8.49831e-05
8.49836e-05
8.49841e-05
8.49845e-05
8.4985e-05
8.49854e-05
8.49858e-05
8.49862e-05
8.49866e-05
8.49869e-05
8.49873e-05
8.49876e-05
8.4988e-05
8.49883e-05
8.49886e-05
8.49889e-05
8.49891e-05
8.49894e-05
8.49896e-05
8.49899e-05
8.49901e-05
8.49903e-05
8.49905e-05
8.49907e-05
8.49908e-05
8.4991e-05
8.49911e-05
8.49913e-05
8.49914e-05
8.49915e-05
8.49916e-05
8.49917e-05
8.49917e-05
8.49918e-05
8.49918e-05
8.49918e-05
8.49918e-05
8.49823e-05
8.49823e-05
8.49823e-05
8.49822e-05
8.49822e-05
8.49821e-05
8.4982e-05
8.49819e-05
8.49818e-05
8.49817e-05
8.49816e-05
8.49814e-05
8.49812e-05
8.49811e-05
8.49809e-05
8.49807e-05
8.49804e-05
8.49802e-05
8.49799e-05
8.49797e-05
8.49794e-05
8.49791e-05
8.49788e-05
8.49785e-05
8.49781e-05
8.49778e-05
8.49774e-05
8.49771e-05
8.49767e-05
8.49763e-05
8.49758e-05
8.49754e-05
8.4975e-05
8.49745e-05
8.4974e-05
8.49735e-05
8.4973e-05
8.49725e-05
8.4972e-05
8.49714e-05
8.49709e-05
8.49703e-05
8.49697e-05
8.49691e-05
8.49685e-05
8.49679e-05
8.49672e-05
8.49666e-05
8.49659e-05
8.49652e-05
8.49646e-05
8.49638e-05
8.49631e-05
8.49624e-05
8.49616e-05
8.49609e-05
8.49601e-05
8.49593e-05
8.49585e-05
8.49577e-05
8.49569e-05
8.49561e-05
8.49553e-05
8.49544e-05
8.49535e-05
8.49527e-05
8.49518e-05
8.49509e-05
8.495e-05
8.49491e-05
8.49482e-05
8.49473e-05
8.49464e-05
8.49454e-05
8.49444e-05
8.49431e-05
8.49413e-05
8.49385e-05
8.49332e-05
8.49228e-05
8.49019e-05
8.48608e-05
8.47814e-05
8.46335e-05
8.43676e-05
8.39083e-05
8.31468e-05
8.19361e-05
8.00913e-05
7.73908e-05
7.3574e-05
6.8322e-05
6.12644e-05
5.25332e-05
4.48573e-05
4.10044e-05
3.97024e-05
3.94478e-05
3.9533e-05
3.96418e-05
3.96466e-05
3.95431e-05
3.94477e-05
3.9654e-05
4.08154e-05
4.4344e-05
5.17016e-05
6.05046e-05
6.77531e-05
7.31649e-05
7.71037e-05
7.98957e-05
8.18075e-05
8.30653e-05
8.38585e-05
8.43381e-05
8.46163e-05
8.47715e-05
8.48549e-05
8.48982e-05
8.49201e-05
8.4931e-05
8.49365e-05
8.49394e-05
8.49411e-05
8.49424e-05
8.49434e-05
8.49443e-05
8.49452e-05
8.4946e-05
8.49469e-05
8.49477e-05
8.49485e-05
8.49494e-05
8.49502e-05
8.4951e-05
8.49518e-05
8.49526e-05
8.49534e-05
8.49541e-05
8.49549e-05
8.49557e-05
8.49564e-05
8.49571e-05
8.49579e-05
8.49586e-05
8.49593e-05
8.496e-05
8.49606e-05
8.49613e-05
8.49619e-05
8.49626e-05
8.49632e-05
8.49638e-05
8.49644e-05
8.4965e-05
8.49656e-05
8.49661e-05
8.49667e-05
8.49672e-05
8.49677e-05
8.49682e-05
8.49687e-05
8.49692e-05
8.49697e-05
8.49701e-05
8.49706e-05
8.4971e-05
8.49714e-05
8.49718e-05
8.49722e-05
8.49726e-05
8.4973e-05
8.49733e-05
8.49737e-05
8.4974e-05
8.49743e-05
8.49746e-05
8.49749e-05
8.49752e-05
8.49754e-05
8.49757e-05
8.49759e-05
8.49761e-05
8.49763e-05
8.49765e-05
8.49767e-05
8.49769e-05
8.4977e-05
8.49772e-05
8.49773e-05
8.49774e-05
8.49775e-05
8.49776e-05
8.49777e-05
8.49778e-05
8.49778e-05
8.49778e-05
8.49779e-05
8.49779e-05
8.49734e-05
8.49734e-05
8.49734e-05
8.49733e-05
8.49733e-05
8.49732e-05
8.49731e-05
8.4973e-05
8.49729e-05
8.49728e-05
8.49726e-05
8.49725e-05
8.49723e-05
8.49721e-05
8.49719e-05
8.49717e-05
8.49715e-05
8.49712e-05
8.4971e-05
8.49707e-05
8.49704e-05
8.49701e-05
8.49698e-05
8.49695e-05
8.49692e-05
8.49688e-05
8.49685e-05
8.49681e-05
8.49677e-05
8.49673e-05
8.49669e-05
8.49664e-05
8.4966e-05
8.49655e-05
8.4965e-05
8.49646e-05
8.49641e-05
8.49635e-05
8.4963e-05
8.49625e-05
8.49619e-05
8.49614e-05
8.49608e-05
8.49602e-05
8.49596e-05
8.4959e-05
8.49584e-05
8.49577e-05
8.49571e-05
8.49564e-05
8.49558e-05
8.49551e-05
8.49544e-05
8.49537e-05
8.4953e-05
8.49523e-05
8.49515e-05
8.49508e-05
8.495e-05
8.49493e-05
8.49485e-05
8.49477e-05
8.4947e-05
8.49462e-05
8.49454e-05
8.49446e-05
8.49438e-05
8.4943e-05
8.49422e-05
8.49414e-05
8.49406e-05
8.49397e-05
8.49389e-05
8.4938e-05
8.49371e-05
8.49359e-05
8.49343e-05
8.49315e-05
8.49263e-05
8.49159e-05
8.48949e-05
8.48534e-05
8.47734e-05
8.46242e-05
8.43562e-05
8.38935e-05
8.31268e-05
8.19093e-05
8.00551e-05
7.73421e-05
7.35091e-05
6.82357e-05
6.115e-05
5.23997e-05
4.47593e-05
4.09527e-05
3.96728e-05
3.94274e-05
3.95165e-05
3.96269e-05
3.96317e-05
3.95269e-05
3.94278e-05
3.96253e-05
4.07654e-05
4.42481e-05
5.15632e-05
6.03821e-05
6.76603e-05
7.30953e-05
7.70515e-05
7.9857e-05
8.1779e-05
8.30442e-05
8.38428e-05
8.43261e-05
8.46067e-05
8.47632e-05
8.48473e-05
8.4891e-05
8.4913e-05
8.49239e-05
8.49294e-05
8.49322e-05
8.49338e-05
8.4935e-05
8.49359e-05
8.49367e-05
8.49374e-05
8.49382e-05
8.49389e-05
8.49397e-05
8.49404e-05
8.49412e-05
8.49419e-05
8.49426e-05
8.49434e-05
8.49441e-05
8.49448e-05
8.49455e-05
8.49462e-05
8.49469e-05
8.49476e-05
8.49483e-05
8.4949e-05
8.49497e-05
8.49503e-05
8.4951e-05
8.49516e-05
8.49523e-05
8.49529e-05
8.49535e-05
8.49541e-05
8.49547e-05
8.49553e-05
8.49558e-05
8.49564e-05
8.49569e-05
8.49575e-05
8.4958e-05
8.49585e-05
8.4959e-05
8.49595e-05
8.496e-05
8.49604e-05
8.49609e-05
8.49613e-05
8.49618e-05
8.49622e-05
8.49626e-05
8.4963e-05
8.49633e-05
8.49637e-05
8.49641e-05
8.49644e-05
8.49647e-05
8.4965e-05
8.49653e-05
8.49656e-05
8.49659e-05
8.49662e-05
8.49664e-05
8.49666e-05
8.49669e-05
8.49671e-05
8.49673e-05
8.49675e-05
8.49676e-05
8.49678e-05
8.49679e-05
8.49681e-05
8.49682e-05
8.49683e-05
8.49684e-05
8.49684e-05
8.49685e-05
8.49686e-05
8.49686e-05
8.49686e-05
8.49686e-05
8.49732e-05
8.49732e-05
8.49731e-05
8.49731e-05
8.4973e-05
8.4973e-05
8.49729e-05
8.49728e-05
8.49726e-05
8.49725e-05
8.49724e-05
8.49722e-05
8.4972e-05
8.49718e-05
8.49716e-05
8.49714e-05
8.49712e-05
8.49709e-05
8.49707e-05
8.49704e-05
8.49701e-05
8.49698e-05
8.49695e-05
8.49692e-05
8.49688e-05
8.49685e-05
8.49681e-05
8.49677e-05
8.49673e-05
8.49669e-05
8.49665e-05
8.4966e-05
8.49656e-05
8.49651e-05
8.49646e-05
8.49641e-05
8.49636e-05
8.49631e-05
8.49626e-05
8.49621e-05
8.49615e-05
8.4961e-05
8.49604e-05
8.49598e-05
8.49592e-05
8.49587e-05
8.4958e-05
8.49574e-05
8.49568e-05
8.49562e-05
8.49555e-05
8.49549e-05
8.49542e-05
8.49536e-05
8.49529e-05
8.49523e-05
8.49516e-05
8.49509e-05
8.49502e-05
8.49495e-05
8.49488e-05
8.49481e-05
8.49475e-05
8.49468e-05
8.49461e-05
8.49454e-05
8.49447e-05
8.4944e-05
8.49433e-05
8.49426e-05
8.49419e-05
8.49413e-05
8.49406e-05
8.49399e-05
8.49391e-05
8.49381e-05
8.49365e-05
8.49339e-05
8.49288e-05
8.49184e-05
8.48975e-05
8.48557e-05
8.47751e-05
8.46248e-05
8.43548e-05
8.38891e-05
8.3118e-05
8.18941e-05
8.00316e-05
7.73082e-05
7.34616e-05
6.81702e-05
6.10604e-05
5.22912e-05
4.46765e-05
4.09065e-05
3.96447e-05
3.94071e-05
3.94997e-05
3.96115e-05
3.96164e-05
3.95102e-05
3.94079e-05
3.95978e-05
4.07204e-05
4.4166e-05
5.14491e-05
6.02843e-05
6.75886e-05
7.30433e-05
7.70144e-05
7.98313e-05
8.17621e-05
8.30341e-05
8.38376e-05
8.43242e-05
8.46068e-05
8.47646e-05
8.48493e-05
8.48933e-05
8.49154e-05
8.49262e-05
8.49315e-05
8.49342e-05
8.49357e-05
8.49367e-05
8.49374e-05
8.49381e-05
8.49387e-05
8.49393e-05
8.49399e-05
8.49405e-05
8.49411e-05
8.49417e-05
8.49424e-05
8.4943e-05
8.49436e-05
8.49443e-05
8.49449e-05
8.49455e-05
8.49461e-05
8.49468e-05
8.49474e-05
8.4948e-05
8.49486e-05
8.49492e-05
8.49499e-05
8.49505e-05
8.49511e-05
8.49516e-05
8.49522e-05
8.49528e-05
8.49534e-05
8.49539e-05
8.49545e-05
8.4955e-05
8.49556e-05
8.49561e-05
8.49566e-05
8.49571e-05
8.49576e-05
8.49581e-05
8.49586e-05
8.49591e-05
8.49595e-05
8.496e-05
8.49604e-05
8.49609e-05
8.49613e-05
8.49617e-05
8.49621e-05
8.49624e-05
8.49628e-05
8.49632e-05
8.49635e-05
8.49638e-05
8.49642e-05
8.49645e-05
8.49648e-05
8.4965e-05
8.49653e-05
8.49656e-05
8.49658e-05
8.4966e-05
8.49662e-05
8.49664e-05
8.49666e-05
8.49668e-05
8.4967e-05
8.49671e-05
8.49673e-05
8.49674e-05
8.49675e-05
8.49676e-05
8.49677e-05
8.49677e-05
8.49678e-05
8.49678e-05
8.49678e-05
8.49679e-05
8.49878e-05
8.49878e-05
8.49878e-05
8.49877e-05
8.49877e-05
8.49876e-05
8.49875e-05
8.49874e-05
8.49873e-05
8.49871e-05
8.4987e-05
8.49868e-05
8.49866e-05
8.49864e-05
8.49862e-05
8.4986e-05
8.49857e-05
8.49855e-05
8.49852e-05
8.49849e-05
8.49846e-05
8.49843e-05
8.49839e-05
8.49836e-05
8.49832e-05
8.49828e-05
8.49825e-05
8.49821e-05
8.49816e-05
8.49812e-05
8.49808e-05
8.49803e-05
8.49799e-05
8.49794e-05
8.49789e-05
8.49784e-05
8.49779e-05
8.49774e-05
8.49769e-05
8.49763e-05
8.49758e-05
8.49753e-05
8.49747e-05
8.49741e-05
8.49736e-05
8.4973e-05
8.49724e-05
8.49718e-05
8.49712e-05
8.49706e-05
8.497e-05
8.49694e-05
8.49688e-05
8.49682e-05
8.49676e-05
8.4967e-05
8.49664e-05
8.49658e-05
8.49652e-05
8.49646e-05
8.49641e-05
8.49635e-05
8.49629e-05
8.49624e-05
8.49618e-05
8.49613e-05
8.49607e-05
8.49602e-05
8.49597e-05
8.49592e-05
8.49587e-05
8.49582e-05
8.49577e-05
8.49572e-05
8.49566e-05
8.49559e-05
8.49546e-05
8.49522e-05
8.49472e-05
8.4937e-05
8.4916e-05
8.48741e-05
8.4793e-05
8.46416e-05
8.43699e-05
8.39014e-05
8.31261e-05
8.18965e-05
8.00265e-05
7.72938e-05
7.34358e-05
6.81297e-05
6.09993e-05
5.22107e-05
4.46099e-05
4.08661e-05
3.96179e-05
3.93867e-05
3.94823e-05
3.95954e-05
3.96004e-05
3.94931e-05
3.93878e-05
3.95715e-05
4.06804e-05
4.40983e-05
5.13613e-05
6.02148e-05
6.75418e-05
7.30131e-05
7.69967e-05
7.98237e-05
8.17627e-05
8.3041e-05
8.3849e-05
8.43386e-05
8.46232e-05
8.4782e-05
8.48673e-05
8.49115e-05
8.49335e-05
8.49443e-05
8.49494e-05
8.49519e-05
8.49531e-05
8.49538e-05
8.49543e-05
8.49548e-05
8.49552e-05
8.49556e-05
8.4956e-05
8.49564e-05
8.49568e-05
8.49573e-05
8.49577e-05
8.49582e-05
8.49587e-05
8.49592e-05
8.49597e-05
8.49602e-05
8.49607e-05
8.49612e-05
8.49617e-05
8.49622e-05
8.49628e-05
8.49633e-05
8.49638e-05
8.49644e-05
8.49649e-05
8.49655e-05
8.4966e-05
8.49665e-05
8.49671e-05
8.49676e-05
8.49681e-05
8.49686e-05
8.49691e-05
8.49696e-05
8.49702e-05
8.49707e-05
8.49711e-05
8.49716e-05
8.49721e-05
8.49726e-05
8.4973e-05
8.49735e-05
8.49739e-05
8.49743e-05
8.49748e-05
8.49752e-05
8.49756e-05
8.4976e-05
8.49763e-05
8.49767e-05
8.49771e-05
8.49774e-05
8.49777e-05
8.4978e-05
8.49783e-05
8.49786e-05
8.49789e-05
8.49792e-05
8.49794e-05
8.49797e-05
8.49799e-05
8.49801e-05
8.49803e-05
8.49805e-05
8.49807e-05
8.49808e-05
8.4981e-05
8.49811e-05
8.49812e-05
8.49813e-05
8.49814e-05
8.49815e-05
8.49815e-05
8.49816e-05
8.49816e-05
8.49816e-05
8.50269e-05
8.50269e-05
8.50269e-05
8.50268e-05
8.50268e-05
8.50267e-05
8.50266e-05
8.50264e-05
8.50263e-05
8.50261e-05
8.5026e-05
8.50258e-05
8.50256e-05
8.50254e-05
8.50251e-05
8.50249e-05
8.50246e-05
8.50243e-05
8.5024e-05
8.50237e-05
8.50234e-05
8.5023e-05
8.50226e-05
8.50223e-05
8.50219e-05
8.50215e-05
8.50211e-05
8.50206e-05
8.50202e-05
8.50197e-05
8.50193e-05
8.50188e-05
8.50183e-05
8.50178e-05
8.50173e-05
8.50168e-05
8.50163e-05
8.50158e-05
8.50152e-05
8.50147e-05
8.50141e-05
8.50136e-05
8.5013e-05
8.50125e-05
8.50119e-05
8.50114e-05
8.50108e-05
8.50102e-05
8.50097e-05
8.50091e-05
8.50086e-05
8.50081e-05
8.50075e-05
8.5007e-05
8.50065e-05
8.5006e-05
8.50055e-05
8.5005e-05
8.50045e-05
8.50041e-05
8.50037e-05
8.50032e-05
8.50028e-05
8.50025e-05
8.50021e-05
8.50018e-05
8.50015e-05
8.50012e-05
8.50009e-05
8.50007e-05
8.50004e-05
8.50002e-05
8.50001e-05
8.49999e-05
8.49996e-05
8.49991e-05
8.49981e-05
8.4996e-05
8.49914e-05
8.49814e-05
8.49605e-05
8.49185e-05
8.48369e-05
8.46846e-05
8.44111e-05
8.39396e-05
8.31601e-05
8.19247e-05
8.00473e-05
7.73055e-05
7.34368e-05
6.81175e-05
6.09701e-05
5.21623e-05
4.45623e-05
4.08321e-05
3.95928e-05
3.93663e-05
3.94644e-05
3.95786e-05
3.95836e-05
3.94753e-05
3.93677e-05
3.95466e-05
4.06465e-05
4.40495e-05
5.13074e-05
6.0179e-05
6.75242e-05
7.30098e-05
7.70052e-05
7.9842e-05
8.17891e-05
8.30736e-05
8.38861e-05
8.43789e-05
8.46654e-05
8.48253e-05
8.49111e-05
8.49554e-05
8.49773e-05
8.49878e-05
8.49927e-05
8.49948e-05
8.49957e-05
8.49961e-05
8.49963e-05
8.49964e-05
8.49965e-05
8.49966e-05
8.49967e-05
8.49968e-05
8.4997e-05
8.49972e-05
8.49974e-05
8.49976e-05
8.49979e-05
8.49982e-05
8.49985e-05
8.49988e-05
8.49992e-05
8.49995e-05
8.49999e-05
8.50003e-05
8.50007e-05
8.50011e-05
8.50016e-05
8.5002e-05
8.50025e-05
8.50029e-05
8.50034e-05
8.50039e-05
8.50044e-05
8.50048e-05
8.50053e-05
8.50058e-05
8.50063e-05
8.50068e-05
8.50073e-05
8.50078e-05
8.50082e-05
8.50087e-05
8.50092e-05
8.50097e-05
8.50101e-05
8.50106e-05
8.5011e-05
8.50115e-05
8.50119e-05
8.50123e-05
8.50127e-05
8.50131e-05
8.50135e-05
8.50139e-05
8.50143e-05
8.50147e-05
8.5015e-05
8.50154e-05
8.50157e-05
8.5016e-05
8.50163e-05
8.50166e-05
8.50168e-05
8.50171e-05
8.50173e-05
8.50176e-05
8.50178e-05
8.5018e-05
8.50182e-05
8.50184e-05
8.50185e-05
8.50186e-05
8.50188e-05
8.50189e-05
8.5019e-05
8.50191e-05
8.50191e-05
8.50192e-05
8.50192e-05
8.50192e-05
8.51043e-05
8.51043e-05
8.51043e-05
8.51042e-05
8.51041e-05
8.5104e-05
8.51039e-05
8.51038e-05
8.51036e-05
8.51034e-05
8.51032e-05
8.5103e-05
8.51028e-05
8.51025e-05
8.51022e-05
8.51019e-05
8.51016e-05
8.51013e-05
8.5101e-05
8.51006e-05
8.51002e-05
8.50998e-05
8.50994e-05
8.5099e-05
8.50986e-05
8.50981e-05
8.50976e-05
8.50972e-05
8.50967e-05
8.50962e-05
8.50957e-05
8.50951e-05
8.50946e-05
8.50941e-05
8.50935e-05
8.5093e-05
8.50924e-05
8.50919e-05
8.50913e-05
8.50908e-05
8.50902e-05
8.50896e-05
8.50891e-05
8.50885e-05
8.5088e-05
8.50874e-05
8.50869e-05
8.50864e-05
8.50859e-05
8.50854e-05
8.50849e-05
8.50844e-05
8.5084e-05
8.50836e-05
8.50832e-05
8.50828e-05
8.50824e-05
8.50821e-05
8.50818e-05
8.50815e-05
8.50813e-05
8.50811e-05
8.50809e-05
8.50808e-05
8.50807e-05
8.50807e-05
8.50807e-05
8.50807e-05
8.50808e-05
8.50809e-05
8.50811e-05
8.50812e-05
8.50815e-05
8.50817e-05
8.50818e-05
8.50818e-05
8.50813e-05
8.50796e-05
8.50753e-05
8.50656e-05
8.5045e-05
8.50029e-05
8.49209e-05
8.47675e-05
8.4492e-05
8.40173e-05
8.32329e-05
8.19908e-05
8.0105e-05
7.73533e-05
7.34734e-05
6.81411e-05
6.0976e-05
5.21432e-05
4.45297e-05
4.08033e-05
3.95689e-05
3.93457e-05
3.94459e-05
3.95612e-05
3.95663e-05
3.94571e-05
3.93473e-05
3.95228e-05
4.0617e-05
4.40134e-05
5.12798e-05
6.01769e-05
6.75419e-05
7.3042e-05
7.70495e-05
7.9897e-05
8.18531e-05
8.31447e-05
8.39625e-05
8.44587e-05
8.47474e-05
8.49085e-05
8.49947e-05
8.5039e-05
8.50608e-05
8.50709e-05
8.50753e-05
8.5077e-05
8.50775e-05
8.50774e-05
8.50771e-05
8.50767e-05
8.50764e-05
8.5076e-05
8.50758e-05
8.50755e-05
8.50753e-05
8.50751e-05
8.5075e-05
8.50749e-05
8.50749e-05
8.50749e-05
8.5075e-05
8.5075e-05
8.50752e-05
8.50753e-05
8.50755e-05
8.50757e-05
8.50759e-05
8.50762e-05
8.50765e-05
8.50768e-05
8.50772e-05
8.50775e-05
8.50779e-05
8.50783e-05
8.50787e-05
8.50792e-05
8.50796e-05
8.50801e-05
8.50805e-05
8.5081e-05
8.50814e-05
8.50819e-05
8.50824e-05
8.50829e-05
8.50834e-05
8.50838e-05
8.50843e-05
8.50848e-05
8.50853e-05
8.50857e-05
8.50862e-05
8.50866e-05
8.50871e-05
8.50875e-05
8.5088e-05
8.50884e-05
8.50888e-05
8.50892e-05
8.50896e-05
8.509e-05
8.50903e-05
8.50907e-05
8.5091e-05
8.50913e-05
8.50916e-05
8.50919e-05
8.50922e-05
8.50925e-05
8.50927e-05
8.50929e-05
8.50931e-05
8.50933e-05
8.50935e-05
8.50937e-05
8.50938e-05
8.50939e-05
8.5094e-05
8.50941e-05
8.50942e-05
8.50943e-05
8.50943e-05
8.50943e-05
8.5239e-05
8.5239e-05
8.52389e-05
8.52388e-05
8.52387e-05
8.52386e-05
8.52385e-05
8.52383e-05
8.52381e-05
8.52379e-05
8.52376e-05
8.52374e-05
8.52371e-05
8.52368e-05
8.52365e-05
8.52361e-05
8.52357e-05
8.52353e-05
8.52349e-05
8.52345e-05
8.52341e-05
8.52336e-05
8.52331e-05
8.52326e-05
8.52321e-05
8.52316e-05
8.5231e-05
8.52305e-05
8.52299e-05
8.52293e-05
8.52287e-05
8.52281e-05
8.52275e-05
8.52269e-05
8.52263e-05
8.52257e-05
8.52251e-05
8.52245e-05
8.52239e-05
8.52233e-05
8.52227e-05
8.52221e-05
8.52215e-05
8.5221e-05
8.52204e-05
8.52199e-05
8.52194e-05
8.52189e-05
8.52184e-05
8.5218e-05
8.52176e-05
8.52172e-05
8.52168e-05
8.52165e-05
8.52163e-05
8.52161e-05
8.52159e-05
8.52158e-05
8.52157e-05
8.52156e-05
8.52157e-05
8.52158e-05
8.52159e-05
8.52161e-05
8.52164e-05
8.52167e-05
8.52171e-05
8.52176e-05
8.52181e-05
8.52187e-05
8.52193e-05
8.522e-05
8.52208e-05
8.52215e-05
8.52223e-05
8.52228e-05
8.52229e-05
8.52218e-05
8.5218e-05
8.52088e-05
8.51885e-05
8.51464e-05
8.50639e-05
8.49092e-05
8.46312e-05
8.41524e-05
8.33618e-05
8.21112e-05
8.02147e-05
7.74505e-05
7.35572e-05
6.82107e-05
6.10278e-05
5.21638e-05
4.45179e-05
4.07814e-05
3.95467e-05
3.9325e-05
3.94267e-05
3.95429e-05
3.95481e-05
3.9438e-05
3.93268e-05
3.95004e-05
4.05937e-05
4.39962e-05
5.12904e-05
6.02204e-05
6.76056e-05
7.31211e-05
7.71429e-05
8.00036e-05
8.1971e-05
8.32716e-05
8.40959e-05
8.45965e-05
8.48878e-05
8.50502e-05
8.5137e-05
8.51813e-05
8.52027e-05
8.52124e-05
8.52162e-05
8.52172e-05
8.5217e-05
8.52163e-05
8.52154e-05
8.52145e-05
8.52135e-05
8.52126e-05
8.52118e-05
8.5211e-05
8.52103e-05
8.52097e-05
8.52091e-05
8.52086e-05
8.52082e-05
8.52078e-05
8.52075e-05
8.52073e-05
8.52071e-05
8.5207e-05
8.52069e-05
8.52069e-05
8.52069e-05
8.5207e-05
8.52071e-05
8.52073e-05
8.52075e-05
8.52077e-05
8.5208e-05
8.52083e-05
8.52086e-05
8.5209e-05
8.52094e-05
8.52098e-05
8.52102e-05
8.52107e-05
8.52111e-05
8.52116e-05
8.52121e-05
8.52126e-05
8.52131e-05
8.52136e-05
8.52141e-05
8.52146e-05
8.52151e-05
8.52156e-05
8.52161e-05
8.52167e-05
8.52172e-05
8.52177e-05
8.52181e-05
8.52186e-05
8.52191e-05
8.52195e-05
8.522e-05
8.52204e-05
8.52209e-05
8.52213e-05
8.52217e-05
8.5222e-05
8.52224e-05
8.52227e-05
8.52231e-05
8.52234e-05
8.52237e-05
8.52239e-05
8.52242e-05
8.52244e-05
8.52246e-05
8.52248e-05
8.5225e-05
8.52251e-05
8.52253e-05
8.52254e-05
8.52255e-05
8.52255e-05
8.52256e-05
8.52256e-05
8.54551e-05
8.5455e-05
8.5455e-05
8.54549e-05
8.54548e-05
8.54546e-05
8.54544e-05
8.54542e-05
8.5454e-05
8.54537e-05
8.54534e-05
8.54531e-05
8.54527e-05
8.54523e-05
8.54519e-05
8.54515e-05
8.5451e-05
8.54505e-05
8.545e-05
8.54495e-05
8.54489e-05
8.54483e-05
8.54478e-05
8.54471e-05
8.54465e-05
8.54459e-05
8.54452e-05
8.54445e-05
8.54438e-05
8.54432e-05
8.54425e-05
8.54417e-05
8.5441e-05
8.54403e-05
8.54396e-05
8.54389e-05
8.54382e-05
8.54375e-05
8.54368e-05
8.54361e-05
8.54355e-05
8.54348e-05
8.54342e-05
8.54336e-05
8.5433e-05
8.54325e-05
8.5432e-05
8.54315e-05
8.54311e-05
8.54307e-05
8.54304e-05
8.54301e-05
8.54299e-05
8.54297e-05
8.54296e-05
8.54295e-05
8.54296e-05
8.54297e-05
8.54299e-05
8.54301e-05
8.54305e-05
8.54309e-05
8.54314e-05
8.54321e-05
8.54328e-05
8.54336e-05
8.54345e-05
8.54355e-05
8.54365e-05
8.54377e-05
8.5439e-05
8.54404e-05
8.54418e-05
8.54433e-05
8.54447e-05
8.5446e-05
8.54468e-05
8.54464e-05
8.54434e-05
8.54348e-05
8.54148e-05
8.53727e-05
8.52896e-05
8.51333e-05
8.48521e-05
8.43678e-05
8.3569e-05
8.23068e-05
8.03956e-05
7.76144e-05
7.37032e-05
6.8339e-05
6.11356e-05
5.2232e-05
4.45306e-05
4.07677e-05
3.95264e-05
3.93042e-05
3.94067e-05
3.95236e-05
3.95288e-05
3.94182e-05
3.9306e-05
3.94796e-05
4.05775e-05
4.40012e-05
5.13466e-05
6.03197e-05
6.77276e-05
7.3262e-05
7.73025e-05
8.01809e-05
8.21636e-05
8.34762e-05
8.43092e-05
8.48155e-05
8.51102e-05
8.52743e-05
8.53617e-05
8.5406e-05
8.54269e-05
8.54359e-05
8.5439e-05
8.54392e-05
8.54382e-05
8.54367e-05
8.5435e-05
8.54333e-05
8.54316e-05
8.543e-05
8.54284e-05
8.5427e-05
8.54257e-05
8.54245e-05
8.54233e-05
8.54223e-05
8.54214e-05
8.54205e-05
8.54198e-05
8.54191e-05
8.54186e-05
8.54181e-05
8.54177e-05
8.54174e-05
8.54172e-05
8.5417e-05
8.54169e-05
8.54169e-05
8.54169e-05
8.5417e-05
8.54172e-05
8.54174e-05
8.54176e-05
8.54179e-05
8.54182e-05
8.54186e-05
8.5419e-05
8.54195e-05
8.54199e-05
8.54204e-05
8.54209e-05
8.54215e-05
8.5422e-05
8.54226e-05
8.54231e-05
8.54237e-05
8.54243e-05
8.54249e-05
8.54255e-05
8.54261e-05
8.54267e-05
8.54273e-05
8.54278e-05
8.54284e-05
8.5429e-05
8.54295e-05
8.54301e-05
8.54306e-05
8.54311e-05
8.54316e-05
8.54321e-05
8.54325e-05
8.5433e-05
8.54334e-05
8.54338e-05
8.54342e-05
8.54345e-05
8.54349e-05
8.54352e-05
8.54354e-05
8.54357e-05
8.54359e-05
8.54362e-05
8.54363e-05
8.54365e-05
8.54366e-05
8.54367e-05
8.54368e-05
8.54369e-05
8.54369e-05
8.5781e-05
8.5781e-05
8.57809e-05
8.57808e-05
8.57806e-05
8.57804e-05
8.57802e-05
8.57799e-05
8.57796e-05
8.57793e-05
8.57789e-05
8.57785e-05
8.5778e-05
8.57775e-05
8.5777e-05
8.57764e-05
8.57759e-05
8.57752e-05
8.57746e-05
8.57739e-05
8.57732e-05
8.57725e-05
8.57717e-05
8.5771e-05
8.57702e-05
8.57694e-05
8.57685e-05
8.57677e-05
8.57669e-05
8.5766e-05
8.57651e-05
8.57643e-05
8.57634e-05
8.57625e-05
8.57616e-05
8.57608e-05
8.57599e-05
8.57591e-05
8.57583e-05
8.57575e-05
8.57567e-05
8.5756e-05
8.57553e-05
8.57546e-05
8.5754e-05
8.57534e-05
8.57528e-05
8.57524e-05
8.5752e-05
8.57516e-05
8.57513e-05
8.57511e-05
8.5751e-05
8.5751e-05
8.57511e-05
8.57512e-05
8.57515e-05
8.57519e-05
8.57523e-05
8.57529e-05
8.57537e-05
8.57545e-05
8.57554e-05
8.57565e-05
8.57578e-05
8.57591e-05
8.57606e-05
8.57622e-05
8.5764e-05
8.57659e-05
8.57679e-05
8.577e-05
8.57723e-05
8.57746e-05
8.57769e-05
8.57791e-05
8.57808e-05
8.57813e-05
8.57791e-05
8.57712e-05
8.57517e-05
8.57096e-05
8.56257e-05
8.54672e-05
8.51818e-05
8.46902e-05
8.38802e-05
8.26023e-05
8.06707e-05
7.78658e-05
7.39297e-05
6.85417e-05
6.13125e-05
5.23569e-05
4.4572e-05
4.07632e-05
3.95083e-05
3.92832e-05
3.93857e-05
3.9503e-05
3.95083e-05
3.93973e-05
3.9285e-05
3.94607e-05
4.05696e-05
4.40322e-05
5.14572e-05
6.04873e-05
6.79234e-05
7.34827e-05
7.75489e-05
8.04517e-05
8.24554e-05
8.37844e-05
8.4629e-05
8.51428e-05
8.54419e-05
8.56083e-05
8.56965e-05
8.57407e-05
8.57611e-05
8.57693e-05
8.57714e-05
8.57707e-05
8.57687e-05
8.57661e-05
8.57635e-05
8.57608e-05
8.57582e-05
8.57558e-05
8.57534e-05
8.57512e-05
8.57491e-05
8.57472e-05
8.57453e-05
8.57437e-05
8.57421e-05
8.57407e-05
8.57395e-05
8.57383e-05
8.57373e-05
8.57365e-05
8.57357e-05
8.57351e-05
8.57345e-05
8.57341e-05
8.57338e-05
8.57335e-05
8.57334e-05
8.57333e-05
8.57334e-05
8.57335e-05
8.57336e-05
8.57339e-05
8.57342e-05
8.57345e-05
8.57349e-05
8.57354e-05
8.57359e-05
8.57364e-05
8.5737e-05
8.57376e-05
8.57382e-05
8.57389e-05
8.57395e-05
8.57402e-05
8.57409e-05
8.57416e-05
8.57423e-05
8.5743e-05
8.57438e-05
8.57445e-05
8.57452e-05
8.57459e-05
8.57466e-05
8.57473e-05
8.57479e-05
8.57486e-05
8.57492e-05
8.57498e-05
8.57504e-05
8.5751e-05
8.57516e-05
8.57521e-05
8.57526e-05
8.57531e-05
8.57535e-05
8.57539e-05
8.57543e-05
8.57547e-05
8.5755e-05
8.57553e-05
8.57556e-05
8.57558e-05
8.5756e-05
8.57562e-05
8.57563e-05
8.57564e-05
8.57565e-05
8.57565e-05
8.62473e-05
8.62473e-05
8.62472e-05
8.6247e-05
8.62468e-05
8.62466e-05
8.62463e-05
8.62459e-05
8.62455e-05
8.62451e-05
8.62446e-05
8.62441e-05
8.62435e-05
8.62428e-05
8.62422e-05
8.62415e-05
8.62407e-05
8.62399e-05
8.62391e-05
8.62383e-05
8.62374e-05
8.62364e-05
8.62355e-05
8.62345e-05
8.62335e-05
8.62325e-05
8.62314e-05
8.62304e-05
8.62293e-05
8.62282e-05
8.62271e-05
8.6226e-05
8.62249e-05
8.62238e-05
8.62227e-05
8.62217e-05
8.62206e-05
8.62196e-05
8.62186e-05
8.62176e-05
8.62167e-05
8.62158e-05
8.62149e-05
8.62141e-05
8.62134e-05
8.62127e-05
8.62121e-05
8.62116e-05
8.62112e-05
8.62108e-05
8.62106e-05
8.62105e-05
8.62104e-05
8.62105e-05
8.62108e-05
8.62111e-05
8.62116e-05
8.62122e-05
8.6213e-05
8.62139e-05
8.6215e-05
8.62163e-05
8.62177e-05
8.62193e-05
8.62211e-05
8.62231e-05
8.62252e-05
8.62275e-05
8.623e-05
8.62327e-05
8.62355e-05
8.62385e-05
8.62417e-05
8.62449e-05
8.62482e-05
8.62514e-05
8.62541e-05
8.62556e-05
8.62543e-05
8.62473e-05
8.62283e-05
8.61862e-05
8.61012e-05
8.59399e-05
8.5649e-05
8.5148e-05
8.43232e-05
8.30242e-05
8.10652e-05
7.82278e-05
7.42572e-05
6.88363e-05
6.15732e-05
5.255e-05
4.46474e-05
4.07698e-05
3.94928e-05
3.92619e-05
3.93636e-05
3.94811e-05
3.94864e-05
3.93753e-05
3.92636e-05
3.9444e-05
4.05713e-05
4.40937e-05
5.1633e-05
6.07379e-05
6.82106e-05
7.38036e-05
7.79049e-05
8.0841e-05
8.28729e-05
8.42236e-05
8.50835e-05
8.56071e-05
8.59119e-05
8.60811e-05
8.61704e-05
8.62146e-05
8.62344e-05
8.62416e-05
8.62427e-05
8.62408e-05
8.62377e-05
8.62341e-05
8.62303e-05
8.62266e-05
8.6223e-05
8.62195e-05
8.62162e-05
8.62131e-05
8.62102e-05
8.62074e-05
8.62049e-05
8.62025e-05
8.62003e-05
8.61983e-05
8.61964e-05
8.61948e-05
8.61933e-05
8.6192e-05
8.61908e-05
8.61898e-05
8.61889e-05
8.61882e-05
8.61877e-05
8.61872e-05
8.61869e-05
8.61867e-05
8.61866e-05
8.61866e-05
8.61868e-05
8.6187e-05
8.61873e-05
8.61876e-05
8.61881e-05
8.61886e-05
8.61891e-05
8.61898e-05
8.61904e-05
8.61911e-05
8.61919e-05
8.61927e-05
8.61935e-05
8.61943e-05
8.61952e-05
8.61961e-05
8.61969e-05
8.61978e-05
8.61987e-05
8.61996e-05
8.62005e-05
8.62014e-05
8.62023e-05
8.62031e-05
8.6204e-05
8.62048e-05
8.62056e-05
8.62064e-05
8.62071e-05
8.62079e-05
8.62086e-05
8.62092e-05
8.62099e-05
8.62105e-05
8.6211e-05
8.62116e-05
8.62121e-05
8.62125e-05
8.6213e-05
8.62133e-05
8.62137e-05
8.6214e-05
8.62143e-05
8.62145e-05
8.62146e-05
8.62148e-05
8.62149e-05
8.62149e-05
8.68827e-05
8.68826e-05
8.68825e-05
8.68823e-05
8.6882e-05
8.68817e-05
8.68813e-05
8.68809e-05
8.68804e-05
8.68798e-05
8.68792e-05
8.68785e-05
8.68778e-05
8.6877e-05
8.68762e-05
8.68753e-05
8.68743e-05
8.68733e-05
8.68723e-05
8.68712e-05
8.68701e-05
8.68689e-05
8.68677e-05
8.68664e-05
8.68652e-05
8.68639e-05
8.68625e-05
8.68612e-05
8.68598e-05
8.68585e-05
8.68571e-05
8.68557e-05
8.68543e-05
8.6853e-05
8.68516e-05
8.68502e-05
8.68489e-05
8.68476e-05
8.68464e-05
8.68452e-05
8.6844e-05
8.68429e-05
8.68418e-05
8.68408e-05
8.68399e-05
8.68391e-05
8.68384e-05
8.68378e-05
8.68373e-05
8.68369e-05
8.68366e-05
8.68365e-05
8.68365e-05
8.68367e-05
8.6837e-05
8.68375e-05
8.68382e-05
8.68391e-05
8.68401e-05
8.68414e-05
8.68428e-05
8.68445e-05
8.68464e-05
8.68485e-05
8.68509e-05
8.68534e-05
8.68562e-05
8.68592e-05
8.68625e-05
8.68659e-05
8.68696e-05
8.68735e-05
8.68776e-05
8.68818e-05
8.68861e-05
8.68903e-05
8.68941e-05
8.68967e-05
8.68964e-05
8.68901e-05
8.68716e-05
8.68294e-05
8.6743e-05
8.65781e-05
8.62803e-05
8.57674e-05
8.49238e-05
8.35979e-05
8.16031e-05
7.87229e-05
7.47065e-05
6.92416e-05
6.19343e-05
5.28246e-05
4.47635e-05
4.07894e-05
3.94805e-05
3.92405e-05
3.93401e-05
3.94575e-05
3.94629e-05
3.93519e-05
3.92419e-05
3.94299e-05
4.05844e-05
4.41919e-05
5.18868e-05
6.10877e-05
6.86075e-05
7.42453e-05
7.83931e-05
8.13728e-05
8.34413e-05
8.48199e-05
8.56991e-05
8.62351e-05
8.6547e-05
8.67199e-05
8.68105e-05
8.68548e-05
8.6874e-05
8.68803e-05
8.68802e-05
8.68771e-05
8.68728e-05
8.68679e-05
8.6863e-05
8.68582e-05
8.68535e-05
8.6849e-05
8.68447e-05
8.68407e-05
8.68369e-05
8.68333e-05
8.68299e-05
8.68268e-05
8.6824e-05
8.68213e-05
8.68189e-05
8.68167e-05
8.68147e-05
8.6813e-05
8.68114e-05
8.68101e-05
8.68089e-05
8.6808e-05
8.68072e-05
8.68065e-05
8.68061e-05
8.68058e-05
8.68056e-05
8.68056e-05
8.68057e-05
8.68059e-05
8.68062e-05
8.68067e-05
8.68072e-05
8.68078e-05
8.68085e-05
8.68092e-05
8.68101e-05
8.6811e-05
8.68119e-05
8.68129e-05
8.68139e-05
8.68149e-05
8.6816e-05
8.68171e-05
8.68182e-05
8.68193e-05
8.68204e-05
8.68215e-05
8.68227e-05
8.68238e-05
8.68249e-05
8.68259e-05
8.6827e-05
8.68281e-05
8.68291e-05
8.68301e-05
8.6831e-05
8.68319e-05
8.68328e-05
8.68337e-05
8.68345e-05
8.68353e-05
8.6836e-05
8.68367e-05
8.68373e-05
8.68379e-05
8.68384e-05
8.68389e-05
8.68393e-05
8.68397e-05
8.684e-05
8.68403e-05
8.68405e-05
8.68407e-05
8.68408e-05
8.68409e-05
8.77091e-05
8.7709e-05
8.77089e-05
8.77087e-05
8.77083e-05
8.77079e-05
8.77075e-05
8.77069e-05
8.77063e-05
8.77056e-05
8.77048e-05
8.7704e-05
8.77031e-05
8.77021e-05
8.7701e-05
8.76999e-05
8.76987e-05
8.76975e-05
8.76962e-05
8.76948e-05
8.76934e-05
8.7692e-05
8.76905e-05
8.76889e-05
8.76874e-05
8.76857e-05
8.76841e-05
8.76824e-05
8.76807e-05
8.7679e-05
8.76773e-05
8.76756e-05
8.76739e-05
8.76721e-05
8.76704e-05
8.76688e-05
8.76671e-05
8.76655e-05
8.76639e-05
8.76624e-05
8.76609e-05
8.76595e-05
8.76582e-05
8.7657e-05
8.76558e-05
8.76548e-05
8.76539e-05
8.76531e-05
8.76524e-05
8.76519e-05
8.76515e-05
8.76514e-05
8.76513e-05
8.76515e-05
8.76519e-05
8.76525e-05
8.76533e-05
8.76543e-05
8.76556e-05
8.76571e-05
8.76588e-05
8.76609e-05
8.76631e-05
8.76657e-05
8.76685e-05
8.76716e-05
8.7675e-05
8.76787e-05
8.76826e-05
8.76868e-05
8.76913e-05
8.7696e-05
8.77009e-05
8.77061e-05
8.77114e-05
8.77166e-05
8.77214e-05
8.7725e-05
8.77257e-05
8.77202e-05
8.77021e-05
8.76594e-05
8.75712e-05
8.74021e-05
8.70959e-05
8.65685e-05
8.57022e-05
8.43431e-05
8.2304e-05
7.93702e-05
7.52957e-05
6.97745e-05
6.24117e-05
5.31953e-05
4.49283e-05
4.08246e-05
3.9472e-05
3.92191e-05
3.93152e-05
3.94319e-05
3.94373e-05
3.93269e-05
3.92199e-05
3.9419e-05
4.06112e-05
4.43339e-05
5.22328e-05
6.15529e-05
6.91313e-05
7.48259e-05
7.90325e-05
8.20668e-05
8.41807e-05
8.55934e-05
8.64961e-05
8.7047e-05
8.73675e-05
8.75447e-05
8.76372e-05
8.76817e-05
8.77004e-05
8.77058e-05
8.77046e-05
8.77003e-05
8.76948e-05
8.76888e-05
8.76827e-05
8.76768e-05
8.76711e-05
8.76656e-05
8.76604e-05
8.76554e-05
8.76508e-05
8.76464e-05
8.76423e-05
8.76385e-05
8.7635e-05
8.76318e-05
8.76289e-05
8.76262e-05
8.76238e-05
8.76217e-05
8.76198e-05
8.76181e-05
8.76167e-05
8.76156e-05
8.76146e-05
8.76139e-05
8.76133e-05
8.7613e-05
8.76128e-05
8.76128e-05
8.76129e-05
8.76132e-05
8.76136e-05
8.76142e-05
8.76149e-05
8.76156e-05
8.76165e-05
8.76175e-05
8.76185e-05
8.76196e-05
8.76208e-05
8.7622e-05
8.76233e-05
8.76246e-05
8.76259e-05
8.76273e-05
8.76287e-05
8.76301e-05
8.76315e-05
8.76329e-05
8.76343e-05
8.76356e-05
8.7637e-05
8.76384e-05
8.76397e-05
8.7641e-05
8.76423e-05
8.76435e-05
8.76447e-05
8.76458e-05
8.76469e-05
8.7648e-05
8.7649e-05
8.765e-05
8.76509e-05
8.76517e-05
8.76525e-05
8.76532e-05
8.76539e-05
8.76545e-05
8.7655e-05
8.76555e-05
8.76559e-05
8.76562e-05
8.76565e-05
8.76567e-05
8.76569e-05
8.76569e-05
8.8737e-05
8.87369e-05
8.87367e-05
8.87364e-05
8.8736e-05
8.87356e-05
8.8735e-05
8.87343e-05
8.87336e-05
8.87327e-05
8.87318e-05
8.87308e-05
8.87297e-05
8.87285e-05
8.87272e-05
8.87259e-05
8.87244e-05
8.87229e-05
8.87214e-05
8.87197e-05
8.8718e-05
8.87163e-05
8.87144e-05
8.87126e-05
8.87106e-05
8.87087e-05
8.87067e-05
8.87046e-05
8.87026e-05
8.87005e-05
8.86984e-05
8.86963e-05
8.86942e-05
8.86921e-05
8.869e-05
8.86879e-05
8.86859e-05
8.86839e-05
8.8682e-05
8.86801e-05
8.86782e-05
8.86765e-05
8.86748e-05
8.86733e-05
8.86718e-05
8.86705e-05
8.86693e-05
8.86683e-05
8.86674e-05
8.86667e-05
8.86661e-05
8.86658e-05
8.86657e-05
8.86658e-05
8.86661e-05
8.86666e-05
8.86675e-05
8.86686e-05
8.86699e-05
8.86716e-05
8.86735e-05
8.86757e-05
8.86783e-05
8.86812e-05
8.86844e-05
8.86879e-05
8.86917e-05
8.86959e-05
8.87004e-05
8.87052e-05
8.87103e-05
8.87157e-05
8.87214e-05
8.87273e-05
8.87334e-05
8.87395e-05
8.87451e-05
8.87496e-05
8.87511e-05
8.87462e-05
8.87283e-05
8.8685e-05
8.85945e-05
8.84204e-05
8.81045e-05
8.75605e-05
8.66677e-05
8.52697e-05
8.31784e-05
8.01808e-05
7.60365e-05
7.04476e-05
6.30188e-05
5.3677e-05
4.51514e-05
4.08784e-05
3.94682e-05
3.91976e-05
3.92886e-05
3.94042e-05
3.94096e-05
3.93003e-05
3.91977e-05
3.94122e-05
4.06544e-05
4.45282e-05
5.26858e-05
6.2147e-05
6.97945e-05
7.55574e-05
7.98346e-05
8.29337e-05
8.5101e-05
8.65537e-05
8.74838e-05
8.80518e-05
8.83822e-05
8.85646e-05
8.86593e-05
8.87044e-05
8.87228e-05
8.87274e-05
8.87252e-05
8.87199e-05
8.87133e-05
8.87063e-05
8.86992e-05
8.86923e-05
8.86857e-05
8.86794e-05
8.86734e-05
8.86677e-05
8.86623e-05
8.86573e-05
8.86526e-05
8.86482e-05
8.86442e-05
8.86405e-05
8.86372e-05
8.86342e-05
8.86314e-05
8.8629e-05
8.86269e-05
8.86251e-05
8.86235e-05
8.86223e-05
8.86213e-05
8.86205e-05
8.86199e-05
8.86196e-05
8.86195e-05
8.86196e-05
8.86199e-05
8.86203e-05
8.86209e-05
8.86216e-05
8.86225e-05
8.86235e-05
8.86246e-05
8.86258e-05
8.86272e-05
8.86285e-05
8.863e-05
8.86315e-05
8.86331e-05
8.86347e-05
8.86364e-05
8.8638e-05
8.86397e-05
8.86415e-05
8.86432e-05
8.86449e-05
8.86466e-05
8.86483e-05
8.86499e-05
8.86516e-05
8.86532e-05
8.86548e-05
8.86563e-05
8.86578e-05
8.86593e-05
8.86607e-05
8.8662e-05
8.86633e-05
8.86645e-05
8.86657e-05
8.86668e-05
8.86678e-05
8.86688e-05
8.86696e-05
8.86704e-05
8.86712e-05
8.86718e-05
8.86724e-05
8.86729e-05
8.86733e-05
8.86736e-05
8.86739e-05
8.8674e-05
8.86741e-05
8.99605e-05
8.99604e-05
8.99602e-05
8.99599e-05
8.99594e-05
8.99589e-05
8.99582e-05
8.99574e-05
8.99565e-05
8.99555e-05
8.99545e-05
8.99533e-05
8.9952e-05
8.99506e-05
8.99491e-05
8.99475e-05
8.99458e-05
8.99441e-05
8.99422e-05
8.99403e-05
8.99383e-05
8.99362e-05
8.99341e-05
8.99319e-05
8.99296e-05
8.99273e-05
8.99249e-05
8.99225e-05
8.99201e-05
8.99176e-05
8.99152e-05
8.99127e-05
8.99101e-05
8.99076e-05
8.99052e-05
8.99027e-05
8.99002e-05
8.98978e-05
8.98955e-05
8.98932e-05
8.9891e-05
8.98889e-05
8.98868e-05
8.98849e-05
8.98831e-05
8.98814e-05
8.98799e-05
8.98785e-05
8.98774e-05
8.98764e-05
8.98756e-05
8.9875e-05
8.98746e-05
8.98746e-05
8.98747e-05
8.98751e-05
8.98759e-05
8.98769e-05
8.98782e-05
8.98798e-05
8.98818e-05
8.98841e-05
8.98868e-05
8.98898e-05
8.98932e-05
8.98969e-05
8.9901e-05
8.99055e-05
8.99103e-05
8.99155e-05
8.9921e-05
8.99269e-05
8.99331e-05
8.99395e-05
8.99462e-05
8.99529e-05
8.99592e-05
8.99643e-05
8.99663e-05
8.99618e-05
8.99438e-05
8.98996e-05
8.98064e-05
8.96264e-05
8.92999e-05
8.87375e-05
8.78153e-05
8.6374e-05
8.4224e-05
8.11542e-05
7.69308e-05
7.12651e-05
6.37633e-05
5.42825e-05
4.54431e-05
4.09545e-05
3.94702e-05
3.91764e-05
3.92603e-05
3.93739e-05
3.93794e-05
3.92718e-05
3.91754e-05
3.94102e-05
4.0717e-05
4.47842e-05
5.32591e-05
6.28782e-05
7.0602e-05
7.64421e-05
8.0799e-05
8.39715e-05
8.61988e-05
8.7696e-05
8.86564e-05
8.92434e-05
8.95849e-05
8.97732e-05
8.98706e-05
8.99166e-05
8.99349e-05
8.9939e-05
8.99361e-05
8.993e-05
8.99226e-05
8.99148e-05
8.9907e-05
8.98994e-05
8.98922e-05
8.98852e-05
8.98786e-05
8.98724e-05
8.98665e-05
8.98611e-05
8.9856e-05
8.98513e-05
8.98469e-05
8.9843e-05
8.98394e-05
8.98361e-05
8.98332e-05
8.98307e-05
8.98285e-05
8.98266e-05
8.98251e-05
8.98238e-05
8.98228e-05
8.98221e-05
8.98217e-05
8.98215e-05
8.98216e-05
8.98218e-05
8.98223e-05
8.98229e-05
8.98238e-05
8.98248e-05
8.98259e-05
8.98272e-05
8.98286e-05
8.98301e-05
8.98318e-05
8.98335e-05
8.98353e-05
8.98371e-05
8.9839e-05
8.9841e-05
8.9843e-05
8.9845e-05
8.9847e-05
8.9849e-05
8.98511e-05
8.98531e-05
8.98552e-05
8.98572e-05
8.98592e-05
8.98611e-05
8.9863e-05
8.98649e-05
8.98667e-05
8.98685e-05
8.98702e-05
8.98718e-05
8.98734e-05
8.98749e-05
8.98764e-05
8.98777e-05
8.9879e-05
8.98802e-05
8.98813e-05
8.98824e-05
8.98833e-05
8.98842e-05
8.98849e-05
8.98856e-05
8.98862e-05
8.98867e-05
8.98871e-05
8.98874e-05
8.98875e-05
8.98876e-05
9.13556e-05
9.13554e-05
9.13552e-05
9.13548e-05
9.13543e-05
9.13537e-05
9.13529e-05
9.13521e-05
9.13511e-05
9.13499e-05
9.13487e-05
9.13474e-05
9.13459e-05
9.13443e-05
9.13426e-05
9.13409e-05
9.1339e-05
9.1337e-05
9.13349e-05
9.13327e-05
9.13304e-05
9.13281e-05
9.13256e-05
9.13231e-05
9.13206e-05
9.13179e-05
9.13152e-05
9.13125e-05
9.13097e-05
9.13069e-05
9.1304e-05
9.13012e-05
9.12983e-05
9.12954e-05
9.12925e-05
9.12897e-05
9.12868e-05
9.1284e-05
9.12813e-05
9.12786e-05
9.1276e-05
9.12735e-05
9.1271e-05
9.12687e-05
9.12665e-05
9.12645e-05
9.12626e-05
9.12609e-05
9.12594e-05
9.1258e-05
9.12569e-05
9.1256e-05
9.12554e-05
9.1255e-05
9.12549e-05
9.12551e-05
9.12556e-05
9.12564e-05
9.12575e-05
9.1259e-05
9.12609e-05
9.12631e-05
9.12657e-05
9.12686e-05
9.1272e-05
9.12757e-05
9.12798e-05
9.12843e-05
9.12892e-05
9.12945e-05
9.13002e-05
9.13062e-05
9.13126e-05
9.13193e-05
9.13263e-05
9.13332e-05
9.13398e-05
9.13452e-05
9.13475e-05
9.1343e-05
9.13246e-05
9.12789e-05
9.11826e-05
9.09964e-05
9.06584e-05
9.00765e-05
8.91232e-05
8.76357e-05
8.54231e-05
8.22761e-05
7.79678e-05
7.22207e-05
6.46442e-05
5.50203e-05
4.58144e-05
4.1057e-05
3.94793e-05
3.91558e-05
3.92302e-05
3.93411e-05
3.93465e-05
3.92414e-05
3.91534e-05
3.94143e-05
4.08027e-05
4.51121e-05
5.39623e-05
6.37465e-05
7.15478e-05
7.74695e-05
8.19119e-05
8.51628e-05
8.74543e-05
8.89989e-05
8.99914e-05
9.05986e-05
9.09519e-05
9.11466e-05
9.12471e-05
9.12945e-05
9.13131e-05
9.13171e-05
9.13138e-05
9.13073e-05
9.12994e-05
9.12912e-05
9.1283e-05
9.12751e-05
9.12675e-05
9.12602e-05
9.12534e-05
9.12469e-05
9.12409e-05
9.12352e-05
9.123e-05
9.12251e-05
9.12207e-05
9.12167e-05
9.12131e-05
9.12098e-05
9.1207e-05
9.12045e-05
9.12024e-05
9.12006e-05
9.11991e-05
9.1198e-05
9.11972e-05
9.11967e-05
9.11965e-05
9.11965e-05
9.11968e-05
9.11973e-05
9.1198e-05
9.1199e-05
9.12001e-05
9.12014e-05
9.12028e-05
9.12044e-05
9.12062e-05
9.1208e-05
9.121e-05
9.1212e-05
9.12141e-05
9.12163e-05
9.12186e-05
9.12208e-05
9.12232e-05
9.12255e-05
9.12279e-05
9.12302e-05
9.12326e-05
9.1235e-05
9.12373e-05
9.12396e-05
9.12419e-05
9.12441e-05
9.12463e-05
9.12484e-05
9.12505e-05
9.12525e-05
9.12545e-05
9.12563e-05
9.12581e-05
9.12599e-05
9.12615e-05
9.12631e-05
9.12645e-05
9.12659e-05
9.12672e-05
9.12683e-05
9.12694e-05
9.12704e-05
9.12712e-05
9.1272e-05
9.12727e-05
9.12732e-05
9.12737e-05
9.1274e-05
9.12742e-05
9.12743e-05
9.28797e-05
9.28796e-05
9.28793e-05
9.28789e-05
9.28784e-05
9.28777e-05
9.28769e-05
9.28759e-05
9.28749e-05
9.28736e-05
9.28723e-05
9.28708e-05
9.28692e-05
9.28675e-05
9.28657e-05
9.28637e-05
9.28617e-05
9.28595e-05
9.28572e-05
9.28548e-05
9.28524e-05
9.28498e-05
9.28471e-05
9.28444e-05
9.28416e-05
9.28387e-05
9.28357e-05
9.28327e-05
9.28296e-05
9.28265e-05
9.28234e-05
9.28202e-05
9.2817e-05
9.28138e-05
9.28106e-05
9.28074e-05
9.28042e-05
9.28011e-05
9.2798e-05
9.27949e-05
9.2792e-05
9.27891e-05
9.27863e-05
9.27836e-05
9.27811e-05
9.27787e-05
9.27764e-05
9.27743e-05
9.27724e-05
9.27707e-05
9.27693e-05
9.2768e-05
9.2767e-05
9.27663e-05
9.27659e-05
9.27657e-05
9.27659e-05
9.27664e-05
9.27672e-05
9.27684e-05
9.277e-05
9.27719e-05
9.27742e-05
9.27769e-05
9.278e-05
9.27835e-05
9.27874e-05
9.27917e-05
9.27965e-05
9.28016e-05
9.28071e-05
9.2813e-05
9.28192e-05
9.28258e-05
9.28327e-05
9.28396e-05
9.28461e-05
9.28514e-05
9.28535e-05
9.28486e-05
9.28293e-05
9.27819e-05
9.26822e-05
9.24895e-05
9.21398e-05
9.1538e-05
9.05532e-05
8.90191e-05
8.67428e-05
8.35173e-05
7.91232e-05
7.32954e-05
6.56494e-05
5.58911e-05
4.62758e-05
4.11903e-05
3.94969e-05
3.91362e-05
3.91984e-05
3.93056e-05
3.9311e-05
3.92092e-05
3.91322e-05
3.94256e-05
4.09153e-05
4.55217e-05
5.4798e-05
6.47405e-05
7.26136e-05
7.86159e-05
8.31446e-05
8.64753e-05
8.88319e-05
9.04245e-05
9.14496e-05
9.20773e-05
9.24427e-05
9.26441e-05
9.27482e-05
9.27972e-05
9.28166e-05
9.28209e-05
9.28177e-05
9.28112e-05
9.28034e-05
9.27951e-05
9.27869e-05
9.2779e-05
9.27714e-05
9.27642e-05
9.27574e-05
9.2751e-05
9.27451e-05
9.27395e-05
9.27344e-05
9.27297e-05
9.27255e-05
9.27216e-05
9.27182e-05
9.27151e-05
9.27125e-05
9.27102e-05
9.27083e-05
9.27068e-05
9.27056e-05
9.27048e-05
9.27042e-05
9.2704e-05
9.2704e-05
9.27044e-05
9.27049e-05
9.27058e-05
9.27068e-05
9.2708e-05
9.27095e-05
9.27111e-05
9.27129e-05
9.27148e-05
9.27168e-05
9.2719e-05
9.27212e-05
9.27236e-05
9.2726e-05
9.27285e-05
9.27311e-05
9.27336e-05
9.27363e-05
9.27389e-05
9.27415e-05
9.27442e-05
9.27468e-05
9.27494e-05
9.2752e-05
9.27546e-05
9.27571e-05
9.27596e-05
9.2762e-05
9.27643e-05
9.27666e-05
9.27688e-05
9.2771e-05
9.2773e-05
9.2775e-05
9.27769e-05
9.27787e-05
9.27804e-05
9.2782e-05
9.27835e-05
9.27849e-05
9.27862e-05
9.27873e-05
9.27884e-05
9.27894e-05
9.27902e-05
9.27909e-05
9.27915e-05
9.2792e-05
9.27923e-05
9.27926e-05
9.27927e-05
9.44756e-05
9.44755e-05
9.44752e-05
9.44747e-05
9.44742e-05
9.44735e-05
9.44726e-05
9.44716e-05
9.44705e-05
9.44692e-05
9.44678e-05
9.44663e-05
9.44646e-05
9.44628e-05
9.44609e-05
9.44589e-05
9.44567e-05
9.44544e-05
9.4452e-05
9.44495e-05
9.44469e-05
9.44442e-05
9.44414e-05
9.44385e-05
9.44355e-05
9.44325e-05
9.44293e-05
9.44261e-05
9.44229e-05
9.44196e-05
9.44162e-05
9.44129e-05
9.44094e-05
9.4406e-05
9.44026e-05
9.43992e-05
9.43957e-05
9.43924e-05
9.4389e-05
9.43857e-05
9.43825e-05
9.43793e-05
9.43762e-05
9.43732e-05
9.43704e-05
9.43677e-05
9.43651e-05
9.43627e-05
9.43605e-05
9.43584e-05
9.43566e-05
9.4355e-05
9.43537e-05
9.43526e-05
9.43518e-05
9.43512e-05
9.4351e-05
9.43511e-05
9.43516e-05
9.43524e-05
9.43535e-05
9.4355e-05
9.43569e-05
9.43592e-05
9.43619e-05
9.43649e-05
9.43684e-05
9.43723e-05
9.43766e-05
9.43812e-05
9.43863e-05
9.43918e-05
9.43976e-05
9.44038e-05
9.44102e-05
9.44166e-05
9.44227e-05
9.44275e-05
9.4429e-05
9.44234e-05
9.44029e-05
9.43534e-05
9.425e-05
9.40507e-05
9.36896e-05
9.30687e-05
9.20536e-05
9.04746e-05
8.8137e-05
8.48361e-05
8.03605e-05
7.44586e-05
6.67551e-05
5.68852e-05
4.68355e-05
4.13589e-05
3.95247e-05
3.91185e-05
3.91652e-05
3.92676e-05
3.92728e-05
3.91754e-05
3.91122e-05
3.94458e-05
4.10586e-05
4.60212e-05
5.57589e-05
6.58375e-05
7.37694e-05
7.98453e-05
8.44559e-05
8.78632e-05
9.02825e-05
9.19214e-05
9.29778e-05
9.36254e-05
9.40026e-05
9.42108e-05
9.43187e-05
9.43698e-05
9.43904e-05
9.43954e-05
9.43928e-05
9.43867e-05
9.43793e-05
9.43714e-05
9.43636e-05
9.43561e-05
9.43489e-05
9.43421e-05
9.43357e-05
9.43297e-05
9.43241e-05
9.4319e-05
9.43143e-05
9.431e-05
9.43061e-05
9.43026e-05
9.42995e-05
9.42969e-05
9.42946e-05
9.42927e-05
9.42912e-05
9.429e-05
9.42892e-05
9.42887e-05
9.42885e-05
9.42886e-05
9.4289e-05
9.42896e-05
9.42905e-05
9.42917e-05
9.4293e-05
9.42946e-05
9.42963e-05
9.42982e-05
9.43002e-05
9.43024e-05
9.43048e-05
9.43072e-05
9.43097e-05
9.43123e-05
9.4315e-05
9.43177e-05
9.43205e-05
9.43233e-05
9.43261e-05
9.4329e-05
9.43318e-05
9.43347e-05
9.43375e-05
9.43403e-05
9.43431e-05
9.43458e-05
9.43485e-05
9.43511e-05
9.43536e-05
9.43561e-05
9.43586e-05
9.43609e-05
9.43632e-05
9.43654e-05
9.43674e-05
9.43694e-05
9.43713e-05
9.43731e-05
9.43748e-05
9.43764e-05
9.43778e-05
9.43792e-05
9.43804e-05
9.43815e-05
9.43825e-05
9.43834e-05
9.43841e-05
9.43848e-05
9.43853e-05
9.43857e-05
9.43859e-05
9.4386e-05
9.60762e-05
9.6076e-05
9.60757e-05
9.60753e-05
9.60747e-05
9.6074e-05
9.60732e-05
9.60722e-05
9.6071e-05
9.60698e-05
9.60684e-05
9.60668e-05
9.60651e-05
9.60633e-05
9.60614e-05
9.60593e-05
9.60572e-05
9.60549e-05
9.60525e-05
9.60499e-05
9.60473e-05
9.60446e-05
9.60417e-05
9.60388e-05
9.60358e-05
9.60327e-05
9.60295e-05
9.60263e-05
9.6023e-05
9.60196e-05
9.60162e-05
9.60127e-05
9.60092e-05
9.60057e-05
9.60022e-05
9.59986e-05
9.59951e-05
9.59916e-05
9.59881e-05
9.59847e-05
9.59813e-05
9.59779e-05
9.59747e-05
9.59715e-05
9.59685e-05
9.59655e-05
9.59627e-05
9.59601e-05
9.59576e-05
9.59553e-05
9.59532e-05
9.59513e-05
9.59496e-05
9.59482e-05
9.5947e-05
9.59461e-05
9.59455e-05
9.59452e-05
9.59452e-05
9.59455e-05
9.59462e-05
9.59472e-05
9.59486e-05
9.59503e-05
9.59524e-05
9.59549e-05
9.59578e-05
9.59611e-05
9.59647e-05
9.59687e-05
9.59732e-05
9.59779e-05
9.59831e-05
9.59885e-05
9.59942e-05
9.59999e-05
9.60052e-05
9.60092e-05
9.60098e-05
9.6003e-05
9.59811e-05
9.59293e-05
9.58221e-05
9.56166e-05
9.52449e-05
9.46066e-05
9.3564e-05
9.19442e-05
8.95511e-05
8.61822e-05
8.16344e-05
7.56703e-05
6.79274e-05
5.79805e-05
4.74977e-05
4.15669e-05
3.95643e-05
3.91033e-05
3.91311e-05
3.92273e-05
3.92324e-05
3.91405e-05
3.90942e-05
3.94761e-05
4.12364e-05
4.66156e-05
5.68257e-05
6.70041e-05
7.49757e-05
8.11128e-05
8.57959e-05
8.92722e-05
9.17484e-05
9.34293e-05
9.45142e-05
9.51799e-05
9.55682e-05
9.57829e-05
9.58947e-05
9.59482e-05
9.59704e-05
9.59765e-05
9.59748e-05
9.59696e-05
9.59629e-05
9.59558e-05
9.59487e-05
9.59419e-05
9.59354e-05
9.59293e-05
9.59236e-05
9.59183e-05
9.59133e-05
9.59088e-05
9.59047e-05
9.5901e-05
9.58977e-05
9.58948e-05
9.58922e-05
9.58901e-05
9.58883e-05
9.58868e-05
9.58858e-05
9.5885e-05
9.58846e-05
9.58845e-05
9.58847e-05
9.58851e-05
9.58858e-05
9.58868e-05
9.5888e-05
9.58894e-05
9.58911e-05
9.58929e-05
9.58948e-05
9.5897e-05
9.58992e-05
9.59016e-05
9.59041e-05
9.59068e-05
9.59094e-05
9.59122e-05
9.5915e-05
9.59179e-05
9.59208e-05
9.59237e-05
9.59267e-05
9.59296e-05
9.59326e-05
9.59355e-05
9.59384e-05
9.59413e-05
9.59441e-05
9.59469e-05
9.59496e-05
9.59523e-05
9.59549e-05
9.59575e-05
9.59599e-05
9.59623e-05
9.59646e-05
9.59668e-05
9.5969e-05
9.5971e-05
9.59729e-05
9.59747e-05
9.59764e-05
9.5978e-05
9.59795e-05
9.59808e-05
9.59821e-05
9.59832e-05
9.59842e-05
9.59851e-05
9.59858e-05
9.59865e-05
9.5987e-05
9.59874e-05
9.59876e-05
9.59877e-05
9.76127e-05
9.76126e-05
9.76123e-05
9.76119e-05
9.76113e-05
9.76106e-05
9.76098e-05
9.76088e-05
9.76078e-05
9.76065e-05
9.76052e-05
9.76037e-05
9.76021e-05
9.76003e-05
9.75985e-05
9.75965e-05
9.75944e-05
9.75922e-05
9.75898e-05
9.75874e-05
9.75848e-05
9.75822e-05
9.75794e-05
9.75766e-05
9.75737e-05
9.75707e-05
9.75676e-05
9.75644e-05
9.75612e-05
9.75579e-05
9.75545e-05
9.75511e-05
9.75477e-05
9.75443e-05
9.75408e-05
9.75373e-05
9.75338e-05
9.75303e-05
9.75268e-05
9.75234e-05
9.752e-05
9.75166e-05
9.75133e-05
9.75101e-05
9.7507e-05
9.7504e-05
9.75011e-05
9.74983e-05
9.74956e-05
9.74932e-05
9.74909e-05
9.74887e-05
9.74868e-05
9.74851e-05
9.74837e-05
9.74824e-05
9.74815e-05
9.74808e-05
9.74804e-05
9.74802e-05
9.74804e-05
9.74809e-05
9.74818e-05
9.74829e-05
9.74844e-05
9.74863e-05
9.74885e-05
9.7491e-05
9.74939e-05
9.74972e-05
9.75007e-05
9.75047e-05
9.75089e-05
9.75135e-05
9.75182e-05
9.7523e-05
9.75273e-05
9.75302e-05
9.75297e-05
9.75216e-05
9.74979e-05
9.74438e-05
9.73331e-05
9.71219e-05
9.6741e-05
9.60878e-05
9.50219e-05
9.33677e-05
9.09279e-05
8.75022e-05
8.28957e-05
7.68857e-05
6.91253e-05
5.91441e-05
4.82596e-05
4.18175e-05
3.96172e-05
3.90915e-05
3.90966e-05
3.91854e-05
3.91903e-05
3.91051e-05
3.90791e-05
3.9518e-05
4.14513e-05
4.7304e-05
5.79671e-05
6.81994e-05
7.61876e-05
8.23693e-05
8.71111e-05
9.06452e-05
9.31694e-05
9.48858e-05
9.5995e-05
9.66763e-05
9.70742e-05
9.72949e-05
9.74104e-05
9.74664e-05
9.74904e-05
9.74979e-05
9.74975e-05
9.74934e-05
9.74878e-05
9.74817e-05
9.74757e-05
9.74698e-05
9.74643e-05
9.74591e-05
9.74542e-05
9.74497e-05
9.74456e-05
9.74419e-05
9.74385e-05
9.74355e-05
9.74329e-05
9.74306e-05
9.74286e-05
9.74271e-05
9.74258e-05
9.74249e-05
9.74243e-05
9.7424e-05
9.7424e-05
9.74242e-05
9.74248e-05
9.74255e-05
9.74266e-05
9.74278e-05
9.74292e-05
9.74309e-05
9.74327e-05
9.74347e-05
9.74368e-05
9.74391e-05
9.74415e-05
9.7444e-05
9.74466e-05
9.74492e-05
9.7452e-05
9.74548e-05
9.74576e-05
9.74605e-05
9.74634e-05
9.74664e-05
9.74693e-05
9.74722e-05
9.74751e-05
9.7478e-05
9.74809e-05
9.74837e-05
9.74865e-05
9.74893e-05
9.74919e-05
9.74946e-05
9.74971e-05
9.74996e-05
9.7502e-05
9.75043e-05
9.75066e-05
9.75087e-05
9.75108e-05
9.75127e-05
9.75146e-05
9.75164e-05
9.7518e-05
9.75195e-05
9.7521e-05
9.75223e-05
9.75235e-05
9.75246e-05
9.75256e-05
9.75264e-05
9.75271e-05
9.75278e-05
9.75283e-05
9.75286e-05
9.75289e-05
9.7529e-05
9.90231e-05
9.90229e-05
9.90227e-05
9.90223e-05
9.90218e-05
9.90212e-05
9.90204e-05
9.90195e-05
9.90185e-05
9.90174e-05
9.90161e-05
9.90147e-05
9.90133e-05
9.90116e-05
9.90099e-05
9.90081e-05
9.90061e-05
9.90041e-05
9.90019e-05
9.89997e-05
9.89973e-05
9.89948e-05
9.89923e-05
9.89896e-05
9.89869e-05
9.89841e-05
9.89812e-05
9.89783e-05
9.89752e-05
9.89722e-05
9.8969e-05
9.89658e-05
9.89626e-05
9.89593e-05
9.89561e-05
9.89528e-05
9.89494e-05
9.89461e-05
9.89428e-05
9.89395e-05
9.89363e-05
9.8933e-05
9.89298e-05
9.89267e-05
9.89237e-05
9.89207e-05
9.89178e-05
9.8915e-05
9.89124e-05
9.89099e-05
9.89075e-05
9.89053e-05
9.89032e-05
9.89014e-05
9.88997e-05
9.88982e-05
9.8897e-05
9.8896e-05
9.88952e-05
9.88947e-05
9.88945e-05
9.88945e-05
9.88948e-05
9.88954e-05
9.88963e-05
9.88975e-05
9.8899e-05
9.89008e-05
9.8903e-05
9.89054e-05
9.89081e-05
9.89111e-05
9.89145e-05
9.8918e-05
9.89217e-05
9.89254e-05
9.89286e-05
9.89303e-05
9.89285e-05
9.89189e-05
9.88935e-05
9.88372e-05
9.87234e-05
9.85075e-05
9.81191e-05
9.74542e-05
9.63701e-05
9.46894e-05
9.22138e-05
8.87453e-05
8.40968e-05
7.806e-05
7.03058e-05
6.0335e-05
4.91096e-05
4.21122e-05
3.96845e-05
3.90841e-05
3.90627e-05
3.91425e-05
3.91472e-05
3.90699e-05
3.90676e-05
3.95725e-05
4.17048e-05
4.80778e-05
5.91432e-05
6.93803e-05
7.73604e-05
8.35674e-05
8.83512e-05
9.19288e-05
9.44899e-05
9.62339e-05
9.7362e-05
9.80556e-05
9.84614e-05
9.86871e-05
9.8806e-05
9.88644e-05
9.88903e-05
9.88994e-05
9.89004e-05
9.88977e-05
9.88933e-05
9.88884e-05
9.88835e-05
9.88788e-05
9.88743e-05
9.88701e-05
9.88662e-05
9.88627e-05
9.88594e-05
9.88565e-05
9.8854e-05
9.88517e-05
9.88498e-05
9.88482e-05
9.88468e-05
9.88458e-05
9.88451e-05
9.88447e-05
9.88445e-05
9.88446e-05
9.8845e-05
9.88455e-05
9.88464e-05
9.88474e-05
9.88486e-05
9.885e-05
9.88517e-05
9.88534e-05
9.88553e-05
9.88574e-05
9.88596e-05
9.88618e-05
9.88642e-05
9.88667e-05
9.88693e-05
9.88719e-05
9.88746e-05
9.88773e-05
9.888e-05
9.88828e-05
9.88856e-05
9.88884e-05
9.88912e-05
9.8894e-05
9.88967e-05
9.88995e-05
9.89022e-05
9.89049e-05
9.89075e-05
9.89101e-05
9.89126e-05
9.8915e-05
9.89174e-05
9.89198e-05
9.8922e-05
9.89242e-05
9.89263e-05
9.89283e-05
9.89302e-05
9.8932e-05
9.89338e-05
9.89354e-05
9.89369e-05
9.89384e-05
9.89397e-05
9.89409e-05
9.8942e-05
9.8943e-05
9.89439e-05
9.89447e-05
9.89454e-05
9.8946e-05
9.89464e-05
9.89468e-05
9.8947e-05
9.89471e-05
0.000100259
0.000100259
0.000100259
0.000100259
0.000100258
0.000100258
0.000100257
0.000100256
0.000100255
0.000100254
0.000100253
0.000100252
0.000100251
0.000100249
0.000100248
0.000100246
0.000100244
0.000100243
0.000100241
0.000100239
0.000100237
0.000100234
0.000100232
0.00010023
0.000100227
0.000100225
0.000100222
0.00010022
0.000100217
0.000100214
0.000100211
0.000100208
0.000100206
0.000100203
0.0001002
0.000100197
0.000100194
0.000100191
0.000100188
0.000100185
0.000100182
0.000100179
0.000100176
0.000100173
0.00010017
0.000100167
0.000100164
0.000100162
0.000100159
0.000100157
0.000100155
0.000100152
0.00010015
0.000100148
0.000100147
0.000100145
0.000100144
0.000100142
0.000100141
0.000100141
0.00010014
0.00010014
0.00010014
0.00010014
0.00010014
0.000100141
0.000100142
0.000100143
0.000100144
0.000100146
0.000100148
0.00010015
0.000100152
0.000100155
0.000100157
0.00010016
0.000100162
0.000100163
0.00010016
0.000100149
0.000100122
0.000100063
9.99468e-05
9.97273e-05
9.93335e-05
9.86602e-05
9.75636e-05
9.58649e-05
9.33654e-05
8.98694e-05
8.51969e-05
7.91532e-05
7.14282e-05
6.15096e-05
5.00261e-05
4.24496e-05
3.97667e-05
3.90818e-05
3.90302e-05
3.90997e-05
3.9104e-05
3.90359e-05
3.90606e-05
3.96398e-05
4.19956e-05
4.89194e-05
6.03099e-05
7.05055e-05
7.84538e-05
8.46662e-05
8.94737e-05
9.30794e-05
9.56652e-05
9.74281e-05
9.85695e-05
9.92719e-05
9.96836e-05
9.99133e-05
0.000100035
0.000100096
0.000100123
0.000100134
0.000100136
0.000100135
0.000100132
0.000100128
0.000100125
0.000100121
0.000100118
0.000100114
0.000100111
0.000100109
0.000100106
0.000100104
0.000100103
0.000100101
0.0001001
0.000100099
0.000100098
0.000100098
0.000100097
0.000100097
0.000100097
0.000100098
0.000100098
0.000100099
0.0001001
0.000100102
0.000100103
0.000100104
0.000100106
0.000100108
0.00010011
0.000100112
0.000100114
0.000100116
0.000100118
0.000100121
0.000100123
0.000100125
0.000100128
0.00010013
0.000100133
0.000100136
0.000100138
0.000100141
0.000100143
0.000100146
0.000100148
0.000100151
0.000100153
0.000100156
0.000100158
0.00010016
0.000100163
0.000100165
0.000100167
0.000100169
0.000100171
0.000100173
0.000100175
0.000100177
0.000100178
0.00010018
0.000100182
0.000100183
0.000100184
0.000100186
0.000100187
0.000100188
0.000100189
0.00010019
0.000100191
0.000100191
0.000100192
0.000100192
0.000100193
0.000100193
0.000100193
0.000100193
0.000101294
0.000101294
0.000101293
0.000101293
0.000101293
0.000101292
0.000101292
0.000101291
0.00010129
0.000101289
0.000101288
0.000101287
0.000101286
0.000101285
0.000101284
0.000101282
0.000101281
0.000101279
0.000101278
0.000101276
0.000101274
0.000101272
0.00010127
0.000101268
0.000101266
0.000101264
0.000101262
0.00010126
0.000101257
0.000101255
0.000101253
0.00010125
0.000101248
0.000101245
0.000101242
0.00010124
0.000101237
0.000101235
0.000101232
0.000101229
0.000101227
0.000101224
0.000101221
0.000101219
0.000101216
0.000101214
0.000101211
0.000101209
0.000101207
0.000101204
0.000101202
0.0001012
0.000101198
0.000101196
0.000101195
0.000101193
0.000101192
0.00010119
0.000101189
0.000101188
0.000101188
0.000101187
0.000101186
0.000101186
0.000101186
0.000101186
0.000101187
0.000101187
0.000101188
0.000101189
0.00010119
0.000101192
0.000101193
0.000101195
0.000101197
0.000101198
0.000101199
0.000101199
0.000101194
0.000101182
0.000101154
0.000101094
0.000100975
0.000100753
0.000100356
9.96778e-05
9.8574e-05
9.68653e-05
9.43533e-05
9.08447e-05
8.61656e-05
8.01339e-05
7.24586e-05
6.26269e-05
5.0978e-05
4.28248e-05
3.98628e-05
3.90848e-05
3.89998e-05
3.90578e-05
3.90617e-05
3.90038e-05
3.90583e-05
3.97194e-05
4.23197e-05
4.98019e-05
6.14252e-05
7.15405e-05
7.94362e-05
8.56349e-05
9.04487e-05
9.40674e-05
9.66664e-05
9.84399e-05
9.9589e-05
0.000100297
0.000100712
0.000100945
0.000101069
0.000101131
0.000101161
0.000101173
0.000101177
0.000101176
0.000101175
0.000101172
0.000101169
0.000101167
0.000101164
0.000101162
0.00010116
0.000101158
0.000101157
0.000101156
0.000101154
0.000101153
0.000101153
0.000101152
0.000101152
0.000101152
0.000101152
0.000101152
0.000101153
0.000101153
0.000101154
0.000101155
0.000101156
0.000101157
0.000101159
0.00010116
0.000101162
0.000101164
0.000101165
0.000101167
0.000101169
0.000101171
0.000101173
0.000101175
0.000101178
0.00010118
0.000101182
0.000101184
0.000101186
0.000101189
0.000101191
0.000101193
0.000101195
0.000101198
0.0001012
0.000101202
0.000101204
0.000101206
0.000101208
0.00010121
0.000101212
0.000101214
0.000101216
0.000101218
0.00010122
0.000101221
0.000101223
0.000101224
0.000101226
0.000101227
0.000101228
0.00010123
0.000101231
0.000101232
0.000101233
0.000101234
0.000101235
0.000101236
0.000101236
0.000101237
0.000101237
0.000101238
0.000101238
0.000101238
0.000101239
0.000101239
0.000102118
0.000102118
0.000102118
0.000102118
0.000102118
0.000102117
0.000102117
0.000102116
0.000102116
0.000102115
0.000102114
0.000102113
0.000102112
0.000102111
0.00010211
0.000102109
0.000102108
0.000102107
0.000102105
0.000102104
0.000102103
0.000102101
0.000102099
0.000102098
0.000102096
0.000102094
0.000102092
0.000102091
0.000102089
0.000102087
0.000102085
0.000102083
0.000102081
0.000102078
0.000102076
0.000102074
0.000102072
0.00010207
0.000102068
0.000102065
0.000102063
0.000102061
0.000102059
0.000102056
0.000102054
0.000102052
0.00010205
0.000102048
0.000102046
0.000102044
0.000102042
0.00010204
0.000102038
0.000102037
0.000102035
0.000102034
0.000102032
0.000102031
0.00010203
0.000102029
0.000102028
0.000102027
0.000102027
0.000102026
0.000102026
0.000102026
0.000102025
0.000102026
0.000102026
0.000102026
0.000102027
0.000102028
0.000102029
0.00010203
0.000102031
0.000102031
0.000102032
0.00010203
0.000102025
0.000102012
0.000101982
0.000101921
0.000101801
0.000101578
0.000101178
0.000100498
9.93912e-05
9.76794e-05
9.51647e-05
9.16561e-05
8.69854e-05
8.09815e-05
7.3372e-05
6.36528e-05
5.19282e-05
4.32287e-05
3.9971e-05
3.9093e-05
3.89721e-05
3.90177e-05
3.90212e-05
3.89743e-05
3.90608e-05
3.98095e-05
4.26691e-05
5.06917e-05
6.24535e-05
7.24594e-05
8.02863e-05
8.64556e-05
9.12606e-05
9.48796e-05
9.74817e-05
9.92589e-05
0.000100411
0.000101122
0.000101539
0.000101774
0.000101899
0.000101963
0.000101994
0.000102007
0.000102012
0.000102013
0.000102012
0.000102011
0.000102009
0.000102007
0.000102006
0.000102004
0.000102003
0.000102002
0.000102001
0.000102
0.000102
0.000101999
0.000101999
0.000101999
0.000101999
0.000101999
0.000102
0.000102
0.000102001
0.000102001
0.000102002
0.000102003
0.000102004
0.000102006
0.000102007
0.000102008
0.00010201
0.000102011
0.000102013
0.000102015
0.000102016
0.000102018
0.00010202
0.000102022
0.000102024
0.000102025
0.000102027
0.000102029
0.000102031
0.000102033
0.000102035
0.000102037
0.000102039
0.000102041
0.000102042
0.000102044
0.000102046
0.000102048
0.000102049
0.000102051
0.000102053
0.000102054
0.000102056
0.000102057
0.000102059
0.00010206
0.000102061
0.000102063
0.000102064
0.000102065
0.000102066
0.000102067
0.000102068
0.000102069
0.00010207
0.00010207
0.000102071
0.000102072
0.000102072
0.000102073
0.000102073
0.000102074
0.000102074
0.000102074
0.000102074
0.000102074
0.000102745
0.000102745
0.000102745
0.000102745
0.000102744
0.000102744
0.000102744
0.000102743
0.000102743
0.000102742
0.000102742
0.000102741
0.00010274
0.00010274
0.000102739
0.000102738
0.000102737
0.000102736
0.000102735
0.000102734
0.000102733
0.000102731
0.00010273
0.000102729
0.000102727
0.000102726
0.000102725
0.000102723
0.000102722
0.00010272
0.000102718
0.000102717
0.000102715
0.000102713
0.000102712
0.00010271
0.000102708
0.000102706
0.000102705
0.000102703
0.000102701
0.000102699
0.000102697
0.000102696
0.000102694
0.000102692
0.00010269
0.000102689
0.000102687
0.000102685
0.000102684
0.000102682
0.00010268
0.000102679
0.000102678
0.000102676
0.000102675
0.000102674
0.000102673
0.000102672
0.000102671
0.00010267
0.000102669
0.000102669
0.000102668
0.000102668
0.000102667
0.000102667
0.000102667
0.000102667
0.000102667
0.000102668
0.000102668
0.000102669
0.000102669
0.000102669
0.000102669
0.000102666
0.00010266
0.000102646
0.000102616
0.000102554
0.000102433
0.000102209
0.000101809
0.000101128
0.000100022
9.83122e-05
9.58018e-05
9.23025e-05
8.76513e-05
8.16867e-05
7.41533e-05
6.45618e-05
5.28376e-05
4.36477e-05
4.00874e-05
3.91057e-05
3.89474e-05
3.89801e-05
3.89831e-05
3.89476e-05
3.90672e-05
3.99068e-05
4.30324e-05
5.15522e-05
6.33679e-05
7.32467e-05
8.09944e-05
8.71229e-05
9.1908e-05
9.55177e-05
9.81159e-05
9.98916e-05
0.000101044
0.000101755
0.000102174
0.000102409
0.000102536
0.000102601
0.000102632
0.000102647
0.000102652
0.000102654
0.000102654
0.000102654
0.000102653
0.000102652
0.000102651
0.00010265
0.000102649
0.000102649
0.000102648
0.000102648
0.000102648
0.000102648
0.000102648
0.000102648
0.000102648
0.000102648
0.000102649
0.00010265
0.00010265
0.000102651
0.000102652
0.000102653
0.000102654
0.000102655
0.000102656
0.000102657
0.000102659
0.00010266
0.000102661
0.000102663
0.000102664
0.000102666
0.000102667
0.000102669
0.00010267
0.000102672
0.000102673
0.000102675
0.000102676
0.000102678
0.00010268
0.000102681
0.000102683
0.000102684
0.000102686
0.000102687
0.000102688
0.00010269
0.000102691
0.000102693
0.000102694
0.000102695
0.000102696
0.000102697
0.000102699
0.0001027
0.000102701
0.000102702
0.000102703
0.000102704
0.000102704
0.000102705
0.000102706
0.000102707
0.000102707
0.000102708
0.000102709
0.000102709
0.00010271
0.00010271
0.00010271
0.00010271
0.000102711
0.000102711
0.000102711
0.000102711
0.000103198
0.000103198
0.000103198
0.000103198
0.000103198
0.000103198
0.000103197
0.000103197
0.000103197
0.000103196
0.000103196
0.000103195
0.000103195
0.000103194
0.000103193
0.000103193
0.000103192
0.000103191
0.000103191
0.00010319
0.000103189
0.000103188
0.000103187
0.000103186
0.000103185
0.000103184
0.000103183
0.000103181
0.00010318
0.000103179
0.000103178
0.000103177
0.000103175
0.000103174
0.000103173
0.000103171
0.00010317
0.000103169
0.000103167
0.000103166
0.000103164
0.000103163
0.000103161
0.00010316
0.000103159
0.000103157
0.000103156
0.000103154
0.000103153
0.000103152
0.00010315
0.000103149
0.000103148
0.000103146
0.000103145
0.000103144
0.000103143
0.000103142
0.000103141
0.00010314
0.000103139
0.000103138
0.000103138
0.000103137
0.000103136
0.000103136
0.000103135
0.000103135
0.000103135
0.000103135
0.000103135
0.000103135
0.000103135
0.000103135
0.000103135
0.000103134
0.000103133
0.000103131
0.000103124
0.00010311
0.000103079
0.000103016
0.000102895
0.00010267
0.000102271
0.000101591
0.000100487
9.87814e-05
9.62794e-05
9.27951e-05
8.81698e-05
8.22505e-05
7.47974e-05
6.53387e-05
5.36709e-05
4.40648e-05
4.02069e-05
3.91212e-05
3.89255e-05
3.89452e-05
3.89478e-05
3.89236e-05
3.90764e-05
4.00067e-05
4.33945e-05
5.23483e-05
6.41516e-05
7.38964e-05
8.15609e-05
8.76427e-05
9.24015e-05
9.59963e-05
9.85862e-05
0.000100358
0.000101508
0.000102218
0.000102637
0.000102873
0.000103
0.000103066
0.000103098
0.000103113
0.00010312
0.000103123
0.000103123
0.000103123
0.000103123
0.000103122
0.000103122
0.000103121
0.000103121
0.000103121
0.000103121
0.000103121
0.000103121
0.000103121
0.000103121
0.000103122
0.000103122
0.000103122
0.000103123
0.000103124
0.000103124
0.000103125
0.000103126
0.000103127
0.000103128
0.000103129
0.00010313
0.000103131
0.000103132
0.000103133
0.000103134
0.000103135
0.000103136
0.000103137
0.000103139
0.00010314
0.000103141
0.000103142
0.000103144
0.000103145
0.000103146
0.000103147
0.000103149
0.00010315
0.000103151
0.000103152
0.000103153
0.000103154
0.000103155
0.000103157
0.000103158
0.000103159
0.00010316
0.000103161
0.000103162
0.000103162
0.000103163
0.000103164
0.000103165
0.000103166
0.000103167
0.000103167
0.000103168
0.000103169
0.000103169
0.00010317
0.00010317
0.000103171
0.000103171
0.000103171
0.000103172
0.000103172
0.000103172
0.000103172
0.000103173
0.000103173
0.000103173
0.000103173
0.00010351
0.00010351
0.00010351
0.00010351
0.00010351
0.000103509
0.000103509
0.000103509
0.000103509
0.000103508
0.000103508
0.000103508
0.000103507
0.000103507
0.000103506
0.000103506
0.000103505
0.000103505
0.000103504
0.000103504
0.000103503
0.000103502
0.000103501
0.000103501
0.0001035
0.000103499
0.000103498
0.000103497
0.000103496
0.000103496
0.000103495
0.000103494
0.000103493
0.000103492
0.000103491
0.00010349
0.000103489
0.000103487
0.000103486
0.000103485
0.000103484
0.000103483
0.000103482
0.000103481
0.00010348
0.000103479
0.000103478
0.000103476
0.000103475
0.000103474
0.000103473
0.000103472
0.000103471
0.00010347
0.000103469
0.000103468
0.000103467
0.000103466
0.000103465
0.000103465
0.000103464
0.000103463
0.000103462
0.000103462
0.000103461
0.000103461
0.00010346
0.00010346
0.000103459
0.000103459
0.000103459
0.000103459
0.000103458
0.000103458
0.000103458
0.000103457
0.000103456
0.000103453
0.000103446
0.000103431
0.0001034
0.000103337
0.000103216
0.000102991
0.000102592
0.000101913
0.000100812
9.91124e-05
9.66204e-05
9.31529e-05
8.85553e-05
8.26823e-05
7.53073e-05
6.59773e-05
5.44004e-05
4.4461e-05
4.0323e-05
3.91374e-05
3.89059e-05
3.89132e-05
3.89153e-05
3.89019e-05
3.90863e-05
4.01035e-05
4.37387e-05
5.3051e-05
6.47971e-05
7.44111e-05
8.19947e-05
8.8029e-05
9.27597e-05
9.63377e-05
9.8918e-05
0.000100684
0.000101832
0.000102541
0.00010296
0.000103196
0.000103323
0.00010339
0.000103422
0.000103438
0.000103445
0.000103448
0.000103449
0.000103449
0.000103449
0.000103449
0.000103449
0.000103449
0.000103449
0.000103449
0.000103449
0.000103449
0.00010345
0.00010345
0.00010345
0.000103451
0.000103451
0.000103452
0.000103452
0.000103453
0.000103453
0.000103454
0.000103455
0.000103455
0.000103456
0.000103457
0.000103458
0.000103459
0.00010346
0.000103461
0.000103461
0.000103462
0.000103463
0.000103464
0.000103465
0.000103466
0.000103467
0.000103468
0.000103469
0.00010347
0.000103471
0.000103472
0.000103473
0.000103474
0.000103475
0.000103476
0.000103477
0.000103477
0.000103478
0.000103479
0.00010348
0.000103481
0.000103481
0.000103482
0.000103483
0.000103484
0.000103484
0.000103485
0.000103485
0.000103486
0.000103487
0.000103487
0.000103488
0.000103488
0.000103489
0.000103489
0.000103489
0.00010349
0.00010349
0.00010349
0.000103491
0.000103491
0.000103491
0.000103491
0.000103491
0.000103491
0.000103491
0.000103491
0.000103713
0.000103713
0.000103713
0.000103713
0.000103713
0.000103713
0.000103712
0.000103712
0.000103712
0.000103712
0.000103712
0.000103711
0.000103711
0.000103711
0.00010371
0.00010371
0.000103709
0.000103709
0.000103709
0.000103708
0.000103708
0.000103707
0.000103707
0.000103706
0.000103705
0.000103705
0.000103704
0.000103704
0.000103703
0.000103702
0.000103701
0.000103701
0.0001037
0.000103699
0.000103698
0.000103698
0.000103697
0.000103696
0.000103695
0.000103694
0.000103694
0.000103693
0.000103692
0.000103691
0.00010369
0.000103689
0.000103688
0.000103688
0.000103687
0.000103686
0.000103685
0.000103684
0.000103683
0.000103683
0.000103682
0.000103681
0.00010368
0.000103679
0.000103679
0.000103678
0.000103677
0.000103677
0.000103676
0.000103675
0.000103675
0.000103674
0.000103674
0.000103673
0.000103673
0.000103673
0.000103672
0.000103672
0.000103672
0.000103671
0.000103671
0.00010367
0.000103669
0.000103665
0.000103658
0.000103643
0.000103612
0.000103548
0.000103427
0.000103202
0.000102804
0.000102126
0.000101028
9.93335e-05
9.68508e-05
9.33991e-05
8.88276e-05
8.29971e-05
7.56931e-05
6.64799e-05
5.50086e-05
4.48176e-05
4.0429e-05
3.91518e-05
3.88876e-05
3.88837e-05
3.88853e-05
3.88817e-05
3.90948e-05
4.01912e-05
4.40483e-05
5.36403e-05
6.53053e-05
7.47999e-05
8.23103e-05
8.83011e-05
9.30056e-05
9.6568e-05
9.91392e-05
0.0001009
0.000102046
0.000102754
0.000103172
0.000103409
0.000103536
0.000103603
0.000103636
0.000103652
0.000103659
0.000103663
0.000103664
0.000103665
0.000103665
0.000103665
0.000103665
0.000103665
0.000103665
0.000103666
0.000103666
0.000103666
0.000103666
0.000103667
0.000103667
0.000103667
0.000103668
0.000103668
0.000103669
0.000103669
0.00010367
0.000103671
0.000103671
0.000103672
0.000103672
0.000103673
0.000103674
0.000103675
0.000103675
0.000103676
0.000103677
0.000103677
0.000103678
0.000103679
0.00010368
0.00010368
0.000103681
0.000103682
0.000103683
0.000103683
0.000103684
0.000103685
0.000103686
0.000103686
0.000103687
0.000103688
0.000103688
0.000103689
0.00010369
0.00010369
0.000103691
0.000103691
0.000103692
0.000103693
0.000103693
0.000103694
0.000103694
0.000103695
0.000103695
0.000103695
0.000103696
0.000103696
0.000103697
0.000103697
0.000103697
0.000103698
0.000103698
0.000103698
0.000103698
0.000103699
0.000103699
0.000103699
0.000103699
0.000103699
0.000103699
0.000103699
0.000103699
0.000103699
0.000103837
0.000103837
0.000103837
0.000103837
0.000103837
0.000103837
0.000103837
0.000103837
0.000103836
0.000103836
0.000103836
0.000103836
0.000103836
0.000103835
0.000103835
0.000103835
0.000103835
0.000103834
0.000103834
0.000103834
0.000103833
0.000103833
0.000103832
0.000103832
0.000103831
0.000103831
0.000103831
0.00010383
0.00010383
0.000103829
0.000103828
0.000103828
0.000103827
0.000103827
0.000103826
0.000103826
0.000103825
0.000103824
0.000103824
0.000103823
0.000103822
0.000103822
0.000103821
0.00010382
0.00010382
0.000103819
0.000103818
0.000103818
0.000103817
0.000103816
0.000103816
0.000103815
0.000103814
0.000103814
0.000103813
0.000103812
0.000103812
0.000103811
0.000103811
0.00010381
0.000103809
0.000103809
0.000103808
0.000103808
0.000103807
0.000103807
0.000103806
0.000103806
0.000103805
0.000103805
0.000103805
0.000103804
0.000103804
0.000103804
0.000103803
0.000103802
0.000103801
0.000103797
0.00010379
0.000103775
0.000103743
0.00010368
0.000103558
0.000103334
0.000102935
0.000102259
0.000101163
9.9472e-05
9.69967e-05
9.35579e-05
8.90079e-05
8.32131e-05
7.59689e-05
6.68553e-05
5.54885e-05
4.51192e-05
4.05183e-05
3.91619e-05
3.88696e-05
3.88562e-05
3.88574e-05
3.88621e-05
3.90996e-05
4.0264e-05
4.43089e-05
5.41062e-05
6.56839e-05
7.50766e-05
8.25256e-05
8.84801e-05
9.31631e-05
9.67129e-05
9.92772e-05
0.000101035
0.000102179
0.000102886
0.000103305
0.000103541
0.000103669
0.000103736
0.000103769
0.000103785
0.000103793
0.000103796
0.000103798
0.000103798
0.000103799
0.000103799
0.000103799
0.000103799
0.0001038
0.0001038
0.0001038
0.000103801
0.000103801
0.000103801
0.000103802
0.000103802
0.000103802
0.000103803
0.000103803
0.000103804
0.000103804
0.000103805
0.000103805
0.000103806
0.000103806
0.000103807
0.000103808
0.000103808
0.000103809
0.000103809
0.00010381
0.00010381
0.000103811
0.000103812
0.000103812
0.000103813
0.000103813
0.000103814
0.000103815
0.000103815
0.000103816
0.000103816
0.000103817
0.000103817
0.000103818
0.000103818
0.000103819
0.000103819
0.00010382
0.00010382
0.000103821
0.000103821
0.000103822
0.000103822
0.000103822
0.000103823
0.000103823
0.000103824
0.000103824
0.000103824
0.000103825
0.000103825
0.000103825
0.000103825
0.000103826
0.000103826
0.000103826
0.000103826
0.000103826
0.000103827
0.000103827
0.000103827
0.000103827
0.000103827
0.000103827
0.000103827
0.000103827
0.000103827
0.000103907
0.000103907
0.000103907
0.000103907
0.000103907
0.000103907
0.000103907
0.000103907
0.000103907
0.000103906
0.000103906
0.000103906
0.000103906
0.000103906
0.000103906
0.000103905
0.000103905
0.000103905
0.000103905
0.000103904
0.000103904
0.000103904
0.000103903
0.000103903
0.000103903
0.000103902
0.000103902
0.000103902
0.000103901
0.000103901
0.000103901
0.0001039
0.0001039
0.000103899
0.000103899
0.000103898
0.000103898
0.000103897
0.000103897
0.000103896
0.000103896
0.000103895
0.000103895
0.000103894
0.000103894
0.000103893
0.000103893
0.000103892
0.000103892
0.000103891
0.00010389
0.00010389
0.000103889
0.000103889
0.000103888
0.000103888
0.000103887
0.000103887
0.000103886
0.000103886
0.000103885
0.000103885
0.000103884
0.000103884
0.000103883
0.000103883
0.000103882
0.000103882
0.000103882
0.000103881
0.000103881
0.00010388
0.00010388
0.00010388
0.000103879
0.000103878
0.000103876
0.000103873
0.000103866
0.00010385
0.000103818
0.000103755
0.000103634
0.000103409
0.000103011
0.000102335
0.00010124
9.95515e-05
9.70811e-05
9.36513e-05
8.91171e-05
8.33494e-05
7.61516e-05
6.7117e-05
5.58421e-05
4.53549e-05
4.05858e-05
3.91657e-05
3.8851e-05
3.883e-05
3.8831e-05
3.88421e-05
3.90989e-05
4.03174e-05
4.45103e-05
5.44482e-05
6.59456e-05
7.52577e-05
8.26593e-05
8.85867e-05
9.32542e-05
9.67956e-05
9.93556e-05
0.000101111
0.000102254
0.000102962
0.00010338
0.000103617
0.000103745
0.000103812
0.000103846
0.000103862
0.00010387
0.000103873
0.000103875
0.000103876
0.000103876
0.000103876
0.000103877
0.000103877
0.000103877
0.000103877
0.000103878
0.000103878
0.000103878
0.000103879
0.000103879
0.000103879
0.00010388
0.00010388
0.000103881
0.000103881
0.000103882
0.000103882
0.000103882
0.000103883
0.000103883
0.000103884
0.000103884
0.000103885
0.000103885
0.000103886
0.000103886
0.000103887
0.000103887
0.000103888
0.000103888
0.000103889
0.000103889
0.000103889
0.00010389
0.00010389
0.000103891
0.000103891
0.000103892
0.000103892
0.000103892
0.000103893
0.000103893
0.000103894
0.000103894
0.000103894
0.000103895
0.000103895
0.000103895
0.000103896
0.000103896
0.000103896
0.000103897
0.000103897
0.000103897
0.000103897
0.000103898
0.000103898
0.000103898
0.000103898
0.000103899
0.000103899
0.000103899
0.000103899
0.000103899
0.000103899
0.000103899
0.000103899
0.0001039
0.0001039
0.0001039
0.0001039
0.0001039
0.0001039
0.000103942
0.000103942
0.000103942
0.000103942
0.000103942
0.000103942
0.000103942
0.000103942
0.000103941
0.000103941
0.000103941
0.000103941
0.000103941
0.000103941
0.000103941
0.00010394
0.00010394
0.00010394
0.00010394
0.00010394
0.000103939
0.000103939
0.000103939
0.000103939
0.000103938
0.000103938
0.000103938
0.000103937
0.000103937
0.000103937
0.000103936
0.000103936
0.000103936
0.000103935
0.000103935
0.000103935
0.000103934
0.000103934
0.000103933
0.000103933
0.000103933
0.000103932
0.000103932
0.000103931
0.000103931
0.000103931
0.00010393
0.00010393
0.000103929
0.000103929
0.000103928
0.000103928
0.000103927
0.000103927
0.000103926
0.000103926
0.000103926
0.000103925
0.000103925
0.000103924
0.000103924
0.000103923
0.000103923
0.000103922
0.000103922
0.000103922
0.000103921
0.000103921
0.00010392
0.00010392
0.00010392
0.000103919
0.000103919
0.000103918
0.000103918
0.000103917
0.000103915
0.000103912
0.000103905
0.000103889
0.000103857
0.000103794
0.000103672
0.000103447
0.000103049
0.000102373
0.000101278
9.9591e-05
9.7123e-05
9.36982e-05
8.91738e-05
8.34241e-05
7.62587e-05
6.72814e-05
5.60789e-05
4.55201e-05
4.06286e-05
3.91617e-05
3.8831e-05
3.88048e-05
3.88056e-05
3.88211e-05
3.90914e-05
4.03488e-05
4.46479e-05
5.46735e-05
6.61063e-05
7.53606e-05
8.27296e-05
8.86394e-05
9.32978e-05
9.68351e-05
9.93935e-05
0.000101149
0.000102292
0.000103
0.000103419
0.000103656
0.000103784
0.000103851
0.000103885
0.000103901
0.000103909
0.000103913
0.000103914
0.000103915
0.000103916
0.000103916
0.000103916
0.000103917
0.000103917
0.000103917
0.000103917
0.000103918
0.000103918
0.000103918
0.000103919
0.000103919
0.000103919
0.00010392
0.00010392
0.000103921
0.000103921
0.000103921
0.000103922
0.000103922
0.000103923
0.000103923
0.000103923
0.000103924
0.000103924
0.000103925
0.000103925
0.000103925
0.000103926
0.000103926
0.000103927
0.000103927
0.000103927
0.000103928
0.000103928
0.000103928
0.000103929
0.000103929
0.000103929
0.00010393
0.00010393
0.00010393
0.000103931
0.000103931
0.000103931
0.000103932
0.000103932
0.000103932
0.000103933
0.000103933
0.000103933
0.000103933
0.000103933
0.000103934
0.000103934
0.000103934
0.000103934
0.000103934
0.000103935
0.000103935
0.000103935
0.000103935
0.000103935
0.000103935
0.000103935
0.000103936
0.000103936
0.000103936
0.000103936
0.000103936
0.000103936
0.000103936
0.000103936
0.000103936
0.000103955
0.000103954
0.000103954
0.000103954
0.000103954
0.000103954
0.000103954
0.000103954
0.000103954
0.000103954
0.000103954
0.000103954
0.000103954
0.000103954
0.000103953
0.000103953
0.000103953
0.000103953
0.000103953
0.000103953
0.000103952
0.000103952
0.000103952
0.000103952
0.000103952
0.000103951
0.000103951
0.000103951
0.000103951
0.00010395
0.00010395
0.00010395
0.000103949
0.000103949
0.000103949
0.000103948
0.000103948
0.000103948
0.000103947
0.000103947
0.000103947
0.000103946
0.000103946
0.000103946
0.000103945
0.000103945
0.000103944
0.000103944
0.000103944
0.000103943
0.000103943
0.000103943
0.000103942
0.000103942
0.000103941
0.000103941
0.000103941
0.00010394
0.00010394
0.000103939
0.000103939
0.000103939
0.000103938
0.000103938
0.000103937
0.000103937
0.000103937
0.000103936
0.000103936
0.000103935
0.000103935
0.000103935
0.000103934
0.000103934
0.000103933
0.000103933
0.000103931
0.000103927
0.00010392
0.000103904
0.000103873
0.000103809
0.000103687
0.000103462
0.000103064
0.000102387
0.000101292
9.96047e-05
9.71369e-05
9.37136e-05
8.91935e-05
8.34533e-05
7.6307e-05
6.73658e-05
5.62132e-05
4.5616e-05
4.0646e-05
3.91496e-05
3.88093e-05
3.87801e-05
3.87807e-05
3.87987e-05
3.90767e-05
4.03575e-05
4.47222e-05
5.47951e-05
6.61831e-05
7.54018e-05
8.27526e-05
8.8654e-05
9.33092e-05
9.68459e-05
9.94051e-05
0.000101162
0.000102306
0.000103015
0.000103434
0.000103671
0.0001038
0.000103867
0.000103901
0.000103917
0.000103925
0.000103929
0.00010393
0.000103931
0.000103932
0.000103932
0.000103932
0.000103933
0.000103933
0.000103933
0.000103933
0.000103934
0.000103934
0.000103934
0.000103935
0.000103935
0.000103935
0.000103936
0.000103936
0.000103936
0.000103937
0.000103937
0.000103937
0.000103938
0.000103938
0.000103938
0.000103939
0.000103939
0.00010394
0.00010394
0.00010394
0.000103941
0.000103941
0.000103941
0.000103942
0.000103942
0.000103942
0.000103943
0.000103943
0.000103943
0.000103943
0.000103944
0.000103944
0.000103944
0.000103945
0.000103945
0.000103945
0.000103945
0.000103946
0.000103946
0.000103946
0.000103946
0.000103947
0.000103947
0.000103947
0.000103947
0.000103947
0.000103948
0.000103948
0.000103948
0.000103948
0.000103948
0.000103948
0.000103949
0.000103949
0.000103949
0.000103949
0.000103949
0.000103949
0.000103949
0.000103949
0.000103949
0.000103949
0.000103949
0.000103949
0.00010395
0.00010395
0.00010395
0.000103954
0.000103954
0.000103954
0.000103954
0.000103954
0.000103954
0.000103954
0.000103954
0.000103954
0.000103954
0.000103954
0.000103953
0.000103953
0.000103953
0.000103953
0.000103953
0.000103953
0.000103953
0.000103953
0.000103952
0.000103952
0.000103952
0.000103952
0.000103952
0.000103951
0.000103951
0.000103951
0.000103951
0.000103951
0.00010395
0.00010395
0.00010395
0.000103949
0.000103949
0.000103949
0.000103949
0.000103948
0.000103948
0.000103948
0.000103947
0.000103947
0.000103947
0.000103946
0.000103946
0.000103946
0.000103945
0.000103945
0.000103945
0.000103944
0.000103944
0.000103944
0.000103943
0.000103943
0.000103943
0.000103942
0.000103942
0.000103942
0.000103941
0.000103941
0.00010394
0.00010394
0.00010394
0.000103939
0.000103939
0.000103939
0.000103938
0.000103938
0.000103938
0.000103937
0.000103937
0.000103937
0.000103936
0.000103936
0.000103935
0.000103935
0.000103934
0.000103932
0.000103929
0.000103921
0.000103906
0.000103874
0.00010381
0.000103689
0.000103463
0.000103064
0.000102387
0.000101291
9.96026e-05
9.71334e-05
9.3709e-05
8.91887e-05
8.34507e-05
7.63117e-05
6.73876e-05
5.62619e-05
4.56492e-05
4.06396e-05
3.91297e-05
3.87857e-05
3.87556e-05
3.87562e-05
3.87749e-05
3.90554e-05
4.03452e-05
4.47392e-05
5.48291e-05
6.61931e-05
7.53967e-05
8.27421e-05
8.86429e-05
9.32998e-05
9.6839e-05
9.94007e-05
0.000101159
0.000102305
0.000103015
0.000103435
0.000103672
0.000103801
0.000103868
0.000103902
0.000103919
0.000103927
0.00010393
0.000103932
0.000103933
0.000103933
0.000103934
0.000103934
0.000103934
0.000103935
0.000103935
0.000103935
0.000103935
0.000103936
0.000103936
0.000103936
0.000103937
0.000103937
0.000103937
0.000103938
0.000103938
0.000103938
0.000103938
0.000103939
0.000103939
0.000103939
0.00010394
0.00010394
0.00010394
0.000103941
0.000103941
0.000103941
0.000103942
0.000103942
0.000103942
0.000103943
0.000103943
0.000103943
0.000103943
0.000103944
0.000103944
0.000103944
0.000103944
0.000103945
0.000103945
0.000103945
0.000103946
0.000103946
0.000103946
0.000103946
0.000103946
0.000103947
0.000103947
0.000103947
0.000103947
0.000103947
0.000103948
0.000103948
0.000103948
0.000103948
0.000103948
0.000103948
0.000103949
0.000103949
0.000103949
0.000103949
0.000103949
0.000103949
0.000103949
0.000103949
0.000103949
0.000103949
0.000103949
0.000103949
0.00010395
0.00010395
0.00010395
0.00010395
0.00010395
0.000103946
0.000103946
0.000103946
0.000103946
0.000103946
0.000103946
0.000103946
0.000103946
0.000103946
0.000103946
0.000103946
0.000103946
0.000103945
0.000103945
0.000103945
0.000103945
0.000103945
0.000103945
0.000103945
0.000103945
0.000103944
0.000103944
0.000103944
0.000103944
0.000103944
0.000103943
0.000103943
0.000103943
0.000103943
0.000103943
0.000103942
0.000103942
0.000103942
0.000103942
0.000103941
0.000103941
0.000103941
0.000103941
0.00010394
0.00010394
0.00010394
0.000103939
0.000103939
0.000103939
0.000103938
0.000103938
0.000103938
0.000103938
0.000103937
0.000103937
0.000103937
0.000103936
0.000103936
0.000103936
0.000103935
0.000103935
0.000103934
0.000103934
0.000103934
0.000103933
0.000103933
0.000103933
0.000103932
0.000103932
0.000103932
0.000103931
0.000103931
0.000103931
0.00010393
0.00010393
0.00010393
0.000103929
0.000103929
0.000103929
0.000103928
0.000103927
0.000103926
0.000103922
0.000103915
0.000103899
0.000103867
0.000103804
0.000103682
0.000103456
0.000103057
0.000102379
0.000101282
9.95916e-05
9.71199e-05
9.36924e-05
8.91687e-05
8.34275e-05
7.62859e-05
6.73612e-05
5.62396e-05
4.56283e-05
4.06127e-05
3.91034e-05
3.87607e-05
3.87313e-05
3.8732e-05
3.87498e-05
3.90282e-05
4.03141e-05
4.47032e-05
5.47857e-05
6.61517e-05
7.53605e-05
8.27106e-05
8.86162e-05
9.3278e-05
9.68218e-05
9.9387e-05
0.000101148
0.000102296
0.000103007
0.000103427
0.000103665
0.000103794
0.000103862
0.000103896
0.000103912
0.00010392
0.000103924
0.000103925
0.000103926
0.000103927
0.000103927
0.000103927
0.000103928
0.000103928
0.000103928
0.000103928
0.000103929
0.000103929
0.000103929
0.00010393
0.00010393
0.00010393
0.00010393
0.000103931
0.000103931
0.000103931
0.000103932
0.000103932
0.000103932
0.000103933
0.000103933
0.000103933
0.000103933
0.000103934
0.000103934
0.000103934
0.000103935
0.000103935
0.000103935
0.000103935
0.000103936
0.000103936
0.000103936
0.000103936
0.000103937
0.000103937
0.000103937
0.000103937
0.000103938
0.000103938
0.000103938
0.000103938
0.000103939
0.000103939
0.000103939
0.000103939
0.000103939
0.00010394
0.00010394
0.00010394
0.00010394
0.00010394
0.00010394
0.000103941
0.000103941
0.000103941
0.000103941
0.000103941
0.000103941
0.000103941
0.000103941
0.000103941
0.000103942
0.000103942
0.000103942
0.000103942
0.000103942
0.000103942
0.000103942
0.000103942
0.000103942
0.000103942
0.000103942
0.000103934
0.000103934
0.000103934
0.000103934
0.000103934
0.000103934
0.000103934
0.000103934
0.000103934
0.000103934
0.000103934
0.000103934
0.000103933
0.000103933
0.000103933
0.000103933
0.000103933
0.000103933
0.000103933
0.000103933
0.000103932
0.000103932
0.000103932
0.000103932
0.000103932
0.000103932
0.000103931
0.000103931
0.000103931
0.000103931
0.000103931
0.00010393
0.00010393
0.00010393
0.00010393
0.000103929
0.000103929
0.000103929
0.000103929
0.000103928
0.000103928
0.000103928
0.000103927
0.000103927
0.000103927
0.000103927
0.000103926
0.000103926
0.000103926
0.000103925
0.000103925
0.000103925
0.000103924
0.000103924
0.000103924
0.000103923
0.000103923
0.000103923
0.000103922
0.000103922
0.000103922
0.000103921
0.000103921
0.000103921
0.00010392
0.00010392
0.00010392
0.000103919
0.000103919
0.000103919
0.000103918
0.000103918
0.000103918
0.000103917
0.000103917
0.000103916
0.000103914
0.000103911
0.000103903
0.000103888
0.000103856
0.000103792
0.00010367
0.000103445
0.000103045
0.000102367
0.000101268
9.95758e-05
9.71012e-05
9.36696e-05
8.91406e-05
8.3393e-05
7.62437e-05
6.73084e-05
5.61706e-05
4.55624e-05
4.05689e-05
3.90718e-05
3.87344e-05
3.87071e-05
3.87079e-05
3.87238e-05
3.89967e-05
4.02695e-05
4.46325e-05
5.47025e-05
6.60842e-05
7.5306e-05
8.26663e-05
8.85806e-05
9.32496e-05
9.6799e-05
9.93685e-05
0.000101133
0.000102282
0.000102994
0.000103416
0.000103654
0.000103783
0.00010385
0.000103884
0.000103901
0.000103909
0.000103912
0.000103914
0.000103915
0.000103915
0.000103916
0.000103916
0.000103916
0.000103917
0.000103917
0.000103917
0.000103917
0.000103918
0.000103918
0.000103918
0.000103919
0.000103919
0.000103919
0.000103919
0.00010392
0.00010392
0.00010392
0.000103921
0.000103921
0.000103921
0.000103921
0.000103922
0.000103922
0.000103922
0.000103923
0.000103923
0.000103923
0.000103923
0.000103924
0.000103924
0.000103924
0.000103924
0.000103925
0.000103925
0.000103925
0.000103925
0.000103926
0.000103926
0.000103926
0.000103926
0.000103926
0.000103927
0.000103927
0.000103927
0.000103927
0.000103927
0.000103928
0.000103928
0.000103928
0.000103928
0.000103928
0.000103928
0.000103929
0.000103929
0.000103929
0.000103929
0.000103929
0.000103929
0.000103929
0.000103929
0.00010393
0.00010393
0.00010393
0.00010393
0.00010393
0.00010393
0.00010393
0.00010393
0.00010393
0.00010393
0.00010393
0.00010393
0.00010393
0.00010392
0.00010392
0.00010392
0.00010392
0.00010392
0.00010392
0.00010392
0.00010392
0.00010392
0.00010392
0.000103919
0.000103919
0.000103919
0.000103919
0.000103919
0.000103919
0.000103919
0.000103919
0.000103919
0.000103918
0.000103918
0.000103918
0.000103918
0.000103918
0.000103918
0.000103917
0.000103917
0.000103917
0.000103917
0.000103917
0.000103916
0.000103916
0.000103916
0.000103916
0.000103916
0.000103915
0.000103915
0.000103915
0.000103915
0.000103914
0.000103914
0.000103914
0.000103913
0.000103913
0.000103913
0.000103913
0.000103912
0.000103912
0.000103912
0.000103911
0.000103911
0.000103911
0.00010391
0.00010391
0.00010391
0.00010391
0.000103909
0.000103909
0.000103909
0.000103908
0.000103908
0.000103908
0.000103907
0.000103907
0.000103907
0.000103906
0.000103906
0.000103906
0.000103905
0.000103905
0.000103905
0.000103904
0.000103904
0.000103904
0.000103903
0.000103902
0.000103901
0.000103897
0.00010389
0.000103874
0.000103842
0.000103779
0.000103657
0.000103431
0.000103031
0.000102352
0.000101252
9.9558e-05
9.70804e-05
9.36442e-05
8.91088e-05
8.33524e-05
7.61911e-05
6.72383e-05
5.60784e-05
4.54804e-05
4.05184e-05
3.90379e-05
3.87076e-05
3.8683e-05
3.8684e-05
3.86974e-05
3.89633e-05
4.02189e-05
4.45445e-05
5.45907e-05
6.59957e-05
7.52396e-05
8.26154e-05
8.85409e-05
9.32183e-05
9.6774e-05
9.93479e-05
0.000101115
0.000102266
0.00010298
0.000103401
0.00010364
0.000103769
0.000103837
0.000103871
0.000103887
0.000103895
0.000103899
0.0001039
0.000103901
0.000103902
0.000103902
0.000103902
0.000103903
0.000103903
0.000103903
0.000103904
0.000103904
0.000103904
0.000103904
0.000103905
0.000103905
0.000103905
0.000103905
0.000103906
0.000103906
0.000103906
0.000103906
0.000103907
0.000103907
0.000103907
0.000103908
0.000103908
0.000103908
0.000103908
0.000103909
0.000103909
0.000103909
0.000103909
0.00010391
0.00010391
0.00010391
0.00010391
0.000103911
0.000103911
0.000103911
0.000103911
0.000103912
0.000103912
0.000103912
0.000103912
0.000103912
0.000103913
0.000103913
0.000103913
0.000103913
0.000103913
0.000103914
0.000103914
0.000103914
0.000103914
0.000103914
0.000103914
0.000103915
0.000103915
0.000103915
0.000103915
0.000103915
0.000103915
0.000103915
0.000103915
0.000103915
0.000103915
0.000103916
0.000103916
0.000103916
0.000103916
0.000103916
0.000103916
0.000103916
0.000103916
0.000103916
0.000103916
0.000103916
0.000103905
0.000103905
0.000103905
0.000103905
0.000103905
0.000103905
0.000103905
0.000103904
0.000103904
0.000103904
0.000103904
0.000103904
0.000103904
0.000103904
0.000103904
0.000103904
0.000103904
0.000103904
0.000103903
0.000103903
0.000103903
0.000103903
0.000103903
0.000103903
0.000103902
0.000103902
0.000103902
0.000103902
0.000103902
0.000103901
0.000103901
0.000103901
0.000103901
0.000103901
0.0001039
0.0001039
0.0001039
0.0001039
0.000103899
0.000103899
0.000103899
0.000103899
0.000103898
0.000103898
0.000103898
0.000103897
0.000103897
0.000103897
0.000103897
0.000103896
0.000103896
0.000103896
0.000103895
0.000103895
0.000103895
0.000103894
0.000103894
0.000103894
0.000103894
0.000103893
0.000103893
0.000103893
0.000103892
0.000103892
0.000103892
0.000103891
0.000103891
0.000103891
0.00010389
0.00010389
0.00010389
0.00010389
0.000103889
0.000103889
0.000103888
0.000103887
0.000103886
0.000103882
0.000103875
0.000103859
0.000103827
0.000103764
0.000103642
0.000103416
0.000103016
0.000102336
0.000101236
9.95397e-05
9.70592e-05
9.36186e-05
8.90765e-05
8.33105e-05
7.61347e-05
6.71591e-05
5.59682e-05
4.53826e-05
4.04622e-05
3.90023e-05
3.86805e-05
3.86591e-05
3.86602e-05
3.86708e-05
3.89284e-05
4.01629e-05
4.44413e-05
5.44588e-05
6.58965e-05
7.51687e-05
8.25625e-05
8.85004e-05
9.31867e-05
9.67486e-05
9.93267e-05
0.000101097
0.00010225
0.000102964
0.000103386
0.000103625
0.000103754
0.000103822
0.000103856
0.000103872
0.00010388
0.000103884
0.000103886
0.000103886
0.000103887
0.000103887
0.000103888
0.000103888
0.000103888
0.000103888
0.000103889
0.000103889
0.000103889
0.000103889
0.00010389
0.00010389
0.00010389
0.00010389
0.000103891
0.000103891
0.000103891
0.000103891
0.000103892
0.000103892
0.000103892
0.000103893
0.000103893
0.000103893
0.000103893
0.000103894
0.000103894
0.000103894
0.000103894
0.000103895
0.000103895
0.000103895
0.000103895
0.000103896
0.000103896
0.000103896
0.000103896
0.000103896
0.000103897
0.000103897
0.000103897
0.000103897
0.000103897
0.000103898
0.000103898
0.000103898
0.000103898
0.000103898
0.000103899
0.000103899
0.000103899
0.000103899
0.000103899
0.000103899
0.000103899
0.0001039
0.0001039
0.0001039
0.0001039
0.0001039
0.0001039
0.0001039
0.0001039
0.0001039
0.0001039
0.0001039
0.000103901
0.000103901
0.000103901
0.000103901
0.000103901
0.000103901
0.000103901
0.000103901
0.000103889
0.000103889
0.000103889
0.000103889
0.000103889
0.000103889
0.000103889
0.000103889
0.000103889
0.000103889
0.000103888
0.000103888
0.000103888
0.000103888
0.000103888
0.000103888
0.000103888
0.000103888
0.000103888
0.000103887
0.000103887
0.000103887
0.000103887
0.000103887
0.000103887
0.000103887
0.000103886
0.000103886
0.000103886
0.000103886
0.000103886
0.000103885
0.000103885
0.000103885
0.000103885
0.000103884
0.000103884
0.000103884
0.000103884
0.000103883
0.000103883
0.000103883
0.000103883
0.000103882
0.000103882
0.000103882
0.000103882
0.000103881
0.000103881
0.000103881
0.00010388
0.00010388
0.00010388
0.000103879
0.000103879
0.000103879
0.000103879
0.000103878
0.000103878
0.000103878
0.000103877
0.000103877
0.000103877
0.000103876
0.000103876
0.000103876
0.000103875
0.000103875
0.000103875
0.000103875
0.000103874
0.000103874
0.000103874
0.000103873
0.000103873
0.000103872
0.00010387
0.000103867
0.000103859
0.000103844
0.000103812
0.000103748
0.000103626
0.0001034
0.000103
0.00010232
0.000101219
9.95219e-05
9.7039e-05
9.35943e-05
8.9046e-05
8.32703e-05
7.60794e-05
6.70784e-05
5.58508e-05
4.52768e-05
4.04031e-05
3.89659e-05
3.86533e-05
3.86353e-05
3.86365e-05
3.8644e-05
3.88927e-05
4.01044e-05
4.43308e-05
5.43184e-05
6.57948e-05
7.50982e-05
8.25111e-05
8.84615e-05
9.31562e-05
9.6724e-05
9.9306e-05
0.000101078
0.000102233
0.000102948
0.00010337
0.000103609
0.000103739
0.000103806
0.00010384
0.000103857
0.000103865
0.000103868
0.00010387
0.000103871
0.000103871
0.000103872
0.000103872
0.000103872
0.000103872
0.000103873
0.000103873
0.000103873
0.000103873
0.000103874
0.000103874
0.000103874
0.000103875
0.000103875
0.000103875
0.000103875
0.000103876
0.000103876
0.000103876
0.000103876
0.000103877
0.000103877
0.000103877
0.000103877
0.000103878
0.000103878
0.000103878
0.000103878
0.000103879
0.000103879
0.000103879
0.000103879
0.00010388
0.00010388
0.00010388
0.00010388
0.00010388
0.000103881
0.000103881
0.000103881
0.000103881
0.000103882
0.000103882
0.000103882
0.000103882
0.000103882
0.000103882
0.000103883
0.000103883
0.000103883
0.000103883
0.000103883
0.000103883
0.000103884
0.000103884
0.000103884
0.000103884
0.000103884
0.000103884
0.000103884
0.000103884
0.000103884
0.000103884
0.000103885
0.000103885
0.000103885
0.000103885
0.000103885
0.000103885
0.000103885
0.000103885
0.000103885
0.000103885
0.000103885
0.000103873
0.000103873
0.000103873
0.000103873
0.000103873
0.000103873
0.000103873
0.000103873
0.000103873
0.000103873
0.000103872
0.000103872
0.000103872
0.000103872
0.000103872
0.000103872
0.000103872
0.000103872
0.000103872
0.000103871
0.000103871
0.000103871
0.000103871
0.000103871
0.000103871
0.000103871
0.00010387
0.00010387
0.00010387
0.00010387
0.00010387
0.000103869
0.000103869
0.000103869
0.000103869
0.000103868
0.000103868
0.000103868
0.000103868
0.000103867
0.000103867
0.000103867
0.000103867
0.000103866
0.000103866
0.000103866
0.000103866
0.000103865
0.000103865
0.000103865
0.000103864
0.000103864
0.000103864
0.000103864
0.000103863
0.000103863
0.000103863
0.000103862
0.000103862
0.000103862
0.000103861
0.000103861
0.000103861
0.000103861
0.00010386
0.00010386
0.00010386
0.000103859
0.000103859
0.000103859
0.000103858
0.000103858
0.000103858
0.000103857
0.000103857
0.000103856
0.000103854
0.000103851
0.000103844
0.000103828
0.000103796
0.000103733
0.000103611
0.000103385
0.000102985
0.000102305
0.000101203
9.9505e-05
9.70202e-05
9.35723e-05
8.90184e-05
8.32339e-05
7.60284e-05
6.70017e-05
5.57351e-05
4.51707e-05
4.03441e-05
3.89296e-05
3.86261e-05
3.86115e-05
3.8613e-05
3.86174e-05
3.88572e-05
4.0046e-05
4.42198e-05
5.41788e-05
6.56965e-05
7.50316e-05
8.24632e-05
8.84254e-05
9.3128e-05
9.67008e-05
9.92861e-05
0.00010106
0.000102216
0.000102931
0.000103354
0.000103593
0.000103723
0.000103791
0.000103825
0.000103841
0.000103849
0.000103853
0.000103854
0.000103855
0.000103856
0.000103856
0.000103856
0.000103856
0.000103857
0.000103857
0.000103857
0.000103857
0.000103858
0.000103858
0.000103858
0.000103858
0.000103859
0.000103859
0.000103859
0.000103859
0.00010386
0.00010386
0.00010386
0.00010386
0.000103861
0.000103861
0.000103861
0.000103861
0.000103862
0.000103862
0.000103862
0.000103862
0.000103863
0.000103863
0.000103863
0.000103863
0.000103864
0.000103864
0.000103864
0.000103864
0.000103864
0.000103865
0.000103865
0.000103865
0.000103865
0.000103865
0.000103866
0.000103866
0.000103866
0.000103866
0.000103866
0.000103867
0.000103867
0.000103867
0.000103867
0.000103867
0.000103867
0.000103867
0.000103868
0.000103868
0.000103868
0.000103868
0.000103868
0.000103868
0.000103868
0.000103868
0.000103868
0.000103868
0.000103869
0.000103869
0.000103869
0.000103869
0.000103869
0.000103869
0.000103869
0.000103869
0.000103869
0.000103869
0.000103857
0.000103857
0.000103857
0.000103857
0.000103857
0.000103857
0.000103857
0.000103857
0.000103856
0.000103856
0.000103856
0.000103856
0.000103856
0.000103856
0.000103856
0.000103856
0.000103856
0.000103856
0.000103855
0.000103855
0.000103855
0.000103855
0.000103855
0.000103855
0.000103855
0.000103854
0.000103854
0.000103854
0.000103854
0.000103854
0.000103853
0.000103853
0.000103853
0.000103853
0.000103853
0.000103852
0.000103852
0.000103852
0.000103852
0.000103851
0.000103851
0.000103851
0.000103851
0.00010385
0.00010385
0.00010385
0.000103849
0.000103849
0.000103849
0.000103849
0.000103848
0.000103848
0.000103848
0.000103847
0.000103847
0.000103847
0.000103847
0.000103846
0.000103846
0.000103846
0.000103845
0.000103845
0.000103845
0.000103845
0.000103844
0.000103844
0.000103844
0.000103843
0.000103843
0.000103843
0.000103842
0.000103842
0.000103842
0.000103841
0.000103841
0.00010384
0.000103838
0.000103835
0.000103828
0.000103812
0.00010378
0.000103717
0.000103595
0.000103369
0.000102969
0.000102289
0.000101188
9.94892e-05
9.70033e-05
9.35529e-05
8.89946e-05
8.32025e-05
7.59838e-05
6.69329e-05
5.56274e-05
4.50693e-05
4.02869e-05
3.8894e-05
3.85992e-05
3.85878e-05
3.85894e-05
3.8591e-05
3.88223e-05
3.99893e-05
4.41132e-05
5.40465e-05
6.56055e-05
7.49712e-05
8.24202e-05
8.8393e-05
9.31023e-05
9.66795e-05
9.92674e-05
0.000101043
0.000102199
0.000102915
0.000103338
0.000103577
0.000103707
0.000103775
0.000103809
0.000103825
0.000103833
0.000103837
0.000103838
0.000103839
0.00010384
0.00010384
0.00010384
0.00010384
0.000103841
0.000103841
0.000103841
0.000103841
0.000103842
0.000103842
0.000103842
0.000103842
0.000103843
0.000103843
0.000103843
0.000103843
0.000103844
0.000103844
0.000103844
0.000103844
0.000103845
0.000103845
0.000103845
0.000103845
0.000103846
0.000103846
0.000103846
0.000103846
0.000103847
0.000103847
0.000103847
0.000103847
0.000103847
0.000103848
0.000103848
0.000103848
0.000103848
0.000103849
0.000103849
0.000103849
0.000103849
0.000103849
0.00010385
0.00010385
0.00010385
0.00010385
0.00010385
0.00010385
0.000103851
0.000103851
0.000103851
0.000103851
0.000103851
0.000103851
0.000103851
0.000103852
0.000103852
0.000103852
0.000103852
0.000103852
0.000103852
0.000103852
0.000103852
0.000103852
0.000103852
0.000103852
0.000103852
0.000103853
0.000103853
0.000103853
0.000103853
0.000103853
0.000103853
0.000103853
0.000103841
0.000103841
0.000103841
0.000103841
0.00010384
0.00010384
0.00010384
0.00010384
0.00010384
0.00010384
0.00010384
0.00010384
0.00010384
0.00010384
0.00010384
0.00010384
0.00010384
0.000103839
0.000103839
0.000103839
0.000103839
0.000103839
0.000103839
0.000103839
0.000103838
0.000103838
0.000103838
0.000103838
0.000103838
0.000103837
0.000103837
0.000103837
0.000103837
0.000103837
0.000103836
0.000103836
0.000103836
0.000103836
0.000103835
0.000103835
0.000103835
0.000103835
0.000103834
0.000103834
0.000103834
0.000103834
0.000103833
0.000103833
0.000103833
0.000103833
0.000103832
0.000103832
0.000103832
0.000103831
0.000103831
0.000103831
0.000103831
0.00010383
0.00010383
0.00010383
0.000103829
0.000103829
0.000103829
0.000103828
0.000103828
0.000103828
0.000103828
0.000103827
0.000103827
0.000103827
0.000103826
0.000103826
0.000103826
0.000103825
0.000103825
0.000103824
0.000103822
0.000103819
0.000103812
0.000103796
0.000103764
0.000103701
0.000103579
0.000103354
0.000102954
0.000102275
0.000101173
9.94748e-05
9.69884e-05
9.35365e-05
8.8975e-05
8.31768e-05
7.59467e-05
6.6874e-05
5.55315e-05
4.4976e-05
4.02328e-05
3.88593e-05
3.85724e-05
3.85641e-05
3.85659e-05
3.85647e-05
3.87882e-05
3.99352e-05
4.40136e-05
5.39251e-05
6.55241e-05
7.4918e-05
8.23827e-05
8.83646e-05
9.30797e-05
9.66603e-05
9.92501e-05
0.000101027
0.000102183
0.000102899
0.000103322
0.000103561
0.000103691
0.000103759
0.000103793
0.000103809
0.000103817
0.00010382
0.000103822
0.000103823
0.000103823
0.000103824
0.000103824
0.000103824
0.000103825
0.000103825
0.000103825
0.000103825
0.000103825
0.000103826
0.000103826
0.000103826
0.000103826
0.000103827
0.000103827
0.000103827
0.000103827
0.000103828
0.000103828
0.000103828
0.000103828
0.000103829
0.000103829
0.000103829
0.000103829
0.00010383
0.00010383
0.00010383
0.00010383
0.000103831
0.000103831
0.000103831
0.000103831
0.000103831
0.000103832
0.000103832
0.000103832
0.000103832
0.000103833
0.000103833
0.000103833
0.000103833
0.000103833
0.000103834
0.000103834
0.000103834
0.000103834
0.000103834
0.000103834
0.000103835
0.000103835
0.000103835
0.000103835
0.000103835
0.000103835
0.000103835
0.000103835
0.000103836
0.000103836
0.000103836
0.000103836
0.000103836
0.000103836
0.000103836
0.000103836
0.000103836
0.000103836
0.000103836
0.000103836
0.000103836
0.000103836
0.000103836
0.000103836
0.000103836
0.000103824
0.000103824
0.000103824
0.000103824
0.000103824
0.000103824
0.000103824
0.000103824
0.000103824
0.000103824
0.000103824
0.000103824
0.000103824
0.000103824
0.000103824
0.000103824
0.000103823
0.000103823
0.000103823
0.000103823
0.000103823
0.000103823
0.000103823
0.000103822
0.000103822
0.000103822
0.000103822
0.000103822
0.000103821
0.000103821
0.000103821
0.000103821
0.000103821
0.00010382
0.00010382
0.00010382
0.00010382
0.00010382
0.000103819
0.000103819
0.000103819
0.000103819
0.000103818
0.000103818
0.000103818
0.000103817
0.000103817
0.000103817
0.000103817
0.000103816
0.000103816
0.000103816
0.000103816
0.000103815
0.000103815
0.000103815
0.000103814
0.000103814
0.000103814
0.000103814
0.000103813
0.000103813
0.000103813
0.000103812
0.000103812
0.000103812
0.000103812
0.000103811
0.000103811
0.000103811
0.00010381
0.00010381
0.00010381
0.000103809
0.000103809
0.000103808
0.000103806
0.000103803
0.000103796
0.00010378
0.000103749
0.000103685
0.000103564
0.000103339
0.000102939
0.00010226
0.00010116
9.94619e-05
9.69757e-05
9.35232e-05
8.89596e-05
8.31569e-05
7.59181e-05
6.6827e-05
5.54497e-05
4.4892e-05
4.01821e-05
3.88256e-05
3.85459e-05
3.85403e-05
3.85423e-05
3.85386e-05
3.8755e-05
3.98841e-05
4.39222e-05
5.38167e-05
6.54536e-05
7.48729e-05
8.2351e-05
8.83406e-05
9.30601e-05
9.66432e-05
9.92342e-05
0.000101011
0.000102168
0.000102884
0.000103307
0.000103546
0.000103675
0.000103743
0.000103777
0.000103793
0.000103801
0.000103804
0.000103806
0.000103807
0.000103807
0.000103808
0.000103808
0.000103808
0.000103808
0.000103809
0.000103809
0.000103809
0.000103809
0.00010381
0.00010381
0.00010381
0.00010381
0.000103811
0.000103811
0.000103811
0.000103811
0.000103812
0.000103812
0.000103812
0.000103812
0.000103812
0.000103813
0.000103813
0.000103813
0.000103813
0.000103814
0.000103814
0.000103814
0.000103814
0.000103815
0.000103815
0.000103815
0.000103815
0.000103816
0.000103816
0.000103816
0.000103816
0.000103816
0.000103817
0.000103817
0.000103817
0.000103817
0.000103817
0.000103817
0.000103818
0.000103818
0.000103818
0.000103818
0.000103818
0.000103818
0.000103819
0.000103819
0.000103819
0.000103819
0.000103819
0.000103819
0.000103819
0.000103819
0.00010382
0.00010382
0.00010382
0.00010382
0.00010382
0.00010382
0.00010382
0.00010382
0.00010382
0.00010382
0.00010382
0.00010382
0.00010382
0.00010382
0.00010382
0.000103808
0.000103808
0.000103808
0.000103808
0.000103808
0.000103808
0.000103808
0.000103808
0.000103808
0.000103808
0.000103808
0.000103808
0.000103808
0.000103808
0.000103807
0.000103807
0.000103807
0.000103807
0.000103807
0.000103807
0.000103807
0.000103807
0.000103806
0.000103806
0.000103806
0.000103806
0.000103806
0.000103806
0.000103805
0.000103805
0.000103805
0.000103805
0.000103804
0.000103804
0.000103804
0.000103804
0.000103804
0.000103803
0.000103803
0.000103803
0.000103803
0.000103802
0.000103802
0.000103802
0.000103802
0.000103801
0.000103801
0.000103801
0.000103801
0.0001038
0.0001038
0.0001038
0.000103799
0.000103799
0.000103799
0.000103799
0.000103798
0.000103798
0.000103798
0.000103797
0.000103797
0.000103797
0.000103797
0.000103796
0.000103796
0.000103796
0.000103795
0.000103795
0.000103795
0.000103795
0.000103794
0.000103794
0.000103794
0.000103793
0.000103793
0.000103792
0.00010379
0.000103787
0.00010378
0.000103764
0.000103733
0.00010367
0.000103548
0.000103323
0.000102925
0.000102247
0.000101147
9.94504e-05
9.69652e-05
9.35131e-05
8.89487e-05
8.31429e-05
7.58969e-05
6.67908e-05
5.53849e-05
4.48207e-05
4.01357e-05
3.87931e-05
3.85195e-05
3.85165e-05
3.85186e-05
3.85126e-05
3.87226e-05
3.98358e-05
4.38393e-05
5.37219e-05
6.53942e-05
7.4836e-05
8.23255e-05
8.83211e-05
9.30437e-05
9.66283e-05
9.92199e-05
0.000100997
0.000102153
0.000102869
0.000103291
0.00010353
0.000103659
0.000103727
0.000103761
0.000103777
0.000103785
0.000103788
0.00010379
0.000103791
0.000103791
0.000103792
0.000103792
0.000103792
0.000103792
0.000103793
0.000103793
0.000103793
0.000103793
0.000103793
0.000103794
0.000103794
0.000103794
0.000103794
0.000103795
0.000103795
0.000103795
0.000103795
0.000103796
0.000103796
0.000103796
0.000103796
0.000103797
0.000103797
0.000103797
0.000103797
0.000103797
0.000103798
0.000103798
0.000103798
0.000103798
0.000103799
0.000103799
0.000103799
0.000103799
0.0001038
0.0001038
0.0001038
0.0001038
0.0001038
0.000103801
0.000103801
0.000103801
0.000103801
0.000103801
0.000103801
0.000103802
0.000103802
0.000103802
0.000103802
0.000103802
0.000103802
0.000103803
0.000103803
0.000103803
0.000103803
0.000103803
0.000103803
0.000103803
0.000103803
0.000103803
0.000103803
0.000103804
0.000103804
0.000103804
0.000103804
0.000103804
0.000103804
0.000103804
0.000103804
0.000103804
0.000103804
0.000103804
0.000103804
0.000103792
0.000103792
0.000103792
0.000103792
0.000103792
0.000103792
0.000103792
0.000103792
0.000103792
0.000103792
0.000103792
0.000103792
0.000103791
0.000103791
0.000103791
0.000103791
0.000103791
0.000103791
0.000103791
0.000103791
0.000103791
0.00010379
0.00010379
0.00010379
0.00010379
0.00010379
0.00010379
0.000103789
0.000103789
0.000103789
0.000103789
0.000103789
0.000103788
0.000103788
0.000103788
0.000103788
0.000103787
0.000103787
0.000103787
0.000103787
0.000103786
0.000103786
0.000103786
0.000103786
0.000103785
0.000103785
0.000103785
0.000103785
0.000103784
0.000103784
0.000103784
0.000103784
0.000103783
0.000103783
0.000103783
0.000103782
0.000103782
0.000103782
0.000103782
0.000103781
0.000103781
0.000103781
0.00010378
0.00010378
0.00010378
0.00010378
0.000103779
0.000103779
0.000103779
0.000103778
0.000103778
0.000103778
0.000103778
0.000103777
0.000103777
0.000103776
0.000103774
0.000103771
0.000103764
0.000103748
0.000103717
0.000103654
0.000103533
0.000103309
0.00010291
0.000102234
0.000101136
9.94405e-05
9.69571e-05
9.35063e-05
8.89423e-05
8.31349e-05
7.5884e-05
6.6765e-05
5.53309e-05
4.47566e-05
4.00918e-05
3.87613e-05
3.84933e-05
3.84926e-05
3.84949e-05
3.84868e-05
3.8691e-05
3.97905e-05
4.37652e-05
5.36419e-05
6.53472e-05
7.48075e-05
8.23058e-05
8.8306e-05
9.30307e-05
9.66159e-05
9.92071e-05
0.000100984
0.000102139
0.000102854
0.000103276
0.000103514
0.000103643
0.000103711
0.000103744
0.000103761
0.000103769
0.000103772
0.000103774
0.000103775
0.000103775
0.000103775
0.000103776
0.000103776
0.000103776
0.000103776
0.000103777
0.000103777
0.000103777
0.000103777
0.000103778
0.000103778
0.000103778
0.000103778
0.000103778
0.000103779
0.000103779
0.000103779
0.000103779
0.00010378
0.00010378
0.00010378
0.00010378
0.000103781
0.000103781
0.000103781
0.000103781
0.000103782
0.000103782
0.000103782
0.000103782
0.000103782
0.000103783
0.000103783
0.000103783
0.000103783
0.000103784
0.000103784
0.000103784
0.000103784
0.000103784
0.000103784
0.000103785
0.000103785
0.000103785
0.000103785
0.000103785
0.000103786
0.000103786
0.000103786
0.000103786
0.000103786
0.000103786
0.000103786
0.000103787
0.000103787
0.000103787
0.000103787
0.000103787
0.000103787
0.000103787
0.000103787
0.000103787
0.000103787
0.000103787
0.000103788
0.000103788
0.000103788
0.000103788
0.000103788
0.000103788
0.000103788
0.000103788
0.000103788
0.000103776
0.000103776
0.000103776
0.000103776
0.000103776
0.000103776
0.000103776
0.000103776
0.000103776
0.000103776
0.000103775
0.000103775
0.000103775
0.000103775
0.000103775
0.000103775
0.000103775
0.000103775
0.000103775
0.000103774
0.000103774
0.000103774
0.000103774
0.000103774
0.000103774
0.000103774
0.000103773
0.000103773
0.000103773
0.000103773
0.000103773
0.000103772
0.000103772
0.000103772
0.000103772
0.000103772
0.000103771
0.000103771
0.000103771
0.000103771
0.00010377
0.00010377
0.00010377
0.00010377
0.000103769
0.000103769
0.000103769
0.000103768
0.000103768
0.000103768
0.000103768
0.000103767
0.000103767
0.000103767
0.000103767
0.000103766
0.000103766
0.000103766
0.000103765
0.000103765
0.000103765
0.000103765
0.000103764
0.000103764
0.000103764
0.000103763
0.000103763
0.000103763
0.000103763
0.000103762
0.000103762
0.000103762
0.000103761
0.000103761
0.000103761
0.00010376
0.000103758
0.000103755
0.000103748
0.000103732
0.000103701
0.000103638
0.000103517
0.000103294
0.000102897
0.000102221
0.000101125
9.94323e-05
9.69514e-05
9.3503e-05
8.89406e-05
8.31332e-05
7.58792e-05
6.67504e-05
5.52907e-05
4.47008e-05
4.00507e-05
3.87302e-05
3.84672e-05
3.84686e-05
3.8471e-05
3.8461e-05
3.866e-05
3.97479e-05
4.37e-05
5.35756e-05
6.53099e-05
7.47865e-05
8.22923e-05
8.82956e-05
9.30212e-05
9.6606e-05
9.91961e-05
0.000100971
0.000102126
0.00010284
0.000103261
0.000103499
0.000103628
0.000103695
0.000103728
0.000103745
0.000103753
0.000103756
0.000103758
0.000103759
0.000103759
0.000103759
0.00010376
0.00010376
0.00010376
0.00010376
0.00010376
0.000103761
0.000103761
0.000103761
0.000103761
0.000103762
0.000103762
0.000103762
0.000103762
0.000103763
0.000103763
0.000103763
0.000103763
0.000103763
0.000103764
0.000103764
0.000103764
0.000103764
0.000103765
0.000103765
0.000103765
0.000103765
0.000103766
0.000103766
0.000103766
0.000103766
0.000103766
0.000103767
0.000103767
0.000103767
0.000103767
0.000103768
0.000103768
0.000103768
0.000103768
0.000103768
0.000103768
0.000103769
0.000103769
0.000103769
0.000103769
0.000103769
0.000103769
0.00010377
0.00010377
0.00010377
0.00010377
0.00010377
0.00010377
0.00010377
0.000103771
0.000103771
0.000103771
0.000103771
0.000103771
0.000103771
0.000103771
0.000103771
0.000103771
0.000103771
0.000103771
0.000103771
0.000103771
0.000103771
0.000103771
0.000103772
0.000103772
0.000103772
0.00010376
0.00010376
0.00010376
0.00010376
0.00010376
0.00010376
0.00010376
0.00010376
0.00010376
0.000103759
0.000103759
0.000103759
0.000103759
0.000103759
0.000103759
0.000103759
0.000103759
0.000103759
0.000103759
0.000103758
0.000103758
0.000103758
0.000103758
0.000103758
0.000103758
0.000103757
0.000103757
0.000103757
0.000103757
0.000103757
0.000103757
0.000103756
0.000103756
0.000103756
0.000103756
0.000103755
0.000103755
0.000103755
0.000103755
0.000103754
0.000103754
0.000103754
0.000103754
0.000103753
0.000103753
0.000103753
0.000103753
0.000103752
0.000103752
0.000103752
0.000103752
0.000103751
0.000103751
0.000103751
0.00010375
0.00010375
0.00010375
0.00010375
0.000103749
0.000103749
0.000103749
0.000103749
0.000103748
0.000103748
0.000103748
0.000103747
0.000103747
0.000103747
0.000103747
0.000103746
0.000103746
0.000103746
0.000103745
0.000103745
0.000103745
0.000103744
0.000103742
0.000103739
0.000103732
0.000103716
0.000103685
0.000103623
0.000103502
0.000103279
0.000102883
0.00010221
0.000101116
9.9426e-05
9.69485e-05
9.35036e-05
8.89439e-05
8.31381e-05
7.5883e-05
6.67471e-05
5.52647e-05
4.46542e-05
4.00126e-05
3.87e-05
3.84412e-05
3.84446e-05
3.84471e-05
3.84353e-05
3.86296e-05
3.97071e-05
4.36402e-05
5.35198e-05
6.52832e-05
7.47739e-05
8.22852e-05
8.82903e-05
9.30156e-05
9.65989e-05
9.91871e-05
0.00010096
0.000102113
0.000102826
0.000103246
0.000103483
0.000103612
0.000103679
0.000103712
0.000103729
0.000103736
0.00010374
0.000103742
0.000103742
0.000103743
0.000103743
0.000103743
0.000103744
0.000103744
0.000103744
0.000103744
0.000103745
0.000103745
0.000103745
0.000103745
0.000103746
0.000103746
0.000103746
0.000103746
0.000103746
0.000103747
0.000103747
0.000103747
0.000103747
0.000103748
0.000103748
0.000103748
0.000103748
0.000103749
0.000103749
0.000103749
0.000103749
0.000103749
0.00010375
0.00010375
0.00010375
0.00010375
0.000103751
0.000103751
0.000103751
0.000103751
0.000103751
0.000103752
0.000103752
0.000103752
0.000103752
0.000103752
0.000103753
0.000103753
0.000103753
0.000103753
0.000103753
0.000103753
0.000103754
0.000103754
0.000103754
0.000103754
0.000103754
0.000103754
0.000103754
0.000103754
0.000103755
0.000103755
0.000103755
0.000103755
0.000103755
0.000103755
0.000103755
0.000103755
0.000103755
0.000103755
0.000103755
0.000103755
0.000103755
0.000103755
0.000103755
0.000103755
0.000103755
0.000103744
0.000103744
0.000103744
0.000103744
0.000103744
0.000103744
0.000103744
0.000103744
0.000103744
0.000103744
0.000103743
0.000103743
0.000103743
0.000103743
0.000103743
0.000103743
0.000103743
0.000103743
0.000103743
0.000103742
0.000103742
0.000103742
0.000103742
0.000103742
0.000103742
0.000103742
0.000103741
0.000103741
0.000103741
0.000103741
0.000103741
0.00010374
0.00010374
0.00010374
0.00010374
0.000103739
0.000103739
0.000103739
0.000103739
0.000103738
0.000103738
0.000103738
0.000103738
0.000103737
0.000103737
0.000103737
0.000103737
0.000103736
0.000103736
0.000103736
0.000103736
0.000103735
0.000103735
0.000103735
0.000103734
0.000103734
0.000103734
0.000103734
0.000103733
0.000103733
0.000103733
0.000103732
0.000103732
0.000103732
0.000103732
0.000103731
0.000103731
0.000103731
0.00010373
0.00010373
0.00010373
0.00010373
0.000103729
0.000103729
0.000103728
0.000103728
0.000103726
0.000103723
0.000103716
0.0001037
0.000103669
0.000103607
0.000103487
0.000103265
0.000102871
0.000102199
0.000101108
9.94218e-05
9.69487e-05
9.35083e-05
8.89528e-05
8.315e-05
7.58959e-05
6.67557e-05
5.52532e-05
4.46167e-05
3.99773e-05
3.86705e-05
3.84153e-05
3.84204e-05
3.84231e-05
3.84097e-05
3.85998e-05
3.96685e-05
4.35874e-05
5.34771e-05
6.52683e-05
7.47703e-05
8.22853e-05
8.82906e-05
9.30142e-05
9.65949e-05
9.91802e-05
0.000100951
0.000102101
0.000102812
0.000103232
0.000103468
0.000103596
0.000103663
0.000103696
0.000103713
0.00010372
0.000103724
0.000103726
0.000103726
0.000103727
0.000103727
0.000103727
0.000103728
0.000103728
0.000103728
0.000103728
0.000103728
0.000103729
0.000103729
0.000103729
0.000103729
0.00010373
0.00010373
0.00010373
0.00010373
0.000103731
0.000103731
0.000103731
0.000103731
0.000103732
0.000103732
0.000103732
0.000103732
0.000103732
0.000103733
0.000103733
0.000103733
0.000103733
0.000103734
0.000103734
0.000103734
0.000103734
0.000103735
0.000103735
0.000103735
0.000103735
0.000103735
0.000103736
0.000103736
0.000103736
0.000103736
0.000103736
0.000103736
0.000103737
0.000103737
0.000103737
0.000103737
0.000103737
0.000103737
0.000103738
0.000103738
0.000103738
0.000103738
0.000103738
0.000103738
0.000103738
0.000103739
0.000103739
0.000103739
0.000103739
0.000103739
0.000103739
0.000103739
0.000103739
0.000103739
0.000103739
0.000103739
0.000103739
0.000103739
0.000103739
0.000103739
0.000103739
0.000103739
0.000103728
0.000103728
0.000103728
0.000103728
0.000103728
0.000103728
0.000103728
0.000103728
0.000103728
0.000103728
0.000103728
0.000103728
0.000103728
0.000103728
0.000103727
0.000103727
0.000103727
0.000103727
0.000103727
0.000103727
0.000103727
0.000103727
0.000103726
0.000103726
0.000103726
0.000103726
0.000103726
0.000103725
0.000103725
0.000103725
0.000103725
0.000103725
0.000103724
0.000103724
0.000103724
0.000103724
0.000103724
0.000103723
0.000103723
0.000103723
0.000103723
0.000103722
0.000103722
0.000103722
0.000103721
0.000103721
0.000103721
0.000103721
0.00010372
0.00010372
0.00010372
0.00010372
0.000103719
0.000103719
0.000103719
0.000103718
0.000103718
0.000103718
0.000103718
0.000103717
0.000103717
0.000103717
0.000103716
0.000103716
0.000103716
0.000103715
0.000103715
0.000103715
0.000103714
0.000103714
0.000103714
0.000103713
0.000103713
0.000103713
0.000103712
0.000103712
0.00010371
0.000103707
0.0001037
0.000103685
0.000103654
0.000103592
0.000103473
0.000103252
0.000102859
0.000102189
0.000101102
9.942e-05
9.69523e-05
9.35178e-05
8.8968e-05
8.31698e-05
7.59186e-05
6.6777e-05
5.52568e-05
4.45885e-05
3.9945e-05
3.86417e-05
3.83894e-05
3.83961e-05
3.8399e-05
3.83841e-05
3.85705e-05
3.96323e-05
4.35424e-05
5.34488e-05
6.52659e-05
7.47766e-05
8.22932e-05
8.82971e-05
9.30177e-05
9.65945e-05
9.91758e-05
0.000100943
0.000102091
0.0001028
0.000103218
0.000103453
0.000103581
0.000103647
0.000103681
0.000103697
0.000103704
0.000103708
0.000103709
0.00010371
0.000103711
0.000103711
0.000103711
0.000103711
0.000103712
0.000103712
0.000103712
0.000103712
0.000103713
0.000103713
0.000103713
0.000103713
0.000103714
0.000103714
0.000103714
0.000103714
0.000103715
0.000103715
0.000103715
0.000103715
0.000103716
0.000103716
0.000103716
0.000103716
0.000103717
0.000103717
0.000103717
0.000103717
0.000103718
0.000103718
0.000103718
0.000103718
0.000103718
0.000103719
0.000103719
0.000103719
0.000103719
0.00010372
0.00010372
0.00010372
0.00010372
0.00010372
0.000103721
0.000103721
0.000103721
0.000103721
0.000103721
0.000103721
0.000103722
0.000103722
0.000103722
0.000103722
0.000103722
0.000103722
0.000103722
0.000103723
0.000103723
0.000103723
0.000103723
0.000103723
0.000103723
0.000103723
0.000103723
0.000103723
0.000103723
0.000103723
0.000103723
0.000103724
0.000103724
0.000103724
0.000103724
0.000103724
0.000103724
0.000103724
0.000103713
0.000103713
0.000103713
0.000103713
0.000103713
0.000103713
0.000103713
0.000103713
0.000103713
0.000103713
0.000103713
0.000103713
0.000103713
0.000103713
0.000103712
0.000103712
0.000103712
0.000103712
0.000103712
0.000103712
0.000103712
0.000103712
0.000103711
0.000103711
0.000103711
0.000103711
0.000103711
0.00010371
0.00010371
0.00010371
0.00010371
0.00010371
0.000103709
0.000103709
0.000103709
0.000103709
0.000103708
0.000103708
0.000103708
0.000103708
0.000103707
0.000103707
0.000103707
0.000103707
0.000103706
0.000103706
0.000103706
0.000103705
0.000103705
0.000103705
0.000103705
0.000103704
0.000103704
0.000103704
0.000103703
0.000103703
0.000103703
0.000103702
0.000103702
0.000103702
0.000103701
0.000103701
0.000103701
0.0001037
0.0001037
0.0001037
0.000103699
0.000103699
0.000103698
0.000103698
0.000103698
0.000103697
0.000103697
0.000103697
0.000103696
0.000103696
0.000103694
0.000103691
0.000103684
0.000103669
0.000103638
0.000103577
0.000103458
0.000103238
0.000102847
0.000102181
0.000101097
9.94211e-05
9.696e-05
9.35328e-05
8.89902e-05
8.31987e-05
7.59526e-05
6.68126e-05
5.52772e-05
4.45704e-05
3.99157e-05
3.86136e-05
3.83636e-05
3.83717e-05
3.83747e-05
3.83584e-05
3.85418e-05
3.95984e-05
4.35055e-05
5.3436e-05
6.52777e-05
7.47942e-05
8.23102e-05
8.83109e-05
9.30268e-05
9.65983e-05
9.91745e-05
0.000100937
0.000102081
0.000102788
0.000103204
0.000103439
0.000103566
0.000103632
0.000103665
0.000103681
0.000103688
0.000103692
0.000103693
0.000103694
0.000103695
0.000103695
0.000103695
0.000103695
0.000103696
0.000103696
0.000103696
0.000103696
0.000103697
0.000103697
0.000103698
0.000103698
0.000103698
0.000103698
0.000103699
0.000103699
0.000103699
0.0001037
0.0001037
0.0001037
0.0001037
0.000103701
0.000103701
0.000103701
0.000103701
0.000103702
0.000103702
0.000103702
0.000103702
0.000103703
0.000103703
0.000103703
0.000103703
0.000103703
0.000103704
0.000103704
0.000103704
0.000103704
0.000103705
0.000103705
0.000103705
0.000103705
0.000103705
0.000103706
0.000103706
0.000103706
0.000103706
0.000103706
0.000103706
0.000103707
0.000103707
0.000103707
0.000103707
0.000103707
0.000103707
0.000103707
0.000103708
0.000103708
0.000103708
0.000103708
0.000103708
0.000103708
0.000103708
0.000103708
0.000103708
0.000103708
0.000103708
0.000103708
0.000103708
0.000103708
0.000103709
0.000103709
0.000103709
0.000103709
0.0001037
0.0001037
0.0001037
0.0001037
0.0001037
0.0001037
0.0001037
0.000103699
0.000103699
0.000103699
0.000103699
0.000103699
0.000103699
0.000103699
0.000103699
0.000103699
0.000103699
0.000103698
0.000103698
0.000103698
0.000103698
0.000103698
0.000103698
0.000103698
0.000103697
0.000103697
0.000103697
0.000103697
0.000103697
0.000103696
0.000103696
0.000103696
0.000103696
0.000103695
0.000103695
0.000103695
0.000103695
0.000103694
0.000103694
0.000103694
0.000103693
0.000103693
0.000103693
0.000103693
0.000103692
0.000103692
0.000103692
0.000103691
0.000103691
0.000103691
0.00010369
0.00010369
0.00010369
0.000103689
0.000103689
0.000103689
0.000103688
0.000103688
0.000103688
0.000103687
0.000103687
0.000103686
0.000103686
0.000103685
0.000103685
0.000103684
0.000103684
0.000103683
0.000103683
0.000103682
0.000103682
0.000103681
0.000103681
0.000103681
0.000103681
0.00010368
0.000103679
0.000103675
0.000103669
0.000103654
0.000103623
0.000103562
0.000103445
0.000103226
0.000102837
0.000102174
0.000101095
9.94257e-05
9.69726e-05
9.35543e-05
8.90209e-05
8.3238e-05
7.59997e-05
6.68645e-05
5.53168e-05
4.45637e-05
3.98899e-05
3.85865e-05
3.83379e-05
3.83471e-05
3.83502e-05
3.83328e-05
3.85137e-05
3.95673e-05
4.34779e-05
5.34412e-05
6.53058e-05
7.48249e-05
8.23379e-05
8.83333e-05
9.30427e-05
9.66072e-05
9.91768e-05
0.000100934
0.000102074
0.000102778
0.000103192
0.000103425
0.000103552
0.000103617
0.00010365
0.000103666
0.000103673
0.000103676
0.000103678
0.000103678
0.000103679
0.000103679
0.000103679
0.000103679
0.00010368
0.00010368
0.00010368
0.000103681
0.000103681
0.000103682
0.000103682
0.000103683
0.000103683
0.000103684
0.000103684
0.000103684
0.000103685
0.000103685
0.000103685
0.000103686
0.000103686
0.000103686
0.000103686
0.000103687
0.000103687
0.000103687
0.000103687
0.000103688
0.000103688
0.000103688
0.000103689
0.000103689
0.000103689
0.000103689
0.00010369
0.00010369
0.00010369
0.00010369
0.00010369
0.000103691
0.000103691
0.000103691
0.000103691
0.000103692
0.000103692
0.000103692
0.000103692
0.000103692
0.000103692
0.000103693
0.000103693
0.000103693
0.000103693
0.000103693
0.000103693
0.000103694
0.000103694
0.000103694
0.000103694
0.000103694
0.000103694
0.000103694
0.000103694
0.000103694
0.000103694
0.000103694
0.000103695
0.000103695
0.000103695
0.000103695
0.000103695
0.000103695
0.000103695
0.000103695
0.000103689
0.000103689
0.000103689
0.000103689
0.000103689
0.000103689
0.000103689
0.000103689
0.000103688
0.000103688
0.000103688
0.000103688
0.000103688
0.000103688
0.000103688
0.000103688
0.000103688
0.000103687
0.000103687
0.000103687
0.000103687
0.000103687
0.000103687
0.000103686
0.000103686
0.000103686
0.000103686
0.000103685
0.000103685
0.000103685
0.000103685
0.000103684
0.000103684
0.000103684
0.000103684
0.000103683
0.000103683
0.000103683
0.000103682
0.000103682
0.000103682
0.000103681
0.000103681
0.000103681
0.00010368
0.00010368
0.00010368
0.000103679
0.000103679
0.000103679
0.000103678
0.000103678
0.000103677
0.000103677
0.000103677
0.000103676
0.000103676
0.000103675
0.000103675
0.000103674
0.000103674
0.000103673
0.000103672
0.000103671
0.000103671
0.00010367
0.000103669
0.000103668
0.000103667
0.000103666
0.000103666
0.000103666
0.000103665
0.000103665
0.000103665
0.000103665
0.000103664
0.000103661
0.000103654
0.00010364
0.00010361
0.000103549
0.000103432
0.000103216
0.000102829
0.00010217
0.000101097
9.94348e-05
9.69913e-05
9.35839e-05
8.90618e-05
8.32899e-05
7.60622e-05
6.69358e-05
5.53789e-05
4.45704e-05
3.98683e-05
3.85603e-05
3.83122e-05
3.83223e-05
3.83256e-05
3.83072e-05
3.84864e-05
3.95394e-05
4.3461e-05
5.34675e-05
6.53534e-05
7.48712e-05
8.23783e-05
8.83661e-05
9.30668e-05
9.66224e-05
9.91838e-05
0.000100934
0.000102069
0.000102769
0.000103181
0.000103413
0.000103538
0.000103603
0.000103636
0.000103651
0.000103658
0.000103661
0.000103662
0.000103663
0.000103663
0.000103663
0.000103663
0.000103663
0.000103664
0.000103664
0.000103665
0.000103666
0.000103667
0.000103667
0.000103668
0.000103669
0.00010367
0.00010367
0.000103671
0.000103671
0.000103672
0.000103672
0.000103672
0.000103673
0.000103673
0.000103674
0.000103674
0.000103674
0.000103675
0.000103675
0.000103675
0.000103675
0.000103676
0.000103676
0.000103676
0.000103677
0.000103677
0.000103677
0.000103678
0.000103678
0.000103678
0.000103678
0.000103679
0.000103679
0.000103679
0.000103679
0.00010368
0.00010368
0.00010368
0.00010368
0.000103681
0.000103681
0.000103681
0.000103681
0.000103681
0.000103681
0.000103682
0.000103682
0.000103682
0.000103682
0.000103682
0.000103682
0.000103682
0.000103683
0.000103683
0.000103683
0.000103683
0.000103683
0.000103683
0.000103683
0.000103683
0.000103683
0.000103683
0.000103683
0.000103683
0.000103683
0.000103683
0.000103683
0.000103683
0.000103683
0.000103683
0.000103683
0.000103683
0.000103683
0.000103683
0.000103683
0.000103682
0.000103682
0.000103682
0.000103682
0.000103682
0.000103682
0.000103682
0.000103682
0.000103681
0.000103681
0.000103681
0.000103681
0.000103681
0.00010368
0.00010368
0.00010368
0.00010368
0.00010368
0.000103679
0.000103679
0.000103679
0.000103678
0.000103678
0.000103678
0.000103677
0.000103677
0.000103677
0.000103676
0.000103676
0.000103676
0.000103675
0.000103675
0.000103675
0.000103674
0.000103674
0.000103673
0.000103673
0.000103672
0.000103672
0.000103671
0.000103671
0.00010367
0.00010367
0.000103669
0.000103669
0.000103668
0.000103668
0.000103667
0.000103667
0.000103666
0.000103665
0.000103664
0.000103663
0.000103662
0.000103661
0.00010366
0.000103658
0.000103657
0.000103655
0.000103654
0.000103653
0.000103651
0.000103651
0.00010365
0.00010365
0.00010365
0.00010365
0.00010365
0.00010365
0.000103647
0.000103641
0.000103627
0.000103598
0.000103538
0.000103422
0.000103207
0.000102824
0.000102169
0.000101103
9.94499e-05
9.70177e-05
9.36234e-05
8.91151e-05
8.33572e-05
7.61434e-05
6.70303e-05
5.54681e-05
4.45934e-05
3.98516e-05
3.85353e-05
3.82866e-05
3.82972e-05
3.83006e-05
3.82816e-05
3.846e-05
3.95153e-05
4.34572e-05
5.35193e-05
6.54243e-05
7.49366e-05
8.24344e-05
8.84118e-05
9.31013e-05
9.66457e-05
9.91971e-05
0.000100939
0.000102068
0.000102763
0.000103173
0.000103403
0.000103527
0.000103591
0.000103623
0.000103638
0.000103645
0.000103647
0.000103648
0.000103648
0.000103648
0.000103648
0.000103648
0.000103648
0.000103649
0.00010365
0.000103651
0.000103652
0.000103654
0.000103655
0.000103656
0.000103658
0.000103659
0.00010366
0.00010366
0.000103661
0.000103662
0.000103662
0.000103663
0.000103664
0.000103664
0.000103665
0.000103665
0.000103665
0.000103666
0.000103666
0.000103667
0.000103667
0.000103668
0.000103668
0.000103668
0.000103669
0.000103669
0.000103669
0.00010367
0.00010367
0.00010367
0.000103671
0.000103671
0.000103671
0.000103672
0.000103672
0.000103672
0.000103673
0.000103673
0.000103673
0.000103673
0.000103674
0.000103674
0.000103674
0.000103674
0.000103674
0.000103675
0.000103675
0.000103675
0.000103675
0.000103675
0.000103676
0.000103676
0.000103676
0.000103676
0.000103676
0.000103676
0.000103676
0.000103676
0.000103676
0.000103676
0.000103677
0.000103677
0.000103677
0.000103677
0.000103677
0.000103677
0.000103677
0.000103686
0.000103686
0.000103686
0.000103686
0.000103686
0.000103686
0.000103686
0.000103686
0.000103686
0.000103685
0.000103685
0.000103685
0.000103685
0.000103685
0.000103685
0.000103684
0.000103684
0.000103684
0.000103684
0.000103684
0.000103683
0.000103683
0.000103683
0.000103682
0.000103682
0.000103682
0.000103681
0.000103681
0.000103681
0.00010368
0.00010368
0.00010368
0.000103679
0.000103679
0.000103678
0.000103678
0.000103677
0.000103677
0.000103676
0.000103676
0.000103675
0.000103675
0.000103674
0.000103673
0.000103673
0.000103672
0.000103672
0.000103671
0.00010367
0.00010367
0.000103669
0.000103668
0.000103667
0.000103667
0.000103666
0.000103665
0.000103664
0.000103663
0.000103662
0.00010366
0.000103659
0.000103657
0.000103655
0.000103653
0.00010365
0.000103647
0.000103645
0.000103642
0.00010364
0.000103638
0.000103636
0.000103636
0.000103636
0.000103636
0.000103637
0.000103638
0.000103638
0.000103637
0.000103632
0.000103618
0.00010359
0.000103531
0.000103417
0.000103204
0.000102824
0.000102174
0.000101116
9.94733e-05
9.70545e-05
9.36757e-05
8.91841e-05
8.34433e-05
7.62474e-05
6.71529e-05
5.55904e-05
4.46366e-05
3.98411e-05
3.85118e-05
3.8261e-05
3.82719e-05
3.82753e-05
3.8256e-05
3.84347e-05
3.9496e-05
4.34695e-05
5.36025e-05
6.55238e-05
7.50252e-05
8.25099e-05
8.84736e-05
9.3149e-05
9.66797e-05
9.92189e-05
0.000100951
0.000102072
0.000102763
0.000103169
0.000103397
0.00010352
0.000103583
0.000103614
0.000103628
0.000103634
0.000103636
0.000103636
0.000103635
0.000103634
0.000103633
0.000103633
0.000103634
0.000103635
0.000103636
0.000103639
0.000103641
0.000103644
0.000103646
0.000103649
0.000103651
0.000103653
0.000103654
0.000103656
0.000103657
0.000103658
0.000103659
0.00010366
0.000103661
0.000103661
0.000103662
0.000103663
0.000103664
0.000103664
0.000103665
0.000103665
0.000103666
0.000103666
0.000103667
0.000103668
0.000103668
0.000103669
0.000103669
0.00010367
0.00010367
0.00010367
0.000103671
0.000103671
0.000103672
0.000103672
0.000103673
0.000103673
0.000103673
0.000103674
0.000103674
0.000103674
0.000103675
0.000103675
0.000103675
0.000103675
0.000103676
0.000103676
0.000103676
0.000103676
0.000103677
0.000103677
0.000103677
0.000103677
0.000103677
0.000103678
0.000103678
0.000103678
0.000103678
0.000103678
0.000103678
0.000103678
0.000103678
0.000103678
0.000103678
0.000103679
0.000103679
0.000103679
0.000103679
0.000103705
0.000103705
0.000103705
0.000103705
0.000103705
0.000103705
0.000103705
0.000103704
0.000103704
0.000103704
0.000103704
0.000103704
0.000103704
0.000103703
0.000103703
0.000103703
0.000103703
0.000103702
0.000103702
0.000103702
0.000103701
0.000103701
0.000103701
0.0001037
0.0001037
0.000103699
0.000103699
0.000103698
0.000103698
0.000103697
0.000103697
0.000103696
0.000103696
0.000103695
0.000103694
0.000103694
0.000103693
0.000103692
0.000103691
0.000103691
0.00010369
0.000103689
0.000103688
0.000103687
0.000103687
0.000103686
0.000103685
0.000103684
0.000103683
0.000103682
0.000103681
0.000103679
0.000103678
0.000103677
0.000103676
0.000103674
0.000103673
0.000103671
0.000103669
0.000103667
0.000103665
0.000103661
0.000103658
0.000103654
0.000103649
0.000103644
0.000103639
0.000103634
0.00010363
0.000103627
0.000103624
0.000103623
0.000103623
0.000103625
0.000103627
0.000103629
0.000103631
0.000103631
0.000103628
0.000103616
0.000103588
0.000103531
0.000103419
0.000103208
0.000102832
0.000102189
0.000101139
9.95087e-05
9.71055e-05
9.37449e-05
8.92731e-05
8.35531e-05
7.63797e-05
6.73102e-05
5.57534e-05
4.47051e-05
3.98383e-05
3.84902e-05
3.82355e-05
3.82461e-05
3.82496e-05
3.82303e-05
3.84108e-05
3.94825e-05
4.3502e-05
5.37246e-05
6.56587e-05
7.51428e-05
8.26097e-05
8.8556e-05
9.32141e-05
9.67284e-05
9.9253e-05
0.000100974
0.000102086
0.000102771
0.000103173
0.000103398
0.00010352
0.000103582
0.000103611
0.000103624
0.000103629
0.000103629
0.000103627
0.000103625
0.000103623
0.000103621
0.00010362
0.000103621
0.000103623
0.000103626
0.00010363
0.000103635
0.000103639
0.000103644
0.000103648
0.000103652
0.000103656
0.000103659
0.000103661
0.000103663
0.000103665
0.000103667
0.000103668
0.000103669
0.000103671
0.000103672
0.000103673
0.000103674
0.000103675
0.000103676
0.000103676
0.000103677
0.000103678
0.000103679
0.00010368
0.000103681
0.000103681
0.000103682
0.000103683
0.000103683
0.000103684
0.000103685
0.000103685
0.000103686
0.000103686
0.000103687
0.000103688
0.000103688
0.000103689
0.000103689
0.000103689
0.00010369
0.00010369
0.000103691
0.000103691
0.000103691
0.000103692
0.000103692
0.000103692
0.000103693
0.000103693
0.000103693
0.000103694
0.000103694
0.000103694
0.000103694
0.000103694
0.000103695
0.000103695
0.000103695
0.000103695
0.000103695
0.000103695
0.000103695
0.000103695
0.000103695
0.000103695
0.000103695
0.00010375
0.00010375
0.00010375
0.00010375
0.00010375
0.00010375
0.00010375
0.000103749
0.000103749
0.000103749
0.000103749
0.000103749
0.000103748
0.000103748
0.000103748
0.000103747
0.000103747
0.000103746
0.000103746
0.000103745
0.000103745
0.000103744
0.000103744
0.000103743
0.000103743
0.000103742
0.000103741
0.000103741
0.00010374
0.000103739
0.000103738
0.000103737
0.000103736
0.000103736
0.000103735
0.000103734
0.000103733
0.000103732
0.00010373
0.000103729
0.000103728
0.000103727
0.000103726
0.000103724
0.000103723
0.000103722
0.00010372
0.000103719
0.000103717
0.000103715
0.000103714
0.000103712
0.00010371
0.000103708
0.000103706
0.000103704
0.000103702
0.000103699
0.000103696
0.000103692
0.000103687
0.000103682
0.000103676
0.000103669
0.000103661
0.000103652
0.000103643
0.000103634
0.000103627
0.00010362
0.000103616
0.000103614
0.000103615
0.000103618
0.000103622
0.000103627
0.000103632
0.000103635
0.000103634
0.000103624
0.000103599
0.000103544
0.000103433
0.000103226
0.000102854
0.000102218
0.000101178
9.95619e-05
9.71765e-05
9.3837e-05
8.93884e-05
8.36932e-05
7.65474e-05
6.75105e-05
5.5967e-05
4.48056e-05
3.98455e-05
3.84711e-05
3.82103e-05
3.82198e-05
3.82234e-05
3.82046e-05
3.83886e-05
3.94766e-05
4.35603e-05
5.38955e-05
6.58375e-05
7.52967e-05
8.27405e-05
8.86654e-05
9.33027e-05
9.67975e-05
9.93052e-05
0.000101012
0.000102115
0.000102793
0.00010319
0.000103413
0.000103532
0.000103592
0.00010362
0.00010363
0.000103632
0.00010363
0.000103625
0.00010362
0.000103616
0.000103613
0.000103611
0.000103613
0.000103616
0.000103622
0.000103629
0.000103637
0.000103645
0.000103654
0.000103662
0.000103669
0.000103675
0.00010368
0.000103684
0.000103687
0.00010369
0.000103693
0.000103695
0.000103697
0.000103699
0.000103701
0.000103703
0.000103704
0.000103706
0.000103707
0.000103709
0.00010371
0.000103711
0.000103713
0.000103714
0.000103715
0.000103716
0.000103717
0.000103718
0.000103719
0.00010372
0.000103721
0.000103722
0.000103723
0.000103724
0.000103725
0.000103726
0.000103726
0.000103727
0.000103728
0.000103728
0.000103729
0.00010373
0.00010373
0.000103731
0.000103731
0.000103732
0.000103732
0.000103733
0.000103733
0.000103734
0.000103734
0.000103734
0.000103735
0.000103735
0.000103735
0.000103736
0.000103736
0.000103736
0.000103736
0.000103736
0.000103736
0.000103737
0.000103737
0.000103737
0.000103737
0.000103737
0.000103737
0.000103837
0.000103837
0.000103837
0.000103837
0.000103837
0.000103836
0.000103836
0.000103836
0.000103836
0.000103835
0.000103835
0.000103835
0.000103834
0.000103834
0.000103833
0.000103833
0.000103832
0.000103831
0.000103831
0.00010383
0.000103829
0.000103829
0.000103828
0.000103827
0.000103826
0.000103825
0.000103824
0.000103823
0.000103822
0.000103821
0.000103819
0.000103818
0.000103817
0.000103815
0.000103814
0.000103813
0.000103811
0.000103809
0.000103808
0.000103806
0.000103804
0.000103802
0.0001038
0.000103798
0.000103796
0.000103794
0.000103792
0.00010379
0.000103787
0.000103785
0.000103782
0.000103779
0.000103776
0.000103773
0.00010377
0.000103766
0.000103762
0.000103758
0.000103753
0.000103746
0.000103739
0.00010373
0.00010372
0.000103707
0.000103694
0.000103678
0.000103663
0.000103648
0.000103634
0.000103623
0.000103616
0.000103613
0.000103614
0.000103619
0.000103627
0.000103636
0.000103645
0.000103653
0.000103656
0.000103651
0.000103629
0.000103577
0.00010347
0.000103266
0.000102899
0.000102271
0.000101242
9.96417e-05
9.72763e-05
9.39607e-05
8.95388e-05
8.38725e-05
7.676e-05
6.77642e-05
5.6244e-05
4.49475e-05
3.98656e-05
3.84551e-05
3.81852e-05
3.8193e-05
3.81966e-05
3.8179e-05
3.83687e-05
3.94805e-05
4.36518e-05
5.41279e-05
6.60713e-05
7.54968e-05
8.29116e-05
8.88106e-05
9.34236e-05
9.68958e-05
9.93842e-05
0.000101076
0.000102167
0.000102838
0.00010323
0.000103449
0.000103564
0.000103622
0.000103646
0.000103653
0.000103651
0.000103644
0.000103634
0.000103625
0.000103617
0.000103611
0.000103609
0.000103611
0.000103618
0.000103627
0.00010364
0.000103654
0.000103669
0.000103684
0.000103697
0.000103709
0.000103719
0.000103728
0.000103735
0.000103741
0.000103746
0.00010375
0.000103754
0.000103757
0.00010376
0.000103763
0.000103766
0.000103768
0.000103771
0.000103773
0.000103775
0.000103778
0.00010378
0.000103782
0.000103783
0.000103785
0.000103787
0.000103789
0.00010379
0.000103792
0.000103793
0.000103795
0.000103796
0.000103798
0.000103799
0.0001038
0.000103801
0.000103802
0.000103804
0.000103805
0.000103806
0.000103807
0.000103807
0.000103808
0.000103809
0.00010381
0.000103811
0.000103811
0.000103812
0.000103813
0.000103813
0.000103814
0.000103814
0.000103815
0.000103815
0.000103816
0.000103816
0.000103816
0.000103817
0.000103817
0.000103817
0.000103818
0.000103818
0.000103818
0.000103818
0.000103818
0.000103818
0.000103818
0.000103987
0.000103987
0.000103987
0.000103987
0.000103987
0.000103986
0.000103986
0.000103986
0.000103985
0.000103985
0.000103984
0.000103984
0.000103983
0.000103982
0.000103982
0.000103981
0.00010398
0.000103979
0.000103978
0.000103977
0.000103976
0.000103975
0.000103974
0.000103972
0.000103971
0.000103969
0.000103968
0.000103966
0.000103965
0.000103963
0.000103961
0.000103959
0.000103957
0.000103955
0.000103953
0.000103951
0.000103949
0.000103946
0.000103944
0.000103941
0.000103938
0.000103935
0.000103932
0.000103929
0.000103926
0.000103923
0.000103919
0.000103916
0.000103912
0.000103908
0.000103904
0.0001039
0.000103895
0.00010389
0.000103885
0.00010388
0.000103873
0.000103866
0.000103858
0.000103848
0.000103836
0.000103822
0.000103804
0.000103784
0.000103761
0.000103736
0.00010371
0.000103684
0.000103661
0.000103642
0.00010363
0.000103624
0.000103626
0.000103634
0.000103647
0.000103663
0.000103681
0.000103696
0.000103707
0.000103708
0.000103691
0.000103643
0.00010354
0.000103341
0.000102981
0.000102361
0.000101345
9.97611e-05
9.74179e-05
9.41287e-05
8.97365e-05
8.41033e-05
7.70301e-05
6.80852e-05
5.66005e-05
4.5143e-05
3.99026e-05
3.84435e-05
3.81607e-05
3.81655e-05
3.8169e-05
3.81535e-05
3.8352e-05
3.94972e-05
4.37866e-05
5.44382e-05
6.63743e-05
7.57558e-05
8.31352e-05
8.9004e-05
9.35892e-05
9.70362e-05
9.9503e-05
0.000101178
0.000102257
0.000102918
0.000103304
0.000103519
0.00010363
0.000103683
0.000103703
0.000103704
0.000103694
0.00010368
0.000103662
0.000103646
0.000103632
0.000103622
0.000103619
0.000103623
0.000103634
0.000103651
0.000103673
0.000103697
0.000103722
0.000103746
0.000103769
0.000103788
0.000103805
0.00010382
0.000103831
0.000103841
0.000103849
0.000103856
0.000103862
0.000103867
0.000103872
0.000103876
0.000103881
0.000103885
0.000103888
0.000103892
0.000103895
0.000103899
0.000103902
0.000103905
0.000103908
0.000103911
0.000103913
0.000103916
0.000103918
0.000103921
0.000103923
0.000103925
0.000103927
0.000103929
0.000103931
0.000103933
0.000103935
0.000103937
0.000103938
0.00010394
0.000103941
0.000103943
0.000103944
0.000103945
0.000103947
0.000103948
0.000103949
0.00010395
0.000103951
0.000103952
0.000103953
0.000103954
0.000103954
0.000103955
0.000103956
0.000103956
0.000103957
0.000103958
0.000103958
0.000103958
0.000103959
0.000103959
0.000103959
0.00010396
0.00010396
0.00010396
0.00010396
0.00010396
0.000104229
0.000104229
0.000104229
0.000104229
0.000104229
0.000104228
0.000104228
0.000104227
0.000104227
0.000104226
0.000104225
0.000104224
0.000104223
0.000104222
0.000104221
0.00010422
0.000104219
0.000104218
0.000104216
0.000104215
0.000104213
0.000104211
0.00010421
0.000104208
0.000104206
0.000104203
0.000104201
0.000104199
0.000104197
0.000104194
0.000104191
0.000104189
0.000104186
0.000104183
0.000104179
0.000104176
0.000104173
0.000104169
0.000104165
0.000104161
0.000104157
0.000104153
0.000104149
0.000104144
0.000104139
0.000104134
0.000104129
0.000104124
0.000104118
0.000104112
0.000104106
0.0001041
0.000104093
0.000104085
0.000104077
0.000104069
0.000104059
0.000104048
0.000104035
0.00010402
0.000104001
0.000103979
0.000103951
0.000103919
0.000103882
0.000103842
0.000103799
0.000103758
0.00010372
0.000103689
0.000103667
0.000103657
0.000103659
0.000103671
0.000103693
0.00010372
0.00010375
0.000103777
0.000103799
0.00010381
0.000103802
0.000103761
0.000103664
0.000103471
0.000103118
0.000102507
0.000101504
9.99391e-05
9.76194e-05
9.43586e-05
8.99987e-05
8.44022e-05
7.73743e-05
6.84911e-05
5.70572e-05
4.54092e-05
3.99623e-05
3.84377e-05
3.81368e-05
3.81372e-05
3.81405e-05
3.81282e-05
3.83394e-05
3.9531e-05
4.39785e-05
5.48478e-05
6.67648e-05
7.60908e-05
8.34283e-05
8.92629e-05
9.38174e-05
9.72368e-05
9.96802e-05
0.000101336
0.000102402
0.000103054
0.000103433
0.000103641
0.000103747
0.000103794
0.000103805
0.000103797
0.000103776
0.000103749
0.00010372
0.000103692
0.00010367
0.000103655
0.000103651
0.000103658
0.000103677
0.000103705
0.00010374
0.00010378
0.000103821
0.00010386
0.000103896
0.000103928
0.000103955
0.000103977
0.000103995
0.00010401
0.000104023
0.000104034
0.000104043
0.000104051
0.000104058
0.000104065
0.000104072
0.000104078
0.000104083
0.000104089
0.000104094
0.000104099
0.000104104
0.000104108
0.000104113
0.000104117
0.000104121
0.000104125
0.000104129
0.000104132
0.000104136
0.000104139
0.000104142
0.000104145
0.000104148
0.000104151
0.000104153
0.000104156
0.000104158
0.000104161
0.000104163
0.000104165
0.000104167
0.000104169
0.000104171
0.000104172
0.000104174
0.000104176
0.000104177
0.000104178
0.00010418
0.000104181
0.000104182
0.000104183
0.000104184
0.000104185
0.000104186
0.000104187
0.000104187
0.000104188
0.000104189
0.000104189
0.000104189
0.00010419
0.00010419
0.00010419
0.00010419
0.000104191
0.000104599
0.000104599
0.000104598
0.000104598
0.000104598
0.000104597
0.000104596
0.000104596
0.000104595
0.000104594
0.000104593
0.000104592
0.00010459
0.000104589
0.000104587
0.000104586
0.000104584
0.000104582
0.00010458
0.000104578
0.000104575
0.000104573
0.00010457
0.000104568
0.000104565
0.000104562
0.000104559
0.000104555
0.000104552
0.000104548
0.000104544
0.00010454
0.000104536
0.000104532
0.000104527
0.000104522
0.000104517
0.000104512
0.000104507
0.000104501
0.000104495
0.000104489
0.000104483
0.000104476
0.000104469
0.000104462
0.000104455
0.000104447
0.000104438
0.00010443
0.000104421
0.000104411
0.000104401
0.00010439
0.000104379
0.000104366
0.000104352
0.000104336
0.000104316
0.000104293
0.000104265
0.000104231
0.000104189
0.00010414
0.000104083
0.000104021
0.000103955
0.000103889
0.000103829
0.000103779
0.000103744
0.000103726
0.000103727
0.000103745
0.000103778
0.000103821
0.000103869
0.000103915
0.000103954
0.00010398
0.000103985
0.000103955
0.000103866
0.000103681
0.000103336
0.000102736
0.000101747
0.000100201
9.79063e-05
9.46752e-05
9.03493e-05
8.47921e-05
7.78148e-05
6.90048e-05
5.76409e-05
4.57695e-05
4.00528e-05
3.84399e-05
3.81141e-05
3.81081e-05
3.81112e-05
3.81035e-05
3.83327e-05
3.95879e-05
4.42468e-05
5.53842e-05
6.72666e-05
7.65243e-05
8.38136e-05
8.96108e-05
9.41326e-05
9.75228e-05
9.99413e-05
0.000101578
0.000102629
0.00010327
0.000103641
0.000103842
0.00010394
0.000103977
0.000103976
0.000103953
0.000103916
0.00010387
0.000103823
0.000103779
0.000103743
0.000103721
0.000103716
0.000103729
0.00010376
0.000103806
0.000103863
0.000103925
0.000103989
0.00010405
0.000104106
0.000104155
0.000104196
0.00010423
0.000104258
0.00010428
0.000104299
0.000104315
0.000104328
0.000104341
0.000104351
0.000104362
0.000104371
0.00010438
0.000104388
0.000104396
0.000104404
0.000104411
0.000104418
0.000104425
0.000104431
0.000104438
0.000104443
0.000104449
0.000104455
0.00010446
0.000104465
0.000104469
0.000104474
0.000104478
0.000104482
0.000104486
0.00010449
0.000104494
0.000104497
0.000104501
0.000104504
0.000104507
0.00010451
0.000104513
0.000104515
0.000104518
0.00010452
0.000104522
0.000104524
0.000104526
0.000104528
0.00010453
0.000104532
0.000104533
0.000104535
0.000104536
0.000104537
0.000104538
0.000104539
0.00010454
0.000104541
0.000104542
0.000104542
0.000104543
0.000104543
0.000104543
0.000104543
0.000104544
0.000105135
0.000105135
0.000105134
0.000105134
0.000105133
0.000105133
0.000105132
0.000105131
0.00010513
0.000105128
0.000105127
0.000105125
0.000105123
0.000105121
0.000105119
0.000105117
0.000105114
0.000105112
0.000105109
0.000105106
0.000105103
0.000105099
0.000105096
0.000105092
0.000105088
0.000105084
0.00010508
0.000105075
0.00010507
0.000105065
0.00010506
0.000105054
0.000105048
0.000105042
0.000105036
0.000105029
0.000105022
0.000105015
0.000105008
0.000105
0.000104992
0.000104983
0.000104974
0.000104965
0.000104955
0.000104945
0.000104934
0.000104923
0.000104912
0.000104899
0.000104887
0.000104873
0.000104859
0.000104844
0.000104827
0.000104809
0.000104789
0.000104766
0.000104738
0.000104705
0.000104665
0.000104615
0.000104554
0.000104482
0.000104398
0.000104305
0.000104206
0.000104107
0.000104015
0.000103938
0.000103881
0.000103851
0.000103849
0.000103874
0.000103922
0.000103986
0.000104059
0.000104132
0.000104197
0.000104245
0.000104269
0.000104254
0.000104178
0.000104003
0.000103668
0.00010308
0.000102107
0.000100581
9.8312e-05
9.51112e-05
9.08198e-05
8.53035e-05
7.83812e-05
6.9656e-05
5.83854e-05
4.62569e-05
4.01858e-05
3.84535e-05
3.80933e-05
3.80783e-05
3.8081e-05
3.808e-05
3.83342e-05
3.96766e-05
4.46194e-05
5.60835e-05
6.79102e-05
7.70862e-05
8.43219e-05
9.00794e-05
9.45674e-05
9.79273e-05
0.00010032
0.000101936
0.000102971
0.0001036
0.000103961
0.000104152
0.000104239
0.000104261
0.000104243
0.000104198
0.000104136
0.000104064
0.000103991
0.000103924
0.000103871
0.00010384
0.000103835
0.000103859
0.000103908
0.00010398
0.000104067
0.000104162
0.000104259
0.00010435
0.000104433
0.000104504
0.000104565
0.000104614
0.000104654
0.000104687
0.000104714
0.000104737
0.000104756
0.000104774
0.000104789
0.000104804
0.000104817
0.00010483
0.000104841
0.000104853
0.000104864
0.000104874
0.000104884
0.000104893
0.000104902
0.000104911
0.000104919
0.000104927
0.000104935
0.000104942
0.000104949
0.000104956
0.000104962
0.000104968
0.000104974
0.000104979
0.000104985
0.00010499
0.000104995
0.000104999
0.000105004
0.000105008
0.000105012
0.000105016
0.00010502
0.000105023
0.000105026
0.000105029
0.000105032
0.000105035
0.000105038
0.00010504
0.000105042
0.000105044
0.000105046
0.000105048
0.00010505
0.000105051
0.000105053
0.000105054
0.000105055
0.000105056
0.000105057
0.000105058
0.000105058
0.000105059
0.000105059
0.000105059
0.00010588
0.000105879
0.000105879
0.000105878
0.000105878
0.000105877
0.000105875
0.000105874
0.000105872
0.000105871
0.000105869
0.000105866
0.000105864
0.000105861
0.000105859
0.000105856
0.000105852
0.000105849
0.000105845
0.000105841
0.000105837
0.000105832
0.000105827
0.000105822
0.000105817
0.000105812
0.000105806
0.0001058
0.000105793
0.000105786
0.000105779
0.000105772
0.000105764
0.000105756
0.000105747
0.000105738
0.000105729
0.000105719
0.000105709
0.000105699
0.000105688
0.000105676
0.000105664
0.000105651
0.000105638
0.000105625
0.00010561
0.000105595
0.000105579
0.000105563
0.000105546
0.000105527
0.000105508
0.000105487
0.000105465
0.00010544
0.000105413
0.000105381
0.000105343
0.000105298
0.000105241
0.000105172
0.000105088
0.000104986
0.000104868
0.000104735
0.000104593
0.000104449
0.000104313
0.000104196
0.000104109
0.000104059
0.00010405
0.000104081
0.000104147
0.000104239
0.000104346
0.000104455
0.000104555
0.000104636
0.000104687
0.000104694
0.000104636
0.000104476
0.000104154
0.00010358
0.000102624
0.00010112
9.88782e-05
9.57086e-05
9.1452e-05
8.59769e-05
7.91127e-05
7.04835e-05
5.93343e-05
4.6919e-05
4.03791e-05
3.84836e-05
3.80759e-05
3.8048e-05
3.805e-05
3.80584e-05
3.83476e-05
3.98104e-05
4.51367e-05
5.69924e-05
6.87355e-05
7.7816e-05
8.49934e-05
9.07102e-05
9.51636e-05
9.84921e-05
0.000100857
0.00010245
0.000103468
0.000104083
0.000104432
0.000104609
0.00010468
0.000104682
0.000104637
0.000104561
0.000104464
0.000104356
0.000104247
0.00010415
0.000104076
0.000104036
0.000104034
0.000104073
0.000104151
0.000104259
0.000104389
0.000104528
0.000104668
0.000104799
0.000104917
0.000105018
0.000105103
0.000105172
0.000105228
0.000105273
0.00010531
0.000105341
0.000105368
0.000105392
0.000105413
0.000105432
0.000105451
0.000105468
0.000105484
0.0001055
0.000105514
0.000105528
0.000105542
0.000105555
0.000105567
0.000105579
0.00010559
0.000105601
0.000105611
0.000105621
0.00010563
0.000105639
0.000105648
0.000105656
0.000105664
0.000105671
0.000105678
0.000105685
0.000105692
0.000105698
0.000105704
0.00010571
0.000105715
0.00010572
0.000105725
0.00010573
0.000105734
0.000105738
0.000105742
0.000105746
0.000105749
0.000105753
0.000105756
0.000105759
0.000105761
0.000105764
0.000105766
0.000105768
0.00010577
0.000105771
0.000105773
0.000105774
0.000105775
0.000105776
0.000105777
0.000105777
0.000105778
0.000105778
0.00010687
0.00010687
0.00010687
0.000106869
0.000106868
0.000106867
0.000106865
0.000106863
0.000106861
0.000106859
0.000106857
0.000106854
0.000106851
0.000106847
0.000106844
0.00010684
0.000106835
0.000106831
0.000106826
0.000106821
0.000106816
0.00010681
0.000106804
0.000106797
0.00010679
0.000106783
0.000106776
0.000106768
0.000106759
0.000106751
0.000106742
0.000106732
0.000106722
0.000106711
0.0001067
0.000106689
0.000106677
0.000106664
0.000106651
0.000106637
0.000106623
0.000106608
0.000106592
0.000106576
0.000106559
0.000106541
0.000106522
0.000106503
0.000106482
0.000106461
0.000106438
0.000106414
0.000106389
0.000106362
0.000106333
0.000106301
0.000106265
0.000106223
0.000106173
0.000106113
0.000106039
0.000105947
0.000105834
0.000105697
0.000105537
0.000105355
0.000105158
0.000104957
0.000104765
0.000104596
0.000104466
0.000104386
0.000104363
0.000104396
0.000104481
0.000104606
0.000104755
0.000104912
0.00010506
0.000105186
0.000105275
0.000105314
0.00010528
0.00010514
0.000104836
0.00010428
0.000103345
0.000101867
9.96548e-05
9.6519e-05
9.22984e-05
8.68648e-05
8.00611e-05
7.15382e-05
6.05433e-05
4.78253e-05
4.06605e-05
3.8538e-05
3.80641e-05
3.8018e-05
3.8019e-05
3.80406e-05
3.83785e-05
4.00096e-05
4.58595e-05
5.8171e-05
6.97942e-05
7.87654e-05
8.58807e-05
9.15555e-05
9.59728e-05
9.92671e-05
0.000101601
0.000103168
0.000104165
0.000104763
0.000105095
0.000105254
0.000105302
0.000105275
0.000105194
0.000105075
0.00010493
0.000104773
0.000104618
0.000104484
0.000104386
0.000104338
0.000104345
0.00010441
0.000104527
0.000104686
0.00010487
0.000105067
0.000105261
0.000105441
0.000105602
0.000105739
0.000105853
0.000105945
0.00010602
0.00010608
0.000106129
0.00010617
0.000106205
0.000106236
0.000106264
0.00010629
0.000106314
0.000106336
0.000106357
0.000106378
0.000106397
0.000106415
0.000106433
0.000106449
0.000106465
0.000106481
0.000106495
0.000106509
0.000106523
0.000106535
0.000106548
0.000106559
0.000106571
0.000106581
0.000106591
0.000106601
0.000106611
0.000106619
0.000106628
0.000106636
0.000106644
0.000106651
0.000106658
0.000106665
0.000106671
0.000106677
0.000106683
0.000106688
0.000106693
0.000106698
0.000106702
0.000106707
0.00010671
0.000106714
0.000106718
0.000106721
0.000106723
0.000106726
0.000106728
0.000106731
0.000106732
0.000106734
0.000106736
0.000106737
0.000106738
0.000106738
0.000106739
0.000106739
0.000108136
0.000108135
0.000108135
0.000108134
0.000108133
0.000108131
0.000108129
0.000108127
0.000108125
0.000108122
0.000108119
0.000108115
0.000108111
0.000108107
0.000108103
0.000108098
0.000108093
0.000108087
0.000108081
0.000108075
0.000108068
0.000108061
0.000108053
0.000108045
0.000108037
0.000108028
0.000108019
0.000108009
0.000107999
0.000107988
0.000107976
0.000107964
0.000107952
0.000107939
0.000107925
0.000107911
0.000107896
0.00010788
0.000107864
0.000107847
0.000107829
0.00010781
0.000107791
0.00010777
0.000107749
0.000107727
0.000107703
0.000107679
0.000107653
0.000107626
0.000107598
0.000107568
0.000107536
0.000107503
0.000107466
0.000107426
0.00010738
0.000107328
0.000107265
0.00010719
0.000107096
0.000106979
0.000106834
0.000106659
0.000106451
0.000106213
0.000105953
0.000105683
0.000105421
0.000105185
0.000104997
0.000104872
0.000104823
0.000104852
0.000104953
0.000105112
0.000105311
0.000105527
0.000105737
0.000105921
0.000106063
0.000106145
0.000106147
0.000106035
0.000105756
0.000105224
0.000104317
0.000102871
0.000100698
9.76029e-05
9.34238e-05
8.80349e-05
8.12944e-05
7.2888e-05
6.20848e-05
4.90789e-05
4.10752e-05
3.86297e-05
3.80617e-05
3.79898e-05
3.79892e-05
3.80293e-05
3.84364e-05
4.03075e-05
4.68821e-05
5.96974e-05
7.11548e-05
8.00027e-05
8.70513e-05
9.26805e-05
9.70559e-05
0.000100309
0.000102604
0.000104138
0.000105108
0.000105682
0.000105992
0.000106126
0.000106142
0.000106074
0.000105944
0.000105767
0.00010556
0.00010534
0.000105131
0.000104954
0.000104832
0.000104781
0.000104807
0.000104911
0.000105083
0.000105306
0.000105561
0.000105826
0.000106085
0.000106323
0.000106533
0.000106711
0.000106857
0.000106975
0.00010707
0.000107146
0.000107208
0.000107259
0.000107303
0.000107342
0.000107377
0.00010741
0.00010744
0.000107468
0.000107495
0.000107521
0.000107545
0.000107568
0.00010759
0.000107611
0.000107631
0.00010765
0.000107668
0.000107686
0.000107702
0.000107718
0.000107734
0.000107748
0.000107762
0.000107776
0.000107788
0.000107801
0.000107812
0.000107823
0.000107834
0.000107844
0.000107854
0.000107863
0.000107871
0.00010788
0.000107888
0.000107895
0.000107902
0.000107909
0.000107915
0.000107921
0.000107926
0.000107932
0.000107936
0.000107941
0.000107945
0.000107949
0.000107953
0.000107956
0.000107959
0.000107961
0.000107964
0.000107966
0.000107968
0.000107969
0.00010797
0.000107971
0.000107972
0.000107972
0.000109688
0.000109687
0.000109687
0.000109686
0.000109684
0.000109682
0.00010968
0.000109677
0.000109675
0.000109671
0.000109667
0.000109663
0.000109659
0.000109654
0.000109649
0.000109643
0.000109637
0.00010963
0.000109623
0.000109615
0.000109607
0.000109599
0.00010959
0.00010958
0.00010957
0.00010956
0.000109549
0.000109537
0.000109525
0.000109512
0.000109498
0.000109484
0.000109469
0.000109454
0.000109437
0.00010942
0.000109403
0.000109384
0.000109364
0.000109344
0.000109322
0.0001093
0.000109277
0.000109252
0.000109227
0.0001092
0.000109172
0.000109142
0.000109111
0.000109079
0.000109045
0.000109009
0.000108971
0.00010893
0.000108886
0.000108838
0.000108783
0.00010872
0.000108645
0.000108554
0.000108441
0.000108299
0.000108123
0.000107908
0.00010765
0.000107353
0.000107024
0.000106678
0.000106333
0.000106017
0.000105753
0.000105566
0.000105473
0.000105483
0.000105589
0.00010578
0.000106032
0.000106316
0.000106601
0.000106861
0.000107072
0.000107214
0.000107265
0.000107193
0.00010695
0.000106452
0.000105584
0.000104184
0.000102065
9.90278e-05
9.49056e-05
8.95727e-05
8.29032e-05
7.46247e-05
6.40544e-05
5.08347e-05
4.17012e-05
3.87808e-05
3.80754e-05
3.79659e-05
3.79628e-05
3.80294e-05
3.85371e-05
4.07615e-05
4.83549e-05
6.16732e-05
7.2909e-05
8.16178e-05
8.85907e-05
9.41629e-05
9.84813e-05
0.000101676
0.000103917
0.000105405
0.000106337
0.000106879
0.000107157
0.000107255
0.000107227
0.000107105
0.000106909
0.000106658
0.000106372
0.000106078
0.000105805
0.000105585
0.000105445
0.000105402
0.000105463
0.000105624
0.000105868
0.000106173
0.00010651
0.000106855
0.000107186
0.000107486
0.000107748
0.000107967
0.000108147
0.000108291
0.000108405
0.000108497
0.000108572
0.000108634
0.000108687
0.000108734
0.000108777
0.000108816
0.000108852
0.000108886
0.000108918
0.000108949
0.000108978
0.000109006
0.000109033
0.000109058
0.000109082
0.000109105
0.000109127
0.000109148
0.000109168
0.000109187
0.000109206
0.000109223
0.00010924
0.000109256
0.000109271
0.000109286
0.0001093
0.000109313
0.000109326
0.000109338
0.000109349
0.00010936
0.000109371
0.000109381
0.00010939
0.000109399
0.000109407
0.000109415
0.000109423
0.00010943
0.000109437
0.000109443
0.000109449
0.000109454
0.000109459
0.000109464
0.000109468
0.000109472
0.000109475
0.000109478
0.000109481
0.000109484
0.000109486
0.000109487
0.000109489
0.00010949
0.00010949
0.000109491
0.000111517
0.000111516
0.000111515
0.000111514
0.000111512
0.00011151
0.000111508
0.000111505
0.000111502
0.000111498
0.000111494
0.000111489
0.000111484
0.000111478
0.000111472
0.000111466
0.000111458
0.000111451
0.000111443
0.000111434
0.000111425
0.000111416
0.000111405
0.000111394
0.000111383
0.000111371
0.000111358
0.000111345
0.000111331
0.000111316
0.000111301
0.000111284
0.000111267
0.00011125
0.000111231
0.000111211
0.000111191
0.000111169
0.000111147
0.000111124
0.000111099
0.000111073
0.000111046
0.000111018
0.000110989
0.000110958
0.000110925
0.000110892
0.000110856
0.000110819
0.000110779
0.000110738
0.000110694
0.000110647
0.000110596
0.000110541
0.000110478
0.000110406
0.00011032
0.000110216
0.000110086
0.000109923
0.000109719
0.000109467
0.000109164
0.000108811
0.000108413
0.000107987
0.000107554
0.000107143
0.000106786
0.000106515
0.000106354
0.000106321
0.000106413
0.000106622
0.000106922
0.000107279
0.000107651
0.000108004
0.000108304
0.000108526
0.000108645
0.00010863
0.000108437
0.00010799
0.000107178
0.000105848
0.00010381
0.000100865
9.68334e-05
9.15857e-05
8.5009e-05
7.68776e-05
6.65858e-05
5.33205e-05
4.26844e-05
3.9032e-05
3.81173e-05
3.79514e-05
3.79442e-05
3.80498e-05
3.8709e-05
4.14787e-05
5.05219e-05
6.42351e-05
7.51848e-05
8.37315e-05
9.0607e-05
9.60937e-05
0.000100322
0.000103425
0.000105584
0.000107003
0.00010788
0.000108376
0.000108609
0.000108658
0.000108571
0.000108375
0.000108094
0.000107749
0.000107369
0.000106989
0.000106652
0.000106395
0.000106252
0.000106237
0.000106357
0.000106597
0.000106933
0.000107333
0.000107764
0.000108193
0.000108598
0.00010896
0.000109271
0.000109529
0.000109738
0.000109905
0.000110038
0.000110143
0.000110229
0.000110301
0.000110362
0.000110416
0.000110465
0.00011051
0.000110552
0.000110592
0.000110629
0.000110665
0.000110698
0.000110731
0.000110761
0.000110791
0.000110818
0.000110845
0.00011087
0.000110895
0.000110918
0.00011094
0.000110961
0.000110981
0.000111001
0.000111019
0.000111037
0.000111054
0.00011107
0.000111085
0.000111099
0.000111113
0.000111126
0.000111139
0.000111151
0.000111162
0.000111173
0.000111183
0.000111193
0.000111202
0.000111211
0.000111219
0.000111226
0.000111234
0.00011124
0.000111246
0.000111252
0.000111257
0.000111262
0.000111267
0.000111271
0.000111274
0.000111277
0.00011128
0.000111283
0.000111285
0.000111286
0.000111287
0.000111288
0.000111288
0.000113587
0.000113586
0.000113585
0.000113584
0.000113582
0.00011358
0.000113577
0.000113574
0.00011357
0.000113566
0.000113562
0.000113557
0.000113551
0.000113545
0.000113538
0.000113531
0.000113523
0.000113515
0.000113506
0.000113497
0.000113487
0.000113476
0.000113465
0.000113453
0.000113441
0.000113428
0.000113414
0.000113399
0.000113384
0.000113368
0.000113351
0.000113333
0.000113314
0.000113295
0.000113274
0.000113253
0.00011323
0.000113207
0.000113182
0.000113156
0.000113129
0.000113101
0.000113071
0.00011304
0.000113008
0.000112974
0.000112938
0.0001129
0.000112861
0.00011282
0.000112777
0.000112731
0.000112682
0.000112631
0.000112575
0.000112514
0.000112445
0.000112367
0.000112273
0.00011216
0.000112018
0.000111841
0.000111617
0.00011134
0.000111001
0.000110601
0.000110144
0.000109644
0.000109123
0.000108611
0.000108146
0.000107766
0.000107506
0.000107393
0.000107439
0.000107639
0.00010797
0.000108393
0.000108861
0.000109323
0.000109734
0.00011006
0.000110271
0.000110336
0.000110214
0.000109841
0.000109114
0.000107888
0.000105979
0.000103183
9.9307e-05
9.42079e-05
8.77765e-05
7.98341e-05
6.98783e-05
5.68529e-05
4.43295e-05
3.9467e-05
3.82116e-05
3.79555e-05
3.79412e-05
3.8107e-05
3.901e-05
4.2684e-05
5.37688e-05
6.75814e-05
7.81675e-05
8.65093e-05
9.32364e-05
9.8576e-05
0.00010265
0.000105604
0.000107634
0.000108951
0.000109747
0.000110177
0.000110347
0.000110328
0.00011016
0.000109869
0.00010948
0.000109021
0.000108532
0.000108063
0.000107666
0.000107391
0.00010727
0.000107316
0.000107525
0.000107872
0.00010832
0.000108828
0.000109356
0.000109868
0.00011034
0.000110755
0.000111106
0.000111394
0.000111626
0.000111809
0.000111954
0.00011207
0.000112163
0.000112242
0.000112309
0.000112369
0.000112423
0.000112473
0.000112519
0.000112563
0.000112604
0.000112644
0.000112681
0.000112717
0.000112751
0.000112783
0.000112814
0.000112844
0.000112872
0.000112899
0.000112924
0.000112949
0.000112972
0.000112994
0.000113016
0.000113036
0.000113055
0.000113074
0.000113092
0.000113109
0.000113125
0.00011314
0.000113154
0.000113168
0.000113181
0.000113194
0.000113206
0.000113217
0.000113228
0.000113238
0.000113247
0.000113256
0.000113264
0.000113272
0.000113279
0.000113286
0.000113293
0.000113298
0.000113304
0.000113309
0.000113313
0.000113317
0.00011332
0.000113323
0.000113326
0.000113328
0.00011333
0.000113331
0.000113332
0.000113333
0.000115836
0.000115836
0.000115835
0.000115833
0.000115831
0.000115829
0.000115826
0.000115823
0.000115819
0.000115815
0.00011581
0.000115805
0.000115799
0.000115792
0.000115786
0.000115778
0.00011577
0.000115761
0.000115752
0.000115742
0.000115732
0.000115721
0.000115709
0.000115697
0.000115684
0.00011567
0.000115655
0.00011564
0.000115624
0.000115607
0.000115589
0.000115571
0.000115551
0.000115531
0.000115509
0.000115486
0.000115463
0.000115438
0.000115412
0.000115385
0.000115356
0.000115327
0.000115295
0.000115263
0.000115228
0.000115193
0.000115155
0.000115115
0.000115074
0.000115031
0.000114985
0.000114937
0.000114886
0.000114831
0.000114773
0.000114709
0.000114638
0.000114556
0.00011446
0.000114343
0.000114199
0.000114016
0.000113786
0.000113498
0.000113143
0.000112716
0.00011222
0.000111662
0.000111064
0.000110453
0.00010987
0.000109357
0.000108961
0.000108722
0.000108672
0.000108816
0.000109143
0.000109614
0.000110173
0.000110756
0.000111302
0.000111761
0.000112094
0.000112269
0.000112249
0.000111981
0.000111376
0.000110304
0.000108593
0.000106037
0.00010243
9.76028e-05
9.14321e-05
8.37749e-05
7.42505e-05
6.18391e-05
4.73772e-05
4.02942e-05
3.84152e-05
3.79983e-05
3.79697e-05
3.82385e-05
3.958e-05
4.49466e-05
5.86393e-05
7.20276e-05
8.21391e-05
9.01815e-05
9.66486e-05
0.00010172
0.000105527
0.00010824
0.000110073
0.000111238
0.000111919
0.000112254
0.000112338
0.000112226
0.000111952
0.00011154
0.000111017
0.000110424
0.000109816
0.000109261
0.000108825
0.000108564
0.000108507
0.000108659
0.000108998
0.000109481
0.000110059
0.00011068
0.0001113
0.000111883
0.000112406
0.000112856
0.000113231
0.000113534
0.000113776
0.000113965
0.000114115
0.000114234
0.000114331
0.000114412
0.000114483
0.000114545
0.000114602
0.000114655
0.000114704
0.00011475
0.000114794
0.000114836
0.000114875
0.000114913
0.000114949
0.000114984
0.000115016
0.000115047
0.000115077
0.000115106
0.000115133
0.000115159
0.000115183
0.000115207
0.00011523
0.000115251
0.000115272
0.000115291
0.00011531
0.000115328
0.000115344
0.000115361
0.000115376
0.000115391
0.000115404
0.000115418
0.00011543
0.000115442
0.000115453
0.000115464
0.000115474
0.000115483
0.000115492
0.0001155
0.000115508
0.000115515
0.000115521
0.000115528
0.000115533
0.000115538
0.000115543
0.000115547
0.000115551
0.000115554
0.000115557
0.000115559
0.000115561
0.000115562
0.000115563
0.000115563
0.000118179
0.000118178
0.000118177
0.000118176
0.000118174
0.000118172
0.000118169
0.000118166
0.000118162
0.000118157
0.000118153
0.000118147
0.000118142
0.000118135
0.000118128
0.000118121
0.000118113
0.000118104
0.000118095
0.000118085
0.000118075
0.000118064
0.000118052
0.00011804
0.000118027
0.000118013
0.000117999
0.000117983
0.000117967
0.00011795
0.000117933
0.000117914
0.000117894
0.000117874
0.000117852
0.00011783
0.000117806
0.000117781
0.000117755
0.000117728
0.000117699
0.000117669
0.000117638
0.000117605
0.000117571
0.000117535
0.000117497
0.000117457
0.000117416
0.000117372
0.000117326
0.000117278
0.000117227
0.000117173
0.000117114
0.000117051
0.000116981
0.000116902
0.000116809
0.000116697
0.000116558
0.000116384
0.000116164
0.000115886
0.000115539
0.000115114
0.000114608
0.000114023
0.000113373
0.000112679
0.000111977
0.000111314
0.000110743
0.000110323
0.000110106
0.000110127
0.000110391
0.000110867
0.000111499
0.000112207
0.000112909
0.000113533
0.000114026
0.000114349
0.00011447
0.000114347
0.000113912
0.000113059
0.000111638
0.000109454
0.000106295
0.000101958
9.6283e-05
8.91321e-05
8.02414e-05
6.88475e-05
5.36605e-05
4.22503e-05
3.89241e-05
3.81392e-05
3.80709e-05
3.85603e-05
4.09028e-05
5.00154e-05
6.58018e-05
7.81197e-05
8.7545e-05
9.50722e-05
0.000101047
0.00010563
0.000108988
0.000111327
0.000112869
0.00011382
0.000114342
0.000114549
0.000114515
0.000114279
0.000113867
0.000113302
0.000112619
0.000111875
0.000111146
0.000110523
0.000110086
0.000109891
0.00010996
0.000110276
0.000110791
0.000111441
0.00011216
0.000112889
0.000113584
0.000114213
0.000114759
0.000115218
0.000115592
0.00011589
0.000116124
0.000116307
0.000116451
0.000116567
0.000116661
0.00011674
0.00011681
0.000116872
0.000116929
0.000116981
0.000117031
0.000117078
0.000117122
0.000117164
0.000117204
0.000117242
0.000117279
0.000117313
0.000117346
0.000117378
0.000117408
0.000117437
0.000117464
0.00011749
0.000117515
0.000117539
0.000117562
0.000117583
0.000117604
0.000117624
0.000117642
0.00011766
0.000117677
0.000117694
0.000117709
0.000117724
0.000117738
0.000117751
0.000117764
0.000117776
0.000117787
0.000117797
0.000117807
0.000117817
0.000117826
0.000117834
0.000117842
0.000117849
0.000117856
0.000117862
0.000117867
0.000117872
0.000117877
0.000117881
0.000117885
0.000117888
0.000117891
0.000117893
0.000117895
0.000117896
0.000117897
0.000117898
0.000120513
0.000120513
0.000120512
0.00012051
0.000120509
0.000120506
0.000120504
0.000120501
0.000120497
0.000120493
0.000120488
0.000120483
0.000120478
0.000120472
0.000120465
0.000120458
0.000120451
0.000120443
0.000120434
0.000120425
0.000120415
0.000120404
0.000120393
0.000120382
0.000120369
0.000120356
0.000120342
0.000120328
0.000120313
0.000120297
0.00012028
0.000120262
0.000120243
0.000120224
0.000120203
0.000120182
0.000120159
0.000120136
0.000120111
0.000120085
0.000120058
0.00012003
0.00012
0.000119969
0.000119936
0.000119902
0.000119866
0.000119828
0.000119788
0.000119747
0.000119703
0.000119657
0.000119609
0.000119558
0.000119503
0.000119444
0.00011938
0.000119307
0.000119224
0.000119125
0.000119003
0.000118851
0.000118659
0.000118414
0.000118104
0.000117716
0.000117241
0.000116672
0.00011601
0.000115266
0.000114465
0.000113646
0.000112869
0.000112205
0.000111737
0.000111539
0.000111655
0.000112065
0.000112725
0.000113547
0.00011442
0.000115242
0.000115936
0.000116454
0.000116763
0.000116834
0.000116624
0.000116065
0.000115043
0.000113401
0.000110941
0.00010745
0.000102725
9.65852e-05
8.88312e-05
7.90269e-05
6.59291e-05
4.97343e-05
4.12159e-05
3.87047e-05
3.84136e-05
3.97798e-05
4.62529e-05
6.18639e-05
7.63273e-05
8.68801e-05
9.51183e-05
0.000101626
0.000106646
0.000110372
0.000113018
0.000114807
0.000115947
0.000116611
0.000116923
0.000116962
0.000116771
0.000116375
0.000115789
0.000115036
0.000114166
0.000113257
0.000112418
0.000111764
0.000111389
0.000111335
0.000111614
0.000112167
0.000112909
0.000113749
0.000114606
0.000115422
0.000116158
0.000116795
0.000117327
0.00011776
0.000118104
0.000118373
0.000118581
0.000118744
0.000118871
0.000118974
0.000119059
0.000119132
0.000119196
0.000119254
0.000119308
0.000119358
0.000119405
0.000119449
0.000119491
0.000119532
0.00011957
0.000119607
0.000119641
0.000119675
0.000119706
0.000119736
0.000119765
0.000119793
0.000119819
0.000119844
0.000119868
0.000119891
0.000119913
0.000119934
0.000119953
0.000119972
0.00011999
0.000120008
0.000120024
0.000120039
0.000120054
0.000120068
0.000120082
0.000120094
0.000120107
0.000120118
0.000120129
0.000120139
0.000120148
0.000120157
0.000120166
0.000120174
0.000120181
0.000120188
0.000120194
0.0001202
0.000120206
0.000120211
0.000120215
0.000120219
0.000120223
0.000120226
0.000120228
0.00012023
0.000120232
0.000120233
0.000120234
0.000120235
0.000122732
0.000122732
0.000122731
0.00012273
0.000122728
0.000122726
0.000122724
0.000122721
0.000122718
0.000122714
0.00012271
0.000122706
0.000122701
0.000122695
0.00012269
0.000122683
0.000122676
0.000122669
0.000122661
0.000122653
0.000122644
0.000122635
0.000122625
0.000122615
0.000122604
0.000122592
0.00012258
0.000122567
0.000122553
0.000122538
0.000122523
0.000122507
0.000122491
0.000122473
0.000122455
0.000122436
0.000122415
0.000122394
0.000122372
0.000122349
0.000122324
0.000122299
0.000122272
0.000122244
0.000122215
0.000122184
0.000122152
0.000122118
0.000122083
0.000122046
0.000122007
0.000121966
0.000121923
0.000121878
0.00012183
0.000121779
0.000121724
0.000121663
0.000121594
0.000121515
0.000121419
0.000121302
0.000121153
0.000120962
0.000120717
0.000120401
0.00012
0.000119496
0.000118878
0.000118138
0.000117281
0.00011633
0.000115335
0.000114377
0.000113564
0.000113023
0.000112879
0.000113118
0.000113729
0.000114631
0.000115678
0.000116726
0.000117665
0.000118427
0.000118977
0.000119297
0.000119363
0.00011917
0.000118655
0.000117731
0.00011628
0.000114152
0.000111181
0.000107198
0.000102038
9.55025e-05
8.7143e-05
7.61044e-05
6.51268e-05
4.63498e-05
4.08023e-05
5.46928e-05
7.25514e-05
8.41433e-05
9.34692e-05
0.000100563
0.000106112
0.000110389
0.00011359
0.000115899
0.000117495
0.000118541
0.000119169
0.000119472
0.000119531
0.000119357
0.000118968
0.000118369
0.000117567
0.000116592
0.00011551
0.000114433
0.000113509
0.000112892
0.000112667
0.000112859
0.000113454
0.000114326
0.000115336
0.00011637
0.000117341
0.000118201
0.00011893
0.000119525
0.000119999
0.000120368
0.000120652
0.000120868
0.000121034
0.000121162
0.000121264
0.000121347
0.000121417
0.000121478
0.000121533
0.000121583
0.00012163
0.000121675
0.000121717
0.000121756
0.000121794
0.000121831
0.000121865
0.000121898
0.00012193
0.00012196
0.000121988
0.000122016
0.000122042
0.000122067
0.000122091
0.000122113
0.000122135
0.000122156
0.000122176
0.000122194
0.000122212
0.00012223
0.000122246
0.000122262
0.000122276
0.000122291
0.000122304
0.000122317
0.000122329
0.00012234
0.000122351
0.000122362
0.000122372
0.000122381
0.000122389
0.000122398
0.000122405
0.000122413
0.000122419
0.000122426
0.000122431
0.000122437
0.000122442
0.000122446
0.00012245
0.000122454
0.000122457
0.00012246
0.000122462
0.000122464
0.000122465
0.000122467
0.000122467
0.000122468
0.000124737
0.000124736
0.000124736
0.000124735
0.000124733
0.000124732
0.00012473
0.000124727
0.000124724
0.000124721
0.000124718
0.000124714
0.00012471
0.000124705
0.0001247
0.000124695
0.000124689
0.000124683
0.000124676
0.000124669
0.000124662
0.000124654
0.000124645
0.000124636
0.000124627
0.000124617
0.000124606
0.000124595
0.000124583
0.000124571
0.000124558
0.000124544
0.00012453
0.000124515
0.000124499
0.000124482
0.000124465
0.000124447
0.000124428
0.000124408
0.000124387
0.000124365
0.000124342
0.000124318
0.000124292
0.000124266
0.000124238
0.000124209
0.000124179
0.000124147
0.000124114
0.000124079
0.000124043
0.000124005
0.000123964
0.000123922
0.000123876
0.000123827
0.000123772
0.00012371
0.000123636
0.000123546
0.000123432
0.000123284
0.000123088
0.000122827
0.000122481
0.000122024
0.000121433
0.000120686
0.000119772
0.000118704
0.000117528
0.00011633
0.000115246
0.000114434
0.000114053
0.000114166
0.000114714
0.000115662
0.000116848
0.000118097
0.000119267
0.000120263
0.000121038
0.000121577
0.000121881
0.000121945
0.000121775
0.000121327
0.000120532
0.000119297
0.000117501
0.000114996
0.000111602
0.000107065
0.000100958
9.26046e-05
8.18363e-05
5.91307e-05
4.42205e-05
6.728e-05
8.63451e-05
9.71567e-05
0.000104702
0.00011008
0.000113991
0.000116834
0.000118864
0.000120271
0.000121202
0.000121768
0.000122051
0.000122114
0.000121966
0.000121608
0.000121034
0.000120235
0.000119219
0.000118029
0.000116754
0.000115539
0.000114562
0.000113995
0.000113883
0.000114288
0.000115133
0.000116255
0.000117487
0.000118689
0.000119769
0.000120682
0.000121418
0.000121991
0.000122425
0.000122748
0.000122987
0.000123163
0.000123294
0.000123394
0.000123474
0.000123539
0.000123595
0.000123645
0.00012369
0.000123732
0.000123772
0.000123809
0.000123845
0.000123879
0.000123912
0.000123943
0.000123973
0.000124002
0.000124029
0.000124055
0.00012408
0.000124103
0.000124126
0.000124148
0.000124168
0.000124188
0.000124207
0.000124225
0.000124242
0.000124259
0.000124274
0.000124289
0.000124303
0.000124317
0.00012433
0.000124342
0.000124354
0.000124365
0.000124376
0.000124386
0.000124395
0.000124404
0.000124413
0.000124421
0.000124428
0.000124435
0.000124442
0.000124448
0.000124454
0.00012446
0.000124465
0.000124469
0.000124474
0.000124477
0.000124481
0.000124484
0.000124487
0.000124489
0.000124491
0.000124493
0.000124494
0.000124495
0.000124496
0.000124496
0.000126447
0.000126446
0.000126446
0.000126445
0.000126444
0.000126443
0.000126441
0.000126439
0.000126437
0.000126434
0.000126431
0.000126428
0.000126425
0.000126421
0.000126417
0.000126413
0.000126408
0.000126403
0.000126397
0.000126392
0.000126385
0.000126379
0.000126372
0.000126365
0.000126357
0.000126349
0.00012634
0.000126331
0.000126321
0.000126311
0.0001263
0.000126289
0.000126277
0.000126265
0.000126252
0.000126238
0.000126224
0.000126209
0.000126193
0.000126177
0.00012616
0.000126142
0.000126123
0.000126103
0.000126082
0.000126061
0.000126038
0.000126014
0.000125989
0.000125963
0.000125936
0.000125908
0.000125878
0.000125847
0.000125814
0.00012578
0.000125744
0.000125705
0.000125662
0.000125615
0.000125558
0.00012549
0.000125402
0.000125285
0.000125125
0.000124902
0.000124592
0.000124165
0.000123587
0.000122826
0.000121861
0.000120698
0.00011938
0.000118003
0.000116716
0.000115703
0.000115138
0.000115152
0.000115636
0.000116604
0.000117888
0.000119295
0.000120655
0.000121849
0.000122815
0.000123534
0.000124015
0.000124274
0.000124313
0.000124152
0.000123743
0.00012302
0.000121884
0.000120186
0.000117699
0.000114064
0.000108695
0.000100692
8.8681e-05
6.69713e-05
4.72395e-05
7.19764e-05
9.12199e-05
0.000102949
0.000110627
0.000115647
0.000118956
0.00012115
0.000122598
0.000123529
0.000124091
0.00012438
0.000124466
0.000124361
0.000124063
0.000123558
0.000122826
0.000121853
0.000120653
0.000119281
0.000117854
0.00011654
0.000115536
0.000115021
0.000114999
0.000115568
0.000116598
0.000117908
0.000119308
0.000120644
0.000121817
0.000122781
0.000123535
0.0001241
0.000124511
0.000124804
0.000125011
0.000125158
0.000125264
0.000125343
0.000125404
0.000125455
0.000125499
0.000125538
0.000125573
0.000125607
0.000125639
0.00012567
0.000125699
0.000125727
0.000125754
0.00012578
0.000125804
0.000125828
0.00012585
0.000125872
0.000125892
0.000125912
0.000125931
0.000125949
0.000125966
0.000125982
0.000125998
0.000126013
0.000126027
0.000126041
0.000126054
0.000126067
0.000126078
0.00012609
0.0001261
0.000126111
0.00012612
0.00012613
0.000126138
0.000126147
0.000126155
0.000126162
0.000126169
0.000126176
0.000126182
0.000126188
0.000126194
0.000126199
0.000126204
0.000126208
0.000126212
0.000126216
0.00012622
0.000126223
0.000126226
0.000126228
0.000126231
0.000126233
0.000126235
0.000126236
0.000126237
0.000126238
0.000126239
0.000126239
0.000127824
0.000127824
0.000127823
0.000127823
0.000127822
0.000127821
0.000127819
0.000127818
0.000127816
0.000127814
0.000127812
0.000127809
0.000127807
0.000127804
0.000127801
0.000127797
0.000127794
0.00012779
0.000127785
0.000127781
0.000127776
0.000127771
0.000127766
0.00012776
0.000127754
0.000127747
0.000127741
0.000127733
0.000127726
0.000127718
0.00012771
0.000127701
0.000127692
0.000127682
0.000127672
0.000127661
0.00012765
0.000127638
0.000127626
0.000127613
0.000127599
0.000127585
0.00012757
0.000127555
0.000127539
0.000127521
0.000127504
0.000127485
0.000127466
0.000127445
0.000127424
0.000127402
0.000127379
0.000127354
0.000127329
0.000127303
0.000127275
0.000127245
0.000127213
0.000127177
0.000127134
0.000127081
0.000127012
0.000126916
0.000126779
0.00012658
0.000126292
0.000125879
0.000125303
0.000124524
0.000123516
0.00012228
0.00012086
0.000119359
0.000117935
0.000116783
0.000116091
0.000116022
0.000116456
0.000117423
0.000118766
0.000120282
0.000121782
0.000123128
0.000124241
0.000125096
0.000125703
0.000126085
0.000126261
0.000126235
0.00012602
0.000125537
0.000124689
0.000123309
0.000121122
0.000117683
0.000112284
0.000103915
9.12155e-05
7.12847e-05
5.00002e-05
7.14345e-05
9.12824e-05
0.000104361
0.000112863
0.000118258
0.000121636
0.000123731
0.000125016
0.000125778
0.00012619
0.000126351
0.000126341
0.000126135
0.000125737
0.000125125
0.000124271
0.000123162
0.000121819
0.000120313
0.00011878
0.000117405
0.000116396
0.000115925
0.000115975
0.000116659
0.000117815
0.000119253
0.000120771
0.000122206
0.000123452
0.000124462
0.000125237
0.000125804
0.000126206
0.000126483
0.000126671
0.000126799
0.000126887
0.000126951
0.000126999
0.000127038
0.000127071
0.000127101
0.000127128
0.000127154
0.000127179
0.000127203
0.000127226
0.000127248
0.000127269
0.000127289
0.000127309
0.000127327
0.000127345
0.000127362
0.000127378
0.000127394
0.000127409
0.000127423
0.000127437
0.00012745
0.000127462
0.000127474
0.000127485
0.000127496
0.000127506
0.000127516
0.000127526
0.000127535
0.000127543
0.000127551
0.000127559
0.000127566
0.000127573
0.00012758
0.000127586
0.000127592
0.000127598
0.000127603
0.000127608
0.000127613
0.000127617
0.000127621
0.000127625
0.000127629
0.000127632
0.000127635
0.000127638
0.00012764
0.000127643
0.000127645
0.000127647
0.000127648
0.00012765
0.000127651
0.000127652
0.000127652
0.000127653
0.000127653
0.000128871
0.000128871
0.00012887
0.00012887
0.000128869
0.000128868
0.000128867
0.000128866
0.000128865
0.000128864
0.000128862
0.00012886
0.000128858
0.000128856
0.000128854
0.000128851
0.000128848
0.000128845
0.000128842
0.000128839
0.000128835
0.000128831
0.000128827
0.000128823
0.000128819
0.000128814
0.000128809
0.000128803
0.000128798
0.000128792
0.000128786
0.000128779
0.000128772
0.000128765
0.000128757
0.000128749
0.000128741
0.000128732
0.000128723
0.000128713
0.000128703
0.000128692
0.000128681
0.000128669
0.000128657
0.000128644
0.000128631
0.000128617
0.000128603
0.000128587
0.000128571
0.000128555
0.000128537
0.000128519
0.000128501
0.000128481
0.00012846
0.000128439
0.000128415
0.000128387
0.000128355
0.000128313
0.000128255
0.000128172
0.000128048
0.000127862
0.000127583
0.000127174
0.000126591
0.000125792
0.000124748
0.000123458
0.000121971
0.00012039
0.000118882
0.000117645
0.000116875
0.000116742
0.00011714
0.000118095
0.000119466
0.000121047
0.000122639
0.00012409
0.000125307
0.000126257
0.000126947
0.000127401
0.000127645
0.000127676
0.000127523
0.000127105
0.000126308
0.000124943
0.000122697
0.00011908
0.000113378
0.000104623
9.18623e-05
7.36348e-05
5.25695e-05
7.04362e-05
9.01777e-05
0.000103689
0.000112949
0.000118945
0.000122694
0.00012501
0.000126395
0.000127188
0.000127592
0.000127732
0.000127686
0.000127435
0.00012698
0.000126296
0.000125356
0.000124151
0.000122708
0.000121114
0.000119517
0.000118112
0.000117111
0.000116672
0.000116779
0.000117532
0.000118766
0.000120282
0.000121876
0.000123378
0.000124679
0.000125728
0.000126526
0.000127105
0.000127507
0.000127778
0.000127957
0.000128074
0.000128152
0.000128205
0.000128244
0.000128274
0.000128299
0.000128321
0.000128341
0.000128361
0.000128379
0.000128397
0.000128414
0.000128431
0.000128447
0.000128462
0.000128477
0.000128491
0.000128504
0.000128517
0.000128529
0.000128541
0.000128552
0.000128563
0.000128573
0.000128583
0.000128593
0.000128602
0.00012861
0.000128618
0.000128626
0.000128634
0.000128641
0.000128648
0.000128654
0.00012866
0.000128666
0.000128672
0.000128677
0.000128682
0.000128687
0.000128691
0.000128696
0.0001287
0.000128703
0.000128707
0.00012871
0.000128713
0.000128716
0.000128719
0.000128721
0.000128724
0.000128726
0.000128728
0.00012873
0.000128731
0.000128732
0.000128734
0.000128735
0.000128736
0.000128736
0.000128737
0.000128737
0.000128737
0.000129622
0.000129622
0.000129622
0.000129621
0.000129621
0.00012962
0.00012962
0.000129619
0.000129618
0.000129617
0.000129616
0.000129615
0.000129613
0.000129612
0.00012961
0.000129608
0.000129606
0.000129604
0.000129602
0.000129599
0.000129597
0.000129594
0.000129591
0.000129588
0.000129585
0.000129581
0.000129578
0.000129574
0.00012957
0.000129566
0.000129561
0.000129557
0.000129552
0.000129546
0.000129541
0.000129535
0.000129529
0.000129523
0.000129516
0.000129509
0.000129502
0.000129494
0.000129486
0.000129478
0.000129469
0.00012946
0.00012945
0.00012944
0.00012943
0.000129419
0.000129407
0.000129395
0.000129383
0.00012937
0.000129357
0.000129343
0.000129328
0.000129312
0.000129294
0.000129274
0.000129248
0.000129213
0.000129163
0.000129087
0.000128969
0.000128787
0.000128508
0.000128093
0.000127497
0.000126675
0.0001256
0.000124271
0.000122738
0.000121113
0.000119559
0.000118278
0.000117465
0.00011729
0.000117664
0.000118602
0.000119981
0.000121596
0.000123244
0.000124761
0.000126048
0.00012706
0.000127801
0.000128292
0.000128559
0.000128595
0.000128432
0.000127974
0.000127094
0.000125582
0.000123129
0.000119225
0.000113172
0.000104211
9.16876e-05
7.48825e-05
5.49476e-05
6.95842e-05
8.83183e-05
0.000102083
0.00011187
0.000118491
0.000122755
0.000125401
0.000127011
0.00012795
0.000128436
0.000128612
0.000128581
0.00012832
0.000127838
0.000127111
0.000126115
0.000124846
0.000123341
0.000121694
0.000120063
0.000118649
0.000117662
0.000117244
0.000117387
0.000118178
0.00011945
0.000121008
0.000122646
0.000124193
0.000125534
0.000126618
0.000127442
0.000128036
0.000128447
0.000128721
0.000128898
0.000129011
0.000129083
0.00012913
0.000129162
0.000129186
0.000129205
0.000129222
0.000129237
0.000129251
0.000129264
0.000129277
0.000129289
0.000129301
0.000129312
0.000129323
0.000129334
0.000129344
0.000129354
0.000129363
0.000129372
0.000129381
0.000129389
0.000129397
0.000129404
0.000129411
0.000129418
0.000129425
0.000129431
0.000129437
0.000129443
0.000129448
0.000129453
0.000129458
0.000129463
0.000129467
0.000129471
0.000129475
0.000129479
0.000129483
0.000129486
0.00012949
0.000129493
0.000129496
0.000129498
0.000129501
0.000129503
0.000129506
0.000129508
0.00012951
0.000129512
0.000129513
0.000129515
0.000129516
0.000129517
0.000129519
0.00012952
0.00012952
0.000129521
0.000129522
0.000129522
0.000129523
0.000129523
0.000129523
0.000130131
0.000130131
0.000130131
0.000130131
0.00013013
0.00013013
0.00013013
0.000130129
0.000130128
0.000130128
0.000130127
0.000130126
0.000130125
0.000130124
0.000130123
0.000130121
0.00013012
0.000130119
0.000130117
0.000130115
0.000130114
0.000130112
0.00013011
0.000130108
0.000130105
0.000130103
0.000130101
0.000130098
0.000130095
0.000130092
0.000130089
0.000130086
0.000130082
0.000130079
0.000130075
0.000130071
0.000130067
0.000130063
0.000130058
0.000130053
0.000130048
0.000130043
0.000130037
0.000130031
0.000130025
0.000130019
0.000130012
0.000130005
0.000129998
0.000129991
0.000129983
0.000129974
0.000129966
0.000129957
0.000129948
0.000129938
0.000129927
0.000129916
0.000129903
0.000129887
0.000129866
0.000129835
0.000129789
0.000129716
0.000129599
0.000129414
0.000129128
0.000128701
0.000128086
0.000127239
0.000126132
0.000124771
0.000123208
0.000121557
0.000119983
0.000118684
0.000117854
0.000117658
0.000118017
0.000118942
0.00012032
0.000121951
0.00012363
0.00012519
0.000126521
0.000127574
0.000128344
0.00012885
0.000129114
0.000129124
0.00012891
0.000128357
0.000127336
0.000125632
0.000122894
0.000118654
0.000112327
0.000103329
9.12232e-05
7.55351e-05
5.71361e-05
6.90455e-05
8.63543e-05
0.000100087
0.000110223
0.000117365
0.000122146
0.000125217
0.000127119
0.000128243
0.000128862
0.000129112
0.000129121
0.000128875
0.000128386
0.000127636
0.000126606
0.000125297
0.000123752
0.000122076
0.000120429
0.000119015
0.000118038
0.000117633
0.000117794
0.000118597
0.000119883
0.000121459
0.000123121
0.000124699
0.000126075
0.000127191
0.000128043
0.000128659
0.000129085
0.000129367
0.000129548
0.000129661
0.000129731
0.000129775
0.000129804
0.000129823
0.000129838
0.00012985
0.000129861
0.000129871
0.00012988
0.000129889
0.000129898
0.000129906
0.000129914
0.000129922
0.000129929
0.000129936
0.000129943
0.000129949
0.000129956
0.000129961
0.000129967
0.000129973
0.000129978
0.000129983
0.000129988
0.000129992
0.000129997
0.000130001
0.000130005
0.000130008
0.000130012
0.000130015
0.000130019
0.000130022
0.000130025
0.000130028
0.00013003
0.000130033
0.000130035
0.000130038
0.00013004
0.000130042
0.000130044
0.000130045
0.000130047
0.000130049
0.00013005
0.000130052
0.000130053
0.000130054
0.000130055
0.000130056
0.000130057
0.000130058
0.000130058
0.000130059
0.00013006
0.00013006
0.00013006
0.000130061
0.000130061
0.000130061
0.000130456
0.000130456
0.000130456
0.000130456
0.000130456
0.000130455
0.000130455
0.000130455
0.000130454
0.000130454
0.000130453
0.000130453
0.000130452
0.000130451
0.00013045
0.00013045
0.000130449
0.000130448
0.000130447
0.000130445
0.000130444
0.000130443
0.000130442
0.00013044
0.000130439
0.000130437
0.000130435
0.000130434
0.000130432
0.00013043
0.000130428
0.000130425
0.000130423
0.000130421
0.000130418
0.000130416
0.000130413
0.00013041
0.000130407
0.000130403
0.0001304
0.000130396
0.000130393
0.000130389
0.000130385
0.00013038
0.000130376
0.000130371
0.000130366
0.000130361
0.000130356
0.000130351
0.000130345
0.000130339
0.000130332
0.000130326
0.000130319
0.00013031
0.000130301
0.000130288
0.000130269
0.000130241
0.000130196
0.000130122
0.000130002
0.00012981
0.000129513
0.000129068
0.000128428
0.000127551
0.000126412
0.000125019
0.000123431
0.000121763
0.000120181
0.00011888
0.000118049
0.000117847
0.0001182
0.00011912
0.000120498
0.000122139
0.000123839
0.000125429
0.000126792
0.000127872
0.000128659
0.000129167
0.000129411
0.000129383
0.000129093
0.000128429
0.000127239
0.00012529
0.000122257
0.000117716
0.000111183
0.000102229
9.05702e-05
7.58672e-05
5.91488e-05
6.88841e-05
8.46104e-05
9.80569e-05
0.000108361
0.000115908
0.000121156
0.000124646
0.000126877
0.000128238
0.000128997
0.000129345
0.000129405
0.000129189
0.000128706
0.000127946
0.000126894
0.000125557
0.000123986
0.00012229
0.000120633
0.000119217
0.000118244
0.000117842
0.000118005
0.000118806
0.00012009
0.000121672
0.00012335
0.000124954
0.000126362
0.000127513
0.000128397
0.00012904
0.000129484
0.00012978
0.000129968
0.000130085
0.000130157
0.0001302
0.000130227
0.000130244
0.000130256
0.000130265
0.000130273
0.00013028
0.000130286
0.000130292
0.000130298
0.000130303
0.000130309
0.000130314
0.000130319
0.000130324
0.000130328
0.000130333
0.000130337
0.000130341
0.000130345
0.000130348
0.000130352
0.000130355
0.000130359
0.000130362
0.000130365
0.000130367
0.00013037
0.000130373
0.000130375
0.000130377
0.00013038
0.000130382
0.000130384
0.000130386
0.000130387
0.000130389
0.000130391
0.000130392
0.000130394
0.000130395
0.000130397
0.000130398
0.000130399
0.0001304
0.000130401
0.000130402
0.000130403
0.000130404
0.000130404
0.000130405
0.000130406
0.000130406
0.000130407
0.000130407
0.000130407
0.000130408
0.000130408
0.000130408
0.000130408
0.000130408
0.00013065
0.00013065
0.00013065
0.00013065
0.00013065
0.00013065
0.00013065
0.000130649
0.000130649
0.000130649
0.000130648
0.000130648
0.000130648
0.000130647
0.000130647
0.000130646
0.000130645
0.000130645
0.000130644
0.000130643
0.000130642
0.000130642
0.000130641
0.00013064
0.000130639
0.000130638
0.000130636
0.000130635
0.000130634
0.000130633
0.000130631
0.00013063
0.000130628
0.000130627
0.000130625
0.000130623
0.000130621
0.000130619
0.000130617
0.000130615
0.000130613
0.00013061
0.000130608
0.000130605
0.000130603
0.0001306
0.000130597
0.000130594
0.000130591
0.000130587
0.000130584
0.00013058
0.000130576
0.000130572
0.000130568
0.000130564
0.000130558
0.000130552
0.000130545
0.000130534
0.000130517
0.000130489
0.000130443
0.000130367
0.000130241
0.000130039
0.000129726
0.000129259
0.000128589
0.000127677
0.000126502
0.000125075
0.000123459
0.000121772
0.000120183
0.000118885
0.000118061
0.000117866
0.000118225
0.00011915
0.000120537
0.000122193
0.000123914
0.00012553
0.00012692
0.000128021
0.000128818
0.00012932
0.000129536
0.000129463
0.000129094
0.000128297
0.000126917
0.000124724
0.000121411
0.000116606
0.000109926
0.000101065
8.98422e-05
7.60399e-05
6.09986e-05
6.89492e-05
8.31768e-05
9.61497e-05
0.000106479
0.000114316
0.000119966
0.00012385
0.000126408
0.000128014
0.000128948
0.000129401
0.000129517
0.000129341
0.000128872
0.000128108
0.00012704
0.000125681
0.000124086
0.00012237
0.0001207
0.000119274
0.000118291
0.000117881
0.000118033
0.000118822
0.000120101
0.000121686
0.000123382
0.000125013
0.000126457
0.000127646
0.000128567
0.000129241
0.00012971
0.000130021
0.000130221
0.000130344
0.000130419
0.000130463
0.000130489
0.000130505
0.000130515
0.000130523
0.000130528
0.000130533
0.000130537
0.000130542
0.000130545
0.000130549
0.000130553
0.000130556
0.000130559
0.000130562
0.000130565
0.000130568
0.000130571
0.000130574
0.000130576
0.000130579
0.000130581
0.000130583
0.000130586
0.000130588
0.00013059
0.000130591
0.000130593
0.000130595
0.000130597
0.000130598
0.0001306
0.000130601
0.000130602
0.000130604
0.000130605
0.000130606
0.000130607
0.000130608
0.000130609
0.00013061
0.000130611
0.000130612
0.000130613
0.000130613
0.000130614
0.000130615
0.000130615
0.000130616
0.000130616
0.000130617
0.000130617
0.000130617
0.000130618
0.000130618
0.000130618
0.000130618
0.000130619
0.000130619
0.000130619
0.000130619
0.000130758
0.000130758
0.000130758
0.000130758
0.000130757
0.000130757
0.000130757
0.000130757
0.000130757
0.000130757
0.000130756
0.000130756
0.000130756
0.000130755
0.000130755
0.000130755
0.000130754
0.000130754
0.000130753
0.000130753
0.000130752
0.000130751
0.000130751
0.00013075
0.000130749
0.000130749
0.000130748
0.000130747
0.000130746
0.000130745
0.000130744
0.000130743
0.000130742
0.000130741
0.00013074
0.000130739
0.000130738
0.000130736
0.000130735
0.000130734
0.000130732
0.00013073
0.000130729
0.000130727
0.000130725
0.000130723
0.000130721
0.000130719
0.000130717
0.000130715
0.000130713
0.00013071
0.000130708
0.000130705
0.000130702
0.000130699
0.000130695
0.000130691
0.000130684
0.000130674
0.000130658
0.00013063
0.000130582
0.000130501
0.000130368
0.000130153
0.000129821
0.000129327
0.000128625
0.000127675
0.000126456
0.000124987
0.000123338
0.000121632
0.000120038
0.000118746
0.000117934
0.000117752
0.000118123
0.000119063
0.000120468
0.000122146
0.000123895
0.000125539
0.000126954
0.000128074
0.000128878
0.000129371
0.000129555
0.000129436
0.000128971
0.000128034
0.000126464
0.000124034
0.000120461
0.000115432
0.000108652
9.99132e-05
8.91092e-05
7.61444e-05
6.26954e-05
6.91676e-05
8.20338e-05
9.44375e-05
0.000104681
0.000112706
0.000118686
0.000122928
0.000125802
0.000127656
0.000128768
0.000129343
0.000129524
0.00012939
0.000128938
0.000128174
0.000127092
0.000125712
0.000124093
0.000122351
0.000120657
0.000119211
0.00011821
0.000117784
0.000117919
0.000118692
0.000119961
0.000121548
0.000123262
0.000124927
0.000126413
0.000127647
0.000128608
0.000129316
0.000129813
0.000130144
0.000130357
0.000130489
0.000130567
0.000130614
0.000130641
0.000130656
0.000130666
0.000130672
0.000130676
0.00013068
0.000130683
0.000130685
0.000130688
0.000130691
0.000130693
0.000130695
0.000130697
0.000130699
0.000130701
0.000130703
0.000130705
0.000130707
0.000130709
0.00013071
0.000130712
0.000130713
0.000130715
0.000130716
0.000130717
0.000130719
0.00013072
0.000130721
0.000130722
0.000130723
0.000130724
0.000130725
0.000130726
0.000130727
0.000130728
0.000130728
0.000130729
0.00013073
0.000130731
0.000130731
0.000130732
0.000130732
0.000130733
0.000130733
0.000130734
0.000130734
0.000130735
0.000130735
0.000130735
0.000130736
0.000130736
0.000130736
0.000130736
0.000130737
0.000130737
0.000130737
0.000130737
0.000130737
0.000130737
0.000130737
0.00013081
0.00013081
0.00013081
0.00013081
0.00013081
0.00013081
0.00013081
0.00013081
0.000130809
0.000130809
0.000130809
0.000130809
0.000130809
0.000130808
0.000130808
0.000130808
0.000130807
0.000130807
0.000130807
0.000130806
0.000130806
0.000130806
0.000130805
0.000130805
0.000130804
0.000130804
0.000130803
0.000130802
0.000130802
0.000130801
0.0001308
0.0001308
0.000130799
0.000130798
0.000130797
0.000130797
0.000130796
0.000130795
0.000130794
0.000130793
0.000130792
0.000130791
0.000130789
0.000130788
0.000130787
0.000130786
0.000130784
0.000130783
0.000130782
0.00013078
0.000130778
0.000130777
0.000130775
0.000130773
0.000130771
0.000130769
0.000130766
0.000130762
0.000130756
0.000130746
0.00013073
0.0001307
0.00013065
0.000130564
0.000130421
0.000130192
0.000129839
0.000129317
0.000128576
0.00012758
0.000126311
0.000124794
0.000123104
0.00012137
0.000119764
0.000118475
0.000117676
0.000117515
0.000117907
0.000118876
0.000120311
0.000122023
0.000123809
0.000125488
0.000126933
0.000128072
0.000128882
0.000129364
0.00012951
0.000129335
0.000128773
0.000127695
0.000125936
0.000123279
0.00011947
0.000114251
0.000107406
9.88079e-05
8.84029e-05
7.62174e-05
6.42612e-05
6.95165e-05
8.1142e-05
9.29372e-05
0.000103014
0.000111143
0.000117385
0.000121945
0.000125119
0.000127216
0.00012851
0.000129209
0.000129463
0.00012938
0.000128947
0.000128184
0.00012709
0.000125686
0.000124036
0.000122259
0.000120531
0.000119052
0.000118018
0.000117565
0.000117674
0.000118429
0.00011969
0.000121287
0.000123026
0.000124732
0.000126267
0.000127553
0.000128562
0.00012931
0.000129835
0.000130189
0.000130417
0.000130558
0.000130643
0.000130692
0.00013072
0.000130736
0.000130745
0.000130751
0.000130754
0.000130757
0.000130759
0.000130761
0.000130763
0.000130765
0.000130766
0.000130768
0.000130769
0.000130771
0.000130772
0.000130773
0.000130774
0.000130776
0.000130777
0.000130778
0.000130779
0.00013078
0.000130781
0.000130782
0.000130783
0.000130784
0.000130785
0.000130785
0.000130786
0.000130787
0.000130788
0.000130788
0.000130789
0.000130789
0.00013079
0.000130791
0.000130791
0.000130792
0.000130792
0.000130793
0.000130793
0.000130793
0.000130794
0.000130794
0.000130794
0.000130795
0.000130795
0.000130795
0.000130795
0.000130796
0.000130796
0.000130796
0.000130796
0.000130796
0.000130796
0.000130797
0.000130797
0.000130797
0.000130797
0.000130797
0.00013083
0.00013083
0.00013083
0.00013083
0.00013083
0.00013083
0.00013083
0.000130829
0.000130829
0.000130829
0.000130829
0.000130829
0.000130829
0.000130828
0.000130828
0.000130828
0.000130828
0.000130828
0.000130827
0.000130827
0.000130827
0.000130826
0.000130826
0.000130825
0.000130825
0.000130825
0.000130824
0.000130824
0.000130823
0.000130823
0.000130822
0.000130822
0.000130821
0.000130821
0.00013082
0.000130819
0.000130819
0.000130818
0.000130817
0.000130816
0.000130816
0.000130815
0.000130814
0.000130813
0.000130812
0.000130811
0.00013081
0.000130809
0.000130808
0.000130807
0.000130806
0.000130805
0.000130803
0.000130802
0.000130801
0.000130799
0.000130796
0.000130793
0.000130787
0.000130777
0.00013076
0.000130729
0.000130674
0.000130582
0.000130429
0.000130184
0.000129808
0.000129253
0.00012847
0.000127423
0.000126099
0.000124526
0.000122787
0.000121017
0.000119392
0.0001181
0.000117314
0.000117178
0.0001176
0.00011861
0.00012009
0.00012185
0.000123681
0.000125402
0.000126879
0.000128038
0.000128853
0.000129321
0.000129426
0.000129193
0.00012853
0.00012731
0.000125367
0.000122496
0.000118473
0.000113094
0.000106214
9.77664e-05
8.7744e-05
7.62995e-05
6.57009e-05
6.99605e-05
8.04629e-05
9.16417e-05
0.000101496
0.00010966
0.000116105
0.000120942
0.000124393
0.000126727
0.000128203
0.000129032
0.000129363
0.000129333
0.000128924
0.000128164
0.000127057
0.000125627
0.000123939
0.000122119
0.000120343
0.000118816
0.000117736
0.000117247
0.000117324
0.00011806
0.000119318
0.00012093
0.000122704
0.000124458
0.00012605
0.000127393
0.000128455
0.000129247
0.000129807
0.000130185
0.000130429
0.000130581
0.000130672
0.000130724
0.000130754
0.000130771
0.000130781
0.000130786
0.000130789
0.000130792
0.000130793
0.000130795
0.000130796
0.000130797
0.000130798
0.000130799
0.000130801
0.000130802
0.000130803
0.000130803
0.000130804
0.000130805
0.000130806
0.000130807
0.000130808
0.000130808
0.000130809
0.00013081
0.00013081
0.000130811
0.000130812
0.000130812
0.000130813
0.000130813
0.000130814
0.000130814
0.000130815
0.000130815
0.000130816
0.000130816
0.000130817
0.000130817
0.000130817
0.000130818
0.000130818
0.000130818
0.000130819
0.000130819
0.000130819
0.000130819
0.00013082
0.00013082
0.00013082
0.00013082
0.00013082
0.00013082
0.000130821
0.000130821
0.000130821
0.000130821
0.000130821
0.000130821
0.000130821
0.000130821
0.000130831
0.000130831
0.000130831
0.000130831
0.000130831
0.000130831
0.000130831
0.000130831
0.000130831
0.000130831
0.00013083
0.00013083
0.00013083
0.00013083
0.00013083
0.00013083
0.000130829
0.000130829
0.000130829
0.000130829
0.000130828
0.000130828
0.000130828
0.000130827
0.000130827
0.000130827
0.000130826
0.000130826
0.000130825
0.000130825
0.000130825
0.000130824
0.000130824
0.000130823
0.000130823
0.000130822
0.000130822
0.000130821
0.00013082
0.00013082
0.000130819
0.000130818
0.000130818
0.000130817
0.000130816
0.000130816
0.000130815
0.000130814
0.000130813
0.000130812
0.000130811
0.00013081
0.000130809
0.000130808
0.000130807
0.000130806
0.000130803
0.0001308
0.000130794
0.000130784
0.000130765
0.000130732
0.000130674
0.000130574
0.00013041
0.000130148
0.000129747
0.000129156
0.000128328
0.000127226
0.000125841
0.000124206
0.000122411
0.000120596
0.000118944
0.000117646
0.000116872
0.000116766
0.000117224
0.000118287
0.000119826
0.000121644
0.000123531
0.000125299
0.00012681
0.000127989
0.000128807
0.000129258
0.00012932
0.000129027
0.000128262
0.0001269
0.000124778
0.000121704
0.000117489
0.000111978
0.000105086
9.67975e-05
8.71465e-05
7.6411e-05
6.70197e-05
7.04695e-05
7.99622e-05
9.05347e-05
0.000100128
0.000108276
0.00011487
0.000119944
0.000123649
0.000126211
0.000127867
0.000128826
0.000129243
0.000129264
0.000128883
0.000128129
0.00012701
0.000125551
0.000123821
0.000121949
0.000120114
0.000118526
0.000117388
0.000116851
0.000116894
0.00011761
0.000118869
0.000120503
0.000122319
0.000124129
0.000125785
0.000127191
0.00012831
0.000129149
0.000129746
0.00013015
0.000130413
0.000130575
0.000130674
0.000130731
0.000130763
0.000130781
0.00013079
0.000130796
0.000130799
0.000130801
0.000130803
0.000130804
0.000130805
0.000130806
0.000130807
0.000130808
0.000130808
0.000130809
0.00013081
0.000130811
0.000130811
0.000130812
0.000130813
0.000130813
0.000130814
0.000130815
0.000130815
0.000130816
0.000130816
0.000130817
0.000130817
0.000130818
0.000130818
0.000130819
0.000130819
0.000130819
0.00013082
0.00013082
0.00013082
0.000130821
0.000130821
0.000130821
0.000130822
0.000130822
0.000130822
0.000130823
0.000130823
0.000130823
0.000130823
0.000130823
0.000130824
0.000130824
0.000130824
0.000130824
0.000130824
0.000130824
0.000130824
0.000130825
0.000130825
0.000130825
0.000130825
0.000130825
0.000130825
0.000130825
0.000130822
0.000130822
0.000130822
0.000130822
0.000130822
0.000130822
0.000130822
0.000130822
0.000130822
0.000130822
0.000130822
0.000130822
0.000130821
0.000130821
0.000130821
0.000130821
0.000130821
0.00013082
0.00013082
0.00013082
0.00013082
0.000130819
0.000130819
0.000130819
0.000130819
0.000130818
0.000130818
0.000130818
0.000130817
0.000130817
0.000130816
0.000130816
0.000130816
0.000130815
0.000130815
0.000130814
0.000130814
0.000130813
0.000130813
0.000130812
0.000130811
0.000130811
0.00013081
0.00013081
0.000130809
0.000130808
0.000130808
0.000130807
0.000130806
0.000130806
0.000130805
0.000130804
0.000130803
0.000130802
0.000130801
0.0001308
0.000130797
0.000130794
0.000130788
0.000130777
0.000130757
0.000130721
0.000130659
0.000130552
0.000130376
0.000130095
0.000129667
0.000129039
0.000128163
0.000127003
0.000125551
0.000123849
0.000121991
0.000120126
0.000118442
0.000117134
0.000116371
0.000116297
0.000116801
0.000117926
0.000119534
0.000121421
0.000123371
0.00012519
0.000126737
0.000127935
0.000128753
0.000129186
0.000129204
0.000128846
0.000127978
0.000126475
0.000124181
0.000120919
0.000116531
0.000110912
0.000104028
9.59049e-05
8.66173e-05
7.65595e-05
6.82252e-05
7.10208e-05
7.96099e-05
8.95961e-05
9.8905e-05
0.000106996
0.000113694
0.000118967
0.000122903
0.00012568
0.000127512
0.000128603
0.000129111
0.000129183
0.000128834
0.000128089
0.000126959
0.000125471
0.000123696
0.000121764
0.000119861
0.000118201
0.000116993
0.0001164
0.000116405
0.0001171
0.000118362
0.000120023
0.000121887
0.00012376
0.000125485
0.00012696
0.00012814
0.000129029
0.000129665
0.000130098
0.000130379
0.000130555
0.00013066
0.000130722
0.000130756
0.000130776
0.000130786
0.000130792
0.000130795
0.000130797
0.000130798
0.000130799
0.0001308
0.000130801
0.000130802
0.000130802
0.000130803
0.000130804
0.000130804
0.000130805
0.000130806
0.000130806
0.000130807
0.000130807
0.000130808
0.000130808
0.000130809
0.000130809
0.00013081
0.00013081
0.000130811
0.000130811
0.000130812
0.000130812
0.000130812
0.000130813
0.000130813
0.000130813
0.000130814
0.000130814
0.000130814
0.000130815
0.000130815
0.000130815
0.000130815
0.000130815
0.000130816
0.000130816
0.000130816
0.000130816
0.000130816
0.000130817
0.000130817
0.000130817
0.000130817
0.000130817
0.000130817
0.000130817
0.000130817
0.000130817
0.000130817
0.000130817
0.000130817
0.000130817
0.000130809
0.000130809
0.000130809
0.000130808
0.000130808
0.000130808
0.000130808
0.000130808
0.000130808
0.000130808
0.000130808
0.000130808
0.000130808
0.000130807
0.000130807
0.000130807
0.000130807
0.000130807
0.000130806
0.000130806
0.000130806
0.000130806
0.000130805
0.000130805
0.000130805
0.000130804
0.000130804
0.000130804
0.000130803
0.000130803
0.000130803
0.000130802
0.000130802
0.000130801
0.000130801
0.000130801
0.0001308
0.0001308
0.000130799
0.000130799
0.000130798
0.000130798
0.000130797
0.000130796
0.000130796
0.000130795
0.000130795
0.000130794
0.000130793
0.000130793
0.000130792
0.000130791
0.00013079
0.000130789
0.000130788
0.000130787
0.000130785
0.000130781
0.000130775
0.000130763
0.000130742
0.000130703
0.000130636
0.000130521
0.000130332
0.000130032
0.000129575
0.000128909
0.000127983
0.000126761
0.00012524
0.000123465
0.000121539
0.00011962
0.0001179
0.000116579
0.000115829
0.000115791
0.000116346
0.000117543
0.000119228
0.000121192
0.000123209
0.000125082
0.000126666
0.000127881
0.000128697
0.000129108
0.000129086
0.000128657
0.000127684
0.000126045
0.000123585
0.000120148
0.000115607
0.000109902
0.000103041
9.50894e-05
8.61586e-05
7.67449e-05
6.93269e-05
7.15975e-05
7.93833e-05
8.88068e-05
9.78191e-05
0.000105821
0.000112585
0.000118024
0.000122166
0.000125145
0.000127149
0.00012837
0.000128971
0.000129097
0.000128782
0.000128048
0.00012691
0.000125394
0.000123572
0.000121576
0.000119596
0.000117856
0.00011657
0.000115911
0.000115875
0.000116547
0.000117813
0.000119505
0.000121421
0.000123362
0.000125161
0.000126708
0.000127953
0.000128895
0.000129572
0.000130034
0.000130335
0.000130524
0.000130638
0.000130705
0.000130742
0.000130763
0.000130774
0.00013078
0.000130783
0.000130785
0.000130787
0.000130788
0.000130788
0.000130789
0.00013079
0.00013079
0.000130791
0.000130792
0.000130792
0.000130793
0.000130793
0.000130794
0.000130794
0.000130795
0.000130795
0.000130796
0.000130796
0.000130797
0.000130797
0.000130798
0.000130798
0.000130798
0.000130799
0.000130799
0.000130799
0.0001308
0.0001308
0.0001308
0.000130801
0.000130801
0.000130801
0.000130802
0.000130802
0.000130802
0.000130802
0.000130802
0.000130803
0.000130803
0.000130803
0.000130803
0.000130803
0.000130804
0.000130804
0.000130804
0.000130804
0.000130804
0.000130804
0.000130804
0.000130804
0.000130804
0.000130804
0.000130804
0.000130804
0.000130804
0.000130792
0.000130792
0.000130792
0.000130792
0.000130792
0.000130792
0.000130792
0.000130792
0.000130792
0.000130792
0.000130791
0.000130791
0.000130791
0.000130791
0.000130791
0.000130791
0.00013079
0.00013079
0.00013079
0.00013079
0.000130789
0.000130789
0.000130789
0.000130789
0.000130788
0.000130788
0.000130788
0.000130787
0.000130787
0.000130787
0.000130786
0.000130786
0.000130785
0.000130785
0.000130785
0.000130784
0.000130784
0.000130783
0.000130783
0.000130782
0.000130782
0.000130781
0.000130781
0.00013078
0.00013078
0.000130779
0.000130778
0.000130778
0.000130777
0.000130776
0.000130776
0.000130775
0.000130774
0.000130773
0.000130772
0.000130771
0.000130769
0.000130765
0.000130758
0.000130745
0.000130722
0.000130681
0.000130609
0.000130486
0.000130283
0.000129964
0.000129477
0.000128771
0.000127792
0.000126506
0.000124913
0.000123062
0.000121066
0.000119088
0.000117329
0.000115996
0.000115261
0.000115258
0.000115874
0.000117149
0.000118918
0.000120963
0.000123052
0.000124979
0.000126599
0.000127829
0.000128642
0.000129027
0.000128964
0.000128462
0.000127387
0.000125614
0.000122997
0.000119398
0.000114723
0.00010895
0.000102127
9.43495e-05
8.57696e-05
7.69625e-05
7.03347e-05
7.21852e-05
7.9246e-05
8.81451e-05
9.68588e-05
0.000104749
0.000111548
0.00011712
0.000121446
0.000124613
0.00012678
0.000128131
0.000128826
0.000129008
0.000128729
0.00012801
0.000126866
0.000125323
0.000123453
0.00012139
0.00011933
0.000117501
0.000116131
0.000115398
0.000115318
0.000115965
0.000117234
0.000118959
0.000120931
0.000122942
0.000124819
0.000126442
0.000127753
0.000128752
0.000129471
0.000129964
0.000130286
0.000130489
0.000130612
0.000130683
0.000130723
0.000130746
0.000130758
0.000130764
0.000130768
0.00013077
0.000130771
0.000130772
0.000130773
0.000130774
0.000130774
0.000130775
0.000130775
0.000130776
0.000130777
0.000130777
0.000130778
0.000130778
0.000130779
0.000130779
0.00013078
0.00013078
0.000130781
0.000130781
0.000130781
0.000130782
0.000130782
0.000130783
0.000130783
0.000130783
0.000130784
0.000130784
0.000130784
0.000130785
0.000130785
0.000130785
0.000130785
0.000130786
0.000130786
0.000130786
0.000130786
0.000130787
0.000130787
0.000130787
0.000130787
0.000130787
0.000130787
0.000130788
0.000130788
0.000130788
0.000130788
0.000130788
0.000130788
0.000130788
0.000130788
0.000130788
0.000130788
0.000130788
0.000130788
0.000130788
0.000130774
0.000130774
0.000130774
0.000130774
0.000130774
0.000130774
0.000130774
0.000130774
0.000130774
0.000130774
0.000130774
0.000130774
0.000130773
0.000130773
0.000130773
0.000130773
0.000130773
0.000130773
0.000130772
0.000130772
0.000130772
0.000130772
0.000130771
0.000130771
0.000130771
0.00013077
0.00013077
0.00013077
0.000130769
0.000130769
0.000130769
0.000130768
0.000130768
0.000130767
0.000130767
0.000130767
0.000130766
0.000130766
0.000130765
0.000130765
0.000130764
0.000130764
0.000130763
0.000130762
0.000130762
0.000130761
0.000130761
0.00013076
0.00013076
0.000130759
0.000130758
0.000130758
0.000130757
0.000130756
0.000130755
0.000130753
0.000130751
0.000130747
0.00013074
0.000130726
0.000130701
0.000130657
0.000130579
0.000130448
0.000130232
0.000129891
0.000129375
0.000128626
0.000127593
0.000126241
0.000124573
0.000122645
0.000120575
0.000118537
0.00011674
0.000115394
0.000114676
0.00011471
0.000115393
0.000116751
0.00011861
0.00012074
0.000122901
0.000124883
0.000126537
0.000127781
0.000128587
0.000128945
0.000128841
0.000128266
0.000127089
0.000125187
0.000122422
0.000118674
0.000113881
0.000108057
0.000101284
9.36837e-05
8.54462e-05
7.72064e-05
7.12586e-05
7.27775e-05
7.9227e-05
8.76043e-05
9.60158e-05
0.000103776
0.000110583
0.000116263
0.00012075
0.000124089
0.000126412
0.000127889
0.000128677
0.000128917
0.000128678
0.000127975
0.000126827
0.00012526
0.000123343
0.000121212
0.000119068
0.000117147
0.000115686
0.000114874
0.000114745
0.000115362
0.000116636
0.000118393
0.000120421
0.000122506
0.000124463
0.000126164
0.000127545
0.000128601
0.000129364
0.000129889
0.000130234
0.000130451
0.000130582
0.000130659
0.000130703
0.000130727
0.00013074
0.000130747
0.00013075
0.000130753
0.000130754
0.000130755
0.000130756
0.000130756
0.000130757
0.000130758
0.000130758
0.000130759
0.000130759
0.00013076
0.00013076
0.000130761
0.000130761
0.000130762
0.000130762
0.000130763
0.000130763
0.000130764
0.000130764
0.000130764
0.000130765
0.000130765
0.000130766
0.000130766
0.000130766
0.000130767
0.000130767
0.000130767
0.000130767
0.000130768
0.000130768
0.000130768
0.000130768
0.000130769
0.000130769
0.000130769
0.000130769
0.00013077
0.00013077
0.00013077
0.00013077
0.00013077
0.00013077
0.00013077
0.000130771
0.000130771
0.000130771
0.000130771
0.000130771
0.000130771
0.000130771
0.000130771
0.000130771
0.000130771
0.000130756
0.000130756
0.000130756
0.000130756
0.000130756
0.000130756
0.000130756
0.000130756
0.000130756
0.000130756
0.000130756
0.000130755
0.000130755
0.000130755
0.000130755
0.000130755
0.000130755
0.000130754
0.000130754
0.000130754
0.000130754
0.000130753
0.000130753
0.000130753
0.000130752
0.000130752
0.000130752
0.000130751
0.000130751
0.000130751
0.00013075
0.00013075
0.00013075
0.000130749
0.000130749
0.000130748
0.000130748
0.000130747
0.000130747
0.000130746
0.000130746
0.000130745
0.000130745
0.000130744
0.000130744
0.000130743
0.000130743
0.000130742
0.000130741
0.000130741
0.00013074
0.000130739
0.000130739
0.000130738
0.000130737
0.000130735
0.000130733
0.000130728
0.00013072
0.000130706
0.000130679
0.000130632
0.000130549
0.000130408
0.000130178
0.000129816
0.000129268
0.000128477
0.000127389
0.000125969
0.000124225
0.000122218
0.000120073
0.000117974
0.000116137
0.00011478
0.000114082
0.000114156
0.000114912
0.000116357
0.000118308
0.000120526
0.00012276
0.000124795
0.000126481
0.000127737
0.000128535
0.000128864
0.000128717
0.000128069
0.000126793
0.000124768
0.000121864
0.000117981
0.000113086
0.000107226
0.000100512
9.30893e-05
8.51835e-05
7.74707e-05
7.2108e-05
7.33653e-05
7.92556e-05
8.71653e-05
9.52803e-05
0.000102899
0.000109693
0.000115455
0.000120081
0.000123578
0.000126048
0.000127646
0.000128527
0.000128825
0.000128627
0.000127943
0.000126794
0.000125205
0.000123243
0.000121045
0.000118815
0.000116798
0.000115242
0.000114346
0.000114164
0.000114749
0.000116023
0.000117812
0.000119898
0.000122057
0.000124096
0.000125877
0.00012733
0.000128444
0.000129253
0.000129811
0.000130179
0.000130411
0.000130552
0.000130634
0.000130681
0.000130707
0.000130721
0.000130728
0.000130732
0.000130735
0.000130736
0.000130737
0.000130738
0.000130738
0.000130739
0.00013074
0.00013074
0.000130741
0.000130741
0.000130742
0.000130742
0.000130743
0.000130743
0.000130744
0.000130744
0.000130745
0.000130745
0.000130746
0.000130746
0.000130746
0.000130747
0.000130747
0.000130747
0.000130748
0.000130748
0.000130748
0.000130749
0.000130749
0.000130749
0.00013075
0.00013075
0.00013075
0.00013075
0.000130751
0.000130751
0.000130751
0.000130751
0.000130751
0.000130752
0.000130752
0.000130752
0.000130752
0.000130752
0.000130752
0.000130752
0.000130753
0.000130753
0.000130753
0.000130753
0.000130753
0.000130753
0.000130753
0.000130753
0.000130753
0.000130738
0.000130738
0.000130738
0.000130738
0.000130738
0.000130738
0.000130738
0.000130738
0.000130737
0.000130737
0.000130737
0.000130737
0.000130737
0.000130737
0.000130737
0.000130736
0.000130736
0.000130736
0.000130736
0.000130735
0.000130735
0.000130735
0.000130735
0.000130734
0.000130734
0.000130734
0.000130733
0.000130733
0.000130733
0.000130732
0.000130732
0.000130732
0.000130731
0.000130731
0.00013073
0.00013073
0.000130729
0.000130729
0.000130728
0.000130728
0.000130727
0.000130727
0.000130726
0.000130726
0.000130725
0.000130725
0.000130724
0.000130723
0.000130723
0.000130722
0.000130721
0.000130721
0.00013072
0.000130719
0.000130718
0.000130716
0.000130714
0.000130709
0.000130701
0.000130685
0.000130657
0.000130606
0.000130517
0.000130367
0.000130123
0.000129739
0.000129159
0.000128324
0.000127179
0.000125691
0.000123869
0.000121781
0.000119562
0.000117402
0.000115527
0.000114161
0.000113486
0.000113603
0.000114434
0.000115969
0.000118015
0.000120321
0.000122628
0.000124715
0.00012643
0.000127695
0.000128483
0.000128784
0.000128594
0.000127874
0.000126503
0.000124361
0.000121328
0.000117323
0.00011234
0.000106457
9.98088e-05
9.25633e-05
8.49765e-05
7.77503e-05
7.28916e-05
7.39432e-05
7.93391e-05
8.68143e-05
9.46422e-05
0.000102111
0.000108875
0.000114699
0.000119445
0.000123084
0.000125692
0.000127405
0.000128375
0.000128734
0.000128576
0.000127914
0.000126767
0.000125158
0.000123154
0.00012089
0.000118574
0.00011646
0.000114804
0.00011382
0.00011358
0.00011413
0.000115402
0.000117222
0.000119365
0.000121598
0.000123719
0.000125582
0.000127108
0.000128283
0.000129139
0.000129731
0.000130122
0.00013037
0.00013052
0.000130608
0.000130659
0.000130686
0.000130701
0.000130709
0.000130714
0.000130716
0.000130718
0.000130719
0.000130719
0.00013072
0.000130721
0.000130721
0.000130722
0.000130722
0.000130723
0.000130723
0.000130724
0.000130724
0.000130725
0.000130725
0.000130726
0.000130726
0.000130727
0.000130727
0.000130728
0.000130728
0.000130728
0.000130729
0.000130729
0.00013073
0.00013073
0.00013073
0.00013073
0.000130731
0.000130731
0.000130731
0.000130732
0.000130732
0.000130732
0.000130732
0.000130733
0.000130733
0.000130733
0.000130733
0.000130733
0.000130734
0.000130734
0.000130734
0.000130734
0.000130734
0.000130734
0.000130734
0.000130734
0.000130734
0.000130735
0.000130735
0.000130735
0.000130735
0.000130735
0.000130735
0.000130719
0.000130719
0.000130719
0.000130719
0.000130719
0.000130719
0.000130719
0.000130719
0.000130719
0.000130719
0.000130719
0.000130719
0.000130718
0.000130718
0.000130718
0.000130718
0.000130718
0.000130717
0.000130717
0.000130717
0.000130717
0.000130716
0.000130716
0.000130716
0.000130716
0.000130715
0.000130715
0.000130715
0.000130714
0.000130714
0.000130713
0.000130713
0.000130713
0.000130712
0.000130712
0.000130711
0.000130711
0.00013071
0.00013071
0.000130709
0.000130709
0.000130708
0.000130708
0.000130707
0.000130707
0.000130706
0.000130705
0.000130705
0.000130704
0.000130704
0.000130703
0.000130702
0.000130701
0.000130701
0.000130699
0.000130698
0.000130695
0.00013069
0.000130681
0.000130665
0.000130634
0.00013058
0.000130486
0.000130326
0.000130067
0.00012966
0.000129048
0.000128169
0.000126966
0.000125408
0.000123507
0.000121339
0.000119045
0.000116825
0.000114913
0.000113539
0.00011289
0.000113054
0.000113964
0.000115592
0.000117734
0.000120128
0.000122505
0.000124642
0.000126385
0.000127657
0.000128434
0.000128705
0.000128471
0.000127683
0.000126221
0.000123969
0.000120816
0.000116702
0.000111645
0.000105749
9.91728e-05
9.21023e-05
8.48203e-05
7.8041e-05
7.36178e-05
7.4508e-05
7.94708e-05
8.65413e-05
9.40929e-05
0.000101409
0.000108129
0.000113997
0.000118845
0.000122612
0.000125345
0.000127169
0.000128225
0.000128643
0.000128527
0.000127887
0.000126743
0.000125118
0.000123074
0.000120748
0.000118347
0.000116134
0.000114377
0.000113301
0.000113
0.000113509
0.000114777
0.000116625
0.000118823
0.000121131
0.000123335
0.00012528
0.000126881
0.000128118
0.000129022
0.000129649
0.000130064
0.000130327
0.000130488
0.000130582
0.000130636
0.000130666
0.000130682
0.00013069
0.000130695
0.000130697
0.000130699
0.0001307
0.000130701
0.000130702
0.000130702
0.000130703
0.000130703
0.000130704
0.000130704
0.000130705
0.000130705
0.000130706
0.000130706
0.000130707
0.000130707
0.000130708
0.000130708
0.000130709
0.000130709
0.00013071
0.00013071
0.00013071
0.000130711
0.000130711
0.000130711
0.000130712
0.000130712
0.000130712
0.000130713
0.000130713
0.000130713
0.000130713
0.000130714
0.000130714
0.000130714
0.000130714
0.000130715
0.000130715
0.000130715
0.000130715
0.000130715
0.000130715
0.000130716
0.000130716
0.000130716
0.000130716
0.000130716
0.000130716
0.000130716
0.000130716
0.000130716
0.000130716
0.000130716
0.000130716
0.000130701
0.000130701
0.000130701
0.000130701
0.000130701
0.000130701
0.000130701
0.000130701
0.000130701
0.0001307
0.0001307
0.0001307
0.0001307
0.0001307
0.0001307
0.000130699
0.000130699
0.000130699
0.000130699
0.000130699
0.000130698
0.000130698
0.000130698
0.000130697
0.000130697
0.000130697
0.000130696
0.000130696
0.000130696
0.000130695
0.000130695
0.000130695
0.000130694
0.000130694
0.000130693
0.000130693
0.000130692
0.000130692
0.000130691
0.000130691
0.00013069
0.00013069
0.000130689
0.000130689
0.000130688
0.000130688
0.000130687
0.000130686
0.000130686
0.000130685
0.000130684
0.000130684
0.000130683
0.000130682
0.000130681
0.000130679
0.000130676
0.000130671
0.000130662
0.000130644
0.000130612
0.000130554
0.000130454
0.000130285
0.00013001
0.00012958
0.000128935
0.00012801
0.000126749
0.00012512
0.000123141
0.000120892
0.000118523
0.000116245
0.000114298
0.000112919
0.000112299
0.000112513
0.000113504
0.000115227
0.000117466
0.000119946
0.000122392
0.000124576
0.000126344
0.000127621
0.000128386
0.000128628
0.000128352
0.000127497
0.00012595
0.000123595
0.000120334
0.000116123
0.000111003
0.000105104
9.86023e-05
9.1703e-05
8.47097e-05
7.834e-05
7.42942e-05
7.50586e-05
7.96419e-05
8.63376e-05
9.36246e-05
0.000100788
0.000107454
0.000113351
0.000118284
0.000122164
0.000125013
0.000126939
0.000128078
0.000128554
0.000128478
0.000127861
0.000126724
0.000125085
0.000123005
0.000120617
0.000118134
0.000115822
0.000113962
0.000112792
0.000112425
0.000112891
0.000114151
0.000116024
0.000118276
0.000120658
0.000122945
0.000124973
0.000126649
0.000127949
0.000128902
0.000129565
0.000130005
0.000130284
0.000130455
0.000130556
0.000130613
0.000130645
0.000130662
0.000130671
0.000130676
0.000130679
0.000130681
0.000130682
0.000130682
0.000130683
0.000130684
0.000130684
0.000130685
0.000130685
0.000130686
0.000130687
0.000130687
0.000130688
0.000130688
0.000130689
0.000130689
0.000130689
0.00013069
0.00013069
0.000130691
0.000130691
0.000130692
0.000130692
0.000130692
0.000130693
0.000130693
0.000130693
0.000130694
0.000130694
0.000130694
0.000130695
0.000130695
0.000130695
0.000130695
0.000130696
0.000130696
0.000130696
0.000130696
0.000130696
0.000130697
0.000130697
0.000130697
0.000130697
0.000130697
0.000130697
0.000130697
0.000130698
0.000130698
0.000130698
0.000130698
0.000130698
0.000130698
0.000130698
0.000130698
0.000130698
0.000130683
0.000130683
0.000130683
0.000130683
0.000130683
0.000130683
0.000130682
0.000130682
0.000130682
0.000130682
0.000130682
0.000130682
0.000130682
0.000130682
0.000130681
0.000130681
0.000130681
0.000130681
0.000130681
0.00013068
0.00013068
0.00013068
0.000130679
0.000130679
0.000130679
0.000130679
0.000130678
0.000130678
0.000130677
0.000130677
0.000130677
0.000130676
0.000130676
0.000130675
0.000130675
0.000130675
0.000130674
0.000130674
0.000130673
0.000130673
0.000130672
0.000130672
0.000130671
0.00013067
0.00013067
0.000130669
0.000130669
0.000130668
0.000130668
0.000130667
0.000130666
0.000130666
0.000130665
0.000130664
0.000130663
0.000130661
0.000130658
0.000130652
0.000130642
0.000130624
0.000130589
0.000130528
0.000130422
0.000130243
0.000129953
0.000129499
0.000128821
0.00012785
0.00012653
0.00012483
0.000122772
0.000120442
0.000117999
0.000115663
0.000113684
0.000112303
0.000111715
0.000111981
0.000113055
0.000114875
0.00011721
0.000119776
0.000122289
0.000124517
0.000126308
0.000127589
0.000128341
0.000128555
0.000128238
0.000127321
0.000125693
0.000123245
0.000119885
0.000115588
0.000110417
0.000104521
9.80963e-05
9.1363e-05
8.46409e-05
7.86455e-05
7.4928e-05
7.55945e-05
7.98453e-05
8.61957e-05
9.32311e-05
0.000100243
0.000106848
0.000112761
0.000117765
0.000121744
0.000124698
0.000126718
0.000127935
0.000128468
0.000128432
0.000127838
0.000126708
0.000125058
0.000122945
0.0001205
0.000117935
0.000115526
0.000113562
0.000112295
0.000111858
0.000112277
0.000113526
0.000115422
0.000117726
0.000120179
0.000122549
0.000124661
0.000126413
0.000127777
0.00012878
0.000129479
0.000129945
0.000130241
0.000130423
0.00013053
0.000130591
0.000130624
0.000130643
0.000130653
0.000130658
0.000130661
0.000130662
0.000130663
0.000130664
0.000130665
0.000130665
0.000130666
0.000130667
0.000130667
0.000130668
0.000130668
0.000130669
0.000130669
0.00013067
0.00013067
0.000130671
0.000130671
0.000130672
0.000130672
0.000130672
0.000130673
0.000130673
0.000130674
0.000130674
0.000130674
0.000130675
0.000130675
0.000130675
0.000130676
0.000130676
0.000130676
0.000130677
0.000130677
0.000130677
0.000130677
0.000130678
0.000130678
0.000130678
0.000130678
0.000130678
0.000130678
0.000130679
0.000130679
0.000130679
0.000130679
0.000130679
0.000130679
0.000130679
0.000130679
0.00013068
0.00013068
0.00013068
0.00013068
0.00013068
0.00013068
0.000130665
0.000130665
0.000130665
0.000130665
0.000130665
0.000130665
0.000130665
0.000130665
0.000130665
0.000130664
0.000130664
0.000130664
0.000130664
0.000130664
0.000130664
0.000130663
0.000130663
0.000130663
0.000130663
0.000130663
0.000130662
0.000130662
0.000130662
0.000130661
0.000130661
0.000130661
0.00013066
0.00013066
0.00013066
0.000130659
0.000130659
0.000130659
0.000130658
0.000130658
0.000130657
0.000130657
0.000130657
0.000130656
0.000130656
0.000130655
0.000130655
0.000130654
0.000130654
0.000130653
0.000130652
0.000130652
0.000130651
0.000130651
0.00013065
0.00013065
0.000130649
0.000130648
0.000130647
0.000130647
0.000130645
0.000130644
0.00013064
0.000130635
0.000130624
0.000130604
0.000130568
0.000130503
0.00013039
0.000130201
0.000129896
0.000129419
0.000128706
0.000127689
0.00012631
0.000124539
0.000122401
0.00011999
0.000117475
0.000115083
0.000113073
0.000111692
0.000111138
0.00011146
0.00011262
0.000114537
0.000116968
0.000119618
0.000122196
0.000124465
0.000126277
0.000127561
0.000128301
0.000128488
0.000128132
0.000127156
0.000125455
0.000122921
0.000119474
0.000115102
0.000109888
0.000104002
9.76546e-05
9.10822e-05
8.46224e-05
7.8958e-05
7.55257e-05
7.61162e-05
8.00752e-05
8.61045e-05
9.29061e-05
9.97716e-05
0.000106311
0.00011223
0.000117291
0.000121356
0.000124404
0.000126511
0.000127799
0.000128387
0.000128388
0.000127818
0.000126697
0.000125039
0.000122895
0.000120395
0.000117752
0.000115247
0.000113178
0.000111812
0.000111301
0.000111669
0.000112903
0.000114819
0.000117173
0.000119698
0.00012215
0.000124346
0.000126174
0.000127603
0.000128656
0.000129393
0.000129884
0.000130198
0.00013039
0.000130504
0.000130568
0.000130604
0.000130624
0.000130634
0.00013064
0.000130643
0.000130644
0.000130646
0.000130646
0.000130647
0.000130648
0.000130648
0.000130649
0.000130649
0.00013065
0.00013065
0.000130651
0.000130651
0.000130652
0.000130652
0.000130653
0.000130653
0.000130654
0.000130654
0.000130655
0.000130655
0.000130655
0.000130656
0.000130656
0.000130656
0.000130657
0.000130657
0.000130657
0.000130658
0.000130658
0.000130658
0.000130659
0.000130659
0.000130659
0.000130659
0.00013066
0.00013066
0.00013066
0.00013066
0.00013066
0.000130661
0.000130661
0.000130661
0.000130661
0.000130661
0.000130661
0.000130661
0.000130661
0.000130661
0.000130662
0.000130662
0.000130662
0.000130662
0.000130662
0.000130662
0.000130648
0.000130648
0.000130648
0.000130648
0.000130648
0.000130648
0.000130648
0.000130648
0.000130648
0.000130648
0.000130648
0.000130647
0.000130647
0.000130647
0.000130647
0.000130647
0.000130647
0.000130646
0.000130646
0.000130646
0.000130646
0.000130645
0.000130645
0.000130645
0.000130645
0.000130644
0.000130644
0.000130644
0.000130643
0.000130643
0.000130643
0.000130642
0.000130642
0.000130642
0.000130641
0.000130641
0.00013064
0.00013064
0.000130639
0.000130639
0.000130639
0.000130638
0.000130638
0.000130637
0.000130637
0.000130636
0.000130636
0.000130635
0.000130634
0.000130634
0.000130633
0.000130633
0.000130632
0.000130631
0.00013063
0.000130628
0.000130625
0.000130619
0.000130607
0.000130586
0.000130548
0.00013048
0.000130361
0.000130162
0.00012984
0.000129339
0.000128593
0.000127529
0.00012609
0.000124247
0.00012203
0.000119539
0.000116952
0.000114505
0.000112466
0.000111088
0.000110572
0.000110951
0.000112199
0.000114215
0.000116742
0.000119474
0.000122114
0.000124423
0.000126255
0.000127541
0.000128269
0.00012843
0.000128037
0.000127008
0.000125239
0.000122629
0.000119104
0.000114667
0.00010942
0.000103547
9.7276e-05
9.08561e-05
8.46321e-05
7.92759e-05
7.60932e-05
7.6625e-05
8.03296e-05
8.60827e-05
9.265e-05
9.9371e-05
0.000105843
0.000111758
0.000116865
0.000121005
0.000124136
0.00012632
0.000127674
0.000128315
0.00012835
0.000127804
0.000126692
0.000125027
0.000122856
0.000120304
0.000117585
0.000114984
0.00011281
0.000111343
0.000110755
0.00011107
0.000112286
0.000114219
0.00011662
0.000119215
0.000121749
0.000124028
0.000125934
0.000127428
0.000128533
0.000129307
0.000129824
0.000130155
0.000130358
0.000130478
0.000130547
0.000130585
0.000130606
0.000130617
0.000130623
0.000130626
0.000130628
0.000130629
0.00013063
0.00013063
0.000130631
0.000130631
0.000130632
0.000130633
0.000130633
0.000130634
0.000130634
0.000130634
0.000130635
0.000130635
0.000130636
0.000130636
0.000130637
0.000130637
0.000130637
0.000130638
0.000130638
0.000130639
0.000130639
0.000130639
0.00013064
0.00013064
0.00013064
0.000130641
0.000130641
0.000130641
0.000130641
0.000130642
0.000130642
0.000130642
0.000130642
0.000130642
0.000130643
0.000130643
0.000130643
0.000130643
0.000130643
0.000130644
0.000130644
0.000130644
0.000130644
0.000130644
0.000130644
0.000130644
0.000130644
0.000130644
0.000130644
0.000130644
0.000130644
0.000130644
0.000130634
0.000130634
0.000130634
0.000130634
0.000130633
0.000130633
0.000130633
0.000130633
0.000130633
0.000130633
0.000130633
0.000130633
0.000130633
0.000130633
0.000130633
0.000130632
0.000130632
0.000130632
0.000130632
0.000130632
0.000130632
0.000130631
0.000130631
0.000130631
0.000130631
0.00013063
0.00013063
0.00013063
0.00013063
0.000130629
0.000130629
0.000130629
0.000130628
0.000130628
0.000130628
0.000130628
0.000130627
0.000130627
0.000130626
0.000130626
0.000130626
0.000130625
0.000130625
0.000130625
0.000130624
0.000130624
0.000130623
0.000130623
0.000130622
0.000130622
0.000130621
0.000130621
0.00013062
0.000130619
0.000130618
0.000130616
0.000130613
0.000130607
0.000130595
0.000130573
0.000130532
0.00013046
0.000130335
0.000130126
0.000129788
0.000129263
0.000128482
0.000127372
0.000125872
0.000123957
0.000121661
0.00011909
0.000116431
0.000113931
0.000111865
0.000110491
0.000110015
0.000110456
0.000111794
0.000113909
0.000116531
0.000119345
0.000122046
0.000124394
0.000126243
0.000127531
0.000128248
0.000128387
0.00012796
0.000126882
0.000125053
0.000122375
0.000118781
0.000114288
0.000109013
0.000103157
9.69595e-05
9.06824e-05
8.4677e-05
7.95994e-05
7.66358e-05
7.71222e-05
8.06038e-05
8.60926e-05
9.24545e-05
9.9039e-05
0.000105443
0.000111349
0.000116492
0.000120694
0.000123898
0.000126152
0.000127566
0.000128256
0.000128323
0.000127798
0.000126697
0.000125026
0.000122829
0.000120228
0.000117435
0.000114739
0.000112461
0.00011089
0.000110222
0.00011048
0.000111675
0.000113623
0.000116069
0.000118732
0.000121348
0.000123711
0.000125694
0.000127254
0.00012841
0.000129222
0.000129766
0.000130114
0.000130329
0.000130456
0.000130528
0.000130569
0.000130591
0.000130602
0.000130608
0.000130612
0.000130613
0.000130614
0.000130615
0.000130616
0.000130616
0.000130617
0.000130617
0.000130618
0.000130618
0.000130619
0.000130619
0.00013062
0.00013062
0.00013062
0.000130621
0.000130621
0.000130622
0.000130622
0.000130622
0.000130623
0.000130623
0.000130623
0.000130624
0.000130624
0.000130624
0.000130624
0.000130625
0.000130625
0.000130625
0.000130626
0.000130626
0.000130626
0.000130626
0.000130626
0.000130627
0.000130627
0.000130627
0.000130627
0.000130627
0.000130627
0.000130628
0.000130628
0.000130628
0.000130628
0.000130628
0.000130628
0.000130628
0.000130628
0.000130628
0.000130628
0.000130628
0.000130628
0.000130628
0.000130628
0.000130624
0.000130624
0.000130623
0.000130623
0.000130623
0.000130623
0.000130623
0.000130623
0.000130623
0.000130623
0.000130623
0.000130623
0.000130623
0.000130623
0.000130623
0.000130623
0.000130623
0.000130623
0.000130623
0.000130622
0.000130622
0.000130622
0.000130622
0.000130622
0.000130622
0.000130622
0.000130622
0.000130622
0.000130621
0.000130621
0.000130621
0.000130621
0.000130621
0.000130621
0.000130621
0.00013062
0.00013062
0.00013062
0.00013062
0.00013062
0.000130619
0.000130619
0.000130619
0.000130619
0.000130619
0.000130618
0.000130618
0.000130618
0.000130618
0.000130617
0.000130617
0.000130617
0.000130616
0.000130616
0.000130614
0.000130613
0.000130609
0.000130602
0.00013059
0.000130567
0.000130524
0.000130448
0.000130317
0.000130098
0.000129743
0.000129194
0.000128378
0.00012722
0.00012566
0.000123673
0.000121296
0.000118645
0.000115916
0.000113363
0.000111271
0.000109904
0.00010947
0.000109975
0.000111406
0.000113621
0.00011634
0.000119236
0.000121996
0.000124382
0.00012625
0.000127541
0.000128248
0.000128367
0.000127911
0.000126788
0.000124905
0.000122166
0.000118512
0.000113971
0.000108673
0.000102834
9.67047e-05
9.0559e-05
8.47568e-05
7.99294e-05
7.71582e-05
7.76097e-05
8.08955e-05
8.61448e-05
9.23161e-05
9.87734e-05
0.000105111
0.000111005
0.000116175
0.000120431
0.000123699
0.000126015
0.000127484
0.000128218
0.000128312
0.000127809
0.000126717
0.00012504
0.000122819
0.000120169
0.000117304
0.000114514
0.00011213
0.000110454
0.000109701
0.0001099
0.000111071
0.000113031
0.000115521
0.000118252
0.000120949
0.000123396
0.000125457
0.000127083
0.000128291
0.000129141
0.000129712
0.000130078
0.000130304
0.000130438
0.000130515
0.000130557
0.00013058
0.000130592
0.000130599
0.000130602
0.000130604
0.000130605
0.000130606
0.000130606
0.000130607
0.000130607
0.000130607
0.000130608
0.000130608
0.000130608
0.000130609
0.000130609
0.000130609
0.00013061
0.00013061
0.00013061
0.00013061
0.000130611
0.000130611
0.000130611
0.000130611
0.000130612
0.000130612
0.000130612
0.000130612
0.000130613
0.000130613
0.000130613
0.000130613
0.000130613
0.000130614
0.000130614
0.000130614
0.000130614
0.000130614
0.000130614
0.000130614
0.000130615
0.000130615
0.000130615
0.000130615
0.000130615
0.000130615
0.000130615
0.000130615
0.000130615
0.000130615
0.000130616
0.000130616
0.000130616
0.000130616
0.000130616
0.000130616
0.000130616
0.000130622
0.000130622
0.000130622
0.000130622
0.000130622
0.000130622
0.000130622
0.000130623
0.000130623
0.000130623
0.000130623
0.000130623
0.000130623
0.000130623
0.000130623
0.000130623
0.000130623
0.000130623
0.000130623
0.000130623
0.000130623
0.000130623
0.000130623
0.000130623
0.000130624
0.000130624
0.000130624
0.000130624
0.000130624
0.000130624
0.000130624
0.000130624
0.000130625
0.000130625
0.000130625
0.000130625
0.000130625
0.000130625
0.000130626
0.000130626
0.000130626
0.000130626
0.000130626
0.000130626
0.000130627
0.000130627
0.000130627
0.000130627
0.000130627
0.000130627
0.000130627
0.000130627
0.000130627
0.000130627
0.000130626
0.000130624
0.000130621
0.000130614
0.000130601
0.000130576
0.000130531
0.000130451
0.000130313
0.000130082
0.000129712
0.000129138
0.000128285
0.000127079
0.000125457
0.000123397
0.000120939
0.000118208
0.000115407
0.000112802
0.000110685
0.000109327
0.000108938
0.00010951
0.000111036
0.000113355
0.000116173
0.00011915
0.000121972
0.000124398
0.000126286
0.000127582
0.000128282
0.000128384
0.000127898
0.000126739
0.000124808
0.000122012
0.000118304
0.00011372
0.000108403
0.000102579
9.65145e-05
9.04923e-05
8.48716e-05
8.02672e-05
7.76647e-05
7.80893e-05
8.12038e-05
8.6239e-05
9.2234e-05
9.85742e-05
0.00010485
0.000110728
0.000115921
0.000120224
0.000123548
0.000125922
0.000127439
0.00012821
0.000128332
0.000127847
0.000126762
0.000125078
0.000122832
0.000120134
0.000117196
0.000114312
0.00011182
0.000110036
0.000109195
0.000109331
0.000110476
0.000112446
0.000114979
0.000117776
0.000120555
0.000123086
0.000125226
0.000126918
0.000128179
0.000129069
0.000129667
0.000130052
0.000130289
0.00013043
0.00013051
0.000130555
0.00013058
0.000130592
0.000130599
0.000130602
0.000130604
0.000130605
0.000130605
0.000130606
0.000130606
0.000130606
0.000130606
0.000130606
0.000130606
0.000130607
0.000130607
0.000130607
0.000130607
0.000130607
0.000130607
0.000130607
0.000130607
0.000130607
0.000130607
0.000130607
0.000130607
0.000130608
0.000130608
0.000130608
0.000130608
0.000130608
0.000130608
0.000130608
0.000130608
0.000130608
0.000130608
0.000130608
0.000130608
0.000130608
0.000130608
0.000130609
0.000130609
0.000130609
0.000130609
0.000130609
0.000130609
0.000130609
0.000130609
0.000130609
0.000130609
0.000130609
0.000130609
0.000130609
0.000130609
0.000130609
0.000130609
0.000130609
0.000130609
0.000130609
0.000130638
0.000130638
0.000130638
0.000130638
0.000130639
0.000130639
0.000130639
0.000130639
0.000130639
0.000130639
0.000130639
0.00013064
0.00013064
0.00013064
0.00013064
0.000130641
0.000130641
0.000130641
0.000130642
0.000130642
0.000130643
0.000130643
0.000130644
0.000130644
0.000130645
0.000130645
0.000130646
0.000130646
0.000130647
0.000130648
0.000130648
0.000130649
0.00013065
0.00013065
0.000130651
0.000130652
0.000130653
0.000130653
0.000130654
0.000130655
0.000130656
0.000130657
0.000130658
0.000130659
0.00013066
0.00013066
0.000130661
0.000130662
0.000130663
0.000130664
0.000130664
0.000130665
0.000130665
0.000130665
0.000130665
0.000130663
0.00013066
0.000130653
0.000130639
0.000130613
0.000130566
0.000130481
0.000130335
0.000130093
0.000129704
0.000129104
0.000128214
0.000126957
0.000125271
0.000123135
0.000120595
0.000117781
0.000114908
0.00011225
0.000110109
0.000108761
0.000108419
0.000109063
0.000110688
0.000113115
0.000116034
0.000119098
0.000121986
0.000124456
0.00012637
0.000127677
0.000128375
0.000128462
0.000127949
0.000126749
0.000124771
0.000121927
0.000118168
0.000113543
0.000108207
0.000102396
9.63883e-05
9.04825e-05
8.50211e-05
8.06141e-05
7.81592e-05
7.85632e-05
8.15284e-05
8.63742e-05
9.22187e-05
9.84429e-05
0.00010466
0.000110524
0.000115737
0.000120082
0.000123461
0.000125883
0.000127445
0.000128256
0.000128403
0.000127933
0.000126851
0.000125155
0.000122879
0.00012013
0.000117116
0.000114135
0.000111533
0.000109639
0.000108704
0.000108775
0.000109891
0.000111869
0.000114444
0.000117309
0.000120169
0.000122785
0.000125005
0.000126766
0.000128081
0.000129012
0.000129638
0.000130041
0.000130291
0.000130439
0.000130525
0.000130572
0.000130598
0.000130611
0.000130618
0.000130621
0.000130622
0.000130623
0.000130623
0.000130623
0.000130623
0.000130622
0.000130622
0.000130622
0.000130622
0.000130621
0.000130621
0.000130621
0.00013062
0.00013062
0.00013062
0.000130619
0.000130619
0.000130619
0.000130618
0.000130618
0.000130618
0.000130618
0.000130617
0.000130617
0.000130617
0.000130617
0.000130617
0.000130616
0.000130616
0.000130616
0.000130616
0.000130616
0.000130616
0.000130616
0.000130615
0.000130615
0.000130615
0.000130615
0.000130615
0.000130615
0.000130615
0.000130615
0.000130615
0.000130615
0.000130615
0.000130615
0.000130615
0.000130615
0.000130615
0.000130615
0.000130615
0.000130614
0.000130614
0.000130614
0.000130685
0.000130685
0.000130685
0.000130685
0.000130685
0.000130686
0.000130686
0.000130686
0.000130687
0.000130687
0.000130688
0.000130688
0.000130689
0.000130689
0.00013069
0.000130691
0.000130692
0.000130693
0.000130693
0.000130694
0.000130695
0.000130697
0.000130698
0.000130699
0.0001307
0.000130701
0.000130703
0.000130704
0.000130706
0.000130707
0.000130709
0.000130711
0.000130712
0.000130714
0.000130716
0.000130718
0.00013072
0.000130722
0.000130724
0.000130726
0.000130728
0.00013073
0.000130732
0.000130734
0.000130736
0.000130738
0.00013074
0.000130742
0.000130744
0.000130746
0.000130748
0.00013075
0.000130751
0.000130752
0.000130753
0.000130752
0.000130749
0.000130742
0.000130727
0.000130699
0.000130648
0.000130558
0.000130403
0.000130147
0.000129737
0.000129106
0.000128176
0.000126864
0.00012511
0.000122894
0.000120268
0.000117368
0.00011442
0.00011171
0.000109544
0.000108207
0.000107916
0.000108635
0.000110366
0.000112905
0.000115933
0.000119091
0.000122054
0.00012458
0.00012653
0.000127857
0.000128558
0.000128634
0.000128093
0.000126852
0.000124823
0.000121923
0.000118113
0.000113449
0.000108091
0.00010229
9.63358e-05
9.0516e-05
8.52035e-05
8.09714e-05
7.86455e-05
7.90336e-05
8.18692e-05
8.65468e-05
9.22462e-05
9.83821e-05
0.000104546
0.000110399
0.000115632
0.000120018
0.000123446
0.000125925
0.000127537
0.000128385
0.000128554
0.000128094
0.000127007
0.000125292
0.000122977
0.000120169
0.000117074
0.000113991
0.000111274
0.000109264
0.000108229
0.000108234
0.000109318
0.000111303
0.000113919
0.000116852
0.000119796
0.0001225
0.000124803
0.000126635
0.000128008
0.000128981
0.000129637
0.000130061
0.000130324
0.000130481
0.000130572
0.000130622
0.000130649
0.000130663
0.000130669
0.000130672
0.000130673
0.000130673
0.000130673
0.000130672
0.000130671
0.00013067
0.000130669
0.000130668
0.000130667
0.000130665
0.000130664
0.000130663
0.000130662
0.000130661
0.00013066
0.000130659
0.000130658
0.000130657
0.000130656
0.000130656
0.000130655
0.000130654
0.000130653
0.000130652
0.000130652
0.000130651
0.00013065
0.00013065
0.000130649
0.000130648
0.000130648
0.000130647
0.000130647
0.000130646
0.000130646
0.000130646
0.000130645
0.000130645
0.000130644
0.000130644
0.000130644
0.000130644
0.000130643
0.000130643
0.000130643
0.000130643
0.000130643
0.000130642
0.000130642
0.000130642
0.000130642
0.000130642
0.000130642
0.000130642
0.000130784
0.000130784
0.000130784
0.000130784
0.000130785
0.000130785
0.000130786
0.000130787
0.000130787
0.000130788
0.000130789
0.00013079
0.000130792
0.000130793
0.000130794
0.000130796
0.000130797
0.000130799
0.000130801
0.000130803
0.000130805
0.000130807
0.00013081
0.000130812
0.000130814
0.000130817
0.00013082
0.000130823
0.000130826
0.000130829
0.000130832
0.000130835
0.000130839
0.000130842
0.000130846
0.000130849
0.000130853
0.000130857
0.000130861
0.000130865
0.000130869
0.000130873
0.000130877
0.000130881
0.000130885
0.00013089
0.000130894
0.000130898
0.000130902
0.000130906
0.000130909
0.000130913
0.000130916
0.000130919
0.00013092
0.00013092
0.000130918
0.000130911
0.000130896
0.000130866
0.000130811
0.000130713
0.000130547
0.000130273
0.000129837
0.00012917
0.000128191
0.000126818
0.000124988
0.000122685
0.000119965
0.000116975
0.000113949
0.000111182
0.000108992
0.000107667
0.000107429
0.00010823
0.000110073
0.000112735
0.000115882
0.000119148
0.000122203
0.000124801
0.000126806
0.000128165
0.000128879
0.000128946
0.000128375
0.000127085
0.000124996
0.00012203
0.000118159
0.000113448
0.000108068
0.00010227
9.63436e-05
9.06015e-05
8.54188e-05
8.13397e-05
7.91273e-05
7.95029e-05
8.22263e-05
8.67559e-05
9.23285e-05
9.83869e-05
0.000104516
0.000110364
0.00011562
0.000120052
0.000123541
0.000126083
0.00012775
0.000128638
0.000128828
0.000128371
0.00012727
0.00012552
0.000123151
0.000120269
0.000117081
0.000113886
0.000111047
0.000108914
0.000107772
0.000107709
0.000108758
0.000110748
0.000113407
0.000116411
0.000119441
0.000122238
0.000124629
0.000126538
0.000127972
0.000128992
0.000129684
0.000130132
0.000130411
0.000130578
0.000130674
0.000130728
0.000130757
0.000130771
0.000130777
0.00013078
0.00013078
0.000130779
0.000130777
0.000130775
0.000130773
0.00013077
0.000130768
0.000130765
0.000130763
0.000130761
0.000130758
0.000130756
0.000130754
0.000130751
0.000130749
0.000130747
0.000130745
0.000130743
0.000130741
0.000130739
0.000130737
0.000130735
0.000130733
0.000130732
0.00013073
0.000130729
0.000130727
0.000130726
0.000130724
0.000130723
0.000130722
0.000130721
0.00013072
0.000130719
0.000130718
0.000130717
0.000130716
0.000130715
0.000130714
0.000130713
0.000130713
0.000130712
0.000130712
0.000130711
0.000130711
0.00013071
0.00013071
0.000130709
0.000130709
0.000130709
0.000130709
0.000130709
0.000130708
0.000130708
0.000130968
0.000130968
0.000130968
0.000130969
0.00013097
0.000130971
0.000130972
0.000130973
0.000130974
0.000130976
0.000130978
0.00013098
0.000130982
0.000130984
0.000130987
0.00013099
0.000130993
0.000130996
0.000130999
0.000131003
0.000131006
0.00013101
0.000131014
0.000131019
0.000131023
0.000131028
0.000131033
0.000131038
0.000131043
0.000131049
0.000131054
0.00013106
0.000131066
0.000131073
0.000131079
0.000131086
0.000131092
0.000131099
0.000131106
0.000131113
0.00013112
0.000131128
0.000131135
0.000131142
0.00013115
0.000131157
0.000131165
0.000131172
0.000131179
0.000131186
0.000131193
0.000131199
0.000131205
0.00013121
0.000131214
0.000131216
0.000131215
0.000131208
0.000131192
0.000131159
0.000131099
0.000130991
0.00013081
0.000130512
0.000130043
0.00012933
0.00012829
0.000126842
0.000124923
0.000122521
0.000119697
0.000116608
0.000113497
0.00011067
0.000108454
0.000107143
0.000106962
0.000107851
0.000109816
0.000112613
0.000115898
0.000119294
0.000122465
0.000125165
0.000127249
0.000128662
0.000129399
0.00012946
0.000128851
0.000127498
0.000125328
0.000122276
0.000118324
0.000113547
0.000108122
0.000102311
9.64109e-05
9.07391e-05
8.56673e-05
8.17207e-05
7.96077e-05
7.99733e-05
8.26003e-05
8.70015e-05
9.24653e-05
9.84524e-05
0.000104553
0.000110411
0.00011571
0.000120207
0.000123775
0.000126397
0.000128133
0.00012907
0.000129281
0.000128821
0.000127688
0.000125881
0.000123434
0.000120455
0.000117152
0.000113831
0.000110857
0.000108594
0.000107336
0.000107201
0.000108212
0.000110209
0.000112912
0.00011599
0.000119113
0.00012201
0.000124497
0.000126492
0.000127997
0.000129073
0.000129807
0.000130284
0.000130583
0.000130763
0.000130868
0.000130925
0.000130956
0.000130971
0.000130976
0.000130978
0.000130976
0.000130973
0.00013097
0.000130965
0.000130961
0.000130957
0.000130952
0.000130948
0.000130943
0.000130939
0.000130934
0.00013093
0.000130925
0.000130921
0.000130917
0.000130913
0.000130909
0.000130905
0.000130901
0.000130898
0.000130894
0.000130891
0.000130888
0.000130884
0.000130881
0.000130878
0.000130876
0.000130873
0.00013087
0.000130868
0.000130866
0.000130863
0.000130861
0.000130859
0.000130857
0.000130855
0.000130854
0.000130852
0.000130851
0.000130849
0.000130848
0.000130847
0.000130846
0.000130845
0.000130844
0.000130843
0.000130842
0.000130842
0.000130841
0.000130841
0.00013084
0.00013084
0.00013084
0.00013084
0.000131283
0.000131284
0.000131284
0.000131285
0.000131286
0.000131288
0.00013129
0.000131292
0.000131294
0.000131297
0.0001313
0.000131303
0.000131307
0.000131311
0.000131316
0.00013132
0.000131325
0.00013133
0.000131336
0.000131342
0.000131348
0.000131355
0.000131362
0.000131369
0.000131376
0.000131384
0.000131392
0.000131401
0.00013141
0.000131419
0.000131428
0.000131438
0.000131448
0.000131459
0.000131469
0.00013148
0.000131491
0.000131502
0.000131514
0.000131526
0.000131538
0.00013155
0.000131562
0.000131574
0.000131587
0.000131599
0.000131611
0.000131623
0.000131635
0.000131647
0.000131658
0.000131669
0.000131679
0.000131688
0.000131695
0.0001317
0.000131701
0.000131695
0.000131678
0.000131641
0.000131573
0.000131452
0.000131249
0.000130919
0.000130405
0.00012963
0.000128512
0.000126967
0.000124939
0.000122418
0.000119475
0.000116274
0.000113069
0.000110177
0.000107933
0.000106637
0.000106515
0.000107503
0.000109602
0.000112553
0.000115999
0.000119557
0.000122885
0.000125725
0.000127925
0.000129418
0.000130193
0.000130248
0.000129588
0.000128149
0.000125869
0.000122698
0.000118634
0.000113766
0.000108278
0.000102438
9.65486e-05
9.09298e-05
8.59502e-05
8.21163e-05
8.00894e-05
8.04471e-05
8.29922e-05
8.7284e-05
9.26574e-05
9.85904e-05
0.000104678
0.000110564
0.000115925
0.000120514
0.00012419
0.000126921
0.00012875
0.00012975
0.000129985
0.00012951
0.000128325
0.000126431
0.00012387
0.000120758
0.000117311
0.00011384
0.000110713
0.000108308
0.000106926
0.000106712
0.000107683
0.000109686
0.000112437
0.000115595
0.000118821
0.000121829
0.000124426
0.000126522
0.000128114
0.00012926
0.000130047
0.000130563
0.000130888
0.000131085
0.0001312
0.000131263
0.000131296
0.000131311
0.000131316
0.000131315
0.000131311
0.000131305
0.000131299
0.000131291
0.000131284
0.000131276
0.000131268
0.00013126
0.000131253
0.000131245
0.000131237
0.00013123
0.000131222
0.000131215
0.000131208
0.000131201
0.000131194
0.000131187
0.000131181
0.000131175
0.000131169
0.000131163
0.000131157
0.000131152
0.000131146
0.000131141
0.000131136
0.000131132
0.000131127
0.000131123
0.000131119
0.000131115
0.000131111
0.000131108
0.000131105
0.000131101
0.000131098
0.000131096
0.000131093
0.000131091
0.000131088
0.000131086
0.000131084
0.000131082
0.000131081
0.000131079
0.000131078
0.000131077
0.000131076
0.000131075
0.000131075
0.000131074
0.000131074
0.000131074
0.000131791
0.000131791
0.000131792
0.000131793
0.000131795
0.000131798
0.000131801
0.000131804
0.000131808
0.000131812
0.000131817
0.000131823
0.000131829
0.000131835
0.000131842
0.000131849
0.000131857
0.000131865
0.000131874
0.000131884
0.000131894
0.000131904
0.000131915
0.000131926
0.000131938
0.000131951
0.000131963
0.000131977
0.000131991
0.000132005
0.00013202
0.000132035
0.000132051
0.000132067
0.000132084
0.000132101
0.000132118
0.000132136
0.000132154
0.000132172
0.000132191
0.00013221
0.000132229
0.000132248
0.000132267
0.000132287
0.000132306
0.000132325
0.000132343
0.000132362
0.000132379
0.000132396
0.000132412
0.000132427
0.000132439
0.000132448
0.000132452
0.000132448
0.00013243
0.000132389
0.00013231
0.000132171
0.000131938
0.000131564
0.000130987
0.000130129
0.000128905
0.000127235
0.000125067
0.000122399
0.000119312
0.000115981
0.00011267
0.000109705
0.00010743
0.00010615
0.000106093
0.00010719
0.00010944
0.000112571
0.000116211
0.000119976
0.000123512
0.000126546
0.000128906
0.000130512
0.000131342
0.000131389
0.000130661
0.000129104
0.000126673
0.000123337
0.000119119
0.000114123
0.000108546
0.000102657
9.67594e-05
9.11748e-05
8.62686e-05
8.25287e-05
8.05752e-05
8.09268e-05
8.34032e-05
8.7604e-05
9.29058e-05
9.88042e-05
0.000104899
0.000110835
0.000116289
0.000121006
0.000124832
0.000127713
0.000129668
0.000130752
0.000131017
0.000130517
0.000129252
0.000127232
0.00012451
0.000121218
0.000117583
0.000113925
0.000110623
0.00010806
0.000106544
0.000106244
0.000107173
0.000109182
0.000111986
0.000115234
0.000118575
0.000121712
0.000124441
0.000126661
0.000128363
0.0001296
0.000130457
0.000131025
0.000131386
0.000131606
0.000131735
0.000131805
0.000131841
0.000131856
0.000131859
0.000131855
0.000131848
0.000131838
0.000131827
0.000131815
0.000131802
0.00013179
0.000131777
0.000131765
0.000131752
0.000131739
0.000131727
0.000131715
0.000131703
0.000131691
0.00013168
0.000131668
0.000131657
0.000131647
0.000131636
0.000131626
0.000131616
0.000131607
0.000131598
0.000131589
0.000131581
0.000131572
0.000131565
0.000131557
0.00013155
0.000131543
0.000131536
0.00013153
0.000131524
0.000131518
0.000131513
0.000131508
0.000131503
0.000131498
0.000131494
0.00013149
0.000131486
0.000131483
0.00013148
0.000131477
0.000131474
0.000131472
0.00013147
0.000131468
0.000131466
0.000131465
0.000131464
0.000131463
0.000131463
0.000131462
0.000132563
0.000132564
0.000132566
0.000132568
0.000132571
0.000132574
0.000132579
0.000132584
0.00013259
0.000132596
0.000132604
0.000132612
0.000132621
0.00013263
0.000132641
0.000132652
0.000132664
0.000132676
0.000132689
0.000132704
0.000132718
0.000132734
0.00013275
0.000132767
0.000132785
0.000132804
0.000132823
0.000132843
0.000132864
0.000132885
0.000132907
0.00013293
0.000132954
0.000132978
0.000133002
0.000133028
0.000133054
0.00013308
0.000133107
0.000133134
0.000133162
0.00013319
0.000133218
0.000133247
0.000133275
0.000133304
0.000133332
0.00013336
0.000133388
0.000133415
0.000133442
0.000133467
0.000133491
0.000133513
0.000133533
0.000133548
0.000133557
0.000133554
0.000133535
0.000133489
0.000133396
0.000133233
0.00013296
0.000132526
0.000131863
0.000130892
0.000129527
0.000127691
0.000125341
0.000122487
0.000119224
0.000115739
0.000112305
0.000109258
0.000106948
0.000105686
0.000105696
0.000106919
0.000109339
0.000112678
0.000116559
0.000120589
0.000124398
0.000127689
0.000130266
0.000132023
0.000132925
0.000132963
0.000132144
0.00013043
0.000127795
0.000124236
0.000119807
0.000114637
0.000108934
0.000102969
9.70438e-05
9.14748e-05
8.66235e-05
8.296e-05
8.10678e-05
8.14149e-05
8.38348e-05
8.79623e-05
9.32114e-05
9.90951e-05
0.000105221
0.000111237
0.000116824
0.000121721
0.000125753
0.000128837
0.000130961
0.000132155
0.000132457
0.00013192
0.000130546
0.000128351
0.00012541
0.000121876
0.000117997
0.000114111
0.000110606
0.000107857
0.000106195
0.000105799
0.000106682
0.000108701
0.000111564
0.000114914
0.000118389
0.000121682
0.000124572
0.000126949
0.000128793
0.00013015
0.000131102
0.000131741
0.000132151
0.000132403
0.00013255
0.00013263
0.000132669
0.000132684
0.000132684
0.000132676
0.000132663
0.000132647
0.000132629
0.000132611
0.000132592
0.000132573
0.000132553
0.000132534
0.000132515
0.000132496
0.000132477
0.000132458
0.00013244
0.000132422
0.000132404
0.000132387
0.000132371
0.000132354
0.000132338
0.000132323
0.000132308
0.000132294
0.00013228
0.000132266
0.000132253
0.000132241
0.000132229
0.000132217
0.000132206
0.000132195
0.000132185
0.000132175
0.000132166
0.000132157
0.000132149
0.000132141
0.000132134
0.000132127
0.00013212
0.000132114
0.000132108
0.000132103
0.000132098
0.000132094
0.00013209
0.000132086
0.000132083
0.00013208
0.000132078
0.000132076
0.000132074
0.000132073
0.000132072
0.000132072
0.000133684
0.000133685
0.000133687
0.00013369
0.000133695
0.0001337
0.000133706
0.000133714
0.000133722
0.000133732
0.000133742
0.000133754
0.000133766
0.00013378
0.000133795
0.000133811
0.000133828
0.000133846
0.000133865
0.000133885
0.000133906
0.000133928
0.000133952
0.000133976
0.000134002
0.000134028
0.000134056
0.000134084
0.000134114
0.000134144
0.000134176
0.000134208
0.000134241
0.000134276
0.000134311
0.000134346
0.000134383
0.000134421
0.000134459
0.000134497
0.000134536
0.000134576
0.000134616
0.000134656
0.000134697
0.000134737
0.000134777
0.000134817
0.000134856
0.000134895
0.000134933
0.000134969
0.000135004
0.000135036
0.000135065
0.000135089
0.000135104
0.000135104
0.000135085
0.000135031
0.000134921
0.000134726
0.0001344
0.000133886
0.000133111
0.000131989
0.000130436
0.000128382
0.000125797
0.000122708
0.000119229
0.000115556
0.000111979
0.000108838
0.000106489
0.000105247
0.00010533
0.000106695
0.000109317
0.000112895
0.00011707
0.000121432
0.000125589
0.000129211
0.000132063
0.000134011
0.000135004
0.000135028
0.000134095
0.000132181
0.000129284
0.000125436
0.000120728
0.000115324
0.000109451
0.000103379
9.74023e-05
9.183e-05
8.70155e-05
8.34127e-05
8.15703e-05
8.19139e-05
8.42886e-05
8.83594e-05
9.35744e-05
9.94645e-05
0.000105648
0.000111782
0.000117554
0.000122694
0.000126999
0.000130347
0.000132689
0.000134025
0.000134374
0.000133788
0.000132271
0.000129849
0.000126622
0.000122773
0.000118584
0.000114412
0.000110656
0.000107704
0.000105882
0.00010538
0.000106215
0.000108245
0.000111176
0.000114643
0.000118276
0.000121757
0.000124851
0.00012743
0.000129461
0.000130978
0.000132056
0.000132789
0.000133265
0.000133559
0.000133731
0.000133823
0.000133867
0.00013388
0.000133877
0.000133862
0.000133841
0.000133817
0.000133791
0.000133764
0.000133736
0.000133708
0.00013368
0.000133652
0.000133624
0.000133596
0.000133569
0.000133542
0.000133515
0.000133489
0.000133464
0.000133439
0.000133415
0.000133391
0.000133368
0.000133346
0.000133324
0.000133303
0.000133283
0.000133263
0.000133244
0.000133226
0.000133208
0.000133191
0.000133175
0.00013316
0.000133145
0.000133131
0.000133117
0.000133104
0.000133092
0.000133081
0.00013307
0.000133059
0.00013305
0.000133041
0.000133032
0.000133025
0.000133018
0.000133011
0.000133005
0.000133
0.000132995
0.000132991
0.000132987
0.000132985
0.000132982
0.00013298
0.000132979
0.000132979
0.000135235
0.000135237
0.00013524
0.000135244
0.00013525
0.000135257
0.000135266
0.000135276
0.000135287
0.0001353
0.000135315
0.000135331
0.000135348
0.000135367
0.000135387
0.000135409
0.000135432
0.000135457
0.000135483
0.000135511
0.00013554
0.00013557
0.000135602
0.000135635
0.00013567
0.000135706
0.000135743
0.000135782
0.000135822
0.000135864
0.000135906
0.00013595
0.000135996
0.000136042
0.00013609
0.000136138
0.000136188
0.000136238
0.00013629
0.000136342
0.000136395
0.000136449
0.000136503
0.000136557
0.000136612
0.000136666
0.00013672
0.000136775
0.000136828
0.00013688
0.000136932
0.000136982
0.000137029
0.000137074
0.000137114
0.000137148
0.000137172
0.000137178
0.000137157
0.000137094
0.000136964
0.000136728
0.000136335
0.000135718
0.000134796
0.000133479
0.000131684
0.000129351
0.000126466
0.000123082
0.000119334
0.00011544
0.000111696
0.000108448
0.000106055
0.000104834
0.000104997
0.000106521
0.000109364
0.000113234
0.000117762
0.000122531
0.000127116
0.000131143
0.00013433
0.000136507
0.000137607
0.000137615
0.000136542
0.000134386
0.000131169
0.000126961
0.000121904
0.0001162
0.000110104
0.000103888
9.78349e-05
9.22403e-05
8.74459e-05
8.38888e-05
8.20858e-05
8.24267e-05
8.47661e-05
8.87958e-05
9.39947e-05
9.99135e-05
0.000106185
0.000112483
0.0001185
0.000123954
0.000128605
0.000132282
0.000134891
0.0001364
0.000136807
0.000136161
0.000134468
0.000131765
0.000128181
0.000123941
0.000119367
0.000114847
0.000110796
0.000107607
0.000105607
0.00010499
0.000105772
0.000107817
0.000110826
0.00011443
0.000118254
0.000121961
0.00012531
0.000128148
0.000130421
0.000132146
0.000133392
0.000134248
0.00013481
0.000135159
0.000135362
0.000135471
0.000135519
0.000135531
0.000135522
0.000135498
0.000135468
0.000135433
0.000135396
0.000135358
0.000135319
0.00013528
0.000135241
0.000135202
0.000135163
0.000135125
0.000135087
0.000135049
0.000135013
0.000134977
0.000134942
0.000134907
0.000134873
0.000134841
0.000134809
0.000134778
0.000134748
0.000134719
0.00013469
0.000134663
0.000134637
0.000134612
0.000134587
0.000134564
0.000134541
0.000134519
0.000134499
0.000134479
0.00013446
0.000134442
0.000134425
0.000134409
0.000134394
0.00013438
0.000134366
0.000134353
0.000134342
0.000134331
0.000134321
0.000134312
0.000134304
0.000134296
0.000134289
0.000134284
0.000134279
0.000134275
0.000134271
0.000134269
0.000134267
0.000134266
0.00013729
0.000137291
0.000137295
0.000137301
0.000137309
0.000137318
0.000137329
0.000137343
0.000137358
0.000137375
0.000137394
0.000137415
0.000137438
0.000137462
0.000137489
0.000137517
0.000137548
0.00013758
0.000137614
0.00013765
0.000137688
0.000137728
0.000137769
0.000137813
0.000137858
0.000137905
0.000137954
0.000138004
0.000138057
0.000138111
0.000138166
0.000138223
0.000138282
0.000138342
0.000138404
0.000138467
0.000138531
0.000138597
0.000138663
0.000138731
0.0001388
0.000138869
0.000138939
0.000139009
0.000139079
0.00013915
0.00013922
0.00013929
0.000139359
0.000139428
0.000139495
0.00013956
0.000139622
0.000139681
0.000139735
0.000139781
0.000139815
0.000139827
0.000139805
0.000139732
0.000139575
0.00013929
0.000138814
0.00013807
0.000136965
0.000135404
0.000133306
0.000130623
0.000127368
0.000123623
0.000119552
0.000115396
0.000111458
0.000108089
0.000105646
0.00010445
0.000104702
0.000106402
0.000109496
0.000113701
0.000118645
0.000123893
0.000128983
0.000133482
0.000137054
0.000139495
0.000140715
0.000140704
0.000139473
0.000137038
0.00013345
0.00012882
0.000123342
0.000117273
0.000110898
0.000104498
9.83412e-05
9.27051e-05
8.79152e-05
8.43902e-05
8.26172e-05
8.29561e-05
8.52688e-05
8.92714e-05
9.44717e-05
0.000100442
0.000106836
0.000113347
0.000119673
0.000125512
0.00013058
0.000134648
0.00013757
0.000139279
0.000139752
0.000139038
0.000137139
0.000134108
0.000130102
0.000125395
0.000120359
0.000115427
0.000111033
0.000107578
0.000105375
0.000104629
0.000105356
0.000107418
0.000110515
0.000114278
0.000118324
0.000122312
0.000125976
0.000129139
0.000131719
0.00013371
0.000135169
0.000136184
0.000136855
0.000137273
0.000137516
0.000137644
0.000137697
0.000137708
0.000137691
0.000137657
0.000137615
0.000137568
0.000137518
0.000137467
0.000137415
0.000137362
0.00013731
0.000137258
0.000137207
0.000137156
0.000137105
0.000137056
0.000137007
0.00013696
0.000136913
0.000136867
0.000136823
0.000136779
0.000136737
0.000136696
0.000136656
0.000136617
0.00013658
0.000136544
0.000136509
0.000136475
0.000136443
0.000136411
0.000136381
0.000136352
0.000136325
0.000136299
0.000136273
0.000136249
0.000136227
0.000136205
0.000136185
0.000136166
0.000136148
0.000136131
0.000136115
0.000136101
0.000136087
0.000136075
0.000136064
0.000136054
0.000136045
0.000136038
0.000136031
0.000136025
0.000136021
0.000136018
0.000136016
0.000136014
0.000139895
0.000139897
0.000139902
0.000139909
0.000139919
0.000139931
0.000139945
0.000139962
0.000139981
0.000140002
0.000140026
0.000140053
0.000140081
0.000140112
0.000140146
0.000140181
0.000140219
0.00014026
0.000140303
0.000140348
0.000140395
0.000140445
0.000140497
0.000140551
0.000140608
0.000140666
0.000140727
0.00014079
0.000140855
0.000140923
0.000140992
0.000141063
0.000141136
0.000141211
0.000141287
0.000141366
0.000141445
0.000141527
0.000141609
0.000141693
0.000141778
0.000141863
0.00014195
0.000142037
0.000142124
0.000142211
0.000142298
0.000142385
0.000142471
0.000142556
0.000142639
0.00014272
0.000142798
0.000142873
0.000142941
0.000143001
0.000143045
0.000143063
0.00014304
0.000142955
0.000142767
0.000142421
0.000141845
0.000140947
0.000139622
0.000137767
0.000135304
0.000132202
0.000128504
0.00012433
0.000119881
0.000115423
0.000111265
0.00010776
0.000105263
0.000104094
0.000104446
0.000106339
0.000109714
0.000114295
0.00011971
0.000125501
0.000131156
0.000136179
0.000140175
0.000142901
0.000144252
0.000144222
0.000142822
0.000140087
0.000136092
0.000130991
0.000125035
0.00011854
0.000111834
0.000105208
9.892e-05
9.32237e-05
8.84238e-05
8.49185e-05
8.31674e-05
8.35045e-05
8.57978e-05
8.97859e-05
9.50041e-05
0.00010105
0.000107601
0.000114374
0.000121071
0.000127361
0.000132906
0.000137413
0.000140681
0.000142609
0.000143154
0.000142363
0.000140239
0.00013684
0.00013236
0.000127121
0.000121558
0.000116152
0.000111366
0.000107606
0.000105186
0.0001043
0.000104967
0.000107049
0.000110247
0.000114189
0.000118497
0.000122817
0.000126863
0.000130424
0.000133381
0.000135701
0.000137424
0.000138634
0.000139439
0.000139943
0.000140235
0.000140386
0.000140446
0.000140456
0.00014043
0.000140384
0.000140328
0.000140267
0.000140202
0.000140136
0.00014007
0.000140003
0.000139936
0.00013987
0.000139805
0.00013974
0.000139676
0.000139613
0.000139552
0.000139491
0.000139432
0.000139374
0.000139317
0.000139262
0.000139209
0.000139156
0.000139106
0.000139057
0.000139009
0.000138963
0.000138918
0.000138875
0.000138834
0.000138794
0.000138756
0.000138719
0.000138684
0.00013865
0.000138618
0.000138587
0.000138558
0.000138531
0.000138505
0.00013848
0.000138457
0.000138436
0.000138416
0.000138397
0.00013838
0.000138364
0.00013835
0.000138337
0.000138326
0.000138316
0.000138308
0.000138301
0.000138295
0.000138291
0.000138288
0.000138286
0.000143062
0.000143065
0.00014307
0.000143079
0.000143091
0.000143105
0.000143122
0.000143142
0.000143165
0.000143191
0.00014322
0.000143252
0.000143286
0.000143323
0.000143364
0.000143407
0.000143452
0.000143501
0.000143552
0.000143606
0.000143663
0.000143723
0.000143785
0.00014385
0.000143918
0.000143988
0.000144061
0.000144136
0.000144214
0.000144294
0.000144376
0.000144461
0.000144548
0.000144637
0.000144728
0.000144821
0.000144916
0.000145012
0.00014511
0.000145209
0.000145309
0.000145411
0.000145513
0.000145616
0.000145719
0.000145823
0.000145926
0.000146028
0.00014613
0.000146231
0.00014633
0.000146427
0.00014652
0.00014661
0.000146693
0.000146765
0.000146819
0.000146843
0.000146816
0.000146715
0.000146489
0.000146074
0.000145381
0.000144303
0.000142722
0.000140526
0.000137641
0.000134056
0.00012985
0.000125187
0.00012031
0.00011551
0.000111112
0.000107461
0.000104907
0.000103768
0.00010423
0.000106336
0.000110013
0.000115004
0.000120931
0.000127308
0.000133565
0.00013914
0.000143577
0.000146597
0.000148083
0.000148037
0.000146471
0.000143433
0.000139018
0.000133422
0.000126951
0.000119986
0.000112903
0.000106015
9.95687e-05
9.37944e-05
8.89715e-05
8.54752e-05
8.37389e-05
8.40743e-05
8.63543e-05
9.03384e-05
9.55895e-05
0.000101732
0.000108475
0.000115555
0.000122674
0.000129465
0.000135526
0.000140498
0.000144127
0.000146279
0.000146897
0.000146026
0.000143665
0.00013988
0.000134893
0.00012908
0.000122939
0.00011701
0.000111792
0.000107698
0.000105039
0.000104004
0.000104606
0.000106709
0.000110018
0.000114167
0.000118769
0.000123475
0.000127967
0.000131997
0.000135402
0.000138113
0.00014015
0.000141594
0.000142559
0.000143165
0.000143515
0.000143695
0.000143765
0.000143774
0.000143739
0.000143681
0.000143611
0.000143535
0.000143455
0.000143374
0.000143292
0.000143211
0.00014313
0.000143049
0.000142969
0.000142891
0.000142813
0.000142737
0.000142662
0.000142588
0.000142516
0.000142446
0.000142377
0.00014231
0.000142245
0.000142181
0.00014212
0.00014206
0.000142002
0.000141945
0.000141891
0.000141839
0.000141788
0.000141739
0.000141692
0.000141648
0.000141604
0.000141563
0.000141524
0.000141487
0.000141451
0.000141417
0.000141385
0.000141355
0.000141327
0.000141301
0.000141276
0.000141253
0.000141232
0.000141213
0.000141195
0.00014118
0.000141166
0.000141154
0.000141143
0.000141134
0.000141127
0.000141122
0.000141119
0.000141117
0.00014675
0.000146753
0.00014676
0.00014677
0.000146783
0.0001468
0.00014682
0.000146843
0.000146869
0.000146899
0.000146932
0.000146969
0.000147009
0.000147051
0.000147098
0.000147147
0.0001472
0.000147256
0.000147315
0.000147377
0.000147442
0.00014751
0.000147582
0.000147656
0.000147733
0.000147814
0.000147897
0.000147983
0.000148072
0.000148163
0.000148257
0.000148353
0.000148452
0.000148554
0.000148657
0.000148762
0.00014887
0.000148979
0.00014909
0.000149203
0.000149316
0.000149431
0.000149547
0.000149663
0.000149779
0.000149896
0.000150013
0.000150129
0.000150244
0.000150358
0.00015047
0.00015058
0.000150687
0.000150789
0.000150884
0.000150967
0.000151029
0.000151054
0.000151022
0.000150899
0.000150629
0.000150133
0.000149308
0.000148029
0.000146161
0.000143586
0.000140234
0.000136117
0.000131352
0.000126156
0.000120814
0.000115648
0.000110992
0.000107187
0.000104575
0.000103471
0.000104051
0.000106376
0.000110377
0.0001158
0.000122262
0.00012924
0.000136107
0.000142231
0.000147102
0.00015041
0.00015203
0.000151975
0.000150258
0.000146935
0.000142117
0.000136031
0.000129037
0.000121579
0.00011409
0.00010691
0.000100283
9.44152e-05
8.95579e-05
8.60615e-05
8.43339e-05
8.46675e-05
8.69386e-05
9.09276e-05
9.62247e-05
0.000102485
0.000109447
0.00011687
0.000124444
0.00013176
0.000138349
0.000143784
0.000147765
0.000150133
0.000150817
0.000149865
0.00014727
0.0001431
0.000137602
0.000131199
0.000124457
0.000117977
0.000112298
0.000107848
0.000104935
0.00010374
0.000104273
0.000106398
0.000109826
0.000114194
0.000119128
0.000124263
0.000129258
0.00013382
0.000137735
0.000140895
0.000143292
0.000145004
0.000146155
0.000146879
0.000147298
0.000147514
0.000147597
0.000147607
0.000147566
0.000147497
0.000147414
0.000147323
0.000147229
0.000147134
0.000147039
0.000146943
0.000146849
0.000146755
0.000146662
0.00014657
0.00014648
0.000146391
0.000146304
0.000146219
0.000146135
0.000146053
0.000145973
0.000145895
0.000145819
0.000145745
0.000145673
0.000145603
0.000145535
0.000145469
0.000145406
0.000145344
0.000145285
0.000145228
0.000145173
0.000145121
0.00014507
0.000145022
0.000144976
0.000144932
0.00014489
0.000144851
0.000144813
0.000144778
0.000144745
0.000144714
0.000144685
0.000144658
0.000144633
0.000144611
0.00014459
0.000144571
0.000144555
0.000144541
0.000144528
0.000144518
0.00014451
0.000144504
0.0001445
0.000144498
0.00015086
0.000150863
0.000150871
0.000150882
0.000150896
0.000150915
0.000150937
0.000150962
0.000150992
0.000151025
0.000151061
0.000151101
0.000151145
0.000151192
0.000151243
0.000151297
0.000151355
0.000151416
0.000151481
0.000151549
0.000151621
0.000151695
0.000151774
0.000151855
0.000151939
0.000152027
0.000152118
0.000152212
0.000152308
0.000152408
0.00015251
0.000152615
0.000152722
0.000152832
0.000152944
0.000153059
0.000153175
0.000153293
0.000153413
0.000153534
0.000153657
0.000153781
0.000153905
0.000154031
0.000154156
0.000154282
0.000154407
0.000154532
0.000154656
0.000154779
0.0001549
0.000155019
0.000155134
0.000155245
0.000155347
0.000155436
0.000155502
0.000155524
0.000155481
0.000155331
0.000155009
0.000154422
0.000153453
0.000151956
0.000149782
0.000146804
0.000142957
0.00013828
0.000132933
0.000127182
0.000121358
0.000115814
0.000110894
0.000106934
0.000104266
0.000103201
0.000103905
0.000106456
0.000110789
0.000116648
0.00012364
0.000131206
0.000138657
0.000145298
0.00015057
0.000154144
0.000155892
0.000155839
0.000153998
0.00015043
0.000145252
0.000138713
0.00013122
0.000123276
0.000115371
0.000107882
0.000101058
9.5083e-05
9.01822e-05
8.66783e-05
8.49544e-05
8.52857e-05
8.75511e-05
9.15513e-05
9.69049e-05
0.000103298
0.000110501
0.000118285
0.000126325
0.000134161
0.000141256
0.000147123
0.000151423
0.000153981
0.000154721
0.000153691
0.000150878
0.000146347
0.000140361
0.000133386
0.000126048
0.000119014
0.000112865
0.000108046
0.000104868
0.000103507
0.000103965
0.000106111
0.000109661
0.000114262
0.000119546
0.000125142
0.00013068
0.000135819
0.000140292
0.000143941
0.000146736
0.000148746
0.000150103
0.00015096
0.00015146
0.000151718
0.000151821
0.000151837
0.000151792
0.000151715
0.000151622
0.000151521
0.000151416
0.000151309
0.000151203
0.000151096
0.000150991
0.000150886
0.000150783
0.000150681
0.000150581
0.000150482
0.000150385
0.00015029
0.000150197
0.000150106
0.000150017
0.00014993
0.000149845
0.000149763
0.000149683
0.000149605
0.000149529
0.000149456
0.000149385
0.000149316
0.00014925
0.000149186
0.000149125
0.000149066
0.000149009
0.000148955
0.000148903
0.000148854
0.000148807
0.000148763
0.000148721
0.000148681
0.000148644
0.000148609
0.000148576
0.000148546
0.000148518
0.000148492
0.000148469
0.000148448
0.00014843
0.000148414
0.0001484
0.000148388
0.000148379
0.000148372
0.000148367
0.000148365
0.000155234
0.000155238
0.000155246
0.000155257
0.000155272
0.000155292
0.000155315
0.000155342
0.000155373
0.000155407
0.000155445
0.000155487
0.000155533
0.000155583
0.000155636
0.000155693
0.000155753
0.000155817
0.000155885
0.000155956
0.000156031
0.000156109
0.000156191
0.000156275
0.000156363
0.000156455
0.000156549
0.000156646
0.000156747
0.00015685
0.000156956
0.000157064
0.000157175
0.000157289
0.000157404
0.000157522
0.000157642
0.000157763
0.000157887
0.000158011
0.000158137
0.000158264
0.000158392
0.00015852
0.000158648
0.000158777
0.000158905
0.000159033
0.00015916
0.000159285
0.000159409
0.000159531
0.000159649
0.000159761
0.000159866
0.000159955
0.000160017
0.000160031
0.000159971
0.000159788
0.000159406
0.000158722
0.000157599
0.000155877
0.00015339
0.000150002
0.000145658
0.000140422
0.000134496
0.000128196
0.000121898
0.000115983
0.000110804
0.000106694
0.000103977
0.000102955
0.000103787
0.000106566
0.000111224
0.000117506
0.000125
0.000133108
0.000141088
0.000148186
0.000153809
0.000157615
0.000159478
0.00015944
0.000157511
0.000153752
0.00014828
0.000141355
0.000133417
0.000125021
0.000116715
0.000108915
0.000101884
9.57938e-05
9.08427e-05
8.73259e-05
8.56017e-05
8.593e-05
8.81911e-05
9.22068e-05
9.76238e-05
0.00010416
0.000111613
0.000119758
0.000128247
0.000136565
0.000144113
0.000150355
0.000154922
0.000157634
0.000158413
0.000157313
0.000154308
0.000149459
0.000143036
0.000135538
0.000127643
0.000120076
0.000113466
0.000108281
0.000104836
0.000103301
0.00010368
0.000105844
0.000109514
0.00011435
0.000119992
0.00012606
0.000132156
0.000137892
0.000142943
0.000147106
0.000150319
0.000152645
0.000154225
0.000155229
0.000155818
0.000156128
0.000156257
0.000156283
0.000156241
0.000156162
0.000156064
0.000155957
0.000155845
0.000155732
0.000155619
0.000155506
0.000155394
0.000155284
0.000155174
0.000155066
0.00015496
0.000154856
0.000154753
0.000154652
0.000154554
0.000154457
0.000154362
0.00015427
0.00015418
0.000154092
0.000154007
0.000153924
0.000153843
0.000153765
0.00015369
0.000153616
0.000153546
0.000153478
0.000153412
0.000153349
0.000153288
0.000153231
0.000153175
0.000153122
0.000153072
0.000153024
0.000152979
0.000152936
0.000152896
0.000152859
0.000152824
0.000152791
0.000152761
0.000152734
0.000152709
0.000152686
0.000152667
0.000152649
0.000152634
0.000152622
0.000152612
0.000152604
0.000152599
0.000152597
0.000159669
0.000159673
0.000159681
0.000159692
0.000159708
0.000159727
0.00015975
0.000159777
0.000159807
0.000159842
0.00015988
0.000159922
0.000159968
0.000160017
0.00016007
0.000160127
0.000160187
0.000160251
0.000160318
0.000160389
0.000160463
0.00016054
0.000160621
0.000160705
0.000160792
0.000160882
0.000160975
0.000161071
0.00016117
0.000161272
0.000161376
0.000161482
0.000161591
0.000161702
0.000161816
0.000161931
0.000162048
0.000162167
0.000162287
0.000162408
0.000162531
0.000162654
0.000162778
0.000162903
0.000163027
0.000163152
0.000163276
0.0001634
0.000163522
0.000163644
0.000163764
0.000163881
0.000163995
0.000164104
0.000164203
0.000164285
0.000164338
0.000164336
0.000164254
0.000164031
0.000163584
0.000162798
0.00016152
0.000159574
0.000156779
0.000152996
0.000148177
0.000142412
0.000135942
0.000129128
0.000122388
0.000116127
0.000110708
0.000106461
0.000103702
0.00010273
0.000103691
0.000106691
0.000111659
0.000118331
0.000126276
0.000134859
0.000143288
0.000150766
0.000156676
0.000160672
0.000162638
0.000162626
0.000160649
0.000156761
0.000151073
0.000143848
0.000135544
0.000126757
0.000118084
0.000109988
0.000102751
9.65424e-05
9.15369e-05
8.80036e-05
8.62763e-05
8.66005e-05
8.88572e-05
9.289e-05
9.83734e-05
0.000105056
0.000112753
0.000121241
0.000130137
0.000138872
0.000146796
0.000153334
0.000158105
0.000160927
0.000161729
0.000160568
0.000157406
0.000152296
0.000145507
0.000137558
0.000129169
0.000121117
0.000114076
0.000108539
0.00010483
0.00010312
0.000103415
0.00010559
0.000109373
0.000114436
0.000120423
0.00012695
0.000133593
0.000139915
0.00014554
0.000150214
0.000153849
0.000156496
0.000158306
0.000159464
0.000160151
0.00016052
0.000160684
0.000160727
0.000160695
0.000160621
0.000160524
0.000160417
0.000160305
0.000160191
0.000160077
0.000159963
0.000159851
0.00015974
0.00015963
0.000159521
0.000159414
0.000159309
0.000159206
0.000159104
0.000159005
0.000158907
0.000158812
0.000158719
0.000158628
0.000158539
0.000158453
0.000158368
0.000158287
0.000158208
0.000158131
0.000158056
0.000157985
0.000157915
0.000157849
0.000157784
0.000157723
0.000157664
0.000157607
0.000157553
0.000157502
0.000157453
0.000157407
0.000157363
0.000157322
0.000157284
0.000157248
0.000157215
0.000157184
0.000157156
0.00015713
0.000157107
0.000157087
0.000157069
0.000157054
0.000157041
0.000157031
0.000157023
0.000157018
0.000157015
0.000163942
0.000163946
0.000163953
0.000163964
0.000163979
0.000163997
0.000164019
0.000164044
0.000164073
0.000164106
0.000164142
0.000164182
0.000164225
0.000164272
0.000164322
0.000164375
0.000164432
0.000164492
0.000164556
0.000164622
0.000164692
0.000164765
0.000164841
0.000164919
0.000165001
0.000165085
0.000165173
0.000165262
0.000165355
0.000165449
0.000165546
0.000165645
0.000165747
0.00016585
0.000165955
0.000166062
0.00016617
0.00016628
0.000166391
0.000166503
0.000166615
0.000166729
0.000166843
0.000166957
0.000167071
0.000167186
0.000167299
0.000167412
0.000167525
0.000167636
0.000167745
0.000167852
0.000167956
0.000168054
0.000168141
0.000168211
0.000168248
0.000168226
0.000168114
0.000167847
0.000167333
0.000166444
0.000165015
0.000162855
0.000159773
0.000155626
0.000150375
0.000144134
0.000137181
0.000129914
0.000122785
0.000116221
0.000110591
0.000106226
0.000103438
0.000102521
0.00010361
0.000106818
0.000112068
0.000119085
0.000127415
0.00013639
0.000145178
0.000152952
0.000159082
0.000163226
0.000165279
0.000165303
0.000163313
0.000159358
0.000153537
0.000146105
0.000137528
0.000128427
0.000119442
0.000111078
0.000103647
9.73216e-05
9.22612e-05
8.87096e-05
8.6977e-05
8.72956e-05
8.95465e-05
9.35954e-05
9.91437e-05
0.000105966
0.000113892
0.000122684
0.000131922
0.000140992
0.000149201
0.00015595
0.000160856
0.000163746
0.000164556
0.000163345
0.000160065
0.000154755
0.000147681
0.000139367
0.000130565
0.000122093
0.000114665
0.000108802
0.00010484
0.000102959
0.000103166
0.000105341
0.000109224
0.000114493
0.000120798
0.000127749
0.000134897
0.000141767
0.000147929
0.00015309
0.000157129
0.00016009
0.000162127
0.000163441
0.000164232
0.000164667
0.000164872
0.000164938
0.000164924
0.000164861
0.000164772
0.000164672
0.000164566
0.000164458
0.000164349
0.000164241
0.000164134
0.000164028
0.000163924
0.00016382
0.000163718
0.000163618
0.000163519
0.000163422
0.000163327
0.000163234
0.000163143
0.000163053
0.000162966
0.000162881
0.000162798
0.000162717
0.000162638
0.000162562
0.000162488
0.000162416
0.000162347
0.00016228
0.000162216
0.000162154
0.000162094
0.000162037
0.000161982
0.00016193
0.00016188
0.000161833
0.000161788
0.000161745
0.000161706
0.000161668
0.000161633
0.000161601
0.000161571
0.000161544
0.000161519
0.000161496
0.000161477
0.000161459
0.000161444
0.000161432
0.000161422
0.000161414
0.000161409
0.000161407
0.000167846
0.00016785
0.000167856
0.000167866
0.000167879
0.000167896
0.000167915
0.000167938
0.000167964
0.000167994
0.000168026
0.000168062
0.0001681
0.000168142
0.000168187
0.000168235
0.000168285
0.000168339
0.000168395
0.000168455
0.000168517
0.000168582
0.000168649
0.000168719
0.000168791
0.000168866
0.000168943
0.000169023
0.000169104
0.000169188
0.000169273
0.00016936
0.000169449
0.00016954
0.000169632
0.000169726
0.000169821
0.000169916
0.000170013
0.000170111
0.000170209
0.000170308
0.000170407
0.000170506
0.000170605
0.000170703
0.000170802
0.000170899
0.000170996
0.000171092
0.000171186
0.000171278
0.000171366
0.000171449
0.00017152
0.000171573
0.000171588
0.000171544
0.000171399
0.000171085
0.000170503
0.000169516
0.000167945
0.000165589
0.000162249
0.00015778
0.000152154
0.000145508
0.000138148
0.000130505
0.000123053
0.000116235
0.000110438
0.000105983
0.000103179
0.000102323
0.000103535
0.000106934
0.000112432
0.00011974
0.000128381
0.00013766
0.000146717
0.000154707
0.000160996
0.000165249
0.000167373
0.000167441
0.000165469
0.000161499
0.000155618
0.000148068
0.000139312
0.000129983
0.000120752
0.000112162
0.000104557
9.81226e-05
9.30096e-05
8.94398e-05
8.77007e-05
8.8012e-05
9.02542e-05
9.43154e-05
9.99228e-05
0.000106872
0.000114996
0.00012404
0.000133546
0.00014286
0.000151259
0.000158138
0.00016312
0.000166041
0.000166846
0.000165597
0.000162234
0.000156786
0.000149505
0.000140917
0.000131789
0.000122972
0.000115213
0.000109058
0.000104861
0.000102812
0.000102927
0.000105092
0.000109052
0.000114491
0.000121077
0.000128398
0.000135989
0.00014334
0.000149984
0.000155584
0.000159995
0.000163248
0.000165502
0.00016697
0.000167865
0.000168368
0.000168619
0.000168715
0.000168724
0.000168678
0.000168605
0.000168517
0.000168423
0.000168326
0.000168229
0.000168132
0.000168035
0.00016794
0.000167845
0.000167752
0.00016766
0.00016757
0.000167481
0.000167393
0.000167307
0.000167222
0.00016714
0.000167058
0.000166979
0.000166902
0.000166826
0.000166753
0.000166681
0.000166612
0.000166544
0.000166479
0.000166415
0.000166354
0.000166295
0.000166238
0.000166184
0.000166131
0.000166081
0.000166033
0.000165987
0.000165943
0.000165902
0.000165863
0.000165827
0.000165792
0.00016576
0.00016573
0.000165702
0.000165677
0.000165654
0.000165634
0.000165615
0.000165599
0.000165585
0.000165574
0.000165565
0.000165558
0.000165553
0.000165551
0.000171224
0.000171227
0.000171232
0.000171241
0.000171252
0.000171266
0.000171283
0.000171302
0.000171324
0.000171349
0.000171376
0.000171407
0.000171439
0.000171475
0.000171513
0.000171553
0.000171596
0.000171641
0.000171689
0.000171739
0.000171791
0.000171845
0.000171902
0.000171961
0.000172021
0.000172084
0.000172149
0.000172215
0.000172283
0.000172353
0.000172424
0.000172497
0.000172571
0.000172646
0.000172722
0.0001728
0.000172878
0.000172957
0.000173037
0.000173117
0.000173198
0.000173279
0.00017336
0.000173441
0.000173522
0.000173603
0.000173683
0.000173763
0.000173842
0.00017392
0.000173996
0.00017407
0.000174141
0.000174205
0.000174258
0.00017429
0.000174283
0.000174215
0.000174036
0.000173676
0.000173029
0.000171948
0.000170249
0.000167718
0.000164151
0.000159408
0.00015347
0.000146494
0.00013881
0.000130873
0.000123175
0.000116169
0.000110244
0.000105724
0.000102921
0.00010213
0.000103459
0.000107029
0.000112736
0.000120278
0.000129157
0.000138658
0.000147903
0.00015604
0.000162437
0.000166767
0.000168951
0.000169065
0.000167132
0.000163187
0.000157305
0.000149714
0.000140864
0.000131392
0.000121984
0.000113217
0.000105465
9.89345e-05
9.37739e-05
9.01875e-05
8.84414e-05
8.87433e-05
9.09728e-05
9.50405e-05
0.000100697
0.000107753
0.000116038
0.000125273
0.000134968
0.000144437
0.000152944
0.000159885
0.000164893
0.000167818
0.00016861
0.000167334
0.00016392
0.000158385
0.000150968
0.000142188
0.00013282
0.000123733
0.000115701
0.000109295
0.000104884
0.000102675
0.000102695
0.000104835
0.000108849
0.000114428
0.000121234
0.000128854
0.000136809
0.000144564
0.000151617
0.000157598
0.000162337
0.000165855
0.000168309
0.000169921
0.000170916
0.000171489
0.000171788
0.000171918
0.000171952
0.000171928
0.000171873
0.000171803
0.000171725
0.000171643
0.000171561
0.000171479
0.000171397
0.000171316
0.000171235
0.000171156
0.000171078
0.000171
0.000170924
0.000170849
0.000170776
0.000170703
0.000170632
0.000170563
0.000170495
0.000170428
0.000170363
0.0001703
0.000170238
0.000170178
0.00017012
0.000170064
0.000170009
0.000169956
0.000169905
0.000169855
0.000169808
0.000169762
0.000169719
0.000169677
0.000169637
0.000169599
0.000169563
0.000169529
0.000169497
0.000169467
0.000169439
0.000169413
0.000169389
0.000169367
0.000169347
0.000169329
0.000169313
0.000169299
0.000169287
0.000169277
0.000169269
0.000169263
0.000169259
0.000169257
0.00017399
0.000173992
0.000173996
0.000174003
0.000174012
0.000174023
0.000174036
0.000174052
0.00017407
0.00017409
0.000174112
0.000174136
0.000174162
0.00017419
0.000174221
0.000174253
0.000174287
0.000174323
0.000174361
0.000174401
0.000174443
0.000174486
0.000174531
0.000174578
0.000174626
0.000174676
0.000174727
0.000174779
0.000174833
0.000174888
0.000174944
0.000175001
0.000175059
0.000175118
0.000175178
0.000175239
0.0001753
0.000175362
0.000175424
0.000175486
0.000175549
0.000175612
0.000175675
0.000175738
0.0001758
0.000175863
0.000175924
0.000175986
0.000176046
0.000176106
0.000176164
0.00017622
0.000176273
0.000176319
0.000176354
0.000176365
0.000176338
0.000176243
0.000176032
0.000175628
0.00017492
0.000173756
0.00017194
0.000169255
0.000165493
0.000160519
0.000154328
0.000147093
0.000139166
0.000131013
0.000123137
0.000116011
0.000110002
0.000105447
0.000102659
0.000101938
0.000103376
0.000107094
0.000112972
0.000120692
0.000129744
0.000139396
0.000148764
0.000156995
0.000163461
0.000167846
0.000170079
0.000170242
0.00016836
0.000164467
0.000158626
0.00015105
0.000142176
0.000132633
0.000123116
0.000114222
0.000106355
9.97447e-05
9.45436e-05
9.0943e-05
8.91897e-05
8.94798e-05
9.16919e-05
9.57586e-05
0.000101451
0.000108589
0.000116993
0.000126359
0.000136168
0.000145716
0.000154264
0.000161216
0.000166217
0.000169128
0.000169905
0.000168612
0.00016517
0.000159588
0.000152092
0.000143189
0.000133655
0.000124368
0.000116121
0.000109503
0.000104903
0.000102542
0.000102464
0.000104565
0.000108607
0.000114279
0.000121234
0.000129091
0.000137331
0.000145406
0.000152792
0.000159093
0.000164114
0.000167865
0.000170499
0.000172243
0.000173333
0.000173972
0.000174319
0.000174485
0.000174544
0.000174544
0.00017451
0.000174458
0.000174398
0.000174334
0.000174268
0.000174202
0.000174137
0.000174072
0.000174007
0.000173943
0.00017388
0.000173818
0.000173756
0.000173696
0.000173636
0.000173578
0.00017352
0.000173464
0.000173409
0.000173355
0.000173302
0.00017325
0.0001732
0.000173151
0.000173104
0.000173057
0.000173013
0.000172969
0.000172927
0.000172887
0.000172848
0.000172811
0.000172775
0.000172741
0.000172708
0.000172677
0.000172647
0.000172619
0.000172593
0.000172568
0.000172545
0.000172523
0.000172503
0.000172485
0.000172469
0.000172454
0.00017244
0.000172429
0.000172419
0.00017241
0.000172404
0.000172399
0.000172395
0.000172394
0.000176133
0.000176135
0.000176138
0.000176143
0.00017615
0.000176159
0.000176169
0.000176181
0.000176194
0.000176209
0.000176226
0.000176244
0.000176264
0.000176286
0.000176309
0.000176333
0.000176359
0.000176386
0.000176415
0.000176445
0.000176476
0.000176509
0.000176543
0.000176578
0.000176614
0.000176651
0.000176689
0.000176729
0.000176769
0.00017681
0.000176852
0.000176894
0.000176937
0.000176981
0.000177026
0.00017707
0.000177116
0.000177161
0.000177207
0.000177253
0.000177299
0.000177345
0.000177391
0.000177437
0.000177483
0.000177529
0.000177574
0.000177618
0.000177662
0.000177705
0.000177747
0.000177787
0.000177823
0.000177853
0.00017787
0.000177863
0.000177818
0.000177699
0.000177458
0.000177013
0.00017625
0.000175009
0.000173089
0.000170267
0.000166337
0.00016117
0.000154772
0.000147341
0.000139239
0.000130943
0.000122968
0.000115762
0.00010971
0.000105147
0.00010239
0.000101742
0.000103279
0.000107125
0.000113136
0.000120987
0.000130155
0.000139904
0.000149347
0.000157634
0.000164144
0.000168569
0.000170845
0.000171054
0.000169232
0.000165404
0.000159629
0.000152107
0.00014326
0.000133704
0.000124133
0.00011516
0.000107212
0.000100539
9.53054e-05
9.16937e-05
8.99331e-05
9.02088e-05
9.23985e-05
9.64559e-05
0.000102169
0.000109362
0.000117843
0.000127283
0.000137144
0.000146714
0.000155256
0.000162186
0.000167161
0.000170049
0.000170811
0.000169508
0.000166057
0.000160457
0.000152922
0.00014395
0.000134308
0.000124881
0.00011647
0.000109679
0.000104913
0.000102409
0.00010223
0.000104278
0.000108319
0.000114044
0.000121107
0.000129104
0.000137554
0.000145872
0.000153521
0.000160084
0.000165346
0.000169299
0.000172094
0.000173958
0.000175136
0.000175837
0.000176229
0.000176429
0.000176514
0.000176535
0.000176521
0.000176488
0.000176445
0.000176398
0.000176349
0.000176299
0.00017625
0.0001762
0.000176151
0.000176103
0.000176055
0.000176007
0.00017596
0.000175914
0.000175869
0.000175824
0.00017578
0.000175737
0.000175694
0.000175653
0.000175612
0.000175572
0.000175534
0.000175496
0.000175459
0.000175424
0.000175389
0.000175355
0.000175323
0.000175292
0.000175261
0.000175232
0.000175205
0.000175178
0.000175152
0.000175128
0.000175105
0.000175083
0.000175063
0.000175043
0.000175025
0.000175009
0.000174993
0.000174979
0.000174966
0.000174954
0.000174944
0.000174935
0.000174927
0.00017492
0.000174915
0.000174911
0.000174909
0.000174907
0.000177708
0.000177709
0.000177711
0.000177715
0.00017772
0.000177726
0.000177733
0.000177742
0.000177752
0.000177763
0.000177775
0.000177788
0.000177802
0.000177817
0.000177834
0.000177851
0.00017787
0.000177889
0.00017791
0.000177931
0.000177954
0.000177977
0.000178001
0.000178026
0.000178052
0.000178078
0.000178105
0.000178133
0.000178162
0.000178191
0.00017822
0.00017825
0.00017828
0.000178311
0.000178342
0.000178374
0.000178405
0.000178437
0.000178469
0.000178501
0.000178533
0.000178565
0.000178597
0.000178629
0.000178661
0.000178692
0.000178723
0.000178754
0.000178784
0.000178813
0.000178842
0.000178868
0.000178891
0.000178906
0.000178909
0.000178888
0.000178825
0.000178686
0.000178417
0.000177936
0.000177123
0.000175811
0.000173796
0.000170851
0.000166772
0.000161438
0.000154884
0.000147306
0.000139081
0.0001307
0.000122666
0.000115429
0.00010937
0.000104823
0.000102109
0.000101536
0.000103163
0.000107108
0.000113228
0.000121172
0.000130414
0.000140219
0.000149704
0.000158024
0.000164564
0.000169021
0.000171335
0.000171591
0.000169828
0.000166072
0.000160375
0.000152928
0.000144139
0.00013461
0.000125031
0.000116019
0.000108019
0.000101303
9.60449e-05
9.24248e-05
9.06563e-05
9.09151e-05
9.30776e-05
9.71172e-05
0.000102836
0.000110058
0.000118576
0.000128044
0.00013791
0.000147462
0.000155971
0.000162862
0.000167802
0.000170667
0.000171416
0.00017011
0.000166661
0.000161062
0.000153516
0.000144511
0.000134806
0.000125283
0.00011675
0.00010982
0.000104909
0.000102272
0.000101989
0.000103969
0.000107983
0.000113723
0.000120842
0.000128934
0.000137506
0.000146
0.000153849
0.000160628
0.000166095
0.000170228
0.000173167
0.000175142
0.000176399
0.000177158
0.000177591
0.000177821
0.00017793
0.00017797
0.000177974
0.000177957
0.00017793
0.000177898
0.000177863
0.000177828
0.000177793
0.000177757
0.000177722
0.000177687
0.000177653
0.000177618
0.000177585
0.000177551
0.000177518
0.000177486
0.000177454
0.000177423
0.000177392
0.000177362
0.000177332
0.000177303
0.000177275
0.000177248
0.000177221
0.000177195
0.000177169
0.000177145
0.000177121
0.000177098
0.000177076
0.000177054
0.000177034
0.000177014
0.000176996
0.000176978
0.000176961
0.000176945
0.000176929
0.000176915
0.000176902
0.000176889
0.000176878
0.000176867
0.000176858
0.000176849
0.000176841
0.000176835
0.000176829
0.000176824
0.00017682
0.000176817
0.000176815
0.000176814
0.000178805
0.000178806
0.000178807
0.00017881
0.000178813
0.000178818
0.000178823
0.000178828
0.000178835
0.000178842
0.000178851
0.00017886
0.000178869
0.00017888
0.000178891
0.000178903
0.000178915
0.000178929
0.000178943
0.000178957
0.000178972
0.000178988
0.000179004
0.000179021
0.000179038
0.000179056
0.000179074
0.000179093
0.000179112
0.000179131
0.000179151
0.000179171
0.000179191
0.000179212
0.000179233
0.000179253
0.000179274
0.000179295
0.000179317
0.000179338
0.000179359
0.00017938
0.000179401
0.000179422
0.000179442
0.000179463
0.000179483
0.000179503
0.000179522
0.000179541
0.000179559
0.000179574
0.000179586
0.000179591
0.000179583
0.00017955
0.000179473
0.000179316
0.000179023
0.000178509
0.000177648
0.000176271
0.000174167
0.000171108
0.000166903
0.000161436
0.000154738
0.000147037
0.000138728
0.0001303
0.000122251
0.000115021
0.000108984
0.000104474
0.000101816
0.000101318
0.000103027
0.000107061
0.000113254
0.00012126
0.000130546
0.000140381
0.000149889
0.000158229
0.000164792
0.000169278
0.000171628
0.000171928
0.000170224
0.000166539
0.000160924
0.000153561
0.000144846
0.000135369
0.000125812
0.000116792
0.000108767
0.000102023
9.67473e-05
9.31204e-05
9.1343e-05
9.15822e-05
9.37133e-05
9.77276e-05
0.000103437
0.000110664
0.000119188
0.000128649
0.00013849
0.000148002
0.000156464
0.000163311
0.000168218
0.00017106
0.000171802
0.000170497
0.000167057
0.00016147
0.00015393
0.000144915
0.000135176
0.000125592
0.000116969
0.000109927
0.000104889
0.000102128
0.000101739
0.000103638
0.000107602
0.000113322
0.00012045
0.000128585
0.000137239
0.000145851
0.000153859
0.000160809
0.000166451
0.000170746
0.000173818
0.000175894
0.000177225
0.000178037
0.000178507
0.000178764
0.000178894
0.000178951
0.000178969
0.000178965
0.000178951
0.000178931
0.000178908
0.000178885
0.000178861
0.000178837
0.000178813
0.00017879
0.000178766
0.000178743
0.00017872
0.000178697
0.000178674
0.000178652
0.00017863
0.000178609
0.000178588
0.000178567
0.000178547
0.000178527
0.000178507
0.000178488
0.00017847
0.000178451
0.000178434
0.000178417
0.0001784
0.000178384
0.000178369
0.000178354
0.00017834
0.000178326
0.000178313
0.000178301
0.000178289
0.000178278
0.000178267
0.000178257
0.000178248
0.000178239
0.000178231
0.000178223
0.000178217
0.000178211
0.000178205
0.000178201
0.000178197
0.000178193
0.00017819
0.000178188
0.000178187
0.000178186
0.000179531
0.000179531
0.000179532
0.000179534
0.000179536
0.000179539
0.000179542
0.000179546
0.00017955
0.000179555
0.00017956
0.000179566
0.000179572
0.000179579
0.000179586
0.000179594
0.000179602
0.00017961
0.000179619
0.000179629
0.000179638
0.000179648
0.000179659
0.000179669
0.00017968
0.000179692
0.000179703
0.000179715
0.000179727
0.000179739
0.000179752
0.000179765
0.000179777
0.00017979
0.000179803
0.000179816
0.000179829
0.000179842
0.000179856
0.000179869
0.000179882
0.000179895
0.000179908
0.000179921
0.000179933
0.000179946
0.000179958
0.00017997
0.000179982
0.000179993
0.000180003
0.000180011
0.000180016
0.000180013
0.000179996
0.000179954
0.000179865
0.000179692
0.000179378
0.000178833
0.000177928
0.000176487
0.000174298
0.000171144
0.000166817
0.000161213
0.000154391
0.000146593
0.000138226
0.00012978
0.000121746
0.000114551
0.00010856
0.000104103
0.000101507
0.000101086
0.000102868
0.000106974
0.00011322
0.000121262
0.000130575
0.000140427
0.000149947
0.000158302
0.000164886
0.0001694
0.000171787
0.000172129
0.000170481
0.000166866
0.00016133
0.000154051
0.000145414
0.000136002
0.000126484
0.000117477
0.000109445
0.000102686
9.73991e-05
9.37657e-05
9.19773e-05
9.21944e-05
9.42908e-05
9.82735e-05
0.000103962
0.000111175
0.000119681
0.000129112
0.000138911
0.000148373
0.000156787
0.000163594
0.000168471
0.000171297
0.000172035
0.000170736
0.000167309
0.00016174
0.000154216
0.000145205
0.00013545
0.000125826
0.000117137
0.000110003
0.000104855
0.000101975
0.000101477
0.000103285
0.000107178
0.000112848
0.000119949
0.000128084
0.000136778
0.000145474
0.00015361
0.000160718
0.000166518
0.000170951
0.000174148
0.00017632
0.000177721
0.000178582
0.000179086
0.000179367
0.000179514
0.000179586
0.000179614
0.000179621
0.000179617
0.000179606
0.000179593
0.000179578
0.000179563
0.000179548
0.000179532
0.000179517
0.000179502
0.000179487
0.000179472
0.000179457
0.000179443
0.000179429
0.000179414
0.0001794
0.000179387
0.000179373
0.00017936
0.000179347
0.000179334
0.000179322
0.00017931
0.000179298
0.000179286
0.000179275
0.000179264
0.000179254
0.000179243
0.000179234
0.000179224
0.000179215
0.000179207
0.000179198
0.000179191
0.000179183
0.000179176
0.00017917
0.000179163
0.000179158
0.000179152
0.000179147
0.000179143
0.000179139
0.000179135
0.000179132
0.000179129
0.000179127
0.000179125
0.000179124
0.000179123
0.000179123
0.000179986
0.000179986
0.000179987
0.000179988
0.000179989
0.000179991
0.000179993
0.000179995
0.000179998
0.000180001
0.000180004
0.000180007
0.000180011
0.000180015
0.00018002
0.000180024
0.000180029
0.000180034
0.00018004
0.000180045
0.000180051
0.000180057
0.000180063
0.00018007
0.000180076
0.000180083
0.00018009
0.000180097
0.000180104
0.000180112
0.000180119
0.000180126
0.000180134
0.000180142
0.000180149
0.000180157
0.000180165
0.000180172
0.00018018
0.000180187
0.000180195
0.000180203
0.00018021
0.000180217
0.000180225
0.000180232
0.000180239
0.000180245
0.000180252
0.000180258
0.000180263
0.000180266
0.000180265
0.000180256
0.000180234
0.000180184
0.000180085
0.000179899
0.000179565
0.000178991
0.000178042
0.000176544
0.000174282
0.00017102
0.00016657
0.000160841
0.000153906
0.000146026
0.000137618
0.000129173
0.000121172
0.000114031
0.000108101
0.000103709
0.000101182
0.000100836
0.000102686
0.000106852
0.000113142
0.000121208
0.000130531
0.00014039
0.00014992
0.000158291
0.000164895
0.000169434
0.000171858
0.000172242
0.000170647
0.000167096
0.000161635
0.000154436
0.000145876
0.000136529
0.000127058
0.000118076
0.000110049
0.000103284
9.79892e-05
9.43481e-05
9.25459e-05
9.27385e-05
9.47977e-05
9.87442e-05
0.000104402
0.000111586
0.000120059
0.000129448
0.000139199
0.000148613
0.000156984
0.000163758
0.000168613
0.000171429
0.000172168
0.000170878
0.000167468
0.00016192
0.000154416
0.000145415
0.000135655
0.000126003
0.000117262
0.000110052
0.000104806
0.000101812
0.000101203
0.000102909
0.000106716
0.000112314
0.000119359
0.000127466
0.000136169
0.000144925
0.000153167
0.000160415
0.000166369
0.000170947
0.000174252
0.000176515
0.000177984
0.000178891
0.000179426
0.000179729
0.000179891
0.000179973
0.000180011
0.000180025
0.000180028
0.000180024
0.000180017
0.000180009
0.00018
0.000179991
0.000179981
0.000179972
0.000179963
0.000179954
0.000179945
0.000179936
0.000179927
0.000179919
0.00017991
0.000179901
0.000179893
0.000179885
0.000179876
0.000179868
0.000179861
0.000179853
0.000179845
0.000179838
0.000179831
0.000179824
0.000179817
0.000179811
0.000179805
0.000179798
0.000179793
0.000179787
0.000179782
0.000179777
0.000179772
0.000179767
0.000179763
0.000179758
0.000179755
0.000179751
0.000179748
0.000179745
0.000179742
0.000179739
0.000179737
0.000179735
0.000179733
0.000179732
0.000179731
0.00017973
0.000179729
0.000179729
0.000180256
0.000180256
0.000180256
0.000180257
0.000180257
0.000180258
0.000180259
0.000180261
0.000180262
0.000180264
0.000180266
0.000180268
0.00018027
0.000180272
0.000180275
0.000180277
0.00018028
0.000180283
0.000180286
0.000180289
0.000180292
0.000180296
0.000180299
0.000180303
0.000180307
0.00018031
0.000180314
0.000180318
0.000180322
0.000180326
0.00018033
0.000180334
0.000180338
0.000180342
0.000180346
0.00018035
0.000180355
0.000180359
0.000180363
0.000180367
0.000180371
0.000180375
0.000180379
0.000180382
0.000180386
0.00018039
0.000180393
0.000180396
0.000180399
0.000180402
0.000180404
0.000180403
0.000180399
0.000180387
0.000180359
0.000180304
0.000180196
0.000179998
0.000179645
0.000179042
0.000178054
0.000176498
0.000174152
0.000170788
0.00016622
0.000160371
0.000153331
0.000145377
0.000136938
0.000128505
0.000120549
0.000113473
0.000107615
0.000103296
0.00010084
0.000100569
0.000102479
0.000106696
0.00011302
0.000121103
0.000130432
0.000140293
0.000149831
0.000158218
0.000164846
0.000169417
0.000171874
0.000172298
0.000170754
0.000167264
0.000161871
0.000154746
0.000146258
0.000136972
0.000127548
0.000118594
0.000110578
0.000103812
9.85103e-05
9.48588e-05
9.30392e-05
9.3205e-05
9.52252e-05
9.91322e-05
0.000104753
0.0001119
0.000120331
0.000129676
0.000139382
0.000148754
0.000157091
0.00016384
0.000168681
0.000171493
0.000172238
0.000170959
0.000167569
0.000162044
0.000154561
0.000145574
0.000135813
0.00012614
0.000117356
0.000110077
0.00010474
0.000101638
0.000100915
0.000102512
0.000106219
0.000111729
0.0001187
0.000126758
0.000135454
0.000144253
0.000152589
0.000159967
0.000166066
0.000170782
0.000174209
0.000176558
0.000178089
0.000179041
0.000179607
0.000179928
0.000180104
0.000180195
0.00018024
0.00018026
0.000180267
0.000180267
0.000180265
0.000180261
0.000180256
0.000180251
0.000180246
0.000180241
0.000180236
0.000180231
0.000180226
0.000180221
0.000180216
0.000180211
0.000180206
0.000180201
0.000180196
0.000180191
0.000180187
0.000180182
0.000180178
0.000180173
0.000180169
0.000180165
0.000180161
0.000180157
0.000180153
0.000180149
0.000180145
0.000180142
0.000180138
0.000180135
0.000180132
0.000180129
0.000180126
0.000180123
0.000180121
0.000180118
0.000180116
0.000180114
0.000180112
0.00018011
0.000180109
0.000180107
0.000180106
0.000180105
0.000180104
0.000180103
0.000180102
0.000180102
0.000180101
0.000180101
0.000180405
0.000180405
0.000180405
0.000180405
0.000180406
0.000180406
0.000180407
0.000180407
0.000180408
0.000180409
0.00018041
0.000180411
0.000180412
0.000180413
0.000180415
0.000180416
0.000180417
0.000180419
0.00018042
0.000180422
0.000180424
0.000180425
0.000180427
0.000180429
0.000180431
0.000180432
0.000180434
0.000180436
0.000180438
0.00018044
0.000180442
0.000180444
0.000180446
0.000180448
0.00018045
0.000180452
0.000180454
0.000180455
0.000180457
0.000180459
0.000180461
0.000180463
0.000180464
0.000180466
0.000180467
0.000180469
0.00018047
0.000180471
0.000180472
0.000180473
0.000180472
0.00018047
0.000180463
0.000180448
0.000180417
0.000180356
0.000180241
0.000180031
0.00017966
0.000179031
0.000178001
0.000176382
0.000173953
0.000170488
0.000165804
0.000159839
0.000152698
0.000144677
0.000136212
0.000127797
0.000119893
0.000112888
0.000107108
0.000102865
0.000100483
0.000100283
0.000102249
0.00010651
0.000112861
0.000120955
0.000130287
0.000140152
0.0001497
0.000158105
0.00016476
0.000169362
0.000171857
0.00017232
0.000170825
0.000167392
0.000162063
0.000155003
0.000146579
0.000137349
0.000127966
0.000119039
0.000111034
0.000104268
9.89585e-05
9.5293e-05
9.34519e-05
9.35886e-05
9.55685e-05
9.94342e-05
0.000105015
0.00011212
0.000120509
0.000129811
0.000139478
0.000148818
0.00015713
0.000163864
0.000168699
0.000171513
0.00017227
0.000171006
0.000167636
0.000162136
0.000154676
0.000145703
0.000135941
0.000126249
0.000117425
0.000110084
0.00010466
0.000101452
0.000100613
0.000102096
0.000105695
0.000111104
0.000117989
0.000125987
0.000134663
0.000143496
0.000151918
0.000159422
0.000165662
0.000170515
0.000174059
0.000176501
0.000178096
0.00017909
0.000179685
0.000180025
0.000180212
0.000180311
0.000180361
0.000180385
0.000180396
0.000180399
0.000180399
0.000180398
0.000180396
0.000180394
0.000180392
0.000180389
0.000180386
0.000180384
0.000180381
0.000180379
0.000180376
0.000180374
0.000180371
0.000180369
0.000180366
0.000180364
0.000180361
0.000180359
0.000180357
0.000180354
0.000180352
0.00018035
0.000180348
0.000180346
0.000180344
0.000180342
0.00018034
0.000180338
0.000180336
0.000180334
0.000180333
0.000180331
0.000180329
0.000180328
0.000180327
0.000180325
0.000180324
0.000180323
0.000180322
0.000180321
0.00018032
0.000180319
0.000180319
0.000180318
0.000180317
0.000180317
0.000180317
0.000180316
0.000180316
0.000180316
0.00018048
0.00018048
0.00018048
0.00018048
0.00018048
0.00018048
0.000180481
0.000180481
0.000180481
0.000180482
0.000180482
0.000180482
0.000180483
0.000180483
0.000180484
0.000180484
0.000180485
0.000180486
0.000180486
0.000180487
0.000180488
0.000180488
0.000180489
0.00018049
0.00018049
0.000180491
0.000180492
0.000180492
0.000180493
0.000180494
0.000180495
0.000180495
0.000180496
0.000180497
0.000180497
0.000180498
0.000180498
0.000180499
0.000180499
0.0001805
0.0001805
0.000180501
0.000180501
0.000180501
0.000180502
0.000180502
0.000180502
0.000180502
0.000180502
0.000180501
0.000180499
0.000180495
0.000180487
0.00018047
0.000180436
0.000180371
0.000180249
0.000180027
0.000179639
0.00017898
0.000177905
0.000176224
0.000173713
0.000170145
0.000165347
0.000159268
0.00015203
0.000143945
0.000135459
0.000127065
0.000119216
0.000112284
0.000106584
0.000102419
0.00010011
9.99786e-05
0.000101996
0.000106297
0.000112669
0.000120772
0.000130108
0.000139979
0.00014954
0.000157966
0.00016465
0.000169285
0.000171818
0.000172322
0.000170873
0.000167494
0.000162224
0.000155225
0.000146857
0.000137674
0.000128325
0.000119419
0.000111423
0.000104654
9.93338e-05
9.56499e-05
9.37829e-05
9.38881e-05
9.58263e-05
9.96497e-05
0.000105188
0.000112252
0.000120602
0.000129868
0.000139505
0.000148823
0.000157122
0.00016385
0.000168686
0.000171507
0.000172279
0.000171032
0.000167686
0.000162212
0.000154775
0.000145816
0.000136053
0.000126342
0.000117479
0.000110076
0.000104568
0.000101255
0.0001003
0.000101663
0.000105148
0.00011045
0.000117241
0.000125171
0.000133822
0.000142684
0.000151188
0.000158813
0.000165194
0.000170184
0.000173845
0.000176379
0.000178041
0.00017908
0.000179701
0.00018006
0.000180258
0.000180364
0.000180418
0.000180445
0.000180458
0.000180463
0.000180465
0.000180466
0.000180465
0.000180465
0.000180464
0.000180463
0.000180462
0.000180461
0.00018046
0.000180459
0.000180458
0.000180457
0.000180456
0.000180455
0.000180454
0.000180453
0.000180451
0.00018045
0.000180449
0.000180448
0.000180447
0.000180446
0.000180445
0.000180445
0.000180444
0.000180443
0.000180442
0.000180441
0.00018044
0.000180439
0.000180439
0.000180438
0.000180437
0.000180436
0.000180436
0.000180435
0.000180435
0.000180434
0.000180434
0.000180433
0.000180433
0.000180432
0.000180432
0.000180432
0.000180432
0.000180431
0.000180431
0.000180431
0.000180431
0.000180431
0.000180511
0.000180511
0.000180511
0.000180511
0.000180511
0.000180511
0.000180511
0.000180511
0.000180511
0.000180511
0.000180511
0.000180511
0.000180512
0.000180512
0.000180512
0.000180512
0.000180512
0.000180512
0.000180512
0.000180512
0.000180512
0.000180512
0.000180513
0.000180513
0.000180513
0.000180513
0.000180513
0.000180513
0.000180513
0.000180513
0.000180513
0.000180513
0.000180513
0.000180513
0.000180512
0.000180512
0.000180512
0.000180512
0.000180512
0.000180511
0.000180511
0.000180511
0.00018051
0.00018051
0.000180509
0.000180509
0.000180508
0.000180508
0.000180507
0.000180505
0.000180502
0.000180498
0.000180488
0.00018047
0.000180433
0.000180364
0.000180235
0.000180002
0.000179594
0.000178905
0.000177785
0.000176041
0.000173446
0.000169775
0.000164863
0.000158671
0.00015134
0.000143195
0.000134692
0.000126322
0.000118527
0.000111668
0.000106047
0.00010196
9.9722e-05
9.96559e-05
0.000101722
0.000106058
0.000112449
0.00012056
0.000129901
0.000139781
0.000149357
0.000157808
0.000164523
0.000169194
0.000171766
0.000172309
0.000170907
0.00016758
0.000162365
0.00015542
0.000147102
0.000137958
0.000128636
0.000119743
0.00011175
0.000104975
9.96389e-05
9.59316e-05
9.40341e-05
9.41055e-05
9.60006e-05
9.97812e-05
0.000105278
0.000112304
0.00012062
0.000129859
0.000139475
0.000148779
0.000157074
0.000163805
0.000168649
0.000171484
0.000172275
0.000171049
0.000167728
0.000162282
0.00015487
0.000145924
0.000136159
0.000126426
0.000117521
0.000110056
0.000104465
0.000101047
9.99746e-05
0.000101216
0.000104582
0.000109773
0.000116468
0.000124328
0.00013295
0.000141836
0.00015042
0.000158165
0.000164684
0.000169811
0.000173591
0.000176218
0.000177947
0.000179032
0.000179683
0.000180058
0.000180267
0.000180379
0.000180437
0.000180467
0.000180481
0.000180488
0.000180491
0.000180492
0.000180493
0.000180493
0.000180493
0.000180493
0.000180493
0.000180493
0.000180493
0.000180493
0.000180492
0.000180492
0.000180492
0.000180492
0.000180492
0.000180491
0.000180491
0.000180491
0.000180491
0.00018049
0.00018049
0.00018049
0.00018049
0.000180489
0.000180489
0.000180489
0.000180489
0.000180488
0.000180488
0.000180488
0.000180488
0.000180487
0.000180487
0.000180487
0.000180487
0.000180487
0.000180486
0.000180486
0.000180486
0.000180486
0.000180486
0.000180486
0.000180486
0.000180486
0.000180485
0.000180485
0.000180485
0.000180485
0.000180485
0.000180485
0.000180517
0.000180517
0.000180517
0.000180517
0.000180517
0.000180517
0.000180517
0.000180517
0.000180517
0.000180517
0.000180517
0.000180517
0.000180517
0.000180517
0.000180516
0.000180516
0.000180516
0.000180516
0.000180516
0.000180516
0.000180515
0.000180515
0.000180515
0.000180515
0.000180514
0.000180514
0.000180514
0.000180513
0.000180513
0.000180513
0.000180512
0.000180512
0.000180511
0.000180511
0.00018051
0.00018051
0.000180509
0.000180508
0.000180508
0.000180507
0.000180506
0.000180506
0.000180505
0.000180504
0.000180503
0.000180502
0.000180501
0.0001805
0.000180499
0.000180497
0.000180494
0.000180488
0.000180478
0.000180458
0.000180419
0.000180345
0.000180209
0.000179964
0.000179536
0.000178815
0.000177649
0.00017584
0.000173159
0.000169385
0.000164359
0.000158057
0.000150636
0.000142435
0.000133918
0.000125573
0.000117833
0.000111046
0.000105502
0.00010149
9.93215e-05
9.9315e-05
0.000101427
0.000105796
0.000112204
0.000120324
0.000129671
0.000139562
0.000149157
0.000157634
0.000164383
0.000169093
0.000171705
0.000172289
0.000170933
0.000167656
0.000162492
0.000155598
0.000147322
0.00013821
0.000128906
0.00012002
0.000112023
0.000105236
9.98787e-05
9.61429e-05
9.42101e-05
9.42448e-05
9.60945e-05
9.98299e-05
0.000105288
0.000112287
0.000120581
0.000129798
0.000139397
0.000148696
0.000156994
0.000163736
0.000168595
0.000171449
0.000172263
0.00017106
0.000167768
0.000162352
0.000154965
0.000146033
0.000136263
0.000126507
0.000117559
0.000110031
0.000104354
0.000100831
9.96394e-05
0.000100757
0.000104002
0.000109081
0.000115678
0.000123467
0.000132059
0.000140968
0.000149627
0.00015749
0.000164149
0.000169412
0.000173312
0.000176033
0.000177831
0.000178962
0.000179643
0.000180037
0.000180255
0.000180374
0.000180436
0.000180467
0.000180482
0.00018049
0.000180494
0.000180496
0.000180497
0.000180498
0.000180498
0.000180499
0.000180499
0.0001805
0.0001805
0.0001805
0.000180501
0.000180501
0.000180501
0.000180502
0.000180502
0.000180502
0.000180502
0.000180503
0.000180503
0.000180503
0.000180503
0.000180503
0.000180503
0.000180503
0.000180504
0.000180504
0.000180504
0.000180504
0.000180504
0.000180504
0.000180504
0.000180504
0.000180504
0.000180504
0.000180504
0.000180504
0.000180504
0.000180504
0.000180504
0.000180505
0.000180505
0.000180505
0.000180505
0.000180505
0.000180505
0.000180505
0.000180505
0.000180505
0.000180505
0.000180505
0.000180511
0.000180511
0.000180511
0.000180511
0.00018051
0.00018051
0.00018051
0.00018051
0.00018051
0.00018051
0.00018051
0.000180509
0.000180509
0.000180509
0.000180509
0.000180508
0.000180508
0.000180508
0.000180507
0.000180507
0.000180507
0.000180506
0.000180506
0.000180505
0.000180505
0.000180504
0.000180504
0.000180503
0.000180503
0.000180502
0.000180502
0.000180501
0.0001805
0.000180499
0.000180499
0.000180498
0.000180497
0.000180496
0.000180495
0.000180495
0.000180494
0.000180493
0.000180492
0.000180491
0.000180489
0.000180488
0.000180487
0.000180486
0.000180484
0.000180482
0.000180479
0.000180473
0.000180461
0.00018044
0.000180399
0.000180321
0.000180177
0.000179918
0.000179469
0.000178716
0.000177501
0.000175624
0.000172856
0.000168977
0.000163838
0.000157429
0.000149921
0.000141669
0.000133142
0.000124823
0.000117138
0.00011042
0.000104951
0.000101012
9.89095e-05
9.89566e-05
0.000101114
0.000105512
0.000111937
0.000120066
0.000129421
0.000139323
0.000148939
0.000157447
0.000164232
0.000168983
0.000171637
0.000172263
0.000170952
0.000167724
0.00016261
0.000155762
0.000147524
0.000138437
0.000129145
0.000120258
0.00011225
0.000105443
0.00010006
9.62898e-05
9.43168e-05
9.43112e-05
9.6108e-05
9.98092e-05
0.000105248
0.000112221
0.000120485
0.000129682
0.000139274
0.000148577
0.000156888
0.000163648
0.000168528
0.000171405
0.000172246
0.000171071
0.00016781
0.000162425
0.000155065
0.000146146
0.000136371
0.000126588
0.000117593
0.00011
0.000104237
0.000100607
9.92953e-05
0.000100288
0.000103413
0.000108379
0.000114879
0.000122596
0.000131158
0.000140087
0.00014882
0.000156798
0.000163594
0.000168996
0.000173016
0.000175833
0.0001777
0.000178879
0.000179591
0.000180003
0.000180233
0.000180358
0.000180423
0.000180456
0.000180473
0.000180481
0.000180485
0.000180488
0.000180489
0.00018049
0.000180491
0.000180492
0.000180492
0.000180493
0.000180494
0.000180494
0.000180495
0.000180495
0.000180496
0.000180496
0.000180497
0.000180497
0.000180498
0.000180498
0.000180499
0.000180499
0.0001805
0.0001805
0.0001805
0.000180501
0.000180501
0.000180501
0.000180502
0.000180502
0.000180502
0.000180502
0.000180503
0.000180503
0.000180503
0.000180503
0.000180503
0.000180504
0.000180504
0.000180504
0.000180504
0.000180504
0.000180504
0.000180504
0.000180504
0.000180504
0.000180505
0.000180505
0.000180505
0.000180505
0.000180505
0.000180505
0.000180497
0.000180497
0.000180497
0.000180497
0.000180497
0.000180497
0.000180497
0.000180496
0.000180496
0.000180496
0.000180496
0.000180496
0.000180495
0.000180495
0.000180495
0.000180494
0.000180494
0.000180494
0.000180493
0.000180493
0.000180492
0.000180492
0.000180491
0.000180491
0.00018049
0.000180489
0.000180489
0.000180488
0.000180487
0.000180487
0.000180486
0.000180485
0.000180484
0.000180484
0.000180483
0.000180482
0.000180481
0.00018048
0.000180479
0.000180478
0.000180477
0.000180476
0.000180475
0.000180474
0.000180472
0.000180471
0.00018047
0.000180468
0.000180467
0.000180464
0.00018046
0.000180454
0.000180442
0.000180419
0.000180375
0.000180293
0.00018014
0.000179868
0.000179396
0.000178608
0.000177343
0.000175396
0.000172538
0.000168553
0.000163302
0.000156787
0.000149197
0.000140899
0.000132365
0.000124076
0.000116444
0.000109795
0.000104397
0.000100526
9.84865e-05
9.85832e-05
0.000100782
0.000105208
0.000111649
0.000119786
0.00012915
0.000139066
0.000148705
0.000157245
0.00016407
0.000168864
0.000171562
0.000172231
0.000170967
0.000167788
0.000162721
0.000155915
0.000147711
0.000138644
0.000129356
0.000120462
0.000112437
0.000105606
0.00010019
9.63802e-05
9.43618e-05
9.43064e-05
9.6073e-05
9.97486e-05
0.000105153
0.000112093
0.000120334
0.000129519
0.000139112
0.000148426
0.000156757
0.000163542
0.000168449
0.000171354
0.000172226
0.000171081
0.000167853
0.000162503
0.000155171
0.000146266
0.000136484
0.000126672
0.000117628
0.000109965
0.000104114
0.000100377
9.89438e-05
9.98123e-05
0.000102815
0.000107671
0.000114075
0.000121722
0.000130252
0.000139199
0.000148002
0.000156094
0.000163027
0.000168566
0.000172709
0.000175622
0.000177561
0.000178789
0.000179532
0.000179963
0.000180205
0.000180336
0.000180404
0.000180439
0.000180457
0.000180466
0.00018047
0.000180473
0.000180475
0.000180476
0.000180477
0.000180478
0.000180479
0.000180479
0.00018048
0.000180481
0.000180482
0.000180482
0.000180483
0.000180484
0.000180484
0.000180485
0.000180485
0.000180486
0.000180487
0.000180487
0.000180488
0.000180488
0.000180489
0.000180489
0.000180489
0.00018049
0.00018049
0.000180491
0.000180491
0.000180491
0.000180492
0.000180492
0.000180492
0.000180492
0.000180493
0.000180493
0.000180493
0.000180493
0.000180494
0.000180494
0.000180494
0.000180494
0.000180494
0.000180494
0.000180494
0.000180494
0.000180494
0.000180495
0.000180495
0.000180495
0.00018048
0.00018048
0.00018048
0.00018048
0.00018048
0.00018048
0.00018048
0.000180479
0.000180479
0.000180479
0.000180479
0.000180478
0.000180478
0.000180478
0.000180477
0.000180477
0.000180477
0.000180476
0.000180476
0.000180475
0.000180475
0.000180474
0.000180474
0.000180473
0.000180472
0.000180472
0.000180471
0.00018047
0.00018047
0.000180469
0.000180468
0.000180467
0.000180466
0.000180465
0.000180464
0.000180464
0.000180463
0.000180462
0.00018046
0.000180459
0.000180458
0.000180457
0.000180456
0.000180455
0.000180453
0.000180452
0.000180451
0.000180449
0.000180447
0.000180445
0.000180441
0.000180434
0.000180421
0.000180397
0.00018035
0.000180262
0.000180101
0.000179813
0.000179318
0.000178493
0.000177174
0.000175155
0.000172204
0.000168112
0.000162748
0.00015613
0.000148464
0.000140125
0.000131589
0.000123332
0.000115755
0.00010917
0.00010384
0.000100034
9.80535e-05
9.81962e-05
0.000100433
0.000104884
0.00011134
0.000119485
0.000128858
0.000138789
0.000148453
0.000157028
0.000163897
0.000168737
0.000171482
0.000172196
0.000170979
0.000167848
0.000162827
0.000156062
0.000147887
0.000138834
0.000129546
0.000120638
0.000112591
0.000105729
0.000100276
9.64229e-05
9.4352e-05
9.42654e-05
9.59964e-05
9.96316e-05
0.000105
0.000111911
0.000120134
0.000129313
0.000138913
0.000148246
0.000156603
0.000163419
0.000168359
0.000171297
0.000172203
0.000171091
0.0001679
0.000162586
0.000155283
0.000146393
0.000136604
0.000126761
0.000117664
0.00010993
0.000103987
0.000100142
9.85864e-05
9.93307e-05
0.000102213
0.000106959
0.000113269
0.000120847
0.000129344
0.000138307
0.000147178
0.00015538
0.000162448
0.000168125
0.000172391
0.000175404
0.000177416
0.000178694
0.000179469
0.00017992
0.000180173
0.000180311
0.000180383
0.00018042
0.000180438
0.000180448
0.000180453
0.000180455
0.000180457
0.000180458
0.00018046
0.000180461
0.000180461
0.000180462
0.000180463
0.000180464
0.000180465
0.000180465
0.000180466
0.000180467
0.000180468
0.000180468
0.000180469
0.00018047
0.00018047
0.000180471
0.000180471
0.000180472
0.000180472
0.000180473
0.000180473
0.000180474
0.000180474
0.000180475
0.000180475
0.000180475
0.000180476
0.000180476
0.000180476
0.000180477
0.000180477
0.000180477
0.000180478
0.000180478
0.000180478
0.000180478
0.000180478
0.000180479
0.000180479
0.000180479
0.000180479
0.000180479
0.000180479
0.000180479
0.000180479
0.000180479
0.000180461
0.000180461
0.000180461
0.000180461
0.000180461
0.000180461
0.000180461
0.000180461
0.000180461
0.00018046
0.00018046
0.00018046
0.000180459
0.000180459
0.000180459
0.000180458
0.000180458
0.000180457
0.000180457
0.000180456
0.000180456
0.000180455
0.000180455
0.000180454
0.000180453
0.000180453
0.000180452
0.000180451
0.00018045
0.00018045
0.000180449
0.000180448
0.000180447
0.000180446
0.000180445
0.000180444
0.000180443
0.000180442
0.000180441
0.00018044
0.000180439
0.000180438
0.000180436
0.000180435
0.000180434
0.000180433
0.000180431
0.000180429
0.000180428
0.000180425
0.000180421
0.000180413
0.0001804
0.000180374
0.000180324
0.00018023
0.000180059
0.000179756
0.000179234
0.00017837
0.000176995
0.000174899
0.000171853
0.000167651
0.000162175
0.000155458
0.000147719
0.000139346
0.000130813
0.000122591
0.000115069
0.000108549
0.000103283
9.95374e-05
9.76115e-05
9.77966e-05
0.000100068
0.000104541
0.000111009
0.000119163
0.000128544
0.000138491
0.000148181
0.000156795
0.00016371
0.0001686
0.000171395
0.000172157
0.000170988
0.000167906
0.000162931
0.000156203
0.000148054
0.000139012
0.000129719
0.000120792
0.000112716
0.000105819
0.000100326
9.64235e-05
9.43129e-05
9.41838e-05
9.58684e-05
9.946e-05
0.000104794
0.000111681
0.000119891
0.000129069
0.000138681
0.000148038
0.000156428
0.000163281
0.000168258
0.000171233
0.000172178
0.000171102
0.00016795
0.000162675
0.000155403
0.000146527
0.000136731
0.000126855
0.000117703
0.000109894
0.000103859
9.99026e-05
9.82246e-05
9.88451e-05
0.000101609
0.000106246
0.000112464
0.000119973
0.000128437
0.000137413
0.000146348
0.000154657
0.000161859
0.000167674
0.000172065
0.000175178
0.000177265
0.000178594
0.000179403
0.000179875
0.00018014
0.000180284
0.00018036
0.000180399
0.000180419
0.000180428
0.000180434
0.000180436
0.000180438
0.00018044
0.000180441
0.000180442
0.000180443
0.000180444
0.000180444
0.000180445
0.000180446
0.000180447
0.000180448
0.000180448
0.000180449
0.00018045
0.000180451
0.000180451
0.000180452
0.000180452
0.000180453
0.000180454
0.000180454
0.000180455
0.000180455
0.000180456
0.000180456
0.000180457
0.000180457
0.000180457
0.000180458
0.000180458
0.000180458
0.000180459
0.000180459
0.000180459
0.00018046
0.00018046
0.00018046
0.00018046
0.00018046
0.000180461
0.000180461
0.000180461
0.000180461
0.000180461
0.000180461
0.000180461
0.000180461
0.000180461
0.000180442
0.000180442
0.000180442
0.000180442
0.000180442
0.000180442
0.000180442
0.000180441
0.000180441
0.000180441
0.000180441
0.00018044
0.00018044
0.00018044
0.000180439
0.000180439
0.000180438
0.000180438
0.000180437
0.000180437
0.000180436
0.000180436
0.000180435
0.000180435
0.000180434
0.000180433
0.000180432
0.000180432
0.000180431
0.00018043
0.000180429
0.000180428
0.000180427
0.000180426
0.000180426
0.000180425
0.000180423
0.000180422
0.000180421
0.00018042
0.000180419
0.000180418
0.000180417
0.000180415
0.000180414
0.000180413
0.000180411
0.000180409
0.000180407
0.000180405
0.0001804
0.000180392
0.000180378
0.00018035
0.000180297
0.000180197
0.000180015
0.000179694
0.000179144
0.000178238
0.000176802
0.000174626
0.000171481
0.000167168
0.00016158
0.000154766
0.000146961
0.000138559
0.000130036
0.000121853
0.000114387
0.00010793
0.000102726
9.90373e-05
9.71615e-05
9.7385e-05
9.96864e-05
0.000104179
0.000110659
0.000118818
0.000128207
0.000138169
0.000147888
0.000156543
0.000163508
0.000168453
0.000171302
0.000172114
0.000170994
0.000167962
0.000163032
0.000156342
0.000148216
0.000139181
0.000129877
0.000120926
0.000112818
0.000105882
0.000100344
9.63945e-05
9.42383e-05
9.40557e-05
9.56918e-05
9.92406e-05
0.000104543
0.000111409
0.000119608
0.000128789
0.000138418
0.000147803
0.000156232
0.000163127
0.000168148
0.000171164
0.00017215
0.000171114
0.000168003
0.000162768
0.000155529
0.00014667
0.000136865
0.000126955
0.000117745
0.000109859
0.000103729
9.96614e-05
9.78597e-05
9.83573e-05
0.000101002
0.000105534
0.000111661
0.000119103
0.000127532
0.000136518
0.000145513
0.000153927
0.00016126
0.000167214
0.00017173
0.000174946
0.000177109
0.000178491
0.000179334
0.000179828
0.000180105
0.000180257
0.000180336
0.000180377
0.000180398
0.000180408
0.000180414
0.000180417
0.000180419
0.00018042
0.000180421
0.000180422
0.000180423
0.000180424
0.000180425
0.000180426
0.000180427
0.000180427
0.000180428
0.000180429
0.00018043
0.000180431
0.000180431
0.000180432
0.000180433
0.000180433
0.000180434
0.000180434
0.000180435
0.000180435
0.000180436
0.000180436
0.000180437
0.000180437
0.000180438
0.000180438
0.000180439
0.000180439
0.000180439
0.00018044
0.00018044
0.00018044
0.000180441
0.000180441
0.000180441
0.000180441
0.000180441
0.000180442
0.000180442
0.000180442
0.000180442
0.000180442
0.000180442
0.000180442
0.000180442
0.000180442
0.000180423
0.000180423
0.000180422
0.000180422
0.000180422
0.000180422
0.000180422
0.000180422
0.000180422
0.000180421
0.000180421
0.000180421
0.00018042
0.00018042
0.00018042
0.000180419
0.000180419
0.000180418
0.000180418
0.000180417
0.000180417
0.000180416
0.000180415
0.000180415
0.000180414
0.000180413
0.000180413
0.000180412
0.000180411
0.00018041
0.000180409
0.000180409
0.000180408
0.000180407
0.000180406
0.000180405
0.000180404
0.000180403
0.000180401
0.0001804
0.000180399
0.000180398
0.000180397
0.000180395
0.000180394
0.000180393
0.000180391
0.000180389
0.000180387
0.000180384
0.00018038
0.000180371
0.000180356
0.000180326
0.000180269
0.000180162
0.000179969
0.000179628
0.000179048
0.000178096
0.000176597
0.000174335
0.000171087
0.000166659
0.000160959
0.000154052
0.000146186
0.000137763
0.000129256
0.000121117
0.00011371
0.000107315
0.000102171
9.85343e-05
9.67044e-05
9.69624e-05
9.92897e-05
0.000103799
0.000110286
0.00011845
0.000127845
0.000137823
0.000147572
0.000156271
0.000163291
0.000168294
0.000171201
0.000172067
0.000170999
0.000168018
0.000163133
0.000156478
0.000148374
0.000139343
0.000130025
0.000121046
0.0001129
0.000105921
0.000100333
9.63379e-05
9.4124e-05
9.38846e-05
9.54723e-05
9.89794e-05
0.000104251
0.000111099
0.00011929
0.000128476
0.000138124
0.000147543
0.000156015
0.000162959
0.000168027
0.000171089
0.00017212
0.000171125
0.000168058
0.000162866
0.000155661
0.000146819
0.000137007
0.000127062
0.000117793
0.000109828
0.000103601
9.94193e-05
9.7493e-05
9.78683e-05
0.000100396
0.000104823
0.000110862
0.000118236
0.000126629
0.000135622
0.000144673
0.000153189
0.000160652
0.000166743
0.000171386
0.000174707
0.000176948
0.000178385
0.000179264
0.000179779
0.00018007
0.000180228
0.000180312
0.000180355
0.000180377
0.000180388
0.000180394
0.000180397
0.000180399
0.0001804
0.000180401
0.000180402
0.000180403
0.000180404
0.000180405
0.000180406
0.000180407
0.000180408
0.000180409
0.000180409
0.00018041
0.000180411
0.000180412
0.000180412
0.000180413
0.000180413
0.000180414
0.000180415
0.000180415
0.000180416
0.000180416
0.000180417
0.000180417
0.000180418
0.000180418
0.000180419
0.000180419
0.000180419
0.00018042
0.00018042
0.00018042
0.000180421
0.000180421
0.000180421
0.000180421
0.000180422
0.000180422
0.000180422
0.000180422
0.000180422
0.000180422
0.000180423
0.000180423
0.000180423
0.000180423
0.000180423
0.000180403
0.000180403
0.000180403
0.000180403
0.000180403
0.000180402
0.000180402
0.000180402
0.000180402
0.000180402
0.000180401
0.000180401
0.000180401
0.0001804
0.0001804
0.000180399
0.000180399
0.000180399
0.000180398
0.000180397
0.000180397
0.000180396
0.000180396
0.000180395
0.000180394
0.000180394
0.000180393
0.000180392
0.000180391
0.00018039
0.00018039
0.000180389
0.000180388
0.000180387
0.000180386
0.000180385
0.000180384
0.000180383
0.000180381
0.00018038
0.000180379
0.000180378
0.000180377
0.000180375
0.000180374
0.000180373
0.000180371
0.000180369
0.000180367
0.000180364
0.000180359
0.00018035
0.000180333
0.000180301
0.00018024
0.000180127
0.000179921
0.000179559
0.000178946
0.000177945
0.000176377
0.000174025
0.000170668
0.000166123
0.000160311
0.000153314
0.000145393
0.000136956
0.000128473
0.000120381
0.000113036
0.000106703
0.000101616
9.80293e-05
9.62408e-05
9.65291e-05
9.88779e-05
0.000103399
0.000109892
0.000118057
0.000127456
0.00013745
0.00014723
0.000155977
0.000163056
0.000168124
0.000171094
0.000172018
0.000171003
0.000168074
0.000163235
0.000156616
0.000148532
0.000139501
0.000130165
0.000121154
0.000112966
0.000105939
0.000100302
9.62486e-05
9.39738e-05
9.36761e-05
9.52155e-05
9.86815e-05
0.000103925
0.000110754
0.000118939
0.000128132
0.000137802
0.000147259
0.000155779
0.000162776
0.000167896
0.000171007
0.000172086
0.000171136
0.000168115
0.000162967
0.000155799
0.000146976
0.000137156
0.000127175
0.000117845
0.000109799
0.000103473
9.91773e-05
9.71258e-05
9.73795e-05
9.97912e-05
0.000104115
0.000110067
0.000117373
0.000125729
0.000134726
0.00014383
0.000152443
0.000160034
0.000166264
0.000171034
0.000174461
0.000176782
0.000178275
0.000179191
0.000179729
0.000180034
0.0001802
0.000180288
0.000180333
0.000180356
0.000180368
0.000180374
0.000180377
0.000180379
0.00018038
0.000180382
0.000180383
0.000180384
0.000180384
0.000180385
0.000180386
0.000180387
0.000180388
0.000180389
0.000180389
0.00018039
0.000180391
0.000180392
0.000180392
0.000180393
0.000180394
0.000180394
0.000180395
0.000180395
0.000180396
0.000180396
0.000180397
0.000180397
0.000180398
0.000180398
0.000180399
0.000180399
0.0001804
0.0001804
0.0001804
0.000180401
0.000180401
0.000180401
0.000180401
0.000180402
0.000180402
0.000180402
0.000180402
0.000180402
0.000180402
0.000180403
0.000180403
0.000180403
0.000180403
0.000180403
0.000180403
0.000180383
0.000180383
0.000180383
0.000180383
0.000180383
0.000180383
0.000180382
0.000180382
0.000180382
0.000180382
0.000180382
0.000180381
0.000180381
0.00018038
0.00018038
0.00018038
0.000180379
0.000180379
0.000180378
0.000180378
0.000180377
0.000180376
0.000180376
0.000180375
0.000180375
0.000180374
0.000180373
0.000180372
0.000180371
0.000180371
0.00018037
0.000180369
0.000180368
0.000180367
0.000180366
0.000180365
0.000180364
0.000180363
0.000180362
0.00018036
0.000180359
0.000180358
0.000180357
0.000180355
0.000180354
0.000180353
0.000180351
0.000180349
0.000180347
0.000180344
0.000180339
0.000180329
0.000180311
0.000180277
0.000180212
0.00018009
0.000179871
0.000179487
0.000178839
0.000177786
0.000176143
0.000173696
0.000170226
0.000165559
0.000159634
0.000152548
0.000144579
0.000136136
0.000127683
0.000119646
0.000112365
0.000106095
0.000101064
9.75227e-05
9.57715e-05
9.60858e-05
9.84513e-05
0.000102981
0.000109475
0.000117638
0.000127039
0.000137048
0.000146861
0.00015566
0.000162804
0.000167941
0.000170979
0.000171966
0.000171007
0.000168133
0.000163341
0.000156756
0.00014869
0.000139658
0.000130302
0.000121254
0.00011302
0.000105941
0.000100248
9.61312e-05
9.37935e-05
9.34356e-05
9.49263e-05
9.83513e-05
0.000103566
0.000110378
0.000118557
0.000127759
0.000137454
0.000146952
0.000155525
0.000162579
0.000167756
0.00017092
0.000172049
0.000171147
0.000168173
0.000163072
0.000155943
0.000147139
0.000137313
0.000127296
0.000117904
0.000109775
0.000103349
9.89367e-05
9.67591e-05
9.68917e-05
9.9188e-05
0.000103411
0.000109276
0.000116515
0.000124831
0.000133829
0.000142982
0.00015169
0.000159407
0.000165774
0.000170673
0.000174208
0.000176611
0.000178162
0.000179116
0.000179678
0.000179996
0.000180171
0.000180263
0.000180311
0.000180335
0.000180347
0.000180354
0.000180357
0.000180359
0.00018036
0.000180362
0.000180363
0.000180364
0.000180365
0.000180365
0.000180366
0.000180367
0.000180368
0.000180369
0.00018037
0.00018037
0.000180371
0.000180372
0.000180372
0.000180373
0.000180374
0.000180374
0.000180375
0.000180376
0.000180376
0.000180377
0.000180377
0.000180378
0.000180378
0.000180378
0.000180379
0.000180379
0.00018038
0.00018038
0.00018038
0.000180381
0.000180381
0.000180381
0.000180382
0.000180382
0.000180382
0.000180382
0.000180382
0.000180382
0.000180383
0.000180383
0.000180383
0.000180383
0.000180383
0.000180383
0.000180383
0.000180363
0.000180363
0.000180363
0.000180363
0.000180363
0.000180363
0.000180363
0.000180363
0.000180362
0.000180362
0.000180362
0.000180361
0.000180361
0.000180361
0.00018036
0.00018036
0.00018036
0.000180359
0.000180359
0.000180358
0.000180357
0.000180357
0.000180356
0.000180355
0.000180355
0.000180354
0.000180353
0.000180353
0.000180352
0.000180351
0.00018035
0.000180349
0.000180348
0.000180347
0.000180346
0.000180345
0.000180344
0.000180343
0.000180342
0.000180341
0.00018034
0.000180338
0.000180337
0.000180336
0.000180334
0.000180333
0.000180331
0.00018033
0.000180327
0.000180324
0.000180319
0.000180309
0.00018029
0.000180253
0.000180184
0.000180054
0.000179821
0.000179414
0.000178729
0.00017762
0.0001759
0.000173352
0.000169762
0.000164969
0.000158927
0.000151756
0.000143742
0.000135301
0.000126886
0.00011891
0.000111696
0.000105491
0.000100513
9.70151e-05
9.52969e-05
9.56329e-05
9.801e-05
0.000102544
0.000109035
0.000117192
0.000126593
0.000136615
0.000146463
0.000155318
0.000162533
0.000167747
0.000170859
0.000171912
0.000171012
0.000168195
0.00016345
0.000156901
0.000148852
0.000139816
0.000130437
0.000121349
0.000113065
0.000105929
0.000100174
9.59922e-05
9.35887e-05
9.31684e-05
9.46092e-05
9.79927e-05
0.000103179
0.000109974
0.000118148
0.000127359
0.000137081
0.000146623
0.000155252
0.000162368
0.000167606
0.000170827
0.000172009
0.000171156
0.000168233
0.00016318
0.00015609
0.000147309
0.000137477
0.000127424
0.000117969
0.000109756
0.000103227
9.86986e-05
9.63942e-05
9.64058e-05
9.85873e-05
0.00010271
0.000108489
0.000115661
0.000123937
0.000132932
0.00014213
0.000150929
0.000158771
0.000165274
0.000170304
0.000173948
0.000176435
0.000178045
0.000179038
0.000179625
0.000179959
0.000180141
0.000180239
0.000180289
0.000180314
0.000180327
0.000180333
0.000180337
0.000180339
0.000180341
0.000180342
0.000180343
0.000180344
0.000180345
0.000180346
0.000180346
0.000180347
0.000180348
0.000180349
0.00018035
0.000180351
0.000180351
0.000180352
0.000180353
0.000180353
0.000180354
0.000180355
0.000180355
0.000180356
0.000180356
0.000180357
0.000180357
0.000180358
0.000180358
0.000180359
0.000180359
0.000180359
0.00018036
0.00018036
0.000180361
0.000180361
0.000180361
0.000180361
0.000180362
0.000180362
0.000180362
0.000180362
0.000180362
0.000180363
0.000180363
0.000180363
0.000180363
0.000180363
0.000180363
0.000180363
0.000180363
0.000180344
0.000180344
0.000180344
0.000180344
0.000180344
0.000180343
0.000180343
0.000180343
0.000180343
0.000180343
0.000180342
0.000180342
0.000180342
0.000180341
0.000180341
0.00018034
0.00018034
0.000180339
0.000180339
0.000180338
0.000180338
0.000180337
0.000180337
0.000180336
0.000180335
0.000180335
0.000180334
0.000180333
0.000180332
0.000180331
0.000180331
0.00018033
0.000180329
0.000180328
0.000180327
0.000180326
0.000180325
0.000180324
0.000180323
0.000180321
0.00018032
0.000180319
0.000180318
0.000180317
0.000180315
0.000180314
0.000180312
0.000180311
0.000180308
0.000180305
0.000180299
0.000180289
0.000180269
0.000180231
0.000180158
0.000180021
0.000179774
0.000179344
0.000178621
0.000177454
0.000175653
0.000172999
0.000169283
0.000164358
0.000158197
0.000150939
0.000142885
0.000134451
0.000126081
0.000118172
0.000111029
0.000104889
9.99651e-05
9.65068e-05
9.48175e-05
9.51706e-05
9.7554e-05
0.000102086
0.00010857
0.000116718
0.000126115
0.00013615
0.000146036
0.000154952
0.000162245
0.000167542
0.000170733
0.000171857
0.000171019
0.000168261
0.000163566
0.000157053
0.000149021
0.000139979
0.000130573
0.000121443
0.000113105
0.000105909
0.000100088
9.58371e-05
9.33644e-05
9.28788e-05
9.42684e-05
9.76093e-05
0.000102767
0.000109545
0.000117713
0.000126934
0.000136685
0.000146273
0.000154963
0.000162145
0.000167448
0.000170728
0.000171966
0.000171165
0.000168293
0.000163291
0.000156243
0.000147485
0.000137648
0.000127561
0.000118042
0.000109743
0.000103111
9.84644e-05
9.60331e-05
9.59218e-05
9.7989e-05
0.000102012
0.000107708
0.000114812
0.000123045
0.000132036
0.000141274
0.000150161
0.000158124
0.000164765
0.000169925
0.00017368
0.000176253
0.000177924
0.000178958
0.000179571
0.00017992
0.000180112
0.000180214
0.000180266
0.000180293
0.000180307
0.000180313
0.000180317
0.000180319
0.000180321
0.000180322
0.000180323
0.000180324
0.000180325
0.000180326
0.000180327
0.000180328
0.000180328
0.000180329
0.00018033
0.000180331
0.000180332
0.000180332
0.000180333
0.000180334
0.000180334
0.000180335
0.000180335
0.000180336
0.000180336
0.000180337
0.000180338
0.000180338
0.000180338
0.000180339
0.000180339
0.00018034
0.00018034
0.00018034
0.000180341
0.000180341
0.000180341
0.000180342
0.000180342
0.000180342
0.000180342
0.000180343
0.000180343
0.000180343
0.000180343
0.000180343
0.000180343
0.000180343
0.000180343
0.000180343
0.000180343
0.000180325
0.000180325
0.000180325
0.000180324
0.000180324
0.000180324
0.000180324
0.000180324
0.000180324
0.000180323
0.000180323
0.000180323
0.000180322
0.000180322
0.000180322
0.000180321
0.000180321
0.00018032
0.00018032
0.000180319
0.000180319
0.000180318
0.000180318
0.000180317
0.000180316
0.000180316
0.000180315
0.000180314
0.000180313
0.000180313
0.000180312
0.000180311
0.00018031
0.000180309
0.000180308
0.000180307
0.000180306
0.000180305
0.000180304
0.000180303
0.000180302
0.000180301
0.0001803
0.000180299
0.000180297
0.000180296
0.000180295
0.000180293
0.000180291
0.000180288
0.000180282
0.000180272
0.000180252
0.000180212
0.000180136
0.000179994
0.000179735
0.000179283
0.000178523
0.000177299
0.000175416
0.000172652
0.000168805
0.000163741
0.000157454
0.000150105
0.000142011
0.000133588
0.000125269
0.000117431
0.000110364
0.000104291
9.94193e-05
9.59983e-05
9.43335e-05
9.46991e-05
9.70831e-05
0.000101609
0.00010808
0.000116214
0.000125605
0.000135653
0.000145579
0.000154563
0.000161941
0.000167328
0.000170605
0.000171805
0.000171031
0.000168335
0.000163691
0.000157213
0.000149198
0.00014015
0.000130714
0.000121538
0.000113142
0.000105883
9.99927e-05
9.56698e-05
9.31246e-05
9.25707e-05
9.39074e-05
9.72042e-05
0.000102332
0.000109093
0.000117256
0.000126488
0.000136268
0.000145906
0.000154659
0.00016191
0.000167281
0.000170624
0.00017192
0.000171172
0.000168354
0.000163403
0.000156399
0.000147667
0.000137828
0.000127705
0.000118123
0.000109737
0.000103001
9.82353e-05
9.56765e-05
9.54408e-05
9.73938e-05
0.000101319
0.000106931
0.000113968
0.000122157
0.000131139
0.000140415
0.000149385
0.000157469
0.000164245
0.000169537
0.000173405
0.000176066
0.0001778
0.000178876
0.000179516
0.000179881
0.000180082
0.000180189
0.000180245
0.000180273
0.000180287
0.000180294
0.000180298
0.0001803
0.000180301
0.000180303
0.000180304
0.000180305
0.000180306
0.000180307
0.000180307
0.000180308
0.000180309
0.00018031
0.000180311
0.000180311
0.000180312
0.000180313
0.000180313
0.000180314
0.000180315
0.000180315
0.000180316
0.000180316
0.000180317
0.000180318
0.000180318
0.000180318
0.000180319
0.000180319
0.00018032
0.00018032
0.000180321
0.000180321
0.000180321
0.000180322
0.000180322
0.000180322
0.000180322
0.000180323
0.000180323
0.000180323
0.000180323
0.000180323
0.000180323
0.000180324
0.000180324
0.000180324
0.000180324
0.000180324
0.000180324
0.000180306
0.000180306
0.000180306
0.000180306
0.000180306
0.000180306
0.000180306
0.000180305
0.000180305
0.000180305
0.000180305
0.000180304
0.000180304
0.000180304
0.000180303
0.000180303
0.000180303
0.000180302
0.000180302
0.000180301
0.000180301
0.0001803
0.0001803
0.000180299
0.000180298
0.000180298
0.000180297
0.000180296
0.000180296
0.000180295
0.000180294
0.000180294
0.000180293
0.000180292
0.000180291
0.00018029
0.00018029
0.000180289
0.000180288
0.000180287
0.000180286
0.000180285
0.000180284
0.000180283
0.000180282
0.000180282
0.00018028
0.000180279
0.000180278
0.000180275
0.00018027
0.00018026
0.00018024
0.0001802
0.000180122
0.000179975
0.000179709
0.000179241
0.00017845
0.000177172
0.000175207
0.000172332
0.000168348
0.000163135
0.000156713
0.000149265
0.000141127
0.000132715
0.00012445
0.000116688
0.0001097
0.000103696
9.8876e-05
9.54898e-05
9.38453e-05
9.42186e-05
9.65973e-05
0.000101111
0.000107564
0.000115679
0.000125062
0.000135124
0.000145095
0.000154153
0.000161624
0.00016711
0.000170478
0.000171759
0.00017105
0.000168418
0.000163826
0.000157386
0.000149386
0.00014033
0.000130863
0.000121637
0.000113181
0.000105854
9.98919e-05
9.54935e-05
9.28724e-05
9.22472e-05
9.35292e-05
9.67805e-05
0.000101878
0.000108621
0.000116779
0.000126022
0.000135834
0.000145522
0.000154342
0.000161665
0.000167107
0.000170515
0.000171871
0.000171179
0.000168416
0.000163518
0.00015656
0.000147855
0.000138015
0.000127859
0.000118214
0.000109741
0.000102899
9.80123e-05
9.5325e-05
9.49636e-05
9.68023e-05
0.000100631
0.000106159
0.000113128
0.000121272
0.000130243
0.000139552
0.000148603
0.000156804
0.000163715
0.00016914
0.000173123
0.000175874
0.000177673
0.000178793
0.00017946
0.000179842
0.000180052
0.000180165
0.000180223
0.000180253
0.000180268
0.000180275
0.000180279
0.000180281
0.000180283
0.000180284
0.000180285
0.000180286
0.000180287
0.000180288
0.000180289
0.00018029
0.00018029
0.000180291
0.000180292
0.000180293
0.000180293
0.000180294
0.000180295
0.000180295
0.000180296
0.000180297
0.000180297
0.000180298
0.000180298
0.000180299
0.000180299
0.0001803
0.0001803
0.0001803
0.000180301
0.000180301
0.000180302
0.000180302
0.000180302
0.000180303
0.000180303
0.000180303
0.000180303
0.000180304
0.000180304
0.000180304
0.000180304
0.000180304
0.000180304
0.000180305
0.000180305
0.000180305
0.000180305
0.000180305
0.000180305
0.000180289
0.000180289
0.000180289
0.000180289
0.000180289
0.000180289
0.000180289
0.000180289
0.000180288
0.000180288
0.000180288
0.000180288
0.000180288
0.000180287
0.000180287
0.000180287
0.000180286
0.000180286
0.000180286
0.000180285
0.000180285
0.000180284
0.000180284
0.000180283
0.000180283
0.000180282
0.000180282
0.000180282
0.000180281
0.00018028
0.00018028
0.000180279
0.000180279
0.000180278
0.000180278
0.000180277
0.000180277
0.000180276
0.000180276
0.000180276
0.000180275
0.000180275
0.000180274
0.000180274
0.000180274
0.000180273
0.000180273
0.000180273
0.000180272
0.00018027
0.000180266
0.000180257
0.000180239
0.0001802
0.000180124
0.000179976
0.000179705
0.000179225
0.000178412
0.000177095
0.000175054
0.000172068
0.000167942
0.000162571
0.000155998
0.000148438
0.000140244
0.000131838
0.000123627
0.000115943
0.000109038
0.000103104
9.83356e-05
9.49816e-05
9.33531e-05
9.37293e-05
9.60963e-05
0.000100591
0.000107021
0.000115114
0.000124486
0.000134564
0.000144585
0.000153726
0.0001613
0.000166893
0.000170359
0.000171724
0.000171082
0.000168515
0.000163976
0.000157573
0.000149589
0.000140523
0.000131021
0.000121743
0.000113222
0.000105825
9.97879e-05
9.53108e-05
9.26106e-05
9.19111e-05
9.31365e-05
9.63409e-05
0.000101408
0.000108132
0.000116286
0.00012554
0.000135384
0.000145125
0.000154013
0.000161412
0.000166928
0.000170404
0.000171822
0.000171187
0.00016848
0.000163637
0.000156725
0.000148049
0.000138211
0.000128023
0.000118314
0.000109753
0.000102805
9.77966e-05
9.49795e-05
9.4491e-05
9.62149e-05
9.99462e-05
0.000105392
0.000112293
0.000120391
0.000129348
0.000138687
0.000147815
0.00015613
0.000163176
0.000168735
0.000172834
0.000175677
0.000177543
0.000178708
0.000179404
0.000179804
0.000180025
0.000180143
0.000180204
0.000180235
0.000180251
0.000180259
0.000180263
0.000180265
0.000180266
0.000180268
0.000180269
0.000180269
0.00018027
0.000180271
0.000180272
0.000180273
0.000180273
0.000180274
0.000180275
0.000180275
0.000180276
0.000180277
0.000180277
0.000180278
0.000180279
0.000180279
0.00018028
0.00018028
0.000180281
0.000180281
0.000180282
0.000180282
0.000180282
0.000180283
0.000180283
0.000180284
0.000180284
0.000180284
0.000180285
0.000180285
0.000180285
0.000180285
0.000180286
0.000180286
0.000180286
0.000180286
0.000180286
0.000180287
0.000180287
0.000180287
0.000180287
0.000180287
0.000180287
0.000180287
0.000180287
0.000180276
0.000180276
0.000180276
0.000180276
0.000180276
0.000180276
0.000180276
0.000180276
0.000180276
0.000180275
0.000180275
0.000180275
0.000180275
0.000180275
0.000180275
0.000180274
0.000180274
0.000180274
0.000180274
0.000180274
0.000180273
0.000180273
0.000180273
0.000180273
0.000180273
0.000180273
0.000180272
0.000180272
0.000180272
0.000180272
0.000180272
0.000180272
0.000180272
0.000180272
0.000180272
0.000180272
0.000180273
0.000180273
0.000180273
0.000180274
0.000180274
0.000180275
0.000180275
0.000180276
0.000180277
0.000180278
0.000180279
0.00018028
0.000180281
0.000180282
0.00018028
0.000180274
0.000180259
0.000180226
0.000180154
0.000180012
0.000179744
0.000179261
0.000178432
0.000177078
0.000174981
0.000171895
0.000167622
0.00016208
0.000155338
0.000147644
0.000139377
0.000130966
0.000122804
0.000115199
0.000108377
0.000102514
9.77981e-05
9.44742e-05
9.28572e-05
9.32312e-05
9.55798e-05
0.00010005
0.000106451
0.000114519
0.000123879
0.000133975
0.000144054
0.000153289
0.000160978
0.000166686
0.000170257
0.000171708
0.000171135
0.000168633
0.000164147
0.00015778
0.00014981
0.000140732
0.000131193
0.000121858
0.00011327
0.000105798
9.96829e-05
9.51239e-05
9.23414e-05
9.15645e-05
9.27318e-05
9.58877e-05
0.000100923
0.00010763
0.000115779
0.000125045
0.000134922
0.000144718
0.000153677
0.000161154
0.000166747
0.000170294
0.000171777
0.0001712
0.00016855
0.000163762
0.000156898
0.000148252
0.000138417
0.000128198
0.000118426
0.000109777
0.000102721
9.75892e-05
9.46406e-05
9.40237e-05
9.56322e-05
9.92666e-05
0.000104631
0.000111464
0.000119514
0.000128454
0.00013782
0.000147021
0.000155449
0.000162629
0.000168322
0.00017254
0.000175478
0.000177413
0.000178625
0.000179352
0.000179771
0.000180002
0.000180126
0.00018019
0.000180222
0.000180238
0.000180246
0.00018025
0.000180253
0.000180254
0.000180255
0.000180256
0.000180257
0.000180257
0.000180258
0.000180259
0.000180259
0.00018026
0.00018026
0.000180261
0.000180262
0.000180262
0.000180263
0.000180263
0.000180264
0.000180264
0.000180265
0.000180265
0.000180266
0.000180266
0.000180267
0.000180267
0.000180268
0.000180268
0.000180268
0.000180269
0.000180269
0.000180269
0.00018027
0.00018027
0.00018027
0.00018027
0.000180271
0.000180271
0.000180271
0.000180271
0.000180271
0.000180271
0.000180272
0.000180272
0.000180272
0.000180272
0.000180272
0.000180272
0.000180272
0.000180272
0.00018027
0.00018027
0.00018027
0.00018027
0.00018027
0.00018027
0.00018027
0.00018027
0.00018027
0.00018027
0.00018027
0.00018027
0.00018027
0.000180271
0.000180271
0.000180271
0.000180271
0.000180271
0.000180271
0.000180271
0.000180272
0.000180272
0.000180272
0.000180273
0.000180273
0.000180274
0.000180274
0.000180275
0.000180275
0.000180276
0.000180277
0.000180278
0.000180279
0.00018028
0.000180282
0.000180283
0.000180285
0.000180287
0.000180289
0.000180291
0.000180293
0.000180296
0.000180298
0.000180301
0.000180305
0.000180308
0.000180312
0.000180316
0.00018032
0.000180324
0.000180327
0.000180327
0.000180319
0.000180294
0.000180233
0.000180104
0.000179848
0.000179375
0.000178546
0.00017717
0.000175015
0.000171835
0.000167426
0.000161696
0.000154762
0.000146908
0.000138543
0.000130109
0.000121985
0.000114456
0.000107718
0.000101929
9.72639e-05
9.39677e-05
9.23577e-05
9.27243e-05
9.50475e-05
9.94861e-05
0.000105854
0.000113892
0.000123242
0.000133362
0.00014351
0.000152853
0.00016067
0.000166507
0.000170191
0.000171729
0.000171222
0.000168784
0.000164348
0.000158014
0.000150055
0.000140961
0.000131382
0.000121987
0.000113327
0.000105776
9.95791e-05
9.4935e-05
9.20669e-05
9.12098e-05
9.23173e-05
9.54236e-05
0.000100427
0.000107116
0.000115261
0.000124541
0.000134452
0.000144305
0.000153338
0.000160897
0.000166571
0.000170193
0.000171744
0.000171226
0.000168632
0.000163898
0.000157081
0.000148467
0.000138634
0.000128385
0.000118551
0.000109813
0.000102648
9.73913e-05
9.43094e-05
9.35624e-05
9.50547e-05
9.85921e-05
0.000103875
0.00011064
0.000118641
0.000127563
0.000136952
0.000146223
0.000154763
0.000162076
0.000167905
0.000172245
0.000175281
0.000177288
0.00017855
0.000179309
0.000179746
0.000179988
0.000180118
0.000180185
0.000180219
0.000180235
0.000180243
0.000180247
0.000180249
0.00018025
0.000180251
0.000180251
0.000180252
0.000180252
0.000180253
0.000180253
0.000180253
0.000180254
0.000180254
0.000180255
0.000180255
0.000180255
0.000180256
0.000180256
0.000180257
0.000180257
0.000180257
0.000180258
0.000180258
0.000180258
0.000180259
0.000180259
0.000180259
0.000180259
0.00018026
0.00018026
0.00018026
0.00018026
0.000180261
0.000180261
0.000180261
0.000180261
0.000180261
0.000180262
0.000180262
0.000180262
0.000180262
0.000180262
0.000180262
0.000180262
0.000180262
0.000180263
0.000180263
0.000180263
0.000180263
0.000180263
0.000180279
0.000180279
0.000180279
0.000180279
0.000180279
0.000180279
0.000180279
0.00018028
0.00018028
0.00018028
0.000180281
0.000180281
0.000180282
0.000180282
0.000180283
0.000180284
0.000180284
0.000180285
0.000180286
0.000180287
0.000180288
0.00018029
0.000180291
0.000180292
0.000180294
0.000180296
0.000180298
0.0001803
0.000180302
0.000180304
0.000180307
0.00018031
0.000180313
0.000180316
0.00018032
0.000180324
0.000180328
0.000180333
0.000180338
0.000180343
0.000180349
0.000180355
0.000180362
0.000180369
0.000180376
0.000180385
0.000180393
0.000180403
0.000180413
0.000180424
0.000180434
0.000180443
0.000180447
0.000180436
0.000180393
0.000180285
0.000180055
0.000179606
0.000178792
0.000177411
0.000175212
0.000171934
0.000167371
0.000161448
0.000154295
0.000146246
0.000137754
0.000129274
0.000121176
0.000113716
0.000107062
0.000101347
9.67334e-05
9.34627e-05
9.18549e-05
9.22087e-05
9.44991e-05
9.88995e-05
0.000105229
0.000113236
0.000122577
0.000132731
0.000142962
0.000152432
0.000160396
0.000166376
0.000170174
0.000171808
0.000171367
0.000168988
0.000164595
0.000158287
0.000150333
0.000141217
0.000131592
0.000122131
0.000113394
0.000105762
9.94785e-05
9.47458e-05
9.1789e-05
9.08487e-05
9.1895e-05
9.49507e-05
9.99226e-05
0.000106594
0.000114736
0.000124031
0.00013398
0.000143893
0.000153004
0.000160651
0.000166412
0.000170115
0.000171733
0.000171276
0.000168738
0.000164056
0.000157283
0.000148697
0.000138867
0.000128588
0.000118691
0.000109863
0.000102587
9.72041e-05
9.39867e-05
9.31076e-05
9.44829e-05
9.79229e-05
0.000103124
0.000109823
0.000117774
0.000126675
0.000136085
0.000145424
0.000154073
0.000161522
0.00016749
0.000171956
0.000175094
0.000177177
0.000178493
0.000179284
0.00017974
0.000179993
0.000180129
0.000180199
0.000180234
0.000180251
0.000180258
0.000180261
0.000180263
0.000180263
0.000180263
0.000180263
0.000180263
0.000180263
0.000180262
0.000180262
0.000180262
0.000180262
0.000180262
0.000180262
0.000180262
0.000180262
0.000180263
0.000180263
0.000180263
0.000180263
0.000180263
0.000180263
0.000180263
0.000180263
0.000180263
0.000180263
0.000180263
0.000180264
0.000180264
0.000180264
0.000180264
0.000180264
0.000180264
0.000180264
0.000180264
0.000180264
0.000180264
0.000180264
0.000180265
0.000180265
0.000180265
0.000180265
0.000180265
0.000180265
0.000180265
0.000180265
0.000180265
0.000180265
0.000180265
0.000180265
0.000180315
0.000180315
0.000180315
0.000180315
0.000180316
0.000180316
0.000180317
0.000180318
0.000180318
0.000180319
0.00018032
0.000180322
0.000180323
0.000180324
0.000180326
0.000180328
0.00018033
0.000180332
0.000180334
0.000180337
0.000180339
0.000180342
0.000180346
0.000180349
0.000180353
0.000180357
0.000180361
0.000180366
0.000180371
0.000180376
0.000180382
0.000180389
0.000180395
0.000180403
0.000180411
0.000180419
0.000180428
0.000180438
0.000180448
0.000180459
0.000180471
0.000180484
0.000180497
0.000180511
0.000180526
0.000180543
0.00018056
0.000180578
0.000180598
0.00018062
0.000180643
0.000180667
0.000180688
0.000180698
0.000180681
0.000180605
0.000180411
0.000179998
0.000179213
0.000177839
0.000175605
0.000172229
0.000167496
0.000161349
0.000153945
0.000145668
0.000137017
0.000128466
0.000120379
0.000112982
0.000106409
0.000100769
9.62071e-05
9.29598e-05
9.13491e-05
9.16845e-05
9.39341e-05
9.82894e-05
0.000104576
0.000112551
0.00012189
0.00013209
0.000142426
0.000152048
0.000160186
0.000166324
0.000170253
0.000171984
0.000171604
0.000169276
0.000164914
0.000158619
0.000150655
0.000141508
0.000131827
0.000122294
0.000113474
0.000105755
9.93826e-05
9.4558e-05
9.15094e-05
9.04831e-05
9.1467e-05
9.44712e-05
9.94118e-05
0.000106068
0.000114209
0.000123521
0.00013351
0.000143489
0.000152687
0.000160432
0.000166291
0.000170079
0.000171771
0.000171375
0.000168889
0.000164253
0.000157518
0.000148954
0.000139122
0.000128809
0.000118848
0.000109929
0.00010254
9.70287e-05
9.36737e-05
9.266e-05
9.39174e-05
9.72594e-05
0.00010238
0.000109011
0.000116913
0.000125793
0.000135221
0.000144627
0.000153386
0.000160973
0.000167086
0.000171685
0.000174932
0.000177099
0.000178466
0.000179292
0.00017977
0.000180035
0.000180177
0.000180249
0.000180284
0.0001803
0.000180307
0.000180309
0.000180308
0.000180308
0.000180306
0.000180305
0.000180304
0.000180303
0.000180302
0.000180301
0.0001803
0.000180299
0.000180298
0.000180297
0.000180297
0.000180296
0.000180296
0.000180295
0.000180295
0.000180294
0.000180294
0.000180293
0.000180293
0.000180293
0.000180292
0.000180292
0.000180292
0.000180292
0.000180291
0.000180291
0.000180291
0.000180291
0.000180291
0.000180291
0.00018029
0.00018029
0.00018029
0.00018029
0.00018029
0.00018029
0.00018029
0.00018029
0.00018029
0.00018029
0.00018029
0.00018029
0.00018029
0.00018029
0.00018029
0.00018029
0.000180401
0.000180401
0.000180401
0.000180402
0.000180403
0.000180404
0.000180405
0.000180407
0.000180408
0.00018041
0.000180413
0.000180415
0.000180418
0.000180421
0.000180424
0.000180428
0.000180432
0.000180436
0.000180441
0.000180446
0.000180452
0.000180458
0.000180464
0.000180471
0.000180479
0.000180487
0.000180495
0.000180505
0.000180515
0.000180525
0.000180537
0.000180549
0.000180562
0.000180576
0.000180592
0.000180608
0.000180625
0.000180643
0.000180662
0.000180683
0.000180705
0.000180728
0.000180753
0.000180779
0.000180807
0.000180836
0.000180867
0.0001809
0.000180936
0.000180974
0.000181016
0.000181061
0.000181107
0.000181147
0.000181165
0.000181128
0.000180979
0.000180611
0.00017986
0.000178492
0.000176217
0.000172729
0.000167802
0.000161389
0.000153699
0.000145163
0.000136325
0.000127684
0.000119594
0.000112253
0.000105761
0.000100195
9.56856e-05
9.24595e-05
9.08406e-05
9.11518e-05
9.3352e-05
9.7655e-05
0.000103894
0.000111839
0.000121185
0.00013145
0.000141921
0.000151732
0.000160079
0.000166401
0.000170479
0.000172312
0.000171986
0.000169695
0.000165344
0.000159038
0.000151043
0.000141845
0.000132095
0.00012248
0.000113571
0.000105759
9.92931e-05
9.43731e-05
9.12295e-05
9.01145e-05
9.1035e-05
9.39873e-05
9.88977e-05
0.000105541
0.000113684
0.000123017
0.000133053
0.000143107
0.000152405
0.000160264
0.000166234
0.000170119
0.000171891
0.000171558
0.000169119
0.000164517
0.000157805
0.000149251
0.000139407
0.000129055
0.000119025
0.000110013
0.000102512
9.68673e-05
9.33713e-05
9.22203e-05
9.33586e-05
9.6602e-05
0.000101642
0.000108207
0.00011606
0.000124917
0.000134364
0.000143837
0.00015271
0.000160442
0.000166711
0.000171453
0.000174821
0.000177071
0.000178499
0.000179364
0.000179865
0.000180142
0.000180289
0.000180362
0.000180397
0.000180411
0.000180415
0.000180415
0.000180412
0.000180409
0.000180406
0.000180403
0.000180399
0.000180396
0.000180394
0.000180391
0.000180389
0.000180386
0.000180384
0.000180382
0.00018038
0.000180379
0.000180377
0.000180375
0.000180374
0.000180373
0.000180371
0.00018037
0.000180369
0.000180368
0.000180367
0.000180366
0.000180365
0.000180364
0.000180363
0.000180362
0.000180362
0.000180361
0.00018036
0.00018036
0.000180359
0.000180359
0.000180358
0.000180358
0.000180358
0.000180357
0.000180357
0.000180357
0.000180356
0.000180356
0.000180356
0.000180356
0.000180356
0.000180356
0.000180356
0.000180356
0.000180572
0.000180572
0.000180573
0.000180574
0.000180576
0.000180578
0.00018058
0.000180583
0.000180586
0.00018059
0.000180594
0.000180599
0.000180604
0.00018061
0.000180616
0.000180623
0.000180631
0.000180639
0.000180648
0.000180657
0.000180668
0.000180679
0.000180691
0.000180704
0.000180717
0.000180732
0.000180748
0.000180765
0.000180783
0.000180802
0.000180823
0.000180845
0.000180868
0.000180893
0.00018092
0.000180949
0.000180979
0.000181011
0.000181045
0.000181081
0.000181119
0.000181159
0.000181201
0.000181246
0.000181293
0.000181343
0.000181395
0.000181451
0.00018151
0.000181574
0.000181643
0.000181718
0.000181797
0.000181874
0.000181934
0.000181941
0.000181836
0.000181509
0.000180781
0.000179402
0.000177057
0.00017342
0.000168257
0.000161541
0.000153522
0.000144698
0.000135656
0.000126914
0.000118816
0.000111529
0.000105117
9.96272e-05
9.517e-05
9.19629e-05
9.033e-05
9.06108e-05
9.27524e-05
9.69955e-05
0.000103184
0.000111102
0.000120468
0.000130827
0.000141473
0.000151524
0.000160118
0.000166673
0.000170926
0.000172867
0.000172587
0.000170311
0.000165939
0.000159585
0.000151525
0.000142246
0.000132406
0.000122694
0.000113686
0.000105776
9.92113e-05
9.41923e-05
9.09506e-05
8.97443e-05
9.06006e-05
9.35012e-05
9.83828e-05
0.000105015
0.000113165
0.000122526
0.000132618
0.000142764
0.000152182
0.00016018
0.000166282
0.000170286
0.000172151
0.000171879
0.000169476
0.00016489
0.00015818
0.000149612
0.000139738
0.000129334
0.000119228
0.000110118
0.000102499
9.67206e-05
9.30806e-05
9.17892e-05
9.2807e-05
9.5951e-05
0.000100911
0.000107411
0.000115215
0.00012405
0.000133517
0.000143062
0.000152057
0.000159948
0.000166388
0.000171294
0.000174789
0.000177138
0.000178636
0.000179545
0.00018007
0.000180359
0.000180511
0.000180584
0.000180616
0.000180627
0.000180627
0.000180622
0.000180616
0.000180609
0.000180602
0.000180595
0.000180588
0.000180582
0.000180577
0.000180571
0.000180566
0.000180562
0.000180557
0.000180553
0.000180549
0.000180545
0.000180542
0.000180539
0.000180535
0.000180532
0.00018053
0.000180527
0.000180524
0.000180522
0.00018052
0.000180517
0.000180515
0.000180514
0.000180512
0.00018051
0.000180508
0.000180507
0.000180506
0.000180504
0.000180503
0.000180502
0.000180501
0.0001805
0.000180499
0.000180498
0.000180497
0.000180497
0.000180496
0.000180496
0.000180495
0.000180495
0.000180495
0.000180494
0.000180494
0.000180494
0.000180883
0.000180883
0.000180885
0.000180887
0.00018089
0.000180893
0.000180898
0.000180903
0.000180908
0.000180915
0.000180923
0.000180931
0.00018094
0.00018095
0.000180961
0.000180973
0.000180986
0.000181001
0.000181016
0.000181032
0.00018105
0.000181069
0.00018109
0.000181112
0.000181136
0.000181161
0.000181188
0.000181217
0.000181248
0.00018128
0.000181315
0.000181353
0.000181392
0.000181434
0.000181479
0.000181526
0.000181576
0.000181629
0.000181685
0.000181745
0.000181807
0.000181873
0.000181942
0.000182014
0.00018209
0.00018217
0.000182253
0.000182341
0.000182434
0.000182533
0.000182639
0.000182753
0.000182873
0.000182993
0.000183097
0.000183146
0.000183071
0.000182763
0.000182025
0.000180585
0.000178108
0.000174255
0.000168792
0.000161717
0.000153341
0.000144217
0.000134972
0.000126135
0.000118034
0.000110805
0.000104476
9.90658e-05
9.46618e-05
9.14714e-05
8.98179e-05
9.00619e-05
9.21346e-05
9.63098e-05
0.000102446
0.000110343
0.000119748
0.000130235
0.000141109
0.00015146
0.000160381
0.000167222
0.000171684
0.000173746
0.0001735
0.00017121
0.000166771
0.000160317
0.000152138
0.000142735
0.000132772
0.000122942
0.000113822
0.000105806
9.91381e-05
9.40165e-05
9.06739e-05
8.9374e-05
9.01655e-05
9.30147e-05
9.78698e-05
0.000104495
0.000112658
0.000122055
0.00013222
0.00014248
0.000152054
0.000160221
0.000166499
0.000170652
0.000172626
0.000172416
0.000170034
0.000165435
0.000158688
0.00015007
0.000140135
0.000129657
0.000119463
0.000110247
0.000102504
9.65895e-05
9.28026e-05
9.13675e-05
9.22633e-05
9.53068e-05
0.000100187
0.000106623
0.000114379
0.000123195
0.000132686
0.000142311
0.000151444
0.000159516
0.000166155
0.000171243
0.000174893
0.000177362
0.000178941
0.0001799
0.000180453
0.000180755
0.000180909
0.00018098
0.000181007
0.000181011
0.000181005
0.000180993
0.00018098
0.000180967
0.000180954
0.000180942
0.00018093
0.000180919
0.000180909
0.000180899
0.00018089
0.000180882
0.000180873
0.000180866
0.000180858
0.000180851
0.000180845
0.000180839
0.000180833
0.000180827
0.000180822
0.000180817
0.000180812
0.000180807
0.000180803
0.000180799
0.000180795
0.000180792
0.000180788
0.000180785
0.000180782
0.000180779
0.000180776
0.000180774
0.000180771
0.000180769
0.000180767
0.000180765
0.000180764
0.000180762
0.000180761
0.00018076
0.000180758
0.000180757
0.000180757
0.000180756
0.000180755
0.000180755
0.000180755
0.000180755
0.000181411
0.000181412
0.000181414
0.000181418
0.000181423
0.000181428
0.000181436
0.000181444
0.000181454
0.000181465
0.000181477
0.000181491
0.000181506
0.000181523
0.000181541
0.000181561
0.000181583
0.000181606
0.000181631
0.000181658
0.000181688
0.000181719
0.000181753
0.000181788
0.000181827
0.000181868
0.000181912
0.000181958
0.000182008
0.000182061
0.000182117
0.000182176
0.000182239
0.000182306
0.000182377
0.000182452
0.000182531
0.000182615
0.000182703
0.000182795
0.000182893
0.000182995
0.000183101
0.000183213
0.00018333
0.000183451
0.000183578
0.00018371
0.000183849
0.000183994
0.000184148
0.000184308
0.000184475
0.000184638
0.000184778
0.000184852
0.000184778
0.000184439
0.00018362
0.000182032
0.000179324
0.000175153
0.000169301
0.000161807
0.000153064
0.00014365
0.000134227
0.000125321
0.000117236
0.000110078
0.00010384
9.8513e-05
9.41634e-05
9.0987e-05
8.93055e-05
8.95055e-05
9.14979e-05
9.55966e-05
0.000101677
0.000109562
0.000119031
0.000129693
0.000140869
0.000151608
0.000160943
0.000168145
0.000172864
0.000175063
0.000174838
0.000172494
0.000167929
0.000161303
0.000152933
0.000143342
0.000133209
0.000123231
0.000113982
0.000105851
9.90743e-05
9.38466e-05
9.04001e-05
8.90046e-05
8.9731e-05
9.25297e-05
9.73612e-05
0.000103985
0.000112167
0.000121615
0.000131875
0.000142284
0.000152056
0.000160458
0.000166965
0.00017131
0.000173415
0.000173267
0.000170884
0.000166231
0.000159395
0.000150672
0.000140628
0.000130042
0.000119737
0.000110403
0.000102532
9.64759e-05
9.25383e-05
9.09559e-05
9.17279e-05
9.467e-05
9.94709e-05
0.000105844
0.000113556
0.000122356
0.000131877
0.000141597
0.000150893
0.000159179
0.000166057
0.000171367
0.000175209
0.000177823
0.000179501
0.000180521
0.000181106
0.000181421
0.000181576
0.000181642
0.000181661
0.000181656
0.000181638
0.000181616
0.000181593
0.000181571
0.000181549
0.000181529
0.000181509
0.000181491
0.000181474
0.000181457
0.000181442
0.000181427
0.000181413
0.0001814
0.000181388
0.000181376
0.000181365
0.000181354
0.000181344
0.000181334
0.000181325
0.000181316
0.000181308
0.0001813
0.000181293
0.000181286
0.000181279
0.000181273
0.000181267
0.000181261
0.000181256
0.000181251
0.000181246
0.000181242
0.000181238
0.000181234
0.000181231
0.000181227
0.000181224
0.000181222
0.000181219
0.000181217
0.000181215
0.000181213
0.000181212
0.000181211
0.00018121
0.000181209
0.000181209
0.000181208
0.000182261
0.000182263
0.000182266
0.000182272
0.000182279
0.000182289
0.0001823
0.000182313
0.000182329
0.000182346
0.000182365
0.000182387
0.000182411
0.000182437
0.000182466
0.000182497
0.000182531
0.000182568
0.000182607
0.00018265
0.000182695
0.000182744
0.000182796
0.000182852
0.000182911
0.000182975
0.000183042
0.000183114
0.00018319
0.000183271
0.000183357
0.000183448
0.000183544
0.000183646
0.000183753
0.000183866
0.000183985
0.000184111
0.000184242
0.00018438
0.000184525
0.000184676
0.000184834
0.000184998
0.000185169
0.000185346
0.000185529
0.000185719
0.000185916
0.000186119
0.000186328
0.000186542
0.000186754
0.000186952
0.000187107
0.000187164
0.000187037
0.000186583
0.000185573
0.000183704
0.000180623
0.000176002
0.000169658
0.000161729
0.000152606
0.000142935
0.000133381
0.00012445
0.000116415
0.000109347
0.000103211
9.79725e-05
9.36785e-05
9.05128e-05
8.87944e-05
8.89429e-05
9.08421e-05
9.48545e-05
0.000100879
0.000108762
0.000118323
0.000129217
0.000140777
0.000152019
0.000161881
0.00016954
0.00017458
0.000176941
0.000176723
0.000174279
0.000169512
0.000162621
0.000153964
0.000144102
0.000133737
0.000123571
0.000114171
0.000105912
9.90205e-05
9.36829e-05
9.01301e-05
8.86371e-05
8.92983e-05
9.2048e-05
9.68594e-05
0.000103487
0.0001117
0.000121216
0.000131601
0.00014221
0.000152251
0.000160963
0.000167773
0.000172368
0.000174636
0.000174553
0.00017214
0.000167378
0.000160381
0.000151475
0.000141254
0.000130509
0.000120061
0.000110593
0.000102584
9.63812e-05
9.22888e-05
9.0555e-05
9.1202e-05
9.40403e-05
9.87628e-05
0.000105075
0.000112745
0.000121535
0.000131099
0.000140936
0.000150431
0.000158985
0.000166148
0.000171745
0.000175831
0.000178628
0.000180431
0.000181526
0.00018215
0.00018248
0.000182635
0.000182692
0.000182699
0.000182678
0.000182645
0.000182609
0.000182572
0.000182536
0.000182501
0.000182469
0.000182438
0.000182409
0.000182382
0.000182356
0.000182331
0.000182308
0.000182286
0.000182265
0.000182245
0.000182226
0.000182208
0.000182191
0.000182174
0.000182159
0.000182144
0.00018213
0.000182117
0.000182104
0.000182092
0.00018208
0.00018207
0.000182059
0.00018205
0.000182041
0.000182032
0.000182024
0.000182016
0.000182009
0.000182003
0.000181996
0.000181991
0.000181985
0.000181981
0.000181976
0.000181972
0.000181969
0.000181966
0.000181963
0.00018196
0.000181958
0.000181957
0.000181956
0.000181955
0.000181955
0.000183564
0.000183566
0.000183572
0.00018358
0.000183592
0.000183606
0.000183623
0.000183643
0.000183666
0.000183692
0.000183721
0.000183754
0.00018379
0.000183829
0.000183872
0.000183919
0.00018397
0.000184025
0.000184084
0.000184147
0.000184215
0.000184287
0.000184365
0.000184447
0.000184535
0.000184629
0.000184729
0.000184834
0.000184946
0.000185065
0.00018519
0.000185323
0.000185463
0.00018561
0.000185766
0.000185929
0.000186101
0.000186281
0.000186469
0.000186667
0.000186873
0.000187087
0.00018731
0.000187541
0.00018778
0.000188027
0.000188281
0.000188542
0.000188808
0.000189078
0.000189348
0.000189613
0.00018986
0.000190068
0.000190195
0.000190169
0.000189896
0.000189199
0.00018784
0.000185515
0.000181885
0.000176665
0.000169754
0.000161351
0.000151895
0.000142039
0.000132428
0.00012353
0.00011558
0.000108622
0.000102598
9.74516e-05
9.32128e-05
9.00529e-05
8.82868e-05
8.83756e-05
9.01667e-05
9.40819e-05
0.000100047
0.00010794
0.000117628
0.000128819
0.000140866
0.000152739
0.000163265
0.000171499
0.00017694
0.000179497
0.000179273
0.000176675
0.000171618
0.000164351
0.00015529
0.000145053
0.000134377
0.000123972
0.000114391
0.000105989
9.89766e-05
9.35257e-05
8.98643e-05
8.82724e-05
8.88687e-05
9.1571e-05
9.63666e-05
0.000103006
0.000111262
0.000120869
0.000131422
0.000142295
0.000152694
0.000161816
0.000169026
0.000173946
0.00017642
0.000176406
0.000173928
0.000168987
0.000161736
0.000152548
0.000142058
0.000131085
0.00012045
0.000110822
0.000102663
9.63069e-05
9.2055e-05
9.01657e-05
9.0686e-05
9.34182e-05
9.8063e-05
0.000104316
0.000111948
0.000120736
0.00013036
0.000140345
0.000150087
0.000158969
0.000166509
0.000172471
0.000176868
0.000179902
0.000181865
0.000183057
0.000183731
0.000184078
0.000184231
0.000184277
0.000184266
0.000184225
0.000184171
0.000184114
0.000184058
0.000184004
0.000183952
0.000183903
0.000183857
0.000183814
0.000183772
0.000183733
0.000183696
0.000183661
0.000183627
0.000183596
0.000183565
0.000183536
0.000183509
0.000183483
0.000183458
0.000183434
0.000183412
0.00018339
0.00018337
0.00018335
0.000183332
0.000183314
0.000183298
0.000183282
0.000183267
0.000183253
0.00018324
0.000183228
0.000183216
0.000183205
0.000183195
0.000183185
0.000183176
0.000183168
0.000183161
0.000183154
0.000183148
0.000183142
0.000183137
0.000183133
0.00018313
0.000183127
0.000183124
0.000183122
0.000183121
0.000183121
0.000185473
0.000185478
0.000185486
0.000185498
0.000185514
0.000185534
0.000185559
0.000185588
0.000185621
0.000185659
0.000185701
0.000185748
0.0001858
0.000185857
0.000185918
0.000185986
0.000186058
0.000186137
0.000186221
0.000186311
0.000186408
0.000186511
0.000186621
0.000186739
0.000186864
0.000186996
0.000187137
0.000187286
0.000187443
0.00018761
0.000187786
0.000187971
0.000188166
0.000188372
0.000188588
0.000188814
0.000189051
0.000189299
0.000189558
0.000189829
0.00019011
0.000190402
0.000190704
0.000191016
0.000191338
0.000191667
0.000192004
0.000192346
0.00019269
0.00019303
0.000193359
0.000193662
0.000193917
0.000194087
0.000194111
0.000193908
0.000193343
0.000192229
0.000190322
0.000187329
0.000182957
0.000176985
0.000169486
0.000160625
0.000150915
0.000140987
0.000131421
0.00012262
0.00011478
0.000107936
0.000102022
9.69638e-05
9.27756e-05
8.96138e-05
8.77864e-05
8.78065e-05
8.94724e-05
9.3277e-05
9.91796e-05
0.000107094
0.000116945
0.000128503
0.000141148
0.000153796
0.000165142
0.00017409
0.000180031
0.000182828
0.000182588
0.00017978
0.000174333
0.000166563
0.000156965
0.000146231
0.000135149
0.000124442
0.000114645
0.000106084
9.89423e-05
9.33747e-05
8.9603e-05
8.79111e-05
8.8443e-05
9.11001e-05
9.58844e-05
0.000102544
0.000110857
0.000120585
0.000131359
0.000142577
0.000153442
0.000163098
0.000170825
0.000176162
0.000178895
0.000178956
0.000176374
0.000171174
0.000163558
0.000153963
0.000143091
0.000131799
0.000120919
0.000111097
0.000102772
9.62521e-05
9.18376e-05
8.97887e-05
9.01806e-05
9.2804e-05
9.73716e-05
0.000103568
0.000111166
0.000119961
0.000129666
0.000139839
0.000149894
0.000159193
0.00016721
0.000173639
0.000178437
0.000181778
0.000183952
0.00018527
0.000186009
0.00018638
0.000186532
0.000186564
0.000186529
0.000186462
0.000186382
0.000186299
0.000186218
0.00018614
0.000186066
0.000185996
0.00018593
0.000185868
0.000185808
0.000185752
0.000185699
0.000185648
0.000185599
0.000185553
0.000185509
0.000185468
0.000185428
0.00018539
0.000185353
0.000185319
0.000185286
0.000185255
0.000185225
0.000185197
0.00018517
0.000185144
0.00018512
0.000185097
0.000185075
0.000185055
0.000185035
0.000185017
0.000185
0.000184984
0.000184969
0.000184955
0.000184942
0.00018493
0.000184919
0.000184909
0.0001849
0.000184892
0.000184885
0.000184878
0.000184873
0.000184869
0.000184865
0.000184862
0.000184861
0.00018486
0.000188158
0.000188164
0.000188175
0.000188192
0.000188215
0.000188243
0.000188277
0.000188317
0.000188363
0.000188415
0.000188473
0.000188538
0.00018861
0.000188688
0.000188773
0.000188866
0.000188966
0.000189073
0.000189189
0.000189313
0.000189445
0.000189587
0.000189737
0.000189897
0.000190067
0.000190247
0.000190438
0.00019064
0.000190853
0.000191077
0.000191314
0.000191563
0.000191825
0.0001921
0.000192388
0.000192689
0.000193004
0.000193332
0.000193674
0.00019403
0.000194399
0.00019478
0.000195174
0.000195579
0.000195994
0.000196417
0.000196845
0.000197274
0.000197696
0.000198101
0.000198472
0.000198782
0.000198994
0.000199047
0.000198864
0.000198331
0.000197288
0.000195538
0.000192846
0.000188962
0.000183661
0.000176919
0.000168762
0.000159528
0.00014972
0.000139895
0.000130514
0.000121873
0.000114141
0.000107374
0.000101529
9.65339e-05
9.2381e-05
8.92044e-05
8.73005e-05
8.72355e-05
8.87623e-05
9.24391e-05
9.82733e-05
0.000106219
0.000116265
0.000128256
0.000141612
0.000155188
0.000167526
0.000177345
0.000183899
0.000186993
0.000186731
0.000183656
0.000177715
0.000169306
0.000159025
0.000147662
0.000136069
0.000124989
0.000114936
0.000106196
9.89168e-05
9.32294e-05
8.93461e-05
8.75537e-05
8.8022e-05
9.06362e-05
9.54143e-05
0.000102104
0.000110492
0.000120374
0.000131429
0.000143087
0.000154543
0.000164874
0.000173254
0.000179115
0.00018217
0.000182317
0.000179588
0.00017404
0.000165933
0.000155791
0.000144401
0.000132682
0.000121482
0.000111426
0.000102914
9.62281e-05
9.16385e-05
8.94247e-05
8.96863e-05
9.21979e-05
9.66885e-05
0.00010283
0.0001104
0.000119214
0.000129024
0.000139432
0.000149873
0.000159698
0.000168315
0.000175338
0.000180651
0.00018439
0.000186837
0.000188323
0.00018915
0.000189556
0.000189708
0.000189726
0.000189664
0.000189565
0.000189453
0.000189339
0.000189227
0.000189121
0.000189019
0.000188924
0.000188833
0.000188747
0.000188665
0.000188587
0.000188514
0.000188443
0.000188376
0.000188313
0.000188252
0.000188194
0.000188138
0.000188085
0.000188035
0.000187987
0.000187941
0.000187897
0.000187856
0.000187816
0.000187779
0.000187743
0.000187709
0.000187677
0.000187646
0.000187618
0.00018759
0.000187565
0.000187541
0.000187518
0.000187497
0.000187478
0.000187459
0.000187443
0.000187427
0.000187413
0.0001874
0.000187389
0.000187379
0.00018737
0.000187363
0.000187356
0.000187351
0.000187348
0.000187345
0.000187344
0.000191786
0.000191793
0.000191808
0.000191831
0.000191861
0.000191898
0.000191944
0.000191997
0.000192058
0.000192127
0.000192205
0.000192291
0.000192386
0.00019249
0.000192603
0.000192725
0.000192857
0.000193
0.000193152
0.000193316
0.00019349
0.000193676
0.000193873
0.000194083
0.000194306
0.000194541
0.00019479
0.000195053
0.00019533
0.000195621
0.000195928
0.00019625
0.000196587
0.000196941
0.00019731
0.000197696
0.000198098
0.000198516
0.000198951
0.000199401
0.000199867
0.000200347
0.00020084
0.000201345
0.00020186
0.00020238
0.0002029
0.000203412
0.000203902
0.000204351
0.000204728
0.000204989
0.000205072
0.000204895
0.00020435
0.000203286
0.000201534
0.000198896
0.000195173
0.00019019
0.000183865
0.000176273
0.000167563
0.000158128
0.000148454
0.000138993
0.000129994
0.000121582
0.000113932
0.000107141
0.000101235
9.62029e-05
9.205e-05
8.88378e-05
8.68403e-05
8.66615e-05
8.80415e-05
9.1569e-05
9.73245e-05
0.000105306
0.000115572
0.000128055
0.000142223
0.000156877
0.000170383
0.00018124
0.000188536
0.000191994
0.000191713
0.000188319
0.000181781
0.000172596
0.000161485
0.000149355
0.000137144
0.000125616
0.000115263
0.000106324
9.88988e-05
9.3089e-05
8.90934e-05
8.72006e-05
8.76061e-05
9.01799e-05
9.4957e-05
0.000101685
0.000110167
0.00012024
0.00013164
0.000143842
0.000156025
0.000167185
0.000176366
0.000182869
0.000186318
0.000186568
0.00018365
0.000177659
0.000168928
0.000158084
0.000146028
0.000133761
0.000122155
0.000111814
0.00010309
9.6221e-05
9.14569e-05
8.90742e-05
8.92037e-05
9.16002e-05
9.60135e-05
0.000102102
0.000109648
0.000118493
0.000128436
0.000139129
0.000150043
0.00016051
0.000169869
0.000177634
0.000183599
0.000187847
0.000190649
0.000192356
0.000193303
0.00019376
0.000193921
0.000193925
0.000193833
0.0001937
0.000193551
0.000193401
0.000193255
0.000193115
0.000192982
0.000192855
0.000192736
0.000192622
0.000192514
0.000192412
0.000192314
0.000192221
0.000192132
0.000192047
0.000191966
0.000191889
0.000191815
0.000191744
0.000191677
0.000191613
0.000191551
0.000191493
0.000191437
0.000191384
0.000191334
0.000191286
0.00019124
0.000191197
0.000191156
0.000191117
0.000191081
0.000191047
0.000191014
0.000190984
0.000190955
0.000190929
0.000190905
0.000190882
0.000190861
0.000190842
0.000190825
0.00019081
0.000190796
0.000190784
0.000190774
0.000190766
0.000190759
0.000190754
0.000190751
0.000190749
0.000196503
0.000196513
0.000196532
0.000196561
0.000196599
0.000196648
0.000196706
0.000196774
0.000196852
0.000196941
0.00019704
0.00019715
0.000197272
0.000197404
0.000197548
0.000197704
0.000197872
0.000198053
0.000198247
0.000198454
0.000198675
0.00019891
0.00019916
0.000199425
0.000199705
0.000200002
0.000200314
0.000200644
0.00020099
0.000201354
0.000201736
0.000202137
0.000202556
0.000202993
0.00020345
0.000203925
0.000204419
0.000204932
0.000205463
0.000206012
0.000206577
0.000207158
0.000207752
0.000208357
0.000208969
0.000209581
0.000210184
0.000210763
0.000211294
0.000211744
0.000212064
0.000212183
0.000212016
0.000211449
0.000210332
0.000208498
0.000205775
0.000201993
0.000197018
0.000190777
0.000183454
0.000175063
0.000165956
0.000156571
0.000147346
0.000138579
0.000130227
0.000122196
0.000114536
0.000107523
0.000101377
9.61643e-05
9.1836e-05
8.85317e-05
8.64166e-05
8.60907e-05
8.73145e-05
9.06696e-05
9.63307e-05
0.000104346
0.000114844
0.000127859
0.000142924
0.000158788
0.00017363
0.000185697
0.000193869
0.00019777
0.000197479
0.000193725
0.000186496
0.000176407
0.000164325
0.000151301
0.000138367
0.000126321
0.000115625
0.000106464
9.88858e-05
9.29521e-05
8.88445e-05
8.68519e-05
8.71958e-05
8.97316e-05
9.45124e-05
0.000101289
0.000109884
0.000120189
0.000132
0.000144846
0.000157891
0.000170035
0.000180168
0.000187438
0.000191357
0.000191731
0.000188587
0.000182061
0.000172572
0.000160872
0.000147997
0.000135053
0.00012295
0.000112267
0.000103302
9.62371e-05
9.1293e-05
8.87378e-05
8.87326e-05
9.1011e-05
9.53464e-05
0.000101383
0.000108909
0.000117797
0.000127898
0.000138929
0.000150399
0.00016163
0.000171882
0.000180553
0.000187327
0.000192214
0.000195471
0.000197468
0.000198578
0.000199111
0.000199294
0.000199288
0.000199168
0.000198999
0.000198813
0.000198624
0.000198439
0.000198263
0.000198095
0.000197936
0.000197784
0.00019764
0.000197503
0.000197373
0.000197248
0.000197129
0.000197016
0.000196907
0.000196804
0.000196705
0.00019661
0.00019652
0.000196433
0.000196351
0.000196272
0.000196197
0.000196125
0.000196057
0.000195992
0.00019593
0.000195871
0.000195816
0.000195763
0.000195713
0.000195666
0.000195621
0.000195579
0.00019554
0.000195503
0.000195469
0.000195438
0.000195408
0.000195381
0.000195357
0.000195335
0.000195315
0.000195297
0.000195282
0.000195269
0.000195258
0.000195249
0.000195242
0.000195238
0.000195236
0.000202415
0.000202426
0.00020245
0.000202485
0.000202533
0.000202592
0.000202664
0.000202748
0.000202845
0.000202954
0.000203077
0.000203212
0.000203361
0.000203524
0.000203701
0.000203892
0.000204099
0.00020432
0.000204557
0.00020481
0.00020508
0.000205366
0.00020567
0.000205992
0.000206332
0.000206691
0.000207069
0.000207466
0.000207884
0.000208322
0.00020878
0.000209259
0.00020976
0.000210281
0.000210823
0.000211387
0.000211971
0.000212576
0.0002132
0.000213842
0.000214502
0.000215177
0.000215864
0.000216559
0.000217255
0.000217942
0.000218602
0.000219212
0.000219735
0.000220115
0.000220278
0.000220128
0.000219546
0.000218372
0.000216437
0.000213569
0.000209614
0.000204465
0.000198093
0.000190704
0.000182332
0.000173318
0.000164073
0.00015506
0.000146692
0.000139023
0.000131845
0.00012442
0.000116644
0.00010902
0.000102161
9.64381e-05
9.18621e-05
8.8322e-05
8.60439e-05
8.55322e-05
8.65884e-05
8.97461e-05
9.52919e-05
0.000103329
0.000114059
0.000127622
0.000143635
0.000160814
0.000177141
0.000190575
0.000199757
0.000204185
0.000203906
0.000199764
0.000191766
0.000180665
0.000167494
0.000153465
0.000139721
0.000127092
0.000116015
0.000106615
9.88758e-05
9.28173e-05
8.85987e-05
8.65075e-05
8.67912e-05
8.9291e-05
9.40801e-05
0.000100914
0.000109642
0.000120213
0.000132496
0.000146079
0.00016011
0.000173382
0.000184612
0.000192769
0.000197238
0.00019776
0.00019436
0.000187219
0.000176849
0.000164148
0.000150309
0.000136563
0.00012387
0.000112788
0.000103551
9.62772e-05
9.11471e-05
8.84179e-05
8.82703e-05
9.0431e-05
9.46867e-05
0.000100671
0.000108181
0.000117121
0.000127403
0.000138814
0.000150917
0.000163025
0.000174321
0.000184068
0.000191818
0.000197493
0.00020132
0.000203689
0.000205017
0.00020566
0.000205884
0.000205882
0.000205741
0.000205539
0.000205315
0.000205088
0.000204866
0.000204652
0.000204449
0.000204255
0.000204071
0.000203895
0.000203728
0.000203568
0.000203415
0.00020327
0.00020313
0.000202997
0.00020287
0.000202748
0.000202631
0.000202519
0.000202413
0.000202311
0.000202213
0.000202121
0.000202032
0.000201947
0.000201867
0.00020179
0.000201717
0.000201648
0.000201582
0.00020152
0.000201462
0.000201406
0.000201354
0.000201305
0.00020126
0.000201217
0.000201178
0.000201141
0.000201108
0.000201077
0.00020105
0.000201025
0.000201003
0.000200984
0.000200967
0.000200954
0.000200943
0.000200935
0.000200929
0.000200927
0.000209551
0.000209565
0.000209593
0.000209635
0.000209692
0.000209763
0.000209848
0.000209948
0.000210062
0.000210192
0.000210337
0.000210498
0.000210674
0.000210867
0.000211076
0.000211302
0.000211545
0.000211806
0.000212085
0.000212382
0.000212699
0.000213035
0.000213391
0.000213767
0.000214163
0.000214581
0.000215021
0.000215482
0.000215965
0.000216471
0.000217
0.000217551
0.000218125
0.000218722
0.000219341
0.000219983
0.000220646
0.00022133
0.000222034
0.000222757
0.000223495
0.000224247
0.000225008
0.00022577
0.000226523
0.00022725
0.000227925
0.000228508
0.000228943
0.000229149
0.00022902
0.000228432
0.000227215
0.000225187
0.000222171
0.000218011
0.000212609
0.00020596
0.000198286
0.000189708
0.000180524
0.00017116
0.00016209
0.000153787
0.000146631
0.000140684
0.000135376
0.00012899
0.000121155
0.000112441
0.000104117
9.73171e-05
9.21446e-05
8.83254e-05
8.57651e-05
8.50019e-05
8.58744e-05
8.88073e-05
9.42119e-05
0.000102251
0.000113196
0.000127297
0.000144275
0.000162833
0.000180753
0.000195687
0.000206
0.000211039
0.0002108
0.000206262
0.000197444
0.000185252
0.000170906
0.000155792
0.000141171
0.000127914
0.000116426
0.00010677
9.88658e-05
9.26828e-05
8.83553e-05
8.61673e-05
8.63921e-05
8.88579e-05
9.36587e-05
0.000100557
0.000109432
0.000120296
0.000133105
0.0001475
0.000162618
0.000177137
0.000189587
0.000198739
0.000203832
0.000204534
0.000200859
0.000193039
0.000181689
0.000167864
0.000152938
0.00013828
0.000124913
0.000113374
0.000103835
9.63399e-05
9.10188e-05
8.81139e-05
8.78174e-05
8.98599e-05
9.40338e-05
9.99649e-05
0.000107459
0.000116457
0.000126934
0.000138758
0.00015155
0.00016463
0.000177102
0.000188087
0.000196983
0.000203601
0.000208125
0.000210962
0.000212573
0.00021337
0.000213662
0.000213681
0.000213531
0.000213305
0.000213049
0.000212787
0.00021253
0.000212283
0.000212046
0.00021182
0.000211604
0.000211398
0.000211202
0.000211014
0.000210835
0.000210663
0.000210498
0.000210341
0.00021019
0.000210046
0.000209908
0.000209775
0.000209649
0.000209528
0.000209412
0.000209301
0.000209196
0.000209095
0.000208999
0.000208907
0.00020882
0.000208738
0.00020866
0.000208585
0.000208515
0.000208449
0.000208387
0.000208329
0.000208274
0.000208223
0.000208176
0.000208132
0.000208092
0.000208056
0.000208023
0.000207993
0.000207967
0.000207944
0.000207924
0.000207908
0.000207895
0.000207885
0.000207878
0.000207875
0.000217846
0.000217862
0.000217894
0.000217942
0.000218006
0.000218087
0.000218185
0.000218298
0.000218429
0.000218577
0.000218742
0.000218925
0.000219126
0.000219345
0.000219582
0.000219838
0.000220114
0.000220409
0.000220725
0.000221061
0.000221418
0.000221796
0.000222195
0.000222617
0.000223062
0.000223529
0.000224019
0.000224533
0.00022507
0.00022563
0.000226215
0.000226823
0.000227455
0.00022811
0.000228788
0.000229488
0.000230209
0.000230951
0.000231711
0.000232488
0.000233279
0.000234079
0.000234881
0.000235674
0.000236442
0.000237158
0.000237782
0.000238255
0.000238493
0.000238385
0.000237799
0.000236553
0.000234459
0.000231322
0.00022698
0.000221325
0.000214363
0.000206338
0.000197407
0.000187852
0.000178136
0.000168749
0.000160182
0.000152912
0.000147342
0.000143575
0.000140838
0.000136177
0.000128896
0.000118728
0.000107791
9.9149e-05
9.29223e-05
8.85288e-05
8.56041e-05
8.45156e-05
8.51863e-05
8.78655e-05
9.31005e-05
0.000101116
0.000112245
0.00012685
0.000144772
0.000164724
0.000184297
0.000200817
0.000212352
0.000218077
0.000217913
0.000212993
0.000203338
0.000190019
0.000174452
0.000158209
0.000142675
0.000128762
0.000116846
0.000106925
9.88526e-05
9.25468e-05
8.81132e-05
8.58308e-05
8.59984e-05
8.84313e-05
9.32463e-05
0.000100215
0.000109248
0.000120426
0.000133792
0.000149046
0.000165317
0.000181167
0.000194928
0.000205158
0.000210938
0.000211849
0.000207898
0.000199362
0.000186966
0.000171933
0.000155828
0.000140174
0.000126063
0.000114021
0.000104152
9.64231e-05
9.0907e-05
8.78247e-05
8.73746e-05
8.92975e-05
9.3387e-05
9.9263e-05
0.000106741
0.000115797
0.000126473
0.000138722
0.000152236
0.000166349
0.000180097
0.000192456
0.000202651
0.000210361
0.000215712
0.000219116
0.000221085
0.000222086
0.000222482
0.000222543
0.000222403
0.000222166
0.000221889
0.000221602
0.000221318
0.000221042
0.000220778
0.000220525
0.000220283
0.000220052
0.000219831
0.000219619
0.000219416
0.000219222
0.000219035
0.000218857
0.000218685
0.000218521
0.000218364
0.000218213
0.000218069
0.000217931
0.000217799
0.000217673
0.000217552
0.000217437
0.000217327
0.000217222
0.000217123
0.000217028
0.000216938
0.000216853
0.000216773
0.000216697
0.000216626
0.000216559
0.000216496
0.000216437
0.000216383
0.000216333
0.000216287
0.000216245
0.000216207
0.000216172
0.000216142
0.000216116
0.000216093
0.000216074
0.000216059
0.000216048
0.000216041
0.000216037
0.000227109
0.000227126
0.000227162
0.000227214
0.000227285
0.000227374
0.00022748
0.000227605
0.000227748
0.000227909
0.00022809
0.000228289
0.000228508
0.000228746
0.000229005
0.000229284
0.000229583
0.000229903
0.000230245
0.000230608
0.000230994
0.000231401
0.000231832
0.000232285
0.000232761
0.000233261
0.000233785
0.000234332
0.000234903
0.000235498
0.000236116
0.000236758
0.000237422
0.000238109
0.000238818
0.000239548
0.000240298
0.000241065
0.000241849
0.000242646
0.000243452
0.000244261
0.000245062
0.000245838
0.000246564
0.000247201
0.000247688
0.000247942
0.000247846
0.000247265
0.000246008
0.000243875
0.00024066
0.000236185
0.000230337
0.0002231
0.000214771
0.000205444
0.00019543
0.000185217
0.000175323
0.000166259
0.000158497
0.000152504
0.000148691
0.000147407
0.000146721
0.000144591
0.000139819
0.000128975
0.00011406
0.000102858
9.476e-05
8.92309e-05
8.56983e-05
8.41195e-05
8.45512e-05
8.69386e-05
9.19736e-05
9.99369e-05
0.000111213
0.00012627
0.000145082
0.000166391
0.000187614
0.00020575
0.000218553
0.000225017
0.000224968
0.000219703
0.000209232
0.000194795
0.000178009
0.000160635
0.000144185
0.00012961
0.00011726
0.000107073
9.88327e-05
9.24075e-05
8.78717e-05
8.54978e-05
8.56097e-05
8.80104e-05
9.28407e-05
9.98814e-05
0.000109079
0.000120581
0.000134514
0.000150645
0.000168092
0.000185309
0.000200425
0.000211782
0.00021829
0.000219443
0.00021523
0.000205974
0.000192509
0.00017623
0.000158899
0.000142199
0.000127299
0.000114718
0.000104497
9.65238e-05
9.08099e-05
8.7549e-05
8.69421e-05
8.87437e-05
9.27456e-05
9.85635e-05
0.000106021
0.00011513
0.000125999
0.000138665
0.0001529
0.000168068
0.000183146
0.000196969
0.000208583
0.000217512
0.000223804
0.000227872
0.00023027
0.000231529
0.000232069
0.0002322
0.000232092
0.000231862
0.000231579
0.00023128
0.00023098
0.000230687
0.000230405
0.000230134
0.000229875
0.000229626
0.000229388
0.000229159
0.000228939
0.000228729
0.000228527
0.000228333
0.000228147
0.000227968
0.000227797
0.000227632
0.000227475
0.000227324
0.000227179
0.000227041
0.000226909
0.000226783
0.000226663
0.000226548
0.000226438
0.000226335
0.000226236
0.000226142
0.000226054
0.000225971
0.000225892
0.000225818
0.000225749
0.000225685
0.000225625
0.00022557
0.000225519
0.000225473
0.000225431
0.000225393
0.00022536
0.000225331
0.000225306
0.000225285
0.000225268
0.000225256
0.000225248
0.000225244
0.000237023
0.000237042
0.000237079
0.000237134
0.000237208
0.000237301
0.000237412
0.000237543
0.000237692
0.000237861
0.000238049
0.000238257
0.000238485
0.000238734
0.000239002
0.000239292
0.000239603
0.000239935
0.000240288
0.000240663
0.000241061
0.000241481
0.000241923
0.000242388
0.000242875
0.000243386
0.00024392
0.000244476
0.000245055
0.000245656
0.00024628
0.000246925
0.000247592
0.000248279
0.000248985
0.00024971
0.000250452
0.000251208
0.000251977
0.000252753
0.000253533
0.000254304
0.000255053
0.000255756
0.000256373
0.000256848
0.000257097
0.000257003
0.000256427
0.000255175
0.000253037
0.000249793
0.000245246
0.000239275
0.000231869
0.000223349
0.000213668
0.000203213
0.000192475
0.000181989
0.000172291
0.000163872
0.000157156
0.000152516
0.000150341
0.000150683
0.000150008
0.000147952
0.00014478
0.000139339
0.000129558
0.000113543
9.94164e-05
9.11065e-05
8.62029e-05
8.38409e-05
8.39945e-05
8.60475e-05
9.08541e-05
9.8738e-05
0.000110122
0.000125571
0.000145193
0.000167779
0.000190584
0.000210294
0.00022436
0.000231585
0.000231689
0.000226133
0.000214907
0.00019941
0.000181456
0.000162991
0.000145652
0.000130432
0.000117658
0.000107207
9.88042e-05
9.22634e-05
8.76297e-05
8.51675e-05
8.52253e-05
8.75938e-05
9.24393e-05
9.95522e-05
0.000108914
0.000120736
0.000135227
0.000152216
0.00017082
0.000189385
0.000205849
0.000218337
0.000225589
0.000227011
0.000222569
0.000212627
0.000198122
0.000180613
0.000162057
0.000144298
0.00012859
0.000115451
0.000104862
9.66384e-05
9.07253e-05
8.72858e-05
8.65197e-05
8.81985e-05
9.21093e-05
9.78648e-05
0.000105296
0.000114448
0.000125491
0.000138548
0.000153472
0.000169668
0.000186077
0.000201398
0.000214494
0.000224725
0.000232045
0.000236853
0.000239744
0.00024131
0.000242032
0.000242258
0.000242209
0.000242007
0.000241737
0.000241441
0.00024114
0.000240844
0.000240557
0.000240281
0.000240015
0.00023976
0.000239514
0.000239279
0.000239052
0.000238834
0.000238625
0.000238424
0.000238231
0.000238045
0.000237867
0.000237696
0.000237532
0.000237374
0.000237223
0.000237079
0.000236941
0.000236809
0.000236683
0.000236562
0.000236448
0.000236339
0.000236235
0.000236137
0.000236044
0.000235957
0.000235874
0.000235797
0.000235724
0.000235656
0.000235594
0.000235535
0.000235482
0.000235433
0.000235389
0.000235349
0.000235314
0.000235283
0.000235257
0.000235235
0.000235218
0.000235205
0.000235196
0.000235191
0.000247163
0.000247181
0.000247218
0.000247273
0.000247347
0.00024744
0.000247551
0.000247681
0.00024783
0.000247998
0.000248185
0.000248392
0.000248619
0.000248865
0.000249131
0.000249418
0.000249725
0.000250053
0.000250401
0.00025077
0.000251161
0.000251572
0.000252005
0.000252459
0.000252934
0.00025343
0.000253948
0.000254486
0.000255044
0.000255623
0.000256221
0.000256838
0.000257474
0.000258126
0.000258795
0.000259479
0.000260176
0.000260883
0.000261597
0.000262314
0.000263023
0.000263712
0.000264358
0.000264926
0.000265362
0.000265585
0.000265482
0.000264913
0.000263683
0.000261574
0.000258358
0.000253825
0.000247826
0.000240427
0.000231786
0.000221843
0.000211039
0.000199843
0.00018879
0.000178429
0.000169279
0.000161796
0.000156359
0.000153169
0.000152759
0.000153149
0.000151745
0.000148857
0.000145323
0.000140659
0.000132648
0.000119861
0.00010733
9.51488e-05
8.75437e-05
8.39362e-05
8.35581e-05
8.52365e-05
8.97731e-05
9.75526e-05
0.000109012
0.000124794
0.000145135
0.000168877
0.000193135
0.00021431
0.000229571
0.000237543
0.000237839
0.000232056
0.00022017
0.000203714
0.000184686
0.000165207
0.000147034
0.000131204
0.000118025
0.000107323
9.87633e-05
9.2113e-05
8.73865e-05
8.48396e-05
8.48448e-05
8.71804e-05
9.20394e-05
9.92218e-05
0.000108741
0.000120869
0.000135888
0.000153686
0.000173382
0.000193226
0.000210976
0.000224554
0.000232539
0.000234248
0.000229625
0.000219067
0.000203599
0.00018493
0.000165199
0.000146409
0.000129902
0.000116201
0.000105241
9.67627e-05
9.06506e-05
8.70334e-05
8.61072e-05
8.76616e-05
9.14778e-05
9.71663e-05
0.000104563
0.000113744
0.000124935
0.000138338
0.00015389
0.000171049
0.000188731
0.000205519
0.000220097
0.000231655
0.000240042
0.000245633
0.000249058
0.000250968
0.000251902
0.00025225
0.000252281
0.000252127
0.000251887
0.000251612
0.000251326
0.000251042
0.000250765
0.000250497
0.000250238
0.000249989
0.000249749
0.000249518
0.000249295
0.000249081
0.000248875
0.000248676
0.000248485
0.000248302
0.000248125
0.000247956
0.000247793
0.000247636
0.000247487
0.000247343
0.000247205
0.000247074
0.000246948
0.000246828
0.000246714
0.000246605
0.000246502
0.000246404
0.000246311
0.000246223
0.00024614
0.000246063
0.00024599
0.000245922
0.000245859
0.000245801
0.000245747
0.000245698
0.000245654
0.000245614
0.000245579
0.000245548
0.000245522
0.0002455
0.000245482
0.000245469
0.00024546
0.000245456
0.000257042
0.000257059
0.000257094
0.000257147
0.000257217
0.000257304
0.00025741
0.000257533
0.000257674
0.000257833
0.000258011
0.000258206
0.00025842
0.000258652
0.000258903
0.000259173
0.000259461
0.000259768
0.000260094
0.000260439
0.000260804
0.000261187
0.000261589
0.00026201
0.000262449
0.000262907
0.000263383
0.000263877
0.000264389
0.000264917
0.000265462
0.000266022
0.000266597
0.000267185
0.000267786
0.000268397
0.000269018
0.000269644
0.000270271
0.000270892
0.000271494
0.000272059
0.000272554
0.00027293
0.000273112
0.000272992
0.000272433
0.000271243
0.000269201
0.000266066
0.000261624
0.000255717
0.000248476
0.00023978
0.000229726
0.000218705
0.000207173
0.000195656
0.000184701
0.000174838
0.000166552
0.000160275
0.000156282
0.000154649
0.000155771
0.000155146
0.000152493
0.000148551
0.000143875
0.000138189
0.000129301
0.000118107
0.000108869
9.82185e-05
8.93677e-05
8.43454e-05
8.32286e-05
8.45499e-05
8.87736e-05
9.64221e-05
0.00010793
0.000123994
0.000144961
0.000169714
0.000195246
0.000217715
0.000234052
0.000242722
0.000243239
0.000237299
0.000224873
0.000207592
0.000187617
0.00016723
0.000148299
0.000131909
0.000118353
0.000107415
9.8708e-05
9.19551e-05
8.71414e-05
8.4514e-05
8.44663e-05
8.67693e-05
9.16386e-05
9.8885e-05
0.000108551
0.00012096
0.000136459
0.000154994
0.000175683
0.000196692
0.000215619
0.000230202
0.000238878
0.000240884
0.00023614
0.000225067
0.000208755
0.000189044
0.000168232
0.000148474
0.000131201
0.000116953
0.000105623
9.68921e-05
9.05832e-05
8.67903e-05
8.57039e-05
8.71334e-05
9.08508e-05
9.64674e-05
0.000103822
0.000113014
0.00012432
0.000138014
0.000154113
0.000172137
0.000190987
0.000209149
0.000225141
0.000237986
0.000247424
0.000253799
0.000257768
0.000260036
0.000261198
0.000261691
0.000261812
0.000261725
0.000261532
0.000261293
0.000261037
0.000260779
0.000260525
0.000260278
0.000260039
0.000259808
0.000259586
0.00025937
0.000259163
0.000258963
0.00025877
0.000258584
0.000258405
0.000258233
0.000258067
0.000257907
0.000257754
0.000257607
0.000257465
0.00025733
0.0002572
0.000257075
0.000256956
0.000256843
0.000256734
0.000256631
0.000256533
0.00025644
0.000256352
0.000256269
0.00025619
0.000256116
0.000256047
0.000255983
0.000255923
0.000255867
0.000255816
0.000255769
0.000255727
0.000255689
0.000255656
0.000255626
0.000255601
0.00025558
0.000255563
0.000255551
0.000255543
0.000255538
0.00026619
0.000266205
0.000266237
0.000266284
0.000266347
0.000266426
0.000266521
0.000266632
0.000266759
0.000266902
0.000267061
0.000267236
0.000267427
0.000267635
0.000267859
0.0002681
0.000268356
0.00026863
0.000268919
0.000269225
0.000269547
0.000269885
0.00027024
0.00027061
0.000270995
0.000271396
0.000271812
0.000272242
0.000272686
0.000273143
0.000273613
0.000274094
0.000274587
0.00027509
0.000275601
0.000276119
0.000276642
0.000277165
0.000277682
0.000278184
0.000278653
0.000279062
0.000279366
0.000279497
0.000279357
0.000278814
0.000277682
0.000275745
0.000272759
0.000268484
0.000262829
0.000255795
0.000247155
0.00023713
0.000226039
0.000214317
0.000202472
0.000191043
0.000180565
0.000171528
0.000164388
0.000159598
0.00015738
0.000157566
0.0001582
0.00015638
0.000152512
0.000147246
0.000141503
0.000135097
0.000127559
0.000119243
0.000110203
0.000100297
9.11423e-05
8.50284e-05
8.30254e-05
8.39952e-05
8.78866e-05
9.53877e-05
0.00010693
0.00012324
0.000144743
0.000170349
0.000196943
0.000220491
0.000237742
0.000247034
0.000247787
0.000241764
0.000228927
0.000210974
0.0001902
0.000169026
0.000149427
0.000132534
0.000118636
0.000107481
9.86374e-05
9.17892e-05
8.68939e-05
8.41905e-05
8.40887e-05
8.63595e-05
9.12349e-05
9.85377e-05
0.000108335
0.000120991
0.000136914
0.000156095
0.000177655
0.000199684
0.000219642
0.000235116
0.000244419
0.000246722
0.000241922
0.000230451
0.000213448
0.000192845
0.00017108
0.000150444
0.000132458
0.000117688
0.000106001
9.70218e-05
9.05201e-05
8.65549e-05
8.53091e-05
8.66137e-05
9.02285e-05
9.57688e-05
0.000103072
0.000112258
0.000123645
0.000137571
0.00015413
0.000172896
0.000192775
0.000212168
0.000229447
0.000243478
0.000253898
0.000261013
0.000265504
0.000268121
0.000269513
0.000270157
0.000270373
0.000270363
0.000270227
0.000270035
0.00026982
0.000269599
0.00026938
0.000269164
0.000268955
0.000268753
0.000268557
0.000268367
0.000268184
0.000268007
0.000267836
0.000267671
0.000267512
0.000267359
0.000267211
0.000267069
0.000266932
0.000266801
0.000266674
0.000266553
0.000266436
0.000266325
0.000266218
0.000266116
0.000266019
0.000265927
0.000265838
0.000265755
0.000265675
0.0002656
0.00026553
0.000265463
0.000265401
0.000265343
0.000265289
0.000265239
0.000265193
0.000265151
0.000265112
0.000265078
0.000265048
0.000265021
0.000264998
0.00026498
0.000264964
0.000264953
0.000264946
0.000264942
0.000274228
0.000274242
0.000274269
0.000274309
0.000274363
0.00027443
0.000274511
0.000274606
0.000274714
0.000274835
0.000274971
0.000275119
0.000275282
0.000275458
0.000275648
0.000275851
0.000276068
0.000276298
0.000276542
0.000276799
0.000277069
0.000277352
0.000277648
0.000277956
0.000278277
0.000278609
0.000278953
0.000279307
0.000279673
0.000280048
0.000280432
0.000280825
0.000281226
0.000281633
0.000282045
0.00028246
0.000282875
0.000283286
0.000283684
0.000284054
0.000284374
0.000284604
0.000284684
0.000284527
0.000284008
0.000282954
0.00028115
0.00027836
0.000274345
0.000269071
0.000262267
0.000253833
0.000243961
0.000232938
0.000221171
0.000209144
0.000197378
0.000186402
0.000176722
0.000168794
0.000163072
0.000159989
0.000160242
0.000160983
0.000160079
0.000156768
0.000151359
0.000145094
0.000138684
0.000131811
0.000124746
0.00011841
0.000110532
0.000101505
9.25667e-05
8.58181e-05
8.29696e-05
8.35697e-05
8.71265e-05
9.44819e-05
0.00010606
0.000122592
0.000144555
0.000170851
0.000198276
0.000222664
0.000240647
0.000250466
0.000251462
0.000245421
0.000232303
0.000213834
0.000192414
0.000170583
0.000150409
0.000133075
0.000118871
0.000107519
9.8551e-05
9.1615e-05
8.66436e-05
8.38683e-05
8.37117e-05
8.59497e-05
9.08264e-05
9.81766e-05
0.000108086
0.000120951
0.000137237
0.000156967
0.000179262
0.00020215
0.000222979
0.000239209
0.000249059
0.000251651
0.000246859
0.000235117
0.000217586
0.000196262
0.000173689
0.00015228
0.000133648
0.000118392
0.000106365
9.71475e-05
9.04587e-05
8.63253e-05
8.49221e-05
8.61022e-05
8.96117e-05
9.50715e-05
0.000102316
0.000111479
0.000122914
0.000137014
0.000153941
0.000173321
0.000194076
0.00021453
0.000232928
0.000248001
0.000259289
0.000267065
0.000272025
0.000274961
0.000276566
0.000277353
0.000277668
0.000277732
0.000277659
0.000277519
0.000277351
0.000277172
0.000276992
0.000276815
0.000276642
0.000276474
0.000276311
0.000276153
0.000276
0.000275851
0.000275708
0.00027557
0.000275436
0.000275307
0.000275182
0.000275062
0.000274947
0.000274836
0.000274729
0.000274626
0.000274527
0.000274433
0.000274342
0.000274256
0.000274173
0.000274094
0.000274019
0.000273948
0.000273881
0.000273817
0.000273757
0.0002737
0.000273647
0.000273597
0.000273551
0.000273508
0.000273469
0.000273433
0.0002734
0.000273371
0.000273345
0.000273323
0.000273303
0.000273287
0.000273274
0.000273264
0.000273258
0.000273255
0.000280929
0.00028094
0.000280962
0.000280995
0.000281038
0.000281093
0.000281158
0.000281234
0.000281322
0.00028142
0.000281529
0.000281649
0.000281779
0.000281921
0.000282073
0.000282236
0.000282409
0.000282594
0.000282788
0.000282993
0.000283207
0.000283432
0.000283666
0.00028391
0.000284163
0.000284424
0.000284694
0.000284972
0.000285257
0.000285549
0.000285847
0.000286151
0.00028646
0.000286772
0.000287087
0.000287402
0.000287712
0.000288012
0.000288291
0.000288527
0.000288689
0.000288726
0.000288559
0.000288075
0.000287116
0.000285479
0.000282925
0.000279277
0.000274386
0.000267897
0.000259806
0.000250213
0.000239381
0.000227695
0.00021562
0.000203655
0.000192309
0.000182088
0.000173469
0.000166901
0.000162779
0.000161639
0.000163994
0.000163572
0.000160855
0.00015574
0.000149148
0.000142377
0.000135964
0.000130076
0.000124148
0.000117753
0.000110404
0.000102094
9.35666e-05
8.65581e-05
8.29935e-05
8.32575e-05
8.64981e-05
9.37273e-05
0.000105357
0.000122108
0.000144461
0.000171288
0.000199308
0.000224293
0.000242822
0.000253071
0.000254307
0.000248305
0.000235023
0.000216185
0.000194266
0.000171901
0.000151247
0.000133532
0.000119059
0.000107531
9.84493e-05
9.14326e-05
8.63905e-05
8.35468e-05
8.33349e-05
8.55391e-05
9.04119e-05
9.78001e-05
0.000107803
0.000120847
0.000137427
0.000157606
0.000180501
0.000204089
0.000225624
0.000242473
0.000252787
0.000255652
0.000250925
0.000239033
0.000221134
0.00019926
0.000176031
0.000153962
0.000134756
0.000119057
0.000106711
9.72653e-05
9.03963e-05
8.60998e-05
8.45421e-05
8.55985e-05
8.90011e-05
9.43772e-05
0.000101556
0.000110682
0.000122137
0.000136359
0.000153571
0.000173447
0.000194918
0.000216253
0.000235588
0.000251536
0.000263554
0.000271887
0.000277245
0.000280454
0.000282242
0.000283156
0.000283563
0.000283693
0.00028368
0.000283592
0.00028347
0.000283335
0.000283196
0.000283058
0.000282922
0.00028279
0.000282661
0.000282536
0.000282415
0.000282298
0.000282184
0.000282074
0.000281968
0.000281865
0.000281765
0.00028167
0.000281577
0.000281488
0.000281403
0.00028132
0.000281241
0.000281165
0.000281093
0.000281023
0.000280957
0.000280893
0.000280833
0.000280776
0.000280721
0.00028067
0.000280621
0.000280575
0.000280533
0.000280493
0.000280455
0.000280421
0.000280389
0.00028036
0.000280334
0.00028031
0.000280289
0.000280271
0.000280255
0.000280242
0.000280231
0.000280224
0.000280218
0.000280216
0.000286231
0.000286239
0.000286256
0.000286281
0.000286314
0.000286356
0.000286406
0.000286465
0.000286532
0.000286607
0.00028669
0.000286782
0.000286882
0.000286989
0.000287105
0.000287229
0.000287361
0.000287501
0.000287648
0.000287803
0.000287965
0.000288134
0.000288311
0.000288493
0.000288683
0.000288878
0.000289079
0.000289286
0.000289497
0.000289713
0.000289933
0.000290156
0.000290382
0.00029061
0.000290837
0.000291062
0.000291278
0.000291476
0.000291642
0.000291749
0.000291751
0.000291584
0.000291146
0.000290293
0.000288841
0.000286565
0.000283336
0.000278826
0.000272777
0.00026513
0.000255937
0.000245412
0.000233915
0.000221899
0.000209855
0.00019827
0.000187625
0.0001784
0.000171073
0.000166088
0.000163748
0.000165186
0.000166879
0.000165056
0.000160526
0.000153722
0.000146284
0.000139389
0.000133133
0.000127374
0.000122517
0.000116793
0.000110028
0.000102288
9.41922e-05
8.71585e-05
8.30703e-05
8.30394e-05
8.59996e-05
9.31382e-05
0.00010485
0.000121827
0.000144509
0.000171708
0.000200097
0.000225448
0.000244353
0.000254942
0.000256413
0.000250496
0.00023715
0.000218071
0.000195784
0.000172999
0.000151947
0.00013391
0.000119203
0.000107516
9.83335e-05
9.12428e-05
8.61346e-05
8.32256e-05
8.2958e-05
8.51268e-05
8.99908e-05
9.74073e-05
0.000107486
0.000120671
0.000137486
0.000158022
0.000181392
0.000205531
0.000227623
0.000244964
0.000255662
0.000258782
0.000254166
0.000242229
0.00022411
0.000201844
0.000178101
0.000155481
0.000135775
0.000119675
0.000107034
9.73722e-05
9.03308e-05
8.58768e-05
8.4168e-05
8.51024e-05
8.83975e-05
9.36877e-05
0.000100796
0.000109874
0.000121326
0.000135629
0.000153055
0.000173323
0.000195358
0.000217407
0.000237499
0.000254153
0.000266758
0.000275539
0.000281216
0.000284644
0.000286581
0.0002876
0.000288084
0.000288273
0.00028831
0.000288268
0.000288188
0.000288093
0.000287992
0.00028789
0.000287789
0.000287691
0.000287594
0.000287501
0.00028741
0.000287322
0.000287236
0.000287153
0.000287073
0.000286995
0.00028692
0.000286847
0.000286777
0.00028671
0.000286645
0.000286582
0.000286522
0.000286465
0.000286409
0.000286356
0.000286306
0.000286257
0.000286211
0.000286168
0.000286126
0.000286087
0.00028605
0.000286015
0.000285982
0.000285952
0.000285923
0.000285897
0.000285872
0.00028585
0.00028583
0.000285812
0.000285796
0.000285782
0.00028577
0.00028576
0.000285752
0.000285746
0.000285742
0.00028574
0.000290217
0.000290223
0.000290235
0.000290254
0.000290278
0.000290309
0.000290345
0.000290388
0.000290436
0.000290491
0.000290552
0.000290618
0.000290691
0.000290769
0.000290853
0.000290943
0.000291038
0.000291139
0.000291245
0.000291356
0.000291472
0.000291594
0.00029172
0.00029185
0.000291985
0.000292124
0.000292267
0.000292413
0.000292562
0.000292714
0.000292868
0.000293025
0.000293182
0.000293339
0.000293493
0.000293642
0.000293777
0.000293887
0.00029395
0.000293931
0.000293774
0.000293391
0.000292655
0.000291397
0.000289438
0.000286603
0.000282521
0.000276997
0.000269893
0.00026121
0.000251109
0.000239906
0.000228039
0.000216001
0.000204278
0.000193332
0.00018361
0.000175593
0.000169821
0.000166548
0.00016626
0.00016973
0.000169111
0.000165525
0.000158892
0.000150784
0.000142947
0.000136481
0.000131472
0.000126445
0.000121343
0.000115839
0.000109498
0.00010221
9.45264e-05
8.75927e-05
8.31813e-05
8.28597e-05
8.56377e-05
9.27228e-05
0.000104559
0.000121785
0.000144723
0.000172136
0.000200681
0.000226199
0.000245336
0.000256193
0.000257894
0.000252099
0.000238767
0.000219552
0.000197005
0.000173897
0.000152525
0.000134216
0.000119307
0.000107483
9.82056e-05
9.10461e-05
8.58759e-05
8.29044e-05
8.25806e-05
8.47124e-05
8.95627e-05
9.69985e-05
0.000107135
0.000120428
0.000137423
0.000158234
0.000181972
0.000206535
0.000229055
0.000246781
0.000257793
0.000261148
0.000256679
0.000244782
0.000226562
0.00020404
0.000179911
0.000156842
0.000136703
0.000120243
0.00010733
9.74659e-05
9.02602e-05
8.56547e-05
8.3799e-05
8.46136e-05
8.78018e-05
9.30053e-05
0.000100041
0.000109064
0.000120496
0.000134846
0.000152427
0.000172994
0.000195478
0.000218088
0.000238778
0.000255984
0.000269046
0.000278171
0.00028409
0.000287685
0.000289737
0.000290836
0.00029138
0.000291617
0.000291694
0.00029169
0.000291646
0.000291583
0.000291514
0.000291443
0.000291372
0.000291302
0.000291234
0.000291168
0.000291103
0.00029104
0.000290979
0.000290919
0.000290862
0.000290806
0.000290752
0.0002907
0.00029065
0.000290601
0.000290554
0.000290509
0.000290466
0.000290424
0.000290384
0.000290346
0.00029031
0.000290275
0.000290242
0.00029021
0.00029018
0.000290151
0.000290125
0.000290099
0.000290075
0.000290053
0.000290033
0.000290013
0.000289996
0.00028998
0.000289965
0.000289952
0.00028994
0.00028993
0.000289921
0.000289914
0.000289908
0.000289904
0.000289901
0.0002899
0.000293071
0.000293075
0.000293084
0.000293097
0.000293114
0.000293135
0.00029316
0.00029319
0.000293223
0.000293261
0.000293303
0.000293349
0.000293399
0.000293453
0.000293511
0.000293573
0.000293639
0.000293708
0.000293781
0.000293857
0.000293937
0.000294019
0.000294105
0.000294194
0.000294286
0.00029438
0.000294476
0.000294575
0.000294675
0.000294777
0.00029488
0.000294984
0.000295087
0.000295189
0.000295286
0.000295374
0.000295443
0.000295476
0.000295445
0.000295305
0.000294981
0.000294367
0.00029331
0.000291674
0.000289209
0.000285609
0.000280658
0.000274178
0.000266109
0.000256547
0.000245754
0.000234132
0.000222169
0.00021037
0.000199203
0.000189098
0.000180483
0.000173882
0.00016981
0.00016897
0.00017103
0.000172808
0.000170207
0.000164369
0.000156077
0.00014723
0.000139177
0.000133144
0.00012886
0.000124645
0.000120017
0.000114862
0.000108896
0.000102016
9.46725e-05
8.78725e-05
8.32878e-05
8.27156e-05
8.53862e-05
9.24881e-05
0.000104531
0.000121955
0.000145089
0.000172568
0.000201081
0.0002266
0.000245863
0.000256939
0.000258871
0.000253223
0.000239966
0.000220695
0.000197977
0.000174626
0.000152995
0.00013446
0.000119376
0.000107429
9.80668e-05
9.08435e-05
8.56148e-05
8.25828e-05
8.22024e-05
8.42957e-05
8.91277e-05
9.65744e-05
0.000106752
0.000120125
0.000137258
0.000158274
0.000182285
0.000207171
0.000230017
0.000248042
0.000259313
0.000262885
0.000258584
0.000246789
0.000228563
0.000205895
0.000181485
0.000158054
0.000137544
0.000120764
0.0001076
9.75452e-05
9.01831e-05
8.54322e-05
8.34342e-05
8.41317e-05
8.72149e-05
9.23322e-05
9.92944e-05
0.000108259
0.00011966
0.000134032
0.000151724
0.000172521
0.000195362
0.000218399
0.000239556
0.000257188
0.000270595
0.000279975
0.000286074
0.00028979
0.000291924
0.000293081
0.000293669
0.000293943
0.00029405
0.000294074
0.000294058
0.000294022
0.000293977
0.000293931
0.000293883
0.000293836
0.00029379
0.000293745
0.000293701
0.000293658
0.000293617
0.000293577
0.000293537
0.000293499
0.000293463
0.000293427
0.000293393
0.000293359
0.000293327
0.000293297
0.000293267
0.000293238
0.000293211
0.000293185
0.00029316
0.000293136
0.000293113
0.000293091
0.00029307
0.000293051
0.000293032
0.000293015
0.000292999
0.000292983
0.000292969
0.000292956
0.000292944
0.000292933
0.000292923
0.000292914
0.000292906
0.000292898
0.000292892
0.000292887
0.000292883
0.00029288
0.000292878
0.000292877
0.00029502
0.000295023
0.000295029
0.000295037
0.000295048
0.000295062
0.000295079
0.000295099
0.000295121
0.000295146
0.000295174
0.000295204
0.000295237
0.000295273
0.000295311
0.000295351
0.000295394
0.00029544
0.000295488
0.000295537
0.000295589
0.000295643
0.000295699
0.000295757
0.000295816
0.000295877
0.000295939
0.000296002
0.000296066
0.000296131
0.000296197
0.000296262
0.000296326
0.000296387
0.000296441
0.000296481
0.000296495
0.00029646
0.00029634
0.000296076
0.000295576
0.000294716
0.000293376
0.000291282
0.000288188
0.000283847
0.000278051
0.000270686
0.000261778
0.000251519
0.000240259
0.000228461
0.000216639
0.000205291
0.000194861
0.000185756
0.000178419
0.000173398
0.000171482
0.000173976
0.000176182
0.000174891
0.00017027
0.000161983
0.000152573
0.000143676
0.000135917
0.000130049
0.000126281
0.000122607
0.000118528
0.000113809
0.00010822
0.000101699
9.46204e-05
8.80149e-05
8.33645e-05
8.26021e-05
8.52538e-05
9.24795e-05
0.000104675
0.000122333
0.000145579
0.000172975
0.000201297
0.000226716
0.00024603
0.000257285
0.000259456
0.000253974
0.000240834
0.000221568
0.000198744
0.000175211
0.000153375
0.000134649
0.000119415
0.000107359
9.7919e-05
9.06361e-05
8.53515e-05
8.22608e-05
8.18234e-05
8.38764e-05
8.86861e-05
9.61365e-05
0.000106341
0.00011977
0.000137001
0.000158169
0.00018238
0.000207507
0.000230604
0.000248864
0.000260352
0.000264125
0.000260006
0.000248354
0.000230189
0.000207458
0.000182853
0.000159132
0.000138305
0.000121237
0.000107843
9.76094e-05
9.00984e-05
8.52081e-05
8.3073e-05
8.36563e-05
8.66373e-05
9.16702e-05
9.85606e-05
0.000107466
0.00011883
0.000133208
0.000150977
0.000171948
0.000195063
0.000218448
0.000239962
0.000257919
0.000271584
0.000281152
0.000287378
0.000291179
0.00029337
0.000294568
0.000295187
0.000295486
0.000295616
0.000295659
0.000295663
0.000295646
0.00029562
0.000295591
0.000295561
0.000295531
0.000295501
0.000295472
0.000295444
0.000295417
0.00029539
0.000295364
0.000295338
0.000295314
0.00029529
0.000295267
0.000295244
0.000295223
0.000295202
0.000295182
0.000295162
0.000295144
0.000295126
0.000295109
0.000295092
0.000295077
0.000295062
0.000295048
0.000295034
0.000295021
0.000295009
0.000294998
0.000294987
0.000294977
0.000294968
0.000294959
0.000294951
0.000294944
0.000294937
0.000294931
0.000294926
0.000294922
0.000294918
0.000294914
0.000294912
0.00029491
0.000294908
0.000294908
0.000296292
0.000296294
0.000296297
0.000296303
0.00029631
0.000296319
0.000296329
0.000296342
0.000296356
0.000296371
0.000296389
0.000296408
0.000296429
0.000296451
0.000296475
0.0002965
0.000296527
0.000296556
0.000296585
0.000296616
0.000296649
0.000296682
0.000296717
0.000296752
0.000296789
0.000296826
0.000296864
0.000296903
0.000296942
0.000296981
0.000297021
0.000297059
0.000297095
0.000297126
0.000297148
0.00029715
0.000297117
0.000297019
0.00029681
0.000296417
0.000295745
0.000294662
0.000292932
0.000290337
0.00028662
0.00028155
0.000274961
0.000266811
0.000257217
0.000246458
0.00023495
0.000223193
0.000211705
0.000200973
0.000191421
0.000183452
0.000177547
0.000174252
0.000174792
0.00017983
0.000179257
0.000175473
0.00016765
0.000157954
0.000148592
0.000140434
0.00013408
0.000128805
0.000124522
0.0001208
0.000117
0.000112653
0.000107435
0.000101257
9.44712e-05
8.80231e-05
8.34006e-05
8.25344e-05
8.52461e-05
9.25948e-05
0.000105024
0.00012288
0.000146134
0.000173306
0.000201337
0.000226581
0.000245926
0.000257346
0.000259746
0.000254445
0.000241452
0.000222231
0.000199349
0.000175683
0.00015368
0.000134795
0.00011943
0.000107275
9.77643e-05
9.04249e-05
8.50866e-05
8.19383e-05
8.14433e-05
8.34547e-05
8.82384e-05
9.56863e-05
0.000105906
0.000119372
0.000136668
0.000157945
0.000182314
0.000207612
0.000230902
0.000249356
0.000261031
0.000264992
0.000261058
0.000249575
0.000231514
0.000208779
0.000184043
0.000160092
0.000138993
0.000121668
0.000108061
9.76585e-05
9.00055e-05
8.49816e-05
8.27146e-05
8.31871e-05
8.60697e-05
9.10211e-05
9.78427e-05
0.000106691
0.000118015
0.000132389
0.000150211
0.000171316
0.000194649
0.00021831
0.000240099
0.000258312
0.000272173
0.000281878
0.000288195
0.000292054
0.000294284
0.000295508
0.000296147
0.000296463
0.000296608
0.000296666
0.000296682
0.000296678
0.000296665
0.000296649
0.000296631
0.000296613
0.000296595
0.000296577
0.00029656
0.000296543
0.000296526
0.00029651
0.000296495
0.00029648
0.000296465
0.000296451
0.000296437
0.000296423
0.000296411
0.000296398
0.000296386
0.000296375
0.000296364
0.000296353
0.000296343
0.000296333
0.000296324
0.000296315
0.000296307
0.000296299
0.000296291
0.000296284
0.000296278
0.000296271
0.000296266
0.00029626
0.000296255
0.000296251
0.000296247
0.000296243
0.00029624
0.000296237
0.000296234
0.000296232
0.000296231
0.000296229
0.000296229
0.000296228
0.000297085
0.000297086
0.000297088
0.000297091
0.000297096
0.000297101
0.000297107
0.000297115
0.000297123
0.000297133
0.000297143
0.000297155
0.000297167
0.00029718
0.000297195
0.00029721
0.000297226
0.000297243
0.00029726
0.000297279
0.000297298
0.000297317
0.000297338
0.000297359
0.00029738
0.000297402
0.000297424
0.000297446
0.000297469
0.000297491
0.000297513
0.000297533
0.00029755
0.00029756
0.000297556
0.000297527
0.00029745
0.000297291
0.000296989
0.000296476
0.000295618
0.000294234
0.000292113
0.000289012
0.000284682
0.000278921
0.00027162
0.000262814
0.000252704
0.00024164
0.000230084
0.00021855
0.000207552
0.000197568
0.000189023
0.000182342
0.00017787
0.000176798
0.000180725
0.000183505
0.000180519
0.000173426
0.000163432
0.000153355
0.000144611
0.000137215
0.000131165
0.000126748
0.000122734
0.000119061
0.000115413
0.000111352
0.000106489
0.000100667
9.41882e-05
8.79345e-05
8.33901e-05
8.25095e-05
8.53107e-05
9.28642e-05
0.000105544
0.000123536
0.000146675
0.000173489
0.000201136
0.000226167
0.000245541
0.000257158
0.000259816
0.000254711
0.000241884
0.000222737
0.00019983
0.000176064
0.000153925
0.000134905
0.000119425
0.000107183
9.76049e-05
9.02112e-05
8.48205e-05
8.16154e-05
8.10622e-05
8.30305e-05
8.77853e-05
9.52254e-05
0.000105452
0.000118936
0.000136273
0.000157624
0.000182106
0.000207554
0.000230989
0.000249605
0.000261447
0.000265585
0.000261836
0.000250531
0.000232599
0.0002099
0.000185081
0.000160946
0.000139614
0.000122058
0.000108254
9.76926e-05
8.99039e-05
8.47518e-05
8.23583e-05
8.27238e-05
8.55127e-05
9.03864e-05
9.71437e-05
0.000105938
0.000117224
0.000131586
0.000149446
0.000170656
0.000194164
0.000218049
0.000240076
0.000258477
0.000272489
0.000282297
0.000288679
0.000292578
0.000294833
0.000296075
0.000296727
0.000297054
0.000297208
0.000297275
0.0002973
0.000297305
0.0002973
0.000297292
0.000297282
0.000297272
0.000297262
0.000297252
0.000297241
0.000297232
0.000297222
0.000297213
0.000297204
0.000297195
0.000297186
0.000297178
0.00029717
0.000297162
0.000297154
0.000297147
0.00029714
0.000297133
0.000297127
0.000297121
0.000297115
0.000297109
0.000297104
0.000297098
0.000297094
0.000297089
0.000297085
0.00029708
0.000297076
0.000297073
0.000297069
0.000297066
0.000297063
0.000297061
0.000297058
0.000297056
0.000297054
0.000297052
0.000297051
0.00029705
0.000297049
0.000297048
0.000297048
0.000297047
0.000297557
0.000297557
0.000297558
0.00029756
0.000297563
0.000297566
0.000297569
0.000297574
0.000297578
0.000297584
0.00029759
0.000297596
0.000297603
0.000297611
0.000297619
0.000297627
0.000297636
0.000297646
0.000297656
0.000297666
0.000297676
0.000297687
0.000297699
0.00029771
0.000297722
0.000297734
0.000297746
0.000297758
0.000297769
0.000297781
0.000297791
0.000297799
0.000297803
0.000297797
0.000297773
0.000297715
0.000297596
0.000297372
0.000296988
0.000296328
0.000295249
0.000293562
0.000291043
0.000287443
0.000282532
0.000276146
0.000268241
0.000258926
0.000248473
0.000237287
0.000225853
0.00021469
0.000204309
0.000195197
0.000187815
0.00018241
0.000179818
0.000181244
0.000187323
0.0001859
0.000180007
0.000169521
0.000158223
0.000148626
0.000141066
0.000135139
0.000129663
0.000124935
0.000120877
0.000117226
0.000113684
0.000109859
0.000105338
9.98975e-05
9.37582e-05
8.77507e-05
8.33376e-05
8.25081e-05
8.54636e-05
9.32721e-05
0.000106181
0.000124217
0.000147111
0.000173475
0.000200684
0.00022551
0.000244939
0.000256779
0.000259736
0.000254832
0.000242186
0.000223131
0.000200221
0.000176379
0.000154126
0.000134987
0.000119405
0.000107083
9.74423e-05
8.9996e-05
8.45537e-05
8.12922e-05
8.068e-05
8.26042e-05
8.73275e-05
9.47554e-05
0.00010498
0.000118471
0.000135827
0.000157225
0.000181789
0.000207353
0.000230932
0.00024968
0.000261677
0.000265983
0.000262413
0.000251287
0.000233496
0.000210855
0.000185988
0.000161706
0.000140173
0.00012241
0.000108425
9.77121e-05
8.97933e-05
8.45182e-05
8.20036e-05
8.22659e-05
8.49665e-05
8.97673e-05
9.64655e-05
0.000105212
0.000116462
0.00013081
0.000148697
0.000169991
0.000193643
0.000217713
0.00023993
0.000258497
0.000272629
0.000282516
0.000288947
0.000292874
0.000295147
0.0002964
0.00029706
0.000297393
0.000297554
0.000297626
0.000297656
0.000297666
0.000297667
0.000297664
0.000297659
0.000297654
0.000297649
0.000297643
0.000297638
0.000297632
0.000297627
0.000297622
0.000297617
0.000297612
0.000297608
0.000297603
0.000297599
0.000297594
0.00029759
0.000297586
0.000297582
0.000297579
0.000297575
0.000297572
0.000297569
0.000297565
0.000297562
0.00029756
0.000297557
0.000297554
0.000297552
0.00029755
0.000297548
0.000297546
0.000297544
0.000297542
0.00029754
0.000297539
0.000297538
0.000297536
0.000297535
0.000297534
0.000297534
0.000297533
0.000297532
0.000297532
0.000297532
0.000297532
0.000297823
0.000297823
0.000297824
0.000297825
0.000297826
0.000297828
0.00029783
0.000297832
0.000297834
0.000297837
0.00029784
0.000297844
0.000297847
0.000297851
0.000297856
0.00029786
0.000297865
0.00029787
0.000297875
0.00029788
0.000297886
0.000297891
0.000297897
0.000297903
0.000297908
0.000297914
0.00029792
0.000297926
0.000297931
0.000297936
0.000297939
0.000297939
0.000297933
0.000297914
0.000297872
0.000297786
0.000297625
0.000297343
0.000296849
0.000296029
0.000294725
0.000292734
0.000289823
0.000285753
0.000280319
0.000273402
0.000265019
0.000255347
0.000244714
0.000233561
0.000222392
0.000211722
0.000202073
0.000193972
0.000187763
0.000184092
0.000183676
0.000188675
0.000190934
0.000186584
0.000176153
0.000163435
0.000152328
0.000143954
0.000137504
0.000131594
0.000126956
0.00012265
0.000118742
0.000115173
0.00011175
0.000108146
0.000103966
9.89332e-05
9.31795e-05
8.74699e-05
8.32511e-05
8.254e-05
8.57014e-05
9.37843e-05
0.000106866
0.00012483
0.000147355
0.000173189
0.000199965
0.000224627
0.000244156
0.000256254
0.000259532
0.00025485
0.0002424
0.000223449
0.000200551
0.000176648
0.000154295
0.000135051
0.000119377
0.000106979
9.72783e-05
8.97804e-05
8.42868e-05
8.09689e-05
8.02969e-05
8.21759e-05
8.68655e-05
9.42777e-05
0.000104494
0.00011798
0.00013534
0.000156765
0.00018139
0.000207049
0.00023075
0.000249642
0.000261777
0.000266242
0.000262843
0.00025189
0.000234242
0.000211672
0.000186778
0.000162379
0.000140673
0.000122726
0.000108572
9.77173e-05
8.96736e-05
8.42803e-05
8.165e-05
8.18132e-05
8.44314e-05
8.91646e-05
9.58098e-05
0.000104514
0.000115731
0.000130066
0.000147972
0.000169336
0.000193111
0.00021734
0.00023972
0.000258428
0.000272657
0.000282611
0.00028908
0.00029303
0.000295314
0.000296574
0.000297239
0.000297576
0.00029774
0.000297816
0.00029785
0.000297863
0.000297867
0.000297867
0.000297865
0.000297863
0.00029786
0.000297858
0.000297855
0.000297852
0.00029785
0.000297847
0.000297845
0.000297843
0.00029784
0.000297838
0.000297836
0.000297834
0.000297832
0.00029783
0.000297828
0.000297826
0.000297824
0.000297823
0.000297821
0.000297819
0.000297818
0.000297816
0.000297815
0.000297814
0.000297813
0.000297812
0.00029781
0.000297809
0.000297809
0.000297808
0.000297807
0.000297806
0.000297805
0.000297805
0.000297804
0.000297804
0.000297803
0.000297803
0.000297803
0.000297803
0.000297803
0.000297803
0.000297963
0.000297963
0.000297964
0.000297964
0.000297965
0.000297966
0.000297967
0.000297968
0.000297969
0.00029797
0.000297972
0.000297973
0.000297975
0.000297977
0.000297979
0.000297981
0.000297983
0.000297985
0.000297988
0.00029799
0.000297992
0.000297995
0.000297997
0.000298
0.000298002
0.000298004
0.000298007
0.000298009
0.00029801
0.000298011
0.000298009
0.000298003
0.00029799
0.00029796
0.0002979
0.000297787
0.000297585
0.000297227
0.000296622
0.000295642
0.000294114
0.00029183
0.000288557
0.00028407
0.000278195
0.000270859
0.000262132
0.000252245
0.000241571
0.000230581
0.000219789
0.000209721
0.000200924
0.000193844
0.000189279
0.000187876
0.000189709
0.00019561
0.000192784
0.000183529
0.000169567
0.000156314
0.000146365
0.000139593
0.000134741
0.000129165
0.000124214
0.000119997
0.000116266
0.000112856
0.000109598
0.000106229
0.000102392
9.77873e-05
9.24617e-05
8.7102e-05
8.31341e-05
8.26087e-05
8.601e-05
9.43522e-05
0.000107519
0.000125281
0.000147328
0.0001726
0.000198976
0.000223531
0.00024322
0.000255621
0.000259249
0.000254807
0.000242559
0.000223721
0.000200842
0.000176887
0.000154444
0.000135102
0.000119341
0.000106872
9.7114e-05
8.95651e-05
8.40202e-05
8.06458e-05
7.99129e-05
8.17459e-05
8.64001e-05
9.37936e-05
0.000103997
0.000117469
0.000134821
0.000156257
0.000180927
0.000206669
0.000230482
0.000249505
0.000261785
0.000266402
0.000263165
0.000252376
0.000234864
0.000212368
0.000187463
0.00016297
0.000141117
0.000123005
0.000108698
9.7709e-05
8.95449e-05
8.40379e-05
8.12972e-05
8.13655e-05
8.39075e-05
8.85788e-05
9.51776e-05
0.000103846
0.000115036
0.000129357
0.00014728
0.000168703
0.000192584
0.000216952
0.000239476
0.000258306
0.000272626
0.000282632
0.000289134
0.0002931
0.000295394
0.000296659
0.000297328
0.000297667
0.000297833
0.000297911
0.000297946
0.000297961
0.000297967
0.000297969
0.000297969
0.000297968
0.000297967
0.000297966
0.000297965
0.000297964
0.000297963
0.000297962
0.000297961
0.00029796
0.000297959
0.000297958
0.000297957
0.000297957
0.000297956
0.000297955
0.000297954
0.000297953
0.000297953
0.000297952
0.000297951
0.000297951
0.00029795
0.000297949
0.000297949
0.000297948
0.000297948
0.000297947
0.000297947
0.000297947
0.000297946
0.000297946
0.000297946
0.000297945
0.000297945
0.000297945
0.000297944
0.000297944
0.000297944
0.000297944
0.000297944
0.000297944
0.000297944
0.000297944
0.00029803
0.00029803
0.00029803
0.00029803
0.000298031
0.000298031
0.000298031
0.000298032
0.000298032
0.000298033
0.000298033
0.000298034
0.000298035
0.000298035
0.000298036
0.000298037
0.000298037
0.000298038
0.000298039
0.00029804
0.00029804
0.000298041
0.000298042
0.000298042
0.000298043
0.000298043
0.000298043
0.000298043
0.000298042
0.00029804
0.000298036
0.000298026
0.000298005
0.000297965
0.000297888
0.000297748
0.000297498
0.000297067
0.000296354
0.00029522
0.000293485
0.00029094
0.000287358
0.000282533
0.000276321
0.000268687
0.000259743
0.000249763
0.000239158
0.000228429
0.00021811
0.000208749
0.000200783
0.00019506
0.000192608
0.000194579
0.000199384
0.000199028
0.000191979
0.000176973
0.000161121
0.000148892
0.000140451
0.000134455
0.000129837
0.000125077
0.000120698
0.000116859
0.00011344
0.000110291
0.000107267
0.000104161
0.00010067
9.64983e-05
9.16285e-05
8.6663e-05
8.29948e-05
8.27116e-05
8.63642e-05
9.49151e-05
0.000108053
0.000125475
0.000146978
0.000171691
0.000197721
0.00022224
0.000242151
0.000254903
0.000258914
0.000254724
0.00024269
0.000223971
0.000201117
0.000177114
0.000154585
0.000135148
0.000119303
0.000106766
9.6951e-05
8.93511e-05
8.37545e-05
8.03229e-05
7.95284e-05
8.13145e-05
8.59317e-05
9.33045e-05
0.00010349
0.000116942
0.000134275
0.000155711
0.000180415
0.000206232
0.000230154
0.000249307
0.000261729
0.000266492
0.000263405
0.000252767
0.000235381
0.000212959
0.00018805
0.000163482
0.000141503
0.000123247
0.000108799
9.76824e-05
8.94063e-05
8.37905e-05
8.0945e-05
8.09229e-05
8.33939e-05
8.80102e-05
9.45695e-05
0.000103208
0.000114375
0.000128686
0.000146623
0.000168099
0.000192076
0.000216567
0.000239218
0.000258156
0.000272556
0.000282613
0.000289141
0.000293123
0.000295424
0.000296693
0.000297364
0.000297705
0.000297872
0.000297951
0.000297987
0.000298003
0.00029801
0.000298012
0.000298014
0.000298014
0.000298014
0.000298014
0.000298014
0.000298013
0.000298013
0.000298013
0.000298013
0.000298013
0.000298013
0.000298012
0.000298012
0.000298012
0.000298012
0.000298012
0.000298012
0.000298011
0.000298011
0.000298011
0.000298011
0.000298011
0.000298011
0.000298011
0.00029801
0.00029801
0.00029801
0.00029801
0.00029801
0.00029801
0.00029801
0.00029801
0.00029801
0.00029801
0.00029801
0.00029801
0.00029801
0.00029801
0.00029801
0.000298009
0.000298009
0.000298009
0.000298009
0.000298009
0.000298055
0.000298055
0.000298055
0.000298055
0.000298055
0.000298055
0.000298055
0.000298056
0.000298056
0.000298056
0.000298056
0.000298056
0.000298056
0.000298056
0.000298056
0.000298056
0.000298056
0.000298056
0.000298056
0.000298056
0.000298056
0.000298055
0.000298055
0.000298055
0.000298054
0.000298053
0.000298052
0.000298051
0.000298049
0.000298045
0.000298038
0.000298025
0.000297998
0.000297949
0.000297856
0.000297688
0.000297394
0.000296897
0.000296088
0.000294824
0.000292921
0.000290172
0.000286362
0.0002813
0.000274866
0.000267052
0.000258
0.000248018
0.000237557
0.000227164
0.000217388
0.000208693
0.000201865
0.00019779
0.000197916
0.000204527
0.000205568
0.000200421
0.000185171
0.000166669
0.000151815
0.000141878
0.000135002
0.000128274
0.000123715
0.000119874
0.000116393
0.000113225
0.000110305
0.000107537
0.000104822
0.000102011
9.88668e-05
9.51195e-05
9.07139e-05
8.61726e-05
8.28426e-05
8.2833e-05
8.67288e-05
9.54055e-05
0.000108387
0.000125369
0.000146285
0.000170467
0.000196216
0.000220774
0.000240971
0.000254121
0.000258547
0.000254625
0.000242815
0.000224219
0.000201391
0.000177342
0.000154727
0.000135196
0.000119267
0.000106662
9.67905e-05
8.91391e-05
8.34902e-05
8.00007e-05
7.91435e-05
8.0882e-05
8.5461e-05
9.28112e-05
0.000102977
0.000116403
0.00013371
0.000155136
0.000179867
0.000205753
0.000229783
0.000249064
0.000261623
0.000266526
0.00026358
0.00025308
0.000235809
0.000213453
0.000188546
0.000163915
0.00014183
0.000123449
0.000108877
9.7644e-05
8.92583e-05
8.35381e-05
8.05937e-05
8.0485e-05
8.28906e-05
8.74588e-05
9.39855e-05
0.000102601
0.000113751
0.000128055
0.000146005
0.000167529
0.000191591
0.000216194
0.00023896
0.000257997
0.000272467
0.000282569
0.000289124
0.000293119
0.000295427
0.0002967
0.000297372
0.000297714
0.000297882
0.000297961
0.000297998
0.000298014
0.000298021
0.000298025
0.000298026
0.000298027
0.000298027
0.000298028
0.000298028
0.000298028
0.000298029
0.000298029
0.000298029
0.000298029
0.000298029
0.00029803
0.00029803
0.00029803
0.00029803
0.00029803
0.000298031
0.000298031
0.000298031
0.000298031
0.000298031
0.000298031
0.000298032
0.000298032
0.000298032
0.000298032
0.000298032
0.000298032
0.000298032
0.000298032
0.000298032
0.000298032
0.000298033
0.000298033
0.000298033
0.000298033
0.000298033
0.000298033
0.000298033
0.000298033
0.000298033
0.000298033
0.000298033
0.000298033
0.000298058
0.000298058
0.000298058
0.000298058
0.000298058
0.000298058
0.000298058
0.000298057
0.000298057
0.000298057
0.000298057
0.000298057
0.000298057
0.000298056
0.000298056
0.000298056
0.000298055
0.000298055
0.000298054
0.000298054
0.000298053
0.000298052
0.000298052
0.000298051
0.00029805
0.000298048
0.000298047
0.000298045
0.000298042
0.000298037
0.000298028
0.000298012
0.000297982
0.000297924
0.000297818
0.000297628
0.000297301
0.000296756
0.000295882
0.000294532
0.000292524
0.000289656
0.000285719
0.000280535
0.000273992
0.000266098
0.000257015
0.000247088
0.000236815
0.000226746
0.000217499
0.000209783
0.000204328
0.000202309
0.000205314
0.000212343
0.00020792
0.000193389
0.000172917
0.000155016
0.000142908
0.000135596
0.000130054
0.000122861
0.000118011
0.000114603
0.000111825
0.000109342
0.000106996
0.000104689
0.000102342
9.98529e-05
9.70488e-05
9.37061e-05
8.97551e-05
8.5651e-05
8.26869e-05
8.29443e-05
8.70631e-05
9.57622e-05
0.000108418
0.000124932
0.000145251
0.000168947
0.000194488
0.000219157
0.0002397
0.000253295
0.000258163
0.000254526
0.000242947
0.000224479
0.000201679
0.000177582
0.000154878
0.000135251
0.000119237
0.000106563
9.66337e-05
8.89299e-05
8.32276e-05
7.96794e-05
7.87584e-05
8.04487e-05
8.49886e-05
9.23147e-05
0.000102458
0.000115854
0.000133129
0.00015454
0.000179291
0.000205244
0.000229379
0.000248789
0.000261483
0.000266519
0.000263703
0.000253327
0.000236156
0.000213858
0.000188954
0.000164271
0.000142097
0.00012361
0.000108928
9.75895e-05
8.91004e-05
8.32805e-05
8.02427e-05
8.00518e-05
8.23978e-05
8.69248e-05
9.34258e-05
0.000102025
0.000113163
0.000127462
0.000145427
0.000166996
0.000191137
0.000215841
0.000238711
0.000257836
0.000272371
0.000282515
0.000289093
0.000293101
0.000295416
0.000296691
0.000297365
0.000297707
0.000297875
0.000297955
0.000297992
0.000298009
0.000298016
0.00029802
0.000298021
0.000298023
0.000298023
0.000298024
0.000298024
0.000298025
0.000298025
0.000298026
0.000298026
0.000298027
0.000298027
0.000298027
0.000298028
0.000298028
0.000298029
0.000298029
0.000298029
0.00029803
0.00029803
0.00029803
0.00029803
0.000298031
0.000298031
0.000298031
0.000298031
0.000298032
0.000298032
0.000298032
0.000298032
0.000298032
0.000298033
0.000298033
0.000298033
0.000298033
0.000298033
0.000298033
0.000298033
0.000298033
0.000298033
0.000298034
0.000298034
0.000298034
0.000298034
0.000298034
0.000298049
0.000298049
0.000298049
0.000298049
0.000298048
0.000298048
0.000298048
0.000298048
0.000298048
0.000298047
0.000298047
0.000298047
0.000298047
0.000298046
0.000298046
0.000298045
0.000298045
0.000298044
0.000298043
0.000298043
0.000298042
0.000298041
0.00029804
0.000298039
0.000298037
0.000298036
0.000298034
0.000298032
0.000298028
0.000298023
0.000298013
0.000297995
0.000297962
0.0002979
0.000297787
0.000297588
0.000297247
0.000296684
0.000295786
0.000294408
0.000292371
0.000289473
0.000285508
0.000280298
0.000273734
0.000265825
0.000256749
0.000246881
0.000236785
0.000227172
0.000218745
0.000212193
0.000208414
0.000209062
0.000217377
0.000215997
0.000203722
0.000181277
0.000159446
0.000144053
0.000134884
0.000129247
0.000122904
0.000117392
0.000113379
0.000110353
0.0001079
0.000105774
0.000103815
0.000101901
9.99138e-05
9.77496e-05
9.52721e-05
9.23052e-05
8.87848e-05
8.51137e-05
8.25252e-05
8.30472e-05
8.7327e-05
9.58595e-05
0.000108203
0.000124161
0.000143899
0.00016717
0.000192574
0.000217418
0.000238362
0.000252441
0.000257777
0.000254439
0.000243101
0.000224763
0.000201991
0.000177844
0.000155047
0.000135319
0.000119217
0.00010647
9.64815e-05
8.87241e-05
8.29672e-05
7.93592e-05
7.83734e-05
8.0015e-05
8.45149e-05
9.18162e-05
0.000101935
0.000115298
0.000132537
0.000153928
0.000178696
0.000204713
0.000228953
0.000248491
0.000261318
0.000266483
0.000263784
0.000253516
0.000236431
0.000214181
0.000189278
0.000164551
0.000142302
0.000123726
0.000108952
9.75172e-05
8.89319e-05
8.30174e-05
7.98914e-05
7.96233e-05
8.19155e-05
8.6408e-05
9.28902e-05
0.000101479
0.000112611
0.000126909
0.00014489
0.000166502
0.000190715
0.000215511
0.000238475
0.00025768
0.000272273
0.000282455
0.000289056
0.000293076
0.000295396
0.000296674
0.00029735
0.000297693
0.000297861
0.000297941
0.000297978
0.000297995
0.000298003
0.000298006
0.000298008
0.000298009
0.00029801
0.000298011
0.000298011
0.000298012
0.000298013
0.000298013
0.000298014
0.000298014
0.000298015
0.000298015
0.000298016
0.000298016
0.000298017
0.000298017
0.000298017
0.000298018
0.000298018
0.000298018
0.000298019
0.000298019
0.000298019
0.00029802
0.00029802
0.00029802
0.000298021
0.000298021
0.000298021
0.000298021
0.000298021
0.000298022
0.000298022
0.000298022
0.000298022
0.000298022
0.000298022
0.000298022
0.000298022
0.000298023
0.000298023
0.000298023
0.000298023
0.000298023
0.000298033
0.000298033
0.000298033
0.000298033
0.000298033
0.000298033
0.000298033
0.000298033
0.000298032
0.000298032
0.000298032
0.000298031
0.000298031
0.000298031
0.00029803
0.00029803
0.000298029
0.000298028
0.000298027
0.000298027
0.000298026
0.000298025
0.000298024
0.000298022
0.000298021
0.00029802
0.000298018
0.000298015
0.000298012
0.000298006
0.000297997
0.000297979
0.000297946
0.000297885
0.000297774
0.000297581
0.000297251
0.000296707
0.000295841
0.000294511
0.000292541
0.000289725
0.000285851
0.000280727
0.000274226
0.000266355
0.000257316
0.000247554
0.00023775
0.000228726
0.000221312
0.000216272
0.000214635
0.000218191
0.000225314
0.000217161
0.000193295
0.000166444
0.00014651
0.000134376
0.000127682
0.000123395
0.000118705
0.000115465
0.000112466
0.00010945
0.000106458
0.000103675
0.000101346
9.94444e-05
9.76593e-05
9.57617e-05
9.35783e-05
9.09509e-05
8.78268e-05
8.45683e-05
8.23408e-05
8.30452e-05
8.7366e-05
9.57401e-05
0.000107681
0.000123078
0.000142276
0.000165185
0.000190515
0.000215591
0.00023698
0.000251577
0.000257401
0.000254374
0.000243284
0.000225079
0.000202335
0.000178134
0.000155239
0.000135403
0.000119207
0.000106385
9.63351e-05
8.85222e-05
8.27093e-05
7.90405e-05
7.79887e-05
7.95811e-05
8.40405e-05
9.13163e-05
0.00010141
0.000114738
0.000131939
0.000153306
0.000178088
0.000204168
0.000228513
0.000248178
0.000261134
0.000266418
0.000263826
0.000253653
0.000236639
0.000214428
0.000189522
0.000164757
0.000142445
0.000123795
0.000108941
9.74252e-05
8.8752e-05
8.27484e-05
7.95396e-05
7.91995e-05
8.14438e-05
8.59084e-05
9.23782e-05
0.000100963
0.000112093
0.000126395
0.000144393
0.000166047
0.000190327
0.000215207
0.000238255
0.000257532
0.000272177
0.000282394
0.000289015
0.000293047
0.000295373
0.000296654
0.000297331
0.000297675
0.000297843
0.000297924
0.000297961
0.000297977
0.000297985
0.000297989
0.000297991
0.000297992
0.000297993
0.000297993
0.000297994
0.000297995
0.000297995
0.000297996
0.000297996
0.000297997
0.000297997
0.000297998
0.000297998
0.000297999
0.000297999
0.000298
0.000298
0.000298001
0.000298001
0.000298001
0.000298002
0.000298002
0.000298002
0.000298003
0.000298003
0.000298003
0.000298004
0.000298004
0.000298004
0.000298004
0.000298005
0.000298005
0.000298005
0.000298005
0.000298005
0.000298005
0.000298005
0.000298006
0.000298006
0.000298006
0.000298006
0.000298006
0.000298006
0.000298006
0.000298015
0.000298015
0.000298015
0.000298015
0.000298015
0.000298015
0.000298015
0.000298015
0.000298014
0.000298014
0.000298014
0.000298013
0.000298013
0.000298013
0.000298012
0.000298011
0.000298011
0.00029801
0.000298009
0.000298009
0.000298008
0.000298007
0.000298006
0.000298004
0.000298003
0.000298002
0.000298
0.000297998
0.000297995
0.00029799
0.000297982
0.000297968
0.000297942
0.000297893
0.000297805
0.000297649
0.00029738
0.000296929
0.000296195
0.000295041
0.000293285
0.000290709
0.000287071
0.000282143
0.000275771
0.000267955
0.00025894
0.000249273
0.000239797
0.000231539
0.000225524
0.000222573
0.000223638
0.0002328
0.000228622
0.000208177
0.00017728
0.000151839
0.000135677
0.000126696
0.000122842
0.000121558
0.000120665
0.000118907
0.000116029
0.000112225
0.000108055
0.000104123
0.000100689
9.78276e-05
9.5793e-05
9.39689e-05
9.20003e-05
8.96646e-05
8.68944e-05
8.40156e-05
8.21212e-05
8.29709e-05
8.7268e-05
9.5403e-05
0.000106874
0.000121731
0.000140444
0.000163049
0.000188359
0.000213712
0.000235583
0.000250721
0.000257046
0.000254337
0.000243502
0.000225432
0.000202714
0.000178456
0.000155457
0.000135508
0.000119211
0.00010631
9.61951e-05
8.83246e-05
8.24543e-05
7.87233e-05
7.76046e-05
7.91475e-05
8.3566e-05
9.08162e-05
0.000100884
0.000114177
0.000131338
0.00015268
0.000177475
0.000203616
0.000228064
0.000247854
0.000260936
0.000266332
0.000263834
0.000253743
0.000236787
0.000214603
0.00018969
0.000164889
0.000142525
0.000123816
0.000108898
9.73123e-05
8.85598e-05
8.2473e-05
7.91867e-05
7.87803e-05
8.09826e-05
8.54258e-05
9.18897e-05
0.000100476
0.00011161
0.000125919
0.000143937
0.000165631
0.000189974
0.000214929
0.000238052
0.000257392
0.000272085
0.000282333
0.000288974
0.000293016
0.000295348
0.000296632
0.00029731
0.000297655
0.000297824
0.000297904
0.000297941
0.000297958
0.000297965
0.000297969
0.000297971
0.000297972
0.000297973
0.000297974
0.000297974
0.000297975
0.000297976
0.000297976
0.000297977
0.000297977
0.000297978
0.000297978
0.000297979
0.000297979
0.00029798
0.00029798
0.000297981
0.000297981
0.000297981
0.000297982
0.000297982
0.000297982
0.000297983
0.000297983
0.000297983
0.000297984
0.000297984
0.000297984
0.000297984
0.000297985
0.000297985
0.000297985
0.000297985
0.000297985
0.000297986
0.000297986
0.000297986
0.000297986
0.000297986
0.000297986
0.000297986
0.000297986
0.000297986
0.000297986
0.000297996
0.000297996
0.000297996
0.000297996
0.000297996
0.000297996
0.000297995
0.000297995
0.000297995
0.000297995
0.000297994
0.000297994
0.000297994
0.000297993
0.000297993
0.000297992
0.000297992
0.000297991
0.00029799
0.00029799
0.000297989
0.000297988
0.000297987
0.000297986
0.000297984
0.000297983
0.000297982
0.00029798
0.000297978
0.000297976
0.000297973
0.000297969
0.00029796
0.000297943
0.000297908
0.000297838
0.0002977
0.000297439
0.000296965
0.000296139
0.000294764
0.000292586
0.00028931
0.000284653
0.000278423
0.000270634
0.000261612
0.000252057
0.000243029
0.000235849
0.000231901
0.000232159
0.000235773
0.000241951
0.000228871
0.000194346
0.000161296
0.000139885
0.000127976
0.000123572
0.000123472
0.000126355
0.000128511
0.000127996
0.000124914
0.000119612
0.000113224
0.000106973
0.00010172
9.77548e-05
9.46166e-05
9.24884e-05
9.05769e-05
8.84593e-05
8.59928e-05
8.34517e-05
8.18544e-05
8.2808e-05
8.702e-05
9.48282e-05
0.000105828
0.000120184
0.000138466
0.000160822
0.000186157
0.000211822
0.000234197
0.000249892
0.000256722
0.000254336
0.000243756
0.000225823
0.000203131
0.000178811
0.000155703
0.000135633
0.000119231
0.000106245
9.60621e-05
8.81318e-05
8.22022e-05
7.8408e-05
7.72214e-05
7.87145e-05
8.3092e-05
9.03168e-05
0.00010036
0.000113617
0.000130737
0.000152055
0.00017686
0.000203062
0.000227612
0.000247525
0.000260727
0.000266229
0.000263815
0.000253789
0.000236877
0.00021471
0.000189786
0.000164952
0.000142544
0.000123787
0.000108822
9.71773e-05
8.83544e-05
8.21908e-05
7.88326e-05
7.83657e-05
8.0532e-05
8.49601e-05
9.14241e-05
0.000100018
0.00011116
0.000125481
0.000143521
0.000165255
0.000189655
0.000214677
0.000237866
0.000257262
0.000271997
0.000282273
0.000288931
0.000292984
0.000295322
0.000296609
0.000297288
0.000297634
0.000297803
0.000297883
0.00029792
0.000297937
0.000297945
0.000297948
0.00029795
0.000297951
0.000297952
0.000297953
0.000297954
0.000297954
0.000297955
0.000297955
0.000297956
0.000297956
0.000297957
0.000297957
0.000297958
0.000297958
0.000297959
0.000297959
0.00029796
0.00029796
0.00029796
0.000297961
0.000297961
0.000297962
0.000297962
0.000297962
0.000297962
0.000297963
0.000297963
0.000297963
0.000297963
0.000297964
0.000297964
0.000297964
0.000297964
0.000297964
0.000297965
0.000297965
0.000297965
0.000297965
0.000297965
0.000297965
0.000297965
0.000297965
0.000297965
0.000297965
0.000297976
0.000297976
0.000297976
0.000297976
0.000297976
0.000297976
0.000297975
0.000297975
0.000297975
0.000297975
0.000297975
0.000297974
0.000297974
0.000297974
0.000297973
0.000297973
0.000297972
0.000297972
0.000297971
0.00029797
0.000297969
0.000297968
0.000297967
0.000297966
0.000297965
0.000297964
0.000297964
0.000297963
0.000297965
0.000297968
0.000297976
0.00029799
0.000298016
0.000298059
0.000298121
0.000298202
0.000298291
0.000298347
0.000298289
0.000297969
0.000297156
0.000295531
0.000292719
0.000288361
0.000282238
0.000274417
0.000265365
0.000255996
0.000247635
0.000241975
0.000241041
0.000246606
0.00025364
0.000245408
0.000213871
0.000175047
0.000147144
0.000131033
0.00012441
0.00012371
0.000128832
0.000134894
0.000139253
0.00013978
0.000136549
0.000129892
0.000121255
0.000112374
0.000104612
9.86735e-05
9.45303e-05
9.15285e-05
8.93729e-05
8.73486e-05
8.51227e-05
8.28712e-05
8.1528e-05
8.25329e-05
8.65973e-05
9.40474e-05
0.000104598
0.000118502
0.000136408
0.000158563
0.00018396
0.00020996
0.000232855
0.00024911
0.000256439
0.000254373
0.000244048
0.00022625
0.000203582
0.000179199
0.000155976
0.000135781
0.000119266
0.000106191
9.59365e-05
8.79437e-05
8.19532e-05
7.80945e-05
7.68392e-05
7.82824e-05
8.26192e-05
8.98192e-05
9.98381e-05
0.000113061
0.000130142
0.000151434
0.000176251
0.000202512
0.000227163
0.000247195
0.000260512
0.00026611
0.000263769
0.000253794
0.000236912
0.000214752
0.000189814
0.000164954
0.000142509
0.000123716
0.000108712
9.70191e-05
8.81348e-05
8.19013e-05
7.84768e-05
7.79556e-05
8.00918e-05
8.4511e-05
9.09808e-05
9.95865e-05
0.000110742
0.000125078
0.000143143
0.000164915
0.000189368
0.000214449
0.000237696
0.00025714
0.000271911
0.000282213
0.000288888
0.000292951
0.000295295
0.000296585
0.000297266
0.000297612
0.000297782
0.000297862
0.0002979
0.000297916
0.000297924
0.000297928
0.000297929
0.00029793
0.000297931
0.000297932
0.000297933
0.000297933
0.000297934
0.000297934
0.000297935
0.000297935
0.000297936
0.000297936
0.000297937
0.000297937
0.000297938
0.000297938
0.000297938
0.000297939
0.000297939
0.000297939
0.00029794
0.00029794
0.00029794
0.000297941
0.000297941
0.000297941
0.000297942
0.000297942
0.000297942
0.000297942
0.000297942
0.000297943
0.000297943
0.000297943
0.000297943
0.000297943
0.000297943
0.000297943
0.000297943
0.000297944
0.000297944
0.000297944
0.000297944
0.000297944
0.000297956
0.000297956
0.000297956
0.000297956
0.000297956
0.000297955
0.000297955
0.000297955
0.000297955
0.000297955
0.000297955
0.000297954
0.000297954
0.000297954
0.000297953
0.000297953
0.000297952
0.000297952
0.000297951
0.000297951
0.00029795
0.000297949
0.000297948
0.000297947
0.000297947
0.000297946
0.000297947
0.000297949
0.000297956
0.000297969
0.000297996
0.000298045
0.00029813
0.000298271
0.000298491
0.000298812
0.000299247
0.000299774
0.000300315
0.000300698
0.000300629
0.000299695
0.00029741
0.00029333
0.000287241
0.000279328
0.000270279
0.00026128
0.000253961
0.000250408
0.000253364
0.000266492
0.000262196
0.000238953
0.00019489
0.000158395
0.000136829
0.000126461
0.000123979
0.000126854
0.000135004
0.000143415
0.000149536
0.000151102
0.000147924
0.000140423
0.000130117
0.000119064
0.000108962
0.000100846
9.50643e-05
9.1129e-05
8.8471e-05
8.63642e-05
8.42882e-05
8.227e-05
8.11337e-05
8.21423e-05
8.6015e-05
9.31057e-05
0.000103243
0.000116748
0.000134332
0.00015633
0.000181819
0.000208172
0.000231587
0.000248394
0.000256207
0.000254451
0.000244375
0.000226709
0.000204063
0.000179615
0.000156275
0.000135949
0.000119317
0.000106147
9.58182e-05
8.77604e-05
8.17073e-05
7.77831e-05
7.64583e-05
7.78518e-05
8.21482e-05
8.93245e-05
9.93209e-05
0.000112511
0.000129554
0.000150822
0.000175651
0.000201971
0.00022672
0.000246868
0.000260294
0.000265979
0.000263699
0.000253769
0.000236904
0.000214743
0.000189789
0.000164896
0.00014242
0.000123599
0.000108567
9.68368e-05
8.79003e-05
8.16039e-05
7.81192e-05
7.75499e-05
7.96619e-05
8.40782e-05
9.05594e-05
9.91822e-05
0.000110355
0.000124711
0.000142802
0.000164611
0.000189111
0.000214243
0.000237537
0.000257023
0.000271827
0.000282152
0.000288844
0.000292917
0.000295267
0.000296561
0.000297244
0.000297591
0.000297761
0.000297841
0.000297878
0.000297895
0.000297903
0.000297906
0.000297908
0.000297909
0.00029791
0.000297911
0.000297911
0.000297912
0.000297912
0.000297913
0.000297913
0.000297914
0.000297914
0.000297915
0.000297915
0.000297916
0.000297916
0.000297916
0.000297917
0.000297917
0.000297918
0.000297918
0.000297918
0.000297919
0.000297919
0.000297919
0.000297919
0.00029792
0.00029792
0.00029792
0.00029792
0.00029792
0.000297921
0.000297921
0.000297921
0.000297921
0.000297921
0.000297921
0.000297922
0.000297922
0.000297922
0.000297922
0.000297922
0.000297922
0.000297922
0.000297922
0.000297935
0.000297935
0.000297935
0.000297935
0.000297935
0.000297935
0.000297935
0.000297935
0.000297935
0.000297935
0.000297934
0.000297934
0.000297934
0.000297934
0.000297933
0.000297933
0.000297933
0.000297932
0.000297932
0.000297931
0.00029793
0.00029793
0.000297929
0.000297928
0.000297928
0.000297929
0.000297932
0.000297939
0.000297955
0.000297986
0.000298044
0.000298148
0.000298328
0.000298621
0.000299078
0.000299749
0.000300674
0.000301849
0.00030319
0.000304478
0.000305328
0.00030519
0.000303448
0.000299584
0.000293443
0.000285427
0.000276531
0.000268258
0.000262581
0.00026203
0.000269193
0.000280115
0.000263018
0.000217185
0.000172707
0.000144705
0.000129827
0.000124733
0.000124595
0.000131633
0.000141237
0.000151116
0.000158549
0.000160922
0.000157818
0.00014976
0.000138303
0.000125707
0.000113833
0.000103864
9.63671e-05
9.12941e-05
8.78837e-05
8.55273e-05
8.3498e-05
8.16487e-05
8.06696e-05
8.16462e-05
8.53038e-05
9.205e-05
0.000101817
0.000114979
0.000132295
0.000154179
0.000179786
0.0002065
0.000230427
0.000247763
0.000256035
0.00025457
0.000244731
0.000227191
0.000204567
0.000180052
0.000156593
0.000136134
0.000119382
0.000106114
9.57067e-05
8.75816e-05
8.14642e-05
7.74735e-05
7.60789e-05
7.74228e-05
8.16798e-05
8.88339e-05
9.88099e-05
0.00011197
0.000128977
0.000150223
0.000175065
0.000201442
0.000226286
0.000246545
0.000260073
0.000265837
0.000263607
0.000253704
0.000236847
0.000214675
0.000189697
0.000164778
0.000142278
0.000123438
0.000108387
9.66297e-05
8.765e-05
8.12981e-05
7.77594e-05
7.71485e-05
7.92421e-05
8.36612e-05
9.0159e-05
9.88034e-05
0.000109998
0.000124376
0.000142495
0.00016434
0.000188879
0.000214054
0.000237388
0.000256909
0.000271742
0.00028209
0.000288798
0.000292882
0.000295238
0.000296536
0.000297221
0.000297569
0.000297739
0.00029782
0.000297857
0.000297874
0.000297882
0.000297885
0.000297887
0.000297888
0.000297889
0.000297889
0.00029789
0.000297891
0.000297891
0.000297892
0.000297892
0.000297892
0.000297893
0.000297893
0.000297894
0.000297894
0.000297895
0.000297895
0.000297895
0.000297896
0.000297896
0.000297896
0.000297897
0.000297897
0.000297897
0.000297897
0.000297898
0.000297898
0.000297898
0.000297898
0.000297899
0.000297899
0.000297899
0.000297899
0.000297899
0.000297899
0.000297899
0.0002979
0.0002979
0.0002979
0.0002979
0.0002979
0.0002979
0.0002979
0.0002979
0.0002979
0.000297915
0.000297915
0.000297915
0.000297915
0.000297915
0.000297915
0.000297915
0.000297915
0.000297915
0.000297914
0.000297914
0.000297914
0.000297914
0.000297914
0.000297913
0.000297913
0.000297913
0.000297912
0.000297912
0.000297911
0.000297911
0.00029791
0.00029791
0.00029791
0.000297911
0.000297914
0.000297921
0.000297936
0.000297966
0.000298025
0.000298133
0.000298323
0.000298643
0.000299159
0.000299951
0.000301104
0.000302686
0.000304705
0.000307054
0.000309444
0.000311361
0.000312089
0.000310858
0.000307121
0.000300882
0.000292879
0.000284497
0.000277558
0.000274402
0.000278432
0.000294883
0.000285375
0.000243972
0.00019176
0.000155376
0.000135389
0.000126632
0.000124792
0.000128013
0.000136548
0.000147417
0.000158435
0.000166731
0.000169473
0.000166255
0.00015764
0.000145278
0.000131577
0.000118468
0.000107139
9.82096e-05
9.18677e-05
8.76746e-05
8.4881e-05
8.277e-05
8.10141e-05
8.0141e-05
8.10617e-05
8.44981e-05
9.09254e-05
0.000100371
0.000113248
0.00013035
0.000152161
0.000177912
0.000204989
0.000229407
0.000247239
0.000255932
0.00025473
0.000245111
0.000227687
0.000205082
0.000180502
0.000156925
0.000136332
0.000119458
0.00010609
9.56013e-05
8.74068e-05
8.12237e-05
7.71657e-05
7.5701e-05
7.6996e-05
8.12148e-05
8.83485e-05
9.83069e-05
0.00011144
0.000128415
0.000149642
0.000174497
0.00020093
0.000225866
0.00024623
0.000259853
0.000265685
0.000263493
0.000253605
0.000236742
0.00021455
0.000189548
0.000164606
0.000142087
0.000123234
0.000108172
9.63974e-05
8.73834e-05
8.09836e-05
7.73973e-05
7.67512e-05
7.88323e-05
8.32598e-05
8.9779e-05
9.84491e-05
0.000109668
0.000124072
0.000142219
0.000164096
0.000188669
0.000213877
0.000237243
0.000256793
0.000271653
0.000282024
0.000288748
0.000292844
0.000295208
0.00029651
0.000297198
0.000297547
0.000297718
0.000297799
0.000297836
0.000297853
0.000297861
0.000297864
0.000297866
0.000297867
0.000297868
0.000297868
0.000297869
0.000297869
0.00029787
0.00029787
0.000297871
0.000297871
0.000297871
0.000297872
0.000297872
0.000297873
0.000297873
0.000297873
0.000297874
0.000297874
0.000297874
0.000297875
0.000297875
0.000297875
0.000297875
0.000297876
0.000297876
0.000297876
0.000297876
0.000297877
0.000297877
0.000297877
0.000297877
0.000297877
0.000297877
0.000297878
0.000297878
0.000297878
0.000297878
0.000297878
0.000297878
0.000297878
0.000297878
0.000297878
0.000297878
0.000297878
0.000297895
0.000297895
0.000297895
0.000297895
0.000297895
0.000297895
0.000297895
0.000297894
0.000297894
0.000297894
0.000297894
0.000297894
0.000297894
0.000297894
0.000297894
0.000297893
0.000297893
0.000297893
0.000297892
0.000297892
0.000297892
0.000297891
0.000297891
0.000297892
0.000297895
0.000297901
0.000297915
0.000297942
0.000297997
0.000298099
0.000298282
0.000298598
0.000299119
0.000299944
0.00030119
0.000302979
0.000305403
0.000308472
0.000312037
0.000315707
0.000318803
0.000320414
0.000319636
0.000315961
0.000309688
0.000302051
0.000294902
0.000290301
0.000290808
0.000299815
0.000312251
0.000283651
0.000220671
0.000170869
0.000143111
0.000129626
0.000125632
0.000125679
0.000132279
0.000142133
0.000154105
0.00016595
0.000174633
0.00017722
0.000173591
0.000164257
0.000151045
0.000136478
0.000122499
0.000110236
0.000100253
9.28013e-05
8.7762e-05
8.44335e-05
8.21237e-05
8.03791e-05
7.95595e-05
8.04098e-05
8.36316e-05
8.97731e-05
9.89486e-05
0.0001116
0.000128542
0.000150325
0.000176243
0.000203679
0.000228559
0.00024684
0.000255896
0.000254928
0.000245505
0.000228186
0.000205596
0.000180953
0.000157261
0.000136536
0.00011954
0.000106071
9.55005e-05
8.7235e-05
8.09852e-05
7.68595e-05
7.53248e-05
7.65717e-05
8.07539e-05
8.78697e-05
9.78137e-05
0.000110923
0.00012787
0.00014908
0.00017395
0.000200438
0.000225462
0.000245926
0.000259634
0.000265525
0.00026336
0.000253474
0.000236592
0.000214374
0.000189345
0.000164382
0.000141851
0.000122992
0.000107926
9.61403e-05
8.71001e-05
8.06599e-05
7.70325e-05
7.63578e-05
7.84322e-05
8.28734e-05
8.94183e-05
9.81178e-05
0.000109365
0.000123795
0.00014197
0.000163874
0.000188472
0.000213704
0.000237094
0.000256671
0.000271557
0.000281952
0.000288695
0.000292804
0.000295177
0.000296484
0.000297174
0.000297525
0.000297697
0.000297778
0.000297815
0.000297832
0.00029784
0.000297843
0.000297845
0.000297846
0.000297847
0.000297847
0.000297848
0.000297848
0.000297849
0.000297849
0.000297849
0.00029785
0.00029785
0.000297851
0.000297851
0.000297851
0.000297852
0.000297852
0.000297852
0.000297853
0.000297853
0.000297853
0.000297853
0.000297854
0.000297854
0.000297854
0.000297854
0.000297855
0.000297855
0.000297855
0.000297855
0.000297855
0.000297856
0.000297856
0.000297856
0.000297856
0.000297856
0.000297856
0.000297856
0.000297856
0.000297856
0.000297857
0.000297857
0.000297857
0.000297857
0.000297857
0.000297874
0.000297874
0.000297874
0.000297874
0.000297874
0.000297874
0.000297874
0.000297874
0.000297874
0.000297874
0.000297874
0.000297874
0.000297874
0.000297874
0.000297874
0.000297874
0.000297873
0.000297873
0.000297873
0.000297873
0.000297873
0.000297873
0.000297873
0.000297876
0.000297881
0.000297893
0.000297917
0.000297964
0.000298056
0.000298222
0.000298514
0.000299008
0.000299807
0.000301048
0.000302887
0.000305483
0.000308948
0.000313277
0.000318255
0.000323354
0.000327699
0.000330172
0.000329796
0.000326203
0.00032017
0.000313614
0.00030896
0.000308309
0.000314145
0.000333894
0.000319073
0.000258801
0.000193841
0.000154617
0.000134925
0.000127177
0.000125858
0.000129068
0.00013717
0.00014851
0.00016157
0.000173937
0.000182533
0.000184451
0.000180096
0.000169829
0.000155745
0.000140441
0.000125823
0.000112933
0.000102228
9.39225e-05
8.80461e-05
8.41444e-05
8.15629e-05
7.97578e-05
7.8941e-05
7.97127e-05
8.27347e-05
8.86291e-05
9.75879e-05
0.000110072
0.000126912
0.000148714
0.000174825
0.000202613
0.000227914
0.000246584
0.000255943
0.000255163
0.000245905
0.000228675
0.000206095
0.000181391
0.00015759
0.000136739
0.000119624
0.000106056
9.54024e-05
8.70653e-05
8.0748e-05
7.65546e-05
7.49503e-05
7.61502e-05
8.02979e-05
8.73987e-05
9.73321e-05
0.000110422
0.000127345
0.000148542
0.000173427
0.000199969
0.000225076
0.000245632
0.000259419
0.000265358
0.000263207
0.000253311
0.0002364
0.000214148
0.00018909
0.00016411
0.000141572
0.000122714
0.00010765
9.58591e-05
8.67997e-05
8.0326e-05
7.66657e-05
7.59683e-05
7.80415e-05
8.25014e-05
8.90762e-05
9.78081e-05
0.000109086
0.000123543
0.000141742
0.000163666
0.000188281
0.000213526
0.000236935
0.000256535
0.000271449
0.00028187
0.000288636
0.000292761
0.000295144
0.000296457
0.000297151
0.000297503
0.000297676
0.000297757
0.000297795
0.000297812
0.000297819
0.000297823
0.000297824
0.000297825
0.000297826
0.000297827
0.000297827
0.000297828
0.000297828
0.000297828
0.000297829
0.000297829
0.000297829
0.00029783
0.00029783
0.00029783
0.000297831
0.000297831
0.000297831
0.000297832
0.000297832
0.000297832
0.000297832
0.000297833
0.000297833
0.000297833
0.000297833
0.000297834
0.000297834
0.000297834
0.000297834
0.000297834
0.000297834
0.000297835
0.000297835
0.000297835
0.000297835
0.000297835
0.000297835
0.000297835
0.000297835
0.000297835
0.000297835
0.000297835
0.000297836
0.000297836
0.000297855
0.000297855
0.000297855
0.000297855
0.000297855
0.000297855
0.000297855
0.000297855
0.000297855
0.000297855
0.000297855
0.000297855
0.000297855
0.000297854
0.000297854
0.000297854
0.000297854
0.000297854
0.000297854
0.000297854
0.000297854
0.000297855
0.000297857
0.000297861
0.000297871
0.000297891
0.000297931
0.00029801
0.000298155
0.000298414
0.00029886
0.000299598
0.000300769
0.00030255
0.000305141
0.000308733
0.000313447
0.000319245
0.000325815
0.00033246
0.000338087
0.000341396
0.000341436
0.000338124
0.000332908
0.00032862
0.000328504
0.00033445
0.000344796
0.000356813
0.000313782
0.000230748
0.000172558
0.000143261
0.000130189
0.00012639
0.000127338
0.000133344
0.000143245
0.000156003
0.000169916
0.000182419
0.00019045
0.000191269
0.000185876
0.000174476
0.000159495
0.000143545
0.00012845
0.000115144
0.000103974
9.50647e-05
8.84856e-05
8.40208e-05
8.10956e-05
7.91634e-05
7.83024e-05
7.89914e-05
8.18341e-05
8.75231e-05
9.63201e-05
0.000108697
0.000125496
0.000147367
0.000173698
0.000201829
0.000227499
0.000246475
0.000256069
0.00025543
0.000246301
0.000229139
0.000206564
0.000181803
0.000157901
0.000136932
0.000119705
0.00010604
9.53047e-05
8.6896e-05
8.05113e-05
7.62505e-05
7.45775e-05
7.57318e-05
7.98477e-05
8.69368e-05
9.68637e-05
0.000109939
0.000126842
0.000148029
0.00017293
0.000199523
0.000224709
0.00024535
0.000259207
0.000265184
0.000263036
0.000253117
0.000236166
0.000213871
0.000188784
0.000163791
0.000141254
0.000122403
0.000107346
9.55549e-05
8.64823e-05
7.99815e-05
7.62968e-05
7.55824e-05
7.766e-05
8.21431e-05
8.87512e-05
9.7518e-05
0.000108827
0.000123311
0.00014153
0.000163465
0.000188084
0.000213334
0.000236754
0.000256379
0.000271324
0.000281777
0.000288569
0.000292713
0.000295109
0.00029643
0.000297128
0.000297482
0.000297655
0.000297738
0.000297775
0.000297792
0.0002978
0.000297803
0.000297805
0.000297806
0.000297807
0.000297807
0.000297808
0.000297808
0.000297808
0.000297809
0.000297809
0.000297809
0.00029781
0.00029781
0.00029781
0.000297811
0.000297811
0.000297811
0.000297812
0.000297812
0.000297812
0.000297812
0.000297813
0.000297813
0.000297813
0.000297813
0.000297814
0.000297814
0.000297814
0.000297814
0.000297814
0.000297814
0.000297815
0.000297815
0.000297815
0.000297815
0.000297815
0.000297815
0.000297815
0.000297815
0.000297815
0.000297816
0.000297816
0.000297816
0.000297816
0.000297816
0.000297836
0.000297836
0.000297836
0.000297836
0.000297836
0.000297836
0.000297836
0.000297836
0.000297836
0.000297836
0.000297836
0.000297836
0.000297836
0.000297836
0.000297836
0.000297836
0.000297836
0.000297835
0.000297836
0.000297836
0.000297836
0.000297838
0.000297841
0.000297849
0.000297866
0.0002979
0.000297965
0.000298088
0.000298311
0.000298701
0.000299358
0.000300421
0.000302074
0.000304541
0.000308061
0.000312852
0.00031903
0.000326501
0.000334823
0.000343103
0.000350033
0.000354209
0.000354835
0.000352298
0.000348851
0.000348357
0.000355686
0.000373539
0.00039057
0.000365824
0.000281178
0.000200332
0.000155947
0.000135377
0.00012774
0.000126449
0.000130575
0.000138867
0.000150552
0.000164559
0.000179026
0.000191247
0.000198215
0.000197712
0.000190908
0.000178245
0.000162373
0.000145863
0.000130421
0.000116858
0.00010541
9.61072e-05
8.89942e-05
8.40173e-05
8.07165e-05
7.86051e-05
7.76593e-05
7.82642e-05
8.09516e-05
8.648e-05
9.51711e-05
0.000107504
0.000124325
0.000146322
0.000172902
0.00020136
0.000227325
0.000246527
0.000256278
0.000255725
0.00024668
0.000229564
0.000206987
0.000182174
0.000158182
0.000137106
0.000119775
0.000106018
9.52047e-05
8.67256e-05
8.02741e-05
7.59466e-05
7.42065e-05
7.5317e-05
7.9404e-05
8.64851e-05
9.641e-05
0.000109475
0.000126363
0.000147543
0.000172461
0.000199102
0.000224361
0.00024508
0.000258998
0.000265004
0.000262847
0.000252892
0.000235888
0.000213545
0.000188427
0.000163426
0.000140898
0.000122061
0.000107016
9.52289e-05
8.61481e-05
7.96264e-05
7.59254e-05
7.52e-05
7.72872e-05
8.17979e-05
8.84422e-05
9.72454e-05
0.000108586
0.000123093
0.000141324
0.000163259
0.000187868
0.000213112
0.000236542
0.000256193
0.000271176
0.000281668
0.000288493
0.000292662
0.000295073
0.000296403
0.000297106
0.000297463
0.000297637
0.00029772
0.000297758
0.000297775
0.000297783
0.000297786
0.000297788
0.000297789
0.00029779
0.00029779
0.000297791
0.000297791
0.000297791
0.000297792
0.000297792
0.000297792
0.000297793
0.000297793
0.000297793
0.000297794
0.000297794
0.000297794
0.000297795
0.000297795
0.000297795
0.000297795
0.000297796
0.000297796
0.000297796
0.000297796
0.000297796
0.000297797
0.000297797
0.000297797
0.000297797
0.000297797
0.000297798
0.000297798
0.000297798
0.000297798
0.000297798
0.000297798
0.000297798
0.000297798
0.000297798
0.000297798
0.000297798
0.000297798
0.000297798
0.000297798
0.000297818
0.000297818
0.000297818
0.000297818
0.000297818
0.000297818
0.000297819
0.000297819
0.000297819
0.000297819
0.000297819
0.000297819
0.000297819
0.000297819
0.000297819
0.000297818
0.000297818
0.000297818
0.000297819
0.000297819
0.00029782
0.000297823
0.00029783
0.000297843
0.000297871
0.000297925
0.000298027
0.000298214
0.000298547
0.000299115
0.000300053
0.000301539
0.000303804
0.000307118
0.000311761
0.000317966
0.00032583
0.000335172
0.000345393
0.000355388
0.000363678
0.000368889
0.000370557
0.000369716
0.000369338
0.000374305
0.000391375
0.000425948
0.000416086
0.000350962
0.00024496
0.000176454
0.000144084
0.000130498
0.000126738
0.000128047
0.000134909
0.00014548
0.000158907
0.000173987
0.000188689
0.000200208
0.000205623
0.000203649
0.000195147
0.000181162
0.00016444
0.000147459
0.000131784
0.00011809
0.000106506
9.69746e-05
8.94873e-05
8.40585e-05
8.04037e-05
7.80853e-05
7.70244e-05
7.75462e-05
8.0105e-05
8.55195e-05
9.41627e-05
0.000106515
0.000123427
0.00014561
0.000172477
0.000201201
0.000227401
0.000246756
0.00025657
0.000256041
0.000247032
0.000229936
0.000207348
0.000182488
0.000158419
0.000137251
0.000119827
0.000105987
9.50993e-05
8.6552e-05
8.00349e-05
7.56424e-05
7.38369e-05
7.49058e-05
7.89676e-05
8.60449e-05
9.59725e-05
0.000109033
0.00012591
0.000147085
0.000172019
0.000198705
0.000224031
0.000244822
0.000258793
0.000264816
0.000262639
0.000252634
0.000235566
0.000213166
0.000188017
0.000163014
0.000140503
0.000121689
0.000106662
9.48825e-05
8.57977e-05
7.9261e-05
7.55515e-05
7.48209e-05
7.69227e-05
8.14648e-05
8.81476e-05
9.6988e-05
0.000108358
0.000122883
0.000141116
0.000163035
0.00018762
0.000212847
0.000236283
0.000255968
0.000271
0.000281542
0.000288408
0.000292607
0.000295038
0.000296379
0.000297088
0.000297448
0.000297624
0.000297708
0.000297746
0.000297763
0.000297771
0.000297775
0.000297776
0.000297777
0.000297778
0.000297778
0.000297779
0.000297779
0.00029778
0.00029778
0.000297781
0.000297781
0.000297781
0.000297782
0.000297782
0.000297782
0.000297783
0.000297783
0.000297783
0.000297784
0.000297784
0.000297784
0.000297784
0.000297785
0.000297785
0.000297785
0.000297785
0.000297786
0.000297786
0.000297786
0.000297786
0.000297786
0.000297786
0.000297787
0.000297787
0.000297787
0.000297787
0.000297787
0.000297787
0.000297787
0.000297787
0.000297787
0.000297787
0.000297787
0.000297787
0.000297787
0.000297806
0.000297806
0.000297806
0.000297805
0.000297805
0.000297805
0.000297805
0.000297805
0.000297805
0.000297805
0.000297805
0.000297805
0.000297805
0.000297805
0.000297805
0.000297805
0.000297805
0.000297805
0.000297805
0.000297806
0.000297808
0.000297813
0.000297824
0.000297846
0.00029789
0.000297974
0.000298129
0.000298407
0.00029889
0.000299697
0.000301
0.000303023
0.000306047
0.000310389
0.000316363
0.00032421
0.000333984
0.000345396
0.000357662
0.000369473
0.000379271
0.000385917
0.000389511
0.000391812
0.000396328
0.000408499
0.000433842
0.000465347
0.00042084
0.000305632
0.000208267
0.000158001
0.000135735
0.000127918
0.000126865
0.000131783
0.000140919
0.000153383
0.000168277
0.000184132
0.000198673
0.000209052
0.000212506
0.000208859
0.000198549
0.000183246
0.000165746
0.000148396
0.000132592
0.000118871
0.000107261
9.76258e-05
8.99007e-05
8.41164e-05
8.01347e-05
7.75999e-05
7.64061e-05
7.68485e-05
7.9308e-05
8.46581e-05
9.33136e-05
0.000105753
0.000122825
0.000145257
0.000172393
0.000201405
0.000227773
0.000247162
0.000256937
0.000256368
0.000247344
0.000230238
0.000207629
0.000182728
0.000158597
0.000137354
0.000119854
0.000105941
9.4985e-05
8.63729e-05
7.97925e-05
7.53369e-05
7.34687e-05
7.44986e-05
7.85392e-05
8.56173e-05
9.55524e-05
0.000108612
0.000125482
0.000146655
0.000171603
0.000198329
0.000223716
0.000244573
0.00025859
0.000264622
0.000262412
0.000252344
0.000235198
0.000212733
0.000187552
0.000162554
0.00014007
0.000121288
0.000106284
9.45166e-05
8.54315e-05
7.88854e-05
7.51748e-05
7.44448e-05
7.65662e-05
8.11428e-05
8.78657e-05
9.67428e-05
0.000108139
0.000122674
0.000140894
0.000162779
0.000187321
0.000212522
0.000235966
0.000255694
0.00027079
0.000281396
0.000288316
0.000292554
0.000295009
0.000296364
0.00029708
0.000297443
0.000297622
0.000297706
0.000297745
0.000297762
0.00029777
0.000297774
0.000297776
0.000297777
0.000297778
0.000297778
0.000297779
0.000297779
0.00029778
0.000297781
0.000297781
0.000297782
0.000297782
0.000297782
0.000297783
0.000297783
0.000297784
0.000297784
0.000297784
0.000297785
0.000297785
0.000297785
0.000297786
0.000297786
0.000297786
0.000297787
0.000297787
0.000297787
0.000297787
0.000297788
0.000297788
0.000297788
0.000297788
0.000297788
0.000297788
0.000297789
0.000297789
0.000297789
0.000297789
0.000297789
0.000297789
0.000297789
0.000297789
0.000297789
0.000297789
0.000297789
0.000297801
0.000297801
0.000297801
0.000297801
0.000297801
0.000297801
0.000297801
0.000297801
0.000297801
0.0002978
0.0002978
0.0002978
0.000297799
0.000297799
0.000297799
0.000297798
0.000297798
0.000297798
0.000297798
0.0002978
0.000297803
0.000297812
0.000297829
0.000297864
0.000297932
0.000298059
0.000298289
0.000298693
0.000299376
0.000300496
0.000302263
0.000304955
0.000308901
0.000314465
0.000321991
0.000331717
0.000343634
0.000357318
0.000371789
0.000385576
0.000397182
0.000405958
0.000412851
0.000420378
0.00043217
0.000454181
0.000496177
0.00048372
0.000387644
0.000260418
0.000181456
0.000145249
0.000130901
0.000127313
0.000129123
0.000136775
0.00014812
0.000162384
0.000178521
0.000194784
0.000208696
0.000217485
0.000218707
0.000213206
0.000201062
0.000184513
0.000166343
0.000148736
0.000132894
0.00011924
0.000107694
9.80478e-05
9.01935e-05
8.41649e-05
7.9889e-05
7.7141e-05
7.58087e-05
7.61785e-05
7.85713e-05
8.39094e-05
9.26405e-05
0.000105237
0.000122551
0.000145281
0.000172752
0.000201993
0.000228422
0.000247732
0.000257368
0.000256696
0.000247603
0.000230455
0.000207814
0.000182878
0.000158702
0.000137406
0.000119845
0.000105873
9.48578e-05
8.61857e-05
7.95451e-05
7.50294e-05
7.31017e-05
7.40954e-05
7.81196e-05
8.52031e-05
9.51507e-05
0.000108214
0.00012508
0.00014625
0.00017121
0.00019797
0.000223415
0.000244332
0.00025839
0.000264423
0.000262168
0.000252021
0.000234782
0.000212242
0.000187029
0.000162042
0.000139597
0.000120857
0.000105885
9.41323e-05
8.50499e-05
7.85001e-05
7.47951e-05
7.40715e-05
7.62171e-05
8.08311e-05
8.75947e-05
9.65066e-05
0.000107924
0.000122456
0.000140646
0.000162474
0.000186955
0.00021212
0.000235578
0.000255365
0.000270545
0.000281236
0.000288225
0.000292512
0.000294994
0.000296365
0.000297091
0.000297459
0.00029764
0.000297726
0.000297765
0.000297783
0.000297791
0.000297795
0.000297798
0.000297799
0.0002978
0.000297801
0.000297802
0.000297803
0.000297804
0.000297805
0.000297805
0.000297806
0.000297807
0.000297808
0.000297808
0.000297809
0.000297809
0.00029781
0.000297811
0.000297811
0.000297812
0.000297812
0.000297812
0.000297813
0.000297813
0.000297814
0.000297814
0.000297814
0.000297815
0.000297815
0.000297815
0.000297815
0.000297816
0.000297816
0.000297816
0.000297816
0.000297816
0.000297817
0.000297817
0.000297817
0.000297817
0.000297817
0.000297817
0.000297817
0.000297817
0.000297817
0.000297815
0.000297815
0.000297815
0.000297815
0.000297815
0.000297814
0.000297814
0.000297813
0.000297813
0.000297812
0.000297811
0.00029781
0.000297809
0.000297809
0.000297807
0.000297806
0.000297806
0.000297805
0.000297805
0.000297807
0.000297813
0.000297826
0.000297853
0.000297907
0.000298009
0.000298198
0.000298531
0.000299104
0.000300052
0.00030157
0.000303918
0.000307424
0.00031247
0.000319463
0.000328773
0.00034062
0.000354917
0.000371088
0.000387959
0.000403964
0.000417846
0.000429705
0.000441625
0.000456979
0.000478317
0.000506112
0.000541067
0.00048981
0.000347359
0.000224203
0.000162456
0.000136675
0.000128592
0.000127752
0.000133479
0.000143323
0.000156582
0.000172422
0.000189477
0.000205684
0.000218443
0.000225151
0.000224191
0.00021656
0.000202656
0.000185015
0.000166335
0.000148557
0.000132741
0.000119183
0.00010777
9.82312e-05
9.03547e-05
8.41248e-05
7.96365e-05
7.66979e-05
7.52332e-05
7.55404e-05
7.79032e-05
8.3285e-05
9.21569e-05
0.00010501
0.00012263
0.000145723
0.000173529
0.000202943
0.000229332
0.000248453
0.000257851
0.000257015
0.000247796
0.000230569
0.000207886
0.000182926
0.000158726
0.000137397
0.000119797
0.000105779
9.47137e-05
8.59878e-05
7.92912e-05
7.47188e-05
7.27354e-05
7.36965e-05
7.77093e-05
8.48032e-05
9.4768e-05
0.000107839
0.000124703
0.000145869
0.000170836
0.000197626
0.000223123
0.0002441
0.000258197
0.000264224
0.000261912
0.000251668
0.000234318
0.000211691
0.000186442
0.000161475
0.00013908
0.000120395
0.000105462
9.37296e-05
8.46531e-05
7.81054e-05
7.44125e-05
7.37008e-05
7.58748e-05
8.05284e-05
8.73326e-05
9.62761e-05
0.000107705
0.000122222
0.000140358
0.000162104
0.000186503
0.000211627
0.000235109
0.00025498
0.000270272
0.000281073
0.000288151
0.000292491
0.000295012
0.000296404
0.000297141
0.000297515
0.000297699
0.000297787
0.000297827
0.000297846
0.000297855
0.00029786
0.000297863
0.000297865
0.000297867
0.000297869
0.000297871
0.000297872
0.000297874
0.000297875
0.000297876
0.000297878
0.000297879
0.00029788
0.000297881
0.000297882
0.000297883
0.000297884
0.000297885
0.000297886
0.000297887
0.000297888
0.000297888
0.000297889
0.00029789
0.00029789
0.000297891
0.000297891
0.000297892
0.000297892
0.000297893
0.000297893
0.000297893
0.000297894
0.000297894
0.000297894
0.000297894
0.000297895
0.000297895
0.000297895
0.000297895
0.000297895
0.000297895
0.000297895
0.000297896
0.000297896
0.000297864
0.000297864
0.000297864
0.000297863
0.000297863
0.000297862
0.000297861
0.000297859
0.000297858
0.000297856
0.000297855
0.000297853
0.000297851
0.000297848
0.000297846
0.000297843
0.000297841
0.000297839
0.000297839
0.000297841
0.000297849
0.000297869
0.00029791
0.000297991
0.000298143
0.000298415
0.000298889
0.000299683
0.000300971
0.00030299
0.000306049
0.000310529
0.000316864
0.000325503
0.000336832
0.000351045
0.000367964
0.000386848
0.000406353
0.000424901
0.000441624
0.000457532
0.000476001
0.000501601
0.00053606
0.000571285
0.000561011
0.000461154
0.000301461
0.000196008
0.000149451
0.000131947
0.000128617
0.000130803
0.000139002
0.00015105
0.000166196
0.000183385
0.000200929
0.000216532
0.000227619
0.000231826
0.000228761
0.000218891
0.000203359
0.000184834
0.000165756
0.000147927
0.000132238
0.000118865
0.000107604
9.815e-05
9.0297e-05
8.40172e-05
7.93603e-05
7.62591e-05
7.4678e-05
7.49364e-05
7.73117e-05
8.28027e-05
9.18975e-05
0.000105068
0.000123055
0.000146575
0.000174717
0.00020424
0.000230486
0.00024931
0.000258377
0.000257316
0.000247917
0.000230585
0.000207843
0.000182856
0.000158648
0.000137313
0.000119699
0.000105652
9.45486e-05
8.57763e-05
7.90287e-05
7.4404e-05
7.23695e-05
7.33018e-05
7.73089e-05
8.44185e-05
9.44045e-05
0.000107486
0.000124349
0.000145507
0.000170475
0.000197289
0.00022284
0.00024388
0.00025802
0.000264037
0.000261654
0.000251291
0.000233807
0.000211076
0.000185787
0.000160846
0.000138516
0.000119899
0.000105015
9.33085e-05
8.42413e-05
7.77013e-05
7.40268e-05
7.33322e-05
7.5539e-05
8.02338e-05
8.70772e-05
9.60472e-05
0.000107478
0.000121959
0.000140017
0.000161654
0.000185951
0.000211033
0.000234559
0.000254547
0.00026999
0.000280934
0.000288116
0.00029253
0.000295095
0.000296514
0.000297264
0.000297646
0.000297834
0.000297924
0.000297967
0.000297988
0.000297999
0.000298005
0.00029801
0.000298013
0.000298017
0.00029802
0.000298023
0.000298026
0.000298028
0.000298031
0.000298034
0.000298036
0.000298038
0.00029804
0.000298042
0.000298044
0.000298046
0.000298048
0.00029805
0.000298051
0.000298053
0.000298054
0.000298055
0.000298056
0.000298057
0.000298058
0.000298059
0.00029806
0.000298061
0.000298062
0.000298063
0.000298063
0.000298064
0.000298064
0.000298065
0.000298065
0.000298066
0.000298066
0.000298066
0.000298067
0.000298067
0.000298067
0.000298067
0.000298067
0.000298068
0.000298068
0.000297979
0.000297979
0.000297978
0.000297977
0.000297976
0.000297974
0.000297971
0.000297969
0.000297966
0.000297962
0.000297958
0.000297954
0.00029795
0.000297945
0.00029794
0.000297934
0.000297929
0.000297925
0.000297923
0.000297925
0.000297936
0.000297964
0.000298025
0.000298143
0.000298362
0.000298748
0.000299406
0.000300486
0.000302202
0.000304837
0.000308751
0.000314377
0.000322198
0.000332701
0.000346282
0.000363101
0.000382876
0.000404703
0.000427101
0.000448552
0.000468633
0.000489164
0.000514394
0.000549604
0.000595527
0.000609411
0.000568069
0.000423807
0.000261333
0.000175161
0.000141151
0.000130789
0.000129899
0.000135767
0.000146145
0.000160202
0.000177006
0.000195144
0.000212612
0.000227006
0.000235948
0.000237461
0.000232225
0.000220218
0.000203309
0.000184009
0.000164676
0.000146896
0.000131399
0.000118261
0.000107212
9.79099e-05
9.01261e-05
8.38184e-05
7.90453e-05
7.58145e-05
7.41401e-05
7.4367e-05
7.67988e-05
8.24455e-05
9.18984e-05
0.000105399
0.00012385
0.00014784
0.000176305
0.000205862
0.000231861
0.000250289
0.000258937
0.000257597
0.000247958
0.000230471
0.000207646
0.000182641
0.000158452
0.000137142
0.000119539
0.000105486
9.43579e-05
8.55481e-05
7.87557e-05
7.40841e-05
7.20037e-05
7.29115e-05
7.69189e-05
8.40495e-05
9.40598e-05
0.000107154
0.000124014
0.00014516
0.000170121
0.000196958
0.000222568
0.000243686
0.00025788
0.000263887
0.000261416
0.000250906
0.000233257
0.000210398
0.00018506
0.000160151
0.000137899
0.000119365
0.000104542
9.2868e-05
8.38142e-05
7.72877e-05
7.3638e-05
7.29657e-05
7.5209e-05
7.99459e-05
8.68263e-05
9.58159e-05
0.000107236
0.000121659
0.00013961
0.000161108
0.000185289
0.000210336
0.000233938
0.000254092
0.000269736
0.000280861
0.000288173
0.000292679
0.0002953
0.00029675
0.000297518
0.000297909
0.000298103
0.000298198
0.000298244
0.000298268
0.000298282
0.000298291
0.000298299
0.000298306
0.000298312
0.000298318
0.000298323
0.000298329
0.000298334
0.000298339
0.000298343
0.000298348
0.000298352
0.000298356
0.00029836
0.000298363
0.000298367
0.00029837
0.000298373
0.000298376
0.000298378
0.000298381
0.000298383
0.000298385
0.000298387
0.000298389
0.000298391
0.000298392
0.000298394
0.000298395
0.000298396
0.000298398
0.000298399
0.0002984
0.0002984
0.000298401
0.000298402
0.000298402
0.000298403
0.000298403
0.000298404
0.000298404
0.000298404
0.000298405
0.000298405
0.000298405
0.000298212
0.000298211
0.00029821
0.000298207
0.000298204
0.000298201
0.000298196
0.000298191
0.000298185
0.000298178
0.00029817
0.000298162
0.000298153
0.000298144
0.000298133
0.000298123
0.000298112
0.000298103
0.000298097
0.000298097
0.000298111
0.00029815
0.000298236
0.000298404
0.000298712
0.000299247
0.000300142
0.000301584
0.000303828
0.000307207
0.00031213
0.000319082
0.00032859
0.00034117
0.000357222
0.000376861
0.000399698
0.000424674
0.000450198
0.000474845
0.000498576
0.000523673
0.00055422
0.000593158
0.000636925
0.000624066
0.000545718
0.000377257
0.000227366
0.000159835
0.000135834
0.000130955
0.000133885
0.000142267
0.000154847
0.00017081
0.000188942
0.000207481
0.000224213
0.000236793
0.000243148
0.000242117
0.000234532
0.000220613
0.000202486
0.000182618
0.000163167
0.000145526
0.000130278
0.000117411
0.000106605
9.74915e-05
8.98162e-05
8.35216e-05
7.86808e-05
7.53558e-05
7.36164e-05
7.38339e-05
7.63832e-05
8.23101e-05
9.20855e-05
0.000106049
0.000125024
0.000149513
0.00017827
0.000207779
0.000233435
0.000251382
0.000259536
0.000257863
0.000247926
0.00023023
0.000207298
0.000182275
0.000158127
0.000136873
0.000119312
0.000105274
9.41373e-05
8.53002e-05
7.84703e-05
7.37577e-05
7.16375e-05
7.25256e-05
7.65397e-05
8.36967e-05
9.37338e-05
0.000106842
0.000123695
0.000144821
0.00016977
0.000196633
0.000222319
0.000243541
0.000257805
0.000263807
0.000261236
0.000250542
0.000232686
0.000209664
0.00018426
0.000159384
0.000137226
0.000118791
0.000104041
9.2407e-05
8.33714e-05
7.68642e-05
7.3246e-05
7.26008e-05
7.48845e-05
7.96639e-05
8.65777e-05
9.55784e-05
0.000106971
0.000121313
0.000139126
0.000160461
0.000184517
0.00020955
0.00023328
0.000253668
0.000269583
0.000280915
0.000288403
0.000293023
0.000295712
0.000297201
0.000297991
0.000298396
0.000298598
0.0002987
0.000298752
0.000298782
0.000298802
0.000298817
0.00029883
0.000298842
0.000298853
0.000298864
0.000298874
0.000298884
0.000298893
0.000298902
0.000298911
0.000298919
0.000298927
0.000298934
0.000298941
0.000298947
0.000298953
0.000298959
0.000298964
0.000298969
0.000298974
0.000298978
0.000298982
0.000298986
0.00029899
0.000298993
0.000298996
0.000298999
0.000299001
0.000299004
0.000299006
0.000299008
0.00029901
0.000299011
0.000299013
0.000299014
0.000299015
0.000299016
0.000299017
0.000299018
0.000299019
0.000299019
0.00029902
0.00029902
0.00029902
0.00029902
0.000298646
0.000298644
0.000298641
0.000298637
0.000298631
0.000298624
0.000298616
0.000298606
0.000298595
0.000298582
0.000298568
0.000298553
0.000298536
0.000298518
0.000298499
0.000298479
0.000298459
0.000298441
0.000298427
0.000298422
0.000298437
0.000298489
0.000298607
0.000298839
0.000299261
0.000299985
0.000301177
0.000303064
0.000305947
0.000310206
0.000316303
0.000324764
0.000336155
0.000351011
0.000369722
0.000392347
0.000418383
0.000446629
0.000475393
0.000503305
0.000530526
0.000559427
0.000593667
0.000634097
0.000653301
0.000626835
0.000521843
0.000336594
0.000201182
0.00014907
0.000133997
0.000132365
0.000138876
0.00015009
0.00016506
0.000182798
0.000201805
0.000220081
0.000235392
0.000245635
0.000249077
0.000245716
0.000235736
0.000220138
0.000201015
0.000180748
0.000161299
0.000143876
0.000128927
0.00011636
0.000105818
9.6912e-05
8.93721e-05
8.31275e-05
7.82607e-05
7.48769e-05
7.31039e-05
7.33408e-05
7.60715e-05
8.2344e-05
9.25354e-05
0.000107028
0.000126578
0.000151577
0.000180579
0.00020996
0.000235194
0.000252594
0.000260191
0.000258133
0.000247829
0.00022987
0.000206795
0.000181751
0.000157663
0.000136498
0.000119009
0.000105012
9.38825e-05
8.50295e-05
7.81702e-05
7.34237e-05
7.12703e-05
7.21439e-05
7.61716e-05
8.336e-05
9.34259e-05
0.000106546
0.000123387
0.000144485
0.000169421
0.000196323
0.00022212
0.000243474
0.000257826
0.000263829
0.000261155
0.000250246
0.000232124
0.000208889
0.00018339
0.000158543
0.000136489
0.000118171
0.000103508
9.19233e-05
8.29119e-05
7.64302e-05
7.28506e-05
7.22375e-05
7.45649e-05
7.93866e-05
8.63292e-05
9.53306e-05
0.000106678
0.000120913
0.00013856
0.000159711
0.000183649
0.000208711
0.000232644
0.000253361
0.000269586
0.000281225
0.000288929
0.00029369
0.000296463
0.000298
0.000298818
0.000299241
0.000299457
0.00029957
0.000299633
0.000299673
0.000299703
0.000299728
0.00029975
0.000299771
0.000299791
0.00029981
0.000299828
0.000299846
0.000299862
0.000299878
0.000299893
0.000299907
0.000299921
0.000299934
0.000299945
0.000299957
0.000299967
0.000299977
0.000299986
0.000299995
0.000300003
0.000300011
0.000300018
0.000300024
0.00030003
0.000300036
0.000300041
0.000300046
0.00030005
0.000300054
0.000300058
0.000300061
0.000300064
0.000300067
0.00030007
0.000300072
0.000300074
0.000300076
0.000300077
0.000300078
0.00030008
0.000300081
0.000300081
0.000300082
0.000300082
0.000300082
0.000299408
0.000299406
0.000299401
0.000299393
0.000299383
0.000299371
0.000299356
0.000299338
0.000299318
0.000299296
0.000299271
0.000299243
0.000299214
0.000299181
0.000299147
0.000299112
0.000299076
0.000299041
0.000299013
0.000298998
0.000299011
0.000299076
0.000299232
0.000299542
0.000300105
0.000301063
0.000302618
0.000305039
0.000308677
0.000313961
0.000321396
0.000331548
0.000345006
0.000362306
0.000383809
0.000409497
0.000438746
0.000470211
0.000502084
0.000532927
0.000562776
0.000593522
0.000627303
0.000664018
0.000662443
0.000624031
0.000499005
0.000303334
0.000181772
0.000142019
0.000134142
0.000136804
0.000146103
0.00015988
0.000176999
0.000196082
0.000215307
0.000232567
0.000245807
0.000253327
0.000253835
0.000248162
0.000236031
0.000218928
0.000199002
0.000178484
0.000159141
0.000142002
0.000127392
0.000115147
0.000104883
9.61958e-05
8.88083e-05
8.26412e-05
7.77833e-05
7.43752e-05
7.26007e-05
7.28927e-05
7.58397e-05
8.25326e-05
9.32601e-05
0.000108339
0.000128502
0.000154003
0.000183197
0.000212382
0.000237139
0.000253952
0.000260941
0.000258449
0.000247704
0.000229409
0.000206144
0.000181063
0.000157051
0.000136006
0.000118624
0.000104692
9.35893e-05
8.47329e-05
7.78535e-05
7.30809e-05
7.09017e-05
7.17664e-05
7.58148e-05
8.30394e-05
9.31351e-05
0.000106265
0.000123087
0.000144151
0.000169078
0.000196051
0.000222014
0.000243552
0.000258054
0.000264075
0.000261255
0.000250092
0.000231621
0.0002081
0.000182459
0.000157627
0.000135686
0.0001175
0.00010294
9.14141e-05
8.24344e-05
7.5985e-05
7.24516e-05
7.18754e-05
7.42502e-05
7.91134e-05
8.6079e-05
9.50692e-05
0.000106352
0.000120455
0.000137911
0.000158871
0.000182718
0.000207883
0.000232131
0.000253265
0.00026994
0.000281953
0.000289926
0.000294859
0.000297735
0.000299333
0.000300189
0.000300637
0.000300875
0.000301006
0.000301087
0.000301144
0.00030119
0.00030123
0.000301268
0.000301304
0.000301338
0.000301371
0.000301402
0.000301432
0.00030146
0.000301487
0.000301512
0.000301536
0.000301559
0.00030158
0.000301601
0.000301619
0.000301637
0.000301654
0.000301669
0.000301684
0.000301697
0.000301709
0.000301721
0.000301732
0.000301742
0.000301751
0.00030176
0.000301767
0.000301775
0.000301781
0.000301787
0.000301793
0.000301798
0.000301802
0.000301807
0.00030181
0.000301814
0.000301816
0.000301819
0.000301821
0.000301823
0.000301824
0.000301826
0.000301827
0.000301827
0.000301827
0.000300684
0.00030068
0.000300671
0.000300659
0.000300642
0.000300621
0.000300595
0.000300566
0.000300532
0.000300494
0.000300452
0.000300405
0.000300355
0.0003003
0.000300242
0.00030018
0.000300118
0.000300057
0.000300005
0.000299971
0.000299975
0.000300049
0.000300246
0.000300649
0.00030138
0.000302616
0.0003046
0.000307649
0.00031216
0.000318611
0.000327548
0.000339562
0.000355247
0.000375116
0.000399462
0.000428157
0.000460437
0.000494805
0.000529301
0.000562261
0.000593282
0.000623705
0.000654634
0.00067434
0.000667022
0.000618683
0.000479949
0.000278774
0.000168194
0.00013946
0.000135845
0.000142801
0.000155266
0.000171665
0.000190618
0.000210411
0.000229044
0.000244528
0.000255169
0.000259673
0.000257655
0.000249498
0.000235454
0.0002171
0.000196555
0.00017591
0.000156755
0.000139953
0.000125713
0.000113808
0.000103829
9.53668e-05
8.81418e-05
8.20717e-05
7.72505e-05
7.3846e-05
7.21111e-05
7.25032e-05
7.58064e-05
8.29338e-05
9.42667e-05
0.000109978
0.000130774
0.000156757
0.000186093
0.000215042
0.000239305
0.000255516
0.000261856
0.000258876
0.000247613
0.000228882
0.000205358
0.000180214
0.000156288
0.000135392
0.000118149
0.000104311
9.3254e-05
8.44076e-05
7.75183e-05
7.27281e-05
7.05311e-05
7.13932e-05
7.54701e-05
8.27337e-05
9.28601e-05
0.000105995
0.000122792
0.000143819
0.000168757
0.000195859
0.000222045
0.000243883
0.000258603
0.000264662
0.000261667
0.000250133
0.000231254
0.00020734
0.000181488
0.000156641
0.000134813
0.000116775
0.000102333
9.08764e-05
8.19373e-05
7.55276e-05
7.20488e-05
7.15145e-05
7.394e-05
7.88435e-05
8.58256e-05
9.47917e-05
0.00010599
0.000119939
0.000137188
0.000157968
0.000181782
0.000207163
0.000231878
0.000253565
0.000270828
0.000283318
0.000291626
0.000296771
0.000299774
0.000301449
0.000302355
0.000302841
0.00030311
0.000303271
0.00030338
0.000303464
0.000303536
0.000303602
0.000303665
0.000303724
0.00030378
0.000303834
0.000303885
0.000303934
0.00030398
0.000304024
0.000304065
0.000304104
0.000304141
0.000304176
0.000304208
0.000304238
0.000304267
0.000304293
0.000304318
0.000304341
0.000304363
0.000304383
0.000304401
0.000304418
0.000304434
0.000304449
0.000304462
0.000304475
0.000304486
0.000304497
0.000304506
0.000304515
0.000304523
0.00030453
0.000304537
0.000304542
0.000304547
0.000304552
0.000304556
0.000304559
0.000304562
0.000304565
0.000304567
0.000304568
0.000304569
0.000304569
0.000302727
0.00030272
0.000302706
0.000302686
0.000302658
0.000302624
0.000302583
0.000302535
0.000302481
0.000302419
0.00030235
0.000302274
0.000302192
0.000302102
0.000302007
0.000301907
0.000301804
0.000301702
0.00030161
0.000301543
0.000301526
0.000301602
0.000301839
0.000302343
0.000303266
0.000304823
0.000307301
0.000311065
0.000316563
0.000324317
0.000334907
0.000348935
0.000366974
0.000389472
0.000416604
0.000448082
0.00048296
0.00051958
0.000555827
0.000589703
0.000620013
0.000647113
0.000674723
0.000680364
0.00066875
0.000613645
0.000466518
0.000263509
0.000159639
0.000140282
0.000141574
0.000151708
0.000166986
0.000185609
0.000205742
0.000225374
0.000242542
0.000255601
0.00026333
0.000264828
0.00026045
0.000249988
0.000234245
0.000214823
0.000193789
0.000173108
0.000154201
0.000137776
0.000123928
0.000112374
0.000102683
9.44471e-05
8.73896e-05
8.14294e-05
7.66645e-05
7.32927e-05
7.16389e-05
7.218e-05
7.58681e-05
8.35707e-05
9.55604e-05
0.000111933
0.000133368
0.000159805
0.000189255
0.000217971
0.000241764
0.000257385
0.000263041
0.000259509
0.000247609
0.000228337
0.000204467
0.000179216
0.000155374
0.000134652
0.00011758
0.000103864
9.2873e-05
8.40511e-05
7.71626e-05
7.23641e-05
7.01579e-05
7.10241e-05
7.51375e-05
8.24428e-05
9.25994e-05
0.000105735
0.0001225
0.000143497
0.000168486
0.000195794
0.00022235
0.000244605
0.000259633
0.000265759
0.000262551
0.000250561
0.000231107
0.000206668
0.000180506
0.000155595
0.000133872
0.000115992
0.000101682
9.0307e-05
8.14182e-05
7.5057e-05
7.1642e-05
7.11546e-05
7.36347e-05
7.85768e-05
8.5568e-05
9.44966e-05
0.000105593
0.000119369
0.000136411
0.000157047
0.000180923
0.000206687
0.000231988
0.000254491
0.000272512
0.000285601
0.000294321
0.000299726
0.000302887
0.000304661
0.000305636
0.000306178
0.000306495
0.000306701
0.000306853
0.000306979
0.000307091
0.000307196
0.000307295
0.000307389
0.000307478
0.000307564
0.000307645
0.000307721
0.000307794
0.000307862
0.000307927
0.000307988
0.000308045
0.000308099
0.000308149
0.000308196
0.00030824
0.00030828
0.000308319
0.000308354
0.000308387
0.000308418
0.000308446
0.000308472
0.000308496
0.000308519
0.000308539
0.000308558
0.000308576
0.000308592
0.000308606
0.00030862
0.000308632
0.000308642
0.000308652
0.000308661
0.000308669
0.000308676
0.000308682
0.000308687
0.000308691
0.000308695
0.000308698
0.0003087
0.000308701
0.000308702
0.000305865
0.000305854
0.000305833
0.000305801
0.000305759
0.000305706
0.000305642
0.000305567
0.000305482
0.000305386
0.000305278
0.00030516
0.000305031
0.000304891
0.000304741
0.000304583
0.000304419
0.000304256
0.000304104
0.000303983
0.000303927
0.00030399
0.000304261
0.000304868
0.000306
0.000307911
0.000310937
0.000315495
0.000322081
0.000331259
0.000343631
0.000359795
0.000380269
0.000405381
0.000435122
0.00046897
0.000505752
0.000543653
0.000580475
0.000614065
0.000642542
0.00066475
0.000682979
0.00068336
0.000668836
0.000608342
0.000458346
0.000257427
0.000156785
0.000143922
0.000149846
0.000163313
0.000181294
0.000201576
0.000221972
0.000240445
0.000255356
0.000265556
0.00027027
0.000269112
0.000262385
0.000249895
0.000232627
0.000212262
0.000190821
0.000170159
0.000151539
0.000135514
0.000122071
0.000110872
0.000101469
9.3457e-05
8.65676e-05
8.07241e-05
7.60324e-05
7.27223e-05
7.11853e-05
7.1927e-05
7.60838e-05
8.44547e-05
9.71372e-05
0.000114183
0.000136249
0.000163126
0.000192708
0.00022125
0.000244644
0.00025971
0.000264647
0.000260481
0.000247806
0.000227845
0.000203512
0.000178088
0.000154316
0.000133786
0.000116915
0.000103348
9.24437e-05
8.36609e-05
7.67847e-05
7.1988e-05
6.97818e-05
7.06592e-05
7.48172e-05
8.21662e-05
9.23517e-05
0.000105483
0.000122214
0.000143203
0.000168319
0.000195949
0.00022305
0.000245896
0.000261349
0.000267577
0.000264098
0.000251509
0.000231278
0.00020617
0.000179556
0.000154507
0.000132867
0.00011515
0.000100985
8.97028e-05
8.08748e-05
7.45718e-05
7.1231e-05
7.07957e-05
7.33344e-05
7.83135e-05
8.53061e-05
9.41842e-05
0.000105163
0.000118758
0.000135611
0.000156175
0.00018026
0.00020657
0.000232785
0.000256327
0.000275307
0.000289137
0.000298362
0.000304084
0.000307442
0.000309346
0.000310417
0.000311038
0.000311427
0.0003117
0.000311916
0.000312104
0.000312275
0.000312435
0.000312587
0.000312731
0.000312868
0.000312998
0.000313121
0.000313237
0.000313347
0.00031345
0.000313547
0.000313638
0.000313723
0.000313803
0.000313878
0.000313948
0.000314013
0.000314074
0.00031413
0.000314182
0.000314231
0.000314276
0.000314318
0.000314357
0.000314392
0.000314425
0.000314455
0.000314483
0.000314508
0.000314532
0.000314553
0.000314572
0.00031459
0.000314606
0.00031462
0.000314633
0.000314644
0.000314654
0.000314663
0.00031467
0.000314677
0.000314682
0.000314686
0.000314689
0.000314691
0.000314692
0.000310503
0.000310488
0.000310456
0.000310409
0.000310345
0.000310266
0.00031017
0.000310059
0.000309931
0.000309786
0.000309625
0.000309448
0.000309253
0.000309042
0.000308816
0.000308576
0.000308326
0.000308074
0.000307834
0.000307632
0.00030751
0.000307538
0.000307824
0.000308527
0.000309871
0.000312158
0.000315773
0.000321184
0.000328937
0.000339633
0.000353887
0.000372267
0.000395197
0.000422826
0.00045488
0.000490528
0.000528326
0.000566315
0.000602326
0.000634399
0.000660651
0.000679198
0.000688128
0.000685271
0.000665915
0.000601162
0.000452829
0.000259937
0.000165141
0.00015425
0.000162463
0.000178542
0.000198421
0.000219281
0.000238765
0.00025511
0.000267203
0.000274399
0.000276219
0.000272789
0.000263827
0.0002495
0.000230845
0.000209596
0.000187776
0.000167148
0.000148826
0.000133209
0.000120173
0.000109327
0.000100208
9.24146e-05
8.56906e-05
7.99675e-05
7.53623e-05
7.21426e-05
7.07532e-05
7.17515e-05
7.64827e-05
8.55908e-05
9.89814e-05
0.000116699
0.000139392
0.000166732
0.000196526
0.000225022
0.00024813
0.000262693
0.000266869
0.000261964
0.000248343
0.000227519
0.000202554
0.000176862
0.000153127
0.000132798
0.000116153
0.000102762
9.19639e-05
8.32353e-05
7.63833e-05
7.15988e-05
6.94021e-05
7.02996e-05
7.45075e-05
8.19036e-05
9.21162e-05
0.000105239
0.000121943
0.000142962
0.000168293
0.000196452
0.000224325
0.000247977
0.000264
0.000270368
0.000266546
0.000253189
0.00023197
0.000205944
0.000178689
0.000153401
0.000131804
0.000114249
0.000100238
8.90608e-05
8.03046e-05
7.40708e-05
7.08155e-05
7.0438e-05
7.30398e-05
7.80543e-05
8.50407e-05
9.38566e-05
0.000104708
0.000118127
0.000134834
0.000155439
0.000179941
0.000207058
0.0002345
0.00025939
0.000279571
0.00029431
0.000304146
0.000310255
0.00031386
0.000315934
0.000317136
0.000317869
0.000318361
0.000318731
0.000319039
0.000319314
0.000319567
0.000319805
0.00032003
0.000320244
0.000320445
0.000320636
0.000320816
0.000320985
0.000321145
0.000321294
0.000321435
0.000321566
0.000321689
0.000321804
0.000321911
0.000322011
0.000322104
0.00032219
0.000322271
0.000322345
0.000322415
0.000322479
0.000322538
0.000322593
0.000322643
0.000322689
0.000322732
0.000322771
0.000322807
0.00032284
0.00032287
0.000322897
0.000322922
0.000322944
0.000322964
0.000322982
0.000322998
0.000323012
0.000323024
0.000323034
0.000323043
0.000323051
0.000323056
0.000323061
0.000323064
0.000323065
0.000317117
0.000317094
0.000317049
0.000316981
0.00031689
0.000316775
0.000316638
0.000316477
0.000316292
0.000316083
0.00031585
0.000315592
0.00031531
0.000315003
0.000314673
0.000314322
0.000313954
0.00031358
0.000313217
0.000312897
0.000312673
0.000312632
0.000312904
0.000313681
0.000315227
0.000317892
0.000322113
0.000328412
0.000337382
0.000349653
0.000365841
0.000386459
0.000411796
0.00044176
0.000475738
0.000512528
0.000550403
0.000587323
0.000621226
0.000650491
0.000675574
0.000688601
0.000691091
0.000685572
0.000660551
0.000589661
0.000440569
0.000264985
0.00017902
0.000169685
0.000179876
0.000197627
0.000218107
0.000238136
0.000255522
0.000269022
0.00027807
0.000282385
0.000281713
0.000276165
0.000265212
0.000249211
0.000229178
0.000207021
0.000184784
0.000164162
0.00014612
0.0001309
0.000118264
0.000107763
9.89184e-05
9.13363e-05
8.47723e-05
7.91712e-05
7.46631e-05
7.15633e-05
7.03537e-05
7.17311e-05
7.70874e-05
8.69772e-05
0.000101069
0.000119454
0.000142795
0.000170682
0.000200856
0.0002295
0.000252472
0.000266588
0.000269946
0.000264164
0.000249375
0.000227437
0.000201659
0.000175579
0.00015183
0.000131698
0.000115298
0.000102104
9.14328e-05
8.2773e-05
7.59574e-05
7.11958e-05
6.90187e-05
6.99454e-05
7.42086e-05
8.16548e-05
9.18925e-05
0.000105006
0.000121701
0.000142825
0.000168523
0.000197448
0.000226384
0.000251108
0.00026787
0.000274417
0.00027016
0.000255818
0.00023331
0.000206036
0.000177968
0.00015231
0.000130699
0.000113291
9.94413e-05
8.83789e-05
7.97054e-05
7.35527e-05
7.03956e-05
7.00818e-05
7.27521e-05
7.78006e-05
8.47739e-05
9.35186e-05
0.000104239
0.000117505
0.000134143
0.000154952
0.000180047
0.0002084
0.000237462
0.000264055
0.000285712
0.000301545
0.000312112
0.000318687
0.000322599
0.000324893
0.000326273
0.000327162
0.000327797
0.0003283
0.000328734
0.000329126
0.000329491
0.000329833
0.000330155
0.000330459
0.000330746
0.000331016
0.00033127
0.000331508
0.000331731
0.00033194
0.000332136
0.000332319
0.00033249
0.000332649
0.000332797
0.000332935
0.000333063
0.000333182
0.000333293
0.000333395
0.00033349
0.000333578
0.000333659
0.000333733
0.000333802
0.000333865
0.000333923
0.000333977
0.000334025
0.00033407
0.00033411
0.000334147
0.000334181
0.000334211
0.000334238
0.000334262
0.000334284
0.000334303
0.000334319
0.000334333
0.000334345
0.000334355
0.000334363
0.000334369
0.000334373
0.000334375
0.000326233
0.000326202
0.000326139
0.000326044
0.000325917
0.000325758
0.000325566
0.000325342
0.000325084
0.000324792
0.000324466
0.000324105
0.000323709
0.000323278
0.000322812
0.000322316
0.000321793
0.000321257
0.000320728
0.000320246
0.000319875
0.000319719
0.000319934
0.000320746
0.000322463
0.000325483
0.0003303
0.000337488
0.000347682
0.000361536
0.000379648
0.000402453
0.000430063
0.000462095
0.000497543
0.000534803
0.000571913
0.000606918
0.000638122
0.000663879
0.000684601
0.000693263
0.000692356
0.000682902
0.000651045
0.000571296
0.000409602
0.000260015
0.000196295
0.000189872
0.000201674
0.00021995
0.000239542
0.000257382
0.000271802
0.000282151
0.000288271
0.000290009
0.000287333
0.000279788
0.000267002
0.000249306
0.000227923
0.000204745
0.000181989
0.000161296
0.000143483
0.000128629
0.000116373
0.000106201
9.76188e-05
9.02374e-05
8.38261e-05
7.83462e-05
7.39445e-05
7.09946e-05
6.99933e-05
7.1809e-05
7.79112e-05
8.86021e-05
0.000103375
0.000122437
0.000146499
0.00017511
0.000205919
0.000234971
0.000257981
0.000271698
0.000274157
0.000267315
0.000251078
0.000227729
0.000200915
0.000174292
0.000150455
0.000130501
0.000114357
0.000101379
9.08506e-05
8.22737e-05
7.55062e-05
7.07786e-05
6.86313e-05
6.95963e-05
7.39208e-05
8.14199e-05
9.16819e-05
0.000104791
0.00012151
0.000142829
0.000169119
0.00019912
0.00022948
0.000255588
0.00027328
0.00028004
0.000275229
0.000259647
0.000235512
0.000206674
0.000177491
0.000151275
0.000129569
0.000112284
9.85938e-05
8.76556e-05
7.90753e-05
7.30165e-05
6.99715e-05
6.97275e-05
7.24727e-05
7.75545e-05
8.45094e-05
9.3178e-05
0.000103777
0.000116933
0.000133615
0.000154822
0.000180917
0.000210903
0.000242037
0.000270738
0.000294171
0.000311296
0.000322718
0.000329846
0.000334134
0.00033671
0.000338324
0.000339421
0.000340246
0.000340926
0.000341524
0.00034207
0.000342577
0.000343052
0.000343498
0.000343917
0.00034431
0.000344679
0.000345024
0.000345348
0.00034565
0.000345932
0.000346196
0.000346441
0.00034667
0.000346883
0.000347081
0.000347265
0.000347435
0.000347593
0.00034774
0.000347875
0.000348001
0.000348117
0.000348223
0.000348322
0.000348412
0.000348495
0.000348572
0.000348642
0.000348706
0.000348764
0.000348817
0.000348866
0.000348909
0.000348949
0.000348984
0.000349016
0.000349044
0.000349068
0.00034909
0.000349109
0.000349124
0.000349137
0.000349147
0.000349155
0.00034916
0.000349162
0.000338402
0.00033836
0.000338275
0.000338147
0.000337977
0.000337763
0.000337505
0.000337203
0.000336855
0.00033646
0.000336019
0.00033553
0.000334992
0.000334406
0.000333771
0.000333091
0.000332372
0.000331628
0.000330885
0.000330188
0.000329615
0.000329286
0.000329385
0.000330174
0.000332006
0.000335332
0.000340699
0.000348735
0.00036011
0.000375489
0.000395437
0.000420281
0.000449927
0.00048367
0.000520088
0.000557177
0.000592788
0.000625183
0.000653313
0.000678195
0.000691854
0.000695661
0.00069276
0.000678111
0.000636499
0.000546433
0.000380418
0.000247849
0.00021515
0.000214243
0.00022711
0.000244497
0.000261767
0.000276451
0.000287543
0.000294859
0.00029842
0.000298061
0.000293635
0.000284317
0.00026976
0.00025032
0.000227391
0.000203008
0.000179551
0.000158652
0.000140981
0.000126438
0.000114527
0.000104663
9.63257e-05
8.91317e-05
8.28647e-05
7.75029e-05
7.32161e-05
7.04463e-05
6.96805e-05
7.203e-05
7.89594e-05
9.04453e-05
0.000105879
0.000125668
0.000150608
0.000180227
0.000212027
0.000241797
0.000265021
0.000278359
0.000279824
0.00027168
0.000253668
0.000228586
0.000200458
0.000173073
0.000149041
0.000129229
0.000113339
0.00010059
9.02194e-05
8.1738e-05
7.50298e-05
7.03468e-05
6.82399e-05
6.92524e-05
7.36449e-05
8.11999e-05
9.14876e-05
0.000104605
0.000121405
0.000143072
0.000170222
0.000201691
0.000233904
0.000261754
0.000280577
0.000287576
0.000282067
0.000264943
0.000238776
0.000207953
0.000177312
0.000150341
0.000128437
0.000111237
9.76991e-05
8.68904e-05
7.8413e-05
7.24616e-05
6.95436e-05
6.9376e-05
7.22037e-05
7.73194e-05
8.42525e-05
9.28463e-05
0.000103345
0.000116466
0.000133357
0.000155236
0.00018276
0.000214914
0.00024866
0.000279913
0.000305428
0.000324032
0.000336427
0.000344193
0.00034893
0.000351856
0.000353766
0.000355127
0.000356194
0.000357098
0.000357902
0.000358638
0.000359321
0.000359958
0.000360553
0.00036111
0.00036163
0.000362117
0.000362571
0.000362994
0.000363389
0.000363756
0.000364099
0.000364417
0.000364713
0.000364987
0.000365242
0.000365479
0.000365698
0.0003659
0.000366088
0.000366261
0.000366421
0.000366569
0.000366704
0.00036683
0.000366945
0.00036705
0.000367147
0.000367236
0.000367317
0.00036739
0.000367458
0.000367519
0.000367574
0.000367623
0.000367668
0.000367708
0.000367743
0.000367774
0.000367802
0.000367825
0.000367844
0.000367861
0.000367873
0.000367883
0.000367889
0.000367892
0.000354153
0.000354098
0.000353988
0.000353822
0.0003536
0.000353322
0.000352986
0.000352592
0.000352137
0.000351622
0.000351044
0.000350402
0.000349696
0.000348923
0.000348084
0.000347182
0.000346224
0.000345226
0.000344215
0.000343246
0.000342405
0.000341835
0.000341744
0.000342431
0.000344296
0.000347844
0.000353676
0.000362468
0.00037492
0.000391692
0.00041329
0.000439907
0.000471226
0.000506218
0.000543076
0.000579426
0.000612965
0.000642353
0.000667062
0.000687112
0.000696482
0.000696934
0.000691425
0.000670032
0.000613517
0.000506588
0.000354975
0.000262389
0.000240699
0.000242808
0.000255109
0.000270142
0.000284092
0.000295251
0.000303162
0.000307862
0.000309333
0.000307386
0.000301379
0.000290432
0.000274063
0.000252668
0.000227844
0.000202102
0.000177658
0.000156352
0.000138688
0.000124372
0.000112757
0.000103168
9.5055e-05
8.80328e-05
8.18999e-05
7.66512e-05
7.24872e-05
6.99299e-05
6.94334e-05
7.24196e-05
8.02301e-05
9.24867e-05
0.000108584
0.000129218
0.000155308
0.000186344
0.000219577
0.000250408
0.000274006
0.000286937
0.000287306
0.00027754
0.000257377
0.000230167
0.000200353
0.000171999
0.000147641
0.000127913
0.000112261
9.97454e-05
8.95431e-05
8.11676e-05
7.45289e-05
6.99005e-05
6.78447e-05
6.89138e-05
7.33817e-05
8.09969e-05
9.13156e-05
0.000104468
0.000121438
0.000143654
0.000172016
0.000205431
0.000240001
0.000269985
0.000290143
0.000297387
0.000291013
0.000272009
0.000243346
0.000210044
0.000177533
0.000149573
0.000127337
0.000110165
9.67628e-05
8.60843e-05
7.77181e-05
7.18878e-05
6.91129e-05
6.90284e-05
7.1948e-05
7.70996e-05
8.40114e-05
9.25399e-05
0.000102979
0.000116169
0.000133473
0.000156443
0.000185931
0.000220888
0.000257849
0.000292111
0.000319986
0.000340218
0.000353672
0.000362145
0.000367396
0.000370735
0.000373003
0.000374685
0.000376044
0.000377214
0.000378262
0.00037922
0.000380107
0.00038093
0.000381697
0.00038241
0.000383074
0.000383692
0.000384267
0.000384802
0.000385298
0.00038576
0.000386188
0.000386586
0.000386955
0.000387296
0.000387613
0.000387905
0.000388176
0.000388427
0.000388658
0.000388871
0.000389068
0.000389249
0.000389416
0.000389569
0.00038971
0.000389839
0.000389958
0.000390066
0.000390165
0.000390255
0.000390336
0.000390411
0.000390478
0.000390538
0.000390592
0.000390641
0.000390683
0.000390721
0.000390754
0.000390782
0.000390806
0.000390826
0.000390841
0.000390852
0.00039086
0.000390864
0.000373927
0.000373858
0.00037372
0.000373511
0.000373233
0.000372883
0.000372459
0.000371962
0.000371388
0.000370737
0.000370005
0.00036919
0.000368291
0.000367305
0.000366232
0.000365074
0.000363838
0.000362539
0.000361209
0.000359908
0.000358733
0.000357843
0.000357474
0.000357962
0.000359751
0.0003634
0.000369567
0.000378968
0.000392324
0.000410269
0.000433221
0.000461215
0.000493695
0.000529349
0.000566071
0.000601197
0.00063214
0.000657762
0.000681182
0.000694168
0.000699033
0.00069758
0.000688512
0.000658583
0.000582104
0.000457807
0.000334548
0.000284142
0.000270544
0.000273904
0.000284333
0.000296108
0.00030643
0.000314273
0.000319485
0.00032212
0.000322001
0.000318764
0.000311381
0.000298841
0.000280533
0.000256912
0.000229838
0.000202128
0.000176539
0.00015454
0.000136691
0.000122482
0.000111092
0.000101738
9.38229e-05
8.69541e-05
8.09426e-05
7.58001e-05
7.17659e-05
6.94532e-05
6.92326e-05
7.29949e-05
8.17185e-05
9.47146e-05
0.000111532
0.00013323
0.000160878
0.000193872
0.00022906
0.0002613
0.000285393
0.000297807
0.000297022
0.000285202
0.000262487
0.000232697
0.000200796
0.0001712
0.00014633
0.000126593
0.000111145
9.88575e-05
8.88279e-05
8.0566e-05
7.40049e-05
6.94391e-05
6.74468e-05
6.85813e-05
7.31332e-05
8.08149e-05
9.11765e-05
0.000104412
0.000121671
0.000144713
0.000174736
0.000210683
0.000248187
0.000280716
0.000302391
0.000309861
0.000302435
0.000281188
0.000249523
0.000213191
0.000178355
0.000149073
0.000126315
0.000109089
9.57943e-05
8.52405e-05
7.69913e-05
7.12954e-05
6.86814e-05
6.8686e-05
7.17093e-05
7.69013e-05
8.37972e-05
9.22819e-05
0.000102729
0.000116161
0.000134196
0.000158748
0.000190885
0.000229402
0.000270231
0.000307922
0.000338351
0.000360274
0.000374811
0.000384017
0.00038982
0.000393618
0.000396289
0.000398334
0.000400022
0.000401489
0.000402806
0.000404008
0.000405116
0.000406139
0.000407087
0.000407965
0.00040878
0.000409535
0.000410235
0.000410884
0.000411485
0.000412042
0.000412557
0.000413035
0.000413476
0.000413885
0.000414262
0.000414611
0.000414933
0.00041523
0.000415505
0.000415757
0.00041599
0.000416204
0.0004164
0.000416581
0.000416747
0.000416898
0.000417037
0.000417164
0.00041728
0.000417385
0.000417481
0.000417568
0.000417646
0.000417717
0.00041778
0.000417836
0.000417886
0.00041793
0.000417968
0.000418001
0.000418029
0.000418051
0.000418069
0.000418083
0.000418091
0.000418096
0.000397981
0.000397897
0.00039773
0.000397477
0.000397139
0.000396714
0.0003962
0.000395595
0.000394896
0.0003941
0.000393205
0.000392206
0.000391101
0.000389886
0.000388559
0.000387121
0.000385577
0.000383942
0.000382251
0.000380566
0.000378993
0.000377706
0.000376964
0.000377138
0.000378716
0.000382312
0.000388633
0.000398436
0.000412449
0.000431257
0.000455161
0.000483999
0.000516977
0.000552555
0.000588492
0.000622082
0.000650483
0.000671678
0.000689798
0.000698782
0.00070042
0.000697562
0.000684014
0.000644471
0.00055521
0.000426009
0.000345998
0.000312269
0.000303241
0.000306299
0.000314061
0.000322372
0.000329361
0.000334448
0.000337571
0.000338656
0.000337392
0.000333042
0.000324414
0.000310259
0.000289831
0.000263645
0.000233868
0.000203754
0.000176355
0.000153404
0.0001351
0.000120831
0.000109569
0.000100396
9.26458e-05
8.5909e-05
8.00033e-05
7.49586e-05
7.1063e-05
6.90269e-05
6.91967e-05
7.37749e-05
8.34217e-05
9.71393e-05
0.000114817
0.000137931
0.000167707
0.000203336
0.000241058
0.000275031
0.000299674
0.000311434
0.000309305
0.000295071
0.000269362
0.000236498
0.000202057
0.000170847
0.000145207
0.000125327
0.000110023
9.79423e-05
8.8083e-05
7.99381e-05
7.34603e-05
6.89637e-05
6.70463e-05
6.8256e-05
7.29023e-05
8.06599e-05
9.10847e-05
0.000104479
0.000122211
0.00014644
0.000178698
0.000217886
0.000258969
0.000294444
0.000317767
0.00032541
0.000316739
0.000292888
0.000257681
0.000217684
0.000179939
0.000148911
0.000125423
0.000108038
9.48072e-05
8.43648e-05
7.62351e-05
7.0689e-05
6.82435e-05
6.83556e-05
7.14928e-05
7.6733e-05
8.36248e-05
9.21027e-05
0.000102696
0.000116573
0.00013578
0.000162589
0.000198243
0.0002412
0.000286548
0.000327969
0.000360978
0.000384508
0.000400043
0.000409934
0.000416277
0.00042054
0.000423627
0.000426048
0.000428073
0.000429843
0.000431431
0.000432876
0.0004342
0.000435419
0.000436541
0.000437577
0.000438534
0.000439417
0.000440234
0.000440988
0.000441684
0.000442327
0.000442922
0.000443471
0.000443977
0.000444445
0.000444876
0.000445274
0.000445641
0.000445979
0.00044629
0.000446576
0.000446839
0.000447081
0.000447303
0.000447507
0.000447693
0.000447864
0.00044802
0.000448162
0.000448292
0.00044841
0.000448517
0.000448614
0.000448702
0.000448781
0.000448851
0.000448914
0.00044897
0.000449019
0.000449061
0.000449098
0.000449128
0.000449154
0.000449174
0.000449188
0.000449198
0.000449203
0.000426266
0.000426168
0.000425973
0.000425679
0.000425284
0.000424788
0.000424187
0.000423478
0.000422659
0.000421724
0.00042067
0.000419492
0.000418185
0.000416742
0.000415161
0.000413439
0.000411579
0.000409596
0.000407522
0.00040542
0.000403401
0.00040165
0.000400445
0.000400186
0.000401403
0.000404757
0.000411007
0.000420945
0.000435296
0.000454576
0.000478935
0.000507985
0.000540681
0.000575301
0.000609588
0.000641097
0.000667251
0.000685206
0.000696645
0.000701517
0.000701108
0.000696061
0.000677212
0.000625389
0.000531386
0.0004214
0.000367617
0.000344173
0.00033762
0.00033944
0.000344379
0.000349594
0.000353885
0.000356889
0.000358493
0.000358459
0.000356307
0.000351016
0.000341211
0.000325403
0.000302675
0.00027357
0.000240565
0.000207418
0.000177624
0.000153124
0.000134052
0.000119496
0.000108231
9.91663e-05
9.15415e-05
8.49111e-05
7.90931e-05
7.41374e-05
7.03971e-05
6.86306e-05
6.92612e-05
7.47737e-05
8.53375e-05
9.98057e-05
0.0001186
0.000143651
0.000176311
0.000215392
0.000256253
0.000292204
0.000317356
0.000328284
0.000324584
0.000307615
0.000278471
0.00024199
0.000204431
0.000171073
0.000144412
0.000124193
0.000108935
9.70224e-05
8.7321e-05
7.92912e-05
7.28988e-05
6.84764e-05
6.66436e-05
6.79397e-05
7.26936e-05
8.05443e-05
9.10891e-05
0.000104723
0.000123188
0.000149097
0.000184335
0.000227623
0.000272975
0.00031173
0.000336739
0.000344455
0.000334368
0.000307599
0.000268311
0.00022393
0.000182574
0.000149272
0.000124746
0.000107052
9.38206e-05
8.34659e-05
7.5454e-05
7.00712e-05
6.78e-05
6.80415e-05
7.13048e-05
7.6602e-05
8.3519e-05
9.20997e-05
0.000102945
0.000117639
0.000138621
0.000168593
0.000208846
0.000257215
0.000307631
0.000352834
0.000388177
0.000413007
0.0004293
0.000439725
0.000446515
0.000451186
0.000454649
0.00045741
0.00045974
0.000461781
0.000463608
0.000465263
0.000466773
0.000468154
0.000469422
0.000470586
0.000471657
0.000472642
0.000473549
0.000474384
0.000475153
0.000475862
0.000476514
0.000477116
0.00047767
0.00047818
0.000478649
0.000479082
0.00047948
0.000479846
0.000480182
0.000480491
0.000480775
0.000481035
0.000481274
0.000481493
0.000481693
0.000481876
0.000482043
0.000482195
0.000482334
0.00048246
0.000482574
0.000482677
0.00048277
0.000482854
0.000482929
0.000482996
0.000483055
0.000483107
0.000483152
0.00048319
0.000483223
0.00048325
0.000483271
0.000483286
0.000483297
0.000483302
0.0004583
0.000458191
0.000457973
0.000457645
0.000457205
0.000456649
0.000455977
0.000455182
0.000454262
0.000453211
0.000452022
0.00045069
0.000449207
0.000447565
0.000445757
0.000443778
0.000441628
0.000439318
0.000436874
0.000434358
0.000431881
0.00042963
0.000427895
0.000427096
0.000427798
0.000430705
0.000436624
0.000446378
0.000460685
0.000479982
0.000504243
0.000532832
0.000564454
0.000597243
0.000628956
0.000657409
0.000682309
0.000694987
0.000701365
0.000702857
0.000701356
0.000693647
0.000668447
0.000606915
0.000507921
0.000434917
0.000396201
0.000378718
0.000373156
0.000373445
0.000375939
0.000378744
0.000381062
0.000382594
0.000383124
0.000382293
0.00037941
0.000373311
0.000362408
0.000344967
0.000319842
0.00028752
0.000250741
0.000213823
0.000180855
0.000154107
0.000133745
0.000118587
0.000107135
9.8082e-05
9.05305e-05
8.39756e-05
7.82234e-05
7.33471e-05
6.97742e-05
6.82729e-05
6.94778e-05
7.59983e-05
8.74659e-05
0.000102807
0.000123128
0.000150847
0.000187373
0.000230848
0.000275412
0.00031344
0.000338934
0.000348818
0.00034335
0.000323402
0.000290443
0.000249784
0.000208448
0.000172354
0.000144144
0.0001233
0.000107939
9.61276e-05
8.6559e-05
7.86351e-05
7.23251e-05
6.79799e-05
6.62394e-05
6.7635e-05
7.25137e-05
8.04882e-05
9.11915e-05
0.000105245
0.000124812
0.000153068
0.000192257
0.000240664
0.000290963
0.000333178
0.000359758
0.0003674
0.000355785
0.000325909
0.00028206
0.000232504
0.000186668
0.000150412
0.000124408
0.000106186
9.28606e-05
8.25562e-05
7.46541e-05
6.94449e-05
6.73536e-05
6.77491e-05
7.11558e-05
7.65427e-05
8.3541e-05
9.22786e-05
0.000103673
0.000119689
0.000143307
0.00017764
0.000223804
0.000278563
0.000334309
0.000382915
0.000419954
0.000445499
0.000462125
0.000472799
0.000479847
0.000484789
0.000488519
0.000491527
0.000494079
0.000496312
0.000498305
0.000500102
0.000501733
0.000503219
0.000504575
0.000505815
0.000506951
0.000507993
0.000508948
0.000509825
0.00051063
0.00051137
0.00051205
0.000512674
0.000513249
0.000513776
0.000514261
0.000514707
0.000515116
0.000515492
0.000515836
0.000516153
0.000516443
0.000516709
0.000516952
0.000517175
0.000517378
0.000517564
0.000517733
0.000517887
0.000518028
0.000518155
0.00051827
0.000518375
0.000518469
0.000518553
0.000518628
0.000518695
0.000518755
0.000518807
0.000518852
0.000518891
0.000518923
0.00051895
0.000518971
0.000518987
0.000518997
0.000519002
0.000493082
0.000492967
0.000492735
0.000492386
0.000491918
0.000491327
0.00049061
0.000489762
0.000488777
0.000487651
0.000486374
0.000484938
0.000483334
0.000481551
0.00047958
0.00047741
0.000475038
0.000472466
0.000469716
0.000466842
0.000463946
0.000461211
0.000458927
0.000457521
0.00045758
0.000459841
0.000465151
0.000474369
0.000488207
0.000507027
0.000530627
0.000558112
0.00058796
0.00061827
0.000647025
0.000672017
0.000691341
0.000700215
0.000703559
0.000703404
0.000700628
0.000689931
0.000656098
0.000590108
0.000505201
0.000455505
0.000428068
0.000414826
0.000409764
0.000408809
0.000409529
0.000410671
0.000411658
0.000412191
0.000411973
0.000410542
0.00040708
0.000400309
0.000388464
0.000369551
0.000342121
0.000306453
0.000265416
0.000223902
0.000186776
0.000156872
0.000134495
0.000118287
0.000106365
9.71846e-05
8.96375e-05
8.31195e-05
7.74071e-05
7.2597e-05
6.91986e-05
6.79704e-05
6.9873e-05
7.74513e-05
8.98335e-05
0.000106308
0.000128765
0.000160158
0.000201791
0.000250682
0.000299357
0.000339318
0.000364832
0.00037346
0.000366114
0.000343111
0.000306103
0.000260731
0.000214824
0.000175145
0.000144693
0.000122806
0.000107112
9.5299e-05
8.58198e-05
7.7983e-05
7.17461e-05
6.74774e-05
6.5835e-05
6.73464e-05
7.23745e-05
8.0516e-05
9.14741e-05
0.00010619
0.000127395
0.000158929
0.000203333
0.000258019
0.000313806
0.000359373
0.000387184
0.000394554
0.000381425
0.000348471
0.000299748
0.000244199
0.000192798
0.000152653
0.00012457
0.000105514
9.19621e-05
8.16528e-05
7.38437e-05
6.88144e-05
6.69077e-05
6.74839e-05
7.10519e-05
7.65651e-05
8.37048e-05
9.28069e-05
0.000105146
0.000123224
0.00015068
0.000190927
0.000244519
0.00030643
0.000367198
0.000418205
0.000455833
0.00048121
0.00049756
0.000508075
0.000515096
0.000520093
0.000523913
0.000527019
0.000529658
0.000531964
0.000534014
0.000535853
0.000537514
0.00053902
0.000540389
0.000541635
0.000542772
0.000543811
0.00054476
0.000545629
0.000546424
0.000547153
0.000547821
0.000548433
0.000548995
0.00054951
0.000549982
0.000550415
0.000550812
0.000551176
0.000551509
0.000551815
0.000552094
0.00055235
0.000552584
0.000552798
0.000552993
0.000553171
0.000553333
0.00055348
0.000553614
0.000553736
0.000553845
0.000553944
0.000554034
0.000554114
0.000554185
0.000554249
0.000554305
0.000554354
0.000554397
0.000554434
0.000554464
0.00055449
0.00055451
0.000554524
0.000554534
0.000554539
0.000529105
0.000528989
0.000528756
0.000528405
0.000527933
0.000527338
0.000526613
0.000525756
0.000524759
0.000523615
0.000522315
0.000520848
0.000519205
0.000517371
0.000515332
0.000513076
0.000510592
0.000507876
0.00050494
0.000501824
0.000498619
0.000495488
0.000492708
0.000490697
0.000490044
0.0004915
0.000495943
0.000504266
0.000517194
0.000535037
0.000557438
0.000583253
0.000610731
0.000637969
0.000663294
0.00068656
0.000698052
0.000703211
0.000704471
0.000703609
0.000699089
0.000685029
0.000643484
0.000573095
0.000516822
0.000482164
0.000462441
0.000452265
0.000447661
0.000445969
0.000445602
0.000445714
0.000445859
0.000445732
0.000444994
0.000443116
0.000439233
0.000431997
0.000419507
0.00039952
0.000370191
0.00033138
0.000285823
0.000238892
0.000196418
0.00016214
0.000136766
0.000118826
0.000106082
9.65357e-05
8.88942e-05
8.23631e-05
7.66582e-05
7.18954e-05
6.86749e-05
6.77357e-05
7.04654e-05
7.91464e-05
9.25309e-05
0.000110573
0.000136052
0.000172493
0.000220739
0.000276007
0.000328856
0.000370255
0.000395302
0.000402503
0.00039334
0.000367492
0.000326485
0.000275991
0.000224605
0.000180231
0.000146583
0.000122984
0.000106575
9.45942e-05
8.51345e-05
7.73525e-05
7.11714e-05
6.69723e-05
6.54325e-05
6.70798e-05
7.22997e-05
8.06652e-05
9.20398e-05
0.000107788
0.000131424
0.00016755
0.000218793
0.000280952
0.0003424
0.000390737
0.000419146
0.000426009
0.000411574
0.000375927
0.000322367
0.000260095
0.000201816
0.000156506
0.000125497
0.00010516
9.1175e-05
8.0778e-05
7.30331e-05
6.81849e-05
6.64673e-05
6.72596e-05
7.10396e-05
7.67059e-05
8.41162e-05
9.38892e-05
0.000107767
0.000128985
0.000161903
0.000210055
0.000272595
0.000341802
0.000406375
0.000458024
0.000494685
0.000518787
0.000534131
0.000544
0.000550646
0.000555432
0.000559125
0.000562141
0.000564704
0.000566939
0.000568917
0.000570684
0.000572272
0.000573704
0.000575001
0.000576177
0.000577246
0.000578218
0.000579105
0.000579913
0.000580652
0.000581326
0.000581943
0.000582507
0.000583023
0.000583495
0.000583927
0.000584323
0.000584685
0.000585016
0.000585319
0.000585597
0.00058585
0.000586082
0.000586293
0.000586486
0.000586661
0.000586821
0.000586967
0.000587099
0.000587219
0.000587328
0.000587426
0.000587515
0.000587594
0.000587666
0.000587729
0.000587786
0.000587836
0.000587879
0.000587917
0.00058795
0.000587977
0.000587999
0.000588017
0.00058803
0.000588039
0.000588043
0.00056452
0.00056441
0.000564189
0.000563856
0.000563409
0.000562842
0.000562154
0.000561337
0.000560385
0.00055929
0.000558043
0.000556632
0.000555045
0.000553266
0.00055128
0.000549069
0.000546617
0.000543912
0.000540956
0.000537774
0.000534433
0.000531074
0.00052794
0.000525419
0.000524075
0.000524652
0.000528032
0.000535141
0.000546736
0.000563125
0.000583857
0.000607572
0.000632272
0.000656151
0.000677929
0.000694732
0.000702043
0.000704803
0.000704907
0.000703265
0.000696324
0.000677273
0.00063208
0.000573461
0.000536174
0.000512576
0.000498559
0.000490796
0.000486779
0.000484824
0.000483907
0.000483447
0.000483087
0.000482539
0.000481452
0.00047929
0.000475191
0.000467797
0.000455143
0.000434775
0.000404392
0.000363182
0.000313336
0.000260389
0.000211243
0.000171013
0.000141254
0.000120601
0.000106454
9.62679e-05
8.83451e-05
8.17309e-05
7.59939e-05
7.12502e-05
6.8207e-05
6.75876e-05
7.12772e-05
8.11314e-05
9.57379e-05
0.000116016
0.00014581
0.000189145
0.000245698
0.000307959
0.000364434
0.00040632
0.000430257
0.000435961
0.000425293
0.000397236
0.000352759
0.00029706
0.000239276
0.000188763
0.000150528
0.000124227
0.000106616
9.40948e-05
8.45454e-05
7.67675e-05
7.06133e-05
6.64688e-05
6.50349e-05
6.68465e-05
7.23153e-05
8.10082e-05
9.30539e-05
0.000110434
0.00013768
0.000180272
0.00024034
0.000310904
0.000377452
0.000427304
0.000455347
0.000461456
0.000446179
0.000408733
0.000350985
0.000281598
0.000214958
0.000162754
0.000127584
0.000105321
9.05663e-05
7.99614e-05
7.22351e-05
6.75631e-05
6.60391e-05
6.70857e-05
7.11127e-05
7.70325e-05
8.49346e-05
9.58424e-05
0.000112137
0.000138032
0.00017862
0.000237025
0.000309565
0.000385021
0.000450986
0.000500818
0.000534695
0.000556362
0.000569977
0.000578726
0.000584657
0.000588965
0.000592312
0.000595053
0.000597381
0.000599405
0.000601189
0.000602776
0.000604196
0.000605472
0.000606621
0.00060766
0.000608601
0.000609454
0.00061023
0.000610935
0.000611577
0.000612162
0.000612696
0.000613183
0.000613627
0.000614033
0.000614404
0.000614743
0.000615053
0.000615336
0.000615594
0.00061583
0.000616045
0.000616241
0.00061642
0.000616584
0.000616732
0.000616867
0.00061699
0.000617101
0.000617202
0.000617293
0.000617375
0.000617449
0.000617515
0.000617575
0.000617628
0.000617675
0.000617717
0.000617753
0.000617785
0.000617811
0.000617834
0.000617853
0.000617867
0.000617878
0.000617885
0.000617889
0.00059744
0.000597343
0.000597146
0.00059685
0.000596451
0.000595946
0.000595332
0.000594601
0.000593748
0.000592766
0.000591643
0.00059037
0.000588932
0.000587315
0.0005855
0.000583468
0.000581199
0.000578675
0.000575886
0.000572842
0.000569587
0.000566225
0.000562958
0.00056012
0.00055822
0.00055796
0.000560192
0.000565857
0.000575761
0.000590269
0.000608944
0.000630286
0.000651925
0.000671788
0.000691074
0.000700337
0.000704328
0.000705526
0.00070515
0.00070251
0.00069223
0.000666203
0.000622328
0.000586265
0.000561494
0.000545426
0.000535528
0.000529693
0.000526353
0.000524453
0.000523337
0.000522601
0.000521965
0.000521171
0.000519894
0.000517632
0.000513575
0.000506427
0.000494254
0.000474486
0.000444387
0.000402258
0.000349213
0.000290303
0.000233287
0.000185162
0.0001491
0.000124274
0.00010779
9.65236e-05
8.80941e-05
8.12566e-05
7.54336e-05
7.06684e-05
6.78089e-05
6.75727e-05
7.23469e-05
8.35105e-05
9.97494e-05
0.000123302
0.000159318
0.000211931
0.000278366
0.000347405
0.000406055
0.000446984
0.000469071
0.000473345
0.000461792
0.000432699
0.000386006
0.000325704
0.000260875
0.000202499
0.000157708
0.000127176
0.000107377
9.40701e-05
8.4102e-05
7.62586e-05
7.00879e-05
6.59736e-05
6.46471e-05
6.66576e-05
7.24617e-05
8.16671e-05
9.48115e-05
0.000114817
0.0001475
0.000199165
0.000270174
0.000349215
0.000419092
0.000468412
0.000494839
0.000499974
0.000484592
0.000446853
0.000386499
0.000310408
0.000233995
0.000172603
0.000131422
0.00010617
9.02688e-05
7.92497e-05
7.14659e-05
6.69564e-05
6.56316e-05
6.69949e-05
7.13241e-05
7.76592e-05
8.64174e-05
9.91611e-05
0.000119185
0.00015196
0.000203207
0.000274143
0.00035638
0.000435217
0.00049898
0.000544185
0.000573555
0.000591821
0.000603153
0.000610425
0.000615382
0.000619009
0.00062184
0.000624163
0.000626135
0.000627844
0.000629345
0.000630675
0.000631861
0.000632922
0.000633875
0.000634733
0.000635508
0.000636208
0.000636842
0.000637418
0.000637941
0.000638416
0.000638849
0.000639242
0.000639601
0.000639928
0.000640227
0.000640499
0.000640747
0.000640973
0.000641179
0.000641367
0.000641538
0.000641694
0.000641836
0.000641966
0.000642083
0.00064219
0.000642286
0.000642374
0.000642453
0.000642525
0.000642589
0.000642647
0.000642699
0.000642746
0.000642787
0.000642824
0.000642856
0.000642884
0.000642909
0.000642929
0.000642947
0.000642961
0.000642973
0.000642981
0.000642987
0.000642989
0.000626306
0.000626225
0.000626061
0.000625814
0.000625481
0.00062506
0.000624546
0.000623934
0.00062322
0.000622394
0.000621449
0.000620375
0.000619157
0.000617783
0.000616234
0.00061449
0.000612531
0.000610333
0.000607881
0.00060517
0.00060222
0.000599102
0.000595963
0.00059307
0.000590849
0.000589919
0.00059107
0.000595203
0.000603176
0.00061546
0.000631762
0.000650672
0.000669572
0.000685212
0.000697951
0.000703474
0.000705551
0.000705884
0.000705197
0.00070159
0.000688731
0.000658301
0.000628576
0.000605589
0.000589425
0.000578681
0.000571812
0.000567524
0.000564863
0.000563183
0.000562067
0.000561237
0.000560482
0.000559588
0.000558275
0.000556107
0.000552371
0.000545909
0.000534928
0.000516902
0.000488798
0.000447996
0.00039404
0.00033052
0.00026521
0.000207133
0.000162167
0.000130974
0.000110716
9.75217e-05
8.82735e-05
8.10137e-05
7.50081e-05
7.01645e-05
6.74695e-05
6.76773e-05
7.37449e-05
8.64701e-05
0.000105058
0.00013356
0.000178581
0.000243244
0.000320324
0.000394442
0.000452734
0.00049088
0.00051038
0.000513439
0.00050191
0.000473494
0.000426758
0.000363642
0.000292005
0.000224081
0.000170095
0.000132984
0.000109522
9.45585e-05
8.4051e-05
7.58647e-05
6.96116e-05
6.54949e-05
6.42773e-05
6.6564e-05
7.28287e-05
8.28713e-05
9.78613e-05
0.000122166
0.000163143
0.000227269
0.000310729
0.000396498
0.000466358
0.000512424
0.000535869
0.000539879
0.000525328
0.00048935
0.000429146
0.000348252
0.000261381
0.000188009
0.000138085
0.00010824
9.04775e-05
7.86773e-05
7.07424e-05
6.63739e-05
6.52563e-05
6.70082e-05
7.17613e-05
7.87968e-05
8.89988e-05
0.00010466
0.00013052
0.000173494
0.000239022
0.000323567
0.000412591
0.000489858
0.000547185
0.000585247
0.000608898
0.000623229
0.000632018
0.000637654
0.000641517
0.000644361
0.000646592
0.000648426
0.000649981
0.000651326
0.000652504
0.000653544
0.000654468
0.000655293
0.000656031
0.000656693
0.00065729
0.000657828
0.000658314
0.000658754
0.000659152
0.000659514
0.000659842
0.000660141
0.000660412
0.000660659
0.000660884
0.000661088
0.000661274
0.000661444
0.000661598
0.000661739
0.000661867
0.000661983
0.000662088
0.000662184
0.000662271
0.00066235
0.000662422
0.000662486
0.000662545
0.000662597
0.000662645
0.000662687
0.000662725
0.000662759
0.000662789
0.000662816
0.00066284
0.00066286
0.000662878
0.000662893
0.000662906
0.000662916
0.000662924
0.00066293
0.000662934
0.000662936
0.000650162
0.000650099
0.000649972
0.000649779
0.000649519
0.00064919
0.000648788
0.00064831
0.00064775
0.000647102
0.000646359
0.000645513
0.000644551
0.000643462
0.00064223
0.000640837
0.000639262
0.000637485
0.000635483
0.000633244
0.000630772
0.000628103
0.000625336
0.000622662
0.00062041
0.00061908
0.000619364
0.000622061
0.00062804
0.000637885
0.000651516
0.000667815
0.000684433
0.000695902
0.000702429
0.00070521
0.000706139
0.000706083
0.000705069
0.000700348
0.00068625
0.000660847
0.000641726
0.000627394
0.000617178
0.000610184
0.000605518
0.000602435
0.000600384
0.00059898
0.000597965
0.000597155
0.000596394
0.000595519
0.000594307
0.000592405
0.000589232
0.000583827
0.000574649
0.000559407
0.000535051
0.000498279
0.000446908
0.000382068
0.000309923
0.000240592
0.00018353
0.000142716
0.000116305
9.98327e-05
8.90292e-05
8.11353e-05
7.47317e-05
6.97743e-05
6.71859e-05
6.79732e-05
7.56003e-05
9.0341e-05
0.000112555
0.000148768
0.000206644
0.000285808
0.000372273
0.000447723
0.000502226
0.000535692
0.000552024
0.000554199
0.000543737
0.000518031
0.000474288
0.000411774
0.000335477
0.000257295
0.000190964
0.000143759
0.000114103
9.61435e-05
8.43928e-05
7.57606e-05
6.92356e-05
6.50451e-05
6.39338e-05
6.65922e-05
7.35842e-05
8.50784e-05
0.000103271
0.000134701
0.000188315
0.000268516
0.00036374
0.000451678
0.000516757
0.000556667
0.000575954
0.000578783
0.000565986
0.000534026
0.000477771
0.000396152
0.000300149
0.000212094
0.000149439
0.00011234
9.13877e-05
7.84357e-05
7.00957e-05
6.58304e-05
6.49397e-05
6.71804e-05
7.25946e-05
8.085e-05
9.34753e-05
0.000113925
0.000149255
0.000207351
0.000290234
0.000386089
0.000475415
0.000544781
0.000591911
0.000621304
0.000638848
0.000649244
0.000655567
0.000659626
0.000662425
0.0006645
0.000666136
0.000667483
0.000668625
0.000669612
0.000670474
0.000671234
0.000671907
0.000672505
0.00067304
0.000673519
0.000673949
0.000674336
0.000674685
0.000675
0.000675285
0.000675543
0.000675777
0.000675989
0.000676182
0.000676357
0.000676516
0.00067666
0.000676791
0.000676911
0.000677019
0.000677118
0.000677207
0.000677289
0.000677362
0.000677429
0.00067749
0.000677544
0.000677594
0.000677639
0.000677679
0.000677715
0.000677748
0.000677777
0.000677803
0.000677826
0.000677847
0.000677865
0.000677881
0.000677895
0.000677907
0.000677918
0.000677926
0.000677933
0.000677939
0.000677943
0.000677946
0.000677947
0.000668763
0.000668717
0.000668624
0.000668484
0.000668294
0.000668054
0.00066776
0.00066741
0.000667
0.000666525
0.00066598
0.000665358
0.00066465
0.000663847
0.000662935
0.0006619
0.000660726
0.000659393
0.000657881
0.000656174
0.000654264
0.000652167
0.000649939
0.000647703
0.00064569
0.000644272
0.000643997
0.000645536
0.000649687
0.000657111
0.000667936
0.000681255
0.000695561
0.000702047
0.000704944
0.000706102
0.000706404
0.000706207
0.000704891
0.000699374
0.000683883
0.000669124
0.00065752
0.000648808
0.000642481
0.000638
0.000634871
0.000632687
0.000631141
0.000630015
0.000629149
0.000628427
0.000627741
0.000626972
0.000625957
0.000624433
0.000621965
0.000617819
0.000610787
0.000598982
0.000579676
0.000549394
0.000504652
0.000443742
0.000369329
0.000290057
0.000218197
0.000163169
0.000126635
0.000104484
9.08675e-05
8.17064e-05
7.47842e-05
6.94352e-05
6.69268e-05
6.85413e-05
7.8162e-05
9.57637e-05
0.000123976
0.000172374
0.000247699
0.000341678
0.000432812
0.000503928
0.000551046
0.00057837
0.000591279
0.000592939
0.000584461
0.000563325
0.000525897
0.000468895
0.000393019
0.000306784
0.000225672
0.000163418
0.000123229
9.97981e-05
8.56083e-05
7.59859e-05
6.89654e-05
6.46354e-05
6.36469e-05
6.68381e-05
7.50893e-05
8.92051e-05
0.00011315
0.000156386
0.000228593
0.000326623
0.000428475
0.000511121
0.000566313
0.000597823
0.000612286
0.000613971
0.000603545
0.000577411
0.000529128
0.000453048
0.000353023
0.000249571
0.000168949
0.00012007
9.36432e-05
7.86769e-05
6.95682e-05
6.53264e-05
6.46509e-05
6.764e-05
7.41867e-05
8.46272e-05
0.000101454
0.000130511
0.0001814
0.000260379
0.000359897
0.000459025
0.000539324
0.000595032
0.000629916
0.000650524
0.000662429
0.000669369
0.000673571
0.00067628
0.000678163
0.00067957
0.000680686
0.000681607
0.000682389
0.000683064
0.000683654
0.000684172
0.000684631
0.000685038
0.000685401
0.000685726
0.000686016
0.000686278
0.000686513
0.000686725
0.000686916
0.000687089
0.000687246
0.000687387
0.000687516
0.000687633
0.000687738
0.000687834
0.000687921
0.000688
0.000688072
0.000688137
0.000688196
0.00068825
0.000688298
0.000688342
0.000688381
0.000688417
0.00068845
0.000688479
0.000688505
0.000688528
0.000688549
0.000688568
0.000688585
0.0006886
0.000688613
0.000688625
0.000688635
0.000688644
0.000688652
0.000688658
0.000688664
0.000688668
0.000688672
0.000688674
0.000688676
0.000688677
0.000682475
0.000682444
0.00068238
0.000682284
0.000682155
0.000681991
0.00068179
0.000681551
0.000681271
0.000680946
0.000680573
0.000680147
0.000679662
0.00067911
0.000678483
0.000677771
0.000676959
0.000676035
0.000674982
0.000673784
0.000672431
0.000670926
0.000669295
0.000667612
0.000666023
0.000664779
0.000664275
0.000665038
0.000667722
0.000673022
0.000681331
0.000692135
0.000701035
0.000704629
0.000705979
0.000706484
0.000706544
0.000706265
0.000704627
0.000699111
0.000688052
0.000679443
0.000672687
0.000667508
0.000663629
0.000660773
0.000658685
0.000657155
0.000656017
0.000655146
0.00065445
0.000653854
0.000653288
0.000652674
0.000651899
0.000650786
0.000649036
0.000646141
0.000641245
0.000632962
0.000619149
0.000596746
0.000561901
0.000510827
0.000441929
0.000359007
0.000273144
0.000199037
0.000146031
0.000113595
9.47715e-05
8.31649e-05
7.51683e-05
6.93969e-05
6.68267e-05
6.95376e-05
8.19629e-05
0.000104118
0.000142807
0.000210118
0.000306161
0.00041008
0.000497277
0.000557892
0.000595065
0.000615734
0.000625408
0.000626889
0.000620911
0.000605437
0.000576844
0.000530455
0.000462775
0.000375918
0.000281824
0.000199337
0.00014154
0.000107618
8.86251e-05
7.68962e-05
6.90308e-05
6.42978e-05
6.34007e-05
6.754e-05
7.81318e-05
9.69857e-05
0.000131468
0.000194412
0.000290737
0.000402149
0.000499853
0.000568776
0.000610459
0.000632749
0.000642431
0.000643058
0.00063508
0.000615434
0.000577903
0.000514195
0.000419891
0.000306177
0.000203041
0.000134823
9.84924e-05
7.97044e-05
6.91715e-05
6.49277e-05
6.4609e-05
6.86771e-05
7.73547e-05
9.17635e-05
0.000116413
0.000161714
0.000237181
0.000339009
0.000445658
0.000534651
0.000597193
0.000636382
0.000659326
0.00067233
0.000679672
0.000683913
0.000686484
0.000688154
0.000689328
0.000690214
0.000690921
0.000691508
0.000692007
0.000692438
0.000692815
0.000693145
0.000693438
0.000693697
0.000693928
0.000694135
0.000694319
0.000694485
0.000694634
0.000694768
0.000694889
0.000694999
0.000695097
0.000695187
0.000695267
0.000695341
0.000695407
0.000695467
0.000695522
0.000695571
0.000695616
0.000695656
0.000695693
0.000695726
0.000695756
0.000695783
0.000695808
0.00069583
0.00069585
0.000695867
0.000695883
0.000695898
0.000695911
0.000695922
0.000695932
0.000695941
0.000695949
0.000695956
0.000695963
0.000695968
0.000695972
0.000695976
0.00069598
0.000695982
0.000695984
0.000695986
0.000695987
0.000695987
0.000692059
0.000692039
0.000691998
0.000691937
0.000691854
0.00069175
0.000691622
0.000691469
0.00069129
0.000691083
0.000690846
0.000690574
0.000690265
0.000689914
0.000689515
0.000689061
0.000688544
0.000687954
0.00068728
0.000686511
0.000685638
0.000684658
0.000683582
0.000682451
0.000681348
0.000680431
0.000679959
0.000680313
0.000681977
0.00068558
0.000691596
0.000700089
0.00070416
0.000705818
0.000706432
0.000706661
0.000706642
0.000706313
0.000704442
0.000699002
0.000693685
0.000689058
0.000685239
0.000682194
0.000679828
0.000678017
0.00067664
0.000675589
0.000674777
0.000674134
0.000673606
0.000673149
0.00067272
0.00067227
0.000671729
0.000670988
0.000669862
0.000668035
0.000664966
0.000659755
0.000650946
0.000636291
0.000612534
0.000575432
0.000520542
0.000445589
0.000354651
0.000261239
0.000183576
0.000131996
0.000102904
8.64581e-05
7.62571e-05
6.95354e-05
6.68656e-05
7.13462e-05
8.82599e-05
0.000118691
0.000176194
0.000270033
0.000383197
0.000484699
0.000557829
0.00060382
0.000630589
0.000645274
0.000652353
0.000653931
0.000650467
0.000640624
0.000621566
0.000588867
0.000537019
0.000461844
0.000365868
0.000263948
0.000179095
0.000124624
9.55942e-05
7.93843e-05
6.95472e-05
6.40653e-05
6.34038e-05
6.93277e-05
8.43789e-05
0.000112071
0.000166709
0.000260083
0.000378551
0.00048848
0.000568492
0.000617983
0.00064551
0.000659407
0.000664979
0.000664646
0.000658623
0.000644714
0.000618148
0.00057101
0.00049392
0.000384463
0.000262034
0.000164369
0.000109027
8.2575e-05
6.9251e-05
6.45561e-05
6.48123e-05
7.10807e-05
8.38895e-05
0.000105887
0.000147266
0.000222156
0.000328204
0.000441443
0.000536032
0.000602056
0.000643037
0.000666759
0.000680003
0.000687314
0.000691393
0.000693747
0.000695185
0.000696132
0.000696807
0.000697323
0.000697739
0.000698086
0.000698383
0.00069864
0.000698864
0.000699062
0.000699237
0.000699392
0.00069953
0.000699653
0.000699763
0.000699862
0.000699951
0.000700031
0.000700103
0.000700168
0.000700227
0.00070028
0.000700328
0.000700372
0.000700411
0.000700447
0.000700479
0.000700509
0.000700535
0.000700559
0.000700581
0.0007006
0.000700618
0.000700634
0.000700648
0.000700661
0.000700673
0.000700683
0.000700692
0.000700701
0.000700708
0.000700715
0.000700721
0.000700726
0.00070073
0.000700734
0.000700738
0.000700741
0.000700744
0.000700746
0.000700748
0.000700749
0.00070075
0.000700751
0.000700752
0.000700752
0.000698428
0.000698416
0.000698392
0.000698355
0.000698306
0.000698244
0.000698168
0.000698077
0.000697972
0.000697849
0.000697709
0.000697549
0.000697367
0.000697161
0.000696928
0.000696662
0.000696361
0.000696017
0.000695626
0.000695179
0.000694671
0.0006941
0.000693469
0.0006928
0.000692137
0.000691573
0.000691266
0.000691466
0.000692524
0.000694982
0.000699316
0.000703676
0.000705623
0.000706372
0.000706651
0.000706764
0.000706722
0.000706358
0.000704893
0.000701756
0.000699009
0.000696533
0.000694403
0.000692642
0.000691226
0.000690106
0.000689226
0.000688532
0.000687979
0.000687529
0.000687154
0.000686828
0.000686526
0.000686222
0.000685875
0.000685426
0.000684774
0.000683743
0.000682034
0.00067914
0.000674217
0.000665899
0.000652034
0.000629368
0.000593323
0.000538379
0.000460265
0.000361367
0.000257124
0.000172232
0.000120775
9.39355e-05
7.90591e-05
7.0138e-05
6.71795e-05
7.5103e-05
0.000100392
0.000148143
0.000237749
0.000357848
0.000470642
0.000553283
0.000605879
0.000637214
0.000655409
0.000665763
0.000671214
0.000673138
0.00067184
0.000666649
0.00065585
0.000636402
0.000603573
0.000551032
0.000472789
0.000369248
0.00025656
0.000164849
0.000112093
8.5836e-05
7.14142e-05
6.41462e-05
6.385e-05
7.42023e-05
9.76333e-05
0.000144932
0.000237945
0.000364666
0.0004842
0.000570826
0.000624226
0.000654169
0.000669879
0.000677355
0.000679818
0.000678593
0.000673678
0.000663713
0.000645714
0.000614224
0.000560546
0.000474402
0.000354111
0.000225645
0.000134202
9.03397e-05
7.00173e-05
6.45034e-05
6.59196e-05
7.69177e-05
9.77513e-05
0.000137554
0.000216817
0.000333041
0.000453764
0.000549774
0.000613932
0.000652583
0.000674541
0.000686634
0.000693213
0.000696805
0.00069881
0.000699977
0.000700703
0.00070119
0.000701546
0.000701822
0.000702048
0.000702238
0.000702401
0.000702544
0.000702669
0.000702779
0.000702877
0.000702963
0.000703041
0.00070311
0.000703172
0.000703228
0.000703278
0.000703324
0.000703364
0.000703401
0.000703435
0.000703465
0.000703492
0.000703517
0.000703539
0.000703559
0.000703578
0.000703594
0.000703609
0.000703623
0.000703635
0.000703646
0.000703656
0.000703665
0.000703673
0.00070368
0.000703687
0.000703693
0.000703698
0.000703703
0.000703707
0.000703711
0.000703714
0.000703717
0.00070372
0.000703722
0.000703724
0.000703725
0.000703727
0.000703728
0.000703729
0.00070373
0.000703731
0.000703731
0.000703731
0.000703732
0.000702459
0.000702452
0.000702439
0.000702419
0.000702392
0.000702358
0.000702316
0.000702267
0.000702209
0.000702143
0.000702067
0.000701981
0.000701884
0.000701774
0.00070165
0.00070151
0.000701352
0.000701173
0.000700971
0.000700741
0.000700482
0.000700192
0.000699874
0.000699537
0.000699205
0.000698924
0.000698787
0.00069894
0.000699641
0.000701418
0.000703734
0.000705478
0.000706313
0.000706635
0.000706769
0.000706841
0.000706795
0.000706403
0.000705427
0.000704133
0.00070279
0.00070152
0.00070039
0.000699426
0.000698626
0.000697972
0.000697441
0.000697009
0.000696654
0.00069636
0.00069611
0.000695893
0.000695696
0.000695505
0.0006953
0.000695054
0.000694718
0.000694211
0.000693391
0.000692019
0.000689694
0.000685748
0.000679089
0.00066794
0.000649447
0.000619143
0.000570532
0.000495869
0.000391219
0.000269378
0.000168173
0.000113459
8.77986e-05
7.30589e-05
6.84456e-05
8.49419e-05
0.00013056
0.000217053
0.000344956
0.000464026
0.000548823
0.00060276
0.000635972
0.000656476
0.00066931
0.000677389
0.000682296
0.000684837
0.000685264
0.000683335
0.000678404
0.000668908
0.000652208
0.000623986
0.000577627
0.00050434
0.000397421
0.00026755
0.000158398
0.000103716
7.91396e-05
6.53032e-05
6.67475e-05
8.95503e-05
0.00013185
0.000230725
0.000373576
0.000498399
0.000582656
0.000632985
0.000661263
0.000676507
0.000684248
0.000687543
0.000687872
0.000685777
0.000681077
0.00067297
0.000659847
0.000638827
0.000604922
0.000549953
0.000462771
0.000337851
0.000201683
0.000113696
7.32306e-05
6.54738e-05
7.14637e-05
9.193e-05
0.000133103
0.000225087
0.000365817
0.000494553
0.000583387
0.00063698
0.000667397
0.000684169
0.000693284
0.000698209
0.000700877
0.000702343
0.000703175
0.000703672
0.000703991
0.000704214
0.000704382
0.000704516
0.000704628
0.000704724
0.000704808
0.000704881
0.000704946
0.000705003
0.000705055
0.000705101
0.000705142
0.000705179
0.000705212
0.000705242
0.000705269
0.000705294
0.000705316
0.000705336
0.000705354
0.000705371
0.000705386
0.0007054
0.000705412
0.000705423
0.000705433
0.000705443
0.000705451
0.000705459
0.000705466
0.000705472
0.000705478
0.000705483
0.000705487
0.000705492
0.000705495
0.000705499
0.000705502
0.000705504
0.000705507
0.000705509
0.000705511
0.000705513
0.000705514
0.000705515
0.000705517
0.000705518
0.000705518
0.000705519
0.00070552
0.00070552
0.000705521
0.000705521
0.000705521
0.000705521
0.00070487
0.000704867
0.00070486
0.00070485
0.000704836
0.000704819
0.000704799
0.000704775
0.000704746
0.000704714
0.000704677
0.000704636
0.000704589
0.000704537
0.000704479
0.000704414
0.000704342
0.000704262
0.000704173
0.000704074
0.000703964
0.000703844
0.000703715
0.000703583
0.000703456
0.000703353
0.000703324
0.000703418
0.000703783
0.000704741
0.000705748
0.000706368
0.000706649
0.00070677
0.000706845
0.000706908
0.000706887
0.000706606
0.000706154
0.000705607
0.000705027
0.000704458
0.000703931
0.00070346
0.000703052
0.000702703
0.000702408
0.000702159
0.000701947
0.000701767
0.000701613
0.000701477
0.000701357
0.000701245
0.000701134
0.000701012
0.000700862
0.000700653
0.000700334
0.00069982
0.000698964
0.000697527
0.000695114
0.000691078
0.000684359
0.000673176
0.00065458
0.000623752
0.000573434
0.000495043
0.00037949
0.000244591
0.000155681
0.000105051
7.84716e-05
0.000130671
0.00026697
0.000394097
0.000486485
0.000550427
0.000595453
0.000626612
0.000648244
0.000663419
0.000674116
0.000681625
0.000686873
0.000690297
0.000692059
0.00069208
0.000690532
0.00068675
0.000679771
0.000667961
0.000648638
0.000617392
0.000567308
0.000489209
0.000370803
0.000225522
0.000140007
8.03922e-05
9.01994e-05
0.000194248
0.000320275
0.000460313
0.000551293
0.000610003
0.000646058
0.000667631
0.000680244
0.00068729
0.00069073
0.000691651
0.00069066
0.000687823
0.000682766
0.000674916
0.000663352
0.000646652
0.000622599
0.000587582
0.000535369
0.000455242
0.0003304
0.000152142
7.71552e-05
8.98118e-05
0.000125587
0.000204015
0.000355498
0.000504897
0.000594048
0.000645043
0.00067278
0.000687756
0.000695888
0.000700326
0.000702755
0.000704092
0.000704837
0.000705264
0.00070552
0.000705685
0.0007058
0.000705887
0.000705957
0.000706015
0.000706066
0.000706111
0.000706151
0.000706186
0.000706218
0.000706247
0.000706273
0.000706296
0.000706318
0.000706337
0.000706355
0.000706371
0.000706385
0.000706399
0.000706411
0.000706422
0.000706432
0.000706441
0.00070645
0.000706458
0.000706465
0.000706471
0.000706477
0.000706483
0.000706488
0.000706492
0.000706497
0.0007065
0.000706504
0.000706507
0.00070651
0.000706512
0.000706515
0.000706517
0.000706519
0.000706521
0.000706522
0.000706524
0.000706525
0.000706526
0.000706527
0.000706528
0.000706529
0.00070653
0.00070653
0.000706531
0.000706531
0.000706532
0.000706532
0.000706532
0.000706532
0.000706532
0.000706235
0.000706233
0.00070623
0.000706225
0.000706218
0.00070621
0.0007062
0.000706189
0.000706175
0.00070616
0.000706143
0.000706124
0.000706102
0.000706079
0.000706053
0.000706024
0.000705992
0.000705958
0.00070592
0.000705879
0.000705834
0.000705788
0.00070574
0.000705693
0.000705652
0.000705625
0.000705633
0.000705699
0.000705935
0.000706299
0.000706567
0.000706718
0.000706794
0.000706846
0.000706902
0.000706965
0.000707001
0.000706937
0.00070679
0.000706587
0.000706354
0.000706112
0.000705876
0.000705655
0.000705455
0.000705277
0.000705121
0.000704985
0.000704866
0.000704763
0.000704673
0.000704594
0.000704524
0.00070446
0.0007044
0.000704337
0.000704265
0.00070417
0.000704031
0.000703808
0.00070344
0.000702818
0.000701764
0.000699989
0.00069703
0.000692099
0.000683907
0.000670284
0.000647579
0.000609679
0.000546274
0.00044739
0.0003219
0.000171199
8.69453e-05
0.000124064
0.000284803
0.000419762
0.000500698
0.000553272
0.000590895
0.000619608
0.000641751
0.000658667
0.000671382
0.00068072
0.000687288
0.00069162
0.000694134
0.000694996
0.000694338
0.000691986
0.000687287
0.000679416
0.000666878
0.000647304
0.000616846
0.000568948
0.00049186
0.000373678
0.000223425
8.86268e-05
0.000102436
0.00027131
0.000431442
0.000536424
0.000598725
0.000636978
0.000660879
0.000675752
0.000684765
0.000689829
0.000692032
0.000691935
0.000689632
0.000684872
0.000677219
0.000665936
0.000649997
0.000628008
0.000597955
0.000556291
0.000494796
0.000393756
0.000234295
0.000112955
8.63308e-05
0.00015899
0.000334016
0.000490304
0.000596251
0.000652433
0.000678577
0.000691614
0.000698403
0.000702052
0.000704056
0.00070517
0.000705794
0.00070615
0.000706358
0.000706486
0.000706569
0.000706629
0.000706675
0.000706712
0.000706745
0.000706774
0.000706799
0.000706823
0.000706844
0.000706863
0.000706881
0.000706897
0.000706912
0.000706926
0.000706939
0.00070695
0.000706961
0.000706971
0.00070698
0.000706988
0.000706996
0.000707004
0.00070701
0.000707016
0.000707022
0.000707027
0.000707032
0.000707037
0.000707041
0.000707045
0.000707049
0.000707052
0.000707055
0.000707058
0.000707061
0.000707063
0.000707065
0.000707067
0.000707069
0.000707071
0.000707073
0.000707074
0.000707075
0.000707077
0.000707078
0.000707079
0.00070708
0.00070708
0.000707081
0.000707082
0.000707082
0.000707083
0.000707083
0.000707084
0.000707084
0.000707084
0.000707084
0.000707084
0.000706949
0.000706948
0.000706946
0.000706944
0.00070694
0.000706936
0.000706931
0.000706925
0.000706918
0.000706911
0.000706902
0.000706892
0.000706881
0.000706869
0.000706855
0.000706841
0.000706824
0.000706806
0.000706786
0.000706764
0.00070674
0.000706715
0.000706689
0.000706662
0.000706637
0.000706615
0.000706605
0.000706622
0.000706698
0.000706776
0.000706819
0.000706845
0.000706867
0.000706901
0.000706952
0.000707012
0.000707055
0.000707061
0.000707036
0.000706984
0.000706913
0.000706829
0.00070674
0.000706652
0.000706566
0.000706486
0.000706413
0.000706347
0.000706287
0.000706234
0.000706186
0.000706144
0.000706105
0.000706069
0.000706034
0.000705997
0.000705953
0.000705891
0.000705795
0.000705637
0.000705366
0.0007049
0.000704094
0.000702718
0.000700391
0.00069661
0.000690366
0.000679997
0.000662716
0.000633603
0.000583897
0.000501081
0.000377605
0.000227127
9.30412e-05
0.000115996
0.000224498
0.000358581
0.000451186
0.000513624
0.000559885
0.00059599
0.000624392
0.000646444
0.000663187
0.000675542
0.000684324
0.00069022
0.000693733
0.000695075
0.000694521
0.000692127
0.000687163
0.000678668
0.000665256
0.000644716
0.00061336
0.000564385
0.000484643
0.00035453
0.000182103
9.08648e-05
0.00010774
0.000237376
0.000399824
0.000515866
0.000586279
0.000629173
0.000655902
0.000672561
0.000682616
0.000688091
0.00069015
0.00068925
0.000685475
0.000678335
0.000667086
0.00065068
0.000627758
0.000596595
0.000554759
0.000497729
0.000414797
0.000288764
0.000147448
0.000101339
9.65631e-05
0.000284539
0.000471075
0.000596215
0.000658305
0.000684884
0.000696205
0.000701435
0.000704027
0.000705372
0.000706092
0.000706487
0.000706708
0.000706837
0.000706917
0.000706969
0.000707007
0.000707037
0.000707062
0.000707084
0.000707104
0.000707122
0.000707139
0.000707155
0.000707169
0.000707183
0.000707196
0.000707207
0.000707218
0.000707228
0.000707238
0.000707247
0.000707255
0.000707263
0.00070727
0.000707277
0.000707283
0.000707289
0.000707294
0.000707299
0.000707304
0.000707309
0.000707313
0.000707317
0.000707321
0.000707324
0.000707327
0.000707331
0.000707333
0.000707336
0.000707338
0.000707341
0.000707343
0.000707345
0.000707347
0.000707349
0.00070735
0.000707352
0.000707353
0.000707354
0.000707355
0.000707356
0.000707357
0.000707358
0.000707359
0.00070736
0.00070736
0.000707361
0.000707361
0.000707362
0.000707362
0.000707362
0.000707362
0.000707362
0.000707295
0.000707294
0.000707293
0.000707292
0.00070729
0.000707287
0.000707284
0.00070728
0.000707275
0.00070727
0.000707264
0.000707258
0.00070725
0.000707241
0.000707231
0.00070722
0.000707207
0.000707192
0.000707175
0.000707156
0.000707134
0.00070711
0.000707083
0.000707054
0.000707022
0.000706989
0.000706959
0.000706944
0.000706939
0.000706926
0.000706911
0.000706908
0.000706919
0.000706949
0.000706998
0.000707055
0.000707087
0.000707106
0.000707115
0.000707115
0.000707105
0.000707088
0.000707066
0.00070704
0.000707012
0.000706984
0.000706956
0.000706929
0.000706903
0.000706879
0.000706856
0.000706834
0.000706813
0.000706791
0.000706768
0.000706738
0.000706697
0.000706633
0.000706527
0.000706342
0.00070602
0.000705475
0.000704577
0.000703047
0.000700439
0.000695977
0.000688541
0.000676326
0.00065637
0.000623737
0.000570463
0.000486297
0.000366075
0.000222469
9.6842e-05
0.000111699
0.000183771
0.000303811
0.000399501
0.000469565
0.000524071
0.000568034
0.000603442
0.000631373
0.000652769
0.000668604
0.000679838
0.000687313
0.000691661
0.00069319
0.000692314
0.000688963
0.000682243
0.000671029
0.000653606
0.00062735
0.000588067
0.000528464
0.000436231
0.000300509
0.000151029
9.19709e-05
0.000110866
0.000216031
0.00035923
0.000477985
0.000558373
0.000610398
0.00064378
0.000664853
0.000677597
0.000684451
0.000686856
0.000685317
0.000679886
0.000669861
0.000654218
0.000631607
0.000600425
0.000558857
0.00050455
0.000433123
0.000335251
0.000207497
0.000121523
0.000101548
0.000105547
0.000302815
0.000489821
0.000607289
0.000663601
0.000687513
0.000697783
0.000702477
0.000704742
0.000705875
0.000706457
0.000706765
0.00070694
0.00070704
0.000707101
0.000707141
0.000707171
0.000707194
0.000707215
0.000707233
0.00070725
0.000707266
0.00070728
0.000707294
0.000707307
0.000707319
0.00070733
0.000707341
0.000707351
0.00070736
0.000707369
0.000707377
0.000707384
0.000707392
0.000707399
0.000707405
0.000707411
0.000707417
0.000707422
0.000707427
0.000707432
0.000707436
0.000707441
0.000707445
0.000707448
0.000707452
0.000707455
0.000707458
0.000707461
0.000707464
0.000707467
0.000707469
0.000707471
0.000707474
0.000707476
0.000707477
0.000707479
0.000707481
0.000707482
0.000707484
0.000707485
0.000707486
0.000707487
0.000707488
0.000707489
0.00070749
0.000707491
0.000707491
0.000707492
0.000707492
0.000707492
0.000707493
0.000707493
0.000707493
0.000707447
0.000707447
0.000707446
0.000707445
0.000707443
0.000707441
0.000707438
0.000707435
0.000707431
0.000707426
0.000707421
0.000707414
0.000707407
0.000707398
0.000707388
0.000707377
0.000707363
0.000707347
0.000707329
0.000707307
0.000707283
0.000707256
0.000707225
0.000707192
0.000707157
0.000707123
0.000707091
0.000707066
0.000707039
0.000707004
0.000706973
0.000706961
0.000706968
0.000706995
0.00070704
0.000707082
0.000707106
0.000707124
0.000707139
0.000707151
0.000707161
0.000707167
0.000707169
0.000707168
0.000707165
0.00070716
0.000707153
0.000707145
0.000707136
0.000707127
0.000707116
0.000707105
0.000707092
0.000707076
0.000707055
0.000707025
0.000706976
0.000706893
0.00070675
0.000706512
0.000706104
0.000705383
0.000704111
0.00070194
0.000698297
0.000692265
0.000682448
0.000666729
0.000641918
0.000603233
0.000543937
0.000456871
0.000340677
0.000209314
9.94266e-05
0.000109929
0.000163589
0.000264961
0.000356505
0.000429625
0.000489735
0.000540147
0.000581936
0.000615575
0.000641671
0.000661097
0.000674869
0.000683953
0.000689109
0.000690687
0.000689306
0.000684685
0.000675768
0.000661228
0.00063912
0.000606638
0.000559599
0.00049127
0.000392015
0.000260686
0.000137028
9.32005e-05
0.000113166
0.000203304
0.000329306
0.000445039
0.000531242
0.000590819
0.000630611
0.000656307
0.000672009
0.000680424
0.00068322
0.000680943
0.000673577
0.000660185
0.000639486
0.000609931
0.000569932
0.000518057
0.000452816
0.000371414
0.000269602
0.000160658
0.000112294
0.000102186
0.000116025
0.000295788
0.000481083
0.000595949
0.000653849
0.000681226
0.00069429
0.00070069
0.000703886
0.0007055
0.000706321
0.000706741
0.000706957
0.000707073
0.00070714
0.000707185
0.000707217
0.000707242
0.000707262
0.000707281
0.000707298
0.000707313
0.000707328
0.000707341
0.000707354
0.000707366
0.000707377
0.000707388
0.000707398
0.000707407
0.000707416
0.000707425
0.000707432
0.00070744
0.000707447
0.000707454
0.00070746
0.000707466
0.000707471
0.000707477
0.000707482
0.000707486
0.000707491
0.000707495
0.000707499
0.000707503
0.000707506
0.00070751
0.000707513
0.000707516
0.000707519
0.000707521
0.000707524
0.000707526
0.000707528
0.00070753
0.000707532
0.000707534
0.000707536
0.000707537
0.000707539
0.00070754
0.000707541
0.000707542
0.000707543
0.000707544
0.000707545
0.000707546
0.000707546
0.000707547
0.000707547
0.000707547
0.000707547
0.000707547
0.000707504
0.000707503
0.000707502
0.000707501
0.000707499
0.000707497
0.000707494
0.000707491
0.000707487
0.000707483
0.000707477
0.00070747
0.000707462
0.000707453
0.000707442
0.00070743
0.000707415
0.000707397
0.000707378
0.000707355
0.00070733
0.000707303
0.000707274
0.000707246
0.00070722
0.000707202
0.000707192
0.000707181
0.000707147
0.000707094
0.000707045
0.000707018
0.000707019
0.00070704
0.00070708
0.000707105
0.000707121
0.000707134
0.000707147
0.00070716
0.000707172
0.000707183
0.000707193
0.0007072
0.000707206
0.000707209
0.00070721
0.00070721
0.000707208
0.000707205
0.0007072
0.000707192
0.000707182
0.000707167
0.000707144
0.000707107
0.000707043
0.000706939
0.000706756
0.00070642
0.000705824
0.000704786
0.000703004
0.000700001
0.000695034
0.00068698
0.000674193
0.000654343
0.000624222
0.000579563
0.000515209
0.000426844
0.000315677
0.000195852
0.00010125
0.000109033
0.000152621
0.000238198
0.000322754
0.00039563
0.000458811
0.000513957
0.00056111
0.000599955
0.000630566
0.000653548
0.000669863
0.000680545
0.000686452
0.000687948
0.000685896
0.000679727
0.000668258
0.000650019
0.000622977
0.000584442
0.00053076
0.000456511
0.000355319
0.000233049
0.000129745
9.40095e-05
0.000114972
0.000194462
0.00030703
0.000417949
0.000507011
0.000572293
0.00061771
0.000647816
0.000666476
0.00067648
0.000679618
0.000676456
0.000666857
0.000649652
0.000623375
0.000586475
0.000537747
0.000476688
0.000403335
0.000317307
0.000220082
0.000137872
0.000108453
0.000103657
0.00013
0.000293295
0.00046846
0.000581013
0.000641577
0.000673044
0.000689415
0.000697963
0.000702419
0.000704733
0.000705928
0.000706544
0.000706864
0.000707033
0.000707127
0.000707181
0.000707217
0.000707244
0.000707266
0.000707285
0.000707302
0.000707318
0.000707334
0.000707348
0.000707361
0.000707373
0.000707385
0.000707396
0.000707406
0.000707416
0.000707425
0.000707434
0.000707442
0.00070745
0.000707458
0.000707464
0.000707471
0.000707477
0.000707483
0.000707489
0.000707494
0.000707499
0.000707504
0.000707508
0.000707513
0.000707517
0.00070752
0.000707524
0.000707527
0.000707531
0.000707534
0.000707536
0.000707539
0.000707542
0.000707544
0.000707546
0.000707548
0.00070755
0.000707552
0.000707554
0.000707555
0.000707557
0.000707558
0.000707559
0.00070756
0.000707561
0.000707562
0.000707563
0.000707563
0.000707564
0.000707564
0.000707564
0.000707565
0.000707565
0.000707515
0.000707515
0.000707514
0.000707513
0.000707511
0.000707509
0.000707506
0.000707503
0.000707499
0.000707494
0.000707489
0.000707482
0.000707474
0.000707465
0.000707454
0.000707441
0.000707426
0.00070741
0.000707391
0.000707371
0.00070735
0.00070733
0.000707314
0.000707305
0.000707314
0.000707354
0.000707385
0.000707378
0.000707317
0.000707221
0.000707133
0.000707079
0.000707068
0.000707085
0.000707107
0.000707123
0.000707133
0.000707142
0.000707152
0.000707162
0.000707173
0.000707183
0.000707193
0.000707201
0.000707208
0.000707214
0.000707218
0.00070722
0.00070722
0.000707218
0.000707215
0.000707208
0.000707198
0.000707182
0.000707155
0.000707109
0.000707029
0.00070688
0.000706614
0.00070614
0.000705307
0.000703865
0.000701418
0.000697351
0.000690739
0.000680245
0.000664023
0.000639655
0.000604152
0.000554059
0.000485913
0.000397776
0.00029239
0.000182561
0.000102517
0.000109046
0.000146411
0.000219718
0.000296825
0.0003675
0.000431743
0.00049
0.000541414
0.000584842
0.00061969
0.000646143
0.000664987
0.000677247
0.00068384
0.000685115
0.000682208
0.000674201
0.000659841
0.000637609
0.000605575
0.000561476
0.000502587
0.000425122
0.000325557
0.000213524
0.000125264
9.5001e-05
0.000116413
0.000187883
0.00029008
0.000395871
0.000485867
0.000555258
0.000605462
0.00063967
0.000661226
0.000672815
0.000676232
0.000672029
0.000659905
0.000638499
0.000606299
0.000562027
0.000505274
0.00043689
0.0003587
0.000272619
0.000183674
0.000125624
0.000107114
0.000106147
0.0001485
0.000296838
0.000456217
0.000564487
0.000627659
0.000663409
0.00068341
0.00069445
0.000700451
0.000703663
0.000705359
0.000706246
0.000706707
0.000706949
0.000707079
0.000707152
0.000707198
0.000707229
0.000707254
0.000707274
0.000707292
0.000707309
0.000707324
0.000707338
0.000707352
0.000707365
0.000707377
0.000707388
0.000707399
0.000707409
0.000707418
0.000707427
0.000707436
0.000707444
0.000707452
0.000707459
0.000707466
0.000707472
0.000707478
0.000707484
0.00070749
0.000707495
0.0007075
0.000707505
0.000707509
0.000707513
0.000707517
0.000707521
0.000707525
0.000707528
0.000707531
0.000707534
0.000707537
0.00070754
0.000707542
0.000707545
0.000707547
0.000707549
0.000707551
0.000707553
0.000707554
0.000707556
0.000707557
0.000707558
0.00070756
0.000707561
0.000707561
0.000707562
0.000707563
0.000707563
0.000707564
0.000707564
0.000707564
0.000707565
0.000707509
0.000707508
0.000707508
0.000707506
0.000707505
0.000707503
0.0007075
0.000707498
0.000707494
0.00070749
0.000707485
0.000707479
0.000707472
0.000707463
0.000707454
0.000707444
0.000707432
0.00070742
0.000707409
0.000707399
0.000707395
0.000707401
0.000707421
0.00070747
0.000707566
0.000707719
0.000707771
0.000707712
0.000707562
0.000707383
0.000707233
0.000707143
0.000707113
0.000707119
0.000707131
0.00070714
0.000707147
0.000707152
0.000707158
0.000707166
0.000707173
0.000707181
0.000707189
0.000707197
0.000707203
0.000707208
0.000707212
0.000707214
0.000707214
0.000707213
0.00070721
0.000707203
0.000707192
0.000707173
0.000707138
0.000707075
0.000706962
0.000706758
0.00070639
0.000705734
0.000704587
0.000702619
0.000699318
0.000693912
0.000685289
0.000671918
0.000651831
0.000622685
0.000581941
0.000527153
0.000456457
0.000369636
0.000269953
0.000168406
0.00010358
0.000109219
0.000142865
0.000206871
0.000277057
0.000344538
0.000408375
0.000468337
0.000522943
0.000570306
0.000609093
0.000638936
0.000660314
0.000674153
0.000681374
0.000682292
0.000678322
0.000668162
0.000650579
0.000624126
0.000587186
0.0005382
0.000475583
0.000397107
0.000301244
0.000199019
0.000122063
9.57375e-05
0.000117576
0.000182886
0.000277027
0.000377865
0.000467546
0.000539779
0.000594013
0.000632023
0.000656416
0.0006696
0.000673237
0.000667832
0.000652905
0.000626992
0.000588727
0.000537434
0.000473852
0.00040036
0.000320422
0.000237936
0.000160788
0.000119047
0.000107162
0.000109878
0.000170397
0.000305163
0.000445865
0.000547617
0.000612505
0.000652358
0.000676188
0.00069005
0.0006979
0.00070224
0.000704589
0.000705837
0.000706492
0.000706834
0.000707015
0.000707113
0.000707171
0.000707208
0.000707235
0.000707256
0.000707275
0.000707292
0.000707307
0.000707322
0.000707336
0.000707349
0.000707361
0.000707373
0.000707384
0.000707395
0.000707404
0.000707414
0.000707423
0.000707431
0.000707439
0.000707447
0.000707454
0.000707461
0.000707467
0.000707473
0.000707479
0.000707484
0.000707489
0.000707494
0.000707499
0.000707503
0.000707507
0.000707511
0.000707515
0.000707519
0.000707522
0.000707525
0.000707528
0.000707531
0.000707533
0.000707536
0.000707538
0.00070754
0.000707542
0.000707544
0.000707546
0.000707547
0.000707549
0.00070755
0.000707551
0.000707552
0.000707553
0.000707554
0.000707555
0.000707555
0.000707556
0.000707556
0.000707556
0.000707556
0.000707495
0.000707495
0.000707494
0.000707494
0.000707493
0.000707491
0.00070749
0.000707488
0.000707485
0.000707482
0.000707479
0.000707476
0.000707472
0.000707469
0.000707466
0.000707464
0.000707464
0.000707468
0.000707479
0.000707502
0.000707544
0.000707613
0.000707721
0.000707894
0.00070818
0.000708433
0.000708401
0.000708197
0.000707883
0.000707576
0.000707341
0.000707205
0.00070716
0.000707154
0.000707158
0.000707162
0.000707166
0.000707169
0.000707172
0.000707177
0.000707182
0.000707187
0.000707192
0.000707197
0.000707202
0.000707205
0.000707208
0.000707209
0.000707209
0.000707208
0.000707204
0.000707197
0.000707184
0.000707162
0.00070712
0.000707038
0.000706884
0.000706604
0.000706099
0.000705201
0.00070364
0.000700986
0.000696592
0.000689516
0.000678459
0.000661751
0.000637412
0.000603362
0.000557724
0.000499148
0.000427113
0.000342499
0.000248812
0.000156515
0.000104496
0.000109556
0.000140938
0.000197748
0.000262009
0.000325901
0.000388305
0.000448816
0.000505648
0.000556327
0.000598778
0.000631967
0.000655931
0.000671395
0.000679202
0.000679639
0.000674354
0.000661713
0.000640586
0.000609742
0.000568093
0.00051498
0.000449988
0.000372114
0.000280901
0.000187114
0.000119653
9.65732e-05
0.000118551
0.000179123
0.000266903
0.000363085
0.000451658
0.000525787
0.000583443
0.000625019
0.000652229
0.000667057
0.000670872
0.000664089
0.000646105
0.000615472
0.000571209
0.000513563
0.000444642
0.000368236
0.000288953
0.00021174
0.0001468
0.000115489
0.000107377
0.000114641
0.000191248
0.00031382
0.000436493
0.000530642
0.000596224
0.000639808
0.000667588
0.000684598
0.000694639
0.000700377
0.000703565
0.000705292
0.000706209
0.000706689
0.00070694
0.000707073
0.000707147
0.000707191
0.00070722
0.000707242
0.00070726
0.000707277
0.000707292
0.000707306
0.00070732
0.000707333
0.000707345
0.000707357
0.000707368
0.000707379
0.000707389
0.000707398
0.000707407
0.000707416
0.000707424
0.000707432
0.000707439
0.000707446
0.000707452
0.000707459
0.000707465
0.00070747
0.000707476
0.000707481
0.000707485
0.00070749
0.000707494
0.000707498
0.000707502
0.000707506
0.000707509
0.000707513
0.000707516
0.000707519
0.000707521
0.000707524
0.000707526
0.000707528
0.000707531
0.000707533
0.000707534
0.000707536
0.000707537
0.000707539
0.00070754
0.000707541
0.000707542
0.000707543
0.000707544
0.000707544
0.000707545
0.000707545
0.000707545
0.000707546
0.000707481
0.000707482
0.000707481
0.000707481
0.000707481
0.000707482
0.000707482
0.000707483
0.000707484
0.000707486
0.00070749
0.000707495
0.000707502
0.000707512
0.000707527
0.000707549
0.000707579
0.000707623
0.000707688
0.000707785
0.000707929
0.000708134
0.000708419
0.000708834
0.000709393
0.000709559
0.000709326
0.000708833
0.000708274
0.000707795
0.000707453
0.000707268
0.000707205
0.000707194
0.000707195
0.000707197
0.000707199
0.000707201
0.000707203
0.000707205
0.000707208
0.000707211
0.000707214
0.000707217
0.000707219
0.000707221
0.000707223
0.000707224
0.000707223
0.000707222
0.000707219
0.000707212
0.000707198
0.000707171
0.000707119
0.000707018
0.000706818
0.000706436
0.000705747
0.000704527
0.000702418
0.000698871
0.000693081
0.000683929
0.00066996
0.000649436
0.000620526
0.000581616
0.000531657
0.00047037
0.000398237
0.000316726
0.000229561
0.000147185
0.000105289
0.000110009
0.000139996
0.000191476
0.000250649
0.000310792
0.000371064
0.000431221
0.000489458
0.000542908
0.000588796
0.000625338
0.000652
0.000669193
0.000677561
0.000677407
0.000670493
0.000655035
0.000630056
0.0005947
0.000548607
0.00049213
0.000425906
0.000349741
0.000263543
0.000177258
0.000117706
9.7274e-05
0.000119398
0.000176353
0.000258981
0.000350812
0.000437802
0.000513172
0.000573817
0.000618815
0.000648886
0.000665443
0.000669404
0.000661087
0.000639822
0.000604357
0.000554346
0.000491223
0.000418505
0.00034106
0.000264008
0.000192527
0.000138172
0.000113551
0.000107831
0.000119877
0.000205772
0.000317525
0.000425381
0.000512691
0.000578514
0.000625529
0.000657372
0.000677879
0.000690499
0.000697961
0.00070222
0.000704576
0.000705845
0.000706513
0.00070686
0.000707041
0.000707132
0.000707182
0.000707212
0.000707234
0.000707251
0.000707267
0.000707281
0.000707295
0.000707308
0.00070732
0.000707332
0.000707344
0.000707355
0.000707365
0.000707375
0.000707384
0.000707393
0.000707402
0.00070741
0.000707417
0.000707425
0.000707432
0.000707438
0.000707444
0.00070745
0.000707456
0.000707462
0.000707467
0.000707472
0.000707476
0.000707481
0.000707485
0.000707489
0.000707492
0.000707496
0.000707499
0.000707502
0.000707505
0.000707508
0.000707511
0.000707513
0.000707516
0.000707518
0.00070752
0.000707522
0.000707523
0.000707525
0.000707526
0.000707527
0.000707529
0.00070753
0.000707531
0.000707531
0.000707532
0.000707532
0.000707533
0.000707533
0.000707533
0.000707473
0.000707474
0.000707475
0.000707478
0.000707481
0.000707485
0.000707492
0.0007075
0.000707511
0.000707526
0.000707545
0.000707571
0.000707604
0.000707648
0.000707704
0.000707779
0.000707876
0.000708007
0.000708185
0.000708434
0.000708786
0.000709262
0.000709868
0.000710723
0.000711377
0.00071121
0.00071054
0.00070961
0.000708724
0.000708028
0.000707562
0.000707343
0.000707272
0.000707258
0.000707259
0.000707261
0.000707264
0.000707266
0.000707268
0.000707269
0.000707271
0.000707273
0.000707275
0.000707276
0.000707278
0.00070728
0.000707281
0.000707283
0.000707284
0.000707285
0.000707284
0.00070728
0.000707268
0.00070724
0.000707177
0.000707048
0.000706791
0.000706288
0.000705351
0.000703701
0.000700867
0.000696155
0.000688585
0.000676868
0.000659442
0.000634632
0.000600943
0.000557429
0.000503967
0.000441199
0.000370208
0.000292647
0.000212401
0.000139791
0.00010597
0.000110614
0.000140065
0.000187417
0.000242104
0.00029848
0.000356195
0.000415358
0.000474363
0.000530144
0.000579308
0.000619263
0.000648791
0.00066783
0.000676731
0.000675894
0.000667007
0.000648392
0.000619253
0.000579294
0.000529053
0.00046992
0.000403383
0.000329665
0.000248592
0.00016905
0.000116082
9.80104e-05
0.000120165
0.000174366
0.000252689
0.000340456
0.000425615
0.000501822
0.000565201
0.000613587
0.000646639
0.000664849
0.000668912
0.000659157
0.000634435
0.000594118
0.000538732
0.000471073
0.000395957
0.000318883
0.00024497
0.000179268
0.00013276
0.000112532
0.000108495
0.000124887
0.000211505
0.00031444
0.000410821
0.000492897
0.000558947
0.000609201
0.000645234
0.000669618
0.000685268
0.00069485
0.000700476
0.000703658
0.000705396
0.000706318
0.000706796
0.000707029
0.000707143
0.0007072
0.00070723
0.000707249
0.000707262
0.000707273
0.000707284
0.000707295
0.000707306
0.000707316
0.000707327
0.000707337
0.000707346
0.000707356
0.000707365
0.000707374
0.000707382
0.000707391
0.000707398
0.000707406
0.000707413
0.00070742
0.000707426
0.000707432
0.000707438
0.000707444
0.000707449
0.000707454
0.000707459
0.000707464
0.000707468
0.000707472
0.000707476
0.00070748
0.000707484
0.000707487
0.00070749
0.000707493
0.000707496
0.000707499
0.000707501
0.000707503
0.000707505
0.000707507
0.000707509
0.000707511
0.000707513
0.000707514
0.000707515
0.000707517
0.000707518
0.000707518
0.000707519
0.00070752
0.00070752
0.000707521
0.000707521
0.000707521
0.000707484
0.000707486
0.000707491
0.000707499
0.00070751
0.000707525
0.000707545
0.000707571
0.000707604
0.000707647
0.000707703
0.000707773
0.000707863
0.000707978
0.000708122
0.000708306
0.00070854
0.00070884
0.000709236
0.000709773
0.000710512
0.00071149
0.00071261
0.000713953
0.000714179
0.000713424
0.000712028
0.000710516
0.000709223
0.000708261
0.000707684
0.00070745
0.000707386
0.000707376
0.00070738
0.000707387
0.000707393
0.000707398
0.000707402
0.000707405
0.000707408
0.000707411
0.000707413
0.000707416
0.000707419
0.000707423
0.000707427
0.000707433
0.00070744
0.000707447
0.000707455
0.00070746
0.000707456
0.000707432
0.000707363
0.000707204
0.000706869
0.000706217
0.000704958
0.000702733
0.000698938
0.000692706
0.000682872
0.000668005
0.000646534
0.000617015
0.000578509
0.000530905
0.000474988
0.000412052
0.000343352
0.000270367
0.000196956
0.000133789
0.000106552
0.000111384
0.000140435
0.000184823
0.000235577
0.000288319
0.000343305
0.0004011
0.000460448
0.000518258
0.00057061
0.000614088
0.000646675
0.00066741
0.000676676
0.000675283
0.000664233
0.000642092
0.000608466
0.000563826
0.000509732
0.000448569
0.000382431
0.000311625
0.000235629
0.000162158
0.000114685
9.86786e-05
0.000120869
0.000172967
0.000247578
0.000331551
0.000414795
0.000491631
0.000557654
0.000609508
0.000645687
0.000665401
0.000669661
0.000658476
0.000630387
0.000585242
0.000524898
0.000453581
0.000377186
0.000301405
0.000230932
0.000170394
0.000129389
0.0001121
0.000109257
0.000129011
0.000209229
0.000303564
0.000392573
0.000470922
0.000537207
0.000590504
0.000630832
0.000659496
0.000678696
0.000690882
0.000698249
0.000702509
0.000704873
0.000706135
0.000706776
0.00070708
0.000707221
0.000707281
0.000707305
0.000707314
0.000707317
0.000707319
0.000707321
0.000707325
0.00070733
0.000707335
0.000707341
0.000707348
0.000707354
0.000707361
0.000707368
0.000707375
0.000707382
0.000707389
0.000707395
0.000707402
0.000707408
0.000707414
0.00070742
0.000707425
0.000707431
0.000707436
0.000707441
0.000707446
0.00070745
0.000707454
0.000707459
0.000707463
0.000707466
0.00070747
0.000707473
0.000707477
0.00070748
0.000707483
0.000707485
0.000707488
0.00070749
0.000707493
0.000707495
0.000707497
0.000707499
0.0007075
0.000707502
0.000707503
0.000707505
0.000707506
0.000707507
0.000707508
0.000707508
0.000707509
0.000707509
0.00070751
0.00070751
0.00070751
0.000707539
0.000707545
0.000707558
0.000707578
0.000707606
0.000707644
0.000707693
0.000707757
0.000707838
0.00070794
0.000708069
0.000708232
0.000708435
0.000708689
0.000709005
0.000709397
0.000709885
0.000710497
0.00071128
0.000712315
0.000713715
0.000715574
0.000717437
0.000718613
0.000717958
0.00071612
0.000713765
0.000711544
0.000709772
0.000708522
0.00070787
0.000707652
0.000707601
0.000707602
0.000707616
0.000707632
0.000707647
0.000707659
0.00070767
0.000707679
0.000707687
0.000707694
0.000707701
0.000707709
0.000707718
0.000707729
0.000707742
0.000707759
0.000707779
0.000707803
0.000707829
0.000707855
0.000707873
0.000707865
0.0007078
0.000707613
0.000707186
0.000706315
0.000704677
0.000701672
0.000696605
0.000688397
0.000675703
0.000657012
0.000630894
0.00059636
0.000553237
0.000502336
0.000445191
0.000383382
0.000317924
0.000249846
0.00018271
0.000128929
0.000107053
0.000112325
0.00014116
0.00018317
0.000230454
0.000279802
0.000332094
0.000388399
0.000447895
0.000507586
0.000563127
0.00061029
0.000645901
0.000668488
0.000678258
0.000675811
0.000662543
0.000636417
0.000597952
0.000548557
0.000490894
0.000428236
0.000363032
0.000295405
0.000224325
0.000156323
0.000113475
9.93468e-05
0.000121532
0.000171993
0.000243307
0.000323738
0.000405092
0.000482495
0.000551204
0.000606745
0.000645912
0.000668012
0.000672539
0.000659434
0.000628144
0.000578191
0.00051328
0.000439016
0.000362123
0.000288134
0.000221007
0.0001648
0.000127461
0.000111938
0.00010997
0.000131569
0.000203979
0.000289659
0.000372082
0.000447
0.000513206
0.000569202
0.00061384
0.000647171
0.0006705
0.00068587
0.000695449
0.000701118
0.000704313
0.000706035
0.000706876
0.000707273
0.000707439
0.000707494
0.0007075
0.000707485
0.000707465
0.000707446
0.000707431
0.000707419
0.00070741
0.000707405
0.000707401
0.000707399
0.000707399
0.0007074
0.000707401
0.000707404
0.000707407
0.00070741
0.000707413
0.000707417
0.000707421
0.000707425
0.000707428
0.000707432
0.000707436
0.00070744
0.000707444
0.000707448
0.000707451
0.000707455
0.000707458
0.000707461
0.000707465
0.000707468
0.000707471
0.000707473
0.000707476
0.000707479
0.000707481
0.000707483
0.000707485
0.000707487
0.000707489
0.000707491
0.000707493
0.000707494
0.000707496
0.000707497
0.000707498
0.000707499
0.0007075
0.000707501
0.000707502
0.000707502
0.000707503
0.000707503
0.000707503
0.000707503
0.000707692
0.000707706
0.000707735
0.000707781
0.000707844
0.000707928
0.000708037
0.000708175
0.000708349
0.000708567
0.000708839
0.000709175
0.00070959
0.0007101
0.000710725
0.000711488
0.00071242
0.000713561
0.000714984
0.000716818
0.000719249
0.000722504
0.000724742
0.000724645
0.000722617
0.000719278
0.000715747
0.00071269
0.000710352
0.000708859
0.000708215
0.000708033
0.000708009
0.000708029
0.000708063
0.000708098
0.000708129
0.000708157
0.000708182
0.000708204
0.000708224
0.000708243
0.000708263
0.000708284
0.000708307
0.000708335
0.000708368
0.000708407
0.000708455
0.000708511
0.000708575
0.000708644
0.000708707
0.00070874
0.000708695
0.000708491
0.000707959
0.00070682
0.000704623
0.000700619
0.000693887
0.000683129
0.000666857
0.000643607
0.000612298
0.000572642
0.000525398
0.000472245
0.000415181
0.00035566
0.00029415
0.000231181
0.000170196
0.000124971
0.000107494
0.000113449
0.000142205
0.000182148
0.000226325
0.000272573
0.000322368
0.000377282
0.000436948
0.000498536
0.000557372
0.000608379
0.000646888
0.000671798
0.000681996
0.000678389
0.000662104
0.000631544
0.000587904
0.000533695
0.000472729
0.000409029
0.000345147
0.000280819
0.000214423
0.000151354
0.00011242
9.99788e-05
0.000122192
0.000171322
0.000239625
0.000316745
0.000396301
0.000474309
0.000545829
0.000605428
0.000648303
0.000672714
0.000677657
0.000662814
0.000627666
0.000573419
0.000504231
0.000427492
0.000350536
0.0002785
0.000214387
0.000161524
0.000126309
0.000111961
0.000110486
0.000132905
0.000197213
0.000274332
0.000350314
0.000421569
0.000487092
0.000545227
0.000594014
0.000632318
0.000660384
0.000679619
0.000691998
0.000699505
0.000703796
0.000706102
0.000707242
0.000707749
0.000707932
0.000707968
0.00070793
0.000707865
0.000707798
0.000707738
0.000707687
0.000707644
0.000707609
0.00070758
0.000707556
0.000707537
0.000707522
0.000707509
0.0007075
0.000707492
0.000707486
0.000707481
0.000707477
0.000707475
0.000707473
0.000707472
0.000707471
0.000707471
0.000707472
0.000707472
0.000707473
0.000707474
0.000707476
0.000707477
0.000707478
0.00070748
0.000707482
0.000707483
0.000707485
0.000707486
0.000707488
0.000707489
0.000707491
0.000707492
0.000707494
0.000707495
0.000707497
0.000707498
0.000707499
0.0007075
0.000707501
0.000707502
0.000707503
0.000707504
0.000707504
0.000707505
0.000707505
0.000707506
0.000707506
0.000707507
0.000707507
0.000707507
0.000708047
0.000708077
0.000708137
0.000708232
0.000708363
0.000708535
0.000708757
0.000709036
0.000709382
0.000709811
0.000710337
0.000710981
0.000711765
0.000712713
0.000713859
0.000715239
0.000716896
0.000718882
0.000721299
0.000724351
0.000728326
0.000733083
0.000734186
0.00073222
0.000727985
0.000722863
0.000717973
0.000713968
0.000711044
0.00070943
0.000708871
0.000708745
0.000708761
0.000708818
0.000708886
0.000708952
0.000709014
0.00070907
0.000709121
0.000709168
0.000709213
0.000709257
0.000709302
0.000709349
0.000709403
0.000709463
0.000709534
0.000709617
0.000709715
0.00070983
0.000709962
0.000710108
0.000710254
0.000710369
0.000710373
0.000710169
0.000709517
0.00070803
0.000705089
0.000699803
0.000690874
0.000676849
0.000656181
0.000627631
0.000590731
0.000546123
0.000495552
0.000441364
0.000385635
0.000329328
0.000272199
0.000214394
0.000159474
0.000121743
0.000107902
0.000114766
0.000143508
0.000181556
0.000222925
0.000266402
0.00031402
0.000367823
0.000427875
0.000491525
0.000553832
0.000608193
0.000650572
0.000677728
0.000688146
0.000683022
0.000663119
0.00062764
0.000578467
0.000519388
0.000455372
0.000391009
0.000328721
0.000267705
0.000205719
0.000147121
0.000111515
0.000100604
0.00012292
0.000170869
0.000236348
0.000310364
0.000388252
0.000466964
0.000541473
0.000605197
0.00065246
0.000679664
0.000685261
0.000668688
0.000629738
0.000571341
0.000498049
0.000419044
0.000342139
0.000271983
0.000210512
0.000160268
0.000126473
0.000112061
0.000110858
0.000132201
0.000188654
0.000258156
0.000327938
0.000395168
0.000459242
0.000518728
0.000571258
0.000614682
0.000648066
0.000671928
0.000687829
0.000697736
0.000703513
0.000706584
0.000708102
0.00070874
0.000708926
0.000708919
0.000708789
0.000708632
0.00070848
0.000708343
0.000708224
0.000708123
0.000708036
0.000707963
0.000707901
0.000707848
0.000707803
0.000707764
0.000707731
0.000707702
0.000707678
0.000707657
0.000707638
0.000707623
0.000707609
0.000707598
0.000707588
0.000707579
0.000707571
0.000707565
0.00070756
0.000707555
0.000707551
0.000707547
0.000707545
0.000707542
0.00070754
0.000707538
0.000707537
0.000707536
0.000707535
0.000707534
0.000707534
0.000707533
0.000707533
0.000707533
0.000707532
0.000707532
0.000707532
0.000707532
0.000707532
0.000707532
0.000707532
0.000707533
0.000707533
0.000707533
0.000707533
0.000707533
0.000707533
0.000707533
0.000707533
0.000707533
0.000708793
0.000708852
0.000708971
0.000709155
0.000709408
0.00070974
0.000710162
0.000710686
0.000711331
0.000712118
0.000713073
0.000714225
0.000715609
0.000717261
0.00071923
0.000721572
0.000724345
0.000727604
0.000731467
0.000736262
0.000742549
0.000747044
0.000745759
0.000740959
0.000734089
0.000726916
0.000720444
0.000715357
0.000711992
0.000710493
0.000710068
0.000710026
0.000710101
0.000710217
0.00071034
0.000710457
0.000710568
0.000710672
0.000710769
0.000710861
0.000710951
0.000711039
0.000711131
0.000711228
0.000711335
0.000711454
0.000711591
0.00071175
0.000711934
0.000712148
0.000712393
0.000712665
0.000712947
0.000713196
0.000713308
0.000713115
0.000712328
0.000710397
0.000706498
0.000699495
0.000687695
0.00066956
0.000643615
0.0006091
0.000566443
0.000517372
0.000464515
0.000410544
0.000357216
0.000304741
0.000252138
0.000199329
0.000150374
0.000119121
0.000108309
0.000116289
0.000144994
0.000181249
0.000220085
0.000261152
0.000307006
0.00036012
0.000420932
0.000486955
0.000552628
0.000611146
0.000657238
0.000686642
0.000697029
0.000690022
0.000666049
0.000624914
0.000569754
0.000505744
0.000438918
0.000374207
0.000313689
0.000255921
0.000198017
0.000143563
0.000110761
0.000101219
0.000123779
0.00017055
0.000233331
0.000304429
0.000380795
0.000460354
0.00053813
0.000606617
0.000658589
0.000689038
0.000695629
0.000677527
0.000634899
0.000571343
0.000494895
0.000413677
0.000336671
0.000268138
0.000209009
0.000160728
0.00012715
0.000112305
0.00011116
0.000130345
0.00017899
0.000241617
0.000305509
0.000368406
0.000430224
0.000490094
0.000545685
0.000594128
0.000633305
0.000662606
0.000682884
0.000695888
0.000703592
0.000707772
0.000709797
0.000710599
0.000710789
0.00071067
0.000710388
0.000710075
0.000709777
0.000709508
0.000709272
0.000709067
0.00070889
0.000708736
0.000708603
0.000708488
0.000708387
0.000708298
0.000708221
0.000708153
0.000708093
0.00070804
0.000707993
0.000707952
0.000707915
0.000707882
0.000707853
0.000707827
0.000707803
0.000707783
0.000707764
0.000707747
0.000707732
0.000707719
0.000707707
0.000707696
0.000707686
0.000707678
0.00070767
0.000707663
0.000707656
0.00070765
0.000707645
0.000707641
0.000707637
0.000707633
0.000707629
0.000707626
0.000707624
0.000707621
0.000707619
0.000707617
0.000707616
0.000707614
0.000707613
0.000707612
0.000707611
0.00070761
0.00070761
0.000707609
0.000707609
0.000707609
0.000710256
0.000710364
0.000710583
0.00071092
0.000711382
0.000711982
0.000712736
0.000713665
0.000714794
0.000716154
0.000717783
0.000719724
0.000722024
0.000724736
0.000727926
0.00073168
0.000736079
0.000741152
0.000746977
0.000754077
0.000762335
0.000763761
0.000759254
0.000750752
0.000740905
0.000731448
0.000723189
0.000717078
0.000713633
0.000712434
0.000712174
0.000712233
0.000712401
0.000712602
0.000712806
0.000713003
0.000713191
0.00071337
0.000713541
0.000713706
0.000713869
0.000714033
0.000714203
0.000714382
0.000714577
0.000714794
0.000715038
0.000715317
0.000715637
0.000716004
0.000716422
0.000716887
0.000717375
0.000717828
0.00071811
0.000717945
0.00071699
0.000714468
0.000709268
0.00069987
0.000684487
0.000661323
0.000629223
0.000588241
0.000539958
0.000487208
0.000433232
0.000380621
0.000330476
0.000282131
0.000233935
0.000185688
0.000142748
0.000117015
0.000108745
0.000118023
0.000146588
0.000181131
0.000217708
0.000256755
0.000301327
0.000354277
0.000416338
0.000485058
0.000553963
0.000617317
0.000667366
0.000698929
0.0007089
0.00069952
0.000670772
0.000623404
0.000561811
0.000492842
0.000423441
0.000358633
0.000299979
0.000245354
0.000191245
0.000140635
0.000110173
0.000101836
0.000124765
0.000170283
0.000230457
0.000298803
0.000373796
0.000454359
0.000535686
0.000609434
0.000666698
0.000700948
0.000708959
0.000689596
0.000643441
0.000575255
0.000494295
0.000411274
0.000333838
0.000266463
0.000209106
0.000162155
0.000128496
0.000112749
0.000111417
0.000127657
0.00016897
0.000225222
0.000283541
0.000341909
0.000400734
0.000459932
0.00051764
0.000570688
0.000615929
0.000651455
0.000677089
0.000694076
0.000704385
0.000710063
0.000712794
0.00071382
0.000714009
0.000713705
0.000713187
0.000712629
0.000712097
0.000711616
0.000711188
0.000710813
0.000710484
0.000710195
0.000709941
0.000709717
0.000709519
0.000709344
0.000709188
0.000709049
0.000708925
0.000708813
0.000708714
0.000708624
0.000708544
0.000708471
0.000708406
0.000708346
0.000708293
0.000708244
0.0007082
0.00070816
0.000708124
0.00070809
0.00070806
0.000708033
0.000708008
0.000707985
0.000707964
0.000707945
0.000707928
0.000707912
0.000707898
0.000707885
0.000707873
0.000707862
0.000707852
0.000707843
0.000707835
0.000707828
0.000707821
0.000707815
0.00070781
0.000707805
0.000707801
0.000707798
0.000707795
0.000707793
0.000707791
0.000707789
0.000707788
0.000707788
0.000712943
0.000713131
0.000713513
0.000714096
0.000714891
0.000715914
0.000717189
0.000718741
0.000720606
0.000722827
0.000725455
0.000728549
0.000732172
0.000736388
0.000741287
0.000746995
0.000753642
0.000761192
0.000769472
0.000779666
0.000786348
0.000783344
0.000774079
0.000761474
0.000748414
0.000736399
0.00072616
0.000719531
0.000716588
0.000715751
0.00071569
0.000715882
0.000716177
0.000716498
0.000716818
0.00071713
0.000717431
0.000717722
0.000718006
0.000718283
0.00071856
0.00071884
0.00071913
0.000719437
0.000719768
0.000720131
0.000720536
0.000720993
0.000721511
0.0007221
0.000722765
0.000723501
0.000724277
0.000725013
0.000725523
0.000725394
0.000724206
0.000720877
0.000713941
0.000701502
0.000681513
0.000652263
0.000613188
0.000565472
0.000512004
0.000456566
0.000402626
0.000352294
0.000305799
0.000261608
0.000217569
0.000173581
0.000136388
0.000115362
0.00010924
0.000119965
0.000148229
0.000181173
0.000215754
0.000253186
0.00029701
0.000350387
0.000414198
0.00048521
0.000559295
0.000627469
0.000681394
0.000714882
0.000723923
0.000711573
0.000677246
0.000622945
0.000554624
0.000480744
0.000408994
0.000344275
0.000287511
0.000235892
0.000185356
0.000138269
0.00010974
0.000102446
0.00012578
0.000169988
0.000227623
0.000293371
0.00036714
0.00044886
0.00053401
0.000613481
0.000676707
0.00071543
0.000725399
0.000705174
0.000655762
0.00058301
0.000497355
0.000411051
0.000333024
0.000266233
0.000210496
0.000164609
0.000130594
0.000113458
0.000111653
0.000124685
0.000159137
0.000209342
0.000262468
0.000316264
0.000371513
0.000429
0.000487684
0.000544586
0.000595857
0.000638275
0.000670325
0.000692391
0.000706184
0.000713925
0.000717664
0.000719027
0.000719227
0.000718667
0.000717811
0.000716895
0.000716018
0.000715217
0.000714498
0.00071386
0.000713293
0.00071279
0.000712342
0.000711943
0.000711586
0.000711266
0.000710979
0.00071072
0.000710487
0.000710276
0.000710085
0.000709912
0.000709754
0.000709611
0.000709481
0.000709363
0.000709254
0.000709155
0.000709065
0.000708982
0.000708907
0.000708837
0.000708773
0.000708715
0.000708662
0.000708612
0.000708567
0.000708526
0.000708488
0.000708453
0.000708421
0.000708391
0.000708364
0.00070834
0.000708317
0.000708297
0.000708278
0.000708261
0.000708246
0.000708233
0.000708221
0.00070821
0.0007082
0.000708192
0.000708185
0.00070818
0.000708175
0.000708172
0.00070817
0.000708169
0.000717594
0.000717905
0.000718533
0.000719487
0.00072078
0.000722434
0.000724473
0.000726933
0.000729856
0.000733297
0.000737323
0.000742012
0.000747439
0.000753682
0.000760837
0.000769092
0.00077869
0.000789543
0.000800497
0.000812579
0.000813383
0.000805009
0.000790159
0.000773187
0.000756667
0.000741684
0.00072988
0.000723798
0.000721626
0.000721143
0.000721283
0.000721657
0.000722118
0.000722598
0.000723077
0.000723547
0.000724007
0.000724457
0.000724899
0.000725337
0.000725777
0.000726226
0.00072669
0.00072718
0.000727704
0.000728276
0.000728906
0.000729609
0.000730398
0.000731285
0.000732278
0.000733368
0.000734514
0.000735605
0.000736386
0.000736275
0.000734728
0.000730276
0.000721023
0.000704666
0.00067896
0.000642534
0.000595795
0.000541352
0.0004834
0.000426353
0.000373464
0.000326049
0.00028338
0.000243162
0.00020296
0.000162988
0.000131101
0.000114102
0.000109824
0.000122107
0.000149892
0.000181327
0.000214201
0.000250453
0.000294098
0.000348481
0.000413998
0.000489585
0.000568643
0.000641847
0.000699612
0.000734697
0.000742196
0.000726171
0.000685385
0.000623358
0.000548203
0.000469523
0.00039562
0.000331108
0.000276195
0.000227416
0.000180239
0.000136406
0.000109617
0.000103048
0.000126702
0.000169582
0.000224743
0.00028804
0.000360731
0.000443753
0.000532994
0.000618637
0.000688523
0.000732472
0.000745031
0.000724429
0.000672039
0.000594838
0.000504678
0.000414659
0.000334461
0.000267711
0.000212974
0.000167954
0.000133485
0.000114519
0.000111866
0.000121838
0.000149973
0.000194196
0.000242612
0.000291949
0.00034325
0.000398115
0.000456554
0.000516246
0.000573134
0.000622869
0.000662393
0.000690812
0.000709218
0.000719822
0.000725037
0.000726946
0.000727206
0.000726346
0.000725048
0.000723649
0.000722295
0.000721044
0.00071991
0.000718891
0.000717976
0.000717155
0.000716417
0.000715751
0.00071515
0.000714606
0.000714113
0.000713665
0.000713257
0.000712885
0.000712546
0.000712236
0.000711952
0.000711692
0.000711454
0.000711236
0.000711035
0.000710851
0.000710681
0.000710525
0.000710381
0.000710248
0.000710126
0.000710013
0.00070991
0.000709814
0.000709725
0.000709644
0.000709569
0.0007095
0.000709436
0.000709377
0.000709323
0.000709274
0.000709229
0.000709187
0.00070915
0.000709115
0.000709084
0.000709057
0.000709032
0.00070901
0.000708991
0.000708974
0.00070896
0.000708948
0.000708939
0.000708932
0.000708927
0.000708925
0.000725193
0.000725678
0.000726659
0.000728141
0.00073014
0.000732677
0.00073578
0.000739489
0.00074385
0.00074893
0.000754811
0.000761593
0.00076937
0.000778212
0.0007882
0.000799568
0.00081278
0.00082801
0.000841571
0.000849585
0.000843461
0.000827897
0.000807397
0.000786011
0.000765898
0.000747996
0.000735923
0.000731011
0.000729518
0.000729413
0.000729799
0.000730402
0.000731072
0.000731759
0.000732446
0.000733125
0.000733795
0.000734456
0.000735113
0.000735769
0.00073643
0.000737107
0.000737807
0.000738543
0.000739327
0.000740174
0.0007411
0.000742121
0.000743254
0.000744516
0.000745913
0.000747433
0.000749018
0.000750514
0.00075157
0.000751409
0.000749282
0.000743255
0.000730931
0.000709589
0.000676939
0.000632285
0.000577398
0.000516511
0.000454952
0.000397334
0.000346292
0.000302153
0.000263252
0.000226681
0.000189883
0.000153857
0.000126762
0.000113238
0.000110522
0.000124436
0.000151604
0.000181638
0.000213063
0.000248589
0.000292609
0.000348177
0.000417351
0.000497719
0.000582335
0.000660789
0.00072225
0.000758479
0.000763773
0.000743281
0.000695189
0.000624995
0.00054269
0.000459268
0.000383344
0.000319082
0.000265933
0.000219804
0.000175763
0.000134924
0.000109642
0.000103637
0.000127479
0.000169002
0.000221752
0.000282744
0.000354501
0.000438953
0.000532511
0.000624772
0.000702029
0.00075202
0.000767889
0.000747497
0.000692451
0.00061077
0.000515729
0.0004217
0.000338911
0.000271028
0.000216456
0.000172011
0.000137138
0.000116024
0.000112023
0.000119307
0.000141783
0.000180056
0.000224176
0.000269302
0.000316504
0.000368055
0.000425074
0.000486281
0.000547969
0.000605079
0.000652998
0.000689162
0.000713576
0.000728133
0.000735522
0.000738335
0.000738778
0.000737639
0.000735817
0.000733812
0.000731844
0.000730003
0.000728315
0.000726779
0.000725387
0.000724123
0.000722975
0.00072193
0.000720977
0.000720106
0.000719309
0.000718579
0.000717909
0.000717294
0.000716728
0.000716208
0.000715728
0.000715286
0.000714878
0.000714501
0.000714153
0.000713832
0.000713534
0.000713259
0.000713004
0.000712769
0.00071255
0.000712348
0.000712161
0.000711987
0.000711827
0.000711678
0.000711541
0.000711414
0.000711297
0.000711188
0.000711089
0.000710997
0.000710913
0.000710835
0.000710765
0.000710701
0.000710643
0.00071059
0.000710544
0.000710502
0.000710466
0.000710434
0.000710407
0.000710385
0.000710368
0.000710355
0.000710346
0.000710342
0.000736935
0.000737659
0.000739115
0.000741309
0.000744252
0.000747964
0.000752471
0.00075781
0.000764031
0.000771203
0.000779427
0.000788829
0.000799529
0.000811576
0.000824965
0.0008399
0.00085711
0.000877605
0.000890235
0.000888926
0.000874985
0.000852154
0.000825992
0.000800078
0.000776028
0.000756226
0.000745702
0.000742064
0.000741269
0.000741541
0.000742239
0.000743109
0.000744034
0.000744976
0.000745921
0.000746862
0.000747797
0.000748728
0.000749657
0.000750591
0.000751537
0.000752505
0.000753506
0.000754554
0.000755665
0.000756855
0.000758143
0.000759549
0.000761093
0.000762793
0.000764656
0.000766659
0.000768719
0.000770624
0.000771897
0.000771546
0.000768496
0.000760283
0.000743942
0.000716386
0.000675524
0.000621682
0.000558406
0.000491593
0.000427364
0.000370071
0.000321422
0.000280678
0.000245332
0.00021202
0.00017823
0.000146053
0.000123166
0.000112613
0.000111355
0.00012694
0.000153418
0.000182128
0.000212363
0.000247621
0.000292304
0.000350567
0.000423977
0.000509883
0.000600602
0.000684501
0.000749434
0.000786226
0.000788702
0.000762845
0.000706661
0.000627826
0.000538215
0.000450068
0.00037217
0.000308134
0.000256623
0.000212941
0.000171805
0.000133708
0.000109757
0.000104208
0.00012812
0.000168214
0.000218608
0.000277445
0.000348409
0.000434401
0.000532377
0.000631753
0.000717095
0.000773981
0.000793955
0.000774465
0.000717182
0.000631018
0.000530614
0.000431696
0.00034539
0.000275658
0.000220709
0.000176588
0.000141425
0.000118048
0.000112152
0.000117159
0.000134697
0.000167174
0.000207292
0.000248515
0.000291672
0.000339472
0.000394071
0.000455447
0.000520771
0.00058486
0.000641795
0.000687092
0.000719133
0.000739054
0.000749611
0.000753903
0.000754761
0.000753476
0.0007511
0.000748397
0.000745694
0.000743128
0.000740745
0.000738554
0.000736545
0.000734702
0.000733011
0.000731456
0.000730025
0.000728707
0.00072749
0.000726365
0.000725326
0.000724364
0.000723473
0.000722647
0.000721882
0.000721171
0.000720512
0.0007199
0.000719331
0.000718802
0.000718311
0.000717855
0.00071743
0.000717035
0.000716668
0.000716327
0.000716009
0.000715715
0.000715441
0.000715186
0.00071495
0.000714731
0.000714528
0.000714341
0.000714167
0.000714008
0.000713861
0.000713726
0.000713602
0.00071349
0.000713387
0.000713295
0.000713213
0.000713139
0.000713075
0.000713019
0.000712972
0.000712933
0.000712901
0.000712878
0.000712863
0.000712855
0.000754143
0.000755173
0.00075724
0.000760344
0.00076449
0.000769689
0.000775959
0.000783329
0.000791839
0.000801558
0.0008126
0.00082513
0.000839307
0.000855158
0.000872492
0.000891326
0.000912779
0.000936468
0.000941052
0.000930232
0.000907292
0.000877729
0.000846028
0.000815679
0.000788021
0.000768642
0.000760621
0.000758166
0.000757995
0.000758649
0.000759682
0.000760853
0.000762075
0.000763319
0.000764571
0.000765825
0.00076708
0.000768335
0.000769595
0.000770866
0.000772156
0.000773476
0.000774839
0.00077626
0.000777757
0.000779348
0.000781053
0.000782896
0.000784899
0.000787077
0.000789433
0.000791933
0.000794457
0.000796714
0.000798062
0.000797288
0.000792839
0.000781659
0.000760187
0.00072507
0.00067478
0.000610936
0.000539284
0.000467213
0.000401197
0.000344921
0.000298972
0.000261562
0.000229465
0.000199021
0.000167926
0.000139413
0.000120287
0.000112471
0.000112327
0.000129598
0.000155359
0.000182778
0.000212097
0.000247417
0.000293806
0.000355493
0.000433955
0.000526228
0.000623646
0.000713141
0.000781214
0.00081783
0.000817017
0.000784776
0.000719833
0.000631973
0.000534921
0.000441981
0.00036208
0.000298191
0.000248165
0.00020672
0.000168259
0.000132679
0.000109958
0.000104754
0.000128552
0.000167166
0.000215289
0.000272129
0.000342441
0.00043008
0.000532695
0.000639512
0.000733595
0.000798229
0.000823152
0.000805363
0.000746375
0.000655836
0.000549669
0.000445063
0.000354273
0.000281762
0.000225713
0.000181543
0.00014614
0.000120637
0.00011232
0.000115408
0.000128712
0.000155741
0.000191975
0.000229653
0.000268973
0.000312843
0.000364278
0.000424565
0.000492149
0.000562364
0.000628493
0.000684125
0.000725536
0.000752534
0.000767591
0.000774209
0.000775874
0.000774732
0.000771856
0.000768423
0.000764905
0.000761508
0.000758312
0.000755337
0.000752579
0.000750024
0.000747655
0.000745457
0.000743415
0.000741517
0.000739751
0.000738107
0.000736575
0.000735148
0.000733816
0.000732574
0.000731415
0.000730333
0.000729323
0.00072838
0.0007275
0.000726677
0.000725909
0.000725192
0.000724522
0.000723896
0.000723312
0.000722767
0.000722258
0.000721784
0.000721341
0.000720929
0.000720546
0.000720189
0.000719858
0.000719551
0.000719266
0.000719003
0.000718761
0.000718538
0.000718333
0.000718147
0.000717977
0.000717824
0.000717686
0.000717564
0.000717456
0.000717363
0.000717284
0.000717218
0.000717166
0.000717127
0.000717101
0.000717089
0.000778118
0.000779523
0.00078234
0.000786555
0.000792162
0.000799156
0.00080754
0.000817322
0.000828522
0.000841192
0.000855453
0.000871514
0.000889611
0.000909774
0.0009315
0.000954195
0.000980366
0.000998276
0.00099246
0.000971685
0.000940691
0.00090482
0.000867475
0.000832614
0.00080332
0.000787388
0.000781737
0.000780408
0.000780777
0.000781841
0.000783213
0.00078471
0.000786263
0.000787846
0.000789447
0.000791059
0.000792679
0.000794308
0.000795948
0.000797606
0.00079929
0.000801012
0.000802785
0.000804626
0.000806551
0.000808581
0.000810738
0.000813043
0.000815519
0.000818178
0.000821014
0.000823972
0.000826886
0.000829364
0.000830552
0.000829024
0.000822568
0.000807508
0.00077967
0.000735594
0.000674626
0.000600322
0.000520547
0.000443921
0.000376853
0.000322057
0.000278914
0.000244655
0.000215462
0.000187512
0.000158932
0.000133903
0.000118151
0.000112459
0.000113562
0.000132375
0.000157373
0.00018353
0.000212224
0.000248285
0.000297113
0.000362988
0.000447458
0.00054701
0.000651696
0.000746822
0.000817567
0.00085315
0.000848596
0.000809011
0.000734769
0.000637543
0.000532952
0.000435035
0.000353039
0.000289175
0.000240464
0.000201049
0.000165038
0.000131766
0.000110205
0.000105288
0.000128522
0.000165825
0.000211797
0.000266803
0.000336599
0.000425992
0.000533403
0.000647993
0.000751409
0.000824601
0.000855336
0.000840122
0.00078009
0.000685413
0.000573148
0.000462026
0.000365712
0.000289428
0.000231479
0.000186799
0.000151083
0.000123807
0.000112593
0.000114018
0.000123724
0.000145825
0.000178119
0.000212662
0.000248469
0.000288453
0.000336266
0.000394423
0.000462858
0.000537996
0.00061299
0.000679792
0.00073226
0.000768261
0.000789467
0.000799575
0.000802664
0.000802107
0.000798914
0.000794812
0.000790468
0.000786188
0.0007821
0.000778248
0.000774636
0.000771254
0.000768088
0.000765124
0.000762345
0.000759741
0.000757298
0.000755006
0.000752855
0.000750836
0.000748941
0.000747162
0.000745492
0.000743924
0.000742452
0.00074107
0.000739774
0.000738557
0.000737415
0.000736343
0.000735339
0.000734397
0.000733514
0.000732687
0.000731912
0.000731187
0.00073051
0.000729876
0.000729285
0.000728734
0.00072822
0.000727743
0.0007273
0.000726889
0.00072651
0.00072616
0.000725839
0.000725546
0.000725278
0.000725037
0.000724819
0.000724626
0.000724456
0.000724308
0.000724183
0.000724078
0.000723996
0.000723934
0.000723893
0.000723872
0.000809953
0.0008118
0.000815492
0.000821004
0.000828304
0.000837367
0.000848166
0.000860676
0.000874879
0.000890786
0.000908501
0.000928272
0.000950448
0.000975162
0.00100156
0.0010271
0.00105417
0.0010586
0.00104301
0.00101292
0.000974908
0.000933289
0.000890425
0.000852248
0.000825232
0.000813906
0.000810217
0.000809787
0.000810628
0.000812078
0.000813791
0.000815628
0.000817535
0.000819484
0.000821463
0.000823464
0.000825481
0.000827515
0.000829568
0.000831645
0.000833755
0.000835909
0.000838119
0.000840401
0.000842772
0.000845252
0.00084786
0.000850617
0.00085354
0.000856637
0.000859887
0.000863206
0.00086637
0.000868866
0.000869574
0.000866864
0.000857709
0.000837785
0.000802333
0.000747979
0.000675288
0.000590286
0.000502735
0.000422162
0.000354568
0.000301503
0.000261123
0.000229761
0.000203128
0.000177342
0.000151209
0.000129444
0.000116611
0.000112489
0.000115115
0.000135185
0.000159312
0.000184334
0.000212872
0.000250304
0.00030224
0.000373244
0.000464793
0.000572555
0.000684974
0.000785575
0.00085836
0.00089206
0.000883099
0.000835557
0.00075156
0.000644639
0.000532262
0.000429234
0.000345014
0.000281012
0.000233437
0.00019585
0.00016207
0.000130913
0.000110444
0.000105798
0.000128387
0.000164251
0.000208166
0.000261493
0.000330898
0.000422152
0.000534515
0.000657167
0.000770422
0.0008529
0.000890283
0.000878555
0.000818273
0.000719865
0.00060128
0.000482835
0.0003799
0.00029878
0.000238054
0.000192317
0.000156146
0.000127538
0.000113032
0.000113078
0.000119617
0.000137343
0.000165681
0.000197435
0.000230106
0.000266411
0.000310414
0.000365685
0.000433701
0.000512387
0.000595463
0.000673785
0.00073875
0.000785719
0.000814951
0.000830006
0.000835496
0.000835981
0.000832856
0.000828269
0.000823181
0.000818041
0.000813048
0.000808279
0.000803754
0.000799472
0.000795425
0.000791599
0.000787982
0.000784563
0.000781332
0.000778277
0.00077539
0.000772663
0.000770086
0.000767652
0.000765354
0.000763184
0.000761136
0.000759205
0.000757383
0.000755665
0.000754046
0.00075252
0.000751084
0.000749732
0.00074846
0.000747264
0.00074614
0.000745085
0.000744096
0.000743168
0.0007423
0.000741488
0.00074073
0.000740024
0.000739367
0.000738757
0.000738192
0.00073767
0.00073719
0.000736751
0.00073635
0.000735987
0.000735661
0.00073537
0.000735113
0.000734891
0.000734701
0.000734544
0.000734419
0.000734325
0.000734263
0.000734232
0.000850319
0.000852661
0.000857331
0.000864279
0.000873446
0.000884768
0.000898178
0.000913602
0.000930955
0.000950173
0.000971302
0.000994594
0.00102051
0.0010494
0.00108054
0.00110731
0.00112445
0.00111637
0.00109083
0.00105327
0.00100937
0.000962469
0.000914334
0.000876834
0.000856364
0.000848768
0.000846687
0.000846962
0.000848251
0.000850056
0.000852104
0.000854285
0.000856551
0.000858875
0.000861241
0.000863638
0.000866062
0.000868511
0.000870984
0.000873487
0.000876026
0.000878611
0.000881253
0.000883966
0.000886765
0.000889666
0.000892686
0.000895841
0.000899141
0.000902582
0.000906126
0.000909653
0.000912866
0.000915114
0.000914988
0.000910595
0.000898036
0.000872306
0.000828119
0.000762413
0.000677377
0.000581426
0.000486344
0.000402241
0.000334432
0.000283178
0.000245416
0.00021667
0.000192277
0.000168407
0.000144672
0.000125886
0.000115521
0.000112618
0.000116975
0.000137871
0.000161004
0.000185166
0.000214059
0.00025348
0.000309366
0.000386566
0.000486345
0.000603212
0.000723642
0.000829306
0.000903307
0.000934241
0.000920288
0.000864363
0.000770328
0.000653416
0.000532658
0.000424638
0.000337987
0.000273638
0.000227007
0.000191054
0.000159302
0.000130078
0.000110627
0.000106264
0.000128114
0.000162492
0.000204442
0.000256228
0.000325361
0.000418587
0.000536058
0.000667025
0.000790525
0.000882886
0.000927683
0.000920332
0.000860721
0.000759197
0.000634254
0.000507749
0.000397064
0.000309968
0.00024552
0.000198103
0.000161306
0.000131734
0.000113935
0.000112129
0.000116415
0.000130275
0.000154669
0.00018385
0.000213755
0.000246693
0.000286909
0.00033883
0.000405405
0.000486296
0.000576376
0.000666077
0.000744571
0.00080432
0.000843527
0.000865186
0.000874373
0.000876353
0.00087392
0.000869158
0.000863513
0.00085763
0.0008518
0.000846147
0.000840716
0.000835521
0.00083056
0.000825827
0.000821313
0.000817012
0.000812914
0.000809013
0.000805301
0.00080177
0.000798414
0.000795225
0.000792197
0.000789323
0.000786597
0.000784012
0.000781563
0.000779244
0.000777048
0.000774971
0.000773007
0.000771152
0.0007694
0.000767748
0.00076619
0.000764723
0.000763342
0.000762045
0.000760827
0.000759685
0.000758617
0.000757618
0.000756688
0.000755822
0.000755018
0.000754276
0.000753591
0.000752963
0.00075239
0.00075187
0.000751401
0.000750983
0.000750615
0.000750294
0.000750021
0.000749795
0.000749614
0.000749479
0.00074939
0.000749345
0.000899248
0.000902112
0.000907812
0.000916264
0.000927362
0.000940993
0.000957032
0.000975334
0.000995723
0.00101802
0.00104214
0.00106828
0.00109694
0.00112861
0.00116344
0.00118538
0.00118688
0.00116922
0.00113572
0.00109238
0.0010436
0.0009915
0.00094135
0.000910769
0.000897162
0.000892252
0.000891354
0.000892191
0.000893892
0.000896027
0.000898394
0.000900906
0.000903516
0.000906197
0.000908931
0.000911706
0.000914515
0.000917353
0.000920221
0.00092312
0.000926055
0.000929033
0.000932063
0.000935155
0.000938321
0.000941572
0.00094492
0.000948374
0.000951933
0.000955581
0.000959254
0.00096279
0.000965812
0.000967497
0.000966263
0.000959633
0.000943063
0.000910763
0.000856967
0.000779111
0.000681229
0.000574246
0.000471748
0.000384329
0.000316426
0.000266931
0.000231587
0.000205171
0.000182745
0.000160602
0.000139198
0.000123086
0.000114805
0.000112891
0.000119077
0.000140229
0.000162364
0.000186067
0.00021587
0.000257966
0.000318739
0.000403325
0.000512544
0.000639305
0.000767747
0.000877735
0.000951934
0.000979237
0.000959849
0.000895356
0.000791217
0.000664208
0.000535098
0.000421437
0.000331945
0.000266996
0.000221112
0.000186606
0.00015669
0.000129234
0.000110702
0.000106669
0.000127689
0.000160571
0.000200661
0.000251041
0.000320019
0.000415342
0.000538085
0.000677591
0.000811621
0.000914285
0.000967142
0.000964948
0.000907042
0.000803267
0.000672183
0.000537022
0.000417459
0.000323172
0.000253988
0.000204194
0.000166537
0.000136238
0.000115437
0.000111207
0.000113885
0.000124491
0.000145111
0.000171737
0.000199248
0.000229179
0.000265784
0.000314142
0.000378543
0.000460474
0.00055639
0.000656951
0.000749539
0.000823543
0.00087456
0.000904511
0.000918693
0.000922967
0.000921889
0.000917365
0.00091146
0.000905048
0.000898541
0.000892124
0.000885877
0.00087983
0.000873995
0.000868376
0.00086297
0.000857776
0.00085279
0.000848008
0.000843428
0.000839043
0.000834849
0.000830841
0.000827015
0.000823364
0.000819884
0.000816568
0.000813412
0.000810409
0.000807555
0.000804845
0.000802272
0.000799833
0.000797522
0.000795334
0.000793266
0.000791311
0.000789467
0.000787729
0.000786093
0.000784555
0.000783113
0.000781763
0.000780501
0.000779325
0.000778232
0.000777219
0.000776284
0.000775425
0.00077464
0.000773927
0.000773284
0.000772709
0.000772202
0.000771761
0.000771385
0.000771072
0.000770824
0.000770638
0.000770514
0.000770452
0.000955945
0.000959326
0.000966034
0.000975937
0.000988871
0.00100465
0.00102307
0.00104391
0.00106686
0.00109159
0.00111783
0.00114568
0.00117562
0.00120808
0.00124154
0.00125124
0.00124159
0.00121575
0.00117717
0.00112982
0.00107772
0.00102232
0.000976977
0.000955319
0.000946428
0.000943672
0.000943755
0.000945118
0.000947186
0.000949621
0.000952276
0.000955079
0.000957989
0.000960978
0.000964028
0.000967124
0.000970258
0.000973423
0.000976618
0.000979841
0.000983095
0.000986384
0.000989713
0.000993088
0.000996517
0.001
0.00100355
0.00100717
0.00101083
0.00101451
0.00101812
0.00102146
0.00102404
0.00102489
0.00102227
0.00101304
0.000992051
0.000952722
0.000888818
0.000798336
0.000687274
0.000569217
0.000459204
0.000368488
0.000300454
0.000252583
0.000219424
0.000195066
0.000174352
0.000153827
0.000134636
0.000120868
0.000114339
0.000113335
0.000121318
0.000142142
0.000163442
0.000187138
0.000218414
0.000263944
0.000330671
0.000423961
0.000543846
0.000681085
0.000817146
0.000930335
0.00100354
0.00102642
0.00100137
0.000928415
0.000814332
0.00067716
0.000539336
0.000419668
0.000326866
0.000261038
0.000215697
0.000182461
0.000154202
0.00012837
0.000110671
0.000106989
0.000127118
0.000158513
0.000196856
0.000245959
0.000314909
0.000412487
0.000540698
0.000688939
0.00083365
0.000946793
0.00100815
0.00101173
0.000956632
0.000851735
0.000715059
0.000570874
0.000441355
0.000338597
0.00026358
0.000210629
0.000171798
0.000140873
0.00011755
0.000110496
0.000111889
0.000119788
0.000136962
0.000160965
0.000186405
0.000213697
0.000246958
0.000291732
0.000353494
0.000435558
0.000536232
0.000646935
0.000753759
0.000843038
0.00090737
0.000947115
0.00096755
0.000975147
0.000975927
0.000972178
0.000966397
0.000959761
0.000952827
0.000945856
0.00093897
0.000932222
0.00092564
0.000919238
0.000913024
0.000907005
0.000901181
0.000895557
0.000890131
0.000884904
0.000879875
0.000875041
0.0008704
0.000865949
0.000861685
0.000857603
0.000853699
0.00084997
0.000846411
0.000843017
0.000839784
0.000836707
0.000833782
0.000831003
0.000828368
0.00082587
0.000823507
0.000821273
0.000819165
0.00081718
0.000815313
0.000813561
0.00081192
0.000810388
0.000808961
0.000807637
0.000806413
0.000805287
0.000804256
0.000803318
0.000802472
0.000801715
0.000801046
0.000800463
0.000799966
0.000799554
0.000799225
0.000798979
0.000798815
0.000798733
0.00101871
0.00102255
0.00103014
0.00104129
0.00105576
0.00107325
0.00109349
0.00111613
0.00114077
0.00116686
0.00119391
0.00122186
0.00125128
0.00128299
0.00130556
0.00130393
0.00128715
0.00125656
0.00121515
0.00116513
0.00111082
0.00105699
0.00102285
0.00100837
0.00100303
0.00100195
0.0010028
0.00100464
0.00100702
0.0010097
0.00101258
0.0010156
0.00101873
0.00102195
0.00102522
0.00102854
0.0010319
0.00103528
0.00103869
0.00104212
0.00104558
0.00104905
0.00105255
0.00105607
0.00105962
0.00106319
0.00106679
0.00107039
0.00107399
0.00107752
0.00108088
0.00108381
0.00108577
0.00108558
0.00108141
0.00106944
0.00104397
0.000997606
0.000923589
0.0008204
0.000695948
0.000566659
0.000448884
0.000354715
0.000286383
0.00023994
0.000208728
0.000186173
0.000166955
0.000147965
0.000130832
0.000119153
0.000114222
0.000113944
0.000123579
0.000143661
0.000164389
0.000188511
0.000221836
0.000271648
0.000345541
0.000448975
0.000580696
0.000728659
0.000871432
0.000986282
0.00105715
0.00107501
0.00104431
0.000963354
0.000839752
0.000692422
0.000545435
0.000419124
0.000322725
0.00025573
0.000210718
0.00017858
0.000151812
0.000127476
0.000110565
0.000107198
0.000126403
0.000156338
0.000193056
0.000241009
0.000310073
0.000410114
0.000544035
0.000701193
0.000856584
0.00098009
0.00105005
0.00105983
0.00100867
0.000904027
0.000762708
0.00060946
0.000469024
0.000356469
0.000274425
0.000217427
0.000177015
0.000145475
0.000120213
0.000109908
0.000110328
0.000115977
0.0001301
0.000151461
0.000175055
0.000200048
0.000230282
0.000271583
0.000330458
0.000412012
0.000516573
0.000636684
0.000757585
0.000862691
0.000941357
0.000992013
0.00101972
0.00103168
0.00103456
0.00103221
0.00102698
0.00102048
0.00101344
0.00100621
0.000998945
0.000991734
0.000984621
0.000977633
0.000970789
0.000964101
0.000957581
0.000951238
0.000945076
0.000939102
0.000933317
0.000927725
0.000922327
0.000917122
0.00091211
0.000907289
0.000902658
0.000898215
0.000893956
0.000889878
0.000885979
0.000882254
0.000878701
0.000875315
0.000872092
0.00086903
0.000866123
0.000863368
0.000860762
0.000858301
0.000855981
0.000853799
0.000851752
0.000849837
0.000848049
0.000846388
0.00084485
0.000843432
0.000842132
0.000840949
0.000839879
0.000838921
0.000838074
0.000837337
0.000836706
0.000836183
0.000835765
0.000835453
0.000835245
0.000835141
0.00108499
0.00108918
0.00109742
0.00110944
0.0011249
0.00114341
0.00116456
0.00118793
0.00121299
0.00123903
0.0012653
0.00129148
0.00131825
0.001345
0.00135352
0.00134536
0.00132413
0.00129167
0.00124944
0.00119826
0.00114448
0.00109937
0.00107713
0.00106797
0.00106512
0.00106521
0.00106665
0.00106884
0.00107143
0.00107427
0.00107728
0.00108042
0.00108366
0.00108697
0.00109034
0.00109375
0.00109719
0.00110065
0.00110413
0.00110762
0.00111112
0.00111462
0.00111812
0.00112162
0.00112512
0.00112861
0.00113208
0.00113551
0.00113887
0.00114208
0.00114503
0.00114741
0.00114861
0.00114741
0.00114163
0.00112712
0.00109753
0.00104466
0.000961113
0.000845601
0.000707684
0.000566186
0.00044095
0.000342967
0.000274063
0.00022882
0.000199318
0.000178345
0.000160424
0.000142906
0.000127687
0.00011788
0.000114237
0.000114751
0.000125763
0.000144949
0.000165373
0.000190327
0.00022631
0.000281365
0.000363798
0.000478913
0.000623475
0.000781906
0.000929867
0.00104443
0.00111158
0.00112403
0.00108804
0.000999923
0.000867553
0.00071024
0.000553659
0.000419843
0.00031956
0.000251036
0.000206133
0.000174931
0.0001495
0.000126539
0.000110341
0.0001072
0.000125542
0.000154074
0.000189289
0.000236212
0.000305546
0.000408331
0.000548256
0.000714517
0.000880436
0.00101386
0.00109209
0.00110828
0.00106209
0.000959303
0.000814739
0.000652826
0.000500722
0.000377033
0.000286676
0.000224625
0.000182025
0.000149859
0.000123247
0.000110002
0.000109054
0.000112933
0.00012438
0.000143155
0.00016503
0.000188032
0.000215567
0.000253591
0.000309493
0.000390126
0.000497956
0.000626876
0.000761543
0.000882604
0.000976049
0.00103818
0.00107372
0.00109056
0.00109599
0.00109544
0.00109114
0.00108515
0.00107836
0.0010712
0.00106388
0.00105652
0.00104917
0.00104188
0.00103467
0.00102756
0.00102058
0.00101374
0.00100704
0.00100051
0.000994141
0.00098795
0.000981938
0.000976111
0.00097047
0.000965018
0.000959756
0.000954684
0.000949801
0.000945107
0.0009406
0.000936279
0.000932142
0.000928186
0.000924408
0.000920807
0.000917379
0.00091412
0.00091103
0.000908103
0.000905338
0.000902732
0.000900281
0.000897983
0.000895835
0.000893834
0.000891979
0.000890266
0.000888694
0.00088726
0.000885963
0.000884801
0.000883771
0.000882874
0.000882107
0.00088147
0.000880961
0.00088058
0.000880326
0.0008802
0.00115168
0.00115604
0.00116458
0.00117695
0.00119269
0.00121128
0.00123222
0.001255
0.00127904
0.00130354
0.00132746
0.0013502
0.0013731
0.00138913
0.00138841
0.00137649
0.00135371
0.00132133
0.00127965
0.00122854
0.00118095
0.00115001
0.00113624
0.00113099
0.00112991
0.00113078
0.00113264
0.00113502
0.0011377
0.00114058
0.0011436
0.00114672
0.00114993
0.00115319
0.0011565
0.00115985
0.00116321
0.00116658
0.00116996
0.00117333
0.0011767
0.00118006
0.00118339
0.00118671
0.00118999
0.00119323
0.00119641
0.00119951
0.00120249
0.00120527
0.0012077
0.00120947
0.0012099
0.00120778
0.00120064
0.00118407
0.00115118
0.00109293
0.00100107
0.000874141
0.000723073
0.000569503
0.000435634
0.000333171
0.000263351
0.000219057
0.000191035
0.000171441
0.000154666
0.000138558
0.000125117
0.000116965
0.000114282
0.000115764
0.000127805
0.000146161
0.000166528
0.000192712
0.000232027
0.000293436
0.000385973
0.00051435
0.000672432
0.000840394
0.000991336
0.00110331
0.00116538
0.00117244
0.00113179
0.00103779
0.000897764
0.000730841
0.000564341
0.000422652
0.000317445
0.000246911
0.000201899
0.000171486
0.000147249
0.000125553
0.000110003
0.000107122
0.000124557
0.000151752
0.000185583
0.000231586
0.000301359
0.000407251
0.000553539
0.00072912
0.000905258
0.0010478
0.00113354
0.00115603
0.00111568
0.00101646
0.000870509
0.00070087
0.00053666
0.000400538
0.000300503
0.000232334
0.000186748
0.00015381
0.000126443
0.000110469
0.000107932
0.000110536
0.00011967
0.000135983
0.000156154
0.000177454
0.000202617
0.000237608
0.000290565
0.000370049
0.000480776
0.000618133
0.000766235
0.000903029
0.00101108
0.00108456
0.00112787
0.00114962
0.00115796
0.00115922
0.00115618
0.00115101
0.0011448
0.00113805
0.00113103
0.00112387
0.00111664
0.00110938
0.00110214
0.00109495
0.00108782
0.00108078
0.00107384
0.00106702
0.00106034
0.0010538
0.00104741
0.00104118
0.00103512
0.00102923
0.00102352
0.00101799
0.00101264
0.00100747
0.00100249
0.000997701
0.000993094
0.000988673
0.000984436
0.000980384
0.000976515
0.000972826
0.000969317
0.000965986
0.00096283
0.000959848
0.000957038
0.000954397
0.000951924
0.000949616
0.000947472
0.000945489
0.000943667
0.000942003
0.000940495
0.000939142
0.000937944
0.000936897
0.000936003
0.000935259
0.000934664
0.000934219
0.000933923
0.000933775
0.00121552
0.00121986
0.00122829
0.0012404
0.00125561
0.0012733
0.00129287
0.00131376
0.00133541
0.00135706
0.00137753
0.00139554
0.00141251
0.00141814
0.00141331
0.00139956
0.0013772
0.00134621
0.00130566
0.00125826
0.00122343
0.00120489
0.00119672
0.00119407
0.00119416
0.00119553
0.0011976
0.00120002
0.00120266
0.00120544
0.00120832
0.00121128
0.0012143
0.00121737
0.00122046
0.00122358
0.0012267
0.00122982
0.00123293
0.00123603
0.00123911
0.00124216
0.00124517
0.00124815
0.00125107
0.00125392
0.0012567
0.00125936
0.00126187
0.00126414
0.00126602
0.0012672
0.00126698
0.00126414
0.00125608
0.00123823
0.00120325
0.00114128
0.00104294
0.000906024
0.000742269
0.000576084
0.000432848
0.000325274
0.000254127
0.000210504
0.00018374
0.000165337
0.000149603
0.000134838
0.000123027
0.000116306
0.000114372
0.000116942
0.000129682
0.000147392
0.00016794
0.000195781
0.000239208
0.000308278
0.000412678
0.00055585
0.000727602
0.00090331
0.00105436
0.00116128
0.00121705
0.00121913
0.00117475
0.00107656
0.000930363
0.000754403
0.000577549
0.000427011
0.000316293
0.000243301
0.000197981
0.000168224
0.000145052
0.000124518
0.000109577
0.000106944
0.000123481
0.000149413
0.000181961
0.000227147
0.000297538
0.000406858
0.000560083
0.000745268
0.000931157
0.00108166
0.00117372
0.00120199
0.00116807
0.00107418
0.000929109
0.000753298
0.000576982
0.000427229
0.00031609
0.000240722
0.000191355
0.000157205
0.00012956
0.000111352
0.000106982
0.000108628
0.00011582
0.000129861
0.000148322
0.000168148
0.000191239
0.000223466
0.000273589
0.000351843
0.000465307
0.000610994
0.000772256
0.000924292
0.00104619
0.00113013
0.00118045
0.00120666
0.00121783
0.00122071
0.00121909
0.00121495
0.00120957
0.00120355
0.00119715
0.00119052
0.00118375
0.00117689
0.00116998
0.00116306
0.00115614
0.00114926
0.00114242
0.00113566
0.00112899
0.00112242
0.00111596
0.00110963
0.00110344
0.00109738
0.00109148
0.00108574
0.00108016
0.00107475
0.0010695
0.00106444
0.00105955
0.00105484
0.00105031
0.00104596
0.00104179
0.00103781
0.00103401
0.00103039
0.00102695
0.00102369
0.00102061
0.00101771
0.00101499
0.00101245
0.00101008
0.00100789
0.00100587
0.00100402
0.00100235
0.00100085
0.00099951
0.000998344
0.000997346
0.000996516
0.000995852
0.000995355
0.000995023
0.000994858
0.00127365
0.00127774
0.00128567
0.00129692
0.00131086
0.00132678
0.00134402
0.00136202
0.00138027
0.00139818
0.00141478
0.00142792
0.00143706
0.00143698
0.0014304
0.00141674
0.001396
0.00136749
0.0013297
0.00129171
0.00126976
0.00125896
0.00125466
0.00125379
0.00125461
0.00125627
0.00125835
0.00126067
0.00126312
0.00126566
0.00126828
0.00127094
0.00127365
0.00127637
0.00127912
0.00128187
0.00128461
0.00128735
0.00129007
0.00129276
0.00129542
0.00129805
0.00130063
0.00130316
0.00130563
0.00130801
0.00131031
0.00131247
0.00131448
0.00131624
0.00131761
0.00131828
0.0013176
0.00131434
0.00130593
0.00128773
0.00125213
0.0011885
0.00108607
0.000941146
0.000765505
0.000586202
0.000432139
0.000319306
0.000246293
0.000203036
0.000177316
0.000159939
0.000145162
0.000131663
0.000121321
0.000115828
0.000114517
0.000118228
0.000131396
0.00014868
0.000169646
0.000199645
0.00024812
0.000326399
0.000444614
0.000603916
0.000788717
0.000969425
0.00111718
0.00121658
0.00126508
0.00126308
0.00121607
0.00111578
0.000965283
0.000781133
0.00059355
0.000433151
0.000315942
0.000240163
0.000194351
0.000165129
0.000142908
0.000123437
0.000109088
0.000106662
0.000122344
0.00014709
0.000178441
0.00022291
0.000294141
0.000407114
0.000568173
0.0007633
0.000958301
0.00111526
0.00121202
0.00124518
0.00121794
0.001131
0.000989385
0.000809597
0.000621733
0.000457338
0.000333609
0.000249931
0.000196085
0.000160182
0.000132431
0.00011257
0.000106265
0.000107116
0.000112676
0.000124681
0.00014145
0.000159967
0.000181257
0.000210997
0.000258461
0.000335533
0.000451755
0.000605931
0.000780153
0.000946748
0.00108115
0.00117397
0.00122991
0.00125958
0.001273
0.00127728
0.00127698
0.00127393
0.00126954
0.00126443
0.0012589
0.00125308
0.00124708
0.00124093
0.00123468
0.00122836
0.00122201
0.00121563
0.00120925
0.0012029
0.00119659
0.00119034
0.00118415
0.00117805
0.00117205
0.00116615
0.00116037
0.00115472
0.00114919
0.00114381
0.00113857
0.00113349
0.00112856
0.00112379
0.00111919
0.00111476
0.0011105
0.0011064
0.00110249
0.00109875
0.00109518
0.0010918
0.00108859
0.00108557
0.00108272
0.00108005
0.00107756
0.00107525
0.00107312
0.00107117
0.0010694
0.0010678
0.00106639
0.00106515
0.00106409
0.0010632
0.0010625
0.00106197
0.00106161
0.00106144
0.00132399
0.00132767
0.00133475
0.00134469
0.0013568
0.00137036
0.00138469
0.00139926
0.00141366
0.00142747
0.00144015
0.00144833
0.00145144
0.00144927
0.00144218
0.00142966
0.00141116
0.00138546
0.00135314
0.00132778
0.0013148
0.00130901
0.00130718
0.00130738
0.00130858
0.00131027
0.00131222
0.00131429
0.00131644
0.00131865
0.00132089
0.00132316
0.00132545
0.00132775
0.00133005
0.00133235
0.00133464
0.00133691
0.00133915
0.00134137
0.00134355
0.00134569
0.00134779
0.00134982
0.00135179
0.00135369
0.00135549
0.00135717
0.00135869
0.00135999
0.00136093
0.00136121
0.00136028
0.00135693
0.00134872
0.00133112
0.00129644
0.00123343
0.0011297
0.00097933
0.000793101
0.000600491
0.000435027
0.000315403
0.000239779
0.00019655
0.000171668
0.000155162
0.000141275
0.000128951
0.000119917
0.000115482
0.000114721
0.000119563
0.000132961
0.000150031
0.000171671
0.00020443
0.0002591
0.000348439
0.000482572
0.000658923
0.000855123
0.00103712
0.00117789
0.00126764
0.00130837
0.00130312
0.00125506
0.001155
0.00100241
0.000811257
0.000612688
0.000441345
0.000316534
0.000237524
0.000190988
0.000162186
0.000140817
0.000122315
0.000108556
0.000106289
0.000121175
0.000144812
0.000175037
0.000218887
0.000291275
0.00040887
0.000578271
0.000783633
0.000986919
0.00114849
0.00124799
0.00128479
0.0012641
0.00118548
0.00105
0.000869031
0.000670848
0.000491091
0.000353244
0.000260049
0.000201081
0.000163045
0.000135047
0.000114022
0.000105682
0.000105913
0.000110109
0.000120321
0.000135462
0.000152778
0.000172508
0.000200038
0.000245072
0.000321155
0.000440351
0.000603309
0.000790463
0.000970776
0.00111583
0.00121531
0.00127494
0.0013067
0.00132149
0.00132685
0.00132753
0.00132551
0.00132214
0.00131803
0.00131349
0.00130866
0.00130361
0.0012984
0.00129305
0.0012876
0.00128208
0.00127649
0.00127087
0.00126524
0.0012596
0.00125397
0.00124838
0.00124282
0.00123732
0.00123189
0.00122654
0.00122127
0.00121611
0.00121104
0.0012061
0.00120127
0.00119657
0.00119201
0.00118758
0.0011833
0.00117917
0.0011752
0.00117137
0.00116771
0.00116421
0.00116088
0.00115771
0.00115472
0.00115189
0.00114924
0.00114675
0.00114445
0.00114232
0.00114036
0.00113858
0.00113698
0.00113555
0.0011343
0.00113323
0.00113234
0.00113163
0.00113109
0.00113074
0.00113056
0.00136554
0.00136869
0.00137469
0.00138303
0.00139303
0.00140398
0.00141526
0.0014264
0.00143709
0.00144701
0.00145575
0.00145979
0.00146
0.00145715
0.00145052
0.00143957
0.00142366
0.00140138
0.00137737
0.00136273
0.00135552
0.0013527
0.00135225
0.00135295
0.00135422
0.00135577
0.00135745
0.00135919
0.00136097
0.00136278
0.0013646
0.00136643
0.00136826
0.0013701
0.00137193
0.00137375
0.00137555
0.00137733
0.00137909
0.00138081
0.00138251
0.00138416
0.00138577
0.00138732
0.00138882
0.00139024
0.00139159
0.00139282
0.00139393
0.00139484
0.00139544
0.00139548
0.00139448
0.00139132
0.00138379
0.00136762
0.00133525
0.00127506
0.00117305
0.0010203
0.000825308
0.000619261
0.000441053
0.000313512
0.000234571
0.00019097
0.000166712
0.00015094
0.000137876
0.000126627
0.000118747
0.000115246
0.000114976
0.00012089
0.000134386
0.000151427
0.000174052
0.000210316
0.000272609
0.000375208
0.000527422
0.000721021
0.000925715
0.00110448
0.00123467
0.00131314
0.00134613
0.00133849
0.00129118
0.00119373
0.00104158
0.000845016
0.000635398
0.000452002
0.000318711
0.000235463
0.000187874
0.000159383
0.000138778
0.000121161
0.000107994
0.000105851
0.000120004
0.000142597
0.000171758
0.000215095
0.000289018
0.000411855
0.000590715
0.000806746
0.00101729
0.00118131
0.00128134
0.00132026
0.00130565
0.0012363
0.00110955
0.000930671
0.000724147
0.000528722
0.000375207
0.000271134
0.00020635
0.000165974
0.000137482
0.000115603
0.000105451
0.000104924
0.000108029
0.000116667
0.000130279
0.000146462
0.000164851
0.000190439
0.000233322
0.000308763
0.000431474
0.000602851
0.00080386
0.00099681
0.00115015
0.00125359
0.00131467
0.00134695
0.00136216
0.00136809
0.00136939
0.00136823
0.00136579
0.00136267
0.00135914
0.00135533
0.00135131
0.00134712
0.0013428
0.00133836
0.00133382
0.00132921
0.00132453
0.00131981
0.00131505
0.00131028
0.0013055
0.00130074
0.00129599
0.00129127
0.00128659
0.00128197
0.00127741
0.00127292
0.00126851
0.00126419
0.00125996
0.00125584
0.00125183
0.00124793
0.00124415
0.0012405
0.00123698
0.0012336
0.00123036
0.00122726
0.0012243
0.0012215
0.00121885
0.00121635
0.00121402
0.00121184
0.00120982
0.00120797
0.00120628
0.00120476
0.0012034
0.00120221
0.00120119
0.00120034
0.00119966
0.00119915
0.00119881
0.00119864
0.00139827
0.00140083
0.00140568
0.00141234
0.00142021
0.00142863
0.00143706
0.00144513
0.00145266
0.00145951
0.00146439
0.00146596
0.00146523
0.00146231
0.00145657
0.00144728
0.00143387
0.00141615
0.00140138
0.00139341
0.00138977
0.00138863
0.00138881
0.00138965
0.0013908
0.00139209
0.00139344
0.00139481
0.0013962
0.00139759
0.00139899
0.00140039
0.00140178
0.00140317
0.00140454
0.00140591
0.00140725
0.00140858
0.00140988
0.00141116
0.0014124
0.00141361
0.00141478
0.00141591
0.00141699
0.00141801
0.00141897
0.00141984
0.0014206
0.00142121
0.00142157
0.00142148
0.00142054
0.00141777
0.00141125
0.00139708
0.00136811
0.00131268
0.00121535
0.00106372
0.000862462
0.000643211
0.000450842
0.000313206
0.000230758
0.000186238
0.000162375
0.000147214
0.000134903
0.000124627
0.000117769
0.000115058
0.000115286
0.000122156
0.000135676
0.000152852
0.000176859
0.000217581
0.000289288
0.000407746
0.000580078
0.000790019
0.000998923
0.00116946
0.00128596
0.00135226
0.00137796
0.00136888
0.00132399
0.00123151
0.00108258
0.000882681
0.000662244
0.000465499
0.000322188
0.000234014
0.000184999
0.00015671
0.000136795
0.000119988
0.000107411
0.000105372
0.000118855
0.000140458
0.000168615
0.000211565
0.000287542
0.000416569
0.00060614
0.000833254
0.00104971
0.00121374
0.00131194
0.00135136
0.00134201
0.00128241
0.00116666
0.000993445
0.00078136
0.000570526
0.00039981
0.000283288
0.000211832
0.000168859
0.00013975
0.00011724
0.000105534
0.000104079
0.000106369
0.00011363
0.000125825
0.000140926
0.00015816
0.000182069
0.000223123
0.00029843
0.000425677
0.000607232
0.000821388
0.00102534
0.00118413
0.00128854
0.00134873
0.00138
0.0013947
0.00140065
0.00140227
0.00140175
0.00140008
0.00139783
0.00139522
0.00139237
0.00138935
0.00138617
0.00138286
0.00137943
0.00137592
0.00137231
0.00136864
0.0013649
0.00136112
0.0013573
0.00135346
0.0013496
0.00134573
0.00134187
0.00133802
0.0013342
0.00133041
0.00132666
0.00132295
0.00131931
0.00131573
0.00131222
0.00130879
0.00130545
0.00130219
0.00129904
0.00129599
0.00129304
0.00129021
0.00128749
0.0012849
0.00128243
0.00128009
0.00127788
0.0012758
0.00127387
0.00127207
0.00127041
0.0012689
0.00126754
0.00126632
0.00126526
0.00126434
0.00126357
0.00126296
0.0012625
0.00126219
0.00126204
0.00142294
0.00142493
0.00142867
0.00143375
0.00143965
0.00144583
0.00145184
0.0014574
0.00146242
0.00146678
0.00146902
0.0014694
0.00146843
0.00146584
0.0014611
0.00145342
0.0014426
0.00143045
0.00142263
0.00141852
0.00141682
0.00141651
0.00141691
0.00141767
0.00141859
0.00141958
0.0014206
0.00142162
0.00142264
0.00142366
0.00142468
0.00142569
0.00142669
0.00142768
0.00142866
0.00142963
0.00143059
0.00143152
0.00143244
0.00143334
0.00143421
0.00143505
0.00143586
0.00143664
0.00143738
0.00143808
0.00143872
0.00143931
0.00143981
0.00144021
0.00144041
0.00144028
0.00143946
0.0014372
0.00143182
0.00141996
0.00139508
0.00134587
0.00125593
0.00110918
0.000904912
0.000673262
0.000465412
0.000316737
0.000228511
0.000182311
0.000158596
0.000143934
0.000132305
0.000122908
0.000116955
0.00011485
0.000115663
0.000123318
0.000136831
0.000154302
0.000180231
0.000226648
0.000310047
0.000447382
0.000641421
0.000865246
0.00107276
0.00123011
0.00133066
0.00138468
0.0014039
0.0013943
0.00135326
0.00126788
0.00112511
0.000924542
0.000694003
0.000482607
0.000327547
0.000233317
0.000182375
0.000154164
0.000134873
0.000118809
0.000106816
0.000104871
0.00011774
0.000138402
0.000165629
0.000208373
0.00028694
0.000423567
0.000625383
0.000863893
0.00108451
0.00124578
0.00133977
0.00137806
0.00137297
0.00132314
0.00122015
0.00105622
0.000842153
0.000616915
0.000427557
0.000296746
0.000217528
0.00017151
0.000141762
0.000118877
0.000105799
0.000103377
0.000105046
0.000111129
0.00012203
0.000136093
0.00015233
0.000174813
0.00021442
0.000290303
0.000423035
0.00061578
0.000843667
0.0010568
0.00121779
0.00132008
0.00137721
0.00140616
0.0014196
0.00142513
0.0014268
0.0014267
0.00142563
0.00142408
0.00142225
0.00142023
0.00141806
0.00141577
0.00141337
0.00141087
0.00140829
0.00140563
0.0014029
0.00140011
0.00139727
0.00139438
0.00139146
0.00138851
0.00138554
0.00138256
0.00137958
0.0013766
0.00137363
0.00137067
0.00136775
0.00136485
0.00136199
0.00135918
0.00135642
0.00135372
0.00135108
0.00134852
0.00134602
0.00134361
0.00134128
0.00133904
0.0013369
0.00133485
0.0013329
0.00133106
0.00132933
0.00132771
0.0013262
0.00132481
0.00132354
0.00132239
0.00132136
0.00132046
0.00131968
0.00131904
0.00131852
0.00131812
0.00131786
0.00131773
0.0014408
0.00144227
0.00144503
0.00144874
0.00145298
0.00145732
0.00146142
0.00146506
0.00146829
0.0014706
0.00147152
0.00147142
0.00147047
0.00146833
0.00146451
0.00145826
0.00145042
0.0014436
0.00143964
0.00143766
0.00143695
0.00143698
0.00143738
0.00143798
0.00143866
0.00143937
0.00144009
0.00144081
0.00144152
0.00144223
0.00144293
0.00144362
0.0014443
0.00144498
0.00144565
0.0014463
0.00144695
0.00144758
0.00144819
0.00144879
0.00144937
0.00144993
0.00145046
0.00145098
0.00145146
0.00145192
0.00145234
0.00145271
0.00145303
0.00145327
0.00145338
0.00145325
0.0014526
0.00145084
0.00144663
0.00143712
0.00141661
0.00137453
0.00129418
0.00115613
0.000952963
0.000710601
0.000485601
0.000323076
0.000227699
0.000179204
0.000155344
0.000141059
0.000130038
0.000121425
0.000116253
0.00011462
0.000116075
0.000124339
0.000137848
0.000155803
0.000184413
0.00023817
0.000336186
0.00049578
0.000712137
0.000945403
0.00114492
0.00128474
0.00136824
0.00141059
0.00142435
0.00141503
0.00137891
0.00130241
0.00116877
0.000970834
0.000731608
0.000504275
0.000335307
0.000233245
0.00018004
0.000151758
0.000133018
0.000117636
0.000106214
0.000104362
0.000116667
0.000136438
0.000162835
0.000205695
0.000287451
0.0004337
0.000649581
0.000899507
0.00112189
0.00127737
0.00136487
0.00140058
0.00139864
0.00135815
0.00126906
0.00111786
0.000906142
0.000668477
0.000459245
0.000311981
0.000223589
0.000173908
0.000143451
0.000120454
0.000106248
0.000102821
0.000103996
0.000109085
0.000118822
0.000131898
0.000147268
0.000168578
0.000207193
0.000284685
0.000422849
0.000630129
0.000871944
0.0010917
0.0012512
0.00134834
0.00140054
0.00142619
0.00143787
0.00144268
0.00144423
0.00144435
0.0014437
0.00144269
0.00144147
0.0014401
0.00143863
0.00143706
0.0014354
0.00143368
0.00143188
0.00143002
0.0014281
0.00142612
0.0014241
0.00142204
0.00141994
0.00141781
0.00141566
0.00141349
0.0014113
0.00140911
0.00140691
0.00140472
0.00140253
0.00140036
0.00139821
0.00139609
0.001394
0.00139194
0.00138993
0.00138796
0.00138604
0.00138418
0.00138238
0.00138064
0.00137897
0.00137737
0.00137585
0.0013744
0.00137304
0.00137176
0.00137057
0.00136947
0.00136847
0.00136756
0.00136674
0.00136602
0.00136541
0.00136489
0.00136448
0.00136416
0.00136396
0.00136385
0.00145324
0.00145429
0.00145624
0.00145883
0.00146175
0.00146469
0.00146737
0.00146962
0.00147155
0.00147259
0.0014729
0.00147267
0.00147184
0.00147014
0.0014671
0.00146231
0.00145759
0.00145423
0.00145229
0.00145138
0.00145113
0.00145126
0.00145159
0.00145201
0.00145248
0.00145296
0.00145344
0.00145391
0.00145438
0.00145485
0.00145531
0.00145576
0.00145621
0.00145664
0.00145708
0.0014575
0.00145791
0.00145831
0.00145871
0.00145909
0.00145946
0.00145981
0.00146015
0.00146047
0.00146078
0.00146106
0.00146132
0.00146155
0.00146175
0.00146189
0.00146195
0.00146183
0.00146135
0.00146005
0.0014569
0.0014496
0.00143336
0.00139876
0.00132954
0.00120381
0.00100674
0.000756659
0.000513295
0.000333807
0.000229003
0.000177083
0.000152611
0.00013856
0.000128064
0.000120136
0.000115624
0.000114375
0.000116485
0.000125199
0.000138729
0.000157441
0.000189807
0.000253141
0.000369541
0.000554908
0.000792443
0.00102845
0.00121302
0.00133217
0.00139867
0.00143056
0.00143997
0.00143155
0.00140098
0.00133466
0.00121298
0.00102164
0.00077613
0.000531759
0.000346339
0.000234889
0.000178141
0.000149512
0.000131236
0.000116481
0.000105609
0.000103853
0.000115639
0.00013457
0.000160266
0.000203795
0.000290704
0.000448202
0.000680208
0.000940987
0.00116191
0.00130834
0.00138729
0.00141924
0.00141938
0.00138746
0.00131273
0.00117726
0.000972864
0.000725994
0.000496075
0.000329775
0.000230347
0.000176166
0.000144831
0.000121919
0.000106847
0.000102403
0.000103167
0.000107426
0.000116132
0.000128283
0.000142895
0.000163289
0.00020148
0.000281927
0.000430053
0.000652316
0.000907437
0.00113036
0.00128429
0.00137349
0.00141938
0.00144113
0.00145079
0.00145473
0.00145607
0.00145627
0.0014559
0.00145527
0.00145449
0.00145361
0.00145265
0.00145163
0.00145055
0.00144941
0.00144822
0.00144699
0.0014457
0.00144438
0.00144302
0.00144162
0.00144019
0.00143873
0.00143725
0.00143575
0.00143424
0.00143271
0.00143117
0.00142963
0.00142809
0.00142656
0.00142503
0.00142352
0.00142202
0.00142054
0.00141909
0.00141766
0.00141627
0.00141492
0.0014136
0.00141233
0.0014111
0.00140993
0.0014088
0.00140774
0.00140673
0.00140578
0.00140489
0.00140408
0.00140332
0.00140264
0.00140203
0.0014015
0.00140103
0.00140065
0.00140034
0.0014001
0.00139995
0.00139987
0.00146161
0.00146233
0.00146366
0.00146539
0.00146732
0.00146923
0.00147094
0.00147227
0.00147324
0.00147367
0.00147373
0.00147349
0.00147283
0.00147153
0.00146919
0.00146602
0.00146359
0.00146197
0.00146107
0.00146068
0.00146063
0.00146076
0.001461
0.00146128
0.00146158
0.00146188
0.00146219
0.00146249
0.00146278
0.00146307
0.00146336
0.00146364
0.00146392
0.00146419
0.00146445
0.00146471
0.00146497
0.00146521
0.00146545
0.00146569
0.00146591
0.00146612
0.00146633
0.00146652
0.0014667
0.00146687
0.00146703
0.00146717
0.00146728
0.00146736
0.00146739
0.0014673
0.00146696
0.00146605
0.00146379
0.00145843
0.0014461
0.00141879
0.00136151
0.0012512
0.00106591
0.000812844
0.000550686
0.000350415
0.000233151
0.000176126
0.000150392
0.000136411
0.000126352
0.000119006
0.000115044
0.000114122
0.000116858
0.000125894
0.000139517
0.000159407
0.000197054
0.000273058
0.000412641
0.000626864
0.000881678
0.0011116
0.0012748
0.00137175
0.0014224
0.00144542
0.00145154
0.0014444
0.0014196
0.00136417
0.00125694
0.00107673
0.000828679
0.000566675
0.000361576
0.000238182
0.000176743
0.000147447
0.000129536
0.000115349
0.000105003
0.00010335
0.000114653
0.000132804
0.000157937
0.000202834
0.000296278
0.000468394
0.000719049
0.000989123
0.00120434
0.00133831
0.00140705
0.00143442
0.00143569
0.00141135
0.00135078
0.00123337
0.00104168
0.000790369
0.000539739
0.000351332
0.000238347
0.000178487
0.000145959
0.000123233
0.000107553
0.000102112
0.000102527
0.000106086
0.000113896
0.000125201
0.000139138
0.00015889
0.000197477
0.00028141
0.000442793
0.000683588
0.000951162
0.00117277
0.00131681
0.0013957
0.00143439
0.00145204
0.00145964
0.00146271
0.00146377
0.00146397
0.00146379
0.00146341
0.00146294
0.0014624
0.0014618
0.00146117
0.00146049
0.00145978
0.00145903
0.00145825
0.00145743
0.00145659
0.00145571
0.00145482
0.00145389
0.00145295
0.00145198
0.001451
0.00145
0.00144899
0.00144797
0.00144695
0.00144592
0.00144489
0.00144386
0.00144284
0.00144182
0.00144082
0.00143983
0.00143886
0.0014379
0.00143697
0.00143606
0.00143518
0.00143433
0.00143351
0.00143273
0.00143198
0.00143128
0.00143061
0.00142999
0.00142942
0.00142889
0.00142841
0.00142798
0.0014276
0.00142727
0.001427
0.00142678
0.00142661
0.0014265
0.00142644
0.00146708
0.00146756
0.00146843
0.00146955
0.00147076
0.00147195
0.00147301
0.00147372
0.00147414
0.00147431
0.00147428
0.00147407
0.00147357
0.0014726
0.00147095
0.00146921
0.00146801
0.00146726
0.00146686
0.00146672
0.00146673
0.00146683
0.00146699
0.00146716
0.00146734
0.00146753
0.00146771
0.00146789
0.00146806
0.00146824
0.00146841
0.00146857
0.00146874
0.0014689
0.00146905
0.00146921
0.00146936
0.0014695
0.00146964
0.00146977
0.0014699
0.00147003
0.00147015
0.00147026
0.00147036
0.00147046
0.00147055
0.00147063
0.00147069
0.00147074
0.00147075
0.00147069
0.00147046
0.00146985
0.0014683
0.00146453
0.00145558
0.00143496
0.00138963
0.00129698
0.00112939
0.000880267
0.000600597
0.00037505
0.000240812
0.000176134
0.000148669
0.000134595
0.000124878
0.000118009
0.0001145
0.000113863
0.000117173
0.000126451
0.000140319
0.000162073
0.000207174
0.000300172
0.000468833
0.000713408
0.000977812
0.00119146
0.00132846
0.00140343
0.0014402
0.00145608
0.00145985
0.00145416
0.00143494
0.00139051
0.00129958
0.00113535
0.00089022
0.000611258
0.000382505
0.000243901
0.000176063
0.000145597
0.000127924
0.000114245
0.0001044
0.000102857
0.000113714
0.000131156
0.000155877
0.000202756
0.000305639
0.000496656
0.000768276
0.00104435
0.00124845
0.00136673
0.00142414
0.00144647
0.0014482
0.00143031
0.00138307
0.00128515
0.00111161
0.000862429
0.000592481
0.000378431
0.000248427
0.000181176
0.000146908
0.000124366
0.000108321
0.000102025
0.000102083
0.000105012
0.000112051
0.000122602
0.00013594
0.000155294
0.000195437
0.000287084
0.000464552
0.000726575
0.00100399
0.00121839
0.0013482
0.00141503
0.0014462
0.00145985
0.00146556
0.00146781
0.0014686
0.00146878
0.0014687
0.00146848
0.00146821
0.00146789
0.00146754
0.00146716
0.00146676
0.00146633
0.00146588
0.00146541
0.00146492
0.00146441
0.00146387
0.00146332
0.00146275
0.00146217
0.00146157
0.00146096
0.00146034
0.0014597
0.00145906
0.00145841
0.00145776
0.00145711
0.00145645
0.00145579
0.00145514
0.00145449
0.00145385
0.00145322
0.0014526
0.00145199
0.0014514
0.00145082
0.00145027
0.00144973
0.00144921
0.00144872
0.00144825
0.00144781
0.0014474
0.00144702
0.00144666
0.00144634
0.00144606
0.0014458
0.00144558
0.0014454
0.00144525
0.00144514
0.00144507
0.00144503
0.00147056
0.00147087
0.00147143
0.00147212
0.00147286
0.00147357
0.00147418
0.00147452
0.00147469
0.00147473
0.00147468
0.00147451
0.00147415
0.00147346
0.00147244
0.0014716
0.00147104
0.0014707
0.00147053
0.00147048
0.00147051
0.00147058
0.00147067
0.00147077
0.00147088
0.00147098
0.00147109
0.00147119
0.00147129
0.00147139
0.00147148
0.00147158
0.00147167
0.00147176
0.00147185
0.00147193
0.00147202
0.0014721
0.00147217
0.00147225
0.00147232
0.00147239
0.00147245
0.00147252
0.00147257
0.00147263
0.00147268
0.00147272
0.00147275
0.00147278
0.00147278
0.00147274
0.0014726
0.00147221
0.0014712
0.00146867
0.00146247
0.00144765
0.00141353
0.00133958
0.00119514
0.000959125
0.00066636
0.00041105
0.000253885
0.000178562
0.00014754
0.000133112
0.000123626
0.00011713
0.000113989
0.000113604
0.000117428
0.000126928
0.000141319
0.000166123
0.000221787
0.000337849
0.00054222
0.000815089
0.00107708
0.00126445
0.00137285
0.00142768
0.00145303
0.00146346
0.00146566
0.00146139
0.00144722
0.00141327
0.00133962
0.00119603
0.000961185
0.000668215
0.000411601
0.000252945
0.000176084
0.000143994
0.000126413
0.000113175
0.0001038
0.000102377
0.000112836
0.000129652
0.000154281
0.000205373
0.000320707
0.000536057
0.000830078
0.00110634
0.00129299
0.00139287
0.00143854
0.00145578
0.0014575
0.00144489
0.00140965
0.0013316
0.00118114
0.000942518
0.000657059
0.000413653
0.000261845
0.000184691
0.000147768
0.000125312
0.000109117
0.000102048
0.000101753
0.000104183
0.000110549
0.00012044
0.000133265
0.000152474
0.000195
0.000297665
0.00049752
0.000783726
0.00106597
0.00126594
0.00137764
0.00143149
0.00145534
0.00146537
0.00146944
0.00147101
0.00147156
0.0014717
0.00147166
0.00147155
0.00147139
0.00147122
0.00147102
0.00147081
0.00147058
0.00147034
0.00147008
0.00146981
0.00146952
0.00146923
0.00146892
0.00146859
0.00146826
0.00146792
0.00146757
0.0014672
0.00146683
0.00146645
0.00146607
0.00146568
0.00146529
0.00146489
0.00146449
0.0014641
0.0014637
0.0014633
0.00146291
0.00146252
0.00146214
0.00146176
0.00146139
0.00146103
0.00146069
0.00146035
0.00146003
0.00145972
0.00145943
0.00145915
0.00145889
0.00145865
0.00145843
0.00145822
0.00145804
0.00145788
0.00145774
0.00145763
0.00145753
0.00145746
0.00145741
0.00145739
0.00147275
0.00147294
0.00147328
0.0014737
0.00147414
0.00147455
0.00147485
0.001475
0.00147506
0.00147505
0.00147501
0.00147488
0.00147463
0.00147417
0.00147364
0.00147326
0.001473
0.00147285
0.00147278
0.00147277
0.00147279
0.00147283
0.00147288
0.00147294
0.001473
0.00147305
0.00147311
0.00147317
0.00147322
0.00147327
0.00147333
0.00147338
0.00147343
0.00147347
0.00147352
0.00147357
0.00147361
0.00147365
0.00147369
0.00147373
0.00147377
0.00147381
0.00147384
0.00147388
0.00147391
0.00147393
0.00147396
0.00147398
0.001474
0.00147401
0.00147401
0.00147399
0.0014739
0.00147366
0.00147304
0.00147142
0.00146735
0.00145726
0.00143301
0.00137738
0.00126006
0.00104783
0.000751242
0.000463177
0.000274799
0.000183874
0.000147524
0.000132024
0.000122589
0.000116361
0.000113512
0.000113354
0.00011764
0.000127403
0.000142758
0.000172685
0.000243461
0.000391058
0.000637108
0.000929964
0.00117405
0.00132741
0.00140766
0.00144537
0.00146189
0.00146838
0.00146959
0.00146659
0.00145672
0.00143216
0.00137568
0.00125651
0.00104096
0.00074062
0.000452484
0.000267127
0.000178333
0.000142824
0.000125024
0.000112142
0.000103207
0.000101915
0.000112036
0.000128345
0.000153161
0.000210708
0.000344084
0.000590785
0.000906203
0.00117353
0.00133611
0.00141594
0.00145022
0.00146274
0.00146419
0.00145572
0.00143076
0.00137181
0.00124811
0.00102989
0.000736473
0.000460726
0.000280537
0.00018972
0.000148669
0.000126097
0.000109912
0.00010216
0.000101503
0.000103555
0.000109349
0.00011868
0.000131117
0.000150736
0.000199024
0.000317153
0.000546875
0.000857707
0.00113581
0.00131333
0.00140412
0.00144504
0.00146225
0.00146921
0.00147194
0.00147298
0.00147334
0.00147344
0.00147343
0.00147337
0.00147329
0.0014732
0.00147309
0.00147298
0.00147285
0.00147272
0.00147258
0.00147243
0.00147228
0.00147211
0.00147194
0.00147176
0.00147158
0.00147139
0.00147119
0.00147098
0.00147077
0.00147056
0.00147034
0.00147012
0.00146989
0.00146967
0.00146944
0.00146921
0.00146897
0.00146874
0.00146851
0.00146829
0.00146806
0.00146784
0.00146763
0.00146741
0.00146721
0.00146701
0.00146682
0.00146663
0.00146646
0.0014663
0.00146614
0.001466
0.00146586
0.00146574
0.00146563
0.00146554
0.00146545
0.00146538
0.00146533
0.00146528
0.00146526
0.00146524
0.00147411
0.00147423
0.00147443
0.00147468
0.00147492
0.00147515
0.00147528
0.00147533
0.00147534
0.00147533
0.00147529
0.0014752
0.00147502
0.00147476
0.00147453
0.00147435
0.00147424
0.00147418
0.00147415
0.00147415
0.00147416
0.00147418
0.00147421
0.00147424
0.00147427
0.0014743
0.00147433
0.00147435
0.00147438
0.00147441
0.00147444
0.00147446
0.00147449
0.00147451
0.00147453
0.00147456
0.00147458
0.0014746
0.00147462
0.00147464
0.00147466
0.00147468
0.0014747
0.00147471
0.00147473
0.00147474
0.00147475
0.00147476
0.00147477
0.00147478
0.00147478
0.00147476
0.00147472
0.00147458
0.00147421
0.00147324
0.00147071
0.00146425
0.00144809
0.00140902
0.00132031
0.00114218
0.000857061
0.000538112
0.000307976
0.00019354
0.000148218
0.000131154
0.000121776
0.000115703
0.000113074
0.000113126
0.000117841
0.00012797
0.000144899
0.000183277
0.000276343
0.000466868
0.000756429
0.00105235
0.00126241
0.00137822
0.00143338
0.00145764
0.00146775
0.00147156
0.00147218
0.00147022
0.00146376
0.00144709
0.0014065
0.00131378
0.00112715
0.00083129
0.000510587
0.000289438
0.000183191
0.000142055
0.00012376
0.000111153
0.000102624
0.00010148
0.000111345
0.000127266
0.000153103
0.000220802
0.000380496
0.000666306
0.000996915
0.00124275
0.00137559
0.00143521
0.00145927
0.00146775
0.00146883
0.00146346
0.00144682
0.00140503
0.00130976
0.00112197
0.0008332
0.000524959
0.00030764
0.000197358
0.000149828
0.000126793
0.000110692
0.000102368
0.000101324
0.000103084
0.00010841
0.000117286
0.000129513
0.000150188
0.000207329
0.000349467
0.000618436
0.000949626
0.00121024
0.00135782
0.00142666
0.00145568
0.00146731
0.00147183
0.00147356
0.0014742
0.00147442
0.00147449
0.00147449
0.00147446
0.00147442
0.00147437
0.00147432
0.00147426
0.0014742
0.00147413
0.00147406
0.00147398
0.0014739
0.00147382
0.00147373
0.00147363
0.00147354
0.00147343
0.00147333
0.00147322
0.00147311
0.00147299
0.00147287
0.00147275
0.00147263
0.00147251
0.00147238
0.00147225
0.00147213
0.001472
0.00147187
0.00147175
0.00147162
0.0014715
0.00147138
0.00147126
0.00147114
0.00147103
0.00147092
0.00147082
0.00147072
0.00147063
0.00147054
0.00147046
0.00147038
0.00147032
0.00147025
0.0014702
0.00147015
0.00147011
0.00147008
0.00147005
0.00147004
0.00147003
0.00147497
0.00147504
0.00147517
0.00147531
0.00147544
0.00147554
0.00147559
0.0014756
0.0014756
0.00147558
0.00147555
0.00147548
0.00147538
0.00147525
0.00147515
0.00147508
0.00147503
0.001475
0.00147499
0.00147499
0.001475
0.00147501
0.00147502
0.00147504
0.00147505
0.00147506
0.00147508
0.00147509
0.0014751
0.00147512
0.00147513
0.00147514
0.00147515
0.00147516
0.00147518
0.00147519
0.0014752
0.00147521
0.00147522
0.00147523
0.00147524
0.00147524
0.00147525
0.00147526
0.00147527
0.00147527
0.00147528
0.00147528
0.00147529
0.00147529
0.00147529
0.00147528
0.00147525
0.00147518
0.00147497
0.00147442
0.00147296
0.0014691
0.0014591
0.00143373
0.00137211
0.00123518
0.000981699
0.000643983
0.000361204
0.000210779
0.000150772
0.000131178
0.00012118
0.000115159
0.000112668
0.000112925
0.000118079
0.000128778
0.000148291
0.000200416
0.000327615
0.000574353
0.000898683
0.00117263
0.00133652
0.00141629
0.0014512
0.00146568
0.00147146
0.00147356
0.00147385
0.00147266
0.00146873
0.00145822
0.0014312
0.00136457
0.00121502
0.00094114
0.000593475
0.00032492
0.00019228
0.000142049
0.000122681
0.000110221
0.00010206
0.000101085
0.000110825
0.000126809
0.000155725
0.000239416
0.000437845
0.000768566
0.00109937
0.00130931
0.00140926
0.0014503
0.00146589
0.0014712
0.00147191
0.00146873
0.0014584
0.00143094
0.00136318
0.00121386
0.000947563
0.000613493
0.000348497
0.000209569
0.000151735
0.000127536
0.000111468
0.00010266
0.000101194
0.000102729
0.000107696
0.000116286
0.00012846
0.00015194
0.000223843
0.000402752
0.00071938
0.00105723
0.00128385
0.00139658
0.00144458
0.00146358
0.00147085
0.00147359
0.00147461
0.00147498
0.00147511
0.00147515
0.00147515
0.00147514
0.00147512
0.0014751
0.00147508
0.00147505
0.00147502
0.00147499
0.00147495
0.00147491
0.00147488
0.00147483
0.00147479
0.00147474
0.00147469
0.00147464
0.00147459
0.00147453
0.00147448
0.00147442
0.00147436
0.0014743
0.00147423
0.00147417
0.0014741
0.00147404
0.00147397
0.00147391
0.00147384
0.00147377
0.00147371
0.00147364
0.00147358
0.00147352
0.00147346
0.0014734
0.00147334
0.00147328
0.00147323
0.00147318
0.00147313
0.00147309
0.00147305
0.00147301
0.00147298
0.00147295
0.00147292
0.0014729
0.00147289
0.00147287
0.00147286
0.00147286
0.00147554
0.00147559
0.00147566
0.00147574
0.0014758
0.00147584
0.00147585
0.00147585
0.00147584
0.00147583
0.0014758
0.00147576
0.0014757
0.00147564
0.0014756
0.00147557
0.00147555
0.00147554
0.00147554
0.00147554
0.00147554
0.00147554
0.00147555
0.00147556
0.00147556
0.00147557
0.00147557
0.00147558
0.00147559
0.00147559
0.0014756
0.0014756
0.00147561
0.00147561
0.00147562
0.00147562
0.00147563
0.00147563
0.00147563
0.00147564
0.00147564
0.00147564
0.00147565
0.00147565
0.00147565
0.00147566
0.00147566
0.00147566
0.00147566
0.00147566
0.00147566
0.00147566
0.00147564
0.0014756
0.0014755
0.00147521
0.00147442
0.00147229
0.0014666
0.00145156
0.00141278
0.0013183
0.00111623
0.000787227
0.000447745
0.000242375
0.000157896
0.000131842
0.000120879
0.000114757
0.000112312
0.000112794
0.000118426
0.000130163
0.000154856
0.00022999
0.000410143
0.000721908
0.00105415
0.00127927
0.00139303
0.00144255
0.00146271
0.00147066
0.00147372
0.00147479
0.00147491
0.00147425
0.00147205
0.00146597
0.00144955
0.00140607
0.00129767
0.00106645
0.000710263
0.000382739
0.000208269
0.000142613
0.000121718
0.000109364
0.000101521
0.000100736
0.000110422
0.000127214
0.000163797
0.000273423
0.000528507
0.000900903
0.00120604
0.00136779
0.0014356
0.00146121
0.00147042
0.00147346
0.00147388
0.00147214
0.00146625
0.00144975
0.00140596
0.00129865
0.00107517
0.000734402
0.000412471
0.000230152
0.000155707
0.00012855
0.000112282
0.000103029
0.000101131
0.000102467
0.000107169
0.000115529
0.000128635
0.000158848
0.000255205
0.00048994
0.000854624
0.00117261
0.00134999
0.00142743
0.00145772
0.00146906
0.00147323
0.00147475
0.0014753
0.0014755
0.00147557
0.0014756
0.0014756
0.0014756
0.00147559
0.00147558
0.00147557
0.00147556
0.00147555
0.00147553
0.00147552
0.0014755
0.00147549
0.00147547
0.00147545
0.00147542
0.0014754
0.00147538
0.00147535
0.00147533
0.0014753
0.00147527
0.00147524
0.00147521
0.00147518
0.00147515
0.00147512
0.00147509
0.00147506
0.00147503
0.00147499
0.00147496
0.00147493
0.0014749
0.00147486
0.00147483
0.0014748
0.00147477
0.00147474
0.00147472
0.00147469
0.00147466
0.00147464
0.00147462
0.0014746
0.00147458
0.00147456
0.00147455
0.00147453
0.00147452
0.00147451
0.00147451
0.0014745
0.0014745
0.00147595
0.00147598
0.00147602
0.00147606
0.00147609
0.0014761
0.0014761
0.00147609
0.00147608
0.00147606
0.00147604
0.00147601
0.00147599
0.00147597
0.00147595
0.00147594
0.00147593
0.00147593
0.00147593
0.00147593
0.00147593
0.00147593
0.00147593
0.00147593
0.00147593
0.00147594
0.00147594
0.00147594
0.00147594
0.00147594
0.00147595
0.00147595
0.00147595
0.00147595
0.00147595
0.00147596
0.00147596
0.00147596
0.00147596
0.00147596
0.00147596
0.00147596
0.00147596
0.00147596
0.00147597
0.00147597
0.00147597
0.00147597
0.00147597
0.00147597
0.00147597
0.00147596
0.00147596
0.00147594
0.00147589
0.00147575
0.00147536
0.00147429
0.00147135
0.00146331
0.00144156
0.00138426
0.00124456
0.00096433
0.000586446
0.000301714
0.000175017
0.000133838
0.000120989
0.00011443
0.000112014
0.000112785
0.000118984
0.000132833
0.000170648
0.00028538
0.000544009
0.000908657
0.00120396
0.00136282
0.00143178
0.00145912
0.00146961
0.00147358
0.00147505
0.00147555
0.0014756
0.00147527
0.00147415
0.00147097
0.00146201
0.00143675
0.00136753
0.0011961
0.000867208
0.000479979
0.000238606
0.00014573
0.000121348
0.000108632
0.000101021
0.000100462
0.00011043
0.000128467
0.000180178
0.000335295
0.000668901
0.00105773
0.00130503
0.00141371
0.00145422
0.00146844
0.00147331
0.00147488
0.0014751
0.00147423
0.0014712
0.00146229
0.00143709
0.00136914
0.00120468
0.000892333
0.000515643
0.000266802
0.000164264
0.000130115
0.000113209
0.000103485
0.000101119
0.000102274
0.000106818
0.000115336
0.000129728
0.000174286
0.000314278
0.000629332
0.00101963
0.00128209
0.00140278
0.00144952
0.00146652
0.00147258
0.00147474
0.00147552
0.00147579
0.00147589
0.00147593
0.00147594
0.00147594
0.00147594
0.00147594
0.00147594
0.00147593
0.00147593
0.00147593
0.00147592
0.00147592
0.00147591
0.0014759
0.0014759
0.00147589
0.00147588
0.00147587
0.00147586
0.00147585
0.00147584
0.00147583
0.00147581
0.0014758
0.00147579
0.00147578
0.00147576
0.00147575
0.00147573
0.00147572
0.0014757
0.00147569
0.00147567
0.00147566
0.00147565
0.00147563
0.00147562
0.0014756
0.00147559
0.00147557
0.00147556
0.00147555
0.00147554
0.00147553
0.00147552
0.00147551
0.0014755
0.00147549
0.00147548
0.00147548
0.00147547
0.00147547
0.00147546
0.00147546
0.00147546
0.00147627
0.00147628
0.00147631
0.00147633
0.00147634
0.00147633
0.00147633
0.00147632
0.00147631
0.0014763
0.00147629
0.00147627
0.00147626
0.00147625
0.00147624
0.00147624
0.00147624
0.00147623
0.00147623
0.00147623
0.00147623
0.00147623
0.00147623
0.00147623
0.00147624
0.00147624
0.00147624
0.00147624
0.00147624
0.00147624
0.00147624
0.00147624
0.00147624
0.00147624
0.00147624
0.00147624
0.00147624
0.00147624
0.00147624
0.00147624
0.00147624
0.00147624
0.00147624
0.00147624
0.00147624
0.00147624
0.00147624
0.00147624
0.00147624
0.00147624
0.00147624
0.00147624
0.00147623
0.00147622
0.0014762
0.00147614
0.00147597
0.00147548
0.00147413
0.00147034
0.00145969
0.00142986
0.00134896
0.00115241
0.000793272
0.000413508
0.000208457
0.000138256
0.000121522
0.000114376
0.000111788
0.000112844
0.000119911
0.000137658
0.000203517
0.000391281
0.000748691
0.00111223
0.00132652
0.00141968
0.00145543
0.00146861
0.00147344
0.00147521
0.00147584
0.00147606
0.00147607
0.00147592
0.00147541
0.00147395
0.00146966
0.00145693
0.00141917
0.00131234
0.00105602
0.00064254
0.000302659
0.000160256
0.000121967
0.000108034
0.000100565
0.000100233
0.000110713
0.00013132
0.000211838
0.000451853
0.000871707
0.00121838
0.001384
0.00144521
0.00146592
0.00147277
0.00147504
0.00147575
0.00147585
0.00147547
0.00147408
0.00146986
0.00145727
0.00142053
0.00131904
0.00107845
0.000682142
0.000336601
0.000181437
0.000132509
0.00011439
0.000104075
0.000101142
0.000102131
0.00010661
0.000115587
0.000132848
0.00020573
0.000428415
0.000836193
0.0011923
0.00137074
0.00143943
0.00146355
0.00147184
0.00147469
0.00147569
0.00147603
0.00147616
0.0014762
0.00147622
0.00147623
0.00147623
0.00147623
0.00147623
0.00147623
0.00147623
0.00147623
0.00147623
0.00147623
0.00147623
0.00147623
0.00147622
0.00147622
0.00147622
0.00147622
0.00147621
0.00147621
0.00147621
0.0014762
0.0014762
0.00147619
0.00147619
0.00147618
0.00147618
0.00147617
0.00147617
0.00147616
0.00147616
0.00147615
0.00147614
0.00147614
0.00147613
0.00147613
0.00147612
0.00147611
0.00147611
0.0014761
0.0014761
0.00147609
0.00147609
0.00147608
0.00147608
0.00147607
0.00147607
0.00147606
0.00147606
0.00147606
0.00147606
0.00147605
0.00147605
0.00147605
0.00147605
0.00147605
0.00147654
0.00147655
0.00147655
0.00147656
0.00147656
0.00147656
0.00147655
0.00147655
0.00147654
0.00147653
0.00147652
0.00147651
0.00147651
0.00147651
0.00147651
0.0014765
0.0014765
0.0014765
0.0014765
0.0014765
0.0014765
0.0014765
0.0014765
0.0014765
0.0014765
0.0014765
0.0014765
0.0014765
0.0014765
0.0014765
0.0014765
0.0014765
0.0014765
0.0014765
0.0014765
0.0014765
0.0014765
0.0014765
0.0014765
0.0014765
0.0014765
0.0014765
0.0014765
0.0014765
0.0014765
0.0014765
0.0014765
0.0014765
0.0014765
0.00147649
0.00147649
0.00147649
0.00147649
0.00147649
0.00147648
0.00147646
0.00147639
0.0014762
0.00147567
0.00147414
0.00146974
0.00145688
0.00141927
0.00131322
0.00105491
0.000629484
0.000285517
0.000151756
0.00012312
0.000114441
0.000111632
0.000113019
0.000121739
0.000149882
0.000274178
0.000595318
0.00101619
0.00129048
0.0014092
0.00145283
0.00146815
0.00147352
0.00147543
0.0014761
0.00147634
0.00147642
0.00147642
0.00147636
0.00147617
0.00147559
0.00147386
0.00146852
0.00145168
0.00139866
0.0012428
0.000884872
0.000432956
0.000193685
0.000123491
0.0001075
0.000100164
0.00010018
0.00011181
0.000142543
0.000290091
0.000679535
0.00111895
0.00135125
0.00143621
0.00146369
0.00147237
0.00147513
0.00147603
0.0014763
0.00147634
0.0014762
0.00147566
0.00147396
0.00146872
0.00145249
0.0014029
0.00126064
0.000930884
0.000483924
0.000220376
0.000137476
0.000116329
0.000104939
0.000101225
0.00010203
0.000106625
0.000116713
0.000145094
0.000284058
0.000655094
0.00109356
0.00133712
0.00142994
0.00146113
0.00147136
0.00147475
0.00147589
0.00147628
0.00147641
0.00147646
0.00147648
0.00147648
0.00147649
0.00147649
0.00147649
0.00147649
0.00147649
0.0014765
0.0014765
0.0014765
0.0014765
0.0014765
0.0014765
0.0014765
0.0014765
0.0014765
0.0014765
0.0014765
0.0014765
0.00147649
0.00147649
0.00147649
0.00147649
0.00147649
0.00147649
0.00147649
0.00147649
0.00147648
0.00147648
0.00147648
0.00147648
0.00147648
0.00147647
0.00147647
0.00147647
0.00147647
0.00147647
0.00147646
0.00147646
0.00147646
0.00147646
0.00147646
0.00147645
0.00147645
0.00147645
0.00147645
0.00147645
0.00147645
0.00147645
0.00147644
0.00147644
0.00147644
0.00147644
0.00147644
0.00147644
0.00147678
0.00147678
0.00147679
0.00147679
0.00147678
0.00147678
0.00147678
0.00147677
0.00147677
0.00147677
0.00147676
0.00147675
0.00147675
0.00147675
0.00147675
0.00147675
0.00147675
0.00147675
0.00147675
0.00147675
0.00147675
0.00147675
0.00147675
0.00147675
0.00147675
0.00147675
0.00147675
0.00147675
0.00147675
0.00147675
0.00147675
0.00147675
0.00147675
0.00147675
0.00147675
0.00147675
0.00147675
0.00147675
0.00147675
0.00147675
0.00147675
0.00147675
0.00147675
0.00147674
0.00147674
0.00147674
0.00147674
0.00147674
0.00147674
0.00147674
0.00147674
0.00147674
0.00147674
0.00147674
0.00147674
0.00147673
0.00147671
0.00147665
0.00147649
0.001476
0.0014746
0.00147038
0.00145752
0.00141773
0.00129842
0.000994401
0.00051897
0.000214513
0.000127234
0.00011464
0.000111531
0.000113315
0.000125956
0.000204226
0.000486725
0.00095596
0.00127679
0.00140876
0.00145413
0.00146913
0.00147413
0.00147583
0.00147642
0.00147662
0.00147669
0.00147671
0.00147671
0.0014767
0.00147664
0.00147646
0.00147592
0.00147423
0.00146867
0.00144976
0.0013843
0.0011709
0.000681931
0.000251062
0.000124879
0.000107019
9.98408e-05
0.000100174
0.000114787
0.00020722
0.000545683
0.00105325
0.00133586
0.00143394
0.0014638
0.00147275
0.00147547
0.00147632
0.00147659
0.00147668
0.00147669
0.00147665
0.00147648
0.00147596
0.00147429
0.00146896
0.00145165
0.00139529
0.00122167
0.000810739
0.000348551
0.000163259
0.000122619
0.000106393
0.000101381
0.000101961
0.000106705
0.000119713
0.000210564
0.000536355
0.00103294
0.0013232
0.00142837
0.00146156
0.00147188
0.00147514
0.0014762
0.00147655
0.00147667
0.00147671
0.00147673
0.00147673
0.00147674
0.00147674
0.00147674
0.00147674
0.00147674
0.00147674
0.00147674
0.00147675
0.00147675
0.00147675
0.00147675
0.00147675
0.00147675
0.00147675
0.00147675
0.00147675
0.00147675
0.00147675
0.00147675
0.00147675
0.00147675
0.00147675
0.00147675
0.00147675
0.00147675
0.00147675
0.00147675
0.00147675
0.00147675
0.00147675
0.00147675
0.00147675
0.00147675
0.00147675
0.00147675
0.00147674
0.00147674
0.00147674
0.00147674
0.00147674
0.00147674
0.00147674
0.00147674
0.00147674
0.00147674
0.00147674
0.00147674
0.00147674
0.00147674
0.00147674
0.00147674
0.00147674
0.00147674
0.00147674
0.001477
0.001477
0.001477
0.001477
0.001477
0.001477
0.00147699
0.00147699
0.00147699
0.00147699
0.00147699
0.00147699
0.00147699
0.00147699
0.00147699
0.00147699
0.00147699
0.00147699
0.00147699
0.00147699
0.00147699
0.00147699
0.00147699
0.00147699
0.00147699
0.00147699
0.00147699
0.00147699
0.00147699
0.00147699
0.00147699
0.00147699
0.00147699
0.00147699
0.00147699
0.00147699
0.00147699
0.00147699
0.00147699
0.00147699
0.00147699
0.00147699
0.00147699
0.00147698
0.00147698
0.00147698
0.00147698
0.00147698
0.00147698
0.00147698
0.00147698
0.00147698
0.00147698
0.00147698
0.00147698
0.00147698
0.00147698
0.00147697
0.00147695
0.00147688
0.00147666
0.00147602
0.00147404
0.00146762
0.0014459
0.00136817
0.00109037
0.000465605
0.000133664
0.000115119
0.000111523
0.0001139
0.000132577
0.000463453
0.00107026
0.00135665
0.00144153
0.00146609
0.00147351
0.00147584
0.0014766
0.00147685
0.00147694
0.00147697
0.00147698
0.00147698
0.00147698
0.00147697
0.00147697
0.00147694
0.00147687
0.00147662
0.00147582
0.00147297
0.00146206
0.00141383
0.00117386
0.000439149
0.000125605
0.000106351
9.93981e-05
0.000100109
0.000117594
0.000420322
0.00112306
0.00139197
0.00145488
0.00147075
0.00147514
0.00147642
0.0014768
0.00147692
0.00147696
0.00147697
0.00147697
0.00147697
0.00147695
0.00147687
0.00147663
0.00147584
0.00147324
0.00146434
0.00143297
0.00132116
0.000967072
0.000406405
0.000179077
0.000113018
0.000101884
0.000101982
0.000106947
0.000124008
0.00043519
0.00111681
0.00138573
0.00145231
0.00146979
0.00147478
0.00147628
0.00147675
0.00147691
0.00147696
0.00147697
0.00147698
0.00147698
0.00147698
0.00147698
0.00147698
0.00147698
0.00147698
0.00147698
0.00147698
0.00147698
0.00147699
0.00147699
0.00147699
0.00147699
0.00147699
0.00147699
0.00147699
0.00147699
0.00147699
0.00147699
0.00147699
0.00147699
0.00147699
0.00147699
0.00147699
0.00147699
0.00147699
0.00147699
0.00147699
0.00147699
0.00147699
0.00147699
0.00147699
0.00147699
0.00147699
0.00147699
0.00147699
0.00147699
0.00147699
0.00147699
0.00147699
0.00147699
0.00147699
0.00147699
0.00147699
0.00147699
0.00147699
0.00147699
0.00147699
0.00147699
0.00147699
0.00147699
0.00147699
0.00147699
0.00147699
0.00147699
0.00147699
)
;

boundaryField
{
    left
    {
        type            calculated;
        value           nonuniform List<scalar> 
400
(
3.18796e-05
3.1753e-05
3.164e-05
3.15433e-05
3.14631e-05
3.13981e-05
3.13459e-05
3.13039e-05
3.12697e-05
3.12412e-05
3.1217e-05
3.11962e-05
3.11778e-05
3.11616e-05
3.1147e-05
3.11339e-05
3.11221e-05
3.11115e-05
3.1102e-05
3.10936e-05
3.10863e-05
3.10799e-05
3.10746e-05
3.10703e-05
3.1067e-05
3.10646e-05
3.10631e-05
3.10626e-05
3.10629e-05
3.10642e-05
3.10663e-05
3.10692e-05
3.10728e-05
3.10772e-05
3.10822e-05
3.10877e-05
3.10935e-05
3.10992e-05
3.11046e-05
3.11092e-05
3.11126e-05
3.11147e-05
3.11161e-05
3.11184e-05
3.11253e-05
3.11432e-05
3.11829e-05
3.12597e-05
3.13953e-05
3.1617e-05
3.19578e-05
3.24528e-05
3.31315e-05
3.40024e-05
3.50291e-05
3.61122e-05
3.71089e-05
3.78933e-05
3.84089e-05
3.86713e-05
3.87378e-05
3.8676e-05
3.85445e-05
3.83868e-05
3.82313e-05
3.80957e-05
3.79904e-05
3.79223e-05
3.78968e-05
3.79197e-05
3.7998e-05
3.81409e-05
3.83604e-05
3.86713e-05
3.90919e-05
3.96428e-05
4.0346e-05
4.12211e-05
4.228e-05
4.35195e-05
4.49163e-05
4.64278e-05
4.80012e-05
4.95872e-05
5.115e-05
5.26722e-05
5.41498e-05
5.55954e-05
5.70296e-05
5.84794e-05
5.99749e-05
6.1546e-05
6.32176e-05
6.50055e-05
6.69131e-05
6.8929e-05
7.10271e-05
7.31685e-05
7.53052e-05
7.73856e-05
7.8849e-05
8.02118e-05
8.14262e-05
8.24609e-05
8.33037e-05
8.39592e-05
8.44456e-05
8.47892e-05
8.50193e-05
8.51644e-05
8.5249e-05
8.52929e-05
8.53104e-05
8.53119e-05
8.53038e-05
8.52905e-05
8.52742e-05
8.52565e-05
8.52381e-05
8.52193e-05
8.52004e-05
8.51814e-05
8.51623e-05
8.51433e-05
8.51243e-05
8.51053e-05
8.50863e-05
8.50674e-05
8.50487e-05
8.50302e-05
8.50125e-05
8.49961e-05
8.49823e-05
8.49734e-05
8.49732e-05
8.49878e-05
8.50269e-05
8.51043e-05
8.5239e-05
8.54551e-05
8.5781e-05
8.62473e-05
8.68827e-05
8.77091e-05
8.8737e-05
8.99605e-05
9.13556e-05
9.28797e-05
9.44756e-05
9.60762e-05
9.76127e-05
9.90231e-05
0.000100259
0.000101294
0.000102118
0.000102745
0.000103198
0.00010351
0.000103713
0.000103837
0.000103907
0.000103942
0.000103955
0.000103954
0.000103946
0.000103934
0.00010392
0.000103905
0.000103889
0.000103873
0.000103857
0.000103841
0.000103824
0.000103808
0.000103792
0.000103776
0.00010376
0.000103744
0.000103728
0.000103713
0.0001037
0.000103689
0.000103683
0.000103686
0.000103705
0.00010375
0.000103837
0.000103987
0.000104229
0.000104599
0.000105135
0.00010588
0.00010687
0.000108136
0.000109688
0.000111517
0.000113587
0.000115836
0.000118179
0.000120513
0.000122732
0.000124737
0.000126447
0.000127824
0.000128871
0.000129622
0.000130131
0.000130456
0.00013065
0.000130758
0.00013081
0.00013083
0.000130831
0.000130822
0.000130809
0.000130792
0.000130774
0.000130756
0.000130738
0.000130719
0.000130701
0.000130683
0.000130665
0.000130648
0.000130634
0.000130624
0.000130622
0.000130638
0.000130685
0.000130784
0.000130968
0.000131283
0.000131791
0.000132563
0.000133684
0.000135235
0.00013729
0.000139895
0.000143062
0.00014675
0.00015086
0.000155234
0.000159669
0.000163942
0.000167846
0.000171224
0.00017399
0.000176133
0.000177708
0.000178805
0.000179531
0.000179986
0.000180256
0.000180405
0.00018048
0.000180511
0.000180517
0.000180511
0.000180497
0.00018048
0.000180461
0.000180442
0.000180423
0.000180403
0.000180383
0.000180363
0.000180344
0.000180325
0.000180306
0.000180289
0.000180276
0.00018027
0.000180279
0.000180315
0.000180401
0.000180572
0.000180883
0.000181411
0.000182261
0.000183564
0.000185473
0.000188158
0.000191786
0.000196503
0.000202415
0.000209551
0.000217846
0.000227109
0.000237023
0.000247163
0.000257042
0.00026619
0.000274228
0.000280929
0.000286231
0.000290217
0.000293071
0.00029502
0.000296292
0.000297085
0.000297557
0.000297823
0.000297963
0.00029803
0.000298055
0.000298058
0.000298049
0.000298033
0.000298015
0.000297996
0.000297976
0.000297956
0.000297935
0.000297915
0.000297895
0.000297874
0.000297855
0.000297836
0.000297818
0.000297806
0.000297801
0.000297815
0.000297864
0.000297979
0.000298212
0.000298646
0.000299408
0.000300684
0.000302727
0.000305865
0.000310503
0.000317117
0.000326233
0.000338402
0.000354153
0.000373927
0.000397981
0.000426266
0.0004583
0.000493082
0.000529105
0.00056452
0.00059744
0.000626306
0.000650162
0.000668763
0.000682475
0.000692059
0.000698428
0.000702459
0.00070487
0.000706235
0.000706949
0.000707295
0.000707447
0.000707504
0.000707515
0.000707509
0.000707495
0.000707481
0.000707473
0.000707484
0.000707539
0.000707692
0.000708047
0.000708793
0.000710256
0.000712943
0.000717594
0.000725193
0.000736935
0.000754143
0.000778118
0.000809953
0.000850319
0.000899248
0.000955945
0.00101871
0.00108499
0.00115168
0.00121552
0.00127365
0.00132399
0.00136554
0.00139827
0.00142294
0.0014408
0.00145324
0.00146161
0.00146708
0.00147056
0.00147275
0.00147411
0.00147497
0.00147554
0.00147595
0.00147627
0.00147654
0.00147678
0.001477
)
;
    }
    right
    {
        type            calculated;
        value           nonuniform List<scalar> 
400
(
3.18796e-05
3.1753e-05
3.164e-05
3.15433e-05
3.14631e-05
3.13981e-05
3.13459e-05
3.13039e-05
3.12697e-05
3.12412e-05
3.1217e-05
3.11962e-05
3.11778e-05
3.11616e-05
3.1147e-05
3.11339e-05
3.11221e-05
3.11115e-05
3.1102e-05
3.10936e-05
3.10863e-05
3.10799e-05
3.10746e-05
3.10703e-05
3.1067e-05
3.10646e-05
3.10631e-05
3.10626e-05
3.10629e-05
3.10642e-05
3.10663e-05
3.10692e-05
3.10728e-05
3.10772e-05
3.10822e-05
3.10877e-05
3.10935e-05
3.10992e-05
3.11046e-05
3.11092e-05
3.11126e-05
3.11147e-05
3.11161e-05
3.11184e-05
3.11253e-05
3.11432e-05
3.11829e-05
3.12597e-05
3.13953e-05
3.1617e-05
3.19578e-05
3.24528e-05
3.31315e-05
3.40024e-05
3.50291e-05
3.61122e-05
3.71089e-05
3.78933e-05
3.84089e-05
3.86712e-05
3.87378e-05
3.86759e-05
3.85445e-05
3.83867e-05
3.82312e-05
3.80956e-05
3.79903e-05
3.79221e-05
3.78965e-05
3.79192e-05
3.79974e-05
3.81401e-05
3.83592e-05
3.86697e-05
3.90897e-05
3.96399e-05
4.03422e-05
4.12162e-05
4.22739e-05
4.35122e-05
4.49078e-05
4.64183e-05
4.7991e-05
4.95765e-05
5.11392e-05
5.26615e-05
5.41393e-05
5.55851e-05
5.70196e-05
5.84698e-05
5.99658e-05
6.15374e-05
6.32094e-05
6.49978e-05
6.69058e-05
6.89222e-05
7.10207e-05
7.31623e-05
7.52992e-05
7.73796e-05
7.88429e-05
8.02055e-05
8.14197e-05
8.24545e-05
8.32974e-05
8.39532e-05
8.444e-05
8.47839e-05
8.50144e-05
8.51598e-05
8.52447e-05
8.52887e-05
8.53064e-05
8.53079e-05
8.52999e-05
8.52866e-05
8.52704e-05
8.52527e-05
8.52342e-05
8.52154e-05
8.51965e-05
8.51774e-05
8.51584e-05
8.51393e-05
8.51203e-05
8.51013e-05
8.50823e-05
8.50634e-05
8.50446e-05
8.50261e-05
8.50083e-05
8.49918e-05
8.49779e-05
8.49686e-05
8.49679e-05
8.49816e-05
8.50192e-05
8.50943e-05
8.52256e-05
8.54369e-05
8.57565e-05
8.62149e-05
8.68409e-05
8.76569e-05
8.86741e-05
8.98876e-05
9.12743e-05
9.27927e-05
9.4386e-05
9.59877e-05
9.7529e-05
9.89471e-05
0.000100193
0.000101239
0.000102074
0.000102711
0.000103173
0.000103491
0.000103699
0.000103827
0.0001039
0.000103936
0.00010395
0.00010395
0.000103942
0.00010393
0.000103916
0.000103901
0.000103885
0.000103869
0.000103853
0.000103836
0.00010382
0.000103804
0.000103788
0.000103772
0.000103755
0.000103739
0.000103724
0.000103709
0.000103695
0.000103683
0.000103677
0.000103679
0.000103695
0.000103737
0.000103818
0.00010396
0.000104191
0.000104544
0.000105059
0.000105778
0.000106739
0.000107972
0.000109491
0.000111288
0.000113333
0.000115563
0.000117898
0.000120235
0.000122468
0.000124496
0.000126239
0.000127653
0.000128737
0.000129523
0.000130061
0.000130408
0.000130619
0.000130737
0.000130797
0.000130821
0.000130825
0.000130817
0.000130804
0.000130788
0.000130771
0.000130753
0.000130735
0.000130716
0.000130698
0.00013068
0.000130662
0.000130644
0.000130628
0.000130616
0.000130609
0.000130614
0.000130642
0.000130708
0.00013084
0.000131074
0.000131462
0.000132072
0.000132979
0.000134266
0.000136014
0.000138286
0.000141117
0.000144498
0.000148365
0.000152597
0.000157015
0.000161407
0.000165551
0.000169257
0.000172394
0.000174907
0.000176814
0.000178186
0.000179123
0.000179729
0.000180101
0.000180316
0.000180431
0.000180485
0.000180505
0.000180505
0.000180495
0.000180479
0.000180461
0.000180442
0.000180423
0.000180403
0.000180383
0.000180363
0.000180343
0.000180324
0.000180305
0.000180287
0.000180272
0.000180263
0.000180265
0.00018029
0.000180356
0.000180494
0.000180755
0.000181208
0.000181955
0.000183121
0.00018486
0.000187344
0.000190749
0.000195236
0.000200927
0.000207875
0.000216037
0.000225244
0.000235191
0.000245456
0.000255538
0.000264942
0.000273255
0.000280216
0.00028574
0.0002899
0.000292877
0.000294908
0.000296228
0.000297047
0.000297532
0.000297803
0.000297944
0.000298009
0.000298033
0.000298034
0.000298023
0.000298006
0.000297986
0.000297965
0.000297944
0.000297922
0.0002979
0.000297878
0.000297857
0.000297836
0.000297816
0.000297798
0.000297787
0.000297789
0.000297817
0.000297896
0.000298068
0.000298405
0.00029902
0.000300082
0.000301827
0.000304569
0.000308702
0.000314692
0.000323065
0.000334375
0.000349162
0.000367892
0.000390864
0.000418096
0.000449203
0.000483302
0.000519002
0.000554539
0.000588043
0.000617889
0.000642989
0.000662936
0.000677947
0.000688677
0.000695987
0.000700752
0.000703732
0.000705521
0.000706532
0.000707084
0.000707362
0.000707493
0.000707547
0.000707565
0.000707565
0.000707556
0.000707546
0.000707533
0.000707521
0.00070751
0.000707503
0.000707507
0.000707533
0.000707609
0.000707788
0.000708169
0.000708925
0.000710342
0.000712855
0.000717089
0.000723872
0.000734232
0.000749345
0.000770452
0.000798733
0.000835141
0.0008802
0.000933775
0.000994858
0.00106144
0.00113056
0.00119864
0.00126204
0.00131773
0.00136385
0.00139987
0.00142644
0.00144503
0.00145739
0.00146524
0.00147003
0.00147286
0.0014745
0.00147546
0.00147605
0.00147644
0.00147674
0.00147699
)
;
    }
    bottom
    {
        type            calculated;
        value           uniform 3.19468e-05;
    }
    top
    {
        type            calculated;
        value           nonuniform List<scalar> 
200
(
0.0014771
0.0014771
0.0014771
0.0014771
0.0014771
0.0014771
0.0014771
0.0014771
0.0014771
0.0014771
0.0014771
0.0014771
0.0014771
0.0014771
0.0014771
0.0014771
0.0014771
0.0014771
0.0014771
0.0014771
0.0014771
0.0014771
0.0014771
0.0014771
0.0014771
0.0014771
0.0014771
0.0014771
0.0014771
0.0014771
0.0014771
0.0014771
0.0014771
0.0014771
0.0014771
0.0014771
0.0014771
0.0014771
0.0014771
0.0014771
0.0014771
0.0014771
0.0014771
0.0014771
0.0014771
0.0014771
0.0014771
0.0014771
0.0014771
0.0014771
0.0014771
0.0014771
0.0014771
0.0014771
0.0014771
0.0014771
0.0014771
0.0014771
0.0014771
0.0014771
0.0014771
0.0014771
0.0014771
0.0014771
0.0014771
0.0014771
0.0014771
0.0014771
0.000133653
0.000115109
0.000111512
0.000113889
0.000132567
0.0014771
0.0014771
0.0014771
0.0014771
0.0014771
0.0014771
0.0014771
0.0014771
0.0014771
0.0014771
0.0014771
0.0014771
0.0014771
0.0014771
0.0014771
0.0014771
0.0014771
0.0014771
0.0014771
0.0014771
0.0014771
0.0014771
0.0014771
0.0014771
0.0014771
0.000125595
0.00010634
9.93862e-05
0.000100097
0.000117583
0.0014771
0.0014771
0.0014771
0.0014771
0.0014771
0.0014771
0.0014771
0.0014771
0.0014771
0.0014771
0.0014771
0.0014771
0.0014771
0.0014771
0.0014771
0.0014771
0.0014771
0.0014771
0.0014771
0.0014771
0.0014771
0.0014771
0.0014771
0.0014771
0.000113007
0.000101872
0.00010197
0.000106935
0.000123998
0.0014771
0.0014771
0.0014771
0.0014771
0.0014771
0.0014771
0.0014771
0.0014771
0.0014771
0.0014771
0.0014771
0.0014771
0.0014771
0.0014771
0.0014771
0.0014771
0.0014771
0.0014771
0.0014771
0.0014771
0.0014771
0.0014771
0.0014771
0.0014771
0.0014771
0.0014771
0.0014771
0.0014771
0.0014771
0.0014771
0.0014771
0.0014771
0.0014771
0.0014771
0.0014771
0.0014771
0.0014771
0.0014771
0.0014771
0.0014771
0.0014771
0.0014771
0.0014771
0.0014771
0.0014771
0.0014771
0.0014771
0.0014771
0.0014771
0.0014771
0.0014771
0.0014771
0.0014771
0.0014771
0.0014771
0.0014771
0.0014771
0.0014771
0.0014771
0.0014771
0.0014771
0.0014771
0.0014771
0.0014771
0.0014771
0.0014771
0.0014771
0.0014771
)
;
    }
    frontAndBack
    {
        type            empty;
    }
}


// ************************************************************************* //
